id,order_number,customer_id,status,placed_at,due_at,order_value,created_at,updated_at
be0000b5-335e-532f-9f40-75d0225fd948,ORD-2024-00000,e36d1ee6-31d5-554e-b3a2-a657017481e8,fulfilled,2024-09-12 12:39:58+00,2024-09-22 12:39:58+00,32549.76,2024-09-12 12:39:58+00,2025-01-02 09:08:54+00
e17c554d-63f3-5bd1-b043-5f06a240ff22,ORD-2024-00001,780e9fef-d1d4-5aaa-a774-2f238374ec41,open,2024-01-28 18:13:40+00,2024-02-22 18:13:40+00,36858.59,2024-01-28 18:13:40+00,2025-01-02 09:15:35+00
22f6a829-5117-5f9a-aeff-d1f197e49dad,ORD-2024-00002,525eeb54-63fc-5f71-b656-782dfa5097bd,fulfilled,2024-08-19 20:11:30+00,2024-09-10 20:11:30+00,9626.66,2024-08-19 20:11:30+00,2025-01-02 09:25:51+00
4c3001d4-a99c-5ec6-aa8a-91b8ed1895e9,ORD-2024-00003,9d0f08d9-ea95-569b-b50a-b20d145de37b,fulfilled,2024-08-07 22:32:35+00,2024-08-31 22:32:35+00,28921.22,2024-08-07 22:32:35+00,2025-01-02 09:22:43+00
eb228a30-2a14-57a1-87b7-cdfd30a631d4,ORD-2024-00004,d8822011-b10c-57ad-b7bf-e90f8f5b5c99,fulfilled,2024-01-03 19:23:30+00,2024-01-22 19:23:30+00,18940.15,2024-01-03 19:23:30+00,2025-01-02 09:26:02+00
8cc54e90-d6dc-536c-960a-f855d27beef5,ORD-2024-00005,79760680-5041-5c9e-a2f1-bd6ae1230100,fulfilled,2024-08-10 18:33:27+00,2024-08-22 18:33:27+00,27921.58,2024-08-10 18:33:27+00,2025-01-02 09:29:42+00
96c97944-8493-5424-9ec2-5b3908878804,ORD-2024-00006,435ed520-80ab-5538-be50-40bd7f496e48,open,2024-09-25 16:42:32+00,2024-10-03 16:42:32+00,2405.76,2024-09-25 16:42:32+00,2025-01-02 09:20:13+00
c0286eb0-c752-59d4-b6b2-d464280657f8,ORD-2024-00007,c96e1921-2d37-5994-9580-cb136e2af43e,fulfilled,2024-08-01 23:37:21+00,2024-08-12 23:37:21+00,16737.74,2024-08-01 23:37:21+00,2025-01-02 09:05:35+00
def79673-74dd-5c1d-a83a-3e4f5f59f31e,ORD-2024-00008,fa10adbb-db7c-551b-8f4b-84ea56b920fa,fulfilled,2024-11-15 01:28:35+00,2024-12-11 01:28:35+00,3973.48,2024-11-15 01:28:35+00,2025-01-02 09:19:58+00
dcc15fed-39a6-5002-bfe8-8ac5b00fd9f1,ORD-2024-00009,9d714bd5-11ed-5ef2-a29e-f694b662e981,open,2024-09-11 19:17:57+00,2024-09-29 19:17:57+00,15922.89,2024-09-11 19:17:57+00,2025-01-02 09:07:59+00
9d7c77c3-d842-5f75-89dd-9b50b1f18b0c,ORD-2024-00010,6784b6cb-ada1-5ce9-87fe-dcb5d8da6777,fulfilled,2024-10-03 16:05:07+00,2024-10-18 16:05:07+00,7526.35,2024-10-03 16:05:07+00,2025-01-02 09:29:06+00
35dd74f5-093c-58b7-8210-f311dd391aa2,ORD-2024-00011,1ff03590-6d21-5cf9-bf55-fe74a1b26a7e,open,2024-01-21 20:21:20+00,2024-01-31 20:21:20+00,7332.89,2024-01-21 20:21:20+00,2025-01-02 09:22:05+00
bb98f3fb-ab3a-5dad-8025-e094f73f8f49,ORD-2024-00012,82175555-0df5-5ff3-993e-8039ea26bb13,fulfilled,2024-11-27 18:29:52+00,2024-12-27 18:29:52+00,10811.26,2024-11-27 18:29:52+00,2025-01-02 09:13:36+00
31528371-ed59-5e61-8444-2458efc5e044,ORD-2024-00013,6fc70c5a-a990-5e2a-89b6-f911b9f5b28c,fulfilled,2024-02-28 22:31:09+00,2024-03-28 22:31:09+00,35769.12,2024-02-28 22:31:09+00,2025-01-02 09:26:28+00
af933771-6272-5f91-a23c-9f97cb37a3e9,ORD-2024-00014,472885fd-16ec-5ba5-9b52-d867cd0d2522,fulfilled,2024-10-18 23:25:55+00,2024-10-25 23:25:55+00,7306.51,2024-10-18 23:25:55+00,2025-01-02 09:28:57+00
79cf3e69-539e-595b-bb99-51ab25c5eea5,ORD-2024-00015,610cf61b-4a53-5e88-9a30-663db1a07adb,fulfilled,2024-05-13 21:35:49+00,2024-06-12 21:35:49+00,11804.56,2024-05-13 21:35:49+00,2025-01-02 09:22:13+00
2a2d143f-ea13-5091-868a-b1083d38c42c,ORD-2024-00016,9d0f08d9-ea95-569b-b50a-b20d145de37b,fulfilled,2024-05-07 23:43:47+00,2024-05-31 23:43:47+00,17433.95,2024-05-07 23:43:47+00,2025-01-02 09:03:23+00
4f0d4bb3-988a-529e-a212-7e48f0ab78c0,ORD-2024-00017,82ca6e61-6ac0-5546-8ae6-9a66c3224f86,open,2024-09-15 23:11:17+00,2024-10-02 23:11:17+00,13548.93,2024-09-15 23:11:17+00,2025-01-02 09:13:14+00
1eb5df6c-2dc7-5f9b-8005-ac82bb9e2595,ORD-2024-00018,525eeb54-63fc-5f71-b656-782dfa5097bd,fulfilled,2024-07-25 19:30:19+00,2024-08-16 19:30:19+00,32288.33,2024-07-25 19:30:19+00,2025-01-02 09:29:11+00
a77452be-97b2-5936-9e09-da0ef96d6f93,ORD-2024-00019,1def03a6-0b94-511e-897c-e25452c101df,fulfilled,2024-03-07 15:23:16+00,2024-03-21 15:23:16+00,50505.14,2024-03-07 15:23:16+00,2025-01-02 09:14:02+00
1a7836ec-309f-5a6e-a94e-bef9ea0080a6,ORD-2024-00020,e36d1ee6-31d5-554e-b3a2-a657017481e8,open,2024-01-02 21:43:15+00,2024-01-20 21:43:15+00,3563.63,2024-01-02 21:43:15+00,2025-01-02 09:29:30+00
b10fb9c4-0c2a-50b1-ba97-f3ffb7abad16,ORD-2024-00021,8b1971d5-2d5e-5051-afaf-84b9039df634,fulfilled,2024-07-28 17:13:22+00,2024-08-16 17:13:22+00,22358.27,2024-07-28 17:13:22+00,2025-01-02 09:05:15+00
0488136f-b4d4-5d57-80bc-ced79fb36a62,ORD-2024-00022,af40e653-9aa2-564b-9727-c21fc59311fb,fulfilled,2024-01-25 01:30:45+00,2024-02-17 01:30:45+00,16420.53,2024-01-25 01:30:45+00,2025-01-02 09:24:57+00
06d13ba8-7044-5ef9-a3cd-5f7de9e0c01d,ORD-2024-00023,a15a8221-9337-53f4-b65d-9b95d1010476,fulfilled,2024-10-26 23:12:05+00,2024-11-25 23:12:05+00,14454.68,2024-10-26 23:12:05+00,2025-01-02 09:23:58+00
af436841-8680-5a51-9d84-2a66ddf46be7,ORD-2024-00024,90a8f1f8-f18a-591c-ad50-68ea8e5f6a2d,fulfilled,2024-11-25 11:18:40+00,2024-12-11 11:18:40+00,28708.65,2024-11-25 11:18:40+00,2025-01-02 09:20:48+00
65ec7fe3-137e-5f39-aaf7-3921466499bc,ORD-2024-00025,b515cced-3623-5f57-b080-b473400225f5,fulfilled,2024-11-12 10:44:22+00,2024-12-11 10:44:22+00,36570.59,2024-11-12 10:44:22+00,2025-01-02 09:01:23+00
a48cd40f-ebb3-59ab-ad97-bf7d348e59d0,ORD-2024-00026,82154faa-4a8f-5094-9e66-a29cb1b5d3d1,fulfilled,2024-09-30 20:28:50+00,2024-10-07 20:28:50+00,22058.24,2024-09-30 20:28:50+00,2025-01-02 09:18:35+00
c864d306-cc2e-5303-af33-42a3f9119124,ORD-2024-00027,dd04dcf0-0ef8-512b-8f0f-08e72d73597d,open,2024-09-12 15:06:59+00,2024-10-12 15:06:59+00,18864.15,2024-09-12 15:06:59+00,2025-01-02 09:15:11+00
56eb6ac6-e2ea-538c-b62d-1a72a602cc2c,ORD-2024-00028,bce7b040-bec6-5d46-9fbe-e2186050257e,fulfilled,2024-07-14 22:21:20+00,2024-08-13 22:21:20+00,38798.6,2024-07-14 22:21:20+00,2025-01-02 09:19:34+00
9abb3f44-6dd1-5ae9-9872-1678948af214,ORD-2024-00029,e36d1ee6-31d5-554e-b3a2-a657017481e8,fulfilled,2024-11-04 19:13:12+00,2024-12-02 19:13:12+00,5043.61,2024-11-04 19:13:12+00,2025-01-02 09:30:00+00
17adbad6-1325-58ef-acc8-2661637fac09,ORD-2024-00030,07b1ba9d-c70e-5b30-aa83-803d7ffe67d8,fulfilled,2024-03-02 22:19:03+00,2024-03-14 22:19:03+00,11003.94,2024-03-02 22:19:03+00,2025-01-02 09:04:31+00
89c3d099-4c5e-5695-9d7d-c8986a98d947,ORD-2024-00031,79760680-5041-5c9e-a2f1-bd6ae1230100,fulfilled,2024-09-16 17:37:33+00,2024-10-15 17:37:33+00,18190.26,2024-09-16 17:37:33+00,2025-01-02 09:19:26+00
22aa8a02-9216-58ad-9a33-81327eb6bfdc,ORD-2024-00032,21b12f34-79a4-57c6-b5b8-eedb2e45534c,open,2024-07-25 17:14:33+00,2024-08-12 17:14:33+00,31997.97,2024-07-25 17:14:33+00,2025-01-02 09:13:26+00
0c9b3655-4244-5222-ab47-829f130d0060,ORD-2024-00033,be28f57a-f99d-5214-962c-8161db3db2d6,fulfilled,2024-03-20 11:02:43+00,2024-04-08 11:02:43+00,5310.39,2024-03-20 11:02:43+00,2025-01-02 09:18:25+00
379f853d-e259-51d4-b20e-42fa4fc6a1ac,ORD-2024-00034,213aff84-f1cc-50f2-a9a3-9fee471b532e,fulfilled,2024-09-17 16:30:25+00,2024-10-14 16:30:25+00,81089.37,2024-09-17 16:30:25+00,2025-01-02 09:13:04+00
748159c8-9192-5ffd-b33b-68a02b224f29,ORD-2024-00035,a0f94859-4647-56b8-95af-acc816d2300a,fulfilled,2024-10-03 00:04:28+00,2024-10-16 00:04:28+00,46335.38,2024-10-03 00:04:28+00,2025-01-02 09:07:55+00
16ae57ff-d876-5e1f-bd67-e9131427ef6f,ORD-2024-00036,c96e1921-2d37-5994-9580-cb136e2af43e,fulfilled,2024-01-20 17:12:09+00,2024-02-14 17:12:09+00,12129.26,2024-01-20 17:12:09+00,2025-01-02 09:22:05+00
3cc5f6b5-8001-50cb-93a3-63cccd6bef89,ORD-2024-00037,6784b6cb-ada1-5ce9-87fe-dcb5d8da6777,open,2024-07-18 17:43:47+00,2024-08-17 17:43:47+00,10178.33,2024-07-18 17:43:47+00,2025-01-02 09:27:31+00
d1bbbddd-b9f5-5dfb-bffc-becf61f50016,ORD-2024-00038,de69bd87-c78a-58a5-9513-942fd4e74825,fulfilled,2024-09-20 09:19:13+00,2024-10-09 09:19:13+00,24725.49,2024-09-20 09:19:13+00,2025-01-02 09:14:34+00
8facb08c-7cff-520b-9108-b1c1c32129f1,ORD-2024-00039,2c05e62a-c525-5859-9607-d7f41b04ad2c,open,2024-09-18 16:09:39+00,2024-10-13 16:09:39+00,215642.48,2024-09-18 16:09:39+00,2025-01-02 09:24:59+00
1b25bd3e-0b77-53b3-a106-7757517e2a95,ORD-2024-00040,435ed520-80ab-5538-be50-40bd7f496e48,fulfilled,2024-10-04 10:38:43+00,2024-10-28 10:38:43+00,21571.33,2024-10-04 10:38:43+00,2025-01-02 09:25:24+00
0891e84c-8c05-51c4-b39c-da5f1a400699,ORD-2024-00041,8b1971d5-2d5e-5051-afaf-84b9039df634,fulfilled,2024-04-30 17:04:45+00,2024-05-21 17:04:45+00,22159.72,2024-04-30 17:04:45+00,2025-01-02 09:16:43+00
4e7ec53a-6724-5026-9d29-20cf03b43746,ORD-2024-00042,f00161cb-a7d6-52ca-8cdc-414dd71dfe6a,fulfilled,2024-08-07 18:16:48+00,2024-09-03 18:16:48+00,30393.23,2024-08-07 18:16:48+00,2025-01-02 09:15:27+00
7483580b-2d0e-5c31-a673-693c7a68c8be,ORD-2024-00043,06d6c1ee-4775-5e92-aede-41001355353a,fulfilled,2024-10-18 11:17:58+00,2024-10-27 11:17:58+00,14295.53,2024-10-18 11:17:58+00,2025-01-02 09:28:15+00
01f6f5f5-359a-5390-baf4-c388eadb19e4,ORD-2024-00044,a332481f-39fe-530d-9643-30844a7a6856,fulfilled,2024-01-17 01:40:16+00,2024-02-10 01:40:16+00,32837.56,2024-01-17 01:40:16+00,2025-01-02 09:14:35+00
b946cd70-3ab1-5966-841a-25e692f4891a,ORD-2024-00045,90a8f1f8-f18a-591c-ad50-68ea8e5f6a2d,fulfilled,2024-03-09 23:06:10+00,2024-03-16 23:06:10+00,9283.63,2024-03-09 23:06:10+00,2025-01-02 09:07:52+00
9fcbb8ef-d4ca-58a1-b0d0-5c6e7c4c760b,ORD-2024-00046,3a37cd7d-a21c-5a5c-be88-e36a3a4834b8,fulfilled,2024-11-05 15:24:29+00,2024-11-27 15:24:29+00,11032.49,2024-11-05 15:24:29+00,2025-01-02 09:21:16+00
03a5ca49-97d2-5313-94e4-7a90756db51c,ORD-2024-00047,3a37cd7d-a21c-5a5c-be88-e36a3a4834b8,fulfilled,2024-07-03 22:31:02+00,2024-07-30 22:31:02+00,227967.2,2024-07-03 22:31:02+00,2025-01-02 09:12:48+00
91cd85e0-fac3-51a0-8eab-b74af0d605aa,ORD-2024-00048,9d714bd5-11ed-5ef2-a29e-f694b662e981,fulfilled,2024-07-12 21:05:18+00,2024-07-26 21:05:18+00,38864.08,2024-07-12 21:05:18+00,2025-01-02 09:13:09+00
2d612a5f-a8ca-53e4-8935-2e0bfd5e9d5e,ORD-2024-00049,1def03a6-0b94-511e-897c-e25452c101df,fulfilled,2024-10-05 10:10:44+00,2024-10-15 10:10:44+00,20760.2,2024-10-05 10:10:44+00,2025-01-02 09:07:51+00
94d62354-2341-544a-9f93-e3d4cd4c5685,ORD-2024-00050,1fee1bd7-9e79-5339-a3e3-99b0b3ea95b6,open,2024-09-02 19:44:11+00,2024-09-10 19:44:11+00,67028.85,2024-09-02 19:44:11+00,2025-01-02 09:29:28+00
28a517f3-56a8-5e20-b7b9-a5b6fcbb2b80,ORD-2024-00051,9d714bd5-11ed-5ef2-a29e-f694b662e981,fulfilled,2024-03-16 16:12:17+00,2024-04-11 16:12:17+00,1493.1,2024-03-16 16:12:17+00,2025-01-02 09:12:42+00
f711b489-618c-5bc0-89cf-db8fcd5c0bcf,ORD-2024-00052,69620e0a-b6d8-576c-a2d3-f2b60fc5605c,fulfilled,2024-10-08 14:41:01+00,2024-10-20 14:41:01+00,32732.53,2024-10-08 14:41:01+00,2025-01-02 09:04:22+00
fe6a564e-3a7d-5044-8f17-e60a19a9a812,ORD-2024-00053,be28f57a-f99d-5214-962c-8161db3db2d6,fulfilled,2024-02-25 16:34:25+00,2024-03-07 16:34:25+00,12898.01,2024-02-25 16:34:25+00,2025-01-02 09:16:13+00
5e0fb35a-b031-507b-ae06-0aeb6b8e4109,ORD-2024-00054,d88fef10-8639-5a87-9e2f-68c3a0c9693c,open,2024-03-17 09:06:21+00,2024-04-12 09:06:21+00,8155.52,2024-03-17 09:06:21+00,2025-01-02 09:08:08+00
e3420505-1858-5e5d-b12c-b9a7b4b6212f,ORD-2024-00055,610cf61b-4a53-5e88-9a30-663db1a07adb,open,2024-01-24 00:32:54+00,2024-02-18 00:32:54+00,2098.79,2024-01-24 00:32:54+00,2025-01-02 09:13:45+00
6dc98835-cc1b-5cd3-953a-6064ef0d8210,ORD-2024-00056,1fee1bd7-9e79-5339-a3e3-99b0b3ea95b6,open,2024-04-29 17:37:07+00,2024-05-06 17:37:07+00,4472.8,2024-04-29 17:37:07+00,2025-01-02 09:00:23+00
68663436-6db3-5389-a2e2-601514330dfe,ORD-2024-00057,1def03a6-0b94-511e-897c-e25452c101df,open,2024-11-26 13:27:54+00,2024-12-16 13:27:54+00,30258.76,2024-11-26 13:27:54+00,2025-01-02 09:00:37+00
397bcb0c-e7f2-599c-a3d0-b7f78893eafc,ORD-2024-00058,07b1ba9d-c70e-5b30-aa83-803d7ffe67d8,fulfilled,2024-10-10 00:25:16+00,2024-10-25 00:25:16+00,23289.89,2024-10-10 00:25:16+00,2025-01-02 09:26:58+00
44ec7a71-dfd5-51e2-8cd9-1857d33354d0,ORD-2024-00059,55a3ef43-28a9-5d2b-b239-aac0c74b22ec,at_risk,2024-12-24 18:34:42+00,2025-01-17 18:34:42+00,11271.21,2024-12-24 18:34:42+00,2025-01-02 09:27:22+00
e8f9d723-b31c-5244-ae20-89804e41ff5b,ORD-2024-00060,b39e36f0-6bb3-5217-bfbe-f8451a3635d6,fulfilled,2024-10-20 14:06:01+00,2024-11-07 14:06:01+00,2182.87,2024-10-20 14:06:01+00,2025-01-02 09:15:27+00
e779d61b-8445-58ec-a125-e04d7c7f168c,ORD-2024-00061,472885fd-16ec-5ba5-9b52-d867cd0d2522,fulfilled,2024-09-23 17:03:55+00,2024-10-20 17:03:55+00,18969.62,2024-09-23 17:03:55+00,2025-01-02 09:12:19+00
ed6d0c70-f43e-5a7e-bc9e-0bf5e772357d,ORD-2024-00062,a7ff7b3c-0aca-5f55-96bb-b15dd7aa9b57,fulfilled,2024-01-19 21:00:01+00,2024-02-03 21:00:01+00,24476.57,2024-01-19 21:00:01+00,2025-01-02 09:12:33+00
bccb1699-6dbb-5bf0-8baa-81edf96fe0b6,ORD-2024-00063,af40e653-9aa2-564b-9727-c21fc59311fb,fulfilled,2024-05-21 19:13:16+00,2024-06-15 19:13:16+00,3364.53,2024-05-21 19:13:16+00,2025-01-02 09:00:22+00
7102f4d4-6822-5cb0-95f6-9f55e4730b92,ORD-2024-00064,780e9fef-d1d4-5aaa-a774-2f238374ec41,fulfilled,2024-02-25 00:20:05+00,2024-03-19 00:20:05+00,39519.26,2024-02-25 00:20:05+00,2025-01-02 09:08:45+00
40dfd21e-5c55-5693-a6f0-28d7e82fd0e6,ORD-2024-00065,b5d10f22-4ee1-5e81-9bfd-b8444cd7f135,fulfilled,2024-10-22 15:40:03+00,2024-11-06 15:40:03+00,14956.65,2024-10-22 15:40:03+00,2025-01-02 09:00:18+00
4d06e2ca-18bd-59ae-99d0-446f7e174f3f,ORD-2024-00066,82154faa-4a8f-5094-9e66-a29cb1b5d3d1,open,2024-10-12 16:36:34+00,2024-10-27 16:36:34+00,4393.69,2024-10-12 16:36:34+00,2025-01-02 09:22:13+00
72b8c6eb-6ab1-512c-a38d-192980168da4,ORD-2024-00067,525eeb54-63fc-5f71-b656-782dfa5097bd,fulfilled,2024-04-01 23:14:55+00,2024-05-01 23:14:55+00,17378.23,2024-04-01 23:14:55+00,2025-01-02 09:19:04+00
07e951bb-ffe7-5457-8d26-4e6fce876faa,ORD-2024-00068,2c05e62a-c525-5859-9607-d7f41b04ad2c,fulfilled,2024-03-12 10:07:16+00,2024-04-09 10:07:16+00,22118.28,2024-03-12 10:07:16+00,2025-01-02 09:09:24+00
d5492b4f-7267-5cc1-a831-5f1fbaedc60f,ORD-2024-00069,33f6b6c0-ceaa-50c9-87ef-a14b7a894484,open,2024-04-04 00:15:09+00,2024-04-12 00:15:09+00,33684.91,2024-04-04 00:15:09+00,2025-01-02 09:03:53+00
af134852-f8b1-5902-b79c-9d1e9875acc7,ORD-2024-00070,1def03a6-0b94-511e-897c-e25452c101df,fulfilled,2024-10-19 09:22:12+00,2024-11-03 09:22:12+00,11624.37,2024-10-19 09:22:12+00,2025-01-02 09:24:12+00
e8e593ae-9ff1-5c8b-be78-85b5c739ab3e,ORD-2024-00071,7e6d9d63-6aaa-5519-9803-e16f43463669,fulfilled,2024-04-04 23:28:36+00,2024-04-22 23:28:36+00,34038.08,2024-04-04 23:28:36+00,2025-01-02 09:06:40+00
8a783f78-6f40-5ca0-8b05-d76373b9ad6d,ORD-2024-00072,701efb7a-bbe7-5af8-8672-2fa15a6d8a88,fulfilled,2024-07-14 19:10:12+00,2024-07-26 19:10:12+00,22801.52,2024-07-14 19:10:12+00,2025-01-02 09:17:25+00
b271869b-7008-5a4a-a8a4-6fa05a2005a8,ORD-2024-00073,701efb7a-bbe7-5af8-8672-2fa15a6d8a88,fulfilled,2024-12-19 18:17:21+00,2024-12-29 18:17:21+00,31218.72,2024-12-19 18:17:21+00,2025-01-02 09:07:53+00
6aa6395d-8245-59fb-80ed-be3e69a1f0db,ORD-2024-00074,e93b2b5a-153a-5278-8baa-3cee895f9b80,fulfilled,2024-11-06 19:44:21+00,2024-11-22 19:44:21+00,23292.88,2024-11-06 19:44:21+00,2025-01-02 09:26:39+00
a8058652-6e91-5d45-bced-f93152640c51,ORD-2024-00075,cdfbe2f7-6b67-5381-a963-3b1bfc6675bb,fulfilled,2024-03-15 18:23:01+00,2024-04-09 18:23:01+00,22142.33,2024-03-15 18:23:01+00,2025-01-02 09:17:05+00
81115d36-be86-506f-ac10-b53532a8bf79,ORD-2024-00076,1fee1bd7-9e79-5339-a3e3-99b0b3ea95b6,fulfilled,2024-07-05 01:30:44+00,2024-07-12 01:30:44+00,9946.18,2024-07-05 01:30:44+00,2025-01-02 09:19:34+00
e96d7b27-e4f2-575d-8408-fef27e21e7e9,ORD-2024-00077,bce7b040-bec6-5d46-9fbe-e2186050257e,fulfilled,2024-02-22 17:32:18+00,2024-03-12 17:32:18+00,5833.65,2024-02-22 17:32:18+00,2025-01-02 09:01:44+00
0d294d58-961a-5d70-83d4-e79ef70649ae,ORD-2024-00078,6030a031-f992-59e5-a3c0-5377ac1da383,open,2024-02-13 22:16:53+00,2024-03-11 22:16:53+00,15282.73,2024-02-13 22:16:53+00,2025-01-02 09:03:20+00
232eaa90-1f1c-5a2f-bdf2-fa57d340b9d4,ORD-2024-00079,6fc70c5a-a990-5e2a-89b6-f911b9f5b28c,fulfilled,2024-06-15 23:36:54+00,2024-06-26 23:36:54+00,17642.27,2024-06-15 23:36:54+00,2025-01-02 09:02:15+00
ef3f4feb-db26-5ec2-a186-01d750075877,ORD-2024-00080,d88fef10-8639-5a87-9e2f-68c3a0c9693c,fulfilled,2024-11-24 00:23:42+00,2024-12-03 00:23:42+00,30963.31,2024-11-24 00:23:42+00,2025-01-02 09:15:40+00
9bfc254f-33f2-52be-8f6d-67d28b61c460,ORD-2024-00081,33f6b6c0-ceaa-50c9-87ef-a14b7a894484,fulfilled,2024-09-30 16:33:34+00,2024-10-07 16:33:34+00,28030.83,2024-09-30 16:33:34+00,2025-01-02 09:10:49+00
4532b191-1d21-5bb1-a117-84714759cd2e,ORD-2024-00082,ca6a232d-adb6-56ba-8f2a-dbcaf3b586d1,fulfilled,2024-10-09 09:28:49+00,2024-11-04 09:28:49+00,20940.37,2024-10-09 09:28:49+00,2025-01-02 09:05:05+00
dd4a3711-0b61-5a38-9ff8-f07c4fdc8f52,ORD-2024-00083,7e6d9d63-6aaa-5519-9803-e16f43463669,fulfilled,2024-02-26 23:18:34+00,2024-03-10 23:18:34+00,6000.63,2024-02-26 23:18:34+00,2025-01-02 09:27:05+00
727386ee-6e70-5f2b-a355-ee5fe7ac3817,ORD-2024-00084,82154faa-4a8f-5094-9e66-a29cb1b5d3d1,open,2024-08-12 16:10:17+00,2024-08-29 16:10:17+00,32842.89,2024-08-12 16:10:17+00,2025-01-02 09:18:34+00
698b82ad-9ab8-5d0a-81e1-5a7067e51192,ORD-2024-00085,8b1971d5-2d5e-5051-afaf-84b9039df634,fulfilled,2024-07-19 17:12:23+00,2024-08-03 17:12:23+00,24367.13,2024-07-19 17:12:23+00,2025-01-02 09:22:02+00
27756096-0b43-5441-8208-f841e7486d4a,ORD-2024-00086,21222ab4-7eac-53e6-97ad-2f25c264ce99,fulfilled,2024-10-16 14:21:18+00,2024-11-15 14:21:18+00,4525.24,2024-10-16 14:21:18+00,2025-01-02 09:04:28+00
ea69d3a5-c906-5ca8-93d2-c4022e3d9e00,ORD-2024-00087,be6593f2-3765-5e66-bfa5-54ed361e6da0,open,2024-09-03 20:03:33+00,2024-09-13 20:03:33+00,7088.63,2024-09-03 20:03:33+00,2025-01-02 09:00:09+00
f4b312a6-69eb-5967-8270-c783c33aacaf,ORD-2024-00088,fff984d9-fdb9-5beb-8425-09c0748f8d86,open,2024-03-26 15:40:42+00,2024-04-04 15:40:42+00,13757.61,2024-03-26 15:40:42+00,2025-01-02 09:27:40+00
7e6c0407-ff00-53ab-9340-49cb1f9468c1,ORD-2024-00089,fff984d9-fdb9-5beb-8425-09c0748f8d86,fulfilled,2024-11-16 16:44:00+00,2024-11-26 16:44:00+00,19191.55,2024-11-16 16:44:00+00,2025-01-02 09:21:55+00
6cd7caf1-ba8a-55a5-a468-b383efd01892,ORD-2024-00090,6784b6cb-ada1-5ce9-87fe-dcb5d8da6777,fulfilled,2024-09-23 14:24:27+00,2024-10-01 14:24:27+00,24240.15,2024-09-23 14:24:27+00,2025-01-02 09:16:00+00
7e9da82f-b170-5e39-9691-3dfb1489412d,ORD-2024-00091,fff984d9-fdb9-5beb-8425-09c0748f8d86,fulfilled,2024-11-03 00:36:15+00,2024-11-18 00:36:15+00,26353.97,2024-11-03 00:36:15+00,2025-01-02 09:20:23+00
3797a0ec-8d8f-56c6-830a-fbc26e69bad0,ORD-2024-00092,21b12f34-79a4-57c6-b5b8-eedb2e45534c,fulfilled,2024-11-13 19:04:19+00,2024-12-02 19:04:19+00,15348.77,2024-11-13 19:04:19+00,2025-01-02 09:00:24+00
fa08e56e-6efc-568a-8a38-123616fb447a,ORD-2024-00093,b39e36f0-6bb3-5217-bfbe-f8451a3635d6,fulfilled,2024-09-04 16:44:58+00,2024-09-15 16:44:58+00,24455.18,2024-09-04 16:44:58+00,2025-01-02 09:16:58+00
8230415c-a22d-5cfe-ab27-954cd177d8d3,ORD-2024-00094,82175555-0df5-5ff3-993e-8039ea26bb13,fulfilled,2024-11-24 22:35:53+00,2024-12-09 22:35:53+00,5204.2,2024-11-24 22:35:53+00,2025-01-02 09:16:29+00
c705a2ee-64f5-53fb-bdc1-4e0ad0823819,ORD-2024-00095,40a4c782-5faf-50ff-ae54-2e423f43ecab,open,2024-10-21 15:05:27+00,2024-10-29 15:05:27+00,46877.05,2024-10-21 15:05:27+00,2025-01-02 09:29:05+00
ef165ecf-da08-5841-9714-dc5e0d6ea331,ORD-2024-00096,82ca6e61-6ac0-5546-8ae6-9a66c3224f86,fulfilled,2024-09-27 16:20:44+00,2024-10-20 16:20:44+00,7850.21,2024-09-27 16:20:44+00,2025-01-02 09:21:53+00
c8505929-97af-541e-8299-07e58047d4f5,ORD-2024-00097,43a593ec-3f7e-5579-abee-cc11dea3b110,fulfilled,2024-07-16 19:44:50+00,2024-07-28 19:44:50+00,36048.48,2024-07-16 19:44:50+00,2025-01-02 09:19:49+00
27cc0814-1349-5638-89f4-07be23423d12,ORD-2024-00098,cd4d763f-2e45-5f33-9a4d-479a6118b65d,open,2024-06-21 18:40:57+00,2024-07-08 18:40:57+00,33064.66,2024-06-21 18:40:57+00,2025-01-02 09:22:24+00
ee5c7cb4-4857-5892-b155-4958aa1984d5,ORD-2024-00099,69b6a0f5-490b-57ce-8263-3ce92ba30ca7,open,2024-11-09 13:30:53+00,2024-11-16 13:30:53+00,3664.32,2024-11-09 13:30:53+00,2025-01-02 09:17:09+00
318ac1c4-ea53-509a-8965-5fe2bd4e79ea,ORD-2024-00100,a332481f-39fe-530d-9643-30844a7a6856,fulfilled,2024-03-10 20:15:08+00,2024-03-17 20:15:08+00,14598.04,2024-03-10 20:15:08+00,2025-01-02 09:24:47+00
51c1a199-00f2-502f-8542-4846e9a487e8,ORD-2024-00101,882df9e5-b9b5-5cb8-bdf2-fc259061c971,fulfilled,2024-10-08 12:20:30+00,2024-11-02 12:20:30+00,13158.95,2024-10-08 12:20:30+00,2025-01-02 09:24:46+00
ecd96083-46db-5bff-9369-1d3c809c5879,ORD-2024-00102,06d6c1ee-4775-5e92-aede-41001355353a,open,2024-09-20 12:02:33+00,2024-10-09 12:02:33+00,10098.25,2024-09-20 12:02:33+00,2025-01-02 09:18:19+00
c0b98686-6848-51ad-af7d-5334f711a65d,ORD-2024-00103,1ff8c984-dfe7-51fa-bcea-aadbf5530588,fulfilled,2024-09-25 11:44:33+00,2024-10-22 11:44:33+00,29703.46,2024-09-25 11:44:33+00,2025-01-02 09:23:13+00
3ff9438f-60ee-5f4f-9974-226b530d039f,ORD-2024-00104,6b8d0ad4-e55b-579c-a3ec-4314615e1416,fulfilled,2024-03-17 09:15:09+00,2024-04-05 09:15:09+00,7747.31,2024-03-17 09:15:09+00,2025-01-02 09:13:43+00
4ba49f9c-0219-50eb-82f4-026538aacde0,ORD-2024-00105,6b8d0ad4-e55b-579c-a3ec-4314615e1416,fulfilled,2024-07-23 20:34:15+00,2024-08-03 20:34:15+00,17825.78,2024-07-23 20:34:15+00,2025-01-02 09:04:13+00
57772de2-333f-59c0-8903-729cd8c31d09,ORD-2024-00106,43a593ec-3f7e-5579-abee-cc11dea3b110,fulfilled,2024-10-15 01:35:47+00,2024-10-30 01:35:47+00,34226.21,2024-10-15 01:35:47+00,2025-01-02 09:17:37+00
5ae9b4cc-80b5-592b-97dc-f2f69b9cc98c,ORD-2024-00107,dd04dcf0-0ef8-512b-8f0f-08e72d73597d,fulfilled,2024-01-13 20:23:52+00,2024-02-03 20:23:52+00,7718.59,2024-01-13 20:23:52+00,2025-01-02 09:05:56+00
47f7be99-927f-57e0-94d7-d2c11de3f9d2,ORD-2024-00108,43a593ec-3f7e-5579-abee-cc11dea3b110,fulfilled,2024-03-20 17:03:43+00,2024-03-31 17:03:43+00,17047.81,2024-03-20 17:03:43+00,2025-01-02 09:12:45+00
a842e933-68ef-58b4-aa79-6179d381f731,ORD-2024-00109,33f6b6c0-ceaa-50c9-87ef-a14b7a894484,fulfilled,2024-10-02 19:35:43+00,2024-10-24 19:35:43+00,8862.51,2024-10-02 19:35:43+00,2025-01-02 09:14:08+00
21169911-4002-510b-ad30-814174d16090,ORD-2024-00110,6fc70c5a-a990-5e2a-89b6-f911b9f5b28c,fulfilled,2024-01-31 20:42:11+00,2024-02-27 20:42:11+00,8448.26,2024-01-31 20:42:11+00,2025-01-02 09:24:06+00
7efe7313-07c0-5cae-bd81-76f4b0bc1787,ORD-2024-00111,bdcbbfa9-6b02-53be-924e-36542bfb1ba2,fulfilled,2024-09-10 14:15:46+00,2024-10-09 14:15:46+00,12865.22,2024-09-10 14:15:46+00,2025-01-02 09:02:20+00
f85e6822-863e-5038-abf6-3dfc92011663,ORD-2024-00112,af40e653-9aa2-564b-9727-c21fc59311fb,fulfilled,2024-09-29 17:34:10+00,2024-10-28 17:34:10+00,7502.53,2024-09-29 17:34:10+00,2025-01-02 09:14:08+00
3910043d-c4e4-5d93-be8b-290544be7e24,ORD-2024-00113,84932fe2-b7e5-5d4b-a6c0-0f6a7c6c7697,fulfilled,2024-06-05 21:10:43+00,2024-06-23 21:10:43+00,26033.02,2024-06-05 21:10:43+00,2025-01-02 09:14:33+00
729068b9-25cc-5b03-b52a-a0513ce68f65,ORD-2024-00114,21b12f34-79a4-57c6-b5b8-eedb2e45534c,open,2024-10-05 13:26:49+00,2024-11-04 13:26:49+00,36426.97,2024-10-05 13:26:49+00,2025-01-02 09:08:54+00
4cf334f8-d0ba-56db-881d-a14ebc02ef19,ORD-2024-00115,6e21c4af-2f50-5bd1-98d3-056533531374,open,2024-03-08 19:39:39+00,2024-03-21 19:39:39+00,17805.61,2024-03-08 19:39:39+00,2025-01-02 09:01:22+00
92cc7a9a-e7f4-5f78-9e89-e52a9348c2ef,ORD-2024-00116,6784b6cb-ada1-5ce9-87fe-dcb5d8da6777,fulfilled,2024-09-03 16:36:23+00,2024-09-20 16:36:23+00,15134.15,2024-09-03 16:36:23+00,2025-01-02 09:05:50+00
d5a124b0-7fb3-5c09-9157-1dcd42e895c0,ORD-2024-00117,fa10adbb-db7c-551b-8f4b-84ea56b920fa,fulfilled,2024-11-22 20:12:49+00,2024-11-29 20:12:49+00,17084.8,2024-11-22 20:12:49+00,2025-01-02 09:18:51+00
fbf76eae-d99e-5766-9517-b15d5a00ea4d,ORD-2024-00118,701efb7a-bbe7-5af8-8672-2fa15a6d8a88,open,2024-09-01 18:41:16+00,2024-09-19 18:41:16+00,10929.64,2024-09-01 18:41:16+00,2025-01-02 09:21:52+00
664bf108-afb9-51a0-9798-72d8baed242c,ORD-2024-00119,b39e36f0-6bb3-5217-bfbe-f8451a3635d6,fulfilled,2024-10-08 11:13:57+00,2024-10-29 11:13:57+00,43035.35,2024-10-08 11:13:57+00,2025-01-02 09:00:07+00
0b5eac4a-6f82-5bcf-800a-065497ad4d8b,ORD-2024-00120,6d75e0d1-1efe-5931-9d5e-3bc3cbc64a91,fulfilled,2024-11-10 01:35:51+00,2024-11-18 01:35:51+00,11717.87,2024-11-10 01:35:51+00,2025-01-02 09:04:28+00
671d70e5-731e-5537-aa03-2dad6e448aa6,ORD-2024-00121,6030a031-f992-59e5-a3c0-5377ac1da383,fulfilled,2024-01-22 19:27:00+00,2024-02-10 19:27:00+00,41704.22,2024-01-22 19:27:00+00,2025-01-02 09:19:08+00
f281d982-d98c-5cb0-9a56-cc0f9871ccd6,ORD-2024-00122,e36d1ee6-31d5-554e-b3a2-a657017481e8,fulfilled,2024-06-04 20:28:50+00,2024-06-12 20:28:50+00,28882.38,2024-06-04 20:28:50+00,2025-01-02 09:00:53+00
d9c90b47-6547-560b-9d46-3fe8a70df90a,ORD-2024-00123,1fee1bd7-9e79-5339-a3e3-99b0b3ea95b6,fulfilled,2024-11-18 10:26:50+00,2024-11-25 10:26:50+00,19111.69,2024-11-18 10:26:50+00,2025-01-02 09:04:56+00
bc0041bb-2bb3-54c8-a987-dbf07a791031,ORD-2024-00124,68721960-e719-596c-8ac8-678d741ca0d7,fulfilled,2024-09-03 09:30:40+00,2024-09-26 09:30:40+00,37119.52,2024-09-03 09:30:40+00,2025-01-02 09:05:49+00
71c9448d-68dd-563b-a3c1-754418fdcdad,ORD-2024-00125,06d6c1ee-4775-5e92-aede-41001355353a,fulfilled,2024-04-01 16:21:07+00,2024-04-22 16:21:07+00,6940.33,2024-04-01 16:21:07+00,2025-01-02 09:06:07+00
02eec6cd-1c32-5a22-b1b1-f4d849a95071,ORD-2024-00126,b7881ecc-56f9-5d4c-af73-4cab8bfa0951,fulfilled,2024-09-13 00:41:30+00,2024-10-08 00:41:30+00,36129.61,2024-09-13 00:41:30+00,2025-01-02 09:23:11+00
a84402f3-483f-5d70-9016-10ea8ca8af66,ORD-2024-00127,4ec05809-1563-566e-a6d2-e3dd9ced06a2,fulfilled,2024-01-26 18:44:35+00,2024-02-03 18:44:35+00,127887.68,2024-01-26 18:44:35+00,2025-01-02 09:10:16+00
5f1733f5-4105-59b2-a257-8f4695b0f65e,ORD-2024-00128,b515cced-3623-5f57-b080-b473400225f5,at_risk,2024-12-25 01:38:22+00,2025-01-24 01:38:22+00,25028.52,2024-12-25 01:38:22+00,2025-01-02 09:10:02+00
0ea1e92e-fc14-53f1-b01f-c52bc2c04e5c,ORD-2024-00129,2c05e62a-c525-5859-9607-d7f41b04ad2c,fulfilled,2024-10-08 17:09:11+00,2024-10-23 17:09:11+00,32086.72,2024-10-08 17:09:11+00,2025-01-02 09:28:42+00
216572ae-8b79-5e68-90d1-3a55f890ffd0,ORD-2024-00130,b46a4a7b-b1f2-5183-a41d-8f042adb219e,fulfilled,2024-09-27 17:41:17+00,2024-10-23 17:41:17+00,29996.65,2024-09-27 17:41:17+00,2025-01-02 09:13:14+00
94832821-89f5-55e1-9993-76b996b20199,ORD-2024-00131,dd04dcf0-0ef8-512b-8f0f-08e72d73597d,fulfilled,2024-11-19 23:12:16+00,2024-12-05 23:12:16+00,19323.99,2024-11-19 23:12:16+00,2025-01-02 09:14:47+00
9d0671eb-b714-5395-8d14-e3ea3d21b219,ORD-2024-00132,4ec05809-1563-566e-a6d2-e3dd9ced06a2,open,2024-11-11 22:22:47+00,2024-12-08 22:22:47+00,13487.21,2024-11-11 22:22:47+00,2025-01-02 09:02:50+00
3ea92ec0-42d5-5d1b-ae77-39d6b657fd3d,ORD-2024-00133,610cf61b-4a53-5e88-9a30-663db1a07adb,fulfilled,2024-06-06 20:22:06+00,2024-07-04 20:22:06+00,166641.21,2024-06-06 20:22:06+00,2025-01-02 09:23:46+00
6538d7a5-9ad6-5eef-890a-9b6fa8453b35,ORD-2024-00134,fff984d9-fdb9-5beb-8425-09c0748f8d86,fulfilled,2024-09-21 10:32:52+00,2024-10-15 10:32:52+00,48188.64,2024-09-21 10:32:52+00,2025-01-02 09:14:06+00
45a932e8-ec22-55b1-92a2-aa8045d8fd5b,ORD-2024-00135,be28f57a-f99d-5214-962c-8161db3db2d6,fulfilled,2024-10-12 00:39:25+00,2024-10-30 00:39:25+00,7678.8,2024-10-12 00:39:25+00,2025-01-02 09:11:07+00
e79dd0b4-9046-5f0d-8081-7dd2fa0d8864,ORD-2024-00136,5a7da0cc-cd16-5e8c-b45f-a3da148f652a,fulfilled,2024-10-19 17:26:35+00,2024-11-04 17:26:35+00,13116.36,2024-10-19 17:26:35+00,2025-01-02 09:03:09+00
2f3e6150-2030-5312-b5be-7c952c956129,ORD-2024-00137,472885fd-16ec-5ba5-9b52-d867cd0d2522,fulfilled,2024-03-30 17:02:33+00,2024-04-08 17:02:33+00,32304.38,2024-03-30 17:02:33+00,2025-01-02 09:16:08+00
9394cb8e-5b2a-5fee-87de-ab0297ef1c3c,ORD-2024-00138,9d0f08d9-ea95-569b-b50a-b20d145de37b,fulfilled,2024-10-07 08:31:21+00,2024-10-30 08:31:21+00,9080.35,2024-10-07 08:31:21+00,2025-01-02 09:23:51+00
d305d64d-19d9-5552-b52e-50ab7dc40aef,ORD-2024-00139,9d714bd5-11ed-5ef2-a29e-f694b662e981,fulfilled,2024-09-15 08:07:02+00,2024-10-15 08:07:02+00,22343.1,2024-09-15 08:07:02+00,2025-01-02 09:28:14+00
31ee60f7-196a-5b5f-8531-ae1be809eec4,ORD-2024-00140,ac9c209f-9afd-5a17-a35e-b73d53242c80,fulfilled,2024-08-13 17:10:45+00,2024-09-08 17:10:45+00,7491.97,2024-08-13 17:10:45+00,2025-01-02 09:12:16+00
60bc014a-e5c4-5b21-8d28-c4531e341302,ORD-2024-00141,525eeb54-63fc-5f71-b656-782dfa5097bd,open,2024-06-12 20:19:20+00,2024-06-21 20:19:20+00,9968.48,2024-06-12 20:19:20+00,2025-01-02 09:19:10+00
cc28b926-0156-5a6d-b0f2-ffc85738c7a1,ORD-2024-00142,6219b356-39ca-5bc8-be19-a29487a519cd,fulfilled,2024-02-14 22:40:41+00,2024-03-14 22:40:41+00,29918.86,2024-02-14 22:40:41+00,2025-01-02 09:14:46+00
0cbd664c-b630-5c41-b886-309ae359b9ec,ORD-2024-00143,be28f57a-f99d-5214-962c-8161db3db2d6,fulfilled,2024-12-23 23:21:11+00,2025-01-13 23:21:11+00,34620.22,2024-12-23 23:21:11+00,2025-01-02 09:13:35+00
d0add9b0-0aa6-51e4-80e7-7e8973495e0b,ORD-2024-00144,701efb7a-bbe7-5af8-8672-2fa15a6d8a88,fulfilled,2024-06-15 23:04:27+00,2024-07-07 23:04:27+00,29141.17,2024-06-15 23:04:27+00,2025-01-02 09:13:58+00
1637fb85-b109-52f5-80d4-83386616a3a7,ORD-2024-00145,6219b356-39ca-5bc8-be19-a29487a519cd,open,2024-02-06 20:27:21+00,2024-03-03 20:27:21+00,7575.94,2024-02-06 20:27:21+00,2025-01-02 09:06:15+00
dcbba6a2-52be-5361-b09a-4e03ab6ad26d,ORD-2024-00146,00f17243-2ba7-5bd7-a860-f35d5db95a21,fulfilled,2024-12-22 01:29:43+00,2025-01-15 01:29:43+00,27502.72,2024-12-22 01:29:43+00,2025-01-02 09:28:59+00
95f63cca-4eb9-54a9-b51e-6351e14db41c,ORD-2024-00147,c1cd43be-502d-59a3-9851-b14ae9f42241,fulfilled,2024-10-31 01:37:53+00,2024-11-12 01:37:53+00,31240.54,2024-10-31 01:37:53+00,2025-01-02 09:13:46+00
99d03454-ee8a-5e5c-8fd8-c5e41a6ca335,ORD-2024-00148,d466c3ec-bf7a-51b6-a632-8557413f9555,fulfilled,2024-02-01 17:09:29+00,2024-02-28 17:09:29+00,6004.22,2024-02-01 17:09:29+00,2025-01-02 09:12:06+00
b419d4db-b610-57b3-bf0e-6fbc1c96d1eb,ORD-2024-00149,69b6a0f5-490b-57ce-8263-3ce92ba30ca7,open,2024-09-29 20:39:27+00,2024-10-27 20:39:27+00,26276.74,2024-09-29 20:39:27+00,2025-01-02 09:16:59+00
8530166b-7df7-5eee-9214-83e4bf625657,ORD-2024-00150,e36d1ee6-31d5-554e-b3a2-a657017481e8,fulfilled,2024-11-10 00:08:42+00,2024-12-04 00:08:42+00,12960.48,2024-11-10 00:08:42+00,2025-01-02 09:27:47+00
c04542e4-e51e-5213-9104-b640654afff8,ORD-2024-00151,90a8f1f8-f18a-591c-ad50-68ea8e5f6a2d,fulfilled,2024-09-08 14:40:17+00,2024-10-07 14:40:17+00,29492.04,2024-09-08 14:40:17+00,2025-01-02 09:01:47+00
ab774023-46b5-5c93-b400-c94992c2d229,ORD-2024-00152,6d75e0d1-1efe-5931-9d5e-3bc3cbc64a91,fulfilled,2024-05-27 18:04:53+00,2024-06-26 18:04:53+00,248108.35,2024-05-27 18:04:53+00,2025-01-02 09:10:11+00
a4826422-e2ac-51f3-8624-efed44d212a6,ORD-2024-00153,1ff03590-6d21-5cf9-bf55-fe74a1b26a7e,fulfilled,2024-08-18 22:12:41+00,2024-09-12 22:12:41+00,27361.43,2024-08-18 22:12:41+00,2025-01-02 09:07:27+00
a3dd3ec0-b0a3-5b4a-8a88-97696c52ceea,ORD-2024-00154,33f6b6c0-ceaa-50c9-87ef-a14b7a894484,fulfilled,2024-12-19 17:35:56+00,2025-01-09 17:35:56+00,4765.32,2024-12-19 17:35:56+00,2025-01-02 09:18:35+00
dadceaf8-7433-5bb5-acb5-01f35ace5d03,ORD-2024-00155,dd04dcf0-0ef8-512b-8f0f-08e72d73597d,fulfilled,2024-03-26 17:21:19+00,2024-04-12 17:21:19+00,8297.77,2024-03-26 17:21:19+00,2025-01-02 09:27:43+00
9d977e3f-9c1c-5a77-ab4e-1a61e17cc978,ORD-2024-00156,8d9417d8-6bc9-5a0d-ba9b-f63932cd4c8e,fulfilled,2024-10-12 12:19:44+00,2024-11-07 12:19:44+00,211540.18,2024-10-12 12:19:44+00,2025-01-02 09:18:05+00
601b3ffa-ec40-586b-86f3-36092e0f6902,ORD-2024-00157,b11e0fe2-d3ca-56c4-87e6-41b0cd51c8b7,fulfilled,2024-11-15 16:05:37+00,2024-11-30 16:05:37+00,15002.24,2024-11-15 16:05:37+00,2025-01-02 09:06:51+00
9d1e46c9-77fa-5a23-9ce8-9c84375ffed2,ORD-2024-00158,656060c3-326e-5f29-92b9-5f5955a484bf,fulfilled,2024-03-18 23:11:58+00,2024-04-01 23:11:58+00,54334.12,2024-03-18 23:11:58+00,2025-01-02 09:06:43+00
f8db9288-7560-5f8f-b669-81c697279883,ORD-2024-00159,6784b6cb-ada1-5ce9-87fe-dcb5d8da6777,open,2024-07-30 22:30:02+00,2024-08-12 22:30:02+00,14816.27,2024-07-30 22:30:02+00,2025-01-02 09:25:44+00
7b1e3faf-0510-5789-9bc0-e922cc39383e,ORD-2024-00160,701efb7a-bbe7-5af8-8672-2fa15a6d8a88,open,2024-09-29 19:26:37+00,2024-10-22 19:26:37+00,46878.0,2024-09-29 19:26:37+00,2025-01-02 09:19:29+00
348f9f1a-6f9b-55f4-b008-61229b04ce89,ORD-2024-00161,c1cd43be-502d-59a3-9851-b14ae9f42241,fulfilled,2024-09-11 12:18:13+00,2024-10-06 12:18:13+00,44558.04,2024-09-11 12:18:13+00,2025-01-02 09:05:59+00
e6c331f9-abd6-5715-b915-3785c8ae09e2,ORD-2024-00162,fa10adbb-db7c-551b-8f4b-84ea56b920fa,fulfilled,2024-09-14 09:35:51+00,2024-10-02 09:35:51+00,7792.03,2024-09-14 09:35:51+00,2025-01-02 09:06:44+00
1d9a3e42-a51f-555c-af4a-546d93169a72,ORD-2024-00163,2c05e62a-c525-5859-9607-d7f41b04ad2c,fulfilled,2024-10-31 19:43:33+00,2024-11-10 19:43:33+00,2603.99,2024-10-31 19:43:33+00,2025-01-02 09:22:59+00
5d3ceb6f-3436-5d6b-91f1-52528a2822bd,ORD-2024-00164,e36d1ee6-31d5-554e-b3a2-a657017481e8,fulfilled,2024-10-04 10:17:17+00,2024-10-13 10:17:17+00,27104.55,2024-10-04 10:17:17+00,2025-01-02 09:24:55+00
a61d9fbb-4330-5361-90b7-7af408a22c56,ORD-2024-00165,213aff84-f1cc-50f2-a9a3-9fee471b532e,open,2024-09-06 15:04:44+00,2024-09-19 15:04:44+00,44358.69,2024-09-06 15:04:44+00,2025-01-02 09:17:49+00
35b7f346-916b-5258-b672-6cd6598104dd,ORD-2024-00166,472885fd-16ec-5ba5-9b52-d867cd0d2522,fulfilled,2024-01-18 17:17:06+00,2024-02-09 17:17:06+00,6304.96,2024-01-18 17:17:06+00,2025-01-02 09:09:02+00
c4ad12b9-9500-5569-8e04-20c1e4a6a029,ORD-2024-00167,d88fef10-8639-5a87-9e2f-68c3a0c9693c,fulfilled,2024-07-20 01:33:29+00,2024-08-19 01:33:29+00,1540.11,2024-07-20 01:33:29+00,2025-01-02 09:00:51+00
46d25c6f-c075-52a5-b59d-c1a8fee58f23,ORD-2024-00168,79760680-5041-5c9e-a2f1-bd6ae1230100,fulfilled,2024-12-18 23:36:32+00,2025-01-03 23:36:32+00,35148.99,2024-12-18 23:36:32+00,2025-01-02 09:21:15+00
f080bb27-f6fe-57d8-9171-a65bec5aef92,ORD-2024-00169,c8438077-e206-5367-b35c-60dfbc434f07,fulfilled,2024-10-10 16:13:02+00,2024-10-20 16:13:02+00,12443.36,2024-10-10 16:13:02+00,2025-01-02 09:19:43+00
56525db1-5fd7-5f3c-9dfa-08be244cbd0a,ORD-2024-00170,6e21c4af-2f50-5bd1-98d3-056533531374,open,2024-10-30 19:04:18+00,2024-11-21 19:04:18+00,33130.83,2024-10-30 19:04:18+00,2025-01-02 09:24:17+00
4e78be23-6a56-5871-af3d-f98432f076b1,ORD-2024-00171,82ca6e61-6ac0-5546-8ae6-9a66c3224f86,open,2024-10-01 18:15:54+00,2024-10-12 18:15:54+00,187836.03,2024-10-01 18:15:54+00,2025-01-02 09:04:02+00
b2fd03eb-8496-5112-9126-eaa8506a9ef7,ORD-2024-00172,b39e36f0-6bb3-5217-bfbe-f8451a3635d6,fulfilled,2024-02-19 23:40:20+00,2024-02-29 23:40:20+00,14436.65,2024-02-19 23:40:20+00,2025-01-02 09:06:23+00
bcc2cc4a-6a32-5ac4-af2b-8ef9258f4195,ORD-2024-00173,2c05e62a-c525-5859-9607-d7f41b04ad2c,fulfilled,2024-10-11 14:22:08+00,2024-11-05 14:22:08+00,27557.84,2024-10-11 14:22:08+00,2025-01-02 09:26:25+00
1bd7f603-f604-53ab-b9b8-e07a1797ce05,ORD-2024-00174,69620e0a-b6d8-576c-a2d3-f2b60fc5605c,fulfilled,2024-03-29 21:18:41+00,2024-04-10 21:18:41+00,13701.02,2024-03-29 21:18:41+00,2025-01-02 09:13:29+00
4363009e-2614-5202-a043-f392bdf18485,ORD-2024-00175,b515cced-3623-5f57-b080-b473400225f5,fulfilled,2024-01-09 23:00:29+00,2024-02-07 23:00:29+00,29991.57,2024-01-09 23:00:29+00,2025-01-02 09:20:26+00
44105cb6-996e-5950-a87e-501060d3da6c,ORD-2024-00176,dd04dcf0-0ef8-512b-8f0f-08e72d73597d,fulfilled,2024-08-18 22:11:54+00,2024-09-13 22:11:54+00,22678.51,2024-08-18 22:11:54+00,2025-01-02 09:02:39+00
974db00b-2468-510f-adb5-ad86b22e580d,ORD-2024-00177,c1cd43be-502d-59a3-9851-b14ae9f42241,fulfilled,2024-10-12 19:36:11+00,2024-11-05 19:36:11+00,17278.91,2024-10-12 19:36:11+00,2025-01-02 09:15:32+00
b82376f9-2eb5-5521-b334-071b4236bd33,ORD-2024-00178,be6593f2-3765-5e66-bfa5-54ed361e6da0,fulfilled,2024-10-16 10:10:54+00,2024-10-24 10:10:54+00,19594.18,2024-10-16 10:10:54+00,2025-01-02 09:13:49+00
2d2ce256-efae-5b1a-9ff7-44a333face2c,ORD-2024-00179,213aff84-f1cc-50f2-a9a3-9fee471b532e,open,2024-01-28 00:01:59+00,2024-02-06 00:01:59+00,16576.15,2024-01-28 00:01:59+00,2025-01-02 09:26:09+00
3ca22fac-02ba-5554-a9be-6dbfda4ee841,ORD-2024-00180,6030a031-f992-59e5-a3c0-5377ac1da383,fulfilled,2024-09-08 09:16:11+00,2024-09-21 09:16:11+00,15043.86,2024-09-08 09:16:11+00,2025-01-02 09:08:41+00
f2623330-ed37-5948-8f64-94d3c280e864,ORD-2024-00181,79760680-5041-5c9e-a2f1-bd6ae1230100,fulfilled,2024-03-10 23:43:08+00,2024-03-23 23:43:08+00,12101.8,2024-03-10 23:43:08+00,2025-01-02 09:19:39+00
6485e74f-4134-5514-a72a-077698fa5fd8,ORD-2024-00182,525eeb54-63fc-5f71-b656-782dfa5097bd,open,2024-03-06 17:11:36+00,2024-03-20 17:11:36+00,14570.99,2024-03-06 17:11:36+00,2025-01-02 09:19:02+00
382daaa5-28f3-5f43-845f-722030d56939,ORD-2024-00183,ac9c209f-9afd-5a17-a35e-b73d53242c80,fulfilled,2024-04-21 01:31:35+00,2024-05-11 01:31:35+00,176242.49,2024-04-21 01:31:35+00,2025-01-02 09:12:28+00
099bef06-50d9-5a01-bb68-87951ebaf379,ORD-2024-00184,3a37cd7d-a21c-5a5c-be88-e36a3a4834b8,fulfilled,2024-10-20 16:03:01+00,2024-11-19 16:03:01+00,7834.93,2024-10-20 16:03:01+00,2025-01-02 09:15:17+00
671cea47-287a-526d-a118-0e9c219c2e93,ORD-2024-00185,3db84242-5edf-5d00-93c2-32b9d7f86c8b,at_risk,2024-12-22 17:16:25+00,2024-12-29 17:16:25+00,42557.26,2024-12-22 17:16:25+00,2025-01-02 09:15:10+00
a3b56ada-db0e-5a07-8b78-885d15041fbc,ORD-2024-00186,40a4c782-5faf-50ff-ae54-2e423f43ecab,fulfilled,2024-10-20 01:31:03+00,2024-11-18 01:31:03+00,47922.62,2024-10-20 01:31:03+00,2025-01-02 09:10:07+00
a84b8082-907c-5634-9a82-641e7c1395d0,ORD-2024-00187,be28f57a-f99d-5214-962c-8161db3db2d6,open,2024-03-18 17:14:08+00,2024-04-04 17:14:08+00,9430.89,2024-03-18 17:14:08+00,2025-01-02 09:05:43+00
5c12cff0-3bdd-587f-9d41-08fe215bbe18,ORD-2024-00188,82175555-0df5-5ff3-993e-8039ea26bb13,fulfilled,2024-01-27 17:31:46+00,2024-02-14 17:31:46+00,83916.81,2024-01-27 17:31:46+00,2025-01-02 09:15:09+00
97101300-8687-56d0-80bb-c4a6b451abb6,ORD-2024-00189,6030a031-f992-59e5-a3c0-5377ac1da383,fulfilled,2024-05-03 00:32:39+00,2024-05-28 00:32:39+00,15835.58,2024-05-03 00:32:39+00,2025-01-02 09:07:09+00
f15dc05e-6681-5034-b2a5-05eb127ab3bc,ORD-2024-00190,69b6a0f5-490b-57ce-8263-3ce92ba30ca7,fulfilled,2024-05-21 16:23:34+00,2024-06-13 16:23:34+00,12510.47,2024-05-21 16:23:34+00,2025-01-02 09:28:36+00
fe661be7-0432-501d-a0bb-2f486a33c52a,ORD-2024-00191,20cec640-caba-5f57-a634-21124350a964,fulfilled,2024-09-29 20:25:07+00,2024-10-08 20:25:07+00,9949.31,2024-09-29 20:25:07+00,2025-01-02 09:10:45+00
cc8056d0-8e76-5c15-a3c7-5bd0711429a6,ORD-2024-00192,7e6d9d63-6aaa-5519-9803-e16f43463669,fulfilled,2024-02-09 17:07:38+00,2024-02-20 17:07:38+00,16083.18,2024-02-09 17:07:38+00,2025-01-02 09:19:23+00
d7940c68-c091-5965-ad91-fd896072d07e,ORD-2024-00193,6030a031-f992-59e5-a3c0-5377ac1da383,fulfilled,2024-03-08 23:30:18+00,2024-03-24 23:30:18+00,24378.49,2024-03-08 23:30:18+00,2025-01-02 09:18:52+00
b00bbc67-5f4a-5b9f-bc03-bb496ce695e6,ORD-2024-00194,e93b2b5a-153a-5278-8baa-3cee895f9b80,fulfilled,2024-11-26 21:23:24+00,2024-12-13 21:23:24+00,31482.72,2024-11-26 21:23:24+00,2025-01-02 09:08:56+00
0c815c59-2c43-52c4-aec0-ad21353e9995,ORD-2024-00195,610cf61b-4a53-5e88-9a30-663db1a07adb,fulfilled,2024-04-26 23:19:40+00,2024-05-07 23:19:40+00,24003.12,2024-04-26 23:19:40+00,2025-01-02 09:01:53+00
b2b2b6f7-726b-5305-80da-9f63b4ec1dd5,ORD-2024-00196,3a37cd7d-a21c-5a5c-be88-e36a3a4834b8,fulfilled,2024-12-20 18:07:58+00,2025-01-14 18:07:58+00,16415.52,2024-12-20 18:07:58+00,2025-01-02 09:23:10+00
d4b85b97-3698-5d54-b92f-148f74c3e387,ORD-2024-00197,a7ff7b3c-0aca-5f55-96bb-b15dd7aa9b57,open,2024-10-12 15:36:51+00,2024-10-22 15:36:51+00,11733.33,2024-10-12 15:36:51+00,2025-01-02 09:23:16+00
90dcb7d7-cef3-517e-bded-2fc64000f7ab,ORD-2024-00198,17493bb8-1af9-5bad-894c-42000568382a,fulfilled,2024-08-22 21:37:17+00,2024-09-20 21:37:17+00,33828.73,2024-08-22 21:37:17+00,2025-01-02 09:23:13+00
6011cf49-10df-5244-95c2-24ab3ff96e25,ORD-2024-00199,20cec640-caba-5f57-a634-21124350a964,fulfilled,2024-11-16 08:09:31+00,2024-12-02 08:09:31+00,15359.55,2024-11-16 08:09:31+00,2025-01-02 09:29:59+00
ae8f55f5-f525-5dc6-b708-18a0cf7500a2,ORD-2024-00200,1ff8c984-dfe7-51fa-bcea-aadbf5530588,open,2024-08-16 21:03:45+00,2024-09-10 21:03:45+00,14612.91,2024-08-16 21:03:45+00,2025-01-02 09:15:35+00
99ff92a7-4297-518f-afea-47aa738fa706,ORD-2024-00201,1ff8c984-dfe7-51fa-bcea-aadbf5530588,fulfilled,2024-10-07 15:21:41+00,2024-10-15 15:21:41+00,14405.7,2024-10-07 15:21:41+00,2025-01-02 09:00:52+00
fd0b969e-5963-56d9-ae9f-e400510cd86a,ORD-2024-00202,cd4d763f-2e45-5f33-9a4d-479a6118b65d,open,2024-09-07 15:28:22+00,2024-10-07 15:28:22+00,22275.34,2024-09-07 15:28:22+00,2025-01-02 09:24:39+00
9da0a9af-871b-5c5a-9c70-6b9903d2c275,ORD-2024-00203,68721960-e719-596c-8ac8-678d741ca0d7,fulfilled,2024-10-29 22:27:57+00,2024-11-18 22:27:57+00,12819.36,2024-10-29 22:27:57+00,2025-01-02 09:27:44+00
97abf417-75d9-5d0b-8c8b-6c0ead55451e,ORD-2024-00204,c8438077-e206-5367-b35c-60dfbc434f07,open,2024-07-14 20:02:52+00,2024-07-30 20:02:52+00,29047.83,2024-07-14 20:02:52+00,2025-01-02 09:10:59+00
61ff9a39-7b8f-5776-aa04-bedf9f053f25,ORD-2024-00205,43a593ec-3f7e-5579-abee-cc11dea3b110,fulfilled,2024-05-27 22:44:01+00,2024-06-11 22:44:01+00,349352.97,2024-05-27 22:44:01+00,2025-01-02 09:10:14+00
a4b083f0-4781-51b9-992d-f8436f24a79e,ORD-2024-00206,d466c3ec-bf7a-51b6-a632-8557413f9555,fulfilled,2024-10-21 16:11:07+00,2024-11-07 16:11:07+00,28034.83,2024-10-21 16:11:07+00,2025-01-02 09:15:59+00
78e8db0b-1f88-5d48-a512-6d7595d1bb89,ORD-2024-00207,de69bd87-c78a-58a5-9513-942fd4e74825,fulfilled,2024-09-20 19:12:30+00,2024-10-02 19:12:30+00,29319.39,2024-09-20 19:12:30+00,2025-01-02 09:05:16+00
dbad53f8-a4f9-5b7f-835a-6c259cb757fc,ORD-2024-00208,a60af1a9-f379-523a-9b8d-b1d84c77daf5,open,2024-06-29 18:35:22+00,2024-07-21 18:35:22+00,44414.39,2024-06-29 18:35:22+00,2025-01-02 09:01:38+00
9228e01b-34ce-5ed5-b2ff-5602d49c100e,ORD-2024-00209,cdfbe2f7-6b67-5381-a963-3b1bfc6675bb,fulfilled,2024-09-27 00:07:46+00,2024-10-06 00:07:46+00,1400.68,2024-09-27 00:07:46+00,2025-01-02 09:25:41+00
f1c9ba74-7d22-540f-aa6f-4b8e0e391a40,ORD-2024-00210,2a069cff-f49f-54db-bd4f-86922e3edb5a,fulfilled,2024-06-08 21:30:10+00,2024-06-25 21:30:10+00,4211.95,2024-06-08 21:30:10+00,2025-01-02 09:21:10+00
d4608ae1-e217-5cb5-8961-1a03e9878af5,ORD-2024-00211,3db84242-5edf-5d00-93c2-32b9d7f86c8b,fulfilled,2024-09-05 11:08:53+00,2024-09-15 11:08:53+00,12687.92,2024-09-05 11:08:53+00,2025-01-02 09:04:33+00
4abbc8a9-258a-501c-9e04-a6d29a034db4,ORD-2024-00212,21b12f34-79a4-57c6-b5b8-eedb2e45534c,open,2024-08-08 16:02:14+00,2024-08-16 16:02:14+00,17288.71,2024-08-08 16:02:14+00,2025-01-02 09:14:47+00
b14c898c-d9cf-5a48-bc56-d9a9629b5d2a,ORD-2024-00213,d466c3ec-bf7a-51b6-a632-8557413f9555,fulfilled,2024-09-03 10:18:56+00,2024-09-15 10:18:56+00,8653.76,2024-09-03 10:18:56+00,2025-01-02 09:09:08+00
c4798969-465a-5804-9426-c2d4570d3354,ORD-2024-00214,6784b6cb-ada1-5ce9-87fe-dcb5d8da6777,fulfilled,2024-10-25 16:00:17+00,2024-11-07 16:00:17+00,47692.16,2024-10-25 16:00:17+00,2025-01-02 09:28:56+00
d16ff1b3-6671-54d2-99d7-8ca035cfa459,ORD-2024-00215,2c05e62a-c525-5859-9607-d7f41b04ad2c,fulfilled,2024-04-26 22:21:27+00,2024-05-19 22:21:27+00,22810.16,2024-04-26 22:21:27+00,2025-01-02 09:29:50+00
2fb96f12-d16d-5fea-a8fc-844a779013de,ORD-2024-00216,a60af1a9-f379-523a-9b8d-b1d84c77daf5,fulfilled,2024-02-12 21:26:16+00,2024-03-13 21:26:16+00,37220.94,2024-02-12 21:26:16+00,2025-01-02 09:13:15+00
4b0eb397-b7d4-5fce-b70c-87039e9776a4,ORD-2024-00217,20cec640-caba-5f57-a634-21124350a964,fulfilled,2024-12-13 21:33:33+00,2025-01-03 21:33:33+00,2888.76,2024-12-13 21:33:33+00,2025-01-02 09:23:28+00
3e2bcc14-dfbe-5ae5-94d9-0ab3b1fe4f79,ORD-2024-00218,9edece38-c5cb-5551-8ef5-c5a9ac905426,fulfilled,2024-11-06 09:24:49+00,2024-12-02 09:24:49+00,27059.91,2024-11-06 09:24:49+00,2025-01-02 09:11:10+00
8488968d-d525-5a48-8687-d49efb87ce06,ORD-2024-00219,fa10adbb-db7c-551b-8f4b-84ea56b920fa,fulfilled,2024-03-09 10:31:02+00,2024-03-31 10:31:02+00,39269.99,2024-03-09 10:31:02+00,2025-01-02 09:27:31+00
fb6e6fd3-a389-56ff-a4e2-72ac0265f08f,ORD-2024-00220,c1cd43be-502d-59a3-9851-b14ae9f42241,fulfilled,2024-06-16 18:42:32+00,2024-07-14 18:42:32+00,23807.63,2024-06-16 18:42:32+00,2025-01-02 09:04:50+00
af08c6c4-22ac-58b1-81f5-78314bb951ed,ORD-2024-00221,bdcbbfa9-6b02-53be-924e-36542bfb1ba2,fulfilled,2024-09-13 15:21:28+00,2024-09-21 15:21:28+00,11640.46,2024-09-13 15:21:28+00,2025-01-02 09:20:02+00
a28871ad-c697-5c1a-baa6-b5649c0bd5e2,ORD-2024-00222,d8822011-b10c-57ad-b7bf-e90f8f5b5c99,fulfilled,2024-06-04 18:09:10+00,2024-06-26 18:09:10+00,11374.91,2024-06-04 18:09:10+00,2025-01-02 09:14:05+00
800fdc6b-2f4e-5c44-9f3b-a64b8a631a1f,ORD-2024-00223,07b1ba9d-c70e-5b30-aa83-803d7ffe67d8,fulfilled,2024-10-11 00:32:29+00,2024-11-03 00:32:29+00,5004.32,2024-10-11 00:32:29+00,2025-01-02 09:15:40+00
61032a99-bcdb-55e3-8fed-420216bdf36d,ORD-2024-00224,6219b356-39ca-5bc8-be19-a29487a519cd,fulfilled,2024-09-11 08:01:55+00,2024-09-29 08:01:55+00,90250.74,2024-09-11 08:01:55+00,2025-01-02 09:24:28+00
508afed6-8ed9-56f6-8ebb-7af0aa62633a,ORD-2024-00225,d8822011-b10c-57ad-b7bf-e90f8f5b5c99,fulfilled,2024-01-29 19:44:14+00,2024-02-27 19:44:14+00,2256.36,2024-01-29 19:44:14+00,2025-01-02 09:20:16+00
b49c9c25-c99e-5ab4-81b1-0b21c14436d6,ORD-2024-00226,21b12f34-79a4-57c6-b5b8-eedb2e45534c,open,2024-01-12 00:31:27+00,2024-02-06 00:31:27+00,16314.96,2024-01-12 00:31:27+00,2025-01-02 09:28:04+00
685690bf-716b-5d02-8f5b-d26c69af6d7d,ORD-2024-00227,de69bd87-c78a-58a5-9513-942fd4e74825,fulfilled,2024-02-21 19:34:19+00,2024-03-04 19:34:19+00,28839.75,2024-02-21 19:34:19+00,2025-01-02 09:08:34+00
bf6289f9-fd21-598d-a2b9-ecf47267efb0,ORD-2024-00228,82175555-0df5-5ff3-993e-8039ea26bb13,fulfilled,2024-06-02 01:15:25+00,2024-06-11 01:15:25+00,4354.4,2024-06-02 01:15:25+00,2025-01-02 09:16:05+00
38d0153b-dd9b-5e86-8bf9-28c90a9f342f,ORD-2024-00229,4ec05809-1563-566e-a6d2-e3dd9ced06a2,fulfilled,2024-10-18 00:14:19+00,2024-11-14 00:14:19+00,19334.74,2024-10-18 00:14:19+00,2025-01-02 09:03:46+00
3da54528-8a5d-5ec6-a125-a22483ac75f1,ORD-2024-00230,ca6a232d-adb6-56ba-8f2a-dbcaf3b586d1,fulfilled,2024-08-21 00:01:16+00,2024-09-02 00:01:16+00,54891.51,2024-08-21 00:01:16+00,2025-01-02 09:17:06+00
ff851b14-818f-5189-8b02-6a46ffbe8848,ORD-2024-00231,69620e0a-b6d8-576c-a2d3-f2b60fc5605c,open,2024-02-01 00:31:34+00,2024-03-02 00:31:34+00,19731.2,2024-02-01 00:31:34+00,2025-01-02 09:20:37+00
63100499-9a93-5231-aa81-d525cb04fc63,ORD-2024-00232,c9a0a4a0-7b81-57e6-ba8b-b3a1196e8418,fulfilled,2024-11-26 18:41:02+00,2024-12-06 18:41:02+00,8952.49,2024-11-26 18:41:02+00,2025-01-02 09:28:42+00
54789c96-0aeb-5829-803d-5fb5968348ff,ORD-2024-00233,32f71c31-97b9-5805-88b8-62a40829f7da,fulfilled,2024-09-07 10:18:37+00,2024-09-22 10:18:37+00,109927.52,2024-09-07 10:18:37+00,2025-01-02 09:02:39+00
beeb9af3-bf3c-501c-a487-45c1d94b392b,ORD-2024-00234,6784b6cb-ada1-5ce9-87fe-dcb5d8da6777,fulfilled,2024-10-12 09:27:05+00,2024-10-26 09:27:05+00,12484.14,2024-10-12 09:27:05+00,2025-01-02 09:23:56+00
9e1b5a0c-a3b6-59eb-9d59-4176f4bd7c88,ORD-2024-00235,472885fd-16ec-5ba5-9b52-d867cd0d2522,fulfilled,2024-03-03 00:39:37+00,2024-03-18 00:39:37+00,37127.15,2024-03-03 00:39:37+00,2025-01-02 09:14:39+00
22c3aa9f-25b5-5ad1-87a6-6c01081289d6,ORD-2024-00236,cd4d763f-2e45-5f33-9a4d-479a6118b65d,open,2024-02-24 18:18:44+00,2024-03-20 18:18:44+00,7796.32,2024-02-24 18:18:44+00,2025-01-02 09:13:59+00
904522a4-eb16-5e26-9b9e-7eb7d967dbfc,ORD-2024-00237,be28f57a-f99d-5214-962c-8161db3db2d6,fulfilled,2024-02-27 21:32:25+00,2024-03-13 21:32:25+00,12534.68,2024-02-27 21:32:25+00,2025-01-02 09:18:27+00
a26e6138-b8ec-528d-86e9-eb19f9c39f15,ORD-2024-00238,c96e1921-2d37-5994-9580-cb136e2af43e,fulfilled,2024-11-26 08:16:21+00,2024-12-12 08:16:21+00,20034.54,2024-11-26 08:16:21+00,2025-01-02 09:01:29+00
2eb562b7-ad4b-54f8-956f-676464643b4f,ORD-2024-00239,cd4d763f-2e45-5f33-9a4d-479a6118b65d,open,2024-04-30 20:10:56+00,2024-05-27 20:10:56+00,37156.04,2024-04-30 20:10:56+00,2025-01-02 09:16:43+00
be600d36-50fd-5877-b68f-f896aa88e9b0,ORD-2024-00240,1ff8c984-dfe7-51fa-bcea-aadbf5530588,fulfilled,2024-05-14 00:28:43+00,2024-06-07 00:28:43+00,33156.44,2024-05-14 00:28:43+00,2025-01-02 09:07:55+00
04e0c28d-2d64-5115-8bfa-1e8da27d876e,ORD-2024-00241,15756e6e-85c3-577b-950c-76e4d139d70b,fulfilled,2024-01-02 22:20:51+00,2024-01-12 22:20:51+00,27651.96,2024-01-02 22:20:51+00,2025-01-02 09:24:23+00
78efb9eb-fbbd-5958-8a3b-83f5e6c0c5f8,ORD-2024-00242,656060c3-326e-5f29-92b9-5f5955a484bf,fulfilled,2024-07-29 21:09:06+00,2024-08-23 21:09:06+00,26167.2,2024-07-29 21:09:06+00,2025-01-02 09:03:54+00
b6cd5f60-08b9-5d97-9902-d16957429158,ORD-2024-00243,dab3a251-1b55-5799-a144-04f4b708d8c8,fulfilled,2024-03-21 17:42:46+00,2024-04-11 17:42:46+00,25609.55,2024-03-21 17:42:46+00,2025-01-02 09:24:47+00
68968463-4afa-50ca-b026-f2e74af6fdd4,ORD-2024-00244,8d9417d8-6bc9-5a0d-ba9b-f63932cd4c8e,fulfilled,2024-11-03 20:25:07+00,2024-11-13 20:25:07+00,10479.2,2024-11-03 20:25:07+00,2025-01-02 09:01:34+00
8b7b29b8-6763-532a-a128-e486fb26abc4,ORD-2024-00245,8b1971d5-2d5e-5051-afaf-84b9039df634,fulfilled,2024-08-20 23:13:52+00,2024-09-04 23:13:52+00,25066.16,2024-08-20 23:13:52+00,2025-01-02 09:00:58+00
2c0d2d34-0be3-5347-b902-cba6dd8a92bf,ORD-2024-00246,b5d10f22-4ee1-5e81-9bfd-b8444cd7f135,fulfilled,2024-08-02 18:09:57+00,2024-08-17 18:09:57+00,24777.94,2024-08-02 18:09:57+00,2025-01-02 09:02:42+00
0a9fbe9e-8ba9-52e4-a823-dfdd94e8f293,ORD-2024-00247,21222ab4-7eac-53e6-97ad-2f25c264ce99,fulfilled,2024-08-22 17:09:05+00,2024-09-10 17:09:05+00,12943.59,2024-08-22 17:09:05+00,2025-01-02 09:15:17+00
62666195-f2c5-593e-81e0-25cf536fd890,ORD-2024-00248,701efb7a-bbe7-5af8-8672-2fa15a6d8a88,fulfilled,2024-10-12 16:16:01+00,2024-11-07 16:16:01+00,5070.52,2024-10-12 16:16:01+00,2025-01-02 09:19:25+00
a65165b3-43b0-57a1-bec2-304d8484dfdc,ORD-2024-00249,3a37cd7d-a21c-5a5c-be88-e36a3a4834b8,fulfilled,2024-11-12 10:38:11+00,2024-11-27 10:38:11+00,15010.3,2024-11-12 10:38:11+00,2025-01-02 09:16:04+00
ab07ef73-fe16-5f89-a692-44a21d76361d,ORD-2024-00250,15756e6e-85c3-577b-950c-76e4d139d70b,fulfilled,2024-09-28 22:07:58+00,2024-10-09 22:07:58+00,250605.77,2024-09-28 22:07:58+00,2025-01-02 09:16:02+00
de192c85-4c7a-5f78-92fe-8092b3000869,ORD-2024-00251,68721960-e719-596c-8ac8-678d741ca0d7,fulfilled,2024-09-08 18:44:52+00,2024-09-16 18:44:52+00,6942.95,2024-09-08 18:44:52+00,2025-01-02 09:13:42+00
10148c2c-fff1-5efd-980a-b84f92a80fd8,ORD-2024-00252,3a37cd7d-a21c-5a5c-be88-e36a3a4834b8,fulfilled,2024-08-27 22:33:47+00,2024-09-25 22:33:47+00,29358.81,2024-08-27 22:33:47+00,2025-01-02 09:13:04+00
a1ce540f-1d75-524f-848f-737b19224582,ORD-2024-00253,376d259e-b7f2-5e59-bedf-e24df5c7135e,fulfilled,2024-03-07 17:00:16+00,2024-03-19 17:00:16+00,25443.86,2024-03-07 17:00:16+00,2025-01-02 09:22:49+00
0dff966e-7e1f-5b8f-8d3b-5a84a94eb6e8,ORD-2024-00254,af40e653-9aa2-564b-9727-c21fc59311fb,fulfilled,2024-01-15 17:32:45+00,2024-01-30 17:32:45+00,2029.83,2024-01-15 17:32:45+00,2025-01-02 09:01:35+00
5eae3233-cf6e-50d7-8529-fb7d0b0775bf,ORD-2024-00255,a332481f-39fe-530d-9643-30844a7a6856,fulfilled,2024-11-26 17:08:49+00,2024-12-23 17:08:49+00,22935.86,2024-11-26 17:08:49+00,2025-01-02 09:01:47+00
5833c3ea-a842-5c0d-a03a-1398cc8c38f8,ORD-2024-00256,a7ff7b3c-0aca-5f55-96bb-b15dd7aa9b57,fulfilled,2024-10-03 08:14:12+00,2024-10-22 08:14:12+00,32794.11,2024-10-03 08:14:12+00,2025-01-02 09:06:06+00
39239819-8cf5-5089-9dc9-7da0fc8ad87b,ORD-2024-00257,9d0f08d9-ea95-569b-b50a-b20d145de37b,fulfilled,2024-03-07 15:30:24+00,2024-04-01 15:30:24+00,28559.18,2024-03-07 15:30:24+00,2025-01-02 09:05:27+00
1ad1f1af-b33d-57db-96cc-3a8763ea8e1d,ORD-2024-00258,e36d1ee6-31d5-554e-b3a2-a657017481e8,fulfilled,2024-03-21 16:05:43+00,2024-03-30 16:05:43+00,24170.42,2024-03-21 16:05:43+00,2025-01-02 09:00:28+00
7f9aafac-086d-5745-a169-3c377c5989a2,ORD-2024-00259,c1cd43be-502d-59a3-9851-b14ae9f42241,fulfilled,2024-09-19 17:28:11+00,2024-10-19 17:28:11+00,11619.0,2024-09-19 17:28:11+00,2025-01-02 09:00:50+00
8ea67f61-a267-53d6-b251-bf32fb3ae238,ORD-2024-00260,15756e6e-85c3-577b-950c-76e4d139d70b,fulfilled,2024-07-20 16:20:19+00,2024-08-10 16:20:19+00,27305.5,2024-07-20 16:20:19+00,2025-01-02 09:22:07+00
c1e9a742-7208-5c79-9ea1-41789de1e931,ORD-2024-00261,e93b2b5a-153a-5278-8baa-3cee895f9b80,fulfilled,2024-01-03 22:11:43+00,2024-02-01 22:11:43+00,58736.49,2024-01-03 22:11:43+00,2025-01-02 09:08:31+00
c9e74f4c-ff53-5132-9107-2a383d0f8189,ORD-2024-00262,84932fe2-b7e5-5d4b-a6c0-0f6a7c6c7697,fulfilled,2024-03-05 18:07:38+00,2024-03-18 18:07:38+00,10064.58,2024-03-05 18:07:38+00,2025-01-02 09:23:30+00
0ee49796-fbcf-53a4-9b23-8af3b6881af7,ORD-2024-00263,0be1a0d0-a71f-5728-b1e8-d659d1509b9d,fulfilled,2024-11-28 19:42:44+00,2024-12-14 19:42:44+00,27989.14,2024-11-28 19:42:44+00,2025-01-02 09:23:54+00
b152ba7d-936c-5930-9c63-efcc3f829e4f,ORD-2024-00264,fa10adbb-db7c-551b-8f4b-84ea56b920fa,fulfilled,2024-10-02 13:00:32+00,2024-10-31 13:00:32+00,39188.41,2024-10-02 13:00:32+00,2025-01-02 09:14:40+00
cdf20679-9986-56d1-b47d-9fb7b6129a09,ORD-2024-00265,376d259e-b7f2-5e59-bedf-e24df5c7135e,fulfilled,2024-11-09 23:04:08+00,2024-12-04 23:04:08+00,115700.84,2024-11-09 23:04:08+00,2025-01-02 09:10:30+00
09ebac59-9bee-5ec6-b9b7-1ba1f96385dd,ORD-2024-00266,6784b6cb-ada1-5ce9-87fe-dcb5d8da6777,fulfilled,2024-12-23 22:19:39+00,2025-01-10 22:19:39+00,36202.96,2024-12-23 22:19:39+00,2025-01-02 09:26:23+00
f0e86baa-0d05-5d76-906b-4471adb8dceb,ORD-2024-00267,a15a8221-9337-53f4-b65d-9b95d1010476,open,2024-10-20 11:19:16+00,2024-11-17 11:19:16+00,16524.07,2024-10-20 11:19:16+00,2025-01-02 09:04:27+00
3831ff71-5811-5c46-80c6-72dc6e0458fd,ORD-2024-00268,17493bb8-1af9-5bad-894c-42000568382a,open,2024-09-22 10:11:55+00,2024-10-01 10:11:55+00,147685.12,2024-09-22 10:11:55+00,2025-01-02 09:07:24+00
63a98f64-c707-55b1-8d96-d012c7f87331,ORD-2024-00269,a15a8221-9337-53f4-b65d-9b95d1010476,fulfilled,2024-01-25 00:10:19+00,2024-02-20 00:10:19+00,11077.3,2024-01-25 00:10:19+00,2025-01-02 09:17:27+00
a6ea28c5-86b2-57e7-81e4-38bb9b137879,ORD-2024-00270,3a37cd7d-a21c-5a5c-be88-e36a3a4834b8,fulfilled,2024-03-26 09:38:23+00,2024-04-07 09:38:23+00,3647.01,2024-03-26 09:38:23+00,2025-01-02 09:05:41+00
5b6be6a5-8d1a-58bf-9632-7c0577a46486,ORD-2024-00271,6d75e0d1-1efe-5931-9d5e-3bc3cbc64a91,fulfilled,2024-10-24 09:10:31+00,2024-11-04 09:10:31+00,12879.36,2024-10-24 09:10:31+00,2025-01-02 09:04:39+00
6a1a31b2-b53d-512d-9d32-291e021f2513,ORD-2024-00272,8d9417d8-6bc9-5a0d-ba9b-f63932cd4c8e,fulfilled,2024-10-11 12:34:28+00,2024-10-29 12:34:28+00,50198.18,2024-10-11 12:34:28+00,2025-01-02 09:08:28+00
32422e51-896f-5bd6-8eda-0c3363da4cae,ORD-2024-00273,610cf61b-4a53-5e88-9a30-663db1a07adb,fulfilled,2024-09-01 15:09:56+00,2024-09-24 15:09:56+00,38497.08,2024-09-01 15:09:56+00,2025-01-02 09:11:43+00
145fdf11-be5c-598e-a0f1-dca7623d84b5,ORD-2024-00274,21b12f34-79a4-57c6-b5b8-eedb2e45534c,fulfilled,2024-03-25 22:02:31+00,2024-04-05 22:02:31+00,4926.09,2024-03-25 22:02:31+00,2025-01-02 09:10:54+00
31cc11d0-0240-51df-8b5c-90b1eff1d89d,ORD-2024-00275,82154faa-4a8f-5094-9e66-a29cb1b5d3d1,fulfilled,2024-11-24 13:23:29+00,2024-12-17 13:23:29+00,24059.22,2024-11-24 13:23:29+00,2025-01-02 09:06:10+00
b8324651-e5ed-5808-b52d-cdabf9af16d5,ORD-2024-00276,55a3ef43-28a9-5d2b-b239-aac0c74b22ec,fulfilled,2024-11-29 23:44:17+00,2024-12-15 23:44:17+00,7294.47,2024-11-29 23:44:17+00,2025-01-02 09:04:48+00
d90093b0-3d90-5012-a597-f5639b6dbc20,ORD-2024-00277,bce7b040-bec6-5d46-9fbe-e2186050257e,open,2024-09-07 09:34:55+00,2024-09-24 09:34:55+00,9026.21,2024-09-07 09:34:55+00,2025-01-02 09:01:00+00
25e5a949-04ed-5f5f-85e4-3b40bd182009,ORD-2024-00278,656060c3-326e-5f29-92b9-5f5955a484bf,open,2024-09-24 08:25:27+00,2024-10-12 08:25:27+00,15280.32,2024-09-24 08:25:27+00,2025-01-02 09:20:33+00
2c418c81-2bcb-55db-87e5-4a6a662c75b6,ORD-2024-00279,af40e653-9aa2-564b-9727-c21fc59311fb,fulfilled,2024-03-04 23:00:21+00,2024-03-18 23:00:21+00,10095.19,2024-03-04 23:00:21+00,2025-01-02 09:10:36+00
ac3ad94b-96a5-517a-923f-bd80bdbd96a4,ORD-2024-00280,8b1971d5-2d5e-5051-afaf-84b9039df634,fulfilled,2024-09-11 16:39:45+00,2024-09-29 16:39:45+00,10208.12,2024-09-11 16:39:45+00,2025-01-02 09:03:27+00
7f793eef-8982-55e0-abc5-0c6d446a8d2c,ORD-2024-00281,472885fd-16ec-5ba5-9b52-d867cd0d2522,fulfilled,2024-09-26 22:35:25+00,2024-10-11 22:35:25+00,44589.16,2024-09-26 22:35:25+00,2025-01-02 09:05:38+00
ad97aa28-1590-5216-b5dd-dbc4abfaa769,ORD-2024-00282,701efb7a-bbe7-5af8-8672-2fa15a6d8a88,fulfilled,2024-09-23 11:31:05+00,2024-10-05 11:31:05+00,157616.46,2024-09-23 11:31:05+00,2025-01-02 09:08:52+00
d90dffd5-d4d0-5cb5-b9d0-e1ae3968c842,ORD-2024-00283,c8438077-e206-5367-b35c-60dfbc434f07,open,2024-03-01 21:25:33+00,2024-03-08 21:25:33+00,23525.35,2024-03-01 21:25:33+00,2025-01-02 09:11:28+00
4091a1cb-9c0f-597a-9dd7-c7f637c82405,ORD-2024-00284,4ec05809-1563-566e-a6d2-e3dd9ced06a2,open,2024-10-01 09:37:22+00,2024-10-09 09:37:22+00,38137.65,2024-10-01 09:37:22+00,2025-01-02 09:22:20+00
607c465b-02c2-50e0-b4e4-e93992f2ff02,ORD-2024-00285,fff984d9-fdb9-5beb-8425-09c0748f8d86,fulfilled,2024-09-15 23:30:39+00,2024-10-02 23:30:39+00,13138.79,2024-09-15 23:30:39+00,2025-01-02 09:24:01+00
ac48c80e-23db-5f4c-a758-79997ba8dd43,ORD-2024-00286,6030a031-f992-59e5-a3c0-5377ac1da383,fulfilled,2024-09-18 08:30:14+00,2024-09-27 08:30:14+00,23005.08,2024-09-18 08:30:14+00,2025-01-02 09:13:42+00
041c6a48-cc4b-5a9f-9b5a-79c59a0c7501,ORD-2024-00287,6e21c4af-2f50-5bd1-98d3-056533531374,fulfilled,2024-11-26 00:42:14+00,2024-12-04 00:42:14+00,31419.05,2024-11-26 00:42:14+00,2025-01-02 09:06:20+00
854cc2d9-0243-5de1-a692-5868a28cf26c,ORD-2024-00288,43a593ec-3f7e-5579-abee-cc11dea3b110,fulfilled,2024-04-02 16:14:02+00,2024-04-27 16:14:02+00,49232.78,2024-04-02 16:14:02+00,2025-01-02 09:21:37+00
82a67d84-6f78-55d1-aaf7-1f981544a580,ORD-2024-00289,882df9e5-b9b5-5cb8-bdf2-fc259061c971,fulfilled,2024-01-14 00:17:33+00,2024-01-24 00:17:33+00,4432.79,2024-01-14 00:17:33+00,2025-01-02 09:21:21+00
edc6ae4b-ad10-5f29-8e99-b17a4132b71e,ORD-2024-00290,5a7da0cc-cd16-5e8c-b45f-a3da148f652a,fulfilled,2024-07-27 18:22:12+00,2024-08-04 18:22:12+00,59295.74,2024-07-27 18:22:12+00,2025-01-02 09:03:42+00
0602f783-289f-5f2c-a649-71aae44af0d2,ORD-2024-00291,33f6b6c0-ceaa-50c9-87ef-a14b7a894484,fulfilled,2024-11-02 01:34:43+00,2024-11-12 01:34:43+00,14798.86,2024-11-02 01:34:43+00,2025-01-02 09:05:02+00
d144e99c-2303-5a65-a28c-c5c6060c7309,ORD-2024-00292,20cec640-caba-5f57-a634-21124350a964,fulfilled,2024-01-10 20:40:00+00,2024-02-03 20:40:00+00,25340.39,2024-01-10 20:40:00+00,2025-01-02 09:25:17+00
ae875f22-38af-54f0-8685-69546b3e43c5,ORD-2024-00293,43a593ec-3f7e-5579-abee-cc11dea3b110,fulfilled,2024-04-14 18:11:28+00,2024-05-04 18:11:28+00,14812.01,2024-04-14 18:11:28+00,2025-01-02 09:00:47+00
1adf2db5-9ca4-53ed-97ca-8ee4baf37d4a,ORD-2024-00294,a60af1a9-f379-523a-9b8d-b1d84c77daf5,open,2024-11-07 17:34:50+00,2024-12-07 17:34:50+00,17552.29,2024-11-07 17:34:50+00,2025-01-02 09:05:46+00
c30bee7c-8743-5fd7-846c-9ed000fff4ff,ORD-2024-00295,6b8d0ad4-e55b-579c-a3ec-4314615e1416,fulfilled,2024-03-03 18:19:04+00,2024-03-26 18:19:04+00,14687.32,2024-03-03 18:19:04+00,2025-01-02 09:12:19+00
2b533ab4-f4b5-5e96-afca-ecb2ede940ee,ORD-2024-00296,6d75e0d1-1efe-5931-9d5e-3bc3cbc64a91,fulfilled,2024-11-02 21:09:07+00,2024-11-28 21:09:07+00,46867.78,2024-11-02 21:09:07+00,2025-01-02 09:08:48+00
cb58edf6-95d5-5ece-bd47-1666392bc32a,ORD-2024-00297,20cec640-caba-5f57-a634-21124350a964,open,2024-11-29 17:30:23+00,2024-12-18 17:30:23+00,11052.04,2024-11-29 17:30:23+00,2025-01-02 09:27:45+00
e8eda72c-5e4d-517d-8077-8663aa48eb3c,ORD-2024-00298,dd04dcf0-0ef8-512b-8f0f-08e72d73597d,fulfilled,2024-11-12 11:06:08+00,2024-12-11 11:06:08+00,19252.83,2024-11-12 11:06:08+00,2025-01-02 09:22:04+00
2645d4a0-c2c5-5d5d-9592-ff6dc2276345,ORD-2024-00299,68721960-e719-596c-8ac8-678d741ca0d7,open,2024-12-27 01:13:23+00,2025-01-11 01:13:23+00,26858.74,2024-12-27 01:13:23+00,2025-01-02 09:28:00+00
06c2f149-7885-57fd-8eda-4bbff05dd415,ORD-2024-00300,20cec640-caba-5f57-a634-21124350a964,fulfilled,2024-03-24 12:13:05+00,2024-04-22 12:13:05+00,175409.55,2024-03-24 12:13:05+00,2025-01-02 09:00:53+00
d8d686a5-da2f-501e-b0e7-bf3a91bd1980,ORD-2024-00301,40a4c782-5faf-50ff-ae54-2e423f43ecab,fulfilled,2024-07-27 20:35:22+00,2024-08-19 20:35:22+00,1351.51,2024-07-27 20:35:22+00,2025-01-02 09:19:41+00
9ec203c5-0363-5bd5-9c4f-254956181f68,ORD-2024-00302,90a8f1f8-f18a-591c-ad50-68ea8e5f6a2d,fulfilled,2024-08-04 00:00:21+00,2024-08-13 00:00:21+00,10565.5,2024-08-04 00:00:21+00,2025-01-02 09:08:37+00
0f998c81-1136-553b-8912-346a8b17d85b,ORD-2024-00303,d8822011-b10c-57ad-b7bf-e90f8f5b5c99,fulfilled,2024-02-08 19:22:28+00,2024-03-06 19:22:28+00,7637.83,2024-02-08 19:22:28+00,2025-01-02 09:03:36+00
47c35b61-29b1-595d-b926-bb8ea17765b9,ORD-2024-00304,fa10adbb-db7c-551b-8f4b-84ea56b920fa,fulfilled,2024-09-27 12:16:52+00,2024-10-14 12:16:52+00,12696.39,2024-09-27 12:16:52+00,2025-01-02 09:02:43+00
44e3239b-dab2-5862-82d5-d1606151a1c9,ORD-2024-00305,ca6a232d-adb6-56ba-8f2a-dbcaf3b586d1,fulfilled,2024-02-08 01:06:31+00,2024-02-18 01:06:31+00,1405.37,2024-02-08 01:06:31+00,2025-01-02 09:06:27+00
4e68dfd5-66c5-5970-b389-18dc76b304bd,ORD-2024-00306,c8438077-e206-5367-b35c-60dfbc434f07,fulfilled,2024-09-26 15:03:44+00,2024-10-16 15:03:44+00,4696.93,2024-09-26 15:03:44+00,2025-01-02 09:19:25+00
924c3e08-ddf3-5305-8be9-b1160d5dd21d,ORD-2024-00307,dab3a251-1b55-5799-a144-04f4b708d8c8,fulfilled,2024-10-04 17:28:03+00,2024-11-01 17:28:03+00,6627.86,2024-10-04 17:28:03+00,2025-01-02 09:26:51+00
cc517f64-7f32-579e-b389-a1c5ed19952f,ORD-2024-00308,e93b2b5a-153a-5278-8baa-3cee895f9b80,fulfilled,2024-08-08 01:23:11+00,2024-08-15 01:23:11+00,26796.5,2024-08-08 01:23:11+00,2025-01-02 09:13:44+00
fc3950c4-1f71-5df6-b848-caa141dfd9ff,ORD-2024-00309,6784b6cb-ada1-5ce9-87fe-dcb5d8da6777,fulfilled,2024-09-17 20:32:51+00,2024-09-29 20:32:51+00,11678.88,2024-09-17 20:32:51+00,2025-01-02 09:11:22+00
b37f25ad-b3d2-546c-9857-d66e6d757196,ORD-2024-00310,472885fd-16ec-5ba5-9b52-d867cd0d2522,open,2024-09-19 21:36:56+00,2024-10-11 21:36:56+00,15920.47,2024-09-19 21:36:56+00,2025-01-02 09:08:54+00
5c4c9cf7-79c9-5024-aaf9-69fa7ad3b2e5,ORD-2024-00311,9edece38-c5cb-5551-8ef5-c5a9ac905426,fulfilled,2024-10-13 16:13:20+00,2024-10-26 16:13:20+00,4993.16,2024-10-13 16:13:20+00,2025-01-02 09:11:52+00
345d0c25-e291-5869-8530-e27ee66add5d,ORD-2024-00312,d466c3ec-bf7a-51b6-a632-8557413f9555,fulfilled,2024-12-21 23:22:36+00,2025-01-07 23:22:36+00,30969.04,2024-12-21 23:22:36+00,2025-01-02 09:05:26+00
d9142b6c-59d2-5baf-a4e7-0e4e4d0900fa,ORD-2024-00313,82175555-0df5-5ff3-993e-8039ea26bb13,open,2024-11-23 19:31:50+00,2024-12-15 19:31:50+00,7619.44,2024-11-23 19:31:50+00,2025-01-02 09:11:14+00
62d008d8-47d8-57d6-87b1-d2536327995a,ORD-2024-00314,d466c3ec-bf7a-51b6-a632-8557413f9555,fulfilled,2024-03-13 20:43:05+00,2024-03-31 20:43:05+00,2436.17,2024-03-13 20:43:05+00,2025-01-02 09:23:42+00
b6dc1e62-fca4-54b4-8f1c-624ecd6efc08,ORD-2024-00315,43a593ec-3f7e-5579-abee-cc11dea3b110,fulfilled,2024-11-06 13:37:51+00,2024-11-13 13:37:51+00,9351.08,2024-11-06 13:37:51+00,2025-01-02 09:10:41+00
eedb35b9-65cc-5fe2-b0ac-3f65ccfb1f4e,ORD-2024-00316,987aa102-613d-5ff6-849a-3630f8d18d22,open,2024-09-15 11:25:14+00,2024-10-08 11:25:14+00,27366.38,2024-09-15 11:25:14+00,2025-01-02 09:03:19+00
1a4d02d5-651b-5dca-b6e1-8b9d5b7fa99c,ORD-2024-00317,e36d1ee6-31d5-554e-b3a2-a657017481e8,fulfilled,2024-03-19 11:36:33+00,2024-04-05 11:36:33+00,29372.94,2024-03-19 11:36:33+00,2025-01-02 09:15:10+00
b2701f20-0642-5459-9c9a-b51b2104b5af,ORD-2024-00318,701efb7a-bbe7-5af8-8672-2fa15a6d8a88,fulfilled,2024-10-26 23:05:33+00,2024-11-21 23:05:33+00,7555.29,2024-10-26 23:05:33+00,2025-01-02 09:26:30+00
cb7c6acc-accd-5261-964e-39240431592a,ORD-2024-00319,40a4c782-5faf-50ff-ae54-2e423f43ecab,fulfilled,2024-11-27 00:35:25+00,2024-12-26 00:35:25+00,34168.52,2024-11-27 00:35:25+00,2025-01-02 09:13:17+00
45e97d30-c6e6-5e8a-b16f-02c73da998f7,ORD-2024-00320,69b6a0f5-490b-57ce-8263-3ce92ba30ca7,fulfilled,2024-10-25 16:13:51+00,2024-11-13 16:13:51+00,17350.77,2024-10-25 16:13:51+00,2025-01-02 09:10:54+00
fd996cef-b1fe-5721-85fc-d9b0cdddcd77,ORD-2024-00321,33f6b6c0-ceaa-50c9-87ef-a14b7a894484,open,2024-07-10 20:09:10+00,2024-07-31 20:09:10+00,19594.77,2024-07-10 20:09:10+00,2025-01-02 09:14:11+00
787fbb2f-146b-5e54-bcac-b68ddd739d53,ORD-2024-00322,b5d10f22-4ee1-5e81-9bfd-b8444cd7f135,fulfilled,2024-07-07 23:26:06+00,2024-07-21 23:26:06+00,28732.01,2024-07-07 23:26:06+00,2025-01-02 09:24:27+00
0d5440a8-6f89-5139-9d8d-6d948a4da1f5,ORD-2024-00323,1def03a6-0b94-511e-897c-e25452c101df,open,2024-05-21 19:04:52+00,2024-06-03 19:04:52+00,347100.08,2024-05-21 19:04:52+00,2025-01-02 09:20:56+00
5a5a8067-deff-5274-93db-24a8ce9cf652,ORD-2024-00324,a60af1a9-f379-523a-9b8d-b1d84c77daf5,fulfilled,2024-10-05 20:20:26+00,2024-10-24 20:20:26+00,55318.21,2024-10-05 20:20:26+00,2025-01-02 09:19:07+00
bde9edb5-5629-5fd0-ad20-11f2696a13d6,ORD-2024-00325,33f6b6c0-ceaa-50c9-87ef-a14b7a894484,fulfilled,2024-08-30 19:37:43+00,2024-09-20 19:37:43+00,33329.76,2024-08-30 19:37:43+00,2025-01-02 09:07:31+00
ca33e549-2411-54d6-a81a-8d3238895863,ORD-2024-00326,b11e0fe2-d3ca-56c4-87e6-41b0cd51c8b7,open,2024-10-12 16:39:25+00,2024-11-11 16:39:25+00,16286.56,2024-10-12 16:39:25+00,2025-01-02 09:14:23+00
a46a8f2d-0e0a-502b-9c47-4b33c148db4c,ORD-2024-00327,be28f57a-f99d-5214-962c-8161db3db2d6,fulfilled,2024-06-30 21:29:03+00,2024-07-29 21:29:03+00,16895.19,2024-06-30 21:29:03+00,2025-01-02 09:10:20+00
e62ee65a-f5fe-509c-8793-535d397d5709,ORD-2024-00328,bdcbbfa9-6b02-53be-924e-36542bfb1ba2,fulfilled,2024-11-05 01:26:41+00,2024-11-24 01:26:41+00,4067.78,2024-11-05 01:26:41+00,2025-01-02 09:28:56+00
e7cd76f0-2a70-57ff-9f0e-3bd56dd46c5f,ORD-2024-00329,68721960-e719-596c-8ac8-678d741ca0d7,fulfilled,2024-02-25 21:30:49+00,2024-03-05 21:30:49+00,29460.46,2024-02-25 21:30:49+00,2025-01-02 09:20:32+00
5f40649a-c564-55a5-8f1e-f97a8c27c3f9,ORD-2024-00330,9d0f08d9-ea95-569b-b50a-b20d145de37b,fulfilled,2024-09-07 16:04:44+00,2024-09-21 16:04:44+00,27472.16,2024-09-07 16:04:44+00,2025-01-02 09:11:02+00
56d98837-91f0-5f86-b256-bb5ef8cea516,ORD-2024-00331,0ef59677-af08-5b7f-9ee4-76ab9978fd4b,fulfilled,2024-10-18 14:32:38+00,2024-10-31 14:32:38+00,9337.11,2024-10-18 14:32:38+00,2025-01-02 09:00:53+00
4893eaf0-dfb6-5585-a736-2db82173d2e9,ORD-2024-00332,ac9c209f-9afd-5a17-a35e-b73d53242c80,fulfilled,2024-06-08 01:31:19+00,2024-06-19 01:31:19+00,29274.49,2024-06-08 01:31:19+00,2025-01-02 09:28:16+00
42121a1d-9447-5560-8570-89599def6164,ORD-2024-00333,90a8f1f8-f18a-591c-ad50-68ea8e5f6a2d,fulfilled,2024-05-27 23:20:18+00,2024-06-08 23:20:18+00,44377.24,2024-05-27 23:20:18+00,2025-01-02 09:20:27+00
f6df1ccd-4df5-5f76-bf7b-ac3fbd2202ee,ORD-2024-00334,0be1a0d0-a71f-5728-b1e8-d659d1509b9d,fulfilled,2024-05-02 18:42:52+00,2024-05-11 18:42:52+00,17106.52,2024-05-02 18:42:52+00,2025-01-02 09:22:20+00
04aa960a-dd57-56ce-9192-97916b746398,ORD-2024-00335,1fee1bd7-9e79-5339-a3e3-99b0b3ea95b6,fulfilled,2024-02-09 17:22:15+00,2024-02-24 17:22:15+00,15195.85,2024-02-09 17:22:15+00,2025-01-02 09:29:52+00
3d357a77-1233-5bc3-8ea5-b81d4e960fec,ORD-2024-00336,8b1971d5-2d5e-5051-afaf-84b9039df634,fulfilled,2024-08-24 22:27:15+00,2024-08-31 22:27:15+00,37156.7,2024-08-24 22:27:15+00,2025-01-02 09:06:01+00
139ee614-d792-593b-b5e0-883d537c6977,ORD-2024-00337,32f71c31-97b9-5805-88b8-62a40829f7da,fulfilled,2024-10-07 19:29:52+00,2024-10-22 19:29:52+00,7761.33,2024-10-07 19:29:52+00,2025-01-02 09:13:54+00
df90a4c6-7ffb-5199-93bf-753da446a138,ORD-2024-00338,20cec640-caba-5f57-a634-21124350a964,fulfilled,2024-09-30 22:00:45+00,2024-10-21 22:00:45+00,25962.98,2024-09-30 22:00:45+00,2025-01-02 09:05:02+00
5547fe68-b74a-5da9-9f6f-9be4f7574661,ORD-2024-00339,cd4d763f-2e45-5f33-9a4d-479a6118b65d,open,2024-09-24 17:21:02+00,2024-10-01 17:21:02+00,7806.03,2024-09-24 17:21:02+00,2025-01-02 09:17:27+00
eab894dc-1a7a-5bf4-86bf-d07c9f526b71,ORD-2024-00340,b5d10f22-4ee1-5e81-9bfd-b8444cd7f135,fulfilled,2024-10-03 08:28:47+00,2024-10-20 08:28:47+00,26799.27,2024-10-03 08:28:47+00,2025-01-02 09:21:01+00
27a51ada-bd52-57f9-9e78-51c0aae6b42a,ORD-2024-00341,21222ab4-7eac-53e6-97ad-2f25c264ce99,fulfilled,2024-09-14 16:07:21+00,2024-10-11 16:07:21+00,10618.76,2024-09-14 16:07:21+00,2025-01-02 09:27:36+00
8e6ad690-9b0a-5894-886b-ff83fb86a838,ORD-2024-00342,82154faa-4a8f-5094-9e66-a29cb1b5d3d1,fulfilled,2024-04-19 17:11:51+00,2024-05-06 17:11:51+00,4082.55,2024-04-19 17:11:51+00,2025-01-02 09:16:27+00
8daeac10-fbb2-55e0-befd-2b48986995d3,ORD-2024-00343,1fee1bd7-9e79-5339-a3e3-99b0b3ea95b6,fulfilled,2024-09-02 09:14:55+00,2024-09-28 09:14:55+00,40932.47,2024-09-02 09:14:55+00,2025-01-02 09:12:39+00
8b243bb7-04f4-5290-9ad9-159e63e7ed96,ORD-2024-00344,de69bd87-c78a-58a5-9513-942fd4e74825,fulfilled,2024-12-21 18:43:22+00,2025-01-07 18:43:22+00,20469.28,2024-12-21 18:43:22+00,2025-01-02 09:23:05+00
a88fa986-a878-5994-b2a2-75a13f1abfdf,ORD-2024-00345,33f6b6c0-ceaa-50c9-87ef-a14b7a894484,fulfilled,2024-03-04 20:29:15+00,2024-03-13 20:29:15+00,6708.59,2024-03-04 20:29:15+00,2025-01-02 09:16:45+00
54566af7-194d-5281-95a2-ad4a35355893,ORD-2024-00346,57b37dbe-1f1a-504a-8d5b-f2f8211e521c,fulfilled,2024-04-13 18:43:49+00,2024-05-13 18:43:49+00,37177.51,2024-04-13 18:43:49+00,2025-01-02 09:05:12+00
af8df386-612b-5b41-b9a9-bf957384c072,ORD-2024-00347,435ed520-80ab-5538-be50-40bd7f496e48,fulfilled,2024-06-18 21:36:49+00,2024-07-16 21:36:49+00,18916.8,2024-06-18 21:36:49+00,2025-01-02 09:02:01+00
1a9c0d73-aaaf-521e-8c9a-13f698631f8e,ORD-2024-00348,b39e36f0-6bb3-5217-bfbe-f8451a3635d6,open,2024-11-18 16:33:33+00,2024-11-26 16:33:33+00,15261.35,2024-11-18 16:33:33+00,2025-01-02 09:24:53+00
66b6c336-aa2a-56a0-be38-4d5a828e78cd,ORD-2024-00349,6784b6cb-ada1-5ce9-87fe-dcb5d8da6777,fulfilled,2024-04-14 19:29:05+00,2024-04-26 19:29:05+00,8478.21,2024-04-14 19:29:05+00,2025-01-02 09:22:39+00
1cc9406e-0f07-50de-bb2d-8b99248c2f8d,ORD-2024-00350,3db84242-5edf-5d00-93c2-32b9d7f86c8b,fulfilled,2024-08-17 19:32:50+00,2024-09-04 19:32:50+00,22461.26,2024-08-17 19:32:50+00,2025-01-02 09:24:47+00
2ba4ada2-2a17-55f1-bc6e-5ef8f4fce01b,ORD-2024-00351,bce7b040-bec6-5d46-9fbe-e2186050257e,fulfilled,2024-09-20 16:10:25+00,2024-10-05 16:10:25+00,21779.48,2024-09-20 16:10:25+00,2025-01-02 09:06:32+00
51571f04-3b5d-5a11-bbf6-dd0429c51001,ORD-2024-00352,06d6c1ee-4775-5e92-aede-41001355353a,fulfilled,2024-04-07 16:34:10+00,2024-04-29 16:34:10+00,22914.8,2024-04-07 16:34:10+00,2025-01-02 09:24:17+00
f9b0e01f-2caa-530f-be90-30220fe45fc3,ORD-2024-00353,c96e1921-2d37-5994-9580-cb136e2af43e,fulfilled,2024-10-16 18:29:47+00,2024-11-15 18:29:47+00,26735.96,2024-10-16 18:29:47+00,2025-01-02 09:03:23+00
1082ba17-9e62-5db5-95f3-3821bb861c5b,ORD-2024-00354,ca6a232d-adb6-56ba-8f2a-dbcaf3b586d1,fulfilled,2024-05-04 23:24:40+00,2024-05-11 23:24:40+00,13049.91,2024-05-04 23:24:40+00,2025-01-02 09:09:47+00
bba20bc2-c8b2-53ff-bf42-c803433ef901,ORD-2024-00355,6d75e0d1-1efe-5931-9d5e-3bc3cbc64a91,fulfilled,2024-10-23 18:06:18+00,2024-11-11 18:06:18+00,24384.4,2024-10-23 18:06:18+00,2025-01-02 09:23:38+00
1343e246-c255-52d5-a03a-7712ba7ec40c,ORD-2024-00356,33f6b6c0-ceaa-50c9-87ef-a14b7a894484,fulfilled,2024-07-15 01:28:05+00,2024-08-14 01:28:05+00,11845.61,2024-07-15 01:28:05+00,2025-01-02 09:06:42+00
cac99288-24c5-55ef-88d9-8c0668039d37,ORD-2024-00357,0ef59677-af08-5b7f-9ee4-76ab9978fd4b,fulfilled,2024-06-25 18:14:18+00,2024-07-11 18:14:18+00,13529.03,2024-06-25 18:14:18+00,2025-01-02 09:29:11+00
0eb6026d-5a12-5a0f-a72f-fc0adbab5683,ORD-2024-00358,a60af1a9-f379-523a-9b8d-b1d84c77daf5,fulfilled,2024-10-17 14:44:40+00,2024-10-29 14:44:40+00,9861.18,2024-10-17 14:44:40+00,2025-01-02 09:00:20+00
bccd890f-6672-521e-92c4-ee185254f941,ORD-2024-00359,5a7da0cc-cd16-5e8c-b45f-a3da148f652a,fulfilled,2024-02-26 23:14:30+00,2024-03-27 23:14:30+00,17544.81,2024-02-26 23:14:30+00,2025-01-02 09:13:50+00
08dd21c6-1df1-5673-b73a-38c034821940,ORD-2024-00360,bdcbbfa9-6b02-53be-924e-36542bfb1ba2,fulfilled,2024-10-03 12:05:51+00,2024-10-12 12:05:51+00,23358.41,2024-10-03 12:05:51+00,2025-01-02 09:03:27+00
f3521edf-0978-5ee4-b82e-b06420cdbcae,ORD-2024-00361,d6827bcd-2217-50dd-b919-e2615973cd9e,fulfilled,2024-09-04 11:35:39+00,2024-09-27 11:35:39+00,25818.46,2024-09-04 11:35:39+00,2025-01-02 09:10:13+00
f9487762-39f6-57a6-83b9-26923f7276ab,ORD-2024-00362,79760680-5041-5c9e-a2f1-bd6ae1230100,fulfilled,2024-07-03 22:03:54+00,2024-07-13 22:03:54+00,18207.52,2024-07-03 22:03:54+00,2025-01-02 09:08:04+00
850e12e8-fd41-51ad-baac-1504c67ded2e,ORD-2024-00363,ac9c209f-9afd-5a17-a35e-b73d53242c80,fulfilled,2024-03-12 16:36:13+00,2024-03-26 16:36:13+00,23010.79,2024-03-12 16:36:13+00,2025-01-02 09:27:42+00
3529d45f-243d-5fd4-9e28-60a38ac51da9,ORD-2024-00364,dab3a251-1b55-5799-a144-04f4b708d8c8,fulfilled,2024-09-26 13:30:19+00,2024-10-15 13:30:19+00,12176.23,2024-09-26 13:30:19+00,2025-01-02 09:06:03+00
47042fb1-bdf4-5616-bb96-a53bf19573d1,ORD-2024-00365,9d714bd5-11ed-5ef2-a29e-f694b662e981,fulfilled,2024-09-20 11:09:46+00,2024-10-19 11:09:46+00,12059.38,2024-09-20 11:09:46+00,2025-01-02 09:17:24+00
84e3b06e-07e3-5949-b84a-844c1d6c70b2,ORD-2024-00366,d88fef10-8639-5a87-9e2f-68c3a0c9693c,fulfilled,2024-10-06 15:07:53+00,2024-10-20 15:07:53+00,7226.44,2024-10-06 15:07:53+00,2025-01-02 09:17:04+00
22553629-c6cf-571b-bc0b-4a6d96fedcad,ORD-2024-00367,6784b6cb-ada1-5ce9-87fe-dcb5d8da6777,fulfilled,2024-09-13 12:15:02+00,2024-10-05 12:15:02+00,11026.68,2024-09-13 12:15:02+00,2025-01-02 09:12:29+00
95fe203c-c747-5219-8b5c-fef86816c982,ORD-2024-00368,f00161cb-a7d6-52ca-8cdc-414dd71dfe6a,open,2024-09-08 17:22:43+00,2024-10-04 17:22:43+00,10766.35,2024-09-08 17:22:43+00,2025-01-02 09:18:02+00
cf6b5df8-67c6-54f4-975f-6283b034936b,ORD-2024-00369,656060c3-326e-5f29-92b9-5f5955a484bf,fulfilled,2024-10-26 11:15:15+00,2024-11-04 11:15:15+00,8241.64,2024-10-26 11:15:15+00,2025-01-02 09:19:42+00
aedcc769-4555-5b9c-9fbb-5147ff6819ef,ORD-2024-00370,15756e6e-85c3-577b-950c-76e4d139d70b,fulfilled,2024-04-06 17:08:41+00,2024-05-01 17:08:41+00,2150.55,2024-04-06 17:08:41+00,2025-01-02 09:21:13+00
3015acf7-276e-5420-8b16-3de3ba1c5192,ORD-2024-00371,9d714bd5-11ed-5ef2-a29e-f694b662e981,open,2024-09-25 13:08:37+00,2024-10-20 13:08:37+00,5645.82,2024-09-25 13:08:37+00,2025-01-02 09:09:53+00
15d48fd0-7ab6-527a-9252-cf029a69753b,ORD-2024-00372,69620e0a-b6d8-576c-a2d3-f2b60fc5605c,fulfilled,2024-05-31 19:31:06+00,2024-06-11 19:31:06+00,4471.13,2024-05-31 19:31:06+00,2025-01-02 09:15:27+00
f136de88-6294-51d5-ba9d-b20790327ff4,ORD-2024-00373,d88fef10-8639-5a87-9e2f-68c3a0c9693c,open,2024-12-18 17:39:10+00,2024-12-31 17:39:10+00,63922.64,2024-12-18 17:39:10+00,2025-01-02 09:01:20+00
d8ba3b69-42a1-5d46-9e18-f1ea0f07deba,ORD-2024-00374,bce7b040-bec6-5d46-9fbe-e2186050257e,open,2024-09-27 10:01:28+00,2024-10-17 10:01:28+00,44482.76,2024-09-27 10:01:28+00,2025-01-02 09:20:28+00
b84f6e13-7145-5a1b-b914-5b1a3e6b1b9b,ORD-2024-00375,e93b2b5a-153a-5278-8baa-3cee895f9b80,fulfilled,2024-09-23 12:31:14+00,2024-10-04 12:31:14+00,47565.46,2024-09-23 12:31:14+00,2025-01-02 09:22:29+00
a7ee03db-ca72-5be2-a532-3b45980a3ead,ORD-2024-00376,20cec640-caba-5f57-a634-21124350a964,fulfilled,2024-02-22 18:29:09+00,2024-03-01 18:29:09+00,4811.89,2024-02-22 18:29:09+00,2025-01-02 09:19:53+00
f08d33a8-17f5-5510-a8c3-9adb53334d4f,ORD-2024-00377,fff984d9-fdb9-5beb-8425-09c0748f8d86,open,2024-11-11 17:29:36+00,2024-11-30 17:29:36+00,9088.6,2024-11-11 17:29:36+00,2025-01-02 09:27:45+00
92d5d588-8724-5669-aca4-f9d70611526d,ORD-2024-00378,882df9e5-b9b5-5cb8-bdf2-fc259061c971,fulfilled,2024-03-29 22:44:57+00,2024-04-25 22:44:57+00,18096.62,2024-03-29 22:44:57+00,2025-01-02 09:00:43+00
391e82ff-dd9d-50c8-a159-1d3daf184f28,ORD-2024-00379,6219b356-39ca-5bc8-be19-a29487a519cd,fulfilled,2024-10-21 01:06:27+00,2024-11-12 01:06:27+00,18792.22,2024-10-21 01:06:27+00,2025-01-02 09:14:08+00
aacc5c64-c675-5f14-aeec-56a0780cbf9a,ORD-2024-00380,d466c3ec-bf7a-51b6-a632-8557413f9555,fulfilled,2024-10-02 00:35:25+00,2024-10-29 00:35:25+00,17259.94,2024-10-02 00:35:25+00,2025-01-02 09:20:24+00
1a2807a3-1823-57ac-b733-8a893a029fc4,ORD-2024-00381,2c05e62a-c525-5859-9607-d7f41b04ad2c,fulfilled,2024-09-18 15:21:27+00,2024-10-13 15:21:27+00,54506.8,2024-09-18 15:21:27+00,2025-01-02 09:19:38+00
ef50e1d4-5b16-55d4-9ebc-46c063eba5ae,ORD-2024-00382,8d9417d8-6bc9-5a0d-ba9b-f63932cd4c8e,open,2024-09-16 20:37:09+00,2024-10-14 20:37:09+00,2274.56,2024-09-16 20:37:09+00,2025-01-02 09:24:53+00
d65387b1-2a5b-5cb2-aa9b-583590f2b964,ORD-2024-00383,32f71c31-97b9-5805-88b8-62a40829f7da,fulfilled,2024-09-22 20:30:22+00,2024-10-21 20:30:22+00,14634.9,2024-09-22 20:30:22+00,2025-01-02 09:25:19+00
78125711-1369-54e0-904e-a56de52aa939,ORD-2024-00384,a332481f-39fe-530d-9643-30844a7a6856,open,2024-10-05 17:37:41+00,2024-10-20 17:37:41+00,7567.02,2024-10-05 17:37:41+00,2025-01-02 09:18:40+00
fde0d6b3-d41a-5bdc-9014-eee8f354879d,ORD-2024-00385,20cec640-caba-5f57-a634-21124350a964,open,2024-03-24 22:17:21+00,2024-04-22 22:17:21+00,15480.38,2024-03-24 22:17:21+00,2025-01-02 09:03:52+00
87d7b58b-b3f3-5b3e-83c9-1fe8d0788ff9,ORD-2024-00386,f66e129b-e63d-5b28-961f-769f873a7fe3,open,2024-04-08 21:44:13+00,2024-04-28 21:44:13+00,18877.41,2024-04-08 21:44:13+00,2025-01-02 09:18:50+00
5526b65f-f972-5e21-b128-42d550edd098,ORD-2024-00387,1fee1bd7-9e79-5339-a3e3-99b0b3ea95b6,fulfilled,2024-05-18 17:37:26+00,2024-06-14 17:37:26+00,8553.55,2024-05-18 17:37:26+00,2025-01-02 09:19:19+00
361b5b89-f2ce-5aa6-bf82-c67b81dfec98,ORD-2024-00388,bdcbbfa9-6b02-53be-924e-36542bfb1ba2,fulfilled,2024-03-15 19:06:41+00,2024-03-29 19:06:41+00,49728.45,2024-03-15 19:06:41+00,2025-01-02 09:04:23+00
b7ca2cdc-fee9-5696-b182-3274d7ae81f5,ORD-2024-00389,435ed520-80ab-5538-be50-40bd7f496e48,open,2024-03-09 17:06:45+00,2024-03-28 17:06:45+00,28575.14,2024-03-09 17:06:45+00,2025-01-02 09:07:36+00
5303c392-1d52-5ddf-b805-3f31f9060e71,ORD-2024-00390,82154faa-4a8f-5094-9e66-a29cb1b5d3d1,fulfilled,2024-07-25 23:17:41+00,2024-08-23 23:17:41+00,5808.24,2024-07-25 23:17:41+00,2025-01-02 09:26:54+00
067b166e-8e13-5e3b-a98b-fba66e827312,ORD-2024-00391,20cec640-caba-5f57-a634-21124350a964,open,2024-11-23 21:17:00+00,2024-12-22 21:17:00+00,40703.18,2024-11-23 21:17:00+00,2025-01-02 09:28:47+00
a25605ef-a1eb-5ce4-9a96-728644e5475c,ORD-2024-00392,882df9e5-b9b5-5cb8-bdf2-fc259061c971,fulfilled,2024-02-14 20:21:20+00,2024-02-23 20:21:20+00,12878.08,2024-02-14 20:21:20+00,2025-01-02 09:16:07+00
34ee6f66-c4a9-5569-acf6-5258c41e0c4c,ORD-2024-00393,20cec640-caba-5f57-a634-21124350a964,fulfilled,2024-09-09 16:28:56+00,2024-10-09 16:28:56+00,14688.1,2024-09-09 16:28:56+00,2025-01-02 09:02:26+00
dde47e5f-0fd3-5735-b549-ec142ab04dfa,ORD-2024-00394,2c836b74-f627-5f95-94c4-d112dd07eccc,fulfilled,2024-01-09 01:00:29+00,2024-02-02 01:00:29+00,41185.83,2024-01-09 01:00:29+00,2025-01-02 09:02:02+00
980937b8-4365-556d-80c9-678fa658e933,ORD-2024-00395,f66e129b-e63d-5b28-961f-769f873a7fe3,fulfilled,2024-10-03 13:09:06+00,2024-10-11 13:09:06+00,32274.96,2024-10-03 13:09:06+00,2025-01-02 09:08:48+00
54438693-595e-5779-89e8-015747d5ed4a,ORD-2024-00396,00f17243-2ba7-5bd7-a860-f35d5db95a21,fulfilled,2024-05-30 20:43:05+00,2024-06-15 20:43:05+00,15464.79,2024-05-30 20:43:05+00,2025-01-02 09:10:21+00
b8e24065-58b4-5073-8c32-66e6cc7a4556,ORD-2024-00397,aa563f9b-3bc0-53bb-a089-2d697c58bd09,fulfilled,2024-01-30 21:31:25+00,2024-02-09 21:31:25+00,7118.09,2024-01-30 21:31:25+00,2025-01-02 09:19:44+00
b826d4d3-53fe-5b2d-9519-7c15fb47d408,ORD-2024-00398,9edece38-c5cb-5551-8ef5-c5a9ac905426,fulfilled,2024-06-30 16:33:35+00,2024-07-23 16:33:35+00,9033.46,2024-06-30 16:33:35+00,2025-01-02 09:02:00+00
55a347d8-26c8-52c9-b688-8ce2ef9ffe0d,ORD-2024-00399,c8438077-e206-5367-b35c-60dfbc434f07,fulfilled,2024-05-08 19:25:33+00,2024-05-20 19:25:33+00,12416.49,2024-05-08 19:25:33+00,2025-01-02 09:16:53+00
ecf1c61d-ccac-5f5b-93f1-cdb1f5f62984,ORD-2024-00400,32f71c31-97b9-5805-88b8-62a40829f7da,fulfilled,2024-04-11 17:02:44+00,2024-05-11 17:02:44+00,30272.58,2024-04-11 17:02:44+00,2025-01-02 09:03:16+00
dfc690ea-2b99-5851-9612-facbc9ace238,ORD-2024-00401,17493bb8-1af9-5bad-894c-42000568382a,fulfilled,2024-09-10 18:27:17+00,2024-10-10 18:27:17+00,10328.83,2024-09-10 18:27:17+00,2025-01-02 09:22:25+00
5b351462-c4a7-5e0c-8d4f-fe2aa4efa0ca,ORD-2024-00402,e36d1ee6-31d5-554e-b3a2-a657017481e8,fulfilled,2024-11-01 14:32:46+00,2024-11-10 14:32:46+00,34186.17,2024-11-01 14:32:46+00,2025-01-02 09:03:34+00
dbb06fe8-f825-50aa-abda-6be2fabfe165,ORD-2024-00403,5a7da0cc-cd16-5e8c-b45f-a3da148f652a,fulfilled,2024-09-23 16:41:43+00,2024-10-18 16:41:43+00,10200.42,2024-09-23 16:41:43+00,2025-01-02 09:07:37+00
4f123db4-3834-5f80-b94f-bd19d06b3291,ORD-2024-00404,882df9e5-b9b5-5cb8-bdf2-fc259061c971,fulfilled,2024-03-15 22:13:37+00,2024-04-03 22:13:37+00,15571.65,2024-03-15 22:13:37+00,2025-01-02 09:22:30+00
d6325876-740a-5c15-b01d-e0bc363b9f0d,ORD-2024-00405,435ed520-80ab-5538-be50-40bd7f496e48,fulfilled,2024-11-14 11:21:50+00,2024-11-21 11:21:50+00,3083.43,2024-11-14 11:21:50+00,2025-01-02 09:14:24+00
a7561b57-cb43-50c7-b767-a51ed908e007,ORD-2024-00406,c96e1921-2d37-5994-9580-cb136e2af43e,open,2024-05-24 01:12:37+00,2024-06-11 01:12:37+00,18727.14,2024-05-24 01:12:37+00,2025-01-02 09:08:39+00
48eab87b-1552-59b1-a9c8-74d0bedcc18e,ORD-2024-00407,c9a0a4a0-7b81-57e6-ba8b-b3a1196e8418,fulfilled,2024-07-05 01:25:22+00,2024-07-18 01:25:22+00,11082.68,2024-07-05 01:25:22+00,2025-01-02 09:14:28+00
f5a9e076-58ac-5f6c-877e-448472652f0f,ORD-2024-00408,de69bd87-c78a-58a5-9513-942fd4e74825,fulfilled,2024-11-12 21:32:22+00,2024-12-12 21:32:22+00,9877.91,2024-11-12 21:32:22+00,2025-01-02 09:18:26+00
9e0b4363-60a7-5f68-80e7-efb80a1575eb,ORD-2024-00409,ca6a232d-adb6-56ba-8f2a-dbcaf3b586d1,open,2024-10-13 21:30:36+00,2024-11-02 21:30:36+00,7675.73,2024-10-13 21:30:36+00,2025-01-02 09:20:58+00
16ba7d05-9412-5ec7-9458-b6bba3cc6f1c,ORD-2024-00410,7e6d9d63-6aaa-5519-9803-e16f43463669,fulfilled,2024-09-14 16:18:42+00,2024-09-30 16:18:42+00,2673.64,2024-09-14 16:18:42+00,2025-01-02 09:01:50+00
63bfc2e8-b244-5958-b493-fa7d78d00f18,ORD-2024-00411,82ca6e61-6ac0-5546-8ae6-9a66c3224f86,fulfilled,2024-10-16 16:35:03+00,2024-11-08 16:35:03+00,22284.27,2024-10-16 16:35:03+00,2025-01-02 09:29:55+00
d73e5a9b-c13f-56cc-8d47-009b05409d61,ORD-2024-00412,656060c3-326e-5f29-92b9-5f5955a484bf,fulfilled,2024-09-19 23:35:50+00,2024-10-03 23:35:50+00,8472.45,2024-09-19 23:35:50+00,2025-01-02 09:13:08+00
640791d0-84ee-5620-81a4-6fc66bb475d3,ORD-2024-00413,6d75e0d1-1efe-5931-9d5e-3bc3cbc64a91,fulfilled,2024-05-22 18:03:31+00,2024-06-04 18:03:31+00,8794.64,2024-05-22 18:03:31+00,2025-01-02 09:24:14+00
2fcbec41-d2e6-5054-be28-abd6b2db9f18,ORD-2024-00414,656060c3-326e-5f29-92b9-5f5955a484bf,fulfilled,2024-11-05 21:37:29+00,2024-11-25 21:37:29+00,15877.11,2024-11-05 21:37:29+00,2025-01-02 09:18:10+00
53b0e055-68cc-55d9-bc89-216b08455038,ORD-2024-00415,c96e1921-2d37-5994-9580-cb136e2af43e,fulfilled,2024-03-04 14:44:38+00,2024-03-31 14:44:38+00,15316.04,2024-03-04 14:44:38+00,2025-01-02 09:18:00+00
9d813b13-a5a3-5b18-8a22-78e52c41188b,ORD-2024-00416,987aa102-613d-5ff6-849a-3630f8d18d22,fulfilled,2024-07-21 18:29:37+00,2024-08-12 18:29:37+00,3632.08,2024-07-21 18:29:37+00,2025-01-02 09:15:56+00
0bb1f78f-459e-520c-a025-fcfc8e9448a6,ORD-2024-00417,6d75e0d1-1efe-5931-9d5e-3bc3cbc64a91,fulfilled,2024-03-31 19:12:18+00,2024-04-16 19:12:18+00,13487.99,2024-03-31 19:12:18+00,2025-01-02 09:17:34+00
dfac908d-ef95-51d3-bc82-aa132ee6f9d1,ORD-2024-00418,55a3ef43-28a9-5d2b-b239-aac0c74b22ec,fulfilled,2024-02-06 22:44:02+00,2024-02-29 22:44:02+00,5503.55,2024-02-06 22:44:02+00,2025-01-02 09:10:43+00
d2add22e-e9c5-584a-aae6-89e6a5207e01,ORD-2024-00419,6fc70c5a-a990-5e2a-89b6-f911b9f5b28c,fulfilled,2024-01-07 16:05:42+00,2024-02-03 16:05:42+00,6271.57,2024-01-07 16:05:42+00,2025-01-02 09:18:23+00
f9dff388-283a-5428-8e0f-42281e292e7c,ORD-2024-00420,de69bd87-c78a-58a5-9513-942fd4e74825,fulfilled,2024-06-22 17:32:47+00,2024-07-13 17:32:47+00,8095.95,2024-06-22 17:32:47+00,2025-01-02 09:00:52+00
8e98fb12-968e-5c8d-96b4-fdd324336a57,ORD-2024-00421,fa10adbb-db7c-551b-8f4b-84ea56b920fa,open,2024-05-17 00:03:02+00,2024-05-27 00:03:02+00,23548.47,2024-05-17 00:03:02+00,2025-01-02 09:06:27+00
cdc6d9de-aa5f-5ce3-95f5-0b79b4f5ef66,ORD-2024-00422,f00161cb-a7d6-52ca-8cdc-414dd71dfe6a,fulfilled,2024-02-27 23:07:31+00,2024-03-14 23:07:31+00,13802.47,2024-02-27 23:07:31+00,2025-01-02 09:20:26+00
25f1c7d5-a91b-52bb-a8b3-b3b6708fe0c3,ORD-2024-00423,fff984d9-fdb9-5beb-8425-09c0748f8d86,fulfilled,2024-09-28 21:29:01+00,2024-10-26 21:29:01+00,25133.31,2024-09-28 21:29:01+00,2025-01-02 09:03:25+00
1cd6cc68-831e-58e3-a28e-6c8599a1a73f,ORD-2024-00424,69620e0a-b6d8-576c-a2d3-f2b60fc5605c,fulfilled,2024-10-25 10:21:51+00,2024-11-24 10:21:51+00,15867.55,2024-10-25 10:21:51+00,2025-01-02 09:04:51+00
82ca1312-edf7-5753-a449-81aa2bf6fc85,ORD-2024-00425,aa563f9b-3bc0-53bb-a089-2d697c58bd09,fulfilled,2024-09-03 22:43:27+00,2024-09-30 22:43:27+00,17197.11,2024-09-03 22:43:27+00,2025-01-02 09:21:59+00
c430ef7b-fba8-5ee6-9381-a0192786a720,ORD-2024-00426,2c836b74-f627-5f95-94c4-d112dd07eccc,fulfilled,2024-10-01 19:39:39+00,2024-10-26 19:39:39+00,8958.82,2024-10-01 19:39:39+00,2025-01-02 09:27:22+00
a0e3bb9a-ee6c-5b79-a08c-af8f7328804f,ORD-2024-00427,35176a64-c7ff-53dc-b2d0-d8d97cc7f86f,fulfilled,2024-10-12 23:07:31+00,2024-10-30 23:07:31+00,9173.82,2024-10-12 23:07:31+00,2025-01-02 09:15:43+00
19144981-82fe-5875-8063-320fbe2a1e22,ORD-2024-00428,06d6c1ee-4775-5e92-aede-41001355353a,fulfilled,2024-09-23 10:25:46+00,2024-10-13 10:25:46+00,74123.47,2024-09-23 10:25:46+00,2025-01-02 09:27:10+00
302f8722-ce2b-5d05-a9d6-abdd36a5eadc,ORD-2024-00429,82154faa-4a8f-5094-9e66-a29cb1b5d3d1,fulfilled,2024-07-06 18:05:15+00,2024-07-26 18:05:15+00,29924.5,2024-07-06 18:05:15+00,2025-01-02 09:28:55+00
1692d212-023e-5acb-973e-75785f1feccc,ORD-2024-00430,6b218674-010f-58ab-b92f-4d298f7b30cb,fulfilled,2024-10-26 08:19:34+00,2024-11-22 08:19:34+00,7183.92,2024-10-26 08:19:34+00,2025-01-02 09:16:31+00
57a35fba-3f08-5ade-a3c8-112789935369,ORD-2024-00431,be28f57a-f99d-5214-962c-8161db3db2d6,fulfilled,2024-03-23 16:28:55+00,2024-04-13 16:28:55+00,21150.3,2024-03-23 16:28:55+00,2025-01-02 09:21:05+00
31cdacd3-f93a-55d2-9096-6523e323c862,ORD-2024-00432,f00161cb-a7d6-52ca-8cdc-414dd71dfe6a,fulfilled,2024-03-05 19:03:49+00,2024-04-04 19:03:49+00,6307.72,2024-03-05 19:03:49+00,2025-01-02 09:26:53+00
cde129fb-1d30-5b70-8820-1b390958bd56,ORD-2024-00433,1ff03590-6d21-5cf9-bf55-fe74a1b26a7e,open,2024-10-02 13:44:08+00,2024-10-12 13:44:08+00,7644.58,2024-10-02 13:44:08+00,2025-01-02 09:01:16+00
598d3ba2-1b0c-5a35-9581-9d4c9e755902,ORD-2024-00434,6e21c4af-2f50-5bd1-98d3-056533531374,fulfilled,2024-06-20 16:11:06+00,2024-07-03 16:11:06+00,4361.2,2024-06-20 16:11:06+00,2025-01-02 09:11:28+00
dca2fdee-d1c5-580a-ad55-da5ca3640a94,ORD-2024-00435,00f17243-2ba7-5bd7-a860-f35d5db95a21,fulfilled,2024-11-22 16:05:48+00,2024-12-17 16:05:48+00,21481.54,2024-11-22 16:05:48+00,2025-01-02 09:06:31+00
f07d17b8-31a0-5dbc-9b3b-b8b6eec03563,ORD-2024-00436,c1cd43be-502d-59a3-9851-b14ae9f42241,fulfilled,2024-09-11 14:34:22+00,2024-09-22 14:34:22+00,11125.17,2024-09-11 14:34:22+00,2025-01-02 09:22:54+00
c57226d5-c180-5624-a097-e1087ecf1590,ORD-2024-00437,be28f57a-f99d-5214-962c-8161db3db2d6,fulfilled,2024-10-27 16:10:20+00,2024-11-23 16:10:20+00,6091.06,2024-10-27 16:10:20+00,2025-01-02 09:18:28+00
7e1d6900-35d6-5659-89e4-30edae21765d,ORD-2024-00438,17493bb8-1af9-5bad-894c-42000568382a,open,2024-11-30 18:10:59+00,2024-12-30 18:10:59+00,17090.5,2024-11-30 18:10:59+00,2025-01-02 09:25:21+00
66c3551f-7427-51cd-ab0f-3b5eb975b886,ORD-2024-00439,1ff8c984-dfe7-51fa-bcea-aadbf5530588,fulfilled,2024-12-15 22:41:40+00,2024-12-26 22:41:40+00,28699.85,2024-12-15 22:41:40+00,2025-01-02 09:17:03+00
fa497c33-174e-5827-aa48-ac031a48945e,ORD-2024-00440,79760680-5041-5c9e-a2f1-bd6ae1230100,fulfilled,2024-03-23 17:24:48+00,2024-04-04 17:24:48+00,50860.1,2024-03-23 17:24:48+00,2025-01-02 09:11:21+00
d39f1c32-8d35-5fae-a96a-24063ba15da8,ORD-2024-00441,82175555-0df5-5ff3-993e-8039ea26bb13,fulfilled,2024-10-15 13:34:59+00,2024-11-02 13:34:59+00,8289.09,2024-10-15 13:34:59+00,2025-01-02 09:02:35+00
3a727ee6-9553-5634-8aed-f908b939e352,ORD-2024-00442,35176a64-c7ff-53dc-b2d0-d8d97cc7f86f,fulfilled,2024-12-15 16:43:57+00,2024-12-29 16:43:57+00,6708.03,2024-12-15 16:43:57+00,2025-01-02 09:24:32+00
75187e96-6e5a-5e05-b9cc-884cbc17f332,ORD-2024-00443,f00161cb-a7d6-52ca-8cdc-414dd71dfe6a,fulfilled,2024-07-11 18:04:58+00,2024-08-01 18:04:58+00,7817.16,2024-07-11 18:04:58+00,2025-01-02 09:23:38+00
c4ac4ad0-a4e0-5436-a2cb-45dc7f35e545,ORD-2024-00444,06d6c1ee-4775-5e92-aede-41001355353a,fulfilled,2024-09-30 23:12:18+00,2024-10-19 23:12:18+00,23440.24,2024-09-30 23:12:18+00,2025-01-02 09:17:18+00
050cbe83-721d-5cf4-a2ca-40c95d81fc67,ORD-2024-00445,69620e0a-b6d8-576c-a2d3-f2b60fc5605c,fulfilled,2024-01-21 00:32:04+00,2024-02-07 00:32:04+00,10891.32,2024-01-21 00:32:04+00,2025-01-02 09:23:42+00
645aadb3-213d-5d76-b493-da5bc0a873cd,ORD-2024-00446,de69bd87-c78a-58a5-9513-942fd4e74825,fulfilled,2024-10-02 11:01:33+00,2024-10-17 11:01:33+00,17296.63,2024-10-02 11:01:33+00,2025-01-02 09:28:24+00
5d23ebc2-ef05-53aa-b7e2-a5bdfd60f18a,ORD-2024-00447,882df9e5-b9b5-5cb8-bdf2-fc259061c971,fulfilled,2024-04-19 20:03:40+00,2024-05-09 20:03:40+00,21047.67,2024-04-19 20:03:40+00,2025-01-02 09:21:16+00
dc2cad1d-1814-573d-a6dd-c0ab9fc5207f,ORD-2024-00448,07b1ba9d-c70e-5b30-aa83-803d7ffe67d8,fulfilled,2024-12-21 01:00:40+00,2025-01-16 01:00:40+00,17551.47,2024-12-21 01:00:40+00,2025-01-02 09:11:38+00
b105c22a-7c3d-5867-b29f-7d4b02bc2280,ORD-2024-00449,69620e0a-b6d8-576c-a2d3-f2b60fc5605c,fulfilled,2024-06-11 16:31:18+00,2024-06-28 16:31:18+00,5179.05,2024-06-11 16:31:18+00,2025-01-02 09:07:14+00
dadd1427-119a-5990-96a8-291f030aa78d,ORD-2024-00450,d466c3ec-bf7a-51b6-a632-8557413f9555,fulfilled,2024-10-21 15:43:37+00,2024-11-03 15:43:37+00,21117.81,2024-10-21 15:43:37+00,2025-01-02 09:24:55+00
0477f7da-c1be-5c17-a27e-24492b12abee,ORD-2024-00451,1def03a6-0b94-511e-897c-e25452c101df,fulfilled,2024-11-19 08:25:16+00,2024-12-05 08:25:16+00,148686.69,2024-11-19 08:25:16+00,2025-01-02 09:25:57+00
f7a42ff5-5eed-5f4d-9de8-6073ee459bbe,ORD-2024-00452,1ff03590-6d21-5cf9-bf55-fe74a1b26a7e,fulfilled,2024-07-30 22:37:01+00,2024-08-16 22:37:01+00,7380.81,2024-07-30 22:37:01+00,2025-01-02 09:08:35+00
16e285db-2353-5599-b860-266d7775b885,ORD-2024-00453,6b8d0ad4-e55b-579c-a3ec-4314615e1416,fulfilled,2024-04-01 00:37:03+00,2024-04-29 00:37:03+00,23413.77,2024-04-01 00:37:03+00,2025-01-02 09:06:09+00
53688ab6-27c3-590d-a52e-f8cc03f47e60,ORD-2024-00454,17493bb8-1af9-5bad-894c-42000568382a,fulfilled,2024-11-16 00:30:19+00,2024-11-24 00:30:19+00,24387.17,2024-11-16 00:30:19+00,2025-01-02 09:28:34+00
5b0824c3-31bb-5fc0-bec4-40ec62646187,ORD-2024-00455,987aa102-613d-5ff6-849a-3630f8d18d22,fulfilled,2024-10-14 14:00:31+00,2024-11-06 14:00:31+00,15883.13,2024-10-14 14:00:31+00,2025-01-02 09:19:42+00
455e1f52-6e79-5150-9c14-2f38c0b0e2c8,ORD-2024-00456,aa563f9b-3bc0-53bb-a089-2d697c58bd09,fulfilled,2024-03-27 17:21:40+00,2024-04-21 17:21:40+00,54382.55,2024-03-27 17:21:40+00,2025-01-02 09:15:24+00
106cf738-0815-5f80-950e-181692682235,ORD-2024-00457,9d714bd5-11ed-5ef2-a29e-f694b662e981,fulfilled,2024-07-18 18:21:43+00,2024-08-01 18:21:43+00,4361.53,2024-07-18 18:21:43+00,2025-01-02 09:21:53+00
fee68de5-e1e6-524c-9286-e631809b05e0,ORD-2024-00458,656060c3-326e-5f29-92b9-5f5955a484bf,fulfilled,2024-10-22 22:42:49+00,2024-11-03 22:42:49+00,3749.31,2024-10-22 22:42:49+00,2025-01-02 09:01:50+00
de4443f5-e693-5633-841b-828b66d97627,ORD-2024-00459,0ef59677-af08-5b7f-9ee4-76ab9978fd4b,fulfilled,2024-10-05 17:01:43+00,2024-10-26 17:01:43+00,25994.82,2024-10-05 17:01:43+00,2025-01-02 09:07:50+00
07c59ca9-5451-5325-9fdb-5fadb5e659e0,ORD-2024-00460,84932fe2-b7e5-5d4b-a6c0-0f6a7c6c7697,open,2024-09-03 10:42:49+00,2024-09-28 10:42:49+00,12807.93,2024-09-03 10:42:49+00,2025-01-02 09:19:24+00
9abeeaa0-173d-5bb1-8764-c58a1cdaf990,ORD-2024-00461,5a7da0cc-cd16-5e8c-b45f-a3da148f652a,fulfilled,2024-03-03 17:17:53+00,2024-03-25 17:17:53+00,11975.38,2024-03-03 17:17:53+00,2025-01-02 09:25:23+00
b79e6c06-cf11-5196-8cf9-b02b04f5a013,ORD-2024-00462,c8438077-e206-5367-b35c-60dfbc434f07,fulfilled,2024-10-26 10:12:16+00,2024-11-07 10:12:16+00,85569.28,2024-10-26 10:12:16+00,2025-01-02 09:15:47+00
38b1ff31-39f0-58c2-8ea3-bc562d5db6e4,ORD-2024-00463,a7ff7b3c-0aca-5f55-96bb-b15dd7aa9b57,fulfilled,2024-09-05 01:00:20+00,2024-09-20 01:00:20+00,3846.68,2024-09-05 01:00:20+00,2025-01-02 09:24:59+00
cc70fbb7-7afe-5334-b223-723411920704,ORD-2024-00464,a332481f-39fe-530d-9643-30844a7a6856,fulfilled,2024-01-13 00:10:24+00,2024-01-23 00:10:24+00,18475.46,2024-01-13 00:10:24+00,2025-01-02 09:25:59+00
e1030ea5-5ae9-5056-a6cd-9b504a065b88,ORD-2024-00465,882df9e5-b9b5-5cb8-bdf2-fc259061c971,fulfilled,2024-03-05 20:13:36+00,2024-03-29 20:13:36+00,34628.98,2024-03-05 20:13:36+00,2025-01-02 09:26:48+00
502e754f-9bdf-5646-8775-846a3b27f349,ORD-2024-00466,8d9417d8-6bc9-5a0d-ba9b-f63932cd4c8e,fulfilled,2024-09-19 17:21:16+00,2024-10-19 17:21:16+00,34109.6,2024-09-19 17:21:16+00,2025-01-02 09:16:50+00
2a55ef9c-9827-532a-9cf2-3df7b92bad33,ORD-2024-00467,f66e129b-e63d-5b28-961f-769f873a7fe3,fulfilled,2024-11-19 17:02:18+00,2024-12-09 17:02:18+00,31584.73,2024-11-19 17:02:18+00,2025-01-02 09:06:55+00
fdf0e5a6-17e3-538c-b40a-43ea2d81fead,ORD-2024-00468,a332481f-39fe-530d-9643-30844a7a6856,fulfilled,2024-08-07 18:04:57+00,2024-08-25 18:04:57+00,10258.9,2024-08-07 18:04:57+00,2025-01-02 09:07:55+00
412360b2-4e5e-5d7d-b85a-85931561a0fe,ORD-2024-00469,a60af1a9-f379-523a-9b8d-b1d84c77daf5,fulfilled,2024-10-18 09:26:19+00,2024-11-10 09:26:19+00,26648.65,2024-10-18 09:26:19+00,2025-01-02 09:17:32+00
c842c570-4078-5409-8f52-7c3c8a5598c7,ORD-2024-00470,15756e6e-85c3-577b-950c-76e4d139d70b,fulfilled,2024-10-22 14:21:41+00,2024-10-30 14:21:41+00,17441.54,2024-10-22 14:21:41+00,2025-01-02 09:00:06+00
c9430a57-3cb4-56fa-89f9-11d1e323821e,ORD-2024-00471,b11e0fe2-d3ca-56c4-87e6-41b0cd51c8b7,fulfilled,2024-03-01 15:19:24+00,2024-03-20 15:19:24+00,3515.7,2024-03-01 15:19:24+00,2025-01-02 09:29:35+00
6ba7f62e-3cfe-550b-bbf6-09d6eddda1fd,ORD-2024-00472,cdfbe2f7-6b67-5381-a963-3b1bfc6675bb,fulfilled,2024-11-26 16:06:29+00,2024-12-11 16:06:29+00,20368.49,2024-11-26 16:06:29+00,2025-01-02 09:01:02+00
e034cdd7-263d-592a-a0af-d85a62b0599c,ORD-2024-00473,fa10adbb-db7c-551b-8f4b-84ea56b920fa,fulfilled,2024-09-27 13:42:11+00,2024-10-05 13:42:11+00,37007.76,2024-09-27 13:42:11+00,2025-01-02 09:08:37+00
14108c0d-99e1-53e1-9f38-ea435bff8ef1,ORD-2024-00474,8b1971d5-2d5e-5051-afaf-84b9039df634,fulfilled,2024-12-18 22:06:00+00,2025-01-05 22:06:00+00,7615.91,2024-12-18 22:06:00+00,2025-01-02 09:03:05+00
4d769c2c-d3c0-5fb5-97d3-eef541228e56,ORD-2024-00475,82ca6e61-6ac0-5546-8ae6-9a66c3224f86,fulfilled,2024-01-23 17:20:46+00,2024-02-21 17:20:46+00,47992.78,2024-01-23 17:20:46+00,2025-01-02 09:08:44+00
99c6e1e0-ba68-518b-a487-a43b787c4388,ORD-2024-00476,d88fef10-8639-5a87-9e2f-68c3a0c9693c,open,2024-03-17 11:39:27+00,2024-04-01 11:39:27+00,28243.36,2024-03-17 11:39:27+00,2025-01-02 09:22:47+00
cb71da84-a16b-5be9-a490-1c5dcb699c45,ORD-2024-00477,82154faa-4a8f-5094-9e66-a29cb1b5d3d1,fulfilled,2024-09-16 08:14:30+00,2024-10-07 08:14:30+00,43803.89,2024-09-16 08:14:30+00,2025-01-02 09:27:44+00
8807af84-54d9-54c4-876e-907a991de295,ORD-2024-00478,f00161cb-a7d6-52ca-8cdc-414dd71dfe6a,fulfilled,2024-03-20 00:08:52+00,2024-04-08 00:08:52+00,16773.63,2024-03-20 00:08:52+00,2025-01-02 09:06:36+00
c506122d-0465-587d-ab24-62f1207fd3d5,ORD-2024-00479,6fc70c5a-a990-5e2a-89b6-f911b9f5b28c,fulfilled,2024-10-01 15:12:46+00,2024-10-29 15:12:46+00,116939.82,2024-10-01 15:12:46+00,2025-01-02 09:05:37+00
327178ee-9a94-5157-8663-d9c87620bba6,ORD-2024-00480,e93b2b5a-153a-5278-8baa-3cee895f9b80,fulfilled,2024-08-13 20:03:21+00,2024-09-02 20:03:21+00,9038.77,2024-08-13 20:03:21+00,2025-01-02 09:22:17+00
cfcaf8b4-0dc7-57c7-ad7c-e8a1ff085826,ORD-2024-00481,6d75e0d1-1efe-5931-9d5e-3bc3cbc64a91,fulfilled,2024-09-10 00:03:24+00,2024-09-20 00:03:24+00,6372.27,2024-09-10 00:03:24+00,2025-01-02 09:26:26+00
ff0ecd0c-43f3-5187-998e-5d58cd852eeb,ORD-2024-00482,7e6d9d63-6aaa-5519-9803-e16f43463669,fulfilled,2024-09-29 17:42:20+00,2024-10-18 17:42:20+00,26136.17,2024-09-29 17:42:20+00,2025-01-02 09:23:40+00
55765b64-9503-5079-b345-3f96054e994b,ORD-2024-00483,d88fef10-8639-5a87-9e2f-68c3a0c9693c,fulfilled,2024-02-18 18:42:28+00,2024-03-18 18:42:28+00,10432.18,2024-02-18 18:42:28+00,2025-01-02 09:14:15+00
9772c52a-0493-5c8e-84dc-632d56df5ba1,ORD-2024-00484,84932fe2-b7e5-5d4b-a6c0-0f6a7c6c7697,fulfilled,2024-11-16 14:22:48+00,2024-12-01 14:22:48+00,15517.61,2024-11-16 14:22:48+00,2025-01-02 09:24:52+00
67661e05-896d-503a-8f1d-53192515b811,ORD-2024-00485,d466c3ec-bf7a-51b6-a632-8557413f9555,fulfilled,2024-01-06 01:32:20+00,2024-01-20 01:32:20+00,259645.15,2024-01-06 01:32:20+00,2025-01-02 09:23:24+00
cb51078a-813a-5738-bac7-9a5fd4f6f5b3,ORD-2024-00486,6e21c4af-2f50-5bd1-98d3-056533531374,fulfilled,2024-06-20 23:23:56+00,2024-07-12 23:23:56+00,26034.38,2024-06-20 23:23:56+00,2025-01-02 09:22:01+00
92210d95-40af-5eea-a9d8-d8e645c29698,ORD-2024-00487,06d6c1ee-4775-5e92-aede-41001355353a,open,2024-11-01 23:35:27+00,2024-11-12 23:35:27+00,41773.82,2024-11-01 23:35:27+00,2025-01-02 09:20:50+00
39e3e931-f0eb-59a6-a072-88ce58f33f9f,ORD-2024-00488,ca6a232d-adb6-56ba-8f2a-dbcaf3b586d1,fulfilled,2024-10-21 09:18:41+00,2024-11-11 09:18:41+00,17254.08,2024-10-21 09:18:41+00,2025-01-02 09:10:39+00
bf9b7866-b5aa-5934-bc3e-9a25e931f2e4,ORD-2024-00489,9d714bd5-11ed-5ef2-a29e-f694b662e981,fulfilled,2024-05-21 20:39:33+00,2024-06-16 20:39:33+00,12408.49,2024-05-21 20:39:33+00,2025-01-02 09:21:41+00
76f1a202-d816-5acf-a608-7e1059dfac13,ORD-2024-00490,b7881ecc-56f9-5d4c-af73-4cab8bfa0951,fulfilled,2024-06-26 20:00:34+00,2024-07-07 20:00:34+00,33824.95,2024-06-26 20:00:34+00,2025-01-02 09:10:16+00
b757480f-240f-5892-bc5e-49c7bb3b75d7,ORD-2024-00491,d6827bcd-2217-50dd-b919-e2615973cd9e,fulfilled,2024-09-02 15:20:52+00,2024-09-30 15:20:52+00,2605.47,2024-09-02 15:20:52+00,2025-01-02 09:04:12+00
49c1bb26-a44a-5983-855f-e883a8ea33d8,ORD-2024-00492,69620e0a-b6d8-576c-a2d3-f2b60fc5605c,fulfilled,2024-03-05 09:18:28+00,2024-03-18 09:18:28+00,38265.08,2024-03-05 09:18:28+00,2025-01-02 09:26:47+00
f786cca1-28a3-55f7-bfb2-75fad1296951,ORD-2024-00493,6b8d0ad4-e55b-579c-a3ec-4314615e1416,fulfilled,2024-03-10 10:38:29+00,2024-03-27 10:38:29+00,5589.62,2024-03-10 10:38:29+00,2025-01-02 09:00:16+00
1cf7bb92-df16-53a9-9e8d-43bc50da36d1,ORD-2024-00494,40a4c782-5faf-50ff-ae54-2e423f43ecab,fulfilled,2024-02-13 20:42:53+00,2024-03-03 20:42:53+00,35850.7,2024-02-13 20:42:53+00,2025-01-02 09:28:04+00
b81971a6-c6fd-561a-adfc-06d1a014550b,ORD-2024-00495,33f6b6c0-ceaa-50c9-87ef-a14b7a894484,open,2024-09-25 14:06:02+00,2024-10-11 14:06:02+00,21728.54,2024-09-25 14:06:02+00,2025-01-02 09:09:00+00
bdc591e4-8f89-58a8-97ab-2ea166518620,ORD-2024-00496,40a4c782-5faf-50ff-ae54-2e423f43ecab,fulfilled,2024-10-05 14:00:24+00,2024-10-28 14:00:24+00,23565.39,2024-10-05 14:00:24+00,2025-01-02 09:26:08+00
0b5380ab-1df3-51e7-8142-061ffd7b8340,ORD-2024-00497,7e6d9d63-6aaa-5519-9803-e16f43463669,fulfilled,2024-10-27 00:03:37+00,2024-11-07 00:03:37+00,28095.02,2024-10-27 00:03:37+00,2025-01-02 09:04:33+00
fe4b9d7a-fe47-5ea6-9106-0f7430ae7aee,ORD-2024-00498,fa10adbb-db7c-551b-8f4b-84ea56b920fa,open,2024-03-04 11:13:56+00,2024-03-27 11:13:56+00,26101.2,2024-03-04 11:13:56+00,2025-01-02 09:07:00+00
a939c191-085a-56aa-bf2e-36d0149f2e9e,ORD-2024-00499,68721960-e719-596c-8ac8-678d741ca0d7,fulfilled,2024-03-04 14:09:59+00,2024-03-15 14:09:59+00,128513.78,2024-03-04 14:09:59+00,2025-01-02 09:27:47+00
19bd82bf-dd9b-553e-bae3-03665c5a48fc,ORD-2024-00500,90a8f1f8-f18a-591c-ad50-68ea8e5f6a2d,fulfilled,2024-03-16 13:18:47+00,2024-03-26 13:18:47+00,21940.39,2024-03-16 13:18:47+00,2025-01-02 09:04:48+00
9ce16cd4-f8f7-5e72-b48f-3b41503483bf,ORD-2024-00501,32f71c31-97b9-5805-88b8-62a40829f7da,fulfilled,2024-12-03 01:24:12+00,2025-01-02 01:24:12+00,25594.29,2024-12-03 01:24:12+00,2025-01-02 09:00:28+00
307f99c5-e893-5131-9f50-a68babf21872,ORD-2024-00502,780e9fef-d1d4-5aaa-a774-2f238374ec41,open,2024-03-30 18:38:26+00,2024-04-10 18:38:26+00,20780.16,2024-03-30 18:38:26+00,2025-01-02 09:01:08+00
61d19152-f6ea-51a2-a0e7-7952dd73e1f5,ORD-2024-00503,6219b356-39ca-5bc8-be19-a29487a519cd,fulfilled,2024-09-17 00:22:07+00,2024-10-05 00:22:07+00,24454.74,2024-09-17 00:22:07+00,2025-01-02 09:23:46+00
219b5bfd-3f3d-5cba-b1c1-0cd2efe48f8e,ORD-2024-00504,b39e36f0-6bb3-5217-bfbe-f8451a3635d6,fulfilled,2024-10-24 14:28:40+00,2024-11-08 14:28:40+00,18878.77,2024-10-24 14:28:40+00,2025-01-02 09:29:43+00
83bafacb-ba3b-58a1-a70b-3f996f0e7b6f,ORD-2024-00505,b515cced-3623-5f57-b080-b473400225f5,fulfilled,2024-08-14 21:02:00+00,2024-09-12 21:02:00+00,21573.73,2024-08-14 21:02:00+00,2025-01-02 09:23:18+00
2b944574-fb78-5e52-ad51-5551ce2424b5,ORD-2024-00506,ca6a232d-adb6-56ba-8f2a-dbcaf3b586d1,fulfilled,2024-10-03 17:01:39+00,2024-10-13 17:01:39+00,16177.38,2024-10-03 17:01:39+00,2025-01-02 09:18:49+00
ee826936-6472-5e38-8947-668c1989b12c,ORD-2024-00507,5a7da0cc-cd16-5e8c-b45f-a3da148f652a,fulfilled,2024-10-18 00:23:15+00,2024-11-17 00:23:15+00,36897.99,2024-10-18 00:23:15+00,2025-01-02 09:13:12+00
b7bc18f0-7fcb-503c-9022-57e7d0eef12d,ORD-2024-00508,9d714bd5-11ed-5ef2-a29e-f694b662e981,fulfilled,2024-07-11 17:08:40+00,2024-07-21 17:08:40+00,15628.22,2024-07-11 17:08:40+00,2025-01-02 09:12:26+00
96d6960f-2a4f-52a2-81df-debc2fcd27a3,ORD-2024-00509,c9a0a4a0-7b81-57e6-ba8b-b3a1196e8418,fulfilled,2024-03-21 20:39:16+00,2024-04-16 20:39:16+00,18128.84,2024-03-21 20:39:16+00,2025-01-02 09:18:39+00
97d8d5c6-dafc-5558-8497-95d649389bb8,ORD-2024-00510,de69bd87-c78a-58a5-9513-942fd4e74825,fulfilled,2024-06-22 22:22:50+00,2024-07-05 22:22:50+00,28814.6,2024-06-22 22:22:50+00,2025-01-02 09:12:48+00
4fe31a60-7722-5260-8dd3-00505fcbf2b2,ORD-2024-00511,6fc70c5a-a990-5e2a-89b6-f911b9f5b28c,fulfilled,2024-09-18 15:08:50+00,2024-09-28 15:08:50+00,5626.9,2024-09-18 15:08:50+00,2025-01-02 09:05:56+00
95a4bc5a-b46d-556c-af03-533ab2166a95,ORD-2024-00512,84932fe2-b7e5-5d4b-a6c0-0f6a7c6c7697,fulfilled,2024-06-28 22:15:32+00,2024-07-05 22:15:32+00,24649.47,2024-06-28 22:15:32+00,2025-01-02 09:23:46+00
a79b9873-71c0-5d68-ac97-5385f25ef265,ORD-2024-00513,32f71c31-97b9-5805-88b8-62a40829f7da,fulfilled,2024-10-23 14:37:30+00,2024-11-02 14:37:30+00,7075.02,2024-10-23 14:37:30+00,2025-01-02 09:23:41+00
6ec405f8-0fbf-5446-b139-a2f41c38f957,ORD-2024-00514,6784b6cb-ada1-5ce9-87fe-dcb5d8da6777,fulfilled,2024-10-02 01:01:01+00,2024-10-10 01:01:01+00,2864.39,2024-10-02 01:01:01+00,2025-01-02 09:06:29+00
8915ec11-0b1e-5670-a187-96db8fbf0552,ORD-2024-00515,e93b2b5a-153a-5278-8baa-3cee895f9b80,fulfilled,2024-05-24 16:41:07+00,2024-06-09 16:41:07+00,11910.66,2024-05-24 16:41:07+00,2025-01-02 09:07:37+00
33e8600c-a5fd-5776-b5b5-d706a71b55c0,ORD-2024-00516,f00161cb-a7d6-52ca-8cdc-414dd71dfe6a,open,2024-05-09 00:24:22+00,2024-05-25 00:24:22+00,34543.7,2024-05-09 00:24:22+00,2025-01-02 09:08:51+00
ae8aa1c1-7add-53fb-b9ef-44e5ec2a49b5,ORD-2024-00517,b46a4a7b-b1f2-5183-a41d-8f042adb219e,fulfilled,2024-02-23 16:28:02+00,2024-03-16 16:28:02+00,12214.46,2024-02-23 16:28:02+00,2025-01-02 09:19:10+00
9d27f48b-b0b7-52d5-a9e3-433f8f7e3a36,ORD-2024-00518,84932fe2-b7e5-5d4b-a6c0-0f6a7c6c7697,fulfilled,2024-11-15 15:07:47+00,2024-11-23 15:07:47+00,16794.73,2024-11-15 15:07:47+00,2025-01-02 09:16:35+00
f3907868-26f5-5bc7-b2cb-821ab8dcff3f,ORD-2024-00519,a0f94859-4647-56b8-95af-acc816d2300a,fulfilled,2024-07-14 22:15:19+00,2024-08-11 22:15:19+00,50276.71,2024-07-14 22:15:19+00,2025-01-02 09:17:52+00
f79d64be-bd20-53dc-916d-84d029cc3d56,ORD-2024-00520,6784b6cb-ada1-5ce9-87fe-dcb5d8da6777,fulfilled,2024-10-29 19:23:16+00,2024-11-18 19:23:16+00,56494.35,2024-10-29 19:23:16+00,2025-01-02 09:02:17+00
39c468d2-aabc-5bbf-a6c2-68ea9d90ad70,ORD-2024-00521,40a4c782-5faf-50ff-ae54-2e423f43ecab,fulfilled,2024-10-18 00:26:01+00,2024-11-01 00:26:01+00,11385.29,2024-10-18 00:26:01+00,2025-01-02 09:21:00+00
07ff71d9-ffc9-5747-9c70-50a7913f1d62,ORD-2024-00522,57b37dbe-1f1a-504a-8d5b-f2f8211e521c,fulfilled,2024-10-04 20:26:56+00,2024-10-22 20:26:56+00,25079.92,2024-10-04 20:26:56+00,2025-01-02 09:07:49+00
acbe0982-0cdf-51ab-bb32-3f2320c8c15d,ORD-2024-00523,cd4d763f-2e45-5f33-9a4d-479a6118b65d,fulfilled,2024-05-15 18:01:10+00,2024-05-23 18:01:10+00,219192.23,2024-05-15 18:01:10+00,2025-01-02 09:10:11+00
e58815fd-32c1-5b4b-8f07-58e8e2a987fd,ORD-2024-00524,5a7da0cc-cd16-5e8c-b45f-a3da148f652a,fulfilled,2024-10-09 21:30:04+00,2024-10-24 21:30:04+00,9225.05,2024-10-09 21:30:04+00,2025-01-02 09:29:19+00
8ef1f422-1fab-5310-b164-6cac258c73fd,ORD-2024-00525,bce7b040-bec6-5d46-9fbe-e2186050257e,fulfilled,2024-10-19 13:02:51+00,2024-10-27 13:02:51+00,17705.4,2024-10-19 13:02:51+00,2025-01-02 09:05:42+00
dd004954-8ee7-5b9c-ad92-446ccc4c078c,ORD-2024-00526,82ca6e61-6ac0-5546-8ae6-9a66c3224f86,open,2024-02-10 00:34:53+00,2024-02-27 00:34:53+00,14540.32,2024-02-10 00:34:53+00,2025-01-02 09:03:10+00
1a8717c1-08d2-5d5c-8209-8e8ee2262117,ORD-2024-00527,82175555-0df5-5ff3-993e-8039ea26bb13,open,2024-07-27 21:20:04+00,2024-08-14 21:20:04+00,43128.71,2024-07-27 21:20:04+00,2025-01-02 09:02:10+00
0a33ea0c-2553-5e54-bdd0-8ed2c075b7fc,ORD-2024-00528,f66e129b-e63d-5b28-961f-769f873a7fe3,open,2024-01-14 17:21:22+00,2024-02-13 17:21:22+00,45875.13,2024-01-14 17:21:22+00,2025-01-02 09:09:43+00
20784b93-9be3-5b6f-bf5d-baf02922f8b8,ORD-2024-00529,ca6a232d-adb6-56ba-8f2a-dbcaf3b586d1,fulfilled,2024-10-19 16:39:12+00,2024-11-08 16:39:12+00,5401.65,2024-10-19 16:39:12+00,2025-01-02 09:14:56+00
bd5b6dcc-7ee7-5204-98cd-4903fb5430de,ORD-2024-00530,6fc70c5a-a990-5e2a-89b6-f911b9f5b28c,open,2024-08-30 00:21:38+00,2024-09-24 00:21:38+00,16093.37,2024-08-30 00:21:38+00,2025-01-02 09:22:00+00
85abcf04-84df-5772-8b04-084dd13121ee,ORD-2024-00531,17493bb8-1af9-5bad-894c-42000568382a,fulfilled,2024-07-28 21:38:15+00,2024-08-15 21:38:15+00,28230.07,2024-07-28 21:38:15+00,2025-01-02 09:09:38+00
249bade3-67c3-535c-bfbc-916a177a7317,ORD-2024-00532,780e9fef-d1d4-5aaa-a774-2f238374ec41,fulfilled,2024-03-12 01:19:35+00,2024-03-21 01:19:35+00,32316.53,2024-03-12 01:19:35+00,2025-01-02 09:13:32+00
076746f7-dfd5-58ef-826c-d119bcef1a28,ORD-2024-00533,57b37dbe-1f1a-504a-8d5b-f2f8211e521c,open,2024-10-24 09:08:37+00,2024-10-31 09:08:37+00,13893.51,2024-10-24 09:08:37+00,2025-01-02 09:15:59+00
51461c53-fee9-5f1f-bfa2-aab236410264,ORD-2024-00534,c9a0a4a0-7b81-57e6-ba8b-b3a1196e8418,fulfilled,2024-06-30 18:38:01+00,2024-07-10 18:38:01+00,28616.7,2024-06-30 18:38:01+00,2025-01-02 09:10:44+00
60eb6619-dae4-5d62-b01a-d43e214c16b5,ORD-2024-00535,e36d1ee6-31d5-554e-b3a2-a657017481e8,fulfilled,2024-11-18 23:29:44+00,2024-12-17 23:29:44+00,17867.62,2024-11-18 23:29:44+00,2025-01-02 09:29:17+00
9444e6a4-8704-5a66-8c4c-604265c965fc,ORD-2024-00536,af40e653-9aa2-564b-9727-c21fc59311fb,fulfilled,2024-01-05 01:44:19+00,2024-01-26 01:44:19+00,17005.36,2024-01-05 01:44:19+00,2025-01-02 09:16:36+00
3ef880af-4c0d-55e9-96ce-4d569ffe4dad,ORD-2024-00537,d466c3ec-bf7a-51b6-a632-8557413f9555,fulfilled,2024-06-23 16:35:51+00,2024-07-13 16:35:51+00,14460.21,2024-06-23 16:35:51+00,2025-01-02 09:07:29+00
76415e7e-8485-5f41-977a-41e392896b0a,ORD-2024-00538,a60af1a9-f379-523a-9b8d-b1d84c77daf5,fulfilled,2024-10-22 01:23:42+00,2024-11-07 01:23:42+00,27561.85,2024-10-22 01:23:42+00,2025-01-02 09:05:46+00
982efd94-fadd-5315-b875-74188f0ef156,ORD-2024-00539,bce7b040-bec6-5d46-9fbe-e2186050257e,open,2024-04-28 20:14:07+00,2024-05-10 20:14:07+00,2710.08,2024-04-28 20:14:07+00,2025-01-02 09:23:57+00
97d19fc4-3727-583a-a599-285aa0215256,ORD-2024-00540,213aff84-f1cc-50f2-a9a3-9fee471b532e,fulfilled,2024-10-04 00:00:27+00,2024-10-11 00:00:27+00,23325.4,2024-10-04 00:00:27+00,2025-01-02 09:10:48+00
4b153e98-e4fe-5bf6-8fe0-63fcc9ebed7c,ORD-2024-00541,656060c3-326e-5f29-92b9-5f5955a484bf,open,2024-09-15 14:33:40+00,2024-09-26 14:33:40+00,21327.25,2024-09-15 14:33:40+00,2025-01-02 09:02:53+00
acf8959a-1bc8-5949-b780-26728270a499,ORD-2024-00542,6b8d0ad4-e55b-579c-a3ec-4314615e1416,open,2024-09-23 13:02:37+00,2024-10-22 13:02:37+00,31111.73,2024-09-23 13:02:37+00,2025-01-02 09:24:10+00
6875fcc4-f739-5d91-a383-a99f3756841d,ORD-2024-00543,213aff84-f1cc-50f2-a9a3-9fee471b532e,fulfilled,2024-04-22 19:10:20+00,2024-05-22 19:10:20+00,27447.58,2024-04-22 19:10:20+00,2025-01-02 09:21:26+00
7440ecb0-dbd7-582d-9791-8b00b7b2bfd5,ORD-2024-00544,dd04dcf0-0ef8-512b-8f0f-08e72d73597d,fulfilled,2024-04-01 16:17:57+00,2024-04-26 16:17:57+00,17117.68,2024-04-01 16:17:57+00,2025-01-02 09:08:32+00
1da620b3-44ad-522a-a1c3-d425d4667674,ORD-2024-00545,90a8f1f8-f18a-591c-ad50-68ea8e5f6a2d,open,2024-05-29 23:43:00+00,2024-06-22 23:43:00+00,23245.63,2024-05-29 23:43:00+00,2025-01-02 09:03:43+00
a61c74cb-3969-5308-b4c9-9bd3823aa427,ORD-2024-00546,b46a4a7b-b1f2-5183-a41d-8f042adb219e,fulfilled,2024-06-12 17:27:10+00,2024-07-04 17:27:10+00,45687.97,2024-06-12 17:27:10+00,2025-01-02 09:11:22+00
3acb72c7-23f6-5fec-90a5-c497f0908741,ORD-2024-00547,1ff03590-6d21-5cf9-bf55-fe74a1b26a7e,open,2024-05-13 21:30:10+00,2024-05-21 21:30:10+00,27779.24,2024-05-13 21:30:10+00,2025-01-02 09:14:19+00
4a00dc54-46a8-5df9-9fb2-232c61e4c31d,ORD-2024-00548,dd04dcf0-0ef8-512b-8f0f-08e72d73597d,fulfilled,2024-10-01 19:07:31+00,2024-10-12 19:07:31+00,11275.05,2024-10-01 19:07:31+00,2025-01-02 09:02:23+00
3878ce0f-5e77-5d85-9437-44b483e8bf3d,ORD-2024-00549,a0f94859-4647-56b8-95af-acc816d2300a,fulfilled,2024-03-03 08:35:24+00,2024-03-16 08:35:24+00,18390.8,2024-03-03 08:35:24+00,2025-01-02 09:15:34+00
55a697d5-1714-5398-ae7f-d600b7b9cb6b,ORD-2024-00550,06d6c1ee-4775-5e92-aede-41001355353a,fulfilled,2024-07-10 21:37:44+00,2024-07-17 21:37:44+00,20188.42,2024-07-10 21:37:44+00,2025-01-02 09:06:28+00
8bf4913b-a196-5edd-83e2-d99126adc622,ORD-2024-00551,3a37cd7d-a21c-5a5c-be88-e36a3a4834b8,fulfilled,2024-02-23 00:33:06+00,2024-03-10 00:33:06+00,14722.73,2024-02-23 00:33:06+00,2025-01-02 09:29:30+00
4c82d6a2-442f-5659-ac31-216b5ddf1168,ORD-2024-00552,bdcbbfa9-6b02-53be-924e-36542bfb1ba2,fulfilled,2024-05-06 16:08:26+00,2024-05-17 16:08:26+00,17526.2,2024-05-06 16:08:26+00,2025-01-02 09:02:56+00
f6fca5b6-e14e-5762-94f8-6ed87447fd1c,ORD-2024-00553,21222ab4-7eac-53e6-97ad-2f25c264ce99,fulfilled,2024-10-27 17:21:18+00,2024-11-26 17:21:18+00,4990.7,2024-10-27 17:21:18+00,2025-01-02 09:06:03+00
f27fc8cc-12c6-54e6-a297-4df952975661,ORD-2024-00554,1ff03590-6d21-5cf9-bf55-fe74a1b26a7e,fulfilled,2024-03-16 14:19:52+00,2024-04-05 14:19:52+00,25638.11,2024-03-16 14:19:52+00,2025-01-02 09:09:33+00
c5ea70df-a2b4-5d45-9ede-ad0da0f27dc9,ORD-2024-00555,90a8f1f8-f18a-591c-ad50-68ea8e5f6a2d,fulfilled,2024-10-08 17:01:41+00,2024-10-29 17:01:41+00,10839.9,2024-10-08 17:01:41+00,2025-01-02 09:07:43+00
1a4e08c0-4709-55dc-9417-7a3fa8a7f616,ORD-2024-00556,69620e0a-b6d8-576c-a2d3-f2b60fc5605c,fulfilled,2024-04-16 23:05:43+00,2024-05-08 23:05:43+00,20453.38,2024-04-16 23:05:43+00,2025-01-02 09:05:06+00
82d233a8-d9cf-53ee-b7d3-2f37c3cdb152,ORD-2024-00557,2a069cff-f49f-54db-bd4f-86922e3edb5a,fulfilled,2024-03-18 16:38:35+00,2024-03-25 16:38:35+00,28827.14,2024-03-18 16:38:35+00,2025-01-02 09:03:57+00
a37559b6-2485-5f5d-a2f7-eb21f6bb9443,ORD-2024-00558,fa10adbb-db7c-551b-8f4b-84ea56b920fa,fulfilled,2024-09-05 00:05:33+00,2024-09-14 00:05:33+00,25020.54,2024-09-05 00:05:33+00,2025-01-02 09:24:53+00
c232d91c-e6d8-57b9-9033-2a247991e3d2,ORD-2024-00559,213aff84-f1cc-50f2-a9a3-9fee471b532e,fulfilled,2024-09-10 18:35:48+00,2024-10-04 18:35:48+00,26784.69,2024-09-10 18:35:48+00,2025-01-02 09:19:50+00
4a2c5e89-2bb1-5b23-ad10-ad9ede5efc51,ORD-2024-00560,dd04dcf0-0ef8-512b-8f0f-08e72d73597d,fulfilled,2024-03-13 20:13:57+00,2024-03-31 20:13:57+00,24871.5,2024-03-13 20:13:57+00,2025-01-02 09:15:38+00
246cc62e-bbc1-5114-9d5c-687e30f76da6,ORD-2024-00561,fff984d9-fdb9-5beb-8425-09c0748f8d86,open,2024-08-30 16:12:14+00,2024-09-06 16:12:14+00,21576.48,2024-08-30 16:12:14+00,2025-01-02 09:19:32+00
30213c96-8ff6-526c-8b89-68ab7f4ea9eb,ORD-2024-00562,f00161cb-a7d6-52ca-8cdc-414dd71dfe6a,fulfilled,2024-03-21 17:38:10+00,2024-03-28 17:38:10+00,21042.86,2024-03-21 17:38:10+00,2025-01-02 09:05:15+00
40958e97-d546-5a23-9d56-a1ab15b61d50,ORD-2024-00563,21b12f34-79a4-57c6-b5b8-eedb2e45534c,open,2024-09-18 16:43:47+00,2024-10-13 16:43:47+00,13080.12,2024-09-18 16:43:47+00,2025-01-02 09:08:37+00
67693d1f-3386-515d-9533-b418d0e993e0,ORD-2024-00564,aa563f9b-3bc0-53bb-a089-2d697c58bd09,open,2024-03-06 00:26:08+00,2024-03-31 00:26:08+00,20613.74,2024-03-06 00:26:08+00,2025-01-02 09:16:10+00
6bf2fa1b-2d4b-53a9-b25d-6f2242d458cb,ORD-2024-00565,d6827bcd-2217-50dd-b919-e2615973cd9e,fulfilled,2024-11-10 18:32:27+00,2024-11-18 18:32:27+00,16779.69,2024-11-10 18:32:27+00,2025-01-02 09:27:39+00
ccd1f40c-aab3-5314-8bd6-8c3781e3417f,ORD-2024-00566,472885fd-16ec-5ba5-9b52-d867cd0d2522,fulfilled,2024-03-01 19:25:45+00,2024-03-23 19:25:45+00,23692.92,2024-03-01 19:25:45+00,2025-01-02 09:23:44+00
97ababa5-36ee-5674-9201-942f093b4b9e,ORD-2024-00567,be28f57a-f99d-5214-962c-8161db3db2d6,open,2024-03-15 15:17:06+00,2024-04-04 15:17:06+00,23035.03,2024-03-15 15:17:06+00,2025-01-02 09:23:54+00
d472e072-caf3-5102-99bf-4a8d1ac07484,ORD-2024-00568,9edece38-c5cb-5551-8ef5-c5a9ac905426,fulfilled,2024-04-07 22:00:43+00,2024-04-30 22:00:43+00,17977.28,2024-04-07 22:00:43+00,2025-01-02 09:13:36+00
ad2782c4-7813-5f73-9198-c247e1b6303b,ORD-2024-00569,6d75e0d1-1efe-5931-9d5e-3bc3cbc64a91,fulfilled,2024-09-14 16:02:17+00,2024-10-06 16:02:17+00,36641.54,2024-09-14 16:02:17+00,2025-01-02 09:03:53+00
e63c5b82-2e89-51ca-bad5-798a37e404e4,ORD-2024-00570,33f6b6c0-ceaa-50c9-87ef-a14b7a894484,fulfilled,2024-09-08 18:44:12+00,2024-09-18 18:44:12+00,1656.81,2024-09-08 18:44:12+00,2025-01-02 09:15:47+00
ec8fbe26-fb38-5e8f-8779-3acf131e6a08,ORD-2024-00571,35176a64-c7ff-53dc-b2d0-d8d97cc7f86f,fulfilled,2024-10-03 14:08:09+00,2024-11-01 14:08:09+00,3899.77,2024-10-03 14:08:09+00,2025-01-02 09:09:20+00
f5947793-661f-512d-9763-2c7ea53fc70f,ORD-2024-00572,b46a4a7b-b1f2-5183-a41d-8f042adb219e,fulfilled,2024-11-01 13:21:36+00,2024-11-26 13:21:36+00,13970.69,2024-11-01 13:21:36+00,2025-01-02 09:01:39+00
f2d3f438-e5c7-5cf3-9560-1d737d19864d,ORD-2024-00573,b515cced-3623-5f57-b080-b473400225f5,open,2024-09-13 18:05:43+00,2024-09-28 18:05:43+00,8218.35,2024-09-13 18:05:43+00,2025-01-02 09:07:47+00
8ad2f30b-a487-5818-a843-7181a6b30f77,ORD-2024-00574,7e6d9d63-6aaa-5519-9803-e16f43463669,fulfilled,2024-06-28 17:38:47+00,2024-07-19 17:38:47+00,1384.0,2024-06-28 17:38:47+00,2025-01-02 09:11:10+00
a269c94e-4f8b-532b-aab5-9f6a01705646,ORD-2024-00575,84932fe2-b7e5-5d4b-a6c0-0f6a7c6c7697,open,2024-02-14 18:42:46+00,2024-02-21 18:42:46+00,11954.8,2024-02-14 18:42:46+00,2025-01-02 09:21:43+00
f007d71a-699a-507f-9b43-7a89e9b30266,ORD-2024-00576,d8822011-b10c-57ad-b7bf-e90f8f5b5c99,fulfilled,2024-11-24 19:09:03+00,2024-12-23 19:09:03+00,15450.45,2024-11-24 19:09:03+00,2025-01-02 09:24:18+00
2f347449-87b4-5e36-8229-9418742d3fe1,ORD-2024-00577,656060c3-326e-5f29-92b9-5f5955a484bf,fulfilled,2024-03-31 20:30:00+00,2024-04-18 20:30:00+00,34449.85,2024-03-31 20:30:00+00,2025-01-02 09:06:58+00
4b4c189f-dfa0-5793-ace4-6f262630f3df,ORD-2024-00578,a0f94859-4647-56b8-95af-acc816d2300a,open,2024-10-26 22:38:49+00,2024-11-15 22:38:49+00,19675.61,2024-10-26 22:38:49+00,2025-01-02 09:24:09+00
41b6c4c0-afb3-54a4-ad67-0da6e7fd5743,ORD-2024-00579,57b37dbe-1f1a-504a-8d5b-f2f8211e521c,fulfilled,2024-04-17 20:17:48+00,2024-05-10 20:17:48+00,10275.12,2024-04-17 20:17:48+00,2025-01-02 09:01:16+00
c9e8ed40-9a71-572c-9a15-742d0799b812,ORD-2024-00580,79760680-5041-5c9e-a2f1-bd6ae1230100,fulfilled,2024-09-23 09:42:58+00,2024-09-30 09:42:58+00,12504.1,2024-09-23 09:42:58+00,2025-01-02 09:01:20+00
299a90d7-2568-58b8-9b9d-cea1d678db74,ORD-2024-00581,33f6b6c0-ceaa-50c9-87ef-a14b7a894484,open,2024-06-05 18:12:42+00,2024-07-01 18:12:42+00,342317.28,2024-06-05 18:12:42+00,2025-01-02 09:26:14+00
de4c166e-9fd0-5781-b529-eb5d037dd16d,ORD-2024-00582,472885fd-16ec-5ba5-9b52-d867cd0d2522,fulfilled,2024-03-04 14:29:04+00,2024-03-29 14:29:04+00,22666.86,2024-03-04 14:29:04+00,2025-01-02 09:11:20+00
cc74909e-45a9-5329-b89e-2b1d7985d686,ORD-2024-00583,4ec05809-1563-566e-a6d2-e3dd9ced06a2,fulfilled,2024-09-03 12:09:39+00,2024-09-15 12:09:39+00,20466.98,2024-09-03 12:09:39+00,2025-01-02 09:13:05+00
1916a9bb-3308-56bf-a3c4-35b5ebdb80b2,ORD-2024-00584,4ec05809-1563-566e-a6d2-e3dd9ced06a2,open,2024-09-01 15:10:52+00,2024-09-25 15:10:52+00,31506.17,2024-09-01 15:10:52+00,2025-01-02 09:17:46+00
a1ec78ee-3a63-522a-ba55-9d9f96031c5d,ORD-2024-00585,82ca6e61-6ac0-5546-8ae6-9a66c3224f86,fulfilled,2024-05-24 22:36:27+00,2024-06-21 22:36:27+00,5891.48,2024-05-24 22:36:27+00,2025-01-02 09:09:14+00
c9e31584-2d77-5296-ba1e-20c03a524d9e,ORD-2024-00586,d6827bcd-2217-50dd-b919-e2615973cd9e,fulfilled,2024-04-30 21:34:13+00,2024-05-19 21:34:13+00,3119.79,2024-04-30 21:34:13+00,2025-01-02 09:04:13+00
6117af60-06ba-58e9-b926-9cb02bea2d94,ORD-2024-00587,780e9fef-d1d4-5aaa-a774-2f238374ec41,fulfilled,2024-01-23 19:06:20+00,2024-02-04 19:06:20+00,14007.01,2024-01-23 19:06:20+00,2025-01-02 09:29:12+00
2650206c-3d62-5f46-95ce-b6bad246adec,ORD-2024-00588,a7ff7b3c-0aca-5f55-96bb-b15dd7aa9b57,open,2024-09-21 14:00:50+00,2024-10-16 14:00:50+00,31391.15,2024-09-21 14:00:50+00,2025-01-02 09:15:19+00
3a7702be-cdbe-5678-a1e8-c5c8bcbde182,ORD-2024-00589,2c836b74-f627-5f95-94c4-d112dd07eccc,open,2024-08-19 00:32:19+00,2024-09-12 00:32:19+00,21298.69,2024-08-19 00:32:19+00,2025-01-02 09:05:19+00
63780745-f4ae-5f49-8f2f-cc10d8bf0289,ORD-2024-00590,06d6c1ee-4775-5e92-aede-41001355353a,fulfilled,2024-10-29 20:41:57+00,2024-11-18 20:41:57+00,2133.26,2024-10-29 20:41:57+00,2025-01-02 09:16:42+00
f3b6376f-6615-5943-b352-8c7e33895f96,ORD-2024-00591,be28f57a-f99d-5214-962c-8161db3db2d6,fulfilled,2024-09-07 23:40:54+00,2024-09-27 23:40:54+00,24147.28,2024-09-07 23:40:54+00,2025-01-02 09:07:10+00
7a9f890e-fcaf-5830-9e25-5d2dcbd79355,ORD-2024-00592,0be1a0d0-a71f-5728-b1e8-d659d1509b9d,fulfilled,2024-03-04 13:02:29+00,2024-03-18 13:02:29+00,15005.95,2024-03-04 13:02:29+00,2025-01-02 09:09:15+00
86c5c457-174e-5c1f-bc76-afbcd03420ca,ORD-2024-00593,00f17243-2ba7-5bd7-a860-f35d5db95a21,fulfilled,2024-11-20 11:35:44+00,2024-11-29 11:35:44+00,17762.25,2024-11-20 11:35:44+00,2025-01-02 09:01:54+00
9a43c010-cd98-5ab7-b8e5-97489de988d9,ORD-2024-00594,0ef59677-af08-5b7f-9ee4-76ab9978fd4b,open,2024-06-03 22:12:33+00,2024-06-30 22:12:33+00,4007.6,2024-06-03 22:12:33+00,2025-01-02 09:13:20+00
38ac07a4-4ef5-515a-8bd4-ec28a09c75f8,ORD-2024-00595,f66e129b-e63d-5b28-961f-769f873a7fe3,fulfilled,2024-10-19 20:42:01+00,2024-11-02 20:42:01+00,9484.69,2024-10-19 20:42:01+00,2025-01-02 09:19:17+00
ccc10598-3de5-53d3-beb4-45ce40c0737c,ORD-2024-00596,1ff8c984-dfe7-51fa-bcea-aadbf5530588,open,2024-10-09 16:03:07+00,2024-10-21 16:03:07+00,16383.66,2024-10-09 16:03:07+00,2025-01-02 09:28:33+00
f673bf1a-d9a9-5879-b3e4-db3b43df27f6,ORD-2024-00597,84932fe2-b7e5-5d4b-a6c0-0f6a7c6c7697,fulfilled,2024-11-02 21:15:20+00,2024-11-16 21:15:20+00,7199.29,2024-11-02 21:15:20+00,2025-01-02 09:16:44+00
69bcddbf-d205-5c1c-a7fd-7d5c95a705db,ORD-2024-00598,2a069cff-f49f-54db-bd4f-86922e3edb5a,fulfilled,2024-11-07 23:43:20+00,2024-11-26 23:43:20+00,26737.33,2024-11-07 23:43:20+00,2025-01-02 09:27:38+00
cb37fed3-5df3-524c-a40b-5db51155ecf6,ORD-2024-00599,21b12f34-79a4-57c6-b5b8-eedb2e45534c,fulfilled,2024-03-28 22:02:12+00,2024-04-06 22:02:12+00,21524.17,2024-03-28 22:02:12+00,2025-01-02 09:11:15+00
43b0cea3-6166-57c5-9c12-0f576a423232,ORD-2024-00600,cdfbe2f7-6b67-5381-a963-3b1bfc6675bb,fulfilled,2024-03-27 01:29:27+00,2024-04-03 01:29:27+00,31148.8,2024-03-27 01:29:27+00,2025-01-02 09:08:58+00
3303bb8e-3944-5164-a5e9-237c2d0138b8,ORD-2024-00601,6b218674-010f-58ab-b92f-4d298f7b30cb,fulfilled,2024-03-04 17:14:25+00,2024-03-16 17:14:25+00,19841.56,2024-03-04 17:14:25+00,2025-01-02 09:03:59+00
4ba1edc5-f745-5752-af8f-c8081ca1737c,ORD-2024-00602,0be1a0d0-a71f-5728-b1e8-d659d1509b9d,fulfilled,2024-11-04 13:34:17+00,2024-11-18 13:34:17+00,33751.52,2024-11-04 13:34:17+00,2025-01-02 09:07:45+00
c1187c6b-5855-5286-bbf3-47e8d1bd03f1,ORD-2024-00603,cdfbe2f7-6b67-5381-a963-3b1bfc6675bb,fulfilled,2024-09-13 17:44:35+00,2024-10-03 17:44:35+00,17283.96,2024-09-13 17:44:35+00,2025-01-02 09:26:24+00
8eb329bc-de77-58bc-a9fb-3e7907b5190d,ORD-2024-00604,84932fe2-b7e5-5d4b-a6c0-0f6a7c6c7697,fulfilled,2024-02-12 01:27:54+00,2024-02-26 01:27:54+00,12839.12,2024-02-12 01:27:54+00,2025-01-02 09:06:12+00
b23b79d9-9a90-5ccd-9eb4-d311e5708f1b,ORD-2024-00605,a7ff7b3c-0aca-5f55-96bb-b15dd7aa9b57,fulfilled,2024-11-03 22:13:10+00,2024-12-03 22:13:10+00,16357.18,2024-11-03 22:13:10+00,2025-01-02 09:13:06+00
3991eda5-d4c5-5dd1-949e-c610087eb937,ORD-2024-00606,af40e653-9aa2-564b-9727-c21fc59311fb,fulfilled,2024-02-03 16:31:28+00,2024-02-29 16:31:28+00,33413.31,2024-02-03 16:31:28+00,2025-01-02 09:06:37+00
6288efa2-1339-5999-9155-9d989be840a1,ORD-2024-00607,701efb7a-bbe7-5af8-8672-2fa15a6d8a88,fulfilled,2024-11-22 14:35:28+00,2024-12-01 14:35:28+00,46369.78,2024-11-22 14:35:28+00,2025-01-02 09:24:31+00
aff10c08-e223-5bfc-b44e-8c2ccf071b9b,ORD-2024-00608,ca6a232d-adb6-56ba-8f2a-dbcaf3b586d1,fulfilled,2024-01-21 21:34:55+00,2024-02-10 21:34:55+00,4914.88,2024-01-21 21:34:55+00,2025-01-02 09:24:13+00
8a796929-7996-561a-b1c9-2880ff680cfa,ORD-2024-00609,1fee1bd7-9e79-5339-a3e3-99b0b3ea95b6,open,2024-10-23 17:25:01+00,2024-11-03 17:25:01+00,16855.06,2024-10-23 17:25:01+00,2025-01-02 09:00:11+00
664b5939-a45b-5a98-8820-412109ea1c17,ORD-2024-00610,aa563f9b-3bc0-53bb-a089-2d697c58bd09,fulfilled,2024-09-11 12:30:21+00,2024-10-10 12:30:21+00,16273.78,2024-09-11 12:30:21+00,2025-01-02 09:29:08+00
f04a5480-848e-5f39-b60b-afb4ef68b842,ORD-2024-00611,2c836b74-f627-5f95-94c4-d112dd07eccc,fulfilled,2024-10-15 21:20:56+00,2024-11-11 21:20:56+00,19331.1,2024-10-15 21:20:56+00,2025-01-02 09:29:18+00
94578889-1871-53cf-9355-4eb5453835d3,ORD-2024-00612,69620e0a-b6d8-576c-a2d3-f2b60fc5605c,fulfilled,2024-09-07 17:20:40+00,2024-09-22 17:20:40+00,33342.5,2024-09-07 17:20:40+00,2025-01-02 09:22:48+00
f605b185-64ea-5dd1-b51c-81e6817c2269,ORD-2024-00613,bdcbbfa9-6b02-53be-924e-36542bfb1ba2,fulfilled,2024-10-28 00:25:33+00,2024-11-19 00:25:33+00,6234.33,2024-10-28 00:25:33+00,2025-01-02 09:03:30+00
1df50dc8-32b3-59af-b7c6-d5b4ea99639b,ORD-2024-00614,f00161cb-a7d6-52ca-8cdc-414dd71dfe6a,fulfilled,2024-02-03 21:14:05+00,2024-02-29 21:14:05+00,6469.55,2024-02-03 21:14:05+00,2025-01-02 09:27:26+00
f9e22592-a5ec-5f28-aeac-57b07a1e5e55,ORD-2024-00615,dab3a251-1b55-5799-a144-04f4b708d8c8,open,2024-10-18 16:35:46+00,2024-11-05 16:35:46+00,5023.3,2024-10-18 16:35:46+00,2025-01-02 09:26:56+00
056f5275-86fb-5dfc-8c76-645643aa73d9,ORD-2024-00616,0be1a0d0-a71f-5728-b1e8-d659d1509b9d,fulfilled,2024-06-18 00:37:46+00,2024-07-12 00:37:46+00,8624.37,2024-06-18 00:37:46+00,2025-01-02 09:28:26+00
1b6fd9d0-54b6-5411-a7a1-91d8cd29470c,ORD-2024-00617,a15a8221-9337-53f4-b65d-9b95d1010476,fulfilled,2024-05-06 19:12:28+00,2024-05-20 19:12:28+00,7131.9,2024-05-06 19:12:28+00,2025-01-02 09:10:55+00
1b762eb0-0abd-5d2d-bb15-49c06a82711f,ORD-2024-00618,35176a64-c7ff-53dc-b2d0-d8d97cc7f86f,fulfilled,2024-09-05 16:20:40+00,2024-09-19 16:20:40+00,17375.4,2024-09-05 16:20:40+00,2025-01-02 09:01:52+00
8a0ffcdf-d097-54e5-8e4b-f184a51be5f6,ORD-2024-00619,213aff84-f1cc-50f2-a9a3-9fee471b532e,open,2024-02-22 00:40:50+00,2024-02-29 00:40:50+00,51466.18,2024-02-22 00:40:50+00,2025-01-02 09:18:49+00
9f731382-e0a3-5be1-b5d7-bf86604e074a,ORD-2024-00620,aa563f9b-3bc0-53bb-a089-2d697c58bd09,fulfilled,2024-11-03 20:12:03+00,2024-11-26 20:12:03+00,18494.63,2024-11-03 20:12:03+00,2025-01-02 09:21:52+00
225efd03-a52d-5b48-90cd-40e8adb16021,ORD-2024-00621,f66e129b-e63d-5b28-961f-769f873a7fe3,fulfilled,2024-10-16 08:21:47+00,2024-10-28 08:21:47+00,15704.01,2024-10-16 08:21:47+00,2025-01-02 09:25:43+00
e0453cd7-e808-538e-a5f1-08a10a0bbe9e,ORD-2024-00622,472885fd-16ec-5ba5-9b52-d867cd0d2522,open,2024-03-27 10:13:12+00,2024-04-10 10:13:12+00,10528.42,2024-03-27 10:13:12+00,2025-01-02 09:19:45+00
75aa1f81-4e17-58ab-8d42-795578f7268b,ORD-2024-00623,21222ab4-7eac-53e6-97ad-2f25c264ce99,fulfilled,2024-06-03 01:10:33+00,2024-06-22 01:10:33+00,27820.12,2024-06-03 01:10:33+00,2025-01-02 09:04:29+00
e242005d-519b-5180-b488-c0fbbe51a6bb,ORD-2024-00624,701efb7a-bbe7-5af8-8672-2fa15a6d8a88,fulfilled,2024-11-09 11:17:56+00,2024-11-25 11:17:56+00,28140.44,2024-11-09 11:17:56+00,2025-01-02 09:04:29+00
1bacc0ca-4d3b-54f0-a2a8-47ce30c4d435,ORD-2024-00625,35176a64-c7ff-53dc-b2d0-d8d97cc7f86f,fulfilled,2024-07-20 22:27:35+00,2024-08-07 22:27:35+00,14311.74,2024-07-20 22:27:35+00,2025-01-02 09:20:56+00
25df2949-6a0b-5442-b267-a32119a9b75e,ORD-2024-00626,21222ab4-7eac-53e6-97ad-2f25c264ce99,fulfilled,2024-09-11 14:26:06+00,2024-10-11 14:26:06+00,11743.43,2024-09-11 14:26:06+00,2025-01-02 09:17:12+00
12553834-1eb7-5d32-92f8-018090bd6495,ORD-2024-00627,701efb7a-bbe7-5af8-8672-2fa15a6d8a88,open,2024-03-23 21:40:28+00,2024-03-31 21:40:28+00,21801.34,2024-03-23 21:40:28+00,2025-01-02 09:06:53+00
f12e6fee-58dd-5c53-a53f-c9b492360789,ORD-2024-00628,21222ab4-7eac-53e6-97ad-2f25c264ce99,fulfilled,2024-05-25 17:05:03+00,2024-06-24 17:05:03+00,31461.16,2024-05-25 17:05:03+00,2025-01-02 09:01:31+00
b68eb099-ddcd-5d2b-94ae-0a55dc469d21,ORD-2024-00629,a15a8221-9337-53f4-b65d-9b95d1010476,fulfilled,2024-05-14 00:19:53+00,2024-05-23 00:19:53+00,163896.02,2024-05-14 00:19:53+00,2025-01-02 09:20:09+00
26a32dd8-b280-5a8d-a7dc-d11a0d862fa5,ORD-2024-00630,32f71c31-97b9-5805-88b8-62a40829f7da,open,2024-04-11 20:01:34+00,2024-05-01 20:01:34+00,32737.67,2024-04-11 20:01:34+00,2025-01-02 09:05:10+00
50800647-c974-570f-9ce8-c277db2b73f9,ORD-2024-00631,aa563f9b-3bc0-53bb-a089-2d697c58bd09,open,2024-06-17 00:39:14+00,2024-07-17 00:39:14+00,3917.53,2024-06-17 00:39:14+00,2025-01-02 09:04:56+00
dc135640-d08f-564c-8e94-86a2b0af8d46,ORD-2024-00632,882df9e5-b9b5-5cb8-bdf2-fc259061c971,open,2024-02-28 00:35:03+00,2024-03-20 00:35:03+00,23768.73,2024-02-28 00:35:03+00,2025-01-02 09:02:34+00
f0aaaa46-1805-5162-9fba-229287fc5445,ORD-2024-00633,525eeb54-63fc-5f71-b656-782dfa5097bd,fulfilled,2024-03-18 21:44:13+00,2024-04-10 21:44:13+00,26138.89,2024-03-18 21:44:13+00,2025-01-02 09:26:06+00
8d0cf19a-ca3c-5e78-bc7b-1ad2527fffed,ORD-2024-00634,be6593f2-3765-5e66-bfa5-54ed361e6da0,fulfilled,2024-09-18 15:44:37+00,2024-10-13 15:44:37+00,6687.06,2024-09-18 15:44:37+00,2025-01-02 09:07:39+00
b78bcc15-1f15-5cf2-b33a-744b9d809b71,ORD-2024-00635,21222ab4-7eac-53e6-97ad-2f25c264ce99,fulfilled,2024-01-21 18:04:43+00,2024-02-04 18:04:43+00,10386.78,2024-01-21 18:04:43+00,2025-01-02 09:07:03+00
bcc18423-b2dd-510f-ade5-5779c2dae9fc,ORD-2024-00636,2c05e62a-c525-5859-9607-d7f41b04ad2c,fulfilled,2024-04-21 21:30:00+00,2024-05-10 21:30:00+00,19083.69,2024-04-21 21:30:00+00,2025-01-02 09:29:59+00
05496d1b-81f5-5ffa-9dfb-0d1d8569486e,ORD-2024-00637,55a3ef43-28a9-5d2b-b239-aac0c74b22ec,fulfilled,2024-04-16 22:29:56+00,2024-05-05 22:29:56+00,3874.32,2024-04-16 22:29:56+00,2025-01-02 09:15:51+00
f57ee370-b2e8-52c7-93eb-b9a8665e4c62,ORD-2024-00638,2c05e62a-c525-5859-9607-d7f41b04ad2c,fulfilled,2024-10-24 00:14:18+00,2024-11-23 00:14:18+00,23037.06,2024-10-24 00:14:18+00,2025-01-02 09:01:02+00
b3fc32c4-dd28-54f2-9896-322df5086f3e,ORD-2024-00639,55a3ef43-28a9-5d2b-b239-aac0c74b22ec,fulfilled,2024-08-21 16:28:40+00,2024-08-31 16:28:40+00,30618.58,2024-08-21 16:28:40+00,2025-01-02 09:08:38+00
ae56733f-20fe-50fd-b664-41e6d452be40,ORD-2024-00640,69620e0a-b6d8-576c-a2d3-f2b60fc5605c,fulfilled,2024-09-09 13:03:05+00,2024-09-21 13:03:05+00,4934.02,2024-09-09 13:03:05+00,2025-01-02 09:22:47+00
5e2d1f14-299d-5a46-a8f3-5665315b3117,ORD-2024-00641,987aa102-613d-5ff6-849a-3630f8d18d22,fulfilled,2024-09-20 11:20:00+00,2024-10-02 11:20:00+00,41076.83,2024-09-20 11:20:00+00,2025-01-02 09:10:59+00
90cd43f8-4622-5aa2-8be9-dd43304c78b3,ORD-2024-00642,987aa102-613d-5ff6-849a-3630f8d18d22,fulfilled,2024-09-11 19:42:41+00,2024-09-26 19:42:41+00,10979.18,2024-09-11 19:42:41+00,2025-01-02 09:26:53+00
979bb180-74d4-50b8-bf7f-37c4f5ca507e,ORD-2024-00643,4ec05809-1563-566e-a6d2-e3dd9ced06a2,fulfilled,2024-10-06 09:01:01+00,2024-10-15 09:01:01+00,35604.6,2024-10-06 09:01:01+00,2025-01-02 09:23:53+00
a6626fa2-21d7-551a-a7a0-642aebc55ec8,ORD-2024-00644,b11e0fe2-d3ca-56c4-87e6-41b0cd51c8b7,fulfilled,2024-06-08 23:17:32+00,2024-07-02 23:17:32+00,28083.16,2024-06-08 23:17:32+00,2025-01-02 09:01:25+00
3e66a839-352e-56f1-8c3c-dfe10256d830,ORD-2024-00645,f00161cb-a7d6-52ca-8cdc-414dd71dfe6a,fulfilled,2024-09-20 18:09:44+00,2024-10-20 18:09:44+00,8367.72,2024-09-20 18:09:44+00,2025-01-02 09:07:23+00
6f0c1c47-d0aa-59cb-be73-b61365b73560,ORD-2024-00646,06d6c1ee-4775-5e92-aede-41001355353a,fulfilled,2024-02-23 19:12:36+00,2024-03-11 19:12:36+00,48476.63,2024-02-23 19:12:36+00,2025-01-02 09:22:07+00
70d8a591-1ea3-580a-b849-d65366d45aa0,ORD-2024-00647,68721960-e719-596c-8ac8-678d741ca0d7,fulfilled,2024-10-06 08:09:45+00,2024-10-20 08:09:45+00,118897.71,2024-10-06 08:09:45+00,2025-01-02 09:17:33+00
7e1bb23e-d065-589c-b14c-7be68bd851d0,ORD-2024-00648,af40e653-9aa2-564b-9727-c21fc59311fb,fulfilled,2024-04-07 01:14:39+00,2024-05-01 01:14:39+00,31470.01,2024-04-07 01:14:39+00,2025-01-02 09:13:58+00
042cffde-fdce-513c-991a-3102970f9047,ORD-2024-00649,b39e36f0-6bb3-5217-bfbe-f8451a3635d6,open,2024-09-25 16:17:56+00,2024-10-15 16:17:56+00,1433.47,2024-09-25 16:17:56+00,2025-01-02 09:00:32+00
446925d2-0bb3-5d03-8472-09b6c178890f,ORD-2024-00650,b11e0fe2-d3ca-56c4-87e6-41b0cd51c8b7,fulfilled,2024-08-22 17:20:11+00,2024-09-07 17:20:11+00,51658.59,2024-08-22 17:20:11+00,2025-01-02 09:16:56+00
bb51d3ec-d733-5745-bc28-555d19277c2e,ORD-2024-00651,2a069cff-f49f-54db-bd4f-86922e3edb5a,open,2024-10-24 13:35:52+00,2024-11-18 13:35:52+00,7073.54,2024-10-24 13:35:52+00,2025-01-02 09:05:36+00
9c820ff2-ff70-5151-89a6-608293d9673f,ORD-2024-00652,c1cd43be-502d-59a3-9851-b14ae9f42241,at_risk,2024-12-22 00:10:50+00,2025-01-18 00:10:50+00,26227.5,2024-12-22 00:10:50+00,2025-01-02 09:21:08+00
556f57ec-b50c-594f-bbf1-c258be53f7f3,ORD-2024-00653,cdfbe2f7-6b67-5381-a963-3b1bfc6675bb,fulfilled,2024-10-10 14:35:37+00,2024-10-31 14:35:37+00,29280.87,2024-10-10 14:35:37+00,2025-01-02 09:10:11+00
9c0a1417-0c4b-5767-b5dc-fc08232a7473,ORD-2024-00654,69620e0a-b6d8-576c-a2d3-f2b60fc5605c,fulfilled,2024-09-25 14:09:34+00,2024-10-07 14:09:34+00,15283.79,2024-09-25 14:09:34+00,2025-01-02 09:06:37+00
6fe57d86-d9ba-59c9-9bda-eb51d3f42b30,ORD-2024-00655,32f71c31-97b9-5805-88b8-62a40829f7da,open,2024-05-07 21:18:51+00,2024-05-17 21:18:51+00,13937.71,2024-05-07 21:18:51+00,2025-01-02 09:01:11+00
e973a264-6ed9-58fe-ad5e-eae2e05d3979,ORD-2024-00656,fa10adbb-db7c-551b-8f4b-84ea56b920fa,open,2024-11-22 17:35:47+00,2024-12-18 17:35:47+00,32622.95,2024-11-22 17:35:47+00,2025-01-02 09:14:00+00
3a130017-98ab-524e-ac40-ba55a5bb09a7,ORD-2024-00657,d466c3ec-bf7a-51b6-a632-8557413f9555,open,2024-09-04 15:29:04+00,2024-10-03 15:29:04+00,48047.61,2024-09-04 15:29:04+00,2025-01-02 09:04:45+00
69b7a683-781c-5ee8-9f2d-b3aee08c7020,ORD-2024-00658,610cf61b-4a53-5e88-9a30-663db1a07adb,fulfilled,2024-08-09 22:07:10+00,2024-09-08 22:07:10+00,28091.92,2024-08-09 22:07:10+00,2025-01-02 09:17:11+00
b6b3a063-00f4-595f-89b9-9021cc335ba2,ORD-2024-00659,6219b356-39ca-5bc8-be19-a29487a519cd,fulfilled,2024-09-05 19:15:06+00,2024-09-20 19:15:06+00,10965.0,2024-09-05 19:15:06+00,2025-01-02 09:15:36+00
bfa7e44b-125f-5eb0-bbc0-8ac1f4658e6e,ORD-2024-00660,3a37cd7d-a21c-5a5c-be88-e36a3a4834b8,open,2024-10-16 22:26:07+00,2024-11-10 22:26:07+00,1293.51,2024-10-16 22:26:07+00,2025-01-02 09:06:24+00
b65a3c59-4be6-55b3-a31b-cbe51163294a,ORD-2024-00661,cdfbe2f7-6b67-5381-a963-3b1bfc6675bb,open,2024-05-02 21:41:13+00,2024-05-31 21:41:13+00,15281.37,2024-05-02 21:41:13+00,2025-01-02 09:26:20+00
14266595-dce3-569e-9f84-469f5af8196b,ORD-2024-00662,a332481f-39fe-530d-9643-30844a7a6856,fulfilled,2024-09-13 14:01:45+00,2024-09-20 14:01:45+00,29378.92,2024-09-13 14:01:45+00,2025-01-02 09:09:21+00
bcc1d9d3-0f5b-51cc-839c-8827f61ad736,ORD-2024-00663,21222ab4-7eac-53e6-97ad-2f25c264ce99,fulfilled,2024-10-09 15:03:15+00,2024-11-05 15:03:15+00,23226.15,2024-10-09 15:03:15+00,2025-01-02 09:11:26+00
178cfcf5-f39b-54fd-a20a-a0bdfab9bf55,ORD-2024-00664,6030a031-f992-59e5-a3c0-5377ac1da383,fulfilled,2024-09-12 17:36:44+00,2024-09-26 17:36:44+00,23791.97,2024-09-12 17:36:44+00,2025-01-02 09:04:12+00
a97bcb3e-f206-503f-90f5-088255edd7bf,ORD-2024-00665,4ec05809-1563-566e-a6d2-e3dd9ced06a2,fulfilled,2024-07-14 19:33:08+00,2024-08-04 19:33:08+00,21265.88,2024-07-14 19:33:08+00,2025-01-02 09:04:43+00
13e483c8-8b64-5064-8f7e-90a11dade26d,ORD-2024-00666,82175555-0df5-5ff3-993e-8039ea26bb13,fulfilled,2024-06-01 00:27:10+00,2024-06-14 00:27:10+00,13567.51,2024-06-01 00:27:10+00,2025-01-02 09:19:34+00
f0252cae-f4da-5f35-a835-e93ae2e45437,ORD-2024-00667,79760680-5041-5c9e-a2f1-bd6ae1230100,fulfilled,2024-10-23 13:36:22+00,2024-11-11 13:36:22+00,11547.1,2024-10-23 13:36:22+00,2025-01-02 09:12:36+00
445a4364-d606-52ec-8adb-a0e926441496,ORD-2024-00668,bce7b040-bec6-5d46-9fbe-e2186050257e,fulfilled,2024-10-27 08:16:47+00,2024-11-11 08:16:47+00,6586.15,2024-10-27 08:16:47+00,2025-01-02 09:28:12+00
eae7327d-a76f-58ed-9c24-dff948601edf,ORD-2024-00669,82154faa-4a8f-5094-9e66-a29cb1b5d3d1,open,2024-10-21 11:09:55+00,2024-10-28 11:09:55+00,29582.85,2024-10-21 11:09:55+00,2025-01-02 09:03:59+00
b3b4ca30-ebc6-5fa6-8fce-77dcd0932364,ORD-2024-00670,c9a0a4a0-7b81-57e6-ba8b-b3a1196e8418,fulfilled,2024-07-05 20:24:53+00,2024-07-23 20:24:53+00,8879.56,2024-07-05 20:24:53+00,2025-01-02 09:20:59+00
674cd470-0a29-59af-a2b1-4b4a8bf085f7,ORD-2024-00671,b46a4a7b-b1f2-5183-a41d-8f042adb219e,fulfilled,2024-03-05 09:34:38+00,2024-03-22 09:34:38+00,5898.25,2024-03-05 09:34:38+00,2025-01-02 09:15:04+00
75b2fe56-7e63-5524-830b-40d9c05dbb92,ORD-2024-00672,435ed520-80ab-5538-be50-40bd7f496e48,fulfilled,2024-10-15 12:39:12+00,2024-11-05 12:39:12+00,21821.15,2024-10-15 12:39:12+00,2025-01-02 09:23:00+00
3a8d54cd-8be3-5db2-991b-8196351c1aba,ORD-2024-00673,6784b6cb-ada1-5ce9-87fe-dcb5d8da6777,fulfilled,2024-03-16 17:04:27+00,2024-03-31 17:04:27+00,7843.16,2024-03-16 17:04:27+00,2025-01-02 09:23:21+00
74fb939f-0c63-5f09-b6ef-541508344371,ORD-2024-00674,d8822011-b10c-57ad-b7bf-e90f8f5b5c99,open,2024-03-09 22:30:51+00,2024-04-06 22:30:51+00,21749.89,2024-03-09 22:30:51+00,2025-01-02 09:04:58+00
14e8a518-68ac-533c-ad36-36755e8376cf,ORD-2024-00675,6219b356-39ca-5bc8-be19-a29487a519cd,fulfilled,2024-01-05 01:24:27+00,2024-01-14 01:24:27+00,9725.37,2024-01-05 01:24:27+00,2025-01-02 09:18:19+00
d9cfef3e-2e72-5e05-a3e9-87e5e4328c06,ORD-2024-00676,e93b2b5a-153a-5278-8baa-3cee895f9b80,fulfilled,2024-10-27 10:02:00+00,2024-11-26 10:02:00+00,1101.32,2024-10-27 10:02:00+00,2025-01-02 09:24:58+00
9054b283-98d7-598a-ab1f-02c4c922978a,ORD-2024-00677,7e6d9d63-6aaa-5519-9803-e16f43463669,fulfilled,2024-11-13 14:26:01+00,2024-11-30 14:26:01+00,9685.47,2024-11-13 14:26:01+00,2025-01-02 09:11:27+00
7be83914-ff41-5632-be1c-17cd6b1af240,ORD-2024-00678,4ec05809-1563-566e-a6d2-e3dd9ced06a2,fulfilled,2024-04-04 20:15:28+00,2024-05-01 20:15:28+00,10579.17,2024-04-04 20:15:28+00,2025-01-02 09:11:22+00
4c228464-faae-5861-9fa3-9faeb1e4cad4,ORD-2024-00679,35176a64-c7ff-53dc-b2d0-d8d97cc7f86f,fulfilled,2024-09-25 20:41:22+00,2024-10-03 20:41:22+00,3748.14,2024-09-25 20:41:22+00,2025-01-02 09:18:31+00
287f3b8f-3cf6-55a3-882f-44affa6245ed,ORD-2024-00680,b515cced-3623-5f57-b080-b473400225f5,fulfilled,2024-10-18 01:04:44+00,2024-11-13 01:04:44+00,28482.88,2024-10-18 01:04:44+00,2025-01-02 09:13:05+00
0865b8ba-39fa-51b6-ab98-3e5828e56a29,ORD-2024-00681,b5d10f22-4ee1-5e81-9bfd-b8444cd7f135,fulfilled,2024-04-01 00:30:23+00,2024-04-25 00:30:23+00,2633.22,2024-04-01 00:30:23+00,2025-01-02 09:17:02+00
c9e56a7d-1b47-505a-bee8-5393b82a5dc6,ORD-2024-00682,c1cd43be-502d-59a3-9851-b14ae9f42241,fulfilled,2024-12-15 18:11:25+00,2025-01-10 18:11:25+00,21739.63,2024-12-15 18:11:25+00,2025-01-02 09:21:18+00
83827514-7797-5061-860d-a0ecd6cebe43,ORD-2024-00683,69620e0a-b6d8-576c-a2d3-f2b60fc5605c,fulfilled,2024-09-11 11:24:57+00,2024-10-03 11:24:57+00,20959.98,2024-09-11 11:24:57+00,2025-01-02 09:24:35+00
05cf489c-7ba3-5dd7-99ce-6c3e4a8ecf09,ORD-2024-00684,882df9e5-b9b5-5cb8-bdf2-fc259061c971,fulfilled,2024-12-04 01:35:29+00,2024-12-21 01:35:29+00,24908.0,2024-12-04 01:35:29+00,2025-01-02 09:08:15+00
b7de97ca-c810-5c59-8d99-e3c77b865b28,ORD-2024-00685,21222ab4-7eac-53e6-97ad-2f25c264ce99,fulfilled,2024-02-12 23:07:07+00,2024-03-09 23:07:07+00,45382.45,2024-02-12 23:07:07+00,2025-01-02 09:04:04+00
a7fb18e8-c60a-5d99-aa99-064a98bd2388,ORD-2024-00686,15756e6e-85c3-577b-950c-76e4d139d70b,fulfilled,2024-10-28 01:43:45+00,2024-11-21 01:43:45+00,4876.04,2024-10-28 01:43:45+00,2025-01-02 09:12:57+00
5e9993f8-1ccb-5971-b726-e7df7bf71476,ORD-2024-00687,6030a031-f992-59e5-a3c0-5377ac1da383,fulfilled,2024-06-30 00:29:36+00,2024-07-12 00:29:36+00,15117.42,2024-06-30 00:29:36+00,2025-01-02 09:29:51+00
902c3ad3-fac4-52b1-b4d9-180bee0cc78c,ORD-2024-00688,a15a8221-9337-53f4-b65d-9b95d1010476,fulfilled,2024-09-02 14:14:03+00,2024-09-18 14:14:03+00,15997.11,2024-09-02 14:14:03+00,2025-01-02 09:01:21+00
aab0803e-ff5b-5747-9828-5b642bc0e5a2,ORD-2024-00689,fff984d9-fdb9-5beb-8425-09c0748f8d86,fulfilled,2024-10-12 14:03:03+00,2024-10-26 14:03:03+00,28787.05,2024-10-12 14:03:03+00,2025-01-02 09:22:01+00
d502b6ac-f88d-54c7-a3db-b98bd6dd8029,ORD-2024-00690,472885fd-16ec-5ba5-9b52-d867cd0d2522,fulfilled,2024-07-31 22:12:56+00,2024-08-26 22:12:56+00,2119.04,2024-07-31 22:12:56+00,2025-01-02 09:05:16+00
1b4615cf-e6cf-5f81-8b38-eda7d3630e47,ORD-2024-00691,a7ff7b3c-0aca-5f55-96bb-b15dd7aa9b57,open,2024-10-03 09:07:52+00,2024-10-25 09:07:52+00,7205.68,2024-10-03 09:07:52+00,2025-01-02 09:16:08+00
84f059b0-0e08-51ab-9f1f-9bf6375a5ecd,ORD-2024-00692,a60af1a9-f379-523a-9b8d-b1d84c77daf5,open,2024-05-11 22:19:33+00,2024-05-26 22:19:33+00,10299.62,2024-05-11 22:19:33+00,2025-01-02 09:17:30+00
28ab1027-a87b-577e-9cd0-f4359b482d81,ORD-2024-00693,9edece38-c5cb-5551-8ef5-c5a9ac905426,fulfilled,2024-04-13 17:33:59+00,2024-04-21 17:33:59+00,33508.43,2024-04-13 17:33:59+00,2025-01-02 09:14:30+00
5066bfcb-e50d-536b-9196-6b2b0069b853,ORD-2024-00694,610cf61b-4a53-5e88-9a30-663db1a07adb,fulfilled,2024-10-20 08:34:22+00,2024-11-02 08:34:22+00,15769.99,2024-10-20 08:34:22+00,2025-01-02 09:06:41+00
4b6f6089-08f8-5249-927e-81894593e336,ORD-2024-00695,e36d1ee6-31d5-554e-b3a2-a657017481e8,open,2024-04-12 16:10:27+00,2024-04-26 16:10:27+00,9707.63,2024-04-12 16:10:27+00,2025-01-02 09:24:54+00
a456f34a-e633-5fa4-8bda-a6f31bd0bcda,ORD-2024-00696,07b1ba9d-c70e-5b30-aa83-803d7ffe67d8,fulfilled,2024-02-05 19:19:38+00,2024-02-29 19:19:38+00,19979.28,2024-02-05 19:19:38+00,2025-01-02 09:24:28+00
a8177c40-414f-532e-9301-4cde3cc494bf,ORD-2024-00697,be28f57a-f99d-5214-962c-8161db3db2d6,fulfilled,2024-06-13 21:07:05+00,2024-07-02 21:07:05+00,2723.09,2024-06-13 21:07:05+00,2025-01-02 09:10:06+00
247ff2b9-03b6-5982-9f6f-1dd084e317ee,ORD-2024-00698,57b37dbe-1f1a-504a-8d5b-f2f8211e521c,open,2024-10-17 17:42:53+00,2024-10-26 17:42:53+00,11739.65,2024-10-17 17:42:53+00,2025-01-02 09:18:15+00
29fd7775-af1a-57f9-a9da-997438824d35,ORD-2024-00699,be28f57a-f99d-5214-962c-8161db3db2d6,fulfilled,2024-05-25 01:16:13+00,2024-06-09 01:16:13+00,24052.2,2024-05-25 01:16:13+00,2025-01-02 09:15:03+00
b1fe0c18-009e-5ce1-ab23-ec1fe87ecd78,ORD-2024-00700,6030a031-f992-59e5-a3c0-5377ac1da383,fulfilled,2024-10-09 10:25:07+00,2024-10-25 10:25:07+00,119888.16,2024-10-09 10:25:07+00,2025-01-02 09:27:49+00
3b40acea-805a-58ff-8aae-982fb40cfb25,ORD-2024-00701,cdfbe2f7-6b67-5381-a963-3b1bfc6675bb,fulfilled,2024-03-05 21:27:42+00,2024-03-26 21:27:42+00,32217.51,2024-03-05 21:27:42+00,2025-01-02 09:14:18+00
e902affb-6827-5870-beb1-2456577ff011,ORD-2024-00702,82175555-0df5-5ff3-993e-8039ea26bb13,fulfilled,2024-10-18 19:45:00+00,2024-11-08 19:45:00+00,24747.13,2024-10-18 19:45:00+00,2025-01-02 09:26:33+00
9d68e289-58e9-5133-8287-c8830035cf90,ORD-2024-00703,21b12f34-79a4-57c6-b5b8-eedb2e45534c,fulfilled,2024-04-21 21:10:41+00,2024-05-14 21:10:41+00,26175.07,2024-04-21 21:10:41+00,2025-01-02 09:29:59+00
0c9ce289-97c9-507b-8442-64f110190d1c,ORD-2024-00704,40a4c782-5faf-50ff-ae54-2e423f43ecab,fulfilled,2024-10-05 14:21:36+00,2024-11-04 14:21:36+00,18864.33,2024-10-05 14:21:36+00,2025-01-02 09:12:20+00
a8583cd2-710c-5c07-a106-92a8f4cc4665,ORD-2024-00705,aa563f9b-3bc0-53bb-a089-2d697c58bd09,fulfilled,2024-09-01 08:03:36+00,2024-09-18 08:03:36+00,31364.62,2024-09-01 08:03:36+00,2025-01-02 09:24:32+00
2afafb99-5ac3-5313-8b57-e4550b3c0c0e,ORD-2024-00706,e36d1ee6-31d5-554e-b3a2-a657017481e8,fulfilled,2024-10-25 23:11:57+00,2024-11-18 23:11:57+00,12481.19,2024-10-25 23:11:57+00,2025-01-02 09:13:22+00
00b94139-76a9-54e5-a73c-9c456d14a0ff,ORD-2024-00707,a15a8221-9337-53f4-b65d-9b95d1010476,fulfilled,2024-10-15 00:19:11+00,2024-10-29 00:19:11+00,3665.05,2024-10-15 00:19:11+00,2025-01-02 09:25:27+00
97ed0c42-613f-52e8-bcb7-82e3a3320f0e,ORD-2024-00708,610cf61b-4a53-5e88-9a30-663db1a07adb,fulfilled,2024-10-13 15:11:38+00,2024-11-11 15:11:38+00,187178.51,2024-10-13 15:11:38+00,2025-01-02 09:03:15+00
2b78ace0-2c94-5888-ab4e-76c04f24e07a,ORD-2024-00709,82175555-0df5-5ff3-993e-8039ea26bb13,fulfilled,2024-02-13 21:09:12+00,2024-03-03 21:09:12+00,29521.35,2024-02-13 21:09:12+00,2025-01-02 09:04:32+00
976231dd-adae-5f1b-9ed1-97290fbb91e6,ORD-2024-00710,84932fe2-b7e5-5d4b-a6c0-0f6a7c6c7697,open,2024-02-12 21:33:46+00,2024-03-08 21:33:46+00,19867.86,2024-02-12 21:33:46+00,2025-01-02 09:18:05+00
ecafba38-b9ac-545b-81d3-88531d3d852d,ORD-2024-00711,780e9fef-d1d4-5aaa-a774-2f238374ec41,at_risk,2024-12-24 20:29:33+00,2025-01-23 20:29:33+00,148908.31,2024-12-24 20:29:33+00,2025-01-02 09:28:40+00
bc2d6400-c7c9-5db9-91ea-692e90efe1a6,ORD-2024-00712,1fee1bd7-9e79-5339-a3e3-99b0b3ea95b6,fulfilled,2024-09-12 16:28:58+00,2024-09-23 16:28:58+00,13050.96,2024-09-12 16:28:58+00,2025-01-02 09:01:53+00
9c724be5-a01b-54f5-83ff-bc6b97d1c028,ORD-2024-00713,43a593ec-3f7e-5579-abee-cc11dea3b110,fulfilled,2024-09-01 10:07:18+00,2024-09-19 10:07:18+00,13795.12,2024-09-01 10:07:18+00,2025-01-02 09:13:56+00
d106714f-1383-53f7-9731-33d1e42977c3,ORD-2024-00714,6030a031-f992-59e5-a3c0-5377ac1da383,open,2024-02-14 17:00:55+00,2024-03-11 17:00:55+00,11775.14,2024-02-14 17:00:55+00,2025-01-02 09:20:41+00
33ddfbf4-ae50-5ca2-b9bb-2dcf2d27bbb1,ORD-2024-00715,b46a4a7b-b1f2-5183-a41d-8f042adb219e,open,2024-09-20 09:03:50+00,2024-10-20 09:03:50+00,3098.41,2024-09-20 09:03:50+00,2025-01-02 09:28:39+00
f7060bf5-61b5-5c24-85e5-c5b2ed8b5ade,ORD-2024-00716,a0f94859-4647-56b8-95af-acc816d2300a,fulfilled,2024-02-16 16:15:54+00,2024-02-25 16:15:54+00,298548.41,2024-02-16 16:15:54+00,2025-01-02 09:11:53+00
b4604d3e-52f4-5d9a-910b-352824cbdb8c,ORD-2024-00717,d6827bcd-2217-50dd-b919-e2615973cd9e,fulfilled,2024-10-30 16:34:39+00,2024-11-12 16:34:39+00,18543.44,2024-10-30 16:34:39+00,2025-01-02 09:10:51+00
44f610c1-21f1-574d-a6d6-636009346431,ORD-2024-00718,6219b356-39ca-5bc8-be19-a29487a519cd,fulfilled,2024-06-13 19:43:22+00,2024-07-03 19:43:22+00,30085.14,2024-06-13 19:43:22+00,2025-01-02 09:26:46+00
8e9ba21d-ff23-5f72-a6a2-8f17ddf10ac9,ORD-2024-00719,b39e36f0-6bb3-5217-bfbe-f8451a3635d6,fulfilled,2024-12-15 20:11:00+00,2025-01-06 20:11:00+00,19079.93,2024-12-15 20:11:00+00,2025-01-02 09:26:24+00
c9bd6978-c1bd-5f65-a58b-767f32ddf713,ORD-2024-00720,7e6d9d63-6aaa-5519-9803-e16f43463669,fulfilled,2024-12-11 17:24:40+00,2025-01-08 17:24:40+00,6566.44,2024-12-11 17:24:40+00,2025-01-02 09:05:23+00
ad25f8bd-6f0e-5b88-a5d7-2aca5fc70ccb,ORD-2024-00721,987aa102-613d-5ff6-849a-3630f8d18d22,fulfilled,2024-06-12 23:32:47+00,2024-07-04 23:32:47+00,15823.55,2024-06-12 23:32:47+00,2025-01-02 09:04:15+00
26ef73c8-4a98-5eb0-94cc-1b3d4508a60a,ORD-2024-00722,fff984d9-fdb9-5beb-8425-09c0748f8d86,fulfilled,2024-10-15 15:30:52+00,2024-11-03 15:30:52+00,43679.23,2024-10-15 15:30:52+00,2025-01-02 09:03:35+00
cac19e91-65a7-5512-a1eb-3faa25ac4306,ORD-2024-00723,a332481f-39fe-530d-9643-30844a7a6856,fulfilled,2024-03-29 18:12:33+00,2024-04-17 18:12:33+00,37264.93,2024-03-29 18:12:33+00,2025-01-02 09:01:12+00
2b636e10-d68d-58ac-b5c3-3fc84f5bef2b,ORD-2024-00724,6b8d0ad4-e55b-579c-a3ec-4314615e1416,fulfilled,2024-09-07 01:29:32+00,2024-09-19 01:29:32+00,33134.03,2024-09-07 01:29:32+00,2025-01-02 09:23:46+00
62cc763f-8bad-50d8-bd55-e03d7fd623dc,ORD-2024-00725,ca6a232d-adb6-56ba-8f2a-dbcaf3b586d1,fulfilled,2024-08-01 23:21:01+00,2024-08-28 23:21:01+00,22239.5,2024-08-01 23:21:01+00,2025-01-02 09:28:05+00
80d9dc60-f0b6-58f7-b353-77affe03f61f,ORD-2024-00726,b39e36f0-6bb3-5217-bfbe-f8451a3635d6,fulfilled,2024-12-18 18:32:19+00,2025-01-05 18:32:19+00,223325.49,2024-12-18 18:32:19+00,2025-01-02 09:20:22+00
8f6b87c3-766c-52c1-905c-d8cca88a9026,ORD-2024-00727,c9a0a4a0-7b81-57e6-ba8b-b3a1196e8418,fulfilled,2024-03-08 17:41:36+00,2024-03-22 17:41:36+00,35411.72,2024-03-08 17:41:36+00,2025-01-02 09:25:55+00
061799a9-0414-59d4-aeaf-0c47b3702bcf,ORD-2024-00728,9d0f08d9-ea95-569b-b50a-b20d145de37b,fulfilled,2024-11-09 09:30:41+00,2024-11-24 09:30:41+00,22433.43,2024-11-09 09:30:41+00,2025-01-02 09:11:18+00
3b8dbdf9-33ea-5b9d-afee-7046d9c63773,ORD-2024-00729,d88fef10-8639-5a87-9e2f-68c3a0c9693c,open,2024-01-02 21:42:22+00,2024-01-17 21:42:22+00,24447.39,2024-01-02 21:42:22+00,2025-01-02 09:07:14+00
a87504a5-063c-5637-85ce-0813fa1fa8d3,ORD-2024-00730,43a593ec-3f7e-5579-abee-cc11dea3b110,fulfilled,2024-10-17 16:19:16+00,2024-11-06 16:19:16+00,3052.49,2024-10-17 16:19:16+00,2025-01-02 09:02:41+00
f3705e05-7edd-5b2d-a69c-515cde8015ad,ORD-2024-00731,de69bd87-c78a-58a5-9513-942fd4e74825,fulfilled,2024-05-31 16:43:57+00,2024-06-18 16:43:57+00,20630.13,2024-05-31 16:43:57+00,2025-01-02 09:13:34+00
9f9543cc-dfff-507a-93c8-636fbcdb760d,ORD-2024-00732,b11e0fe2-d3ca-56c4-87e6-41b0cd51c8b7,fulfilled,2024-11-06 23:40:02+00,2024-11-13 23:40:02+00,11069.53,2024-11-06 23:40:02+00,2025-01-02 09:29:14+00
963619c7-3382-5cc5-b5fa-3ef805e37b51,ORD-2024-00733,bce7b040-bec6-5d46-9fbe-e2186050257e,fulfilled,2024-09-01 21:25:36+00,2024-09-21 21:25:36+00,117748.68,2024-09-01 21:25:36+00,2025-01-02 09:03:45+00
d49f6d7f-b869-5ea4-b53a-0a58bbee3d07,ORD-2024-00734,b7881ecc-56f9-5d4c-af73-4cab8bfa0951,fulfilled,2024-09-18 16:09:00+00,2024-09-27 16:09:00+00,5935.1,2024-09-18 16:09:00+00,2025-01-02 09:11:24+00
53c00fd4-3ea7-5631-8ae2-78cd99af4ee4,ORD-2024-00735,33f6b6c0-ceaa-50c9-87ef-a14b7a894484,fulfilled,2024-07-01 21:23:27+00,2024-07-20 21:23:27+00,8846.84,2024-07-01 21:23:27+00,2025-01-02 09:13:03+00
886a27c1-7203-54de-b0c1-a0a90a1334d0,ORD-2024-00736,a0f94859-4647-56b8-95af-acc816d2300a,fulfilled,2024-07-21 18:06:06+00,2024-07-31 18:06:06+00,5817.28,2024-07-21 18:06:06+00,2025-01-02 09:27:37+00
991aa02c-6b8d-5e70-a91d-92c903a11256,ORD-2024-00737,9d0f08d9-ea95-569b-b50a-b20d145de37b,open,2024-10-17 13:22:02+00,2024-11-14 13:22:02+00,21703.49,2024-10-17 13:22:02+00,2025-01-02 09:13:20+00
7c7461fa-0b8d-5bf7-b269-283800be922e,ORD-2024-00738,7e6d9d63-6aaa-5519-9803-e16f43463669,fulfilled,2024-04-28 01:23:51+00,2024-05-16 01:23:51+00,16634.25,2024-04-28 01:23:51+00,2025-01-02 09:16:06+00
8d8c624d-510c-5e2e-8096-33cbb4e5a21b,ORD-2024-00739,9d0f08d9-ea95-569b-b50a-b20d145de37b,fulfilled,2024-05-24 20:34:52+00,2024-06-06 20:34:52+00,9627.52,2024-05-24 20:34:52+00,2025-01-02 09:24:28+00
ef0d49aa-9557-5fa8-9648-54753c43da8c,ORD-2024-00740,5a7da0cc-cd16-5e8c-b45f-a3da148f652a,fulfilled,2024-11-05 00:13:58+00,2024-11-24 00:13:58+00,5493.09,2024-11-05 00:13:58+00,2025-01-02 09:18:53+00
7628ea56-7cd4-5309-ab57-140d9fe264b6,ORD-2024-00741,6d75e0d1-1efe-5931-9d5e-3bc3cbc64a91,fulfilled,2024-09-12 15:03:42+00,2024-10-07 15:03:42+00,13778.02,2024-09-12 15:03:42+00,2025-01-02 09:23:22+00
c15a5615-ccc1-5359-89f8-e83fd09818a3,ORD-2024-00742,1ff8c984-dfe7-51fa-bcea-aadbf5530588,fulfilled,2024-07-17 21:26:40+00,2024-08-08 21:26:40+00,20102.19,2024-07-17 21:26:40+00,2025-01-02 09:11:31+00
5ea89052-3b0f-569f-8a9f-1876a3322e41,ORD-2024-00743,06d6c1ee-4775-5e92-aede-41001355353a,fulfilled,2024-05-20 16:26:02+00,2024-06-01 16:26:02+00,4169.17,2024-05-20 16:26:02+00,2025-01-02 09:20:56+00
9a4c4206-371d-57f3-8c7f-6a99d99917d3,ORD-2024-00744,e93b2b5a-153a-5278-8baa-3cee895f9b80,fulfilled,2024-09-03 12:28:30+00,2024-09-11 12:28:30+00,18376.09,2024-09-03 12:28:30+00,2025-01-02 09:15:08+00
c827063e-298d-5dc3-a8ca-af1f034475fe,ORD-2024-00745,b515cced-3623-5f57-b080-b473400225f5,open,2024-11-22 08:32:31+00,2024-12-01 08:32:31+00,117122.6,2024-11-22 08:32:31+00,2025-01-02 09:25:45+00
5d1cd81c-ffed-5284-a4d6-681e2b8623d5,ORD-2024-00746,a332481f-39fe-530d-9643-30844a7a6856,fulfilled,2024-10-15 23:10:27+00,2024-11-12 23:10:27+00,40408.22,2024-10-15 23:10:27+00,2025-01-02 09:03:34+00
7711f8e1-af9e-578c-bb5a-e9500c78173f,ORD-2024-00747,b5d10f22-4ee1-5e81-9bfd-b8444cd7f135,fulfilled,2024-05-24 23:18:14+00,2024-06-06 23:18:14+00,20128.59,2024-05-24 23:18:14+00,2025-01-02 09:07:12+00
56402a1d-e7d2-5481-866b-3b8aea134e85,ORD-2024-00748,a60af1a9-f379-523a-9b8d-b1d84c77daf5,fulfilled,2024-10-26 11:03:13+00,2024-11-21 11:03:13+00,34391.73,2024-10-26 11:03:13+00,2025-01-02 09:09:09+00
3fc22966-49e3-5912-ad05-6a1ea7becbfd,ORD-2024-00749,1fee1bd7-9e79-5339-a3e3-99b0b3ea95b6,open,2024-03-15 21:23:40+00,2024-04-03 21:23:40+00,37788.11,2024-03-15 21:23:40+00,2025-01-02 09:02:28+00
ad00ff76-0184-5d7c-9cbd-25520e97c0a3,ORD-2024-00750,32f71c31-97b9-5805-88b8-62a40829f7da,fulfilled,2024-07-03 22:17:17+00,2024-07-21 22:17:17+00,42655.6,2024-07-03 22:17:17+00,2025-01-02 09:03:52+00
99c8762c-4518-5abb-bdb6-c52528c562e0,ORD-2024-00751,17493bb8-1af9-5bad-894c-42000568382a,open,2024-10-03 14:07:38+00,2024-10-26 14:07:38+00,807.55,2024-10-03 14:07:38+00,2025-01-02 09:28:18+00
ebfb80fe-1f22-5c3a-a4d8-ff9ddb95b0d9,ORD-2024-00752,213aff84-f1cc-50f2-a9a3-9fee471b532e,fulfilled,2024-10-08 18:22:51+00,2024-11-07 18:22:51+00,28154.79,2024-10-08 18:22:51+00,2025-01-02 09:04:27+00
48e9271e-dfcc-5100-9780-2aa1572c9219,ORD-2024-00753,17493bb8-1af9-5bad-894c-42000568382a,open,2024-10-05 11:00:02+00,2024-10-27 11:00:02+00,29945.53,2024-10-05 11:00:02+00,2025-01-02 09:20:44+00
bab424ab-c619-5d79-8838-1b1c09d9ced2,ORD-2024-00754,e36d1ee6-31d5-554e-b3a2-a657017481e8,fulfilled,2024-10-01 08:02:07+00,2024-10-13 08:02:07+00,4721.47,2024-10-01 08:02:07+00,2025-01-02 09:05:01+00
b3cca1f6-9e74-5a55-ae58-866ffa186470,ORD-2024-00755,c8438077-e206-5367-b35c-60dfbc434f07,fulfilled,2024-11-13 08:40:47+00,2024-12-01 08:40:47+00,21354.37,2024-11-13 08:40:47+00,2025-01-02 09:21:34+00
0c651d85-84d9-5086-a134-53f2a8f54d5e,ORD-2024-00756,c96e1921-2d37-5994-9580-cb136e2af43e,fulfilled,2024-10-11 13:02:07+00,2024-10-30 13:02:07+00,13126.12,2024-10-11 13:02:07+00,2025-01-02 09:18:18+00
32501eee-ae55-5c06-aa45-eb049bde1953,ORD-2024-00757,701efb7a-bbe7-5af8-8672-2fa15a6d8a88,fulfilled,2024-10-02 15:05:55+00,2024-10-11 15:05:55+00,17635.88,2024-10-02 15:05:55+00,2025-01-02 09:23:22+00
a60379da-a868-5006-a04e-f422b8ae3c3b,ORD-2024-00758,c9a0a4a0-7b81-57e6-ba8b-b3a1196e8418,fulfilled,2024-11-19 17:23:01+00,2024-12-11 17:23:01+00,6164.17,2024-11-19 17:23:01+00,2025-01-02 09:28:44+00
42dc4750-5636-50e7-80de-0e43a02591d9,ORD-2024-00759,c1cd43be-502d-59a3-9851-b14ae9f42241,at_risk,2024-12-26 23:28:01+00,2025-01-06 23:28:01+00,27263.87,2024-12-26 23:28:01+00,2025-01-02 09:17:44+00
799521e3-ed86-5ceb-96dd-ecf2afc6ddcf,ORD-2024-00760,9d0f08d9-ea95-569b-b50a-b20d145de37b,fulfilled,2024-04-02 23:38:34+00,2024-04-26 23:38:34+00,4941.47,2024-04-02 23:38:34+00,2025-01-02 09:02:17+00
93765e49-4252-5449-aa3c-665310838cf7,ORD-2024-00761,e36d1ee6-31d5-554e-b3a2-a657017481e8,fulfilled,2024-09-21 23:30:50+00,2024-09-29 23:30:50+00,17445.17,2024-09-21 23:30:50+00,2025-01-02 09:00:17+00
809d9d33-d0ef-5f0a-8f0f-53e88323479f,ORD-2024-00762,780e9fef-d1d4-5aaa-a774-2f238374ec41,open,2024-09-10 10:15:15+00,2024-10-05 10:15:15+00,36611.31,2024-09-10 10:15:15+00,2025-01-02 09:09:13+00
647f1c70-ec58-5dc8-820e-abd84449c427,ORD-2024-00763,84932fe2-b7e5-5d4b-a6c0-0f6a7c6c7697,fulfilled,2024-09-11 21:29:21+00,2024-10-10 21:29:21+00,8092.75,2024-09-11 21:29:21+00,2025-01-02 09:05:45+00
3f5b8bde-2a61-528e-a4b6-3cbb9fdf9ae4,ORD-2024-00764,43a593ec-3f7e-5579-abee-cc11dea3b110,fulfilled,2024-05-14 21:34:37+00,2024-05-25 21:34:37+00,1614.61,2024-05-14 21:34:37+00,2025-01-02 09:29:03+00
b95c5a35-07ec-50ae-acdc-93936636b6bf,ORD-2024-00765,987aa102-613d-5ff6-849a-3630f8d18d22,fulfilled,2024-04-05 19:37:16+00,2024-04-27 19:37:16+00,8914.16,2024-04-05 19:37:16+00,2025-01-02 09:07:15+00
14431419-9904-51fd-9205-5e06b4902b0e,ORD-2024-00766,c8438077-e206-5367-b35c-60dfbc434f07,fulfilled,2024-10-13 16:10:03+00,2024-11-11 16:10:03+00,23178.2,2024-10-13 16:10:03+00,2025-01-02 09:18:48+00
654d35c2-f4b8-5867-8df5-b85334ffef45,ORD-2024-00767,d88fef10-8639-5a87-9e2f-68c3a0c9693c,fulfilled,2024-10-22 15:32:39+00,2024-11-03 15:32:39+00,30265.78,2024-10-22 15:32:39+00,2025-01-02 09:21:29+00
7ad1eeda-7f70-5c0c-9a5f-269ff2ab95af,ORD-2024-00768,33f6b6c0-ceaa-50c9-87ef-a14b7a894484,fulfilled,2024-02-08 01:42:47+00,2024-03-06 01:42:47+00,32051.14,2024-02-08 01:42:47+00,2025-01-02 09:22:52+00
c0bdafaa-e6a3-526e-a687-e40de4963ab8,ORD-2024-00769,f00161cb-a7d6-52ca-8cdc-414dd71dfe6a,fulfilled,2024-04-08 21:41:23+00,2024-04-19 21:41:23+00,47101.54,2024-04-08 21:41:23+00,2025-01-02 09:11:04+00
cc92f77f-9e59-5ff0-a276-588d144704e4,ORD-2024-00770,07b1ba9d-c70e-5b30-aa83-803d7ffe67d8,fulfilled,2024-08-10 01:04:31+00,2024-08-21 01:04:31+00,4528.6,2024-08-10 01:04:31+00,2025-01-02 09:21:23+00
f27d93d8-ce05-5d15-bd95-76cc25a0b578,ORD-2024-00771,1ff8c984-dfe7-51fa-bcea-aadbf5530588,fulfilled,2024-08-25 21:36:32+00,2024-09-10 21:36:32+00,35559.43,2024-08-25 21:36:32+00,2025-01-02 09:06:10+00
f2690aa6-ae4e-5f56-8939-9c96c162852b,ORD-2024-00772,b39e36f0-6bb3-5217-bfbe-f8451a3635d6,fulfilled,2024-03-17 17:43:06+00,2024-04-01 17:43:06+00,23019.66,2024-03-17 17:43:06+00,2025-01-02 09:08:39+00
45a30b98-4be9-5247-b6c7-1b892db138bf,ORD-2024-00773,656060c3-326e-5f29-92b9-5f5955a484bf,fulfilled,2024-03-22 14:19:00+00,2024-04-19 14:19:00+00,11949.13,2024-03-22 14:19:00+00,2025-01-02 09:15:23+00
62399547-f04f-5667-8910-d6cf3265fe0e,ORD-2024-00774,40a4c782-5faf-50ff-ae54-2e423f43ecab,open,2024-07-05 00:13:57+00,2024-07-17 00:13:57+00,7157.19,2024-07-05 00:13:57+00,2025-01-02 09:21:09+00
197954a3-fdc6-5d61-b7bf-b3783fc790e7,ORD-2024-00775,b7881ecc-56f9-5d4c-af73-4cab8bfa0951,fulfilled,2024-11-02 21:44:12+00,2024-11-21 21:44:12+00,28684.92,2024-11-02 21:44:12+00,2025-01-02 09:13:39+00
702f23a3-58da-57af-bfd8-e345fca2a685,ORD-2024-00776,b7881ecc-56f9-5d4c-af73-4cab8bfa0951,open,2024-07-20 16:17:23+00,2024-08-13 16:17:23+00,16876.88,2024-07-20 16:17:23+00,2025-01-02 09:10:54+00
50dd30bb-70c4-5580-9a38-ac025b7fb841,ORD-2024-00777,5a7da0cc-cd16-5e8c-b45f-a3da148f652a,fulfilled,2024-08-11 22:09:32+00,2024-08-19 22:09:32+00,2516.53,2024-08-11 22:09:32+00,2025-01-02 09:23:30+00
e72f6c52-87ad-5c8b-8396-16c0b9ed31c4,ORD-2024-00778,0ef59677-af08-5b7f-9ee4-76ab9978fd4b,fulfilled,2024-10-01 20:06:32+00,2024-10-14 20:06:32+00,665.23,2024-10-01 20:06:32+00,2025-01-02 09:28:28+00
c69dc29c-594b-56cb-be02-56e7562ce1fc,ORD-2024-00779,f00161cb-a7d6-52ca-8cdc-414dd71dfe6a,fulfilled,2024-09-14 11:15:44+00,2024-10-09 11:15:44+00,18936.39,2024-09-14 11:15:44+00,2025-01-02 09:12:12+00
9dd371d7-5ccb-591b-9ab6-5f44f02aa4c5,ORD-2024-00780,a7ff7b3c-0aca-5f55-96bb-b15dd7aa9b57,fulfilled,2024-07-15 19:01:11+00,2024-08-14 19:01:11+00,9799.98,2024-07-15 19:01:11+00,2025-01-02 09:09:53+00
e938873f-5f46-5c0a-a4da-d8980faf10ba,ORD-2024-00781,be6593f2-3765-5e66-bfa5-54ed361e6da0,open,2024-04-22 20:16:18+00,2024-05-17 20:16:18+00,33088.27,2024-04-22 20:16:18+00,2025-01-02 09:12:07+00
85f2c325-cb19-5150-a154-4faa9251e22c,ORD-2024-00782,a0f94859-4647-56b8-95af-acc816d2300a,fulfilled,2024-07-13 16:18:32+00,2024-08-04 16:18:32+00,26513.83,2024-07-13 16:18:32+00,2025-01-02 09:01:28+00
72ef29bb-e185-5693-a5df-ebf971e24159,ORD-2024-00783,a0f94859-4647-56b8-95af-acc816d2300a,fulfilled,2024-12-23 22:27:34+00,2025-01-10 22:27:34+00,21596.74,2024-12-23 22:27:34+00,2025-01-02 09:27:30+00
3d323ffa-991f-5555-8172-ca87d4ff182d,ORD-2024-00784,1def03a6-0b94-511e-897c-e25452c101df,fulfilled,2024-09-13 17:23:33+00,2024-10-05 17:23:33+00,19216.71,2024-09-13 17:23:33+00,2025-01-02 09:17:06+00
10537d64-44c3-5687-995e-d1c48d9c9f5b,ORD-2024-00785,57b37dbe-1f1a-504a-8d5b-f2f8211e521c,fulfilled,2024-11-27 00:13:21+00,2024-12-15 00:13:21+00,3062.73,2024-11-27 00:13:21+00,2025-01-02 09:11:02+00
0f253c3a-b78a-58ee-ae46-fb0b9f2d80d1,ORD-2024-00786,435ed520-80ab-5538-be50-40bd7f496e48,fulfilled,2024-03-22 17:37:44+00,2024-04-14 17:37:44+00,14334.77,2024-03-22 17:37:44+00,2025-01-02 09:11:01+00
fbe7646b-c5ef-55eb-8d24-9aa16ab02ec8,ORD-2024-00787,82175555-0df5-5ff3-993e-8039ea26bb13,fulfilled,2024-03-27 00:06:17+00,2024-04-23 00:06:17+00,11553.16,2024-03-27 00:06:17+00,2025-01-02 09:08:54+00
0acc85d6-6e42-5ec5-8ca8-3bdd154b7a4e,ORD-2024-00788,b515cced-3623-5f57-b080-b473400225f5,open,2024-09-25 09:18:22+00,2024-10-16 09:18:22+00,18110.48,2024-09-25 09:18:22+00,2025-01-02 09:18:27+00
401a650c-d9be-5320-a997-fad1942edac1,ORD-2024-00789,32f71c31-97b9-5805-88b8-62a40829f7da,fulfilled,2024-03-17 08:26:53+00,2024-04-08 08:26:53+00,20669.83,2024-03-17 08:26:53+00,2025-01-02 09:17:40+00
e57a8f4c-982d-5ccd-b8ae-693e28efcd0b,ORD-2024-00790,2c836b74-f627-5f95-94c4-d112dd07eccc,fulfilled,2024-08-24 19:07:30+00,2024-09-20 19:07:30+00,3581.19,2024-08-24 19:07:30+00,2025-01-02 09:11:27+00
209f97db-6e1a-5770-84a8-44de07157bb5,ORD-2024-00791,20cec640-caba-5f57-a634-21124350a964,fulfilled,2024-05-27 23:33:26+00,2024-06-20 23:33:26+00,48048.36,2024-05-27 23:33:26+00,2025-01-02 09:20:30+00
e5121086-f0b9-52dc-a620-4b01d1da97f0,ORD-2024-00792,b11e0fe2-d3ca-56c4-87e6-41b0cd51c8b7,open,2024-07-27 18:34:06+00,2024-08-09 18:34:06+00,9783.84,2024-07-27 18:34:06+00,2025-01-02 09:17:33+00
f7ba502d-1c7f-597b-a2fb-a7260c1431f8,ORD-2024-00793,b5d10f22-4ee1-5e81-9bfd-b8444cd7f135,fulfilled,2024-10-13 12:25:30+00,2024-10-26 12:25:30+00,10496.74,2024-10-13 12:25:30+00,2025-01-02 09:29:12+00
d2574cfa-78bc-533a-b8d7-4a2d372dac67,ORD-2024-00794,43a593ec-3f7e-5579-abee-cc11dea3b110,fulfilled,2024-11-05 12:27:03+00,2024-11-19 12:27:03+00,28060.56,2024-11-05 12:27:03+00,2025-01-02 09:28:01+00
e216e7b1-7d6d-51b4-8367-40e8807a5327,ORD-2024-00795,4ec05809-1563-566e-a6d2-e3dd9ced06a2,fulfilled,2024-11-23 17:03:37+00,2024-12-12 17:03:37+00,27527.75,2024-11-23 17:03:37+00,2025-01-02 09:21:34+00
c9c896f8-fa64-54df-acbf-39d03287573b,ORD-2024-00796,35176a64-c7ff-53dc-b2d0-d8d97cc7f86f,fulfilled,2024-10-24 16:18:24+00,2024-11-06 16:18:24+00,145358.85,2024-10-24 16:18:24+00,2025-01-02 09:26:24+00
209e8281-99c6-57f8-ad93-67c924cf4ace,ORD-2024-00797,de69bd87-c78a-58a5-9513-942fd4e74825,fulfilled,2024-09-22 01:29:55+00,2024-10-15 01:29:55+00,16302.66,2024-09-22 01:29:55+00,2025-01-02 09:23:42+00
1fc90f99-4616-5cd7-b4d9-eae9eb7b7d64,ORD-2024-00798,bdcbbfa9-6b02-53be-924e-36542bfb1ba2,fulfilled,2024-09-16 17:10:28+00,2024-10-15 17:10:28+00,11058.43,2024-09-16 17:10:28+00,2025-01-02 09:29:19+00
745299c5-abbb-5c6e-a94b-eea2914ce109,ORD-2024-00799,cdfbe2f7-6b67-5381-a963-3b1bfc6675bb,fulfilled,2024-03-09 19:13:13+00,2024-03-20 19:13:13+00,19603.61,2024-03-09 19:13:13+00,2025-01-02 09:01:29+00
66c1162b-ff49-5c18-a1db-e0a541773665,ORD-2024-00800,780e9fef-d1d4-5aaa-a774-2f238374ec41,fulfilled,2024-10-04 09:31:22+00,2024-10-22 09:31:22+00,39235.54,2024-10-04 09:31:22+00,2025-01-02 09:13:12+00
2302f13f-2606-5123-85cd-574e364d28be,ORD-2024-00801,6b8d0ad4-e55b-579c-a3ec-4314615e1416,fulfilled,2024-10-31 19:01:31+00,2024-11-17 19:01:31+00,31435.55,2024-10-31 19:01:31+00,2025-01-02 09:19:35+00
c706e399-ed2c-50e7-9b69-c7259fdf7852,ORD-2024-00802,43a593ec-3f7e-5579-abee-cc11dea3b110,fulfilled,2024-10-11 19:14:56+00,2024-10-22 19:14:56+00,7257.84,2024-10-11 19:14:56+00,2025-01-02 09:01:43+00
5689d695-8118-5fba-b1f6-e7654289d822,ORD-2024-00803,3db84242-5edf-5d00-93c2-32b9d7f86c8b,fulfilled,2024-07-23 22:20:25+00,2024-08-18 22:20:25+00,29318.35,2024-07-23 22:20:25+00,2025-01-02 09:10:26+00
2e997509-ecd5-5b60-a38d-02ae58c3f845,ORD-2024-00804,90a8f1f8-f18a-591c-ad50-68ea8e5f6a2d,fulfilled,2024-03-01 20:33:34+00,2024-03-20 20:33:34+00,16628.5,2024-03-01 20:33:34+00,2025-01-02 09:08:12+00
03bcf78a-eb44-5421-83c7-6599d1d11988,ORD-2024-00805,882df9e5-b9b5-5cb8-bdf2-fc259061c971,fulfilled,2024-01-05 18:33:37+00,2024-02-03 18:33:37+00,3406.25,2024-01-05 18:33:37+00,2025-01-02 09:19:46+00
8af152a1-45ea-56ec-9b2b-8c4d5f5f3122,ORD-2024-00806,aa563f9b-3bc0-53bb-a089-2d697c58bd09,fulfilled,2024-09-02 10:21:08+00,2024-09-27 10:21:08+00,3523.0,2024-09-02 10:21:08+00,2025-01-02 09:26:46+00
b306b436-240b-5a86-8d9e-f4fc6ca766b4,ORD-2024-00807,e36d1ee6-31d5-554e-b3a2-a657017481e8,fulfilled,2024-10-04 12:40:30+00,2024-10-27 12:40:30+00,2860.21,2024-10-04 12:40:30+00,2025-01-02 09:18:43+00
658de619-74b7-5535-b678-dd845b7ea9aa,ORD-2024-00808,b7881ecc-56f9-5d4c-af73-4cab8bfa0951,fulfilled,2024-10-21 16:06:33+00,2024-11-19 16:06:33+00,32294.74,2024-10-21 16:06:33+00,2025-01-02 09:16:12+00
fcd4a6ec-38a0-5c55-b79a-6c9e8caf2212,ORD-2024-00809,be6593f2-3765-5e66-bfa5-54ed361e6da0,fulfilled,2024-10-14 11:21:06+00,2024-10-28 11:21:06+00,11891.56,2024-10-14 11:21:06+00,2025-01-02 09:17:34+00
08f5b2c3-6888-5786-895c-16edc40fd6d8,ORD-2024-00810,2c836b74-f627-5f95-94c4-d112dd07eccc,fulfilled,2024-11-11 17:16:19+00,2024-12-01 17:16:19+00,13670.79,2024-11-11 17:16:19+00,2025-01-02 09:18:01+00
30683e1d-71d7-5fbd-83c6-3540e3f8cee8,ORD-2024-00811,4ec05809-1563-566e-a6d2-e3dd9ced06a2,fulfilled,2024-09-06 14:13:04+00,2024-09-14 14:13:04+00,27780.5,2024-09-06 14:13:04+00,2025-01-02 09:18:25+00
bd7b99d7-fab2-5e67-a263-ef09034f7225,ORD-2024-00812,8d9417d8-6bc9-5a0d-ba9b-f63932cd4c8e,fulfilled,2024-03-23 10:00:30+00,2024-04-12 10:00:30+00,3312.76,2024-03-23 10:00:30+00,2025-01-02 09:20:41+00
44e286c7-a79b-5776-af39-f5a4ac48a55d,ORD-2024-00813,ac9c209f-9afd-5a17-a35e-b73d53242c80,open,2024-03-12 19:33:48+00,2024-04-11 19:33:48+00,11774.13,2024-03-12 19:33:48+00,2025-01-02 09:19:44+00
7604adb2-eb6a-5fd5-b064-b93f0af07563,ORD-2024-00814,d88fef10-8639-5a87-9e2f-68c3a0c9693c,fulfilled,2024-11-10 21:07:08+00,2024-12-03 21:07:08+00,8107.0,2024-11-10 21:07:08+00,2025-01-02 09:19:43+00
03428310-597f-55e4-860c-6ad8f2964238,ORD-2024-00815,9edece38-c5cb-5551-8ef5-c5a9ac905426,open,2024-09-28 01:41:47+00,2024-10-28 01:41:47+00,13724.71,2024-09-28 01:41:47+00,2025-01-02 09:09:51+00
a803d1ca-9c75-5105-b410-db811209d675,ORD-2024-00816,84932fe2-b7e5-5d4b-a6c0-0f6a7c6c7697,open,2024-10-02 12:22:42+00,2024-10-29 12:22:42+00,20940.03,2024-10-02 12:22:42+00,2025-01-02 09:21:12+00
93c6b63b-978b-5424-9321-2819e7908863,ORD-2024-00817,6219b356-39ca-5bc8-be19-a29487a519cd,fulfilled,2024-08-26 01:21:30+00,2024-09-10 01:21:30+00,18906.05,2024-08-26 01:21:30+00,2025-01-02 09:21:51+00
42e046dc-9b7f-5e3a-b2ea-caf986dbd0b7,ORD-2024-00818,6b8d0ad4-e55b-579c-a3ec-4314615e1416,fulfilled,2024-04-23 23:00:09+00,2024-05-02 23:00:09+00,328829.8,2024-04-23 23:00:09+00,2025-01-02 09:28:25+00
76450618-5c83-54eb-8414-71e925d07d9e,ORD-2024-00819,a60af1a9-f379-523a-9b8d-b1d84c77daf5,open,2024-09-12 01:37:42+00,2024-09-26 01:37:42+00,20954.15,2024-09-12 01:37:42+00,2025-01-02 09:18:35+00
65ca0319-50c9-5c3d-aa84-000bf7204f0f,ORD-2024-00820,be6593f2-3765-5e66-bfa5-54ed361e6da0,open,2024-03-07 20:19:57+00,2024-03-19 20:19:57+00,42098.44,2024-03-07 20:19:57+00,2025-01-02 09:29:34+00
8f2d1a4e-aff2-5ac9-916f-7f6dddc62ad5,ORD-2024-00821,6b218674-010f-58ab-b92f-4d298f7b30cb,fulfilled,2024-09-25 12:12:13+00,2024-10-12 12:12:13+00,18752.11,2024-09-25 12:12:13+00,2025-01-02 09:10:23+00
10c69885-f324-5884-89ad-84621ec0f263,ORD-2024-00822,be6593f2-3765-5e66-bfa5-54ed361e6da0,fulfilled,2024-09-30 23:32:51+00,2024-10-09 23:32:51+00,33442.55,2024-09-30 23:32:51+00,2025-01-02 09:26:11+00
927e52fe-7474-5d4f-815d-e77aa2ce04e5,ORD-2024-00823,a7ff7b3c-0aca-5f55-96bb-b15dd7aa9b57,fulfilled,2024-02-14 17:23:21+00,2024-03-14 17:23:21+00,24132.6,2024-02-14 17:23:21+00,2025-01-02 09:09:33+00
83b9ad65-6555-59c8-a3cf-eef3ce219434,ORD-2024-00824,82175555-0df5-5ff3-993e-8039ea26bb13,fulfilled,2024-10-07 10:12:58+00,2024-11-01 10:12:58+00,16834.4,2024-10-07 10:12:58+00,2025-01-02 09:28:50+00
a9385b49-dc76-50fb-aa34-eac82a7d713b,ORD-2024-00825,21222ab4-7eac-53e6-97ad-2f25c264ce99,fulfilled,2024-09-11 00:26:26+00,2024-09-24 00:26:26+00,4626.13,2024-09-11 00:26:26+00,2025-01-02 09:00:02+00
5d82aa2e-c0ce-585f-8deb-0fc3c56b12c8,ORD-2024-00826,e93b2b5a-153a-5278-8baa-3cee895f9b80,open,2024-10-19 21:25:25+00,2024-11-18 21:25:25+00,13698.84,2024-10-19 21:25:25+00,2025-01-02 09:13:30+00
d4eff244-504d-579a-8552-7f2b43b0d114,ORD-2024-00827,610cf61b-4a53-5e88-9a30-663db1a07adb,fulfilled,2024-03-09 17:38:19+00,2024-03-20 17:38:19+00,42007.49,2024-03-09 17:38:19+00,2025-01-02 09:01:19+00
9df4d0a4-14b9-5dfa-92d2-d19d06d0eab8,ORD-2024-00828,35176a64-c7ff-53dc-b2d0-d8d97cc7f86f,fulfilled,2024-08-05 20:07:16+00,2024-09-02 20:07:16+00,15636.75,2024-08-05 20:07:16+00,2025-01-02 09:04:59+00
fdf859b3-0dce-5327-9485-337b3055bfe5,ORD-2024-00829,6030a031-f992-59e5-a3c0-5377ac1da383,fulfilled,2024-09-03 15:21:03+00,2024-09-10 15:21:03+00,3478.21,2024-09-03 15:21:03+00,2025-01-02 09:26:54+00
15ee16ae-b9a8-5ec7-a6e1-7903f7e45e50,ORD-2024-00830,6b218674-010f-58ab-b92f-4d298f7b30cb,fulfilled,2024-03-20 09:24:44+00,2024-04-04 09:24:44+00,17126.13,2024-03-20 09:24:44+00,2025-01-02 09:13:14+00
813a4aae-7eeb-5eb4-ba56-239c1fa3ecbd,ORD-2024-00831,2c836b74-f627-5f95-94c4-d112dd07eccc,open,2024-10-09 00:05:26+00,2024-11-03 00:05:26+00,31663.48,2024-10-09 00:05:26+00,2025-01-02 09:19:47+00
9ef3cf6f-f2ec-5bd6-a672-a4d269c50bf6,ORD-2024-00832,d6827bcd-2217-50dd-b919-e2615973cd9e,fulfilled,2024-10-03 09:40:09+00,2024-10-25 09:40:09+00,10951.42,2024-10-03 09:40:09+00,2025-01-02 09:25:48+00
371808f0-3157-5030-aa53-517a7594dffc,ORD-2024-00833,07b1ba9d-c70e-5b30-aa83-803d7ffe67d8,open,2024-10-04 17:40:20+00,2024-10-18 17:40:20+00,2088.62,2024-10-04 17:40:20+00,2025-01-02 09:01:11+00
f13063ed-8649-51f2-b793-176684099004,ORD-2024-00834,701efb7a-bbe7-5af8-8672-2fa15a6d8a88,fulfilled,2024-10-18 17:01:08+00,2024-11-16 17:01:08+00,28023.07,2024-10-18 17:01:08+00,2025-01-02 09:19:29+00
b38143b8-ad2a-540d-9927-58223c489f6f,ORD-2024-00835,bce7b040-bec6-5d46-9fbe-e2186050257e,fulfilled,2024-03-26 11:33:37+00,2024-04-15 11:33:37+00,13975.97,2024-03-26 11:33:37+00,2025-01-02 09:21:41+00
53082510-eb34-5153-a172-dcf8240b6f6b,ORD-2024-00836,a60af1a9-f379-523a-9b8d-b1d84c77daf5,open,2024-07-27 01:39:28+00,2024-08-22 01:39:28+00,6036.83,2024-07-27 01:39:28+00,2025-01-02 09:12:29+00
6b471845-51de-5044-b820-d8d9194d5978,ORD-2024-00837,6219b356-39ca-5bc8-be19-a29487a519cd,open,2024-09-11 16:27:41+00,2024-09-26 16:27:41+00,10123.91,2024-09-11 16:27:41+00,2025-01-02 09:20:20+00
8c999ff4-d091-522b-ad65-eed3b80d1dee,ORD-2024-00838,be28f57a-f99d-5214-962c-8161db3db2d6,fulfilled,2024-10-08 08:04:55+00,2024-10-21 08:04:55+00,12630.34,2024-10-08 08:04:55+00,2025-01-02 09:10:29+00
9a4933bb-ad9c-5635-8aea-a70d263be470,ORD-2024-00839,2c05e62a-c525-5859-9607-d7f41b04ad2c,open,2024-04-15 23:44:14+00,2024-05-02 23:44:14+00,42472.6,2024-04-15 23:44:14+00,2025-01-02 09:01:39+00
e094caa4-d096-5d07-ada1-8bbd4e2394ae,ORD-2024-00840,6b8d0ad4-e55b-579c-a3ec-4314615e1416,fulfilled,2024-12-05 19:18:41+00,2024-12-12 19:18:41+00,128013.99,2024-12-05 19:18:41+00,2025-01-02 09:11:47+00
11a546c3-e34c-5329-b3e8-5b40e19a88dc,ORD-2024-00841,de69bd87-c78a-58a5-9513-942fd4e74825,fulfilled,2024-03-31 22:32:18+00,2024-04-25 22:32:18+00,28352.59,2024-03-31 22:32:18+00,2025-01-02 09:23:11+00
fd813cb3-474a-5119-80d0-2ec39f2c7eca,ORD-2024-00842,213aff84-f1cc-50f2-a9a3-9fee471b532e,fulfilled,2024-09-25 11:44:02+00,2024-10-19 11:44:02+00,13153.73,2024-09-25 11:44:02+00,2025-01-02 09:21:58+00
77a98dc3-1b43-51ba-8ad8-d110587fbe77,ORD-2024-00843,00f17243-2ba7-5bd7-a860-f35d5db95a21,fulfilled,2024-11-13 08:04:17+00,2024-11-23 08:04:17+00,23425.91,2024-11-13 08:04:17+00,2025-01-02 09:04:31+00
95a2b458-5175-5812-8154-11ed534ddf29,ORD-2024-00844,d6827bcd-2217-50dd-b919-e2615973cd9e,fulfilled,2024-09-28 18:36:04+00,2024-10-05 18:36:04+00,22159.81,2024-09-28 18:36:04+00,2025-01-02 09:03:35+00
79de9a58-2223-5916-8357-ae07062b8990,ORD-2024-00845,55a3ef43-28a9-5d2b-b239-aac0c74b22ec,fulfilled,2024-09-19 11:42:55+00,2024-10-15 11:42:55+00,16609.74,2024-09-19 11:42:55+00,2025-01-02 09:19:18+00
50622025-5bcb-52db-a93d-33e5003c30d9,ORD-2024-00846,6b8d0ad4-e55b-579c-a3ec-4314615e1416,fulfilled,2024-05-04 00:15:32+00,2024-05-11 00:15:32+00,15034.54,2024-05-04 00:15:32+00,2025-01-02 09:17:58+00
64b5f87e-fa84-5f6d-8b11-db4f08792088,ORD-2024-00847,6030a031-f992-59e5-a3c0-5377ac1da383,open,2024-10-15 14:36:31+00,2024-11-12 14:36:31+00,15750.8,2024-10-15 14:36:31+00,2025-01-02 09:19:35+00
dac6f59c-9f1e-5c39-9a46-d0305e84a2fe,ORD-2024-00848,dd04dcf0-0ef8-512b-8f0f-08e72d73597d,fulfilled,2024-10-03 13:16:09+00,2024-10-18 13:16:09+00,14871.79,2024-10-03 13:16:09+00,2025-01-02 09:21:04+00
e632f6ac-d301-5358-b3ad-13e9263a415c,ORD-2024-00849,aa563f9b-3bc0-53bb-a089-2d697c58bd09,fulfilled,2024-10-27 11:28:06+00,2024-11-19 11:28:06+00,10429.4,2024-10-27 11:28:06+00,2025-01-02 09:00:37+00
6c27ec77-8d97-5a63-bdf4-6ba20ee18196,ORD-2024-00850,ca6a232d-adb6-56ba-8f2a-dbcaf3b586d1,fulfilled,2024-10-11 18:06:39+00,2024-11-08 18:06:39+00,16262.83,2024-10-11 18:06:39+00,2025-01-02 09:06:23+00
5e17017e-f582-5952-ad0d-683d199bf846,ORD-2024-00851,21b12f34-79a4-57c6-b5b8-eedb2e45534c,fulfilled,2024-04-11 18:04:10+00,2024-05-07 18:04:10+00,11605.95,2024-04-11 18:04:10+00,2025-01-02 09:00:01+00
c9faaab6-6fdf-5957-8ebf-425c022a2c09,ORD-2024-00852,a7ff7b3c-0aca-5f55-96bb-b15dd7aa9b57,fulfilled,2024-06-02 22:04:19+00,2024-06-09 22:04:19+00,2932.58,2024-06-02 22:04:19+00,2025-01-02 09:27:08+00
89d107eb-ee86-5e4a-85dd-1e41a5202099,ORD-2024-00853,fa10adbb-db7c-551b-8f4b-84ea56b920fa,fulfilled,2024-03-21 19:28:20+00,2024-04-19 19:28:20+00,24318.29,2024-03-21 19:28:20+00,2025-01-02 09:26:19+00
6c298532-5c57-55a6-8300-a064def7e670,ORD-2024-00854,a7ff7b3c-0aca-5f55-96bb-b15dd7aa9b57,fulfilled,2024-10-30 01:30:55+00,2024-11-25 01:30:55+00,8305.4,2024-10-30 01:30:55+00,2025-01-02 09:16:57+00
5f76e8a1-8d18-56a6-b29b-49d8ea4d0b8a,ORD-2024-00855,bdcbbfa9-6b02-53be-924e-36542bfb1ba2,fulfilled,2024-09-07 14:20:10+00,2024-09-28 14:20:10+00,4018.95,2024-09-07 14:20:10+00,2025-01-02 09:15:52+00
54847498-9de7-539e-bd64-1dffcdbeaf55,ORD-2024-00856,6b218674-010f-58ab-b92f-4d298f7b30cb,fulfilled,2024-03-05 16:36:25+00,2024-03-24 16:36:25+00,11971.85,2024-03-05 16:36:25+00,2025-01-02 09:17:01+00
18dd954a-4cc0-5437-b118-ec151c2bbc27,ORD-2024-00857,bce7b040-bec6-5d46-9fbe-e2186050257e,open,2024-03-03 11:36:47+00,2024-03-26 11:36:47+00,3911.55,2024-03-03 11:36:47+00,2025-01-02 09:06:37+00
b8ebb498-ff48-5dc3-b5d8-7a4a4046f1e1,ORD-2024-00858,a0f94859-4647-56b8-95af-acc816d2300a,fulfilled,2024-03-10 18:33:29+00,2024-03-24 18:33:29+00,3919.28,2024-03-10 18:33:29+00,2025-01-02 09:01:44+00
8a115e99-0299-5d69-86f7-9dbd8474cd7e,ORD-2024-00859,8d9417d8-6bc9-5a0d-ba9b-f63932cd4c8e,fulfilled,2024-03-03 13:31:27+00,2024-03-20 13:31:27+00,4435.54,2024-03-03 13:31:27+00,2025-01-02 09:18:11+00
a06319e6-0985-52ed-8ca2-aae576b1bf8a,ORD-2024-00860,8d9417d8-6bc9-5a0d-ba9b-f63932cd4c8e,fulfilled,2024-11-01 09:22:00+00,2024-11-28 09:22:00+00,6905.82,2024-11-01 09:22:00+00,2025-01-02 09:17:10+00
2e35537b-4952-551a-b588-01261db814fe,ORD-2024-00861,ca6a232d-adb6-56ba-8f2a-dbcaf3b586d1,fulfilled,2024-03-21 13:03:54+00,2024-04-16 13:03:54+00,4862.97,2024-03-21 13:03:54+00,2025-01-02 09:30:00+00
dd512820-b61a-5b16-a4db-f94118cc3579,ORD-2024-00862,656060c3-326e-5f29-92b9-5f5955a484bf,open,2024-03-21 12:19:56+00,2024-04-14 12:19:56+00,17883.61,2024-03-21 12:19:56+00,2025-01-02 09:03:05+00
b155b2ba-a8ad-58e4-9d9d-15273417c652,ORD-2024-00863,17493bb8-1af9-5bad-894c-42000568382a,fulfilled,2024-02-09 18:19:43+00,2024-02-17 18:19:43+00,6905.06,2024-02-09 18:19:43+00,2025-01-02 09:11:15+00
1533003e-02ec-505f-a385-19db792cd7d9,ORD-2024-00864,780e9fef-d1d4-5aaa-a774-2f238374ec41,fulfilled,2024-05-13 19:43:27+00,2024-06-12 19:43:27+00,14108.51,2024-05-13 19:43:27+00,2025-01-02 09:07:50+00
569e714f-9d64-578c-8628-04f8bc00f82e,ORD-2024-00865,1def03a6-0b94-511e-897c-e25452c101df,fulfilled,2024-04-26 21:03:20+00,2024-05-08 21:03:20+00,31565.28,2024-04-26 21:03:20+00,2025-01-02 09:00:40+00
4d44b682-478f-5cc8-b5cb-6f84d73bc8a1,ORD-2024-00866,b39e36f0-6bb3-5217-bfbe-f8451a3635d6,fulfilled,2024-11-17 10:08:35+00,2024-11-25 10:08:35+00,7290.52,2024-11-17 10:08:35+00,2025-01-02 09:05:33+00
6c504887-c1bd-5077-98e6-6e06f5df6ca7,ORD-2024-00867,06d6c1ee-4775-5e92-aede-41001355353a,fulfilled,2024-11-01 12:42:42+00,2024-11-28 12:42:42+00,13779.9,2024-11-01 12:42:42+00,2025-01-02 09:19:47+00
b262771a-b464-5ff4-b888-f120445b9482,ORD-2024-00868,20cec640-caba-5f57-a634-21124350a964,fulfilled,2024-10-09 11:10:34+00,2024-11-07 11:10:34+00,31022.51,2024-10-09 11:10:34+00,2025-01-02 09:07:31+00
7ef78b33-9cea-5652-a261-c79c0332096e,ORD-2024-00869,6b8d0ad4-e55b-579c-a3ec-4314615e1416,fulfilled,2024-03-07 21:36:04+00,2024-03-23 21:36:04+00,23924.05,2024-03-07 21:36:04+00,2025-01-02 09:07:03+00
b89c6ce5-8579-51fd-9aec-2bec949d8496,ORD-2024-00870,6784b6cb-ada1-5ce9-87fe-dcb5d8da6777,open,2024-09-06 14:15:38+00,2024-09-23 14:15:38+00,11610.64,2024-09-06 14:15:38+00,2025-01-02 09:06:55+00
51f3a4d8-0b31-599a-9ac6-6512c92f056b,ORD-2024-00871,e36d1ee6-31d5-554e-b3a2-a657017481e8,open,2024-07-12 20:19:06+00,2024-08-04 20:19:06+00,5858.31,2024-07-12 20:19:06+00,2025-01-02 09:13:13+00
00742862-a4f9-54ba-a8d0-1653ced9152e,ORD-2024-00872,6784b6cb-ada1-5ce9-87fe-dcb5d8da6777,fulfilled,2024-03-06 12:22:38+00,2024-03-27 12:22:38+00,1208.92,2024-03-06 12:22:38+00,2025-01-02 09:27:13+00
2008e03b-47db-5476-b517-5d5a066296e0,ORD-2024-00873,a0f94859-4647-56b8-95af-acc816d2300a,fulfilled,2024-09-08 11:14:45+00,2024-09-26 11:14:45+00,15018.59,2024-09-08 11:14:45+00,2025-01-02 09:15:52+00
e5dbf4f5-499c-5875-8878-a2eacf3034a0,ORD-2024-00874,af40e653-9aa2-564b-9727-c21fc59311fb,open,2024-03-13 17:40:57+00,2024-04-12 17:40:57+00,2192.53,2024-03-13 17:40:57+00,2025-01-02 09:15:19+00
dd228c51-4eee-5a5e-8b3a-10cbe6e769da,ORD-2024-00875,20cec640-caba-5f57-a634-21124350a964,open,2024-04-11 19:43:04+00,2024-04-24 19:43:04+00,10971.39,2024-04-11 19:43:04+00,2025-01-02 09:02:04+00
81508dba-70ba-589c-a222-4adee89945ec,ORD-2024-00876,de69bd87-c78a-58a5-9513-942fd4e74825,fulfilled,2024-03-25 16:33:54+00,2024-04-13 16:33:54+00,13123.2,2024-03-25 16:33:54+00,2025-01-02 09:11:47+00
1af94455-fbc3-5c07-bd6f-915cd9c79df4,ORD-2024-00877,5a7da0cc-cd16-5e8c-b45f-a3da148f652a,fulfilled,2024-10-10 00:00:43+00,2024-10-17 00:00:43+00,2057.75,2024-10-10 00:00:43+00,2025-01-02 09:04:48+00
c2356a2a-e40e-5b0f-94b0-8fe5b4c7c1f2,ORD-2024-00878,376d259e-b7f2-5e59-bedf-e24df5c7135e,fulfilled,2024-07-31 17:40:46+00,2024-08-14 17:40:46+00,22972.63,2024-07-31 17:40:46+00,2025-01-02 09:19:15+00
ef65e9c3-61b3-5cb0-87db-0aef4754d228,ORD-2024-00879,4ec05809-1563-566e-a6d2-e3dd9ced06a2,fulfilled,2024-12-14 19:41:37+00,2024-12-22 19:41:37+00,4415.76,2024-12-14 19:41:37+00,2025-01-02 09:16:50+00
6ac40b03-209d-5e71-98fb-e5e6a3a45e90,ORD-2024-00880,a60af1a9-f379-523a-9b8d-b1d84c77daf5,fulfilled,2024-03-05 00:39:15+00,2024-03-21 00:39:15+00,12616.47,2024-03-05 00:39:15+00,2025-01-02 09:19:44+00
e3c3e2cb-09d1-5a13-92aa-d5cc0dfbfcb8,ORD-2024-00881,a332481f-39fe-530d-9643-30844a7a6856,open,2024-03-12 22:10:45+00,2024-04-04 22:10:45+00,10048.27,2024-03-12 22:10:45+00,2025-01-02 09:04:39+00
2df19e24-f043-5b4b-b7f6-4f85433f2c47,ORD-2024-00882,9d714bd5-11ed-5ef2-a29e-f694b662e981,fulfilled,2024-11-24 12:08:52+00,2024-12-24 12:08:52+00,3906.06,2024-11-24 12:08:52+00,2025-01-02 09:12:03+00
29de65b0-2373-5768-893f-c89bb23003e3,ORD-2024-00883,1ff03590-6d21-5cf9-bf55-fe74a1b26a7e,fulfilled,2024-06-21 19:26:59+00,2024-07-21 19:26:59+00,5425.05,2024-06-21 19:26:59+00,2025-01-02 09:07:59+00
b31cf5b7-2abe-590a-b5d0-95129613549c,ORD-2024-00884,3a37cd7d-a21c-5a5c-be88-e36a3a4834b8,fulfilled,2024-03-06 22:01:13+00,2024-03-14 22:01:13+00,9430.02,2024-03-06 22:01:13+00,2025-01-02 09:18:27+00
cca1bd01-a61d-5be1-884d-f8ec7804448e,ORD-2024-00885,82ca6e61-6ac0-5546-8ae6-9a66c3224f86,fulfilled,2024-01-14 22:31:06+00,2024-02-13 22:31:06+00,10250.3,2024-01-14 22:31:06+00,2025-01-02 09:10:29+00
61b9872f-3f70-5718-9bf0-0d6516d53201,ORD-2024-00886,525eeb54-63fc-5f71-b656-782dfa5097bd,fulfilled,2024-08-09 00:29:46+00,2024-09-05 00:29:46+00,31675.22,2024-08-09 00:29:46+00,2025-01-02 09:03:27+00
94e30120-6036-5445-9b29-6421bb7231c0,ORD-2024-00887,472885fd-16ec-5ba5-9b52-d867cd0d2522,fulfilled,2024-10-10 16:30:32+00,2024-10-26 16:30:32+00,36640.03,2024-10-10 16:30:32+00,2025-01-02 09:24:04+00
406dd2ec-6774-5437-9b90-121fd40ed717,ORD-2024-00888,6d75e0d1-1efe-5931-9d5e-3bc3cbc64a91,fulfilled,2024-03-10 22:15:57+00,2024-04-09 22:15:57+00,3227.93,2024-03-10 22:15:57+00,2025-01-02 09:26:33+00
ad624a49-0856-50e9-a106-1a0a6fae4043,ORD-2024-00889,17493bb8-1af9-5bad-894c-42000568382a,fulfilled,2024-08-19 16:03:14+00,2024-09-13 16:03:14+00,6065.28,2024-08-19 16:03:14+00,2025-01-02 09:04:55+00
57930a38-2071-590d-a3c6-4c907ad4e219,ORD-2024-00890,33f6b6c0-ceaa-50c9-87ef-a14b7a894484,fulfilled,2024-03-26 10:27:30+00,2024-04-20 10:27:30+00,46846.52,2024-03-26 10:27:30+00,2025-01-02 09:28:36+00
4c54561c-05b9-5be8-85b0-d68390bf6253,ORD-2024-00891,d466c3ec-bf7a-51b6-a632-8557413f9555,fulfilled,2024-05-31 18:24:59+00,2024-06-25 18:24:59+00,8746.44,2024-05-31 18:24:59+00,2025-01-02 09:23:45+00
f8ce734a-b891-570d-a3d9-5e39af41f7b5,ORD-2024-00892,b515cced-3623-5f57-b080-b473400225f5,fulfilled,2024-06-08 01:13:16+00,2024-06-18 01:13:16+00,15398.27,2024-06-08 01:13:16+00,2025-01-02 09:15:19+00
5f2685c5-4a4e-519c-ab99-77b1c293e8b2,ORD-2024-00893,07b1ba9d-c70e-5b30-aa83-803d7ffe67d8,fulfilled,2024-01-29 22:01:34+00,2024-02-17 22:01:34+00,11324.25,2024-01-29 22:01:34+00,2025-01-02 09:20:04+00
73bafeb5-cb19-5205-9610-896d8460f11e,ORD-2024-00894,d8822011-b10c-57ad-b7bf-e90f8f5b5c99,fulfilled,2024-01-16 23:14:44+00,2024-02-15 23:14:44+00,14538.37,2024-01-16 23:14:44+00,2025-01-02 09:21:34+00
9388875f-ae81-5636-9bc9-047e523b19e0,ORD-2024-00895,33f6b6c0-ceaa-50c9-87ef-a14b7a894484,fulfilled,2024-09-23 18:38:18+00,2024-10-09 18:38:18+00,90254.76,2024-09-23 18:38:18+00,2025-01-02 09:03:32+00
3188b857-2cd0-505d-b4a4-e19dcec3ed13,ORD-2024-00896,b5d10f22-4ee1-5e81-9bfd-b8444cd7f135,open,2024-03-20 14:23:18+00,2024-03-31 14:23:18+00,39261.52,2024-03-20 14:23:18+00,2025-01-02 09:26:52+00
a03c6d9f-b01d-5c43-8b7a-18424fc3f273,ORD-2024-00897,1ff03590-6d21-5cf9-bf55-fe74a1b26a7e,fulfilled,2024-10-01 16:32:53+00,2024-10-29 16:32:53+00,24188.35,2024-10-01 16:32:53+00,2025-01-02 09:07:39+00
5f10b721-1071-539a-b1c9-15f02a2ed3bc,ORD-2024-00898,c9a0a4a0-7b81-57e6-ba8b-b3a1196e8418,fulfilled,2024-09-13 16:10:10+00,2024-09-29 16:10:10+00,17970.57,2024-09-13 16:10:10+00,2025-01-02 09:04:53+00
3ffd0667-5e61-5dd0-b6b3-28f8b8a24af0,ORD-2024-00899,b39e36f0-6bb3-5217-bfbe-f8451a3635d6,fulfilled,2024-09-20 22:26:34+00,2024-09-30 22:26:34+00,24270.05,2024-09-20 22:26:34+00,2025-01-02 09:12:45+00
2e2524c9-4137-52ef-8a40-dbf3b26638bd,ORD-2024-00900,1ff8c984-dfe7-51fa-bcea-aadbf5530588,fulfilled,2024-11-27 20:42:59+00,2024-12-27 20:42:59+00,40027.16,2024-11-27 20:42:59+00,2025-01-02 09:07:31+00
90ec8c7b-f3b8-50fe-a1e4-ebe28cf56e5d,ORD-2024-00901,68721960-e719-596c-8ac8-678d741ca0d7,fulfilled,2024-09-24 13:15:03+00,2024-10-01 13:15:03+00,20218.86,2024-09-24 13:15:03+00,2025-01-02 09:08:29+00
6e72070c-21d6-59dd-97cd-8ae586d321fb,ORD-2024-00902,0ef59677-af08-5b7f-9ee4-76ab9978fd4b,fulfilled,2024-03-11 21:06:17+00,2024-04-10 21:06:17+00,50845.7,2024-03-11 21:06:17+00,2025-01-02 09:04:46+00
28f585ae-ca69-5e70-bf1d-15bed2a3dfc4,ORD-2024-00903,9edece38-c5cb-5551-8ef5-c5a9ac905426,fulfilled,2024-12-12 00:13:19+00,2024-12-26 00:13:19+00,4863.03,2024-12-12 00:13:19+00,2025-01-02 09:23:59+00
f1f66c33-a4ff-5f7b-9b38-a7674a44e5bd,ORD-2024-00904,fa10adbb-db7c-551b-8f4b-84ea56b920fa,fulfilled,2024-03-28 19:27:23+00,2024-04-06 19:27:23+00,19019.11,2024-03-28 19:27:23+00,2025-01-02 09:12:12+00
ac1718c9-082e-578e-a3b3-d1ab42b44bb3,ORD-2024-00905,6e21c4af-2f50-5bd1-98d3-056533531374,open,2024-09-05 15:33:50+00,2024-09-23 15:33:50+00,36081.99,2024-09-05 15:33:50+00,2025-01-02 09:17:45+00
dc62a98d-337d-5e74-a698-e0ce0c56f4f6,ORD-2024-00906,6b8d0ad4-e55b-579c-a3ec-4314615e1416,fulfilled,2024-09-17 08:06:27+00,2024-09-25 08:06:27+00,12284.42,2024-09-17 08:06:27+00,2025-01-02 09:25:50+00
354dc7d7-68ad-5087-84e1-42be57dc591b,ORD-2024-00907,8d9417d8-6bc9-5a0d-ba9b-f63932cd4c8e,fulfilled,2024-11-26 15:35:02+00,2024-12-05 15:35:02+00,4928.67,2024-11-26 15:35:02+00,2025-01-02 09:19:08+00
27a73e01-e24f-5323-aafa-48e8d214c703,ORD-2024-00908,fa10adbb-db7c-551b-8f4b-84ea56b920fa,fulfilled,2024-09-09 01:12:27+00,2024-09-24 01:12:27+00,53490.0,2024-09-09 01:12:27+00,2025-01-02 09:17:22+00
745bb239-47b0-5db1-85c2-4360af6b6d93,ORD-2024-00909,b515cced-3623-5f57-b080-b473400225f5,fulfilled,2024-10-03 19:35:10+00,2024-10-20 19:35:10+00,29556.44,2024-10-03 19:35:10+00,2025-01-02 09:26:40+00
fdf90838-930d-5466-b4f7-d64ada4a1d3e,ORD-2024-00910,55a3ef43-28a9-5d2b-b239-aac0c74b22ec,open,2024-03-01 23:04:10+00,2024-03-23 23:04:10+00,32537.57,2024-03-01 23:04:10+00,2025-01-02 09:08:52+00
fc97ddda-821b-574a-a934-f855bbb48441,ORD-2024-00911,3db84242-5edf-5d00-93c2-32b9d7f86c8b,fulfilled,2024-07-05 16:09:48+00,2024-07-17 16:09:48+00,12604.86,2024-07-05 16:09:48+00,2025-01-02 09:26:18+00
de7810e8-4668-5522-bd33-102af03e79ff,ORD-2024-00912,6e21c4af-2f50-5bd1-98d3-056533531374,fulfilled,2024-12-13 21:22:52+00,2024-12-23 21:22:52+00,19759.6,2024-12-13 21:22:52+00,2025-01-02 09:22:00+00
b84ee9a5-58d6-51a0-b207-500364ea057e,ORD-2024-00913,33f6b6c0-ceaa-50c9-87ef-a14b7a894484,fulfilled,2024-03-12 21:31:10+00,2024-03-20 21:31:10+00,18358.44,2024-03-12 21:31:10+00,2025-01-02 09:26:38+00
11e2fc3f-0373-5b94-b910-6ce9f7f98346,ORD-2024-00914,6b8d0ad4-e55b-579c-a3ec-4314615e1416,fulfilled,2024-03-23 11:37:01+00,2024-04-18 11:37:01+00,24212.97,2024-03-23 11:37:01+00,2025-01-02 09:23:33+00
b411bf26-2cb9-5604-aabc-423239d836f1,ORD-2024-00915,ca6a232d-adb6-56ba-8f2a-dbcaf3b586d1,fulfilled,2024-02-03 17:30:50+00,2024-02-24 17:30:50+00,1942.2,2024-02-03 17:30:50+00,2025-01-02 09:00:35+00
95585700-2298-5d0f-82a9-51cefe0f69f0,ORD-2024-00916,9edece38-c5cb-5551-8ef5-c5a9ac905426,fulfilled,2024-10-15 14:32:36+00,2024-11-12 14:32:36+00,15551.95,2024-10-15 14:32:36+00,2025-01-02 09:10:22+00
d42fabcc-cade-5891-a9a8-1dfbe9939e0a,ORD-2024-00917,b7881ecc-56f9-5d4c-af73-4cab8bfa0951,fulfilled,2024-11-10 17:31:29+00,2024-12-02 17:31:29+00,42873.53,2024-11-10 17:31:29+00,2025-01-02 09:25:52+00
5c8c9be8-6044-5ae8-934d-2d2c690a68ca,ORD-2024-00918,15756e6e-85c3-577b-950c-76e4d139d70b,fulfilled,2024-09-09 16:36:19+00,2024-09-16 16:36:19+00,39008.16,2024-09-09 16:36:19+00,2025-01-02 09:02:41+00
eb568316-298d-5ecd-b9ed-aba8f3304d0f,ORD-2024-00919,00f17243-2ba7-5bd7-a860-f35d5db95a21,open,2024-07-15 01:31:10+00,2024-08-12 01:31:10+00,67330.34,2024-07-15 01:31:10+00,2025-01-02 09:14:25+00
86564726-1503-5259-908d-56e737022254,ORD-2024-00920,90a8f1f8-f18a-591c-ad50-68ea8e5f6a2d,fulfilled,2024-09-09 10:35:44+00,2024-09-28 10:35:44+00,12507.36,2024-09-09 10:35:44+00,2025-01-02 09:05:53+00
ab8ced86-045f-5e2b-8ad0-448f0ad51c88,ORD-2024-00921,f00161cb-a7d6-52ca-8cdc-414dd71dfe6a,fulfilled,2024-11-19 12:26:43+00,2024-12-02 12:26:43+00,3978.45,2024-11-19 12:26:43+00,2025-01-02 09:16:35+00
e8c2e0a2-ab00-56d8-ab6d-e6ab6c4d7a38,ORD-2024-00922,6784b6cb-ada1-5ce9-87fe-dcb5d8da6777,open,2024-02-10 21:23:03+00,2024-03-03 21:23:03+00,7013.59,2024-02-10 21:23:03+00,2025-01-02 09:09:23+00
84009cd6-97c7-5cff-9bc8-c3e650f7a856,ORD-2024-00923,780e9fef-d1d4-5aaa-a774-2f238374ec41,fulfilled,2024-10-28 19:15:10+00,2024-11-25 19:15:10+00,15120.11,2024-10-28 19:15:10+00,2025-01-02 09:06:03+00
64f49749-badb-539e-9ce1-0863fc3254b4,ORD-2024-00924,07b1ba9d-c70e-5b30-aa83-803d7ffe67d8,fulfilled,2024-11-26 23:26:22+00,2024-12-22 23:26:22+00,30212.2,2024-11-26 23:26:22+00,2025-01-02 09:04:40+00
0e2bb8e1-0403-5dff-add0-9b6a26588cfd,ORD-2024-00925,2a069cff-f49f-54db-bd4f-86922e3edb5a,open,2024-09-27 09:32:51+00,2024-10-05 09:32:51+00,21041.43,2024-09-27 09:32:51+00,2025-01-02 09:03:19+00
c913b05d-a70e-5f60-b096-71e0b05dbdc7,ORD-2024-00926,21222ab4-7eac-53e6-97ad-2f25c264ce99,fulfilled,2024-10-13 12:06:01+00,2024-10-23 12:06:01+00,21944.31,2024-10-13 12:06:01+00,2025-01-02 09:04:23+00
8811a92f-f97d-534a-9470-60a9f517d120,ORD-2024-00927,69b6a0f5-490b-57ce-8263-3ce92ba30ca7,fulfilled,2024-09-25 17:29:05+00,2024-10-03 17:29:05+00,8467.22,2024-09-25 17:29:05+00,2025-01-02 09:22:55+00
62883194-2758-5d58-9160-9979e56019fa,ORD-2024-00928,57b37dbe-1f1a-504a-8d5b-f2f8211e521c,fulfilled,2024-03-17 17:05:56+00,2024-03-29 17:05:56+00,40486.64,2024-03-17 17:05:56+00,2025-01-02 09:28:13+00
04dac953-c5f7-5d9d-81e5-b97a28cdcd57,ORD-2024-00929,376d259e-b7f2-5e59-bedf-e24df5c7135e,fulfilled,2024-05-19 21:35:06+00,2024-06-06 21:35:06+00,48468.56,2024-05-19 21:35:06+00,2025-01-02 09:03:49+00
f7ff9d69-a4ab-5b66-8eae-75e5dcecd09c,ORD-2024-00930,0be1a0d0-a71f-5728-b1e8-d659d1509b9d,fulfilled,2024-09-16 22:30:42+00,2024-10-02 22:30:42+00,21274.13,2024-09-16 22:30:42+00,2025-01-02 09:03:00+00
6051fa12-76d1-5762-a2b4-8e14a1334ce3,ORD-2024-00931,06d6c1ee-4775-5e92-aede-41001355353a,fulfilled,2024-12-08 20:23:10+00,2024-12-26 20:23:10+00,15825.64,2024-12-08 20:23:10+00,2025-01-02 09:25:24+00
a24b7530-9416-59c4-bb29-4dfce1fcf3ad,ORD-2024-00932,3a37cd7d-a21c-5a5c-be88-e36a3a4834b8,open,2024-08-07 21:00:25+00,2024-08-23 21:00:25+00,260527.14,2024-08-07 21:00:25+00,2025-01-02 09:28:40+00
9cd7b761-91d6-5a31-8d5f-8a68d28bb57f,ORD-2024-00933,780e9fef-d1d4-5aaa-a774-2f238374ec41,fulfilled,2024-09-07 08:22:07+00,2024-09-30 08:22:07+00,16720.4,2024-09-07 08:22:07+00,2025-01-02 09:26:02+00
53c187c4-867f-55c1-bea1-439b5f3f06a3,ORD-2024-00934,6219b356-39ca-5bc8-be19-a29487a519cd,open,2024-09-24 00:26:20+00,2024-10-23 00:26:20+00,45173.92,2024-09-24 00:26:20+00,2025-01-02 09:28:30+00
a6163050-a1e7-5cb5-9df1-e35a650299e9,ORD-2024-00935,a60af1a9-f379-523a-9b8d-b1d84c77daf5,fulfilled,2024-11-23 10:25:10+00,2024-12-02 10:25:10+00,19079.03,2024-11-23 10:25:10+00,2025-01-02 09:11:07+00
642d9802-7938-590e-9c67-19fd210220ae,ORD-2024-00936,6d75e0d1-1efe-5931-9d5e-3bc3cbc64a91,fulfilled,2024-02-02 18:09:46+00,2024-02-18 18:09:46+00,73687.38,2024-02-02 18:09:46+00,2025-01-02 09:10:16+00
2806aadd-ccae-55f2-9c55-9f46e724ce5f,ORD-2024-00937,213aff84-f1cc-50f2-a9a3-9fee471b532e,fulfilled,2024-02-17 00:17:54+00,2024-03-17 00:17:54+00,25808.31,2024-02-17 00:17:54+00,2025-01-02 09:22:14+00
f8541dfd-c088-5323-b8d4-8bafc4fc2c1b,ORD-2024-00938,32f71c31-97b9-5805-88b8-62a40829f7da,fulfilled,2024-09-18 12:33:01+00,2024-10-13 12:33:01+00,3891.38,2024-09-18 12:33:01+00,2025-01-02 09:09:16+00
ca7ea3ff-97ec-535a-a771-614286237b10,ORD-2024-00939,bce7b040-bec6-5d46-9fbe-e2186050257e,open,2024-09-18 23:44:53+00,2024-09-28 23:44:53+00,23568.01,2024-09-18 23:44:53+00,2025-01-02 09:10:34+00
a4cc2517-0a26-57f2-a307-0f6d01596053,ORD-2024-00940,5a7da0cc-cd16-5e8c-b45f-a3da148f652a,fulfilled,2024-10-27 08:22:14+00,2024-11-21 08:22:14+00,16124.67,2024-10-27 08:22:14+00,2025-01-02 09:22:05+00
6c1e706c-8ae2-5b5c-8ddf-1d70d3f7a9f9,ORD-2024-00941,bce7b040-bec6-5d46-9fbe-e2186050257e,fulfilled,2024-10-26 17:16:07+00,2024-11-09 17:16:07+00,23599.4,2024-10-26 17:16:07+00,2025-01-02 09:17:33+00
73be41df-9573-57c2-af28-fc8710760aa9,ORD-2024-00942,6fc70c5a-a990-5e2a-89b6-f911b9f5b28c,fulfilled,2024-10-03 19:21:01+00,2024-10-25 19:21:01+00,27722.46,2024-10-03 19:21:01+00,2025-01-02 09:25:41+00
a3318440-6610-535b-a211-93bdad3dc334,ORD-2024-00943,5a7da0cc-cd16-5e8c-b45f-a3da148f652a,open,2024-09-13 01:07:57+00,2024-10-09 01:07:57+00,22243.6,2024-09-13 01:07:57+00,2025-01-02 09:11:57+00
1515a34d-a588-5389-a931-f3a4331ac94c,ORD-2024-00944,32f71c31-97b9-5805-88b8-62a40829f7da,fulfilled,2024-09-11 17:22:18+00,2024-10-05 17:22:18+00,5585.64,2024-09-11 17:22:18+00,2025-01-02 09:00:31+00
b9642ea9-3483-5e22-82e5-4126720a8f26,ORD-2024-00945,57b37dbe-1f1a-504a-8d5b-f2f8211e521c,fulfilled,2024-07-22 16:11:49+00,2024-08-06 16:11:49+00,52333.64,2024-07-22 16:11:49+00,2025-01-02 09:04:58+00
79c68532-7004-5f32-b175-10b6bab5a28a,ORD-2024-00946,0be1a0d0-a71f-5728-b1e8-d659d1509b9d,fulfilled,2024-09-06 11:43:30+00,2024-09-14 11:43:30+00,1014.01,2024-09-06 11:43:30+00,2025-01-02 09:23:07+00
dd37dd1e-5699-5252-b84a-5a15464c5835,ORD-2024-00947,21222ab4-7eac-53e6-97ad-2f25c264ce99,fulfilled,2024-11-03 17:39:10+00,2024-11-12 17:39:10+00,25235.5,2024-11-03 17:39:10+00,2025-01-02 09:10:11+00
5f0f0eb4-4ef7-5df5-967d-7f2885c83949,ORD-2024-00948,c8438077-e206-5367-b35c-60dfbc434f07,fulfilled,2024-10-27 21:06:18+00,2024-11-11 21:06:18+00,23843.82,2024-10-27 21:06:18+00,2025-01-02 09:25:49+00
82d91df2-bd3a-5cd9-8096-71493560b0d8,ORD-2024-00949,b7881ecc-56f9-5d4c-af73-4cab8bfa0951,fulfilled,2024-08-28 17:40:30+00,2024-09-07 17:40:30+00,4017.05,2024-08-28 17:40:30+00,2025-01-02 09:13:54+00
7faa51e5-335a-56d2-9651-aa22623a875e,ORD-2024-00950,435ed520-80ab-5538-be50-40bd7f496e48,open,2024-03-01 23:09:31+00,2024-03-31 23:09:31+00,2429.12,2024-03-01 23:09:31+00,2025-01-02 09:23:49+00
badfa811-8726-57fd-8ca0-a9b6eee85900,ORD-2024-00951,69b6a0f5-490b-57ce-8263-3ce92ba30ca7,open,2024-09-04 17:02:10+00,2024-09-21 17:02:10+00,17353.77,2024-09-04 17:02:10+00,2025-01-02 09:02:29+00
c74213d4-0292-53f9-86ea-157dc77b0218,ORD-2024-00952,fa10adbb-db7c-551b-8f4b-84ea56b920fa,fulfilled,2024-11-26 12:35:33+00,2024-12-12 12:35:33+00,11614.12,2024-11-26 12:35:33+00,2025-01-02 09:00:37+00
54d1f75b-8a7f-5bf2-b404-bb5ee4b3353e,ORD-2024-00953,525eeb54-63fc-5f71-b656-782dfa5097bd,fulfilled,2024-09-25 18:00:35+00,2024-10-06 18:00:35+00,24523.55,2024-09-25 18:00:35+00,2025-01-02 09:23:09+00
99291f2d-f4c9-5271-a36f-bd936695ffc7,ORD-2024-00954,6030a031-f992-59e5-a3c0-5377ac1da383,fulfilled,2024-09-24 14:04:30+00,2024-10-01 14:04:30+00,20557.13,2024-09-24 14:04:30+00,2025-01-02 09:23:35+00
a09e7196-3845-5013-af26-5b18072d69e2,ORD-2024-00955,1ff03590-6d21-5cf9-bf55-fe74a1b26a7e,fulfilled,2024-09-05 12:13:01+00,2024-09-29 12:13:01+00,15303.49,2024-09-05 12:13:01+00,2025-01-02 09:02:24+00
28812907-5872-586a-9962-3ac6ae21f2c4,ORD-2024-00956,435ed520-80ab-5538-be50-40bd7f496e48,fulfilled,2024-03-20 16:32:53+00,2024-04-07 16:32:53+00,5975.63,2024-03-20 16:32:53+00,2025-01-02 09:13:16+00
a7caf828-7dc2-5395-b596-be6057fd4b16,ORD-2024-00957,6b8d0ad4-e55b-579c-a3ec-4314615e1416,fulfilled,2024-11-13 16:05:49+00,2024-12-08 16:05:49+00,2310.32,2024-11-13 16:05:49+00,2025-01-02 09:28:23+00
27efd56b-d0e5-54d7-8192-1739f02329ed,ORD-2024-00958,a7ff7b3c-0aca-5f55-96bb-b15dd7aa9b57,fulfilled,2024-09-11 13:17:49+00,2024-10-09 13:17:49+00,15058.0,2024-09-11 13:17:49+00,2025-01-02 09:18:13+00
ae8d00ba-169a-5e14-8303-f0791108e1db,ORD-2024-00959,84932fe2-b7e5-5d4b-a6c0-0f6a7c6c7697,fulfilled,2024-05-26 16:08:30+00,2024-06-14 16:08:30+00,43974.51,2024-05-26 16:08:30+00,2025-01-02 09:03:11+00
23e20c62-555f-52e4-91ae-ac6a11d6bf05,ORD-2024-00960,43a593ec-3f7e-5579-abee-cc11dea3b110,open,2024-06-27 21:11:46+00,2024-07-07 21:11:46+00,9247.0,2024-06-27 21:11:46+00,2025-01-02 09:00:07+00
17e6e2fe-552d-5b67-8912-98887cea929f,ORD-2024-00961,b5d10f22-4ee1-5e81-9bfd-b8444cd7f135,fulfilled,2024-03-02 00:14:08+00,2024-04-01 00:14:08+00,15789.13,2024-03-02 00:14:08+00,2025-01-02 09:16:53+00
9f21d7ea-92d2-522c-9e6c-4dd2f474e1d5,ORD-2024-00962,69b6a0f5-490b-57ce-8263-3ce92ba30ca7,fulfilled,2024-09-21 17:25:00+00,2024-10-16 17:25:00+00,7939.81,2024-09-21 17:25:00+00,2025-01-02 09:03:29+00
4d73e788-4f2c-507e-8a19-408769f59ed1,ORD-2024-00963,1fee1bd7-9e79-5339-a3e3-99b0b3ea95b6,open,2024-08-25 17:02:53+00,2024-09-08 17:02:53+00,7667.02,2024-08-25 17:02:53+00,2025-01-02 09:08:25+00
4e4d5167-134e-5f1b-9f3f-c9fdd7bcbe75,ORD-2024-00964,213aff84-f1cc-50f2-a9a3-9fee471b532e,fulfilled,2024-09-12 16:18:48+00,2024-10-01 16:18:48+00,16133.32,2024-09-12 16:18:48+00,2025-01-02 09:16:27+00
6f1afbfd-3068-5074-86a5-ef74cc3eefc6,ORD-2024-00965,b46a4a7b-b1f2-5183-a41d-8f042adb219e,fulfilled,2024-11-12 15:29:04+00,2024-11-27 15:29:04+00,22162.53,2024-11-12 15:29:04+00,2025-01-02 09:16:32+00
ec166581-0dc6-5b0e-b38d-a111facf5461,ORD-2024-00966,376d259e-b7f2-5e59-bedf-e24df5c7135e,fulfilled,2024-09-12 17:04:22+00,2024-09-23 17:04:22+00,18332.71,2024-09-12 17:04:22+00,2025-01-02 09:23:09+00
0faa31ca-df21-561c-a17e-4dd978a311e8,ORD-2024-00967,be6593f2-3765-5e66-bfa5-54ed361e6da0,fulfilled,2024-02-29 16:33:09+00,2024-03-15 16:33:09+00,15060.92,2024-02-29 16:33:09+00,2025-01-02 09:19:48+00
0538b9e1-6ce9-5d2f-b9c3-12bbbf9862b6,ORD-2024-00968,b39e36f0-6bb3-5217-bfbe-f8451a3635d6,open,2024-10-26 19:37:41+00,2024-11-20 19:37:41+00,14962.69,2024-10-26 19:37:41+00,2025-01-02 09:28:52+00
9ed997dd-a48e-5152-a316-b8acf61ef0f0,ORD-2024-00969,6d75e0d1-1efe-5931-9d5e-3bc3cbc64a91,fulfilled,2024-09-13 16:20:19+00,2024-10-05 16:20:19+00,41095.54,2024-09-13 16:20:19+00,2025-01-02 09:25:23+00
8191cd36-6459-5c94-9154-61f679d3b940,ORD-2024-00970,1fee1bd7-9e79-5339-a3e3-99b0b3ea95b6,fulfilled,2024-11-05 00:06:58+00,2024-11-15 00:06:58+00,14590.62,2024-11-05 00:06:58+00,2025-01-02 09:16:42+00
e15bf89c-07cd-5bbd-9785-0a116d87dbc0,ORD-2024-00971,de69bd87-c78a-58a5-9513-942fd4e74825,fulfilled,2024-05-16 19:11:53+00,2024-05-28 19:11:53+00,23648.4,2024-05-16 19:11:53+00,2025-01-02 09:07:54+00
d55aa43f-5902-559b-a21b-2ab157cb251e,ORD-2024-00972,b39e36f0-6bb3-5217-bfbe-f8451a3635d6,fulfilled,2024-02-29 01:01:00+00,2024-03-15 01:01:00+00,24265.83,2024-02-29 01:01:00+00,2025-01-02 09:00:30+00
1dde0f04-3494-510c-bad6-b9b2a7242d7c,ORD-2024-00973,8d9417d8-6bc9-5a0d-ba9b-f63932cd4c8e,open,2024-01-28 00:36:54+00,2024-02-17 00:36:54+00,13766.98,2024-01-28 00:36:54+00,2025-01-02 09:21:09+00
585259d1-6c60-52a9-9e29-17f5039e056b,ORD-2024-00974,3db84242-5edf-5d00-93c2-32b9d7f86c8b,fulfilled,2024-01-15 20:37:15+00,2024-02-12 20:37:15+00,24939.05,2024-01-15 20:37:15+00,2025-01-02 09:21:38+00
01ccddf0-e3cd-5240-9a3d-5d97b67a07d8,ORD-2024-00975,a7ff7b3c-0aca-5f55-96bb-b15dd7aa9b57,fulfilled,2024-09-10 16:09:26+00,2024-10-01 16:09:26+00,34027.93,2024-09-10 16:09:26+00,2025-01-02 09:21:31+00
c69872e2-7e22-55be-a20f-57637fd465e8,ORD-2024-00976,656060c3-326e-5f29-92b9-5f5955a484bf,fulfilled,2024-01-07 00:01:45+00,2024-01-27 00:01:45+00,23417.32,2024-01-07 00:01:45+00,2025-01-02 09:11:25+00
a38d334f-8635-56b4-afe9-fbb2e901220e,ORD-2024-00977,8d9417d8-6bc9-5a0d-ba9b-f63932cd4c8e,fulfilled,2024-03-16 17:18:27+00,2024-04-05 17:18:27+00,34105.63,2024-03-16 17:18:27+00,2025-01-02 09:03:15+00
5ce85508-f806-5fcf-94fb-29754ace0650,ORD-2024-00978,79760680-5041-5c9e-a2f1-bd6ae1230100,fulfilled,2024-09-01 16:40:11+00,2024-09-11 16:40:11+00,31897.51,2024-09-01 16:40:11+00,2025-01-02 09:24:04+00
74bd7563-7086-55b5-8e0d-feb2a592ffb4,ORD-2024-00979,07b1ba9d-c70e-5b30-aa83-803d7ffe67d8,fulfilled,2024-03-31 23:37:45+00,2024-04-30 23:37:45+00,36669.76,2024-03-31 23:37:45+00,2025-01-02 09:10:21+00
5f397f46-936f-531c-9cd7-d49b2706bdc1,ORD-2024-00980,6784b6cb-ada1-5ce9-87fe-dcb5d8da6777,fulfilled,2024-10-13 16:16:58+00,2024-11-08 16:16:58+00,13633.11,2024-10-13 16:16:58+00,2025-01-02 09:21:39+00
50a54607-86e8-5b92-baf2-3a580d6e6a5c,ORD-2024-00981,6e21c4af-2f50-5bd1-98d3-056533531374,fulfilled,2024-11-14 12:37:02+00,2024-12-07 12:37:02+00,13367.24,2024-11-14 12:37:02+00,2025-01-02 09:26:55+00
c258ab2c-d938-5145-8677-5e85ad18f217,ORD-2024-00982,cd4d763f-2e45-5f33-9a4d-479a6118b65d,fulfilled,2024-10-16 10:35:59+00,2024-10-25 10:35:59+00,41011.77,2024-10-16 10:35:59+00,2025-01-02 09:13:26+00
0d265547-2f36-5849-9bc2-4fc37cc4c93d,ORD-2024-00983,dab3a251-1b55-5799-a144-04f4b708d8c8,fulfilled,2024-10-23 14:07:22+00,2024-11-22 14:07:22+00,24558.41,2024-10-23 14:07:22+00,2025-01-02 09:00:21+00
b8062227-b859-5f28-a8f6-fb49e518f953,ORD-2024-00984,69620e0a-b6d8-576c-a2d3-f2b60fc5605c,fulfilled,2024-09-09 12:33:49+00,2024-10-05 12:33:49+00,7202.29,2024-09-09 12:33:49+00,2025-01-02 09:15:15+00
5fc02678-32a4-5e17-863f-59a3adf526b7,ORD-2024-00985,cdfbe2f7-6b67-5381-a963-3b1bfc6675bb,fulfilled,2024-04-08 20:38:43+00,2024-04-17 20:38:43+00,23676.29,2024-04-08 20:38:43+00,2025-01-02 09:06:29+00
4e01c98f-9256-5121-9351-9d9384dceb3c,ORD-2024-00986,bce7b040-bec6-5d46-9fbe-e2186050257e,open,2024-10-04 16:31:31+00,2024-10-19 16:31:31+00,4672.44,2024-10-04 16:31:31+00,2025-01-02 09:29:32+00
8989c96a-7652-51e2-858f-56ca022eb93a,ORD-2024-00987,bdcbbfa9-6b02-53be-924e-36542bfb1ba2,fulfilled,2024-03-06 14:42:46+00,2024-03-30 14:42:46+00,53753.17,2024-03-06 14:42:46+00,2025-01-02 09:16:50+00
46ca54fb-3195-508b-ab95-d4c1f332bf00,ORD-2024-00988,21222ab4-7eac-53e6-97ad-2f25c264ce99,open,2024-07-15 01:06:09+00,2024-07-30 01:06:09+00,18096.79,2024-07-15 01:06:09+00,2025-01-02 09:05:52+00
ce916797-9f0f-54ae-a0f2-76c7c1263810,ORD-2024-00989,a15a8221-9337-53f4-b65d-9b95d1010476,fulfilled,2024-09-01 21:26:02+00,2024-09-11 21:26:02+00,17215.54,2024-09-01 21:26:02+00,2025-01-02 09:01:56+00
6e6905e9-a7c4-59d2-8f6a-c96d217c5a7c,ORD-2024-00990,a0f94859-4647-56b8-95af-acc816d2300a,fulfilled,2024-03-25 16:26:57+00,2024-04-08 16:26:57+00,16116.96,2024-03-25 16:26:57+00,2025-01-02 09:10:30+00
885a6ac4-dd14-5031-949a-2d1751b3c4a3,ORD-2024-00991,c8438077-e206-5367-b35c-60dfbc434f07,fulfilled,2024-11-30 01:09:16+00,2024-12-25 01:09:16+00,30336.96,2024-11-30 01:09:16+00,2025-01-02 09:01:21+00
aefd6602-c2d8-51de-a3a5-932ac4b3d3f7,ORD-2024-00992,1fee1bd7-9e79-5339-a3e3-99b0b3ea95b6,fulfilled,2024-10-13 01:33:57+00,2024-11-02 01:33:57+00,18693.22,2024-10-13 01:33:57+00,2025-01-02 09:08:18+00
6d5e9bd9-c4ab-58dd-9565-555a23ab3ca2,ORD-2024-00993,f00161cb-a7d6-52ca-8cdc-414dd71dfe6a,fulfilled,2024-03-15 12:21:46+00,2024-04-07 12:21:46+00,2048.87,2024-03-15 12:21:46+00,2025-01-02 09:21:40+00
15f7b83c-b582-59a3-a821-50b8cebdf0a3,ORD-2024-00994,5a7da0cc-cd16-5e8c-b45f-a3da148f652a,fulfilled,2024-10-26 10:43:14+00,2024-11-12 10:43:14+00,14748.47,2024-10-26 10:43:14+00,2025-01-02 09:06:04+00
6c608ba5-b5d9-5d7e-ac4e-a8ea893049c2,ORD-2024-00995,2c05e62a-c525-5859-9607-d7f41b04ad2c,open,2024-12-11 22:12:44+00,2024-12-27 22:12:44+00,26650.96,2024-12-11 22:12:44+00,2025-01-02 09:23:02+00
b6935570-a0c6-546b-ab76-17e06d856090,ORD-2024-00996,dd04dcf0-0ef8-512b-8f0f-08e72d73597d,fulfilled,2024-06-08 22:21:34+00,2024-06-15 22:21:34+00,2718.36,2024-06-08 22:21:34+00,2025-01-02 09:26:55+00
67228a89-fcad-5eff-9aba-03dedd7c95b9,ORD-2024-00997,c96e1921-2d37-5994-9580-cb136e2af43e,fulfilled,2024-02-21 17:34:21+00,2024-03-15 17:34:21+00,29083.55,2024-02-21 17:34:21+00,2025-01-02 09:10:11+00
3532c0de-1d4d-5b4c-9dd0-b056c502974e,ORD-2024-00998,b515cced-3623-5f57-b080-b473400225f5,fulfilled,2024-10-13 18:05:24+00,2024-10-31 18:05:24+00,28875.02,2024-10-13 18:05:24+00,2025-01-02 09:00:18+00
3221345b-58f0-5ac2-9f29-c4c175329e5a,ORD-2024-00999,c96e1921-2d37-5994-9580-cb136e2af43e,fulfilled,2024-02-26 18:36:05+00,2024-03-19 18:36:05+00,18298.24,2024-02-26 18:36:05+00,2025-01-02 09:09:41+00
