id,order_id,product_id,quantity,created_at
7fa34af9-eda8-5450-b5f7-361b85c47d00,be0000b5-335e-532f-9f40-75d0225fd948,6e22d3ea-9fc0-56fa-a367-352e633df40c,60,2024-09-12 12:39:58+00
83af4821-3ffd-5a3a-a205-6ce5eb3643fd,be0000b5-335e-532f-9f40-75d0225fd948,605027f9-8c6a-5d9a-80f7-9d3d42930f12,44,2024-09-12 12:39:58+00
da595dc9-4454-5e15-9b74-4d16948d2152,be0000b5-335e-532f-9f40-75d0225fd948,5e2cc5fc-7d5b-5bba-ad99-4412ab325860,37,2024-09-12 12:39:58+00
8ed59257-571c-5674-a6e8-0c096a70d991,be0000b5-335e-532f-9f40-75d0225fd948,ab9d2edf-ae6c-55be-beec-404b29edda19,38,2024-09-12 12:39:58+00
3d047824-5dcf-5caa-bbdf-38c6fe58a2ad,e17c554d-63f3-5bd1-b043-5f06a240ff22,87bd34d0-75d8-568d-abd0-77f535fdb719,25,2024-01-28 18:13:40+00
28285675-14ea-5dbe-819d-f5e175e01121,e17c554d-63f3-5bd1-b043-5f06a240ff22,8243c793-3801-5a72-86e5-9ab29d8d498d,54,2024-01-28 18:13:40+00
5a84e47f-0835-5641-97c5-6dcef42a9ca0,e17c554d-63f3-5bd1-b043-5f06a240ff22,7698a25a-a051-53c9-ae74-597da202ffca,45,2024-01-28 18:13:40+00
7582e38a-d83b-5d4b-8d0c-d7ef3dc97d94,e17c554d-63f3-5bd1-b043-5f06a240ff22,76ce6f91-8d47-5bfd-a8a9-b086d8728beb,45,2024-01-28 18:13:40+00
5750539b-d2e7-52be-9487-b33b562e3565,22f6a829-5117-5f9a-aeff-d1f197e49dad,3f7c929e-b070-5624-afcb-413255a3e8b7,44,2024-08-19 20:11:30+00
a2e4ab3c-2110-51f4-b883-450ffc2d0a45,4c3001d4-a99c-5ec6-aa8a-91b8ed1895e9,8110e190-2a4b-579b-be2c-511de85ab755,47,2024-08-07 22:32:35+00
f93b1ba5-3900-5358-a6df-4f3972aed678,4c3001d4-a99c-5ec6-aa8a-91b8ed1895e9,6feb3ffe-e89f-55ab-81d5-d9b136a73c27,137,2024-08-07 22:32:35+00
c3608366-b463-5f44-a1f1-12aba72520d7,eb228a30-2a14-57a1-87b7-cdfd30a631d4,48b59f70-e096-547d-97be-0afd9e0ef1f4,9,2024-01-03 19:23:30+00
f312f973-77d9-5d21-8b02-e1994bd16774,eb228a30-2a14-57a1-87b7-cdfd30a631d4,6a379419-7f07-55f2-a7a1-c92bb24d1f27,23,2024-01-03 19:23:30+00
4dabb768-436e-50be-be9d-36a0079462c8,eb228a30-2a14-57a1-87b7-cdfd30a631d4,c388846e-4e3c-5d57-b61f-ed13c7edc4da,43,2024-01-03 19:23:30+00
9b6dfb5d-17ae-5651-9dc0-692188a25306,8cc54e90-d6dc-536c-960a-f855d27beef5,5abd18e8-de32-5af1-b593-d3190e9164a5,19,2024-08-10 18:33:27+00
d7ac55df-08b1-5add-bbd3-f61a66501cba,8cc54e90-d6dc-536c-960a-f855d27beef5,3f7c929e-b070-5624-afcb-413255a3e8b7,18,2024-08-10 18:33:27+00
58a31c64-736a-584f-8feb-b6fc2fb15b1f,8cc54e90-d6dc-536c-960a-f855d27beef5,a68ed02d-80a0-5ebb-a79e-1ef7c4187de5,37,2024-08-10 18:33:27+00
1a0b8a67-c64d-5676-91a8-1d191c593947,8cc54e90-d6dc-536c-960a-f855d27beef5,1b8e1d0e-392d-5e23-854a-832f0d6ac35d,50,2024-08-10 18:33:27+00
9439ac4a-65cf-5898-9cf8-67c4cd9984d4,96c97944-8493-5424-9ec2-5b3908878804,5abd18e8-de32-5af1-b593-d3190e9164a5,8,2024-09-25 16:42:32+00
62be4c63-eef3-56a6-aeef-6528ddaa1dd6,c0286eb0-c752-59d4-b6b2-d464280657f8,dfaf50bf-7ed8-5e30-b115-e55c44d8e0c1,24,2024-08-01 23:37:21+00
69eaad8d-ffa6-5134-b589-030f0e9d6542,c0286eb0-c752-59d4-b6b2-d464280657f8,d6481438-ce10-5e85-8b0a-fbc48dcd19e7,47,2024-08-01 23:37:21+00
048a2c9f-484f-5054-b5d0-dd602e4cfdef,def79673-74dd-5c1d-a83a-3e4f5f59f31e,637d71e2-55cf-575a-87f5-1bcee0d0072a,12,2024-11-15 01:28:35+00
6dc2532a-1223-51f1-be56-ef620e26dc1f,dcc15fed-39a6-5002-bfe8-8ac5b00fd9f1,43239255-9abf-522a-a0ca-d242c13539cf,15,2024-09-11 19:17:57+00
60d97f47-4ac6-5473-aa5e-300f1a27bc0c,dcc15fed-39a6-5002-bfe8-8ac5b00fd9f1,093be7d5-f016-5f2c-b71d-4dce4b0e9514,18,2024-09-11 19:17:57+00
bdb92442-7b8b-52ef-b249-7b1ba76153cc,dcc15fed-39a6-5002-bfe8-8ac5b00fd9f1,cf40a232-f9b9-5adf-afb6-0a981f2ffcf7,26,2024-09-11 19:17:57+00
9c6209b4-aa82-51b7-a95f-8c9e60c4cbd2,dcc15fed-39a6-5002-bfe8-8ac5b00fd9f1,dfaf50bf-7ed8-5e30-b115-e55c44d8e0c1,47,2024-09-11 19:17:57+00
b650f11b-4e80-5cfd-a360-bf1e05932758,9d7c77c3-d842-5f75-89dd-9b50b1f18b0c,49690aee-94fa-525b-b5ce-92feaf54b957,23,2024-10-03 16:05:07+00
08ad1547-d206-5619-bda0-594809987613,9d7c77c3-d842-5f75-89dd-9b50b1f18b0c,6e22d3ea-9fc0-56fa-a367-352e633df40c,11,2024-10-03 16:05:07+00
31c1aae1-a3a1-54bf-be96-e793bf8a8d1c,35dd74f5-093c-58b7-8210-f311dd391aa2,dfaf50bf-7ed8-5e30-b115-e55c44d8e0c1,59,2024-01-21 20:21:20+00
1a7b6306-f6b0-574d-8d6b-99491999763e,bb98f3fb-ab3a-5dad-8025-e094f73f8f49,8110e190-2a4b-579b-be2c-511de85ab755,57,2024-11-27 18:29:52+00
3f0cb385-27cb-576b-9cb4-aeb4ebba8325,31528371-ed59-5e61-8444-2458efc5e044,72067051-48fc-5737-a00c-93c490bd0b34,46,2024-02-28 22:31:09+00
078ce123-c8d5-51a3-a02f-30e0f6c64cb7,31528371-ed59-5e61-8444-2458efc5e044,48b59f70-e096-547d-97be-0afd9e0ef1f4,12,2024-02-28 22:31:09+00
aac6145f-5a89-5fb2-a810-afe19d50aea9,31528371-ed59-5e61-8444-2458efc5e044,0f7722fa-332a-5a19-922d-1d9cab8dda65,59,2024-02-28 22:31:09+00
efddd92a-ba4a-5ac5-88be-aa033f4b8d74,31528371-ed59-5e61-8444-2458efc5e044,72067051-48fc-5737-a00c-93c490bd0b34,42,2024-02-28 22:31:09+00
ea6b2ebd-1b44-5d59-9ebe-ad76ee1b002a,af933771-6272-5f91-a23c-9f97cb37a3e9,cf40a232-f9b9-5adf-afb6-0a981f2ffcf7,36,2024-10-18 23:25:55+00
517b507d-5306-5f1a-b4fd-610a492a2c59,af933771-6272-5f91-a23c-9f97cb37a3e9,03daeeea-7468-535a-a03a-78f80e9f433f,33,2024-10-18 23:25:55+00
8b3ad781-1eb7-5e73-8a5d-345a54eea456,79cf3e69-539e-595b-bb99-51ab25c5eea5,721d117c-620d-5f92-b800-3e89864cc8d3,38,2024-05-13 21:35:49+00
bc760a35-9519-592e-a3d1-04c39cb55de1,79cf3e69-539e-595b-bb99-51ab25c5eea5,2c21421b-d3c2-55c3-8144-0c1f6b3e4f6a,11,2024-05-13 21:35:49+00
bfbb3f73-6779-5372-b2c5-bac30a257c5a,2a2d143f-ea13-5091-868a-b1083d38c42c,dfaf50bf-7ed8-5e30-b115-e55c44d8e0c1,46,2024-05-07 23:43:47+00
e1184ade-f3d2-547a-8f4f-6936bbe604b1,4f0d4bb3-988a-529e-a212-7e48f0ab78c0,7698a25a-a051-53c9-ae74-597da202ffca,22,2024-09-15 23:11:17+00
6617e1e2-f475-5106-aa3d-995f34cba2eb,4f0d4bb3-988a-529e-a212-7e48f0ab78c0,f3d43083-cf37-52fb-bc02-bff47203b7c9,40,2024-09-15 23:11:17+00
3b62f1c5-713b-530e-9191-f755b46fc473,1eb5df6c-2dc7-5f9b-8005-ac82bb9e2595,76ce6f91-8d47-5bfd-a8a9-b086d8728beb,12,2024-07-25 19:30:19+00
6a9ec690-06ad-5b9e-89ce-c19cbb8e7e16,1eb5df6c-2dc7-5f9b-8005-ac82bb9e2595,5abd18e8-de32-5af1-b593-d3190e9164a5,11,2024-07-25 19:30:19+00
f5ee1743-6f72-57fb-8600-6088744ca690,1eb5df6c-2dc7-5f9b-8005-ac82bb9e2595,b8b98483-157a-5ddb-81bf-f65f95613caa,40,2024-07-25 19:30:19+00
52238993-123d-5f93-842b-022458cabec0,1eb5df6c-2dc7-5f9b-8005-ac82bb9e2595,c914dcac-18fe-5928-87c0-80e93bb776c2,55,2024-07-25 19:30:19+00
9142ebaa-2cae-545e-a5fa-10540ddf22b5,a77452be-97b2-5936-9e09-da0ef96d6f93,7698a25a-a051-53c9-ae74-597da202ffca,40,2024-03-07 15:23:16+00
62dd065e-c139-5920-a6c5-e7804a6136ec,a77452be-97b2-5936-9e09-da0ef96d6f93,a32d3b40-78a1-5f18-8b90-4dd8cd4ea27b,35,2024-03-07 15:23:16+00
4a070c1c-8754-50e9-8023-4047e7009dc1,a77452be-97b2-5936-9e09-da0ef96d6f93,1b8e1d0e-392d-5e23-854a-832f0d6ac35d,50,2024-03-07 15:23:16+00
617e86ed-57a8-561c-b5b1-301941bd5454,a77452be-97b2-5936-9e09-da0ef96d6f93,d6481438-ce10-5e85-8b0a-fbc48dcd19e7,53,2024-03-07 15:23:16+00
cfee2af9-8d2b-5acf-bd74-f7d7def3210c,1a7836ec-309f-5a6e-a94e-bef9ea0080a6,ebdcc5e9-63c3-5a52-9521-f031c6154feb,15,2024-01-02 21:43:15+00
2ffb32b9-03be-5018-85cb-0435b52f3e92,b10fb9c4-0c2a-50b1-ba97-f3ffb7abad16,49690aee-94fa-525b-b5ce-92feaf54b957,57,2024-07-28 17:13:22+00
b8d046d0-c049-527a-ac9d-76ec6ecc9250,b10fb9c4-0c2a-50b1-ba97-f3ffb7abad16,721d117c-620d-5f92-b800-3e89864cc8d3,11,2024-07-28 17:13:22+00
6bc301e1-d67e-5d1b-8c89-9b809944f4f6,0488136f-b4d4-5d57-80bc-ced79fb36a62,093be7d5-f016-5f2c-b71d-4dce4b0e9514,5,2024-01-25 01:30:45+00
bbc41f8b-7d67-5657-aca2-8a33b1122e03,0488136f-b4d4-5d57-80bc-ced79fb36a62,6e22d3ea-9fc0-56fa-a367-352e633df40c,40,2024-01-25 01:30:45+00
caf82bd1-6db9-5007-b904-2c9452b7d0f2,06d13ba8-7044-5ef9-a3cd-5f7de9e0c01d,015ee94d-a0dc-5a3a-96b4-4318093cd0c8,29,2024-10-26 23:12:05+00
2e2b13ff-cf15-5fa1-81d6-b693f6a7c1b0,06d13ba8-7044-5ef9-a3cd-5f7de9e0c01d,eb65b5fa-c2cb-589b-9049-2b6c7bf4d22d,25,2024-10-26 23:12:05+00
cab52ba7-f26c-59d8-97d1-e429edf11457,af436841-8680-5a51-9d84-2a66ddf46be7,fc7fc417-cce4-5f70-a6f1-8ce7a0edf5e9,13,2024-11-25 11:18:40+00
6c2a41ba-30d7-5801-ba4c-312f161ba231,af436841-8680-5a51-9d84-2a66ddf46be7,5bfb3415-c6ae-5fa3-a84b-8a98a543ab9a,24,2024-11-25 11:18:40+00
5daa92df-aae0-566b-b512-cfb802c01069,af436841-8680-5a51-9d84-2a66ddf46be7,4bb3265f-5fd8-5ee9-b01b-7ca5808bca6b,60,2024-11-25 11:18:40+00
6861acea-a077-593f-9619-4feb1d342489,af436841-8680-5a51-9d84-2a66ddf46be7,4bb3265f-5fd8-5ee9-b01b-7ca5808bca6b,45,2024-11-25 11:18:40+00
bdcb4ade-c1f3-5a53-9501-7211500f1633,65ec7fe3-137e-5f39-aaf7-3921466499bc,a4acb526-e0ea-590e-9293-ff9e90059c15,53,2024-11-12 10:44:22+00
0a5fa676-64c0-59bf-a787-ad0c4eb761ab,65ec7fe3-137e-5f39-aaf7-3921466499bc,cf40a232-f9b9-5adf-afb6-0a981f2ffcf7,42,2024-11-12 10:44:22+00
a36eda3d-68a0-5a37-a38c-a23d6543fae8,65ec7fe3-137e-5f39-aaf7-3921466499bc,72067051-48fc-5737-a00c-93c490bd0b34,48,2024-11-12 10:44:22+00
4b0036c1-d804-5aaf-b002-81f88a422594,a48cd40f-ebb3-59ab-ad97-bf7d348e59d0,87bd34d0-75d8-568d-abd0-77f535fdb719,8,2024-09-30 20:28:50+00
a15313be-e25e-5182-959c-63f61e13ebd5,a48cd40f-ebb3-59ab-ad97-bf7d348e59d0,ce143825-d54b-50ec-92fe-c61fdb5ae610,22,2024-09-30 20:28:50+00
f86265d6-7b7d-533e-8dc6-e1ecb14fee7d,a48cd40f-ebb3-59ab-ad97-bf7d348e59d0,7139ebf2-1aff-593d-9366-22949a04fd61,23,2024-09-30 20:28:50+00
a444c786-9b6e-5d99-8510-cd9531e78b69,a48cd40f-ebb3-59ab-ad97-bf7d348e59d0,87bd34d0-75d8-568d-abd0-77f535fdb719,58,2024-09-30 20:28:50+00
b1485c20-f9bd-5235-bf9d-8d7101f609e6,c864d306-cc2e-5303-af33-42a3f9119124,ae16db22-a7d1-5cd3-8409-669d957eb80d,29,2024-09-12 15:06:59+00
c433c487-248f-5c5e-aa26-8b42926d6d80,c864d306-cc2e-5303-af33-42a3f9119124,637d71e2-55cf-575a-87f5-1bcee0d0072a,49,2024-09-12 15:06:59+00
f6757979-9024-540c-8ab5-a7fe06ac7fac,56eb6ac6-e2ea-538c-b62d-1a72a602cc2c,ce143825-d54b-50ec-92fe-c61fdb5ae610,44,2024-07-14 22:21:20+00
1c7a2ae4-f8db-51bf-8173-f8021b8974a8,56eb6ac6-e2ea-538c-b62d-1a72a602cc2c,bcd21179-c89f-5095-808a-e72f06c0841d,58,2024-07-14 22:21:20+00
08200878-d3ee-5559-99a6-827f043f5d65,56eb6ac6-e2ea-538c-b62d-1a72a602cc2c,8110e190-2a4b-579b-be2c-511de85ab755,53,2024-07-14 22:21:20+00
e31072dc-43cf-57f6-9797-55883df5e993,9abb3f44-6dd1-5ae9-9872-1678948af214,8243c793-3801-5a72-86e5-9ab29d8d498d,16,2024-11-04 19:13:12+00
c7a88646-b46b-582f-b77a-b86c1066ca9f,17adbad6-1325-58ef-acc8-2661637fac09,c0f44500-e1d1-59e0-b53b-e0e98b24a7cf,26,2024-03-02 22:19:03+00
4fb621b5-6c15-5bf1-ba40-e98cb4cbdc5a,17adbad6-1325-58ef-acc8-2661637fac09,12d2e257-18af-5ea5-9b8e-109e869b4b9e,7,2024-03-02 22:19:03+00
a89e751b-5299-5ed6-8731-c12559552c84,17adbad6-1325-58ef-acc8-2661637fac09,4ccb08b0-f9e0-5e25-89e3-bea409b0d0cb,43,2024-03-02 22:19:03+00
cf9eb6dc-e8cb-52cf-94c5-27a243152fb5,89c3d099-4c5e-5695-9d7d-c8986a98d947,6feb3ffe-e89f-55ab-81d5-d9b136a73c27,19,2024-09-16 17:37:33+00
1a753888-9868-548d-b581-8c8ccc1252af,89c3d099-4c5e-5695-9d7d-c8986a98d947,c388846e-4e3c-5d57-b61f-ed13c7edc4da,9,2024-09-16 17:37:33+00
fbf1408a-3cdc-5e8d-b3b0-25cfc5278c30,89c3d099-4c5e-5695-9d7d-c8986a98d947,7139ebf2-1aff-593d-9366-22949a04fd61,31,2024-09-16 17:37:33+00
35af89ae-f70c-537b-9833-b1ad72821ffc,22aa8a02-9216-58ad-9a33-81327eb6bfdc,5f832cdc-1407-55fc-8fd5-76ca28247722,53,2024-07-25 17:14:33+00
f2a60f51-d27f-596a-9ad7-9c0bf08511f2,22aa8a02-9216-58ad-9a33-81327eb6bfdc,70b50d29-9125-53dc-a829-c961b011e429,40,2024-07-25 17:14:33+00
1807fb68-c6b0-575f-bab4-b6842df72883,22aa8a02-9216-58ad-9a33-81327eb6bfdc,dfaf50bf-7ed8-5e30-b115-e55c44d8e0c1,12,2024-07-25 17:14:33+00
642782ca-55fa-5fe7-afff-1450cfcdded1,0c9b3655-4244-5222-ab47-829f130d0060,85ee2954-52d3-5ec2-8fea-0575175559ac,21,2024-03-20 11:02:43+00
18f66b26-9e6b-5742-a574-554f1c338a73,379f853d-e259-51d4-b20e-42fa4fc6a1ac,4ccb08b0-f9e0-5e25-89e3-bea409b0d0cb,303,2024-09-17 16:30:25+00
0771799d-e2f1-5485-8dea-07af4e4b4933,379f853d-e259-51d4-b20e-42fa4fc6a1ac,d6481438-ce10-5e85-8b0a-fbc48dcd19e7,125,2024-09-17 16:30:25+00
c2caa7d2-04e0-5ac6-bcbb-3c1e4b28f69d,748159c8-9192-5ffd-b33b-68a02b224f29,015ee94d-a0dc-5a3a-96b4-4318093cd0c8,18,2024-10-03 00:04:28+00
6ae5885d-7f8a-5289-981d-0a752b47fa42,748159c8-9192-5ffd-b33b-68a02b224f29,515f77ef-9c32-5e75-81c3-2b3795c000f2,46,2024-10-03 00:04:28+00
b9092120-949a-5e78-b37f-6b4e13274c61,748159c8-9192-5ffd-b33b-68a02b224f29,6852d7e8-9827-5aa7-a439-140e7dac645a,52,2024-10-03 00:04:28+00
e33958f3-56df-5cef-9786-e11ea38184c1,748159c8-9192-5ffd-b33b-68a02b224f29,98f9ed1d-3d10-5a68-a387-66981e9dde59,34,2024-10-03 00:04:28+00
2a21f26e-bca5-5b2e-9870-a721e7419791,16ae57ff-d876-5e1f-bd67-e9131427ef6f,f3c9e6db-5001-5325-b688-27d1d3fc04c1,31,2024-01-20 17:12:09+00
6274309d-4f01-5850-9dd5-ace37486d7df,16ae57ff-d876-5e1f-bd67-e9131427ef6f,263e995b-8be3-5198-adb6-aa81c41bf770,32,2024-01-20 17:12:09+00
684feda8-3fdc-50c1-983f-a3421ae59ab8,3cc5f6b5-8001-50cb-93a3-63cccd6bef89,6852d7e8-9827-5aa7-a439-140e7dac645a,27,2024-07-18 17:43:47+00
6b056212-1b6d-5177-aade-9dbaafc80363,d1bbbddd-b9f5-5dfb-bffc-becf61f50016,98f9ed1d-3d10-5a68-a387-66981e9dde59,35,2024-09-20 09:19:13+00
1be4b4b0-3ed2-548d-ba83-4004ac72a98a,d1bbbddd-b9f5-5dfb-bffc-becf61f50016,f3d43083-cf37-52fb-bc02-bff47203b7c9,13,2024-09-20 09:19:13+00
da59668b-a537-590b-9916-651914f2f750,d1bbbddd-b9f5-5dfb-bffc-becf61f50016,5e41eef3-c306-5dd1-ab8c-d305ebc7c2d5,23,2024-09-20 09:19:13+00
fb20648b-4d1b-53e8-8d2e-f77c6bd582b7,d1bbbddd-b9f5-5dfb-bffc-becf61f50016,87bd34d0-75d8-568d-abd0-77f535fdb719,24,2024-09-20 09:19:13+00
b3c0b20b-1a03-5657-9265-122e233850bd,8facb08c-7cff-520b-9108-b1c1c32129f1,e7c66ad7-b5d3-5271-9438-d4741c6f9cbc,320,2024-09-18 16:09:39+00
1a7fd748-904c-5003-ba60-41bc0d8fd369,8facb08c-7cff-520b-9108-b1c1c32129f1,dbfbb0d5-1eb8-59dd-bad5-834d7a45a348,147,2024-09-18 16:09:39+00
99ef137b-f871-535b-aff0-a73fbb5c4060,8facb08c-7cff-520b-9108-b1c1c32129f1,571424b7-2fc1-5ceb-8982-7426cc703fff,148,2024-09-18 16:09:39+00
fb7beffb-8111-5d17-a6a2-feec6c412f63,8facb08c-7cff-520b-9108-b1c1c32129f1,5bfb3415-c6ae-5fa3-a84b-8a98a543ab9a,112,2024-09-18 16:09:39+00
c725b8ab-89d8-53bc-b3c4-1d4fd0b06565,1b25bd3e-0b77-53b3-a106-7757517e2a95,4bb3265f-5fd8-5ee9-b01b-7ca5808bca6b,9,2024-10-04 10:38:43+00
5ab4c3fc-8833-5bfb-b1ef-8fd47f9672f1,1b25bd3e-0b77-53b3-a106-7757517e2a95,e3a10959-a74e-5cdd-bd80-3c24836fb062,21,2024-10-04 10:38:43+00
28a60020-e7d3-5072-9647-470f7cae3b0d,1b25bd3e-0b77-53b3-a106-7757517e2a95,605027f9-8c6a-5d9a-80f7-9d3d42930f12,36,2024-10-04 10:38:43+00
48b8f174-7ac3-534f-95ff-5a447243d320,1b25bd3e-0b77-53b3-a106-7757517e2a95,9096801a-a6fd-5ca3-a667-34759b5adb9e,13,2024-10-04 10:38:43+00
f8dd260f-424c-55cd-b22d-8fd3e507230b,0891e84c-8c05-51c4-b39c-da5f1a400699,474da520-6891-5d9b-ad56-dbc5e963bb3f,47,2024-04-30 17:04:45+00
3e527f0a-65b1-5de6-b639-7c8706882f46,0891e84c-8c05-51c4-b39c-da5f1a400699,605027f9-8c6a-5d9a-80f7-9d3d42930f12,14,2024-04-30 17:04:45+00
2e52742e-43f6-5e1e-b0b5-5e9afcc04cd3,0891e84c-8c05-51c4-b39c-da5f1a400699,1b8e1d0e-392d-5e23-854a-832f0d6ac35d,56,2024-04-30 17:04:45+00
638596f2-4bdc-50a6-bd4a-951d7c024601,4e7ec53a-6724-5026-9d29-20cf03b43746,a32a21a2-1fde-52e6-a745-494a810ef82b,58,2024-08-07 18:16:48+00
e4254717-f56e-54e6-b238-ec15846ef4b6,4e7ec53a-6724-5026-9d29-20cf03b43746,7698a25a-a051-53c9-ae74-597da202ffca,35,2024-08-07 18:16:48+00
7d4117c1-bd9d-51ba-8230-eadbbeb681ec,4e7ec53a-6724-5026-9d29-20cf03b43746,9096801a-a6fd-5ca3-a667-34759b5adb9e,54,2024-08-07 18:16:48+00
de643ec6-ae85-57a3-9053-76e8ae6c30f8,4e7ec53a-6724-5026-9d29-20cf03b43746,4bb3265f-5fd8-5ee9-b01b-7ca5808bca6b,11,2024-08-07 18:16:48+00
67db31a7-4d98-53f6-a472-af1aa0abc37b,7483580b-2d0e-5c31-a673-693c7a68c8be,5abd18e8-de32-5af1-b593-d3190e9164a5,59,2024-10-18 11:17:58+00
c51a8c60-2ca4-5ac8-9c81-1a204564edca,01f6f5f5-359a-5390-baf4-c388eadb19e4,5e41eef3-c306-5dd1-ab8c-d305ebc7c2d5,39,2024-01-17 01:40:16+00
e15f497a-5f9c-5335-b213-26072d6d10f5,01f6f5f5-359a-5390-baf4-c388eadb19e4,12d2e257-18af-5ea5-9b8e-109e869b4b9e,28,2024-01-17 01:40:16+00
3e4a063e-d2c1-5a17-b8ea-e364fcc4784e,01f6f5f5-359a-5390-baf4-c388eadb19e4,a68ed02d-80a0-5ebb-a79e-1ef7c4187de5,51,2024-01-17 01:40:16+00
ef83822e-bd06-500a-b30f-63af81d72be3,b946cd70-3ab1-5966-841a-25e692f4891a,474da520-6891-5d9b-ad56-dbc5e963bb3f,48,2024-03-09 23:06:10+00
5f3539e1-54dc-5b80-b488-a4bdfb156d41,b946cd70-3ab1-5966-841a-25e692f4891a,5bfb3415-c6ae-5fa3-a84b-8a98a543ab9a,13,2024-03-09 23:06:10+00
3628f8b2-ee45-5594-9705-99876185fabd,9fcbb8ef-d4ca-58a1-b0d0-5c6e7c4c760b,e3a10959-a74e-5cdd-bd80-3c24836fb062,21,2024-11-05 15:24:29+00
ca04441f-6620-5685-a6d1-9b1693c82ae4,9fcbb8ef-d4ca-58a1-b0d0-5c6e7c4c760b,ebdcc5e9-63c3-5a52-9521-f031c6154feb,47,2024-11-05 15:24:29+00
c515693d-91cd-57a6-bbfe-b38296852d9f,03a5ca49-97d2-5313-94e4-7a90756db51c,015ee94d-a0dc-5a3a-96b4-4318093cd0c8,400,2024-07-03 22:31:02+00
24c09716-132b-532c-9e5e-6bd5ff74ba81,03a5ca49-97d2-5313-94e4-7a90756db51c,a32a21a2-1fde-52e6-a745-494a810ef82b,174,2024-07-03 22:31:02+00
0315cde0-db51-5ce1-a88b-1da84f90f398,03a5ca49-97d2-5313-94e4-7a90756db51c,950c0334-92d4-54ec-b05b-35e20983883c,129,2024-07-03 22:31:02+00
c5c69067-5136-5aaf-9cd6-a1906c2c6502,91cd85e0-fac3-51a0-8eab-b74af0d605aa,9096801a-a6fd-5ca3-a667-34759b5adb9e,57,2024-07-12 21:05:18+00
5fc5e33b-50a8-57b1-b49b-3688eea4c852,91cd85e0-fac3-51a0-8eab-b74af0d605aa,047edcf5-114c-5342-b495-232fc4aaf6fe,55,2024-07-12 21:05:18+00
e03851f9-af61-5673-832a-b303577e4681,91cd85e0-fac3-51a0-8eab-b74af0d605aa,eb65b5fa-c2cb-589b-9049-2b6c7bf4d22d,5,2024-07-12 21:05:18+00
372da770-7d47-5236-aa1c-9272d3d1bc8d,91cd85e0-fac3-51a0-8eab-b74af0d605aa,fc7fc417-cce4-5f70-a6f1-8ce7a0edf5e9,33,2024-07-12 21:05:18+00
b2a5c4e4-c2db-5260-843c-c37c91cd3cd6,2d612a5f-a8ca-53e4-8935-2e0bfd5e9d5e,72067051-48fc-5737-a00c-93c490bd0b34,56,2024-10-05 10:10:44+00
14d0bb2b-03bf-5e30-96ad-57ffb1fd2926,2d612a5f-a8ca-53e4-8935-2e0bfd5e9d5e,a4acb526-e0ea-590e-9293-ff9e90059c15,35,2024-10-05 10:10:44+00
6eebe765-247f-5e35-870b-c438c08b97fb,94d62354-2341-544a-9f93-e3d4cd4c5685,59115f56-acf8-50f7-9dfd-c99816aa2172,343,2024-09-02 19:44:11+00
c078881b-2552-550f-ad9c-bbf9ef034aac,94d62354-2341-544a-9f93-e3d4cd4c5685,5bfb3415-c6ae-5fa3-a84b-8a98a543ab9a,60,2024-09-02 19:44:11+00
896438e6-c3eb-5132-8f27-023cc2f74842,28a517f3-56a8-5e20-b7b9-a5b6fcbb2b80,637d71e2-55cf-575a-87f5-1bcee0d0072a,10,2024-03-16 16:12:17+00
3e55d968-3901-5970-b04b-221581d81e0a,f711b489-618c-5bc0-89cf-db8fcd5c0bcf,48b59f70-e096-547d-97be-0afd9e0ef1f4,51,2024-10-08 14:41:01+00
aa6613ea-7187-59ea-a211-4f1f04620e8b,f711b489-618c-5bc0-89cf-db8fcd5c0bcf,49690aee-94fa-525b-b5ce-92feaf54b957,43,2024-10-08 14:41:01+00
cc79399a-3db4-59ed-8c32-0333a888a171,f711b489-618c-5bc0-89cf-db8fcd5c0bcf,d02cf696-fbfe-56b7-8ff3-89608483ee25,29,2024-10-08 14:41:01+00
9311aa22-4cc7-50e2-bb10-baccab7a88ec,fe6a564e-3a7d-5044-8f17-e60a19a9a812,c7c80e8e-2456-5c4b-97cb-5d6b8aea9e11,35,2024-02-25 16:34:25+00
2c8ae0c6-0278-5f8f-98a4-815027041874,5e0fb35a-b031-507b-ae06-0aeb6b8e4109,515f77ef-9c32-5e75-81c3-2b3795c000f2,38,2024-03-17 09:06:21+00
78785da0-64fc-5a23-a493-1324073bb028,e3420505-1858-5e5d-b12c-b9a7b4b6212f,73148ed3-fbe9-5571-a16d-34fb5520390e,13,2024-01-24 00:32:54+00
2e400113-2c23-59de-8378-062db4d17b0c,6dc98835-cc1b-5cd3-953a-6064ef0d8210,59115f56-acf8-50f7-9dfd-c99816aa2172,38,2024-04-29 17:37:07+00
4bc7eaf4-9a3e-5535-b8e1-78edbfb9b779,68663436-6db3-5389-a2e2-601514330dfe,f3c9e6db-5001-5325-b688-27d1d3fc04c1,59,2024-11-26 13:27:54+00
85e145bc-616c-5dc0-9a84-978a8a7c76fb,68663436-6db3-5389-a2e2-601514330dfe,950c0334-92d4-54ec-b05b-35e20983883c,28,2024-11-26 13:27:54+00
f7ee4f82-0386-5aca-ba49-dbda36a53a5f,68663436-6db3-5389-a2e2-601514330dfe,f40bf37b-20d6-5349-82b6-18cbd1f10e83,53,2024-11-26 13:27:54+00
a3acc050-0066-587a-ac23-6db43f0c8f30,397bcb0c-e7f2-599c-a3d0-b7f78893eafc,59115f56-acf8-50f7-9dfd-c99816aa2172,27,2024-10-10 00:25:16+00
5aec8465-66bc-51b3-9a66-4f49c014a3bc,397bcb0c-e7f2-599c-a3d0-b7f78893eafc,f40bf37b-20d6-5349-82b6-18cbd1f10e83,52,2024-10-10 00:25:16+00
bbd02c3b-ce80-5515-9718-c0beee66b806,397bcb0c-e7f2-599c-a3d0-b7f78893eafc,3ba63656-6a91-5254-8fd9-1b6d20dced02,52,2024-10-10 00:25:16+00
b2faf49b-a4f7-5cc7-b97b-a2e61535c44f,44ec7a71-dfd5-51e2-8cd9-1857d33354d0,7139ebf2-1aff-593d-9366-22949a04fd61,29,2024-12-24 18:34:42+00
6b4ce65a-62c0-525b-a852-6f208492f6c8,e8f9d723-b31c-5244-ae20-89804e41ff5b,eb65b5fa-c2cb-589b-9049-2b6c7bf4d22d,7,2024-10-20 14:06:01+00
4bbf3412-f1b4-5e14-a086-784dcf927728,e779d61b-8445-58ec-a125-e04d7c7f168c,bcd21179-c89f-5095-808a-e72f06c0841d,5,2024-09-23 17:03:55+00
bfe5a5b8-6c8c-552d-878a-e8932fbf9468,e779d61b-8445-58ec-a125-e04d7c7f168c,c388846e-4e3c-5d57-b61f-ed13c7edc4da,23,2024-09-23 17:03:55+00
f0940e3e-b73b-5555-b99a-09b5b700fed0,e779d61b-8445-58ec-a125-e04d7c7f168c,a32d3b40-78a1-5f18-8b90-4dd8cd4ea27b,37,2024-09-23 17:03:55+00
bbbdb115-5b51-5c1b-82d0-4626eba7c923,e779d61b-8445-58ec-a125-e04d7c7f168c,d02cf696-fbfe-56b7-8ff3-89608483ee25,44,2024-09-23 17:03:55+00
cb07f10c-dabd-581f-bb02-756a31b03f4c,ed6d0c70-f43e-5a7e-bc9e-0bf5e772357d,9096801a-a6fd-5ca3-a667-34759b5adb9e,47,2024-01-19 21:00:01+00
4c4d6057-a5b4-5305-9aef-f21828e5a4b5,ed6d0c70-f43e-5a7e-bc9e-0bf5e772357d,a68ed02d-80a0-5ebb-a79e-1ef7c4187de5,17,2024-01-19 21:00:01+00
0df32416-4517-5602-9a0c-f859cc8ccea2,ed6d0c70-f43e-5a7e-bc9e-0bf5e772357d,e3a10959-a74e-5cdd-bd80-3c24836fb062,10,2024-01-19 21:00:01+00
7b2111f3-2327-555a-8bb8-3b5d41f1ff39,ed6d0c70-f43e-5a7e-bc9e-0bf5e772357d,ae16db22-a7d1-5cd3-8409-669d957eb80d,42,2024-01-19 21:00:01+00
6bddfa0d-6d6f-5030-9722-44dd3f0173c4,bccb1699-6dbb-5bf0-8baa-81edf96fe0b6,f3c9e6db-5001-5325-b688-27d1d3fc04c1,16,2024-05-21 19:13:16+00
ff5dc2ab-bbcd-5bcb-9000-063fdd1cffca,7102f4d4-6822-5cb0-95f6-9f55e4730b92,e7c66ad7-b5d3-5271-9438-d4741c6f9cbc,57,2024-02-25 00:20:05+00
555a613e-b151-5cca-a6b2-36c2848e0301,7102f4d4-6822-5cb0-95f6-9f55e4730b92,d6e9c7be-33cb-5851-ab77-08e587828108,49,2024-02-25 00:20:05+00
07d2936d-d414-5b7a-9c44-ac6735a6319b,7102f4d4-6822-5cb0-95f6-9f55e4730b92,ab9d2edf-ae6c-55be-beec-404b29edda19,41,2024-02-25 00:20:05+00
030c588e-0eec-593c-813e-e3f52252f042,40dfd21e-5c55-5693-a6f0-28d7e82fd0e6,ab9d2edf-ae6c-55be-beec-404b29edda19,45,2024-10-22 15:40:03+00
f3a9bd76-809f-5bc6-a77e-5241aca45e93,4d06e2ca-18bd-59ae-99d0-446f7e174f3f,637d71e2-55cf-575a-87f5-1bcee0d0072a,10,2024-10-12 16:36:34+00
39c3cdae-13b6-5dcd-8ad8-eb4fbb182f5a,4d06e2ca-18bd-59ae-99d0-446f7e174f3f,721d117c-620d-5f92-b800-3e89864cc8d3,9,2024-10-12 16:36:34+00
9bbfe3be-f0b2-5cc9-82bd-fe29b1abc623,72b8c6eb-6ab1-512c-a38d-192980168da4,093be7d5-f016-5f2c-b71d-4dce4b0e9514,52,2024-04-01 23:14:55+00
96e424a7-6833-5cc8-93d1-c082c33c8f3b,72b8c6eb-6ab1-512c-a38d-192980168da4,8191a9f6-2263-53f2-a6a6-4c31e81e996e,60,2024-04-01 23:14:55+00
08bcb7fb-6bbd-50a2-b730-6a22f82302c4,07e951bb-ffe7-5457-8d26-4e6fce876faa,474da520-6891-5d9b-ad56-dbc5e963bb3f,5,2024-03-12 10:07:16+00
29efd353-9fd7-5e71-a10d-5df4d5be8508,07e951bb-ffe7-5457-8d26-4e6fce876faa,5e41eef3-c306-5dd1-ab8c-d305ebc7c2d5,7,2024-03-12 10:07:16+00
1ac24fee-78d9-5d17-a742-cecb0bd82a1b,07e951bb-ffe7-5457-8d26-4e6fce876faa,8110e190-2a4b-579b-be2c-511de85ab755,44,2024-03-12 10:07:16+00
bbd4558a-e347-5d69-8297-b9f0d0eb3d84,07e951bb-ffe7-5457-8d26-4e6fce876faa,59115f56-acf8-50f7-9dfd-c99816aa2172,60,2024-03-12 10:07:16+00
6cc9c29d-da1e-5857-86b9-3541afb05b8b,d5492b4f-7267-5cc1-a831-5f1fbaedc60f,cf40a232-f9b9-5adf-afb6-0a981f2ffcf7,39,2024-04-04 00:15:09+00
d4fee8aa-355a-55ab-a2d5-28593bbcd17c,d5492b4f-7267-5cc1-a831-5f1fbaedc60f,571424b7-2fc1-5ceb-8982-7426cc703fff,30,2024-04-04 00:15:09+00
77902d34-48ff-556a-ad7b-910b5d6d38a8,d5492b4f-7267-5cc1-a831-5f1fbaedc60f,c7c80e8e-2456-5c4b-97cb-5d6b8aea9e11,34,2024-04-04 00:15:09+00
e1142ed7-28f2-5d01-891a-71bc300991e3,d5492b4f-7267-5cc1-a831-5f1fbaedc60f,c388846e-4e3c-5d57-b61f-ed13c7edc4da,34,2024-04-04 00:15:09+00
67e3b38d-536c-50a1-a1e3-325bd88da42a,af134852-f8b1-5902-b79c-9d1e9875acc7,4bb3265f-5fd8-5ee9-b01b-7ca5808bca6b,21,2024-10-19 09:22:12+00
6fd76972-fe9d-54d4-b8e5-044da066e4d2,af134852-f8b1-5902-b79c-9d1e9875acc7,70b50d29-9125-53dc-a829-c961b011e429,44,2024-10-19 09:22:12+00
ccc3e89c-e4ac-5772-bb40-ef3e30087c0f,e8e593ae-9ff1-5c8b-be78-85b5c739ab3e,a32a21a2-1fde-52e6-a745-494a810ef82b,33,2024-04-04 23:28:36+00
b80e23d9-87af-54ed-9d52-8d00169e0f60,e8e593ae-9ff1-5c8b-be78-85b5c739ab3e,3f7c929e-b070-5624-afcb-413255a3e8b7,41,2024-04-04 23:28:36+00
461ca837-91c6-5d37-aaa1-44f8cc0b7781,e8e593ae-9ff1-5c8b-be78-85b5c739ab3e,d6481438-ce10-5e85-8b0a-fbc48dcd19e7,51,2024-04-04 23:28:36+00
8863f5fd-ef44-535d-89e5-508f2bfaf69e,e8e593ae-9ff1-5c8b-be78-85b5c739ab3e,8191a9f6-2263-53f2-a6a6-4c31e81e996e,40,2024-04-04 23:28:36+00
900116f9-1736-53ba-aedd-bd93c69452ab,8a783f78-6f40-5ca0-8b05-d76373b9ad6d,093be7d5-f016-5f2c-b71d-4dce4b0e9514,13,2024-07-14 19:10:12+00
e4d6529f-be92-5aa3-b905-10917c1eb82c,8a783f78-6f40-5ca0-8b05-d76373b9ad6d,c388846e-4e3c-5d57-b61f-ed13c7edc4da,39,2024-07-14 19:10:12+00
61f00fc0-ea6d-5a22-8e1b-303788f5edec,8a783f78-6f40-5ca0-8b05-d76373b9ad6d,047edcf5-114c-5342-b495-232fc4aaf6fe,24,2024-07-14 19:10:12+00
d2b89758-c7f8-5b05-9b5a-5b67ac359bac,8a783f78-6f40-5ca0-8b05-d76373b9ad6d,950c0334-92d4-54ec-b05b-35e20983883c,8,2024-07-14 19:10:12+00
c87ecbc3-ab2b-53a2-9552-95516366f411,b271869b-7008-5a4a-a8a4-6fa05a2005a8,7698a25a-a051-53c9-ae74-597da202ffca,21,2024-12-19 18:17:21+00
287b94db-9359-59cb-9c8c-371d358757ef,b271869b-7008-5a4a-a8a4-6fa05a2005a8,ae16db22-a7d1-5cd3-8409-669d957eb80d,40,2024-12-19 18:17:21+00
9b85319d-7ec8-59f9-bc88-d54e136ae924,b271869b-7008-5a4a-a8a4-6fa05a2005a8,d6e9c7be-33cb-5851-ab77-08e587828108,27,2024-12-19 18:17:21+00
9377b29a-f15d-57b9-add6-9bc24bd28d3f,b271869b-7008-5a4a-a8a4-6fa05a2005a8,3ba63656-6a91-5254-8fd9-1b6d20dced02,27,2024-12-19 18:17:21+00
6bf99c2f-f031-550b-950b-4da892db6f6f,6aa6395d-8245-59fb-80ed-be3e69a1f0db,4ccb08b0-f9e0-5e25-89e3-bea409b0d0cb,48,2024-11-06 19:44:21+00
4ca02855-0bf6-599d-a9d3-9f7dc34941a7,6aa6395d-8245-59fb-80ed-be3e69a1f0db,df03a7e9-20ca-5987-a644-76566671155b,10,2024-11-06 19:44:21+00
ad488185-2469-57ba-976d-5386e571b22e,6aa6395d-8245-59fb-80ed-be3e69a1f0db,637d71e2-55cf-575a-87f5-1bcee0d0072a,34,2024-11-06 19:44:21+00
2c215efc-dc69-597e-8bda-7a679a91194d,a8058652-6e91-5d45-bced-f93152640c51,6852d7e8-9827-5aa7-a439-140e7dac645a,10,2024-03-15 18:23:01+00
a9de375a-b335-50d6-a201-42c8b7746850,a8058652-6e91-5d45-bced-f93152640c51,d02cf696-fbfe-56b7-8ff3-89608483ee25,25,2024-03-15 18:23:01+00
e4bab60d-498b-5cbe-a689-871f192e659b,a8058652-6e91-5d45-bced-f93152640c51,43239255-9abf-522a-a0ca-d242c13539cf,50,2024-03-15 18:23:01+00
f38a65e6-ffc5-583e-964d-8e661ff1dae4,a8058652-6e91-5d45-bced-f93152640c51,f40bf37b-20d6-5349-82b6-18cbd1f10e83,22,2024-03-15 18:23:01+00
6f3e8572-92d0-53ec-97b0-268b5e294108,81115d36-be86-506f-ac10-b53532a8bf79,8191a9f6-2263-53f2-a6a6-4c31e81e996e,47,2024-07-05 01:30:44+00
e03e2d1f-c07d-5191-a254-01094523ff28,81115d36-be86-506f-ac10-b53532a8bf79,5b72fcba-23c2-5ea7-9dc2-b32eca367733,18,2024-07-05 01:30:44+00
4772115b-4bd5-5fe3-8b57-e0ad00b14974,e96d7b27-e4f2-575d-8408-fef27e21e7e9,015ee94d-a0dc-5a3a-96b4-4318093cd0c8,21,2024-02-22 17:32:18+00
8250a128-e45f-5c27-a1da-4e6f904eb57c,0d294d58-961a-5d70-83d4-e79ef70649ae,3f7c929e-b070-5624-afcb-413255a3e8b7,38,2024-02-13 22:16:53+00
85688f61-0bff-531e-bff5-f2c904ae267c,0d294d58-961a-5d70-83d4-e79ef70649ae,98f9ed1d-3d10-5a68-a387-66981e9dde59,7,2024-02-13 22:16:53+00
b5d9a4ad-f49f-556a-a09f-ae9c8d547f3f,232eaa90-1f1c-5a2f-bdf2-fa57d340b9d4,a68ed02d-80a0-5ebb-a79e-1ef7c4187de5,43,2024-06-15 23:36:54+00
0e661234-6d11-50c4-9b89-f2e5682adbdc,232eaa90-1f1c-5a2f-bdf2-fa57d340b9d4,950c0334-92d4-54ec-b05b-35e20983883c,32,2024-06-15 23:36:54+00
95c70ec4-780d-5966-bbf5-9ebf220c7ac4,ef3f4feb-db26-5ec2-a186-01d750075877,dbfbb0d5-1eb8-59dd-bad5-834d7a45a348,28,2024-11-24 00:23:42+00
9f7b9541-b119-5279-a9dc-d744ae4646e6,ef3f4feb-db26-5ec2-a186-01d750075877,12d2e257-18af-5ea5-9b8e-109e869b4b9e,24,2024-11-24 00:23:42+00
129209b5-3ada-5d39-a445-1c76e36f847a,ef3f4feb-db26-5ec2-a186-01d750075877,c388846e-4e3c-5d57-b61f-ed13c7edc4da,57,2024-11-24 00:23:42+00
15ef7b1a-a6e1-57ff-9333-418316bfbacb,ef3f4feb-db26-5ec2-a186-01d750075877,fc7fc417-cce4-5f70-a6f1-8ce7a0edf5e9,27,2024-11-24 00:23:42+00
33b94cea-3e9a-5c40-8425-3fd0c3c545e0,9bfc254f-33f2-52be-8f6d-67d28b61c460,43239255-9abf-522a-a0ca-d242c13539cf,43,2024-09-30 16:33:34+00
a6d93643-a145-5e9c-b07a-5e5bba1c1a98,9bfc254f-33f2-52be-8f6d-67d28b61c460,c0f44500-e1d1-59e0-b53b-e0e98b24a7cf,40,2024-09-30 16:33:34+00
bca4ebe5-7ddc-554e-a25a-32765b2e2257,9bfc254f-33f2-52be-8f6d-67d28b61c460,03daeeea-7468-535a-a03a-78f80e9f433f,40,2024-09-30 16:33:34+00
760d9822-1b31-58ef-8b58-f2a4736efdec,9bfc254f-33f2-52be-8f6d-67d28b61c460,9b88c78b-34e7-51c0-8f51-940e61379648,15,2024-09-30 16:33:34+00
9a62053c-4a6e-5c11-b36d-5da4469632ed,4532b191-1d21-5bb1-a117-84714759cd2e,637d71e2-55cf-575a-87f5-1bcee0d0072a,46,2024-10-09 09:28:49+00
dd856195-572b-5995-afde-e38e72d9be0a,4532b191-1d21-5bb1-a117-84714759cd2e,63b368d3-a702-5229-a0eb-00c0e02acf2c,31,2024-10-09 09:28:49+00
64e33dd6-7cfb-571a-91d4-709c6fdbe849,4532b191-1d21-5bb1-a117-84714759cd2e,e3a10959-a74e-5cdd-bd80-3c24836fb062,16,2024-10-09 09:28:49+00
bb797dec-4cb5-5b73-92e7-c7397dd25d71,dd4a3711-0b61-5a38-9ff8-f07c4fdc8f52,5abd18e8-de32-5af1-b593-d3190e9164a5,14,2024-02-26 23:18:34+00
949e1b4b-fc25-547c-ad17-eb55dd06d853,dd4a3711-0b61-5a38-9ff8-f07c4fdc8f52,e7c66ad7-b5d3-5271-9438-d4741c6f9cbc,6,2024-02-26 23:18:34+00
9750efd3-9abf-5100-8f4e-32a5b963bc53,dd4a3711-0b61-5a38-9ff8-f07c4fdc8f52,015ee94d-a0dc-5a3a-96b4-4318093cd0c8,23,2024-02-26 23:18:34+00
3de9ff88-eeb5-5ca4-a882-71d45bbd255d,727386ee-6e70-5f2b-a355-ee5fe7ac3817,dbfbb0d5-1eb8-59dd-bad5-834d7a45a348,55,2024-08-12 16:10:17+00
2255b40a-2234-5539-8ec2-b433183ceb29,727386ee-6e70-5f2b-a355-ee5fe7ac3817,8110e190-2a4b-579b-be2c-511de85ab755,34,2024-08-12 16:10:17+00
a32eff4f-575b-5c9a-beaf-c745136ba053,727386ee-6e70-5f2b-a355-ee5fe7ac3817,b8b98483-157a-5ddb-81bf-f65f95613caa,26,2024-08-12 16:10:17+00
47604a40-df18-5951-8d09-2b44e4593e64,727386ee-6e70-5f2b-a355-ee5fe7ac3817,87bd34d0-75d8-568d-abd0-77f535fdb719,8,2024-08-12 16:10:17+00
8a9e19f3-2a5f-5e38-97b6-6ebafc42d410,698b82ad-9ab8-5d0a-81e1-5a7067e51192,dfaf50bf-7ed8-5e30-b115-e55c44d8e0c1,12,2024-07-19 17:12:23+00
25857084-9cc8-5b21-b84a-a2ef800f4df4,698b82ad-9ab8-5d0a-81e1-5a7067e51192,9b88c78b-34e7-51c0-8f51-940e61379648,29,2024-07-19 17:12:23+00
bce36bab-adfe-5765-aa2b-bf2063c34483,698b82ad-9ab8-5d0a-81e1-5a7067e51192,bcd21179-c89f-5095-808a-e72f06c0841d,20,2024-07-19 17:12:23+00
e7bf7b2c-a160-5054-b773-c2a896ae7e7a,698b82ad-9ab8-5d0a-81e1-5a7067e51192,b8b98483-157a-5ddb-81bf-f65f95613caa,17,2024-07-19 17:12:23+00
70f11533-c0cd-505f-8b70-89336ab5de82,27756096-0b43-5441-8208-f841e7486d4a,4bb3265f-5fd8-5ee9-b01b-7ca5808bca6b,38,2024-10-16 14:21:18+00
e5b816af-33e0-51c4-b922-ea3369d8a478,ea69d3a5-c906-5ca8-93d2-c4022e3d9e00,515f77ef-9c32-5e75-81c3-2b3795c000f2,25,2024-09-03 20:03:33+00
38209003-da46-5ef0-ba3f-b6b5dbb98b01,ea69d3a5-c906-5ca8-93d2-c4022e3d9e00,a32a21a2-1fde-52e6-a745-494a810ef82b,42,2024-09-03 20:03:33+00
f7596730-4091-5e11-9a23-ecfc9484498b,f4b312a6-69eb-5967-8270-c783c33aacaf,7139ebf2-1aff-593d-9366-22949a04fd61,36,2024-03-26 15:40:42+00
45220d6a-4455-5d14-9431-35c4e5357bb2,f4b312a6-69eb-5967-8270-c783c33aacaf,2c21421b-d3c2-55c3-8144-0c1f6b3e4f6a,26,2024-03-26 15:40:42+00
2b8b9ba2-960d-5a30-9ead-c7c0d782f8be,7e6c0407-ff00-53ab-9340-49cb1f9468c1,047edcf5-114c-5342-b495-232fc4aaf6fe,19,2024-11-16 16:44:00+00
ee9657a3-6a54-5a0e-98f5-2b7f803ddca2,7e6c0407-ff00-53ab-9340-49cb1f9468c1,ae16db22-a7d1-5cd3-8409-669d957eb80d,55,2024-11-16 16:44:00+00
e66cad79-c473-589e-aa43-44054badbfef,6cd7caf1-ba8a-55a5-a468-b383efd01892,bcd21179-c89f-5095-808a-e72f06c0841d,40,2024-09-23 14:24:27+00
e14e4187-383c-5406-8419-7704da822fc0,6cd7caf1-ba8a-55a5-a468-b383efd01892,047edcf5-114c-5342-b495-232fc4aaf6fe,17,2024-09-23 14:24:27+00
c4ce978b-508c-5bd5-ae97-2d87bc025306,6cd7caf1-ba8a-55a5-a468-b383efd01892,5e41eef3-c306-5dd1-ab8c-d305ebc7c2d5,27,2024-09-23 14:24:27+00
20e4854e-49e0-5609-b7e7-92dce1c068e1,6cd7caf1-ba8a-55a5-a468-b383efd01892,ef9ef5f5-f4f4-5cf3-8420-397a6fcbf152,22,2024-09-23 14:24:27+00
1b106a66-4572-562d-98f6-41e094cf2867,7e9da82f-b170-5e39-9691-3dfb1489412d,49690aee-94fa-525b-b5ce-92feaf54b957,5,2024-11-03 00:36:15+00
45b88b71-f5b9-5677-81a5-bad193943b70,7e9da82f-b170-5e39-9691-3dfb1489412d,cf629a09-093e-5b99-8bf4-da2438fa51c4,29,2024-11-03 00:36:15+00
d282774e-1faf-5a5c-a5c2-0ff418f457a9,7e9da82f-b170-5e39-9691-3dfb1489412d,5abd18e8-de32-5af1-b593-d3190e9164a5,44,2024-11-03 00:36:15+00
e72216e3-1417-560f-b4d8-4bd90f2dce59,3797a0ec-8d8f-56c6-830a-fbc26e69bad0,6feb3ffe-e89f-55ab-81d5-d9b136a73c27,48,2024-11-13 19:04:19+00
b76b445f-0b53-59c2-bd83-9e7ccbac32b5,3797a0ec-8d8f-56c6-830a-fbc26e69bad0,4bb3265f-5fd8-5ee9-b01b-7ca5808bca6b,14,2024-11-13 19:04:19+00
c98b04e2-e215-594b-b276-66b64a33dbb3,fa08e56e-6efc-568a-8a38-123616fb447a,b8b98483-157a-5ddb-81bf-f65f95613caa,143,2024-09-04 16:44:58+00
0df85d02-6653-58b7-84b4-ffd361cc887c,fa08e56e-6efc-568a-8a38-123616fb447a,5e2cc5fc-7d5b-5bba-ad99-4412ab325860,90,2024-09-04 16:44:58+00
ca35b0e9-8b67-5148-a46c-ad6ce6c71e10,8230415c-a22d-5cfe-ab27-954cd177d8d3,1b8e1d0e-392d-5e23-854a-832f0d6ac35d,19,2024-11-24 22:35:53+00
e8f9450a-6970-5bc5-84d0-4376ec7e34c2,c705a2ee-64f5-53fb-bdc1-4e0ad0823819,ae16db22-a7d1-5cd3-8409-669d957eb80d,52,2024-10-21 15:05:27+00
581988c8-4b6b-5d4b-a538-6a5b32cd7bbf,c705a2ee-64f5-53fb-bdc1-4e0ad0823819,72067051-48fc-5737-a00c-93c490bd0b34,57,2024-10-21 15:05:27+00
793225bd-6065-5570-bb6b-305519ce0a1d,c705a2ee-64f5-53fb-bdc1-4e0ad0823819,0f7722fa-332a-5a19-922d-1d9cab8dda65,57,2024-10-21 15:05:27+00
1c1d6637-c882-59c6-9846-3965d401ea8b,ef165ecf-da08-5841-9714-dc5e0d6ea331,d6481438-ce10-5e85-8b0a-fbc48dcd19e7,51,2024-09-27 16:20:44+00
17630407-5d97-5e2e-b5c2-07550f5c3919,c8505929-97af-541e-8299-07e58047d4f5,015ee94d-a0dc-5a3a-96b4-4318093cd0c8,54,2024-07-16 19:44:50+00
20f2a548-2757-5812-9722-202e3a5739ea,c8505929-97af-541e-8299-07e58047d4f5,9096801a-a6fd-5ca3-a667-34759b5adb9e,48,2024-07-16 19:44:50+00
b25ffca8-5780-5630-a3cc-23c86527035d,c8505929-97af-541e-8299-07e58047d4f5,73148ed3-fbe9-5571-a16d-34fb5520390e,11,2024-07-16 19:44:50+00
3d843c37-632e-5f01-93db-4d948326ad0f,c8505929-97af-541e-8299-07e58047d4f5,8243c793-3801-5a72-86e5-9ab29d8d498d,40,2024-07-16 19:44:50+00
34a8d937-bb89-58c9-879f-6b6ddbb2f864,27cc0814-1349-5638-89f4-07be23423d12,8110e190-2a4b-579b-be2c-511de85ab755,31,2024-06-21 18:40:57+00
f34925f9-91e8-5cd4-9d57-9d1266176815,27cc0814-1349-5638-89f4-07be23423d12,515f77ef-9c32-5e75-81c3-2b3795c000f2,57,2024-06-21 18:40:57+00
03771681-fddb-5d3e-809f-a29b8f716870,27cc0814-1349-5638-89f4-07be23423d12,eb65b5fa-c2cb-589b-9049-2b6c7bf4d22d,20,2024-06-21 18:40:57+00
f0eb5787-63e4-5246-bf64-49bee18228fe,ee5c7cb4-4857-5892-b155-4958aa1984d5,637d71e2-55cf-575a-87f5-1bcee0d0072a,43,2024-11-09 13:30:53+00
ec81ea92-e922-582b-896f-201add8951ad,318ac1c4-ea53-509a-8965-5fe2bd4e79ea,4bb3265f-5fd8-5ee9-b01b-7ca5808bca6b,37,2024-03-10 20:15:08+00
c22cb5ff-fe43-56f9-bc40-99cc3a220bb9,318ac1c4-ea53-509a-8965-5fe2bd4e79ea,59115f56-acf8-50f7-9dfd-c99816aa2172,14,2024-03-10 20:15:08+00
e3e93a24-771e-5020-a10e-512558a395ec,318ac1c4-ea53-509a-8965-5fe2bd4e79ea,49690aee-94fa-525b-b5ce-92feaf54b957,27,2024-03-10 20:15:08+00
5302bb46-c2a1-55bc-bbe4-9886daec4f6e,51c1a199-00f2-502f-8542-4846e9a487e8,6852d7e8-9827-5aa7-a439-140e7dac645a,51,2024-10-08 12:20:30+00
98cdb4d7-7492-5566-ab16-bb1eeed9dc55,51c1a199-00f2-502f-8542-4846e9a487e8,cf40a232-f9b9-5adf-afb6-0a981f2ffcf7,16,2024-10-08 12:20:30+00
ba687676-cfef-53f1-aa89-e9435c9595da,ecd96083-46db-5bff-9369-1d3c809c5879,0f7722fa-332a-5a19-922d-1d9cab8dda65,54,2024-09-20 12:02:33+00
ca8034da-a2f7-5543-8654-abe4fdf35ef5,c0b98686-6848-51ad-af7d-5334f711a65d,6e22d3ea-9fc0-56fa-a367-352e633df40c,24,2024-09-25 11:44:33+00
ee558fcc-85c6-5fff-b980-be73064cb411,c0b98686-6848-51ad-af7d-5334f711a65d,76ce6f91-8d47-5bfd-a8a9-b086d8728beb,39,2024-09-25 11:44:33+00
892dd3d2-108d-5754-ab26-0c76bc868ce6,c0b98686-6848-51ad-af7d-5334f711a65d,4ccb08b0-f9e0-5e25-89e3-bea409b0d0cb,37,2024-09-25 11:44:33+00
4d0184ca-a760-51b7-b660-a4fc31e2b59a,c0b98686-6848-51ad-af7d-5334f711a65d,12d2e257-18af-5ea5-9b8e-109e869b4b9e,8,2024-09-25 11:44:33+00
2792e1e1-2d51-5c55-9412-0e2fa36b355f,3ff9438f-60ee-5f4f-9974-226b530d039f,3f7c929e-b070-5624-afcb-413255a3e8b7,26,2024-03-17 09:15:09+00
4e4588fd-a277-547b-ab70-17a6b3dd708a,3ff9438f-60ee-5f4f-9974-226b530d039f,59115f56-acf8-50f7-9dfd-c99816aa2172,52,2024-03-17 09:15:09+00
fb83d678-3df6-5fca-be28-782045415c31,4ba49f9c-0219-50eb-82f4-026538aacde0,cf40a232-f9b9-5adf-afb6-0a981f2ffcf7,40,2024-07-23 20:34:15+00
96a76699-3be3-57ab-8a18-68785098d5a2,4ba49f9c-0219-50eb-82f4-026538aacde0,f40bf37b-20d6-5349-82b6-18cbd1f10e83,46,2024-07-23 20:34:15+00
35bb526e-8a94-5c1f-b49c-7dc4ee9ffe7e,57772de2-333f-59c0-8903-729cd8c31d09,4ccb08b0-f9e0-5e25-89e3-bea409b0d0cb,48,2024-10-15 01:35:47+00
e2b2f1b2-7bf3-5a70-8583-294b7df28962,57772de2-333f-59c0-8903-729cd8c31d09,c914dcac-18fe-5928-87c0-80e93bb776c2,12,2024-10-15 01:35:47+00
14603f0e-8f64-5f5d-bac2-0ecaa60ca562,57772de2-333f-59c0-8903-729cd8c31d09,73148ed3-fbe9-5571-a16d-34fb5520390e,28,2024-10-15 01:35:47+00
3fe4223d-44c9-52e5-aa1e-d5b098afafbc,57772de2-333f-59c0-8903-729cd8c31d09,4ccb08b0-f9e0-5e25-89e3-bea409b0d0cb,27,2024-10-15 01:35:47+00
1e467d9b-84a1-5ef6-bb6a-b3674f837281,5ae9b4cc-80b5-592b-97dc-f2f69b9cc98c,bcd21179-c89f-5095-808a-e72f06c0841d,7,2024-01-13 20:23:52+00
41b226d8-719a-569e-986b-1a8ce6088493,5ae9b4cc-80b5-592b-97dc-f2f69b9cc98c,d02cf696-fbfe-56b7-8ff3-89608483ee25,17,2024-01-13 20:23:52+00
ef5c4f0c-92ee-59cb-894f-16b20d4b1646,47f7be99-927f-57e0-94d7-d2c11de3f9d2,dfaf50bf-7ed8-5e30-b115-e55c44d8e0c1,26,2024-03-20 17:03:43+00
6ccb90c9-8a21-5af6-836f-d27c6cbbc1ff,47f7be99-927f-57e0-94d7-d2c11de3f9d2,a4acb526-e0ea-590e-9293-ff9e90059c15,24,2024-03-20 17:03:43+00
bd37e0ce-3635-56a0-9402-4063dc97f248,47f7be99-927f-57e0-94d7-d2c11de3f9d2,5abd18e8-de32-5af1-b593-d3190e9164a5,26,2024-03-20 17:03:43+00
26759314-7bde-5519-9965-03d98b627889,a842e933-68ef-58b4-aa79-6179d381f731,5abd18e8-de32-5af1-b593-d3190e9164a5,29,2024-10-02 19:35:43+00
ec350b8d-4716-52fb-9d14-ab3306c1ad15,a842e933-68ef-58b4-aa79-6179d381f731,6feb3ffe-e89f-55ab-81d5-d9b136a73c27,7,2024-10-02 19:35:43+00
bfe207ee-8caf-5f44-8fb0-e10468fc5946,21169911-4002-510b-ad30-814174d16090,e3a10959-a74e-5cdd-bd80-3c24836fb062,29,2024-01-31 20:42:11+00
14b6b917-d844-5fe6-91d6-8fd812fc39cb,7efe7313-07c0-5cae-bd81-76f4b0bc1787,76ce6f91-8d47-5bfd-a8a9-b086d8728beb,36,2024-09-10 14:15:46+00
304153fe-45c8-500e-a38a-cc7ad2079be5,f85e6822-863e-5038-abf6-3dfc92011663,ebdcc5e9-63c3-5a52-9521-f031c6154feb,20,2024-09-29 17:34:10+00
d1802256-d6ec-50c7-9bf8-abcd350f242c,3910043d-c4e4-5d93-be8b-290544be7e24,6a379419-7f07-55f2-a7a1-c92bb24d1f27,20,2024-06-05 21:10:43+00
e87e2ece-0429-5dea-b5ee-666ecc8010a9,3910043d-c4e4-5d93-be8b-290544be7e24,cf629a09-093e-5b99-8bf4-da2438fa51c4,22,2024-06-05 21:10:43+00
8a3bbedc-e1b6-51e4-87f6-cf2bb9fc5c24,3910043d-c4e4-5d93-be8b-290544be7e24,d6e9c7be-33cb-5851-ab77-08e587828108,29,2024-06-05 21:10:43+00
a52b8d92-3553-5b53-aac7-85fd1f8e2841,729068b9-25cc-5b03-b52a-a0513ce68f65,c388846e-4e3c-5d57-b61f-ed13c7edc4da,48,2024-10-05 13:26:49+00
53868f06-fe22-5a6c-978e-017047afba3a,729068b9-25cc-5b03-b52a-a0513ce68f65,d02cf696-fbfe-56b7-8ff3-89608483ee25,31,2024-10-05 13:26:49+00
475e95de-b7f8-5752-bc21-faf7e15ec5ad,729068b9-25cc-5b03-b52a-a0513ce68f65,12d2e257-18af-5ea5-9b8e-109e869b4b9e,32,2024-10-05 13:26:49+00
81b54b83-3a66-5be1-93fe-2063366de3a5,729068b9-25cc-5b03-b52a-a0513ce68f65,eb65b5fa-c2cb-589b-9049-2b6c7bf4d22d,26,2024-10-05 13:26:49+00
32f56418-c44e-5a00-8afc-75eb17340e50,4cf334f8-d0ba-56db-881d-a14ebc02ef19,dbfbb0d5-1eb8-59dd-bad5-834d7a45a348,49,2024-03-08 19:39:39+00
922d9ff0-602f-525c-96d6-382cf562c8b9,4cf334f8-d0ba-56db-881d-a14ebc02ef19,6feb3ffe-e89f-55ab-81d5-d9b136a73c27,13,2024-03-08 19:39:39+00
c0981414-696e-5142-84ba-ed259ddb011a,92cc7a9a-e7f4-5f78-9e89-e52a9348c2ef,98f9ed1d-3d10-5a68-a387-66981e9dde59,53,2024-09-03 16:36:23+00
f04ee66c-d98a-5787-8104-7c8b17fc1325,92cc7a9a-e7f4-5f78-9e89-e52a9348c2ef,03daeeea-7468-535a-a03a-78f80e9f433f,31,2024-09-03 16:36:23+00
14ffe19a-f759-5615-aac0-074501b36c4b,d5a124b0-7fb3-5c09-9157-1dcd42e895c0,eb65b5fa-c2cb-589b-9049-2b6c7bf4d22d,41,2024-11-22 20:12:49+00
336f9b4b-03a6-5dd3-86fd-1d88cf00dbac,d5a124b0-7fb3-5c09-9157-1dcd42e895c0,a32d3b40-78a1-5f18-8b90-4dd8cd4ea27b,19,2024-11-22 20:12:49+00
dc672bfb-36d6-5e88-9654-2c77feb53182,d5a124b0-7fb3-5c09-9157-1dcd42e895c0,98f9ed1d-3d10-5a68-a387-66981e9dde59,27,2024-11-22 20:12:49+00
6fa889e8-f823-54bb-b502-088d5e0fa594,fbf76eae-d99e-5766-9517-b15d5a00ea4d,85ee2954-52d3-5ec2-8fea-0575175559ac,36,2024-09-01 18:41:16+00
9152083d-e295-5fbc-9cda-55bc34b09ea7,fbf76eae-d99e-5766-9517-b15d5a00ea4d,7139ebf2-1aff-593d-9366-22949a04fd61,17,2024-09-01 18:41:16+00
cee4b8b7-0358-5227-8619-1f4a575670b4,664bf108-afb9-51a0-9798-72d8baed242c,4ccb08b0-f9e0-5e25-89e3-bea409b0d0cb,60,2024-10-08 11:13:57+00
5e57f342-d07a-5079-a61b-6f4b8a85aeae,664bf108-afb9-51a0-9798-72d8baed242c,9b88c78b-34e7-51c0-8f51-940e61379648,32,2024-10-08 11:13:57+00
569ff651-a881-55ae-a262-50a46f95bd6e,664bf108-afb9-51a0-9798-72d8baed242c,ebdcc5e9-63c3-5a52-9521-f031c6154feb,43,2024-10-08 11:13:57+00
e5d3879e-498e-5742-9d73-d50da73fd90a,664bf108-afb9-51a0-9798-72d8baed242c,ab9d2edf-ae6c-55be-beec-404b29edda19,51,2024-10-08 11:13:57+00
cb643b2f-7670-560d-87a5-a85081461f75,0b5eac4a-6f82-5bcf-800a-065497ad4d8b,df03a7e9-20ca-5987-a644-76566671155b,34,2024-11-10 01:35:51+00
a9007f46-a1b4-50b8-8ceb-7b5aac7f3646,671d70e5-731e-5537-aa03-2dad6e448aa6,5e2cc5fc-7d5b-5bba-ad99-4412ab325860,189,2024-01-22 19:27:00+00
33d90f28-c0bb-5b34-8213-630952db0f8e,f281d982-d98c-5cb0-9a56-cc0f9871ccd6,ef9ef5f5-f4f4-5cf3-8420-397a6fcbf152,58,2024-06-04 20:28:50+00
bb08d214-36ff-5a44-be57-f868ca708ab6,f281d982-d98c-5cb0-9a56-cc0f9871ccd6,c914dcac-18fe-5928-87c0-80e93bb776c2,51,2024-06-04 20:28:50+00
92bb18cf-81c8-5dbe-a64e-cdc4f5e7a701,d9c90b47-6547-560b-9d46-3fe8a70df90a,49690aee-94fa-525b-b5ce-92feaf54b957,42,2024-11-18 10:26:50+00
e8662156-021f-5179-9877-fdf2cf66fafb,d9c90b47-6547-560b-9d46-3fe8a70df90a,ce143825-d54b-50ec-92fe-c61fdb5ae610,34,2024-11-18 10:26:50+00
5c2a4aeb-f128-55ea-aae5-ee0d57b3fb1d,bc0041bb-2bb3-54c8-a987-dbf07a791031,5bfb3415-c6ae-5fa3-a84b-8a98a543ab9a,44,2024-09-03 09:30:40+00
baa415a0-82dd-5f4f-8386-96829bf3b1e3,bc0041bb-2bb3-54c8-a987-dbf07a791031,ab9d2edf-ae6c-55be-beec-404b29edda19,40,2024-09-03 09:30:40+00
3eb89571-16dd-5da0-bf4d-7fde2e18dfab,bc0041bb-2bb3-54c8-a987-dbf07a791031,48b59f70-e096-547d-97be-0afd9e0ef1f4,26,2024-09-03 09:30:40+00
340d0232-1f25-5841-9546-0e8ca0103ae3,bc0041bb-2bb3-54c8-a987-dbf07a791031,12d2e257-18af-5ea5-9b8e-109e869b4b9e,15,2024-09-03 09:30:40+00
3541372f-61fa-5e8c-95a6-8b722edbccf3,71c9448d-68dd-563b-a3c1-754418fdcdad,8243c793-3801-5a72-86e5-9ab29d8d498d,12,2024-04-01 16:21:07+00
688ff068-3857-5e65-9245-a006500c103d,71c9448d-68dd-563b-a3c1-754418fdcdad,ce143825-d54b-50ec-92fe-c61fdb5ae610,5,2024-04-01 16:21:07+00
67f06983-bc63-5bee-b42c-e53cf8dc8c0a,71c9448d-68dd-563b-a3c1-754418fdcdad,d6e9c7be-33cb-5851-ab77-08e587828108,5,2024-04-01 16:21:07+00
a1fc6d51-d93c-59af-9e42-38d8d04f29bf,02eec6cd-1c32-5a22-b1b1-f4d849a95071,49690aee-94fa-525b-b5ce-92feaf54b957,31,2024-09-13 00:41:30+00
7f2f19f3-8214-547c-86ac-515c85dc8834,02eec6cd-1c32-5a22-b1b1-f4d849a95071,a32d3b40-78a1-5f18-8b90-4dd8cd4ea27b,43,2024-09-13 00:41:30+00
b4d7b5c8-8588-5202-a2bd-cd00a578bfd9,02eec6cd-1c32-5a22-b1b1-f4d849a95071,4bb3265f-5fd8-5ee9-b01b-7ca5808bca6b,22,2024-09-13 00:41:30+00
300a0216-9cdb-5208-acf1-56d2fdf08e59,02eec6cd-1c32-5a22-b1b1-f4d849a95071,ae16db22-a7d1-5cd3-8409-669d957eb80d,57,2024-09-13 00:41:30+00
3b799a98-ed2e-5d34-bc34-b35886b417ec,a84402f3-483f-5d70-9016-10ea8ca8af66,7698a25a-a051-53c9-ae74-597da202ffca,84,2024-01-26 18:44:35+00
00ba5378-15a8-562c-a2ce-92da6aea6fc5,a84402f3-483f-5d70-9016-10ea8ca8af66,72067051-48fc-5737-a00c-93c490bd0b34,131,2024-01-26 18:44:35+00
06c92f67-3b21-55a9-b3a7-6f963b0b316f,a84402f3-483f-5d70-9016-10ea8ca8af66,637d71e2-55cf-575a-87f5-1bcee0d0072a,352,2024-01-26 18:44:35+00
a473fd8d-f8c1-5e0b-a05e-32330d615b53,5f1733f5-4105-59b2-a257-8f4695b0f65e,b8b98483-157a-5ddb-81bf-f65f95613caa,10,2024-12-25 01:38:22+00
eda42310-75b0-510b-8bf1-1b7aedfc3eec,5f1733f5-4105-59b2-a257-8f4695b0f65e,4ccb08b0-f9e0-5e25-89e3-bea409b0d0cb,28,2024-12-25 01:38:22+00
afb073ed-e44b-5bd1-9340-718266aafa4a,5f1733f5-4105-59b2-a257-8f4695b0f65e,e3a10959-a74e-5cdd-bd80-3c24836fb062,53,2024-12-25 01:38:22+00
bb113134-af68-5cb5-9a91-cb8c57ae9c6e,0ea1e92e-fc14-53f1-b01f-c52bc2c04e5c,6feb3ffe-e89f-55ab-81d5-d9b136a73c27,31,2024-10-08 17:09:11+00
d9472226-d9c7-5d75-8336-958ab30eadc8,0ea1e92e-fc14-53f1-b01f-c52bc2c04e5c,22326882-02d4-5cec-806a-1e1016a55411,44,2024-10-08 17:09:11+00
dd4be76a-2a53-5b07-aa08-aa4319950a16,0ea1e92e-fc14-53f1-b01f-c52bc2c04e5c,59115f56-acf8-50f7-9dfd-c99816aa2172,51,2024-10-08 17:09:11+00
4c578f0e-8be3-5812-ba60-f9af7673c58b,216572ae-8b79-5e68-90d1-3a55f890ffd0,f3c9e6db-5001-5325-b688-27d1d3fc04c1,38,2024-09-27 17:41:17+00
3c6cfa15-c145-5de8-b24f-ccb59610c82d,216572ae-8b79-5e68-90d1-3a55f890ffd0,2c21421b-d3c2-55c3-8144-0c1f6b3e4f6a,27,2024-09-27 17:41:17+00
ce4f64c3-d630-5d37-bd6c-062a27cffab9,216572ae-8b79-5e68-90d1-3a55f890ffd0,474da520-6891-5d9b-ad56-dbc5e963bb3f,41,2024-09-27 17:41:17+00
d27ced21-f56e-5c1a-90e3-fcb092fa33f7,94832821-89f5-55e1-9993-76b996b20199,c0f44500-e1d1-59e0-b53b-e0e98b24a7cf,12,2024-11-19 23:12:16+00
f3d39802-1f37-59b7-94e5-c825a44ef12f,94832821-89f5-55e1-9993-76b996b20199,3ba63656-6a91-5254-8fd9-1b6d20dced02,52,2024-11-19 23:12:16+00
3f8213e8-facb-59d1-a4f7-94bc37fcb581,9d0671eb-b714-5395-8d14-e3ea3d21b219,dfaf50bf-7ed8-5e30-b115-e55c44d8e0c1,45,2024-11-11 22:22:47+00
64a58c7f-3a99-5da0-979e-0a4dfea5d4cf,9d0671eb-b714-5395-8d14-e3ea3d21b219,637d71e2-55cf-575a-87f5-1bcee0d0072a,21,2024-11-11 22:22:47+00
75677447-2578-5f36-86f9-632ac5b61f2f,3ea92ec0-42d5-5d1b-ae77-39d6b657fd3d,721d117c-620d-5f92-b800-3e89864cc8d3,242,2024-06-06 20:22:06+00
55035405-88df-542c-b414-b2fce86831d4,3ea92ec0-42d5-5d1b-ae77-39d6b657fd3d,474da520-6891-5d9b-ad56-dbc5e963bb3f,54,2024-06-06 20:22:06+00
cd92d3e0-669d-59a0-8850-594a39f63053,3ea92ec0-42d5-5d1b-ae77-39d6b657fd3d,5e2cc5fc-7d5b-5bba-ad99-4412ab325860,209,2024-06-06 20:22:06+00
604bea0b-89db-52c9-acb9-79adf0a1578a,6538d7a5-9ad6-5eef-890a-9b6fa8453b35,ef9ef5f5-f4f4-5cf3-8420-397a6fcbf152,55,2024-09-21 10:32:52+00
2eda1e68-2510-521f-86bd-eb60aed59e2f,6538d7a5-9ad6-5eef-890a-9b6fa8453b35,0f7722fa-332a-5a19-922d-1d9cab8dda65,58,2024-09-21 10:32:52+00
ac8103fa-3d37-5570-b45d-98065cc1176c,6538d7a5-9ad6-5eef-890a-9b6fa8453b35,950c0334-92d4-54ec-b05b-35e20983883c,51,2024-09-21 10:32:52+00
d6b0746c-2b80-528a-9800-9e96e42a3f50,45a932e8-ec22-55b1-92a2-aa8045d8fd5b,12d2e257-18af-5ea5-9b8e-109e869b4b9e,22,2024-10-12 00:39:25+00
3943ba51-f382-5968-bd5e-f26385755a5c,e79dd0b4-9046-5f0d-8081-7dd2fa0d8864,b8b98483-157a-5ddb-81bf-f65f95613caa,22,2024-10-19 17:26:35+00
16f8c98c-6ca8-54ca-bc2d-4382d48a6967,e79dd0b4-9046-5f0d-8081-7dd2fa0d8864,093be7d5-f016-5f2c-b71d-4dce4b0e9514,20,2024-10-19 17:26:35+00
cbcef42d-8691-5d6e-8c67-5626db3b23a3,e79dd0b4-9046-5f0d-8081-7dd2fa0d8864,6a379419-7f07-55f2-a7a1-c92bb24d1f27,18,2024-10-19 17:26:35+00
fb639da0-d9ed-5f38-bab2-1c2dfcea36db,2f3e6150-2030-5312-b5be-7c952c956129,cf629a09-093e-5b99-8bf4-da2438fa51c4,6,2024-03-30 17:02:33+00
d0dcd6c7-4482-5f10-94aa-60b1a3dd4aec,2f3e6150-2030-5312-b5be-7c952c956129,cf629a09-093e-5b99-8bf4-da2438fa51c4,14,2024-03-30 17:02:33+00
3a0a6b93-f17f-5aa6-9528-23300403b7ba,2f3e6150-2030-5312-b5be-7c952c956129,cf40a232-f9b9-5adf-afb6-0a981f2ffcf7,51,2024-03-30 17:02:33+00
8a0cf859-1904-5fdd-afcf-f620844675e8,2f3e6150-2030-5312-b5be-7c952c956129,dbfbb0d5-1eb8-59dd-bad5-834d7a45a348,54,2024-03-30 17:02:33+00
e7723141-9933-59f8-b85f-2757dd1abafa,9394cb8e-5b2a-5fee-87de-ab0297ef1c3c,c0f44500-e1d1-59e0-b53b-e0e98b24a7cf,24,2024-10-07 08:31:21+00
2a4052e7-3e13-586c-86b2-765e6a409a76,d305d64d-19d9-5552-b52e-50ab7dc40aef,5abd18e8-de32-5af1-b593-d3190e9164a5,41,2024-09-15 08:07:02+00
190bea5d-2bef-522c-814b-41a2e39cb5db,d305d64d-19d9-5552-b52e-50ab7dc40aef,22326882-02d4-5cec-806a-1e1016a55411,25,2024-09-15 08:07:02+00
2c01a2c3-b1bb-5d9d-909f-1867b8b1c4a0,d305d64d-19d9-5552-b52e-50ab7dc40aef,637d71e2-55cf-575a-87f5-1bcee0d0072a,22,2024-09-15 08:07:02+00
4ddaf982-4af2-576b-b8bb-2db4aed54290,31ee60f7-196a-5b5f-8531-ae1be809eec4,22326882-02d4-5cec-806a-1e1016a55411,39,2024-08-13 17:10:45+00
3a53f504-90e2-500f-be7e-2ec2098285c8,60bc014a-e5c4-5b21-8d28-c4531e341302,474da520-6891-5d9b-ad56-dbc5e963bb3f,26,2024-06-12 20:19:20+00
10507179-d6dd-5212-85dd-60495a22f740,60bc014a-e5c4-5b21-8d28-c4531e341302,6e22d3ea-9fc0-56fa-a367-352e633df40c,13,2024-06-12 20:19:20+00
76cf7cd9-8168-5f2a-9ae3-eddbad8154eb,60bc014a-e5c4-5b21-8d28-c4531e341302,6e22d3ea-9fc0-56fa-a367-352e633df40c,11,2024-06-12 20:19:20+00
59040c8f-de2c-5cc9-bf35-27c196232a94,cc28b926-0156-5a6d-b0f2-ffc85738c7a1,474da520-6891-5d9b-ad56-dbc5e963bb3f,27,2024-02-14 22:40:41+00
408aac09-c798-527e-a5e0-0ead511ff841,cc28b926-0156-5a6d-b0f2-ffc85738c7a1,ce143825-d54b-50ec-92fe-c61fdb5ae610,50,2024-02-14 22:40:41+00
96536521-c033-568b-88bd-1123e6e96b96,cc28b926-0156-5a6d-b0f2-ffc85738c7a1,e7c66ad7-b5d3-5271-9438-d4741c6f9cbc,10,2024-02-14 22:40:41+00
467cbaa5-3bf4-50a1-926b-c6e097cf2cec,cc28b926-0156-5a6d-b0f2-ffc85738c7a1,ef9ef5f5-f4f4-5cf3-8420-397a6fcbf152,41,2024-02-14 22:40:41+00
5b57f39b-a980-5b12-8311-857fad6d1a15,0cbd664c-b630-5c41-b886-309ae359b9ec,d02cf696-fbfe-56b7-8ff3-89608483ee25,19,2024-12-23 23:21:11+00
bded9a99-3bc1-58d8-b490-da16ef4f53bb,0cbd664c-b630-5c41-b886-309ae359b9ec,474da520-6891-5d9b-ad56-dbc5e963bb3f,21,2024-12-23 23:21:11+00
aad1f4cd-d3dc-5341-9bc3-89c5deb7b399,0cbd664c-b630-5c41-b886-309ae359b9ec,f40bf37b-20d6-5349-82b6-18cbd1f10e83,16,2024-12-23 23:21:11+00
31f9af94-3aca-5c57-8c4f-1aa3104dc6f2,0cbd664c-b630-5c41-b886-309ae359b9ec,7698a25a-a051-53c9-ae74-597da202ffca,55,2024-12-23 23:21:11+00
4f77280b-15c0-5387-a09e-165da717bfd9,d0add9b0-0aa6-51e4-80e7-7e8973495e0b,48b59f70-e096-547d-97be-0afd9e0ef1f4,23,2024-06-15 23:04:27+00
4b357754-ddee-5210-aebf-08b8724a3357,d0add9b0-0aa6-51e4-80e7-7e8973495e0b,eb65b5fa-c2cb-589b-9049-2b6c7bf4d22d,41,2024-06-15 23:04:27+00
9b3637bb-46f7-5506-beb7-d26dcc0e6c89,d0add9b0-0aa6-51e4-80e7-7e8973495e0b,015ee94d-a0dc-5a3a-96b4-4318093cd0c8,30,2024-06-15 23:04:27+00
b432e103-05c5-5830-87dd-d2b3e5513ef6,d0add9b0-0aa6-51e4-80e7-7e8973495e0b,015ee94d-a0dc-5a3a-96b4-4318093cd0c8,25,2024-06-15 23:04:27+00
232ba579-008a-5dc8-9adb-32828c4c52c6,1637fb85-b109-52f5-80d4-83386616a3a7,4bb3265f-5fd8-5ee9-b01b-7ca5808bca6b,15,2024-02-06 20:27:21+00
07129b0c-56fa-5fb6-94bd-717a12f20796,1637fb85-b109-52f5-80d4-83386616a3a7,85ee2954-52d3-5ec2-8fea-0575175559ac,9,2024-02-06 20:27:21+00
1d20c69e-bf17-5ca9-9b0d-844b9f740601,dcbba6a2-52be-5361-b09a-4e03ab6ad26d,c7c80e8e-2456-5c4b-97cb-5d6b8aea9e11,47,2024-12-22 01:29:43+00
1ed51230-d39f-5ba7-9f2e-c5c397b8a4be,dcbba6a2-52be-5361-b09a-4e03ab6ad26d,59115f56-acf8-50f7-9dfd-c99816aa2172,58,2024-12-22 01:29:43+00
3e060f4a-80ad-50ca-9171-c8f905c1c82b,95f63cca-4eb9-54a9-b51e-6351e14db41c,263e995b-8be3-5198-adb6-aa81c41bf770,9,2024-10-31 01:37:53+00
f91353f3-6931-5d1f-a53d-da471d4a63a1,95f63cca-4eb9-54a9-b51e-6351e14db41c,a32d3b40-78a1-5f18-8b90-4dd8cd4ea27b,54,2024-10-31 01:37:53+00
61030878-3b78-5221-93ac-033650d2e9c7,95f63cca-4eb9-54a9-b51e-6351e14db41c,4ccb08b0-f9e0-5e25-89e3-bea409b0d0cb,36,2024-10-31 01:37:53+00
6dbb55e1-44ae-5191-886f-9fe3364701a6,99d03454-ee8a-5e5c-8fd8-c5e41a6ca335,87bd34d0-75d8-568d-abd0-77f535fdb719,47,2024-02-01 17:09:29+00
03e59fd4-d641-53df-8e2f-4d8dc93e52b1,b419d4db-b610-57b3-bf0e-6fbc1c96d1eb,6a379419-7f07-55f2-a7a1-c92bb24d1f27,41,2024-09-29 20:39:27+00
d623008c-994d-5b4f-8aad-ab00377fb46f,b419d4db-b610-57b3-bf0e-6fbc1c96d1eb,6a379419-7f07-55f2-a7a1-c92bb24d1f27,32,2024-09-29 20:39:27+00
ea062abc-db26-51ac-98fb-cb09bee6ffeb,b419d4db-b610-57b3-bf0e-6fbc1c96d1eb,571424b7-2fc1-5ceb-8982-7426cc703fff,10,2024-09-29 20:39:27+00
b8cd0d91-3d8e-5aca-a825-00a5b627da95,8530166b-7df7-5eee-9214-83e4bf625657,c0f44500-e1d1-59e0-b53b-e0e98b24a7cf,50,2024-11-10 00:08:42+00
61a334ac-e951-51f6-b92d-c280e68f16d9,c04542e4-e51e-5213-9104-b640654afff8,263e995b-8be3-5198-adb6-aa81c41bf770,29,2024-09-08 14:40:17+00
66269775-7b1b-5230-9aef-120282235fbe,c04542e4-e51e-5213-9104-b640654afff8,5f832cdc-1407-55fc-8fd5-76ca28247722,47,2024-09-08 14:40:17+00
90aaef5b-f2a3-536a-b539-2a64fc37d107,c04542e4-e51e-5213-9104-b640654afff8,fc7fc417-cce4-5f70-a6f1-8ce7a0edf5e9,17,2024-09-08 14:40:17+00
4562c75b-cca5-503e-96d5-f90d7647cbe4,c04542e4-e51e-5213-9104-b640654afff8,1b8e1d0e-392d-5e23-854a-832f0d6ac35d,58,2024-09-08 14:40:17+00
aafbebf1-0e95-5d2d-81e8-bf7189afcda1,ab774023-46b5-5c93-b400-c94992c2d229,515f77ef-9c32-5e75-81c3-2b3795c000f2,109,2024-05-27 18:04:53+00
2c366569-6201-51ff-81ca-77e40e58bb25,ab774023-46b5-5c93-b400-c94992c2d229,72067051-48fc-5737-a00c-93c490bd0b34,273,2024-05-27 18:04:53+00
9d8ac662-6842-5268-9bdc-9465496e7d3c,ab774023-46b5-5c93-b400-c94992c2d229,eb65b5fa-c2cb-589b-9049-2b6c7bf4d22d,257,2024-05-27 18:04:53+00
90b190fa-b390-50c4-bc80-09da5b62869d,ab774023-46b5-5c93-b400-c94992c2d229,49690aee-94fa-525b-b5ce-92feaf54b957,300,2024-05-27 18:04:53+00
7fd458f9-447c-51ff-a765-7027e24f0c5f,a4826422-e2ac-51f3-8624-efed44d212a6,8191a9f6-2263-53f2-a6a6-4c31e81e996e,50,2024-08-18 22:12:41+00
253ee3c3-9324-5914-8fc8-35950c4f03ea,a4826422-e2ac-51f3-8624-efed44d212a6,03daeeea-7468-535a-a03a-78f80e9f433f,39,2024-08-18 22:12:41+00
3391f352-741d-51ad-afb3-647f53dbd414,a4826422-e2ac-51f3-8624-efed44d212a6,b8b98483-157a-5ddb-81bf-f65f95613caa,7,2024-08-18 22:12:41+00
214d0c4e-9b84-5d0c-bd5f-01c4c730ee43,a4826422-e2ac-51f3-8624-efed44d212a6,8110e190-2a4b-579b-be2c-511de85ab755,12,2024-08-18 22:12:41+00
96e86da3-749a-588e-bff5-a9f9e80ac8ab,a3dd3ec0-b0a3-5b4a-8a88-97696c52ceea,c388846e-4e3c-5d57-b61f-ed13c7edc4da,44,2024-12-19 17:35:56+00
8af50e8d-2418-5170-89ff-7193507eff2b,dadceaf8-7433-5bb5-acb5-01f35ace5d03,70b50d29-9125-53dc-a829-c961b011e429,34,2024-03-26 17:21:19+00
0388b7e0-b865-5133-a4d3-69b23e531098,9d977e3f-9c1c-5a77-ab4e-1a61e17cc978,950c0334-92d4-54ec-b05b-35e20983883c,173,2024-10-12 12:19:44+00
5e6fe42a-a6c6-5351-b3f0-a2669859afbd,9d977e3f-9c1c-5a77-ab4e-1a61e17cc978,70b50d29-9125-53dc-a829-c961b011e429,336,2024-10-12 12:19:44+00
313d7ecc-05ac-5e0d-8f21-d9c10b150a30,9d977e3f-9c1c-5a77-ab4e-1a61e17cc978,6e22d3ea-9fc0-56fa-a367-352e633df40c,376,2024-10-12 12:19:44+00
1308e23e-dccd-51a8-9037-2c966f461445,601b3ffa-ec40-586b-86f3-36092e0f6902,3f7c929e-b070-5624-afcb-413255a3e8b7,44,2024-11-15 16:05:37+00
f26e751e-a3c4-5cbb-ba5b-82b08bd17b53,601b3ffa-ec40-586b-86f3-36092e0f6902,d6e9c7be-33cb-5851-ab77-08e587828108,5,2024-11-15 16:05:37+00
fe0984ba-ffee-599b-9112-65fc053f3ff5,601b3ffa-ec40-586b-86f3-36092e0f6902,eb65b5fa-c2cb-589b-9049-2b6c7bf4d22d,16,2024-11-15 16:05:37+00
9c6fb352-3e95-5e4a-bce1-c216da70a14a,9d1e46c9-77fa-5a23-9ce8-9c84375ffed2,8243c793-3801-5a72-86e5-9ab29d8d498d,56,2024-03-18 23:11:58+00
5d79de4e-827e-50d6-b72b-2bd459806497,9d1e46c9-77fa-5a23-9ce8-9c84375ffed2,b8b98483-157a-5ddb-81bf-f65f95613caa,26,2024-03-18 23:11:58+00
3c85902d-742a-595c-8696-432b5cfe97e2,9d1e46c9-77fa-5a23-9ce8-9c84375ffed2,87bd34d0-75d8-568d-abd0-77f535fdb719,43,2024-03-18 23:11:58+00
26372441-b27a-5b6c-82bd-036957bf8a81,9d1e46c9-77fa-5a23-9ce8-9c84375ffed2,12d2e257-18af-5ea5-9b8e-109e869b4b9e,58,2024-03-18 23:11:58+00
264f40eb-0c9a-5d72-ad80-9012fa3da9a0,f8db9288-7560-5f8f-b669-81c697279883,6e22d3ea-9fc0-56fa-a367-352e633df40c,46,2024-07-30 22:30:02+00
c3680874-5afb-5f6e-8e02-d0a24085e510,f8db9288-7560-5f8f-b669-81c697279883,a4acb526-e0ea-590e-9293-ff9e90059c15,8,2024-07-30 22:30:02+00
63122706-6044-59ea-af3f-fc1e8083415c,f8db9288-7560-5f8f-b669-81c697279883,263e995b-8be3-5198-adb6-aa81c41bf770,35,2024-07-30 22:30:02+00
ba127c80-a860-5486-91f9-b9c8ee812813,7b1e3faf-0510-5789-9bc0-e922cc39383e,dfaf50bf-7ed8-5e30-b115-e55c44d8e0c1,23,2024-09-29 19:26:37+00
6f3869f1-eb6a-5df7-bca0-9f3a12de56d2,7b1e3faf-0510-5789-9bc0-e922cc39383e,df03a7e9-20ca-5987-a644-76566671155b,29,2024-09-29 19:26:37+00
78640c68-c309-506e-a8a0-4c9503ebb4a7,7b1e3faf-0510-5789-9bc0-e922cc39383e,6feb3ffe-e89f-55ab-81d5-d9b136a73c27,48,2024-09-29 19:26:37+00
b4721683-7924-5732-b4c5-3c35555f8ee5,7b1e3faf-0510-5789-9bc0-e922cc39383e,d6481438-ce10-5e85-8b0a-fbc48dcd19e7,39,2024-09-29 19:26:37+00
7de6ab47-ecb1-5ea0-99cd-14e8d44c4b67,348f9f1a-6f9b-55f4-b008-61229b04ce89,ef9ef5f5-f4f4-5cf3-8420-397a6fcbf152,54,2024-09-11 12:18:13+00
bcf5f2e1-0990-5c6f-a216-12018f33a34a,348f9f1a-6f9b-55f4-b008-61229b04ce89,8191a9f6-2263-53f2-a6a6-4c31e81e996e,51,2024-09-11 12:18:13+00
e3162cd4-7d43-5ca8-ba14-989e1e449c00,348f9f1a-6f9b-55f4-b008-61229b04ce89,5e2cc5fc-7d5b-5bba-ad99-4412ab325860,38,2024-09-11 12:18:13+00
b341f697-5c70-5fa4-a847-6a52db0435dd,348f9f1a-6f9b-55f4-b008-61229b04ce89,8243c793-3801-5a72-86e5-9ab29d8d498d,25,2024-09-11 12:18:13+00
60140866-f0bc-5b77-96ec-817e97d3c396,e6c331f9-abd6-5715-b915-3785c8ae09e2,637d71e2-55cf-575a-87f5-1bcee0d0072a,21,2024-09-14 09:35:51+00
f47b374c-668a-526f-a6ac-61df719583b1,e6c331f9-abd6-5715-b915-3785c8ae09e2,98f9ed1d-3d10-5a68-a387-66981e9dde59,44,2024-09-14 09:35:51+00
65a2d288-a3c1-5089-9c2a-e00bfd384b1b,1d9a3e42-a51f-555c-af4a-546d93169a72,eb65b5fa-c2cb-589b-9049-2b6c7bf4d22d,13,2024-10-31 19:43:33+00
370ecdf3-30db-5801-8b56-53ee6c20f2a3,5d3ceb6f-3436-5d6b-91f1-52528a2822bd,a32a21a2-1fde-52e6-a745-494a810ef82b,54,2024-10-04 10:17:17+00
48479523-1382-58c2-8995-7fb8e6f80e94,5d3ceb6f-3436-5d6b-91f1-52528a2822bd,4ccb08b0-f9e0-5e25-89e3-bea409b0d0cb,21,2024-10-04 10:17:17+00
7350b654-fe4c-5efb-a328-98cf0b8d6f10,5d3ceb6f-3436-5d6b-91f1-52528a2822bd,6852d7e8-9827-5aa7-a439-140e7dac645a,22,2024-10-04 10:17:17+00
483d7ee0-2e54-52b9-9a44-6786c88c1487,5d3ceb6f-3436-5d6b-91f1-52528a2822bd,ab9d2edf-ae6c-55be-beec-404b29edda19,29,2024-10-04 10:17:17+00
9cb98149-18f5-5e62-9d23-8db32599cf0b,a61d9fbb-4330-5361-90b7-7af408a22c56,c7c80e8e-2456-5c4b-97cb-5d6b8aea9e11,46,2024-09-06 15:04:44+00
f2d130b5-55bc-5962-bca8-ca54205e33f2,a61d9fbb-4330-5361-90b7-7af408a22c56,87bd34d0-75d8-568d-abd0-77f535fdb719,39,2024-09-06 15:04:44+00
3d42483a-71c7-587f-8800-aee9be0b27dd,a61d9fbb-4330-5361-90b7-7af408a22c56,5f832cdc-1407-55fc-8fd5-76ca28247722,44,2024-09-06 15:04:44+00
6a7df19c-6fd2-508f-822e-0ce3ab627bef,a61d9fbb-4330-5361-90b7-7af408a22c56,bcd21179-c89f-5095-808a-e72f06c0841d,50,2024-09-06 15:04:44+00
f1982bc0-66ab-5283-b0d7-ec29bf033840,35b7f346-916b-5258-b672-6cd6598104dd,c0f44500-e1d1-59e0-b53b-e0e98b24a7cf,7,2024-01-18 17:17:06+00
26116b66-4037-5138-9e54-92cb65d80a5d,35b7f346-916b-5258-b672-6cd6598104dd,63b368d3-a702-5229-a0eb-00c0e02acf2c,14,2024-01-18 17:17:06+00
d435dff0-5500-56bc-9e9c-d19a7449f342,c4ad12b9-9500-5569-8e04-20c1e4a6a029,5e41eef3-c306-5dd1-ab8c-d305ebc7c2d5,19,2024-07-20 01:33:29+00
5bb02676-c918-5199-ba4b-bc2c1e2d58b6,46d25c6f-c075-52a5-b59d-c1a8fee58f23,0f7722fa-332a-5a19-922d-1d9cab8dda65,45,2024-12-18 23:36:32+00
2418f32f-bd90-5b9d-b5c9-2bc4510fbf0c,46d25c6f-c075-52a5-b59d-c1a8fee58f23,c914dcac-18fe-5928-87c0-80e93bb776c2,28,2024-12-18 23:36:32+00
2c727be3-9234-5119-be19-81ccbb8d9d46,46d25c6f-c075-52a5-b59d-c1a8fee58f23,721d117c-620d-5f92-b800-3e89864cc8d3,10,2024-12-18 23:36:32+00
c6a150bb-1314-59ad-b70c-4f294329da6e,46d25c6f-c075-52a5-b59d-c1a8fee58f23,43239255-9abf-522a-a0ca-d242c13539cf,46,2024-12-18 23:36:32+00
40a8d033-35ee-5e8b-a9d5-0feb51a2af9f,f080bb27-f6fe-57d8-9171-a65bec5aef92,047edcf5-114c-5342-b495-232fc4aaf6fe,10,2024-10-10 16:13:02+00
a813d8f1-8cd8-50e7-9fcd-8a7cefb48869,f080bb27-f6fe-57d8-9171-a65bec5aef92,bcd21179-c89f-5095-808a-e72f06c0841d,52,2024-10-10 16:13:02+00
6a6b3cb9-9cff-5eee-8293-b259b4bfbf25,f080bb27-f6fe-57d8-9171-a65bec5aef92,b8b98483-157a-5ddb-81bf-f65f95613caa,17,2024-10-10 16:13:02+00
1adcc963-58f1-59fc-b2ec-73bd192a5c08,56525db1-5fd7-5f3c-9dfa-08be244cbd0a,5abd18e8-de32-5af1-b593-d3190e9164a5,7,2024-10-30 19:04:18+00
ae00f930-b5bd-5239-8f76-809d3d2e3954,56525db1-5fd7-5f3c-9dfa-08be244cbd0a,721d117c-620d-5f92-b800-3e89864cc8d3,55,2024-10-30 19:04:18+00
8180aefb-4adc-5ab3-b8b1-fffd022170ab,56525db1-5fd7-5f3c-9dfa-08be244cbd0a,263e995b-8be3-5198-adb6-aa81c41bf770,12,2024-10-30 19:04:18+00
c13af0ab-4e74-57bb-8f16-b9d9287b3c83,56525db1-5fd7-5f3c-9dfa-08be244cbd0a,c388846e-4e3c-5d57-b61f-ed13c7edc4da,34,2024-10-30 19:04:18+00
5b721723-4cca-561e-9f5c-38b579ef9852,4e78be23-6a56-5871-af3d-f98432f076b1,5abd18e8-de32-5af1-b593-d3190e9164a5,281,2024-10-01 18:15:54+00
7b4b8992-a389-5b3a-ba41-32884d74ce41,4e78be23-6a56-5871-af3d-f98432f076b1,2c21421b-d3c2-55c3-8144-0c1f6b3e4f6a,63,2024-10-01 18:15:54+00
c56b5463-d89f-597f-8890-364da0108d92,4e78be23-6a56-5871-af3d-f98432f076b1,3f7c929e-b070-5624-afcb-413255a3e8b7,47,2024-10-01 18:15:54+00
b01da659-7fd4-50e0-899e-cffac73345d4,4e78be23-6a56-5871-af3d-f98432f076b1,6e22d3ea-9fc0-56fa-a367-352e633df40c,197,2024-10-01 18:15:54+00
f71954a9-af7f-5fd8-8572-5e048ef62a76,b2fd03eb-8496-5112-9126-eaa8506a9ef7,093be7d5-f016-5f2c-b71d-4dce4b0e9514,43,2024-02-19 23:40:20+00
6e8e2872-784f-5d05-b60f-6cb1c7790024,bcc2cc4a-6a32-5ac4-af2b-8ef9258f4195,4ccb08b0-f9e0-5e25-89e3-bea409b0d0cb,58,2024-10-11 14:22:08+00
53a38465-7a3f-5856-90e0-b7d02908c201,bcc2cc4a-6a32-5ac4-af2b-8ef9258f4195,5f832cdc-1407-55fc-8fd5-76ca28247722,53,2024-10-11 14:22:08+00
8a3ce8e8-e5e7-5fdf-920e-e09de114559b,1bd7f603-f604-53ab-b9b8-e07a1797ce05,4bb3265f-5fd8-5ee9-b01b-7ca5808bca6b,15,2024-03-29 21:18:41+00
b4015cdf-84dd-5811-ad83-1b07f6462c73,1bd7f603-f604-53ab-b9b8-e07a1797ce05,605027f9-8c6a-5d9a-80f7-9d3d42930f12,7,2024-03-29 21:18:41+00
174681a7-f438-5fd1-a4e4-d8b59bcd79f7,1bd7f603-f604-53ab-b9b8-e07a1797ce05,474da520-6891-5d9b-ad56-dbc5e963bb3f,29,2024-03-29 21:18:41+00
2d87ab9a-a11e-5fd7-917c-532dc6871968,4363009e-2614-5202-a043-f392bdf18485,72067051-48fc-5737-a00c-93c490bd0b34,49,2024-01-09 23:00:29+00
8545171e-24ea-5928-bf89-8c87ab83e125,4363009e-2614-5202-a043-f392bdf18485,70b50d29-9125-53dc-a829-c961b011e429,49,2024-01-09 23:00:29+00
750c79f9-b740-5206-ae32-7b554c63f999,4363009e-2614-5202-a043-f392bdf18485,87bd34d0-75d8-568d-abd0-77f535fdb719,45,2024-01-09 23:00:29+00
f12854f4-207b-58de-889e-67763c8a2849,44105cb6-996e-5950-a87e-501060d3da6c,093be7d5-f016-5f2c-b71d-4dce4b0e9514,44,2024-08-18 22:11:54+00
e998152a-4eb6-5455-9df1-7b40ef8075d5,44105cb6-996e-5950-a87e-501060d3da6c,6a379419-7f07-55f2-a7a1-c92bb24d1f27,27,2024-08-18 22:11:54+00
e2050028-480b-51bb-9936-2d319280b919,974db00b-2468-510f-adb5-ad86b22e580d,ef9ef5f5-f4f4-5cf3-8420-397a6fcbf152,54,2024-10-12 19:36:11+00
cbc0750a-afd1-5921-904a-8dfa009381e3,974db00b-2468-510f-adb5-ad86b22e580d,22326882-02d4-5cec-806a-1e1016a55411,22,2024-10-12 19:36:11+00
b0d2ad33-3c02-527b-bfd6-6dea978c7b2e,b82376f9-2eb5-5521-b334-071b4236bd33,637d71e2-55cf-575a-87f5-1bcee0d0072a,18,2024-10-16 10:10:54+00
195e58f8-af4d-5ab5-9f23-25f7c86d2f38,b82376f9-2eb5-5521-b334-071b4236bd33,7698a25a-a051-53c9-ae74-597da202ffca,44,2024-10-16 10:10:54+00
e25b32e0-acfe-5ac8-8a65-d2369182d27e,b82376f9-2eb5-5521-b334-071b4236bd33,49690aee-94fa-525b-b5ce-92feaf54b957,7,2024-10-16 10:10:54+00
ce79e562-dcc0-5dbc-b6d9-54dd99f262e4,2d2ce256-efae-5b1a-9ff7-44a333face2c,bcd21179-c89f-5095-808a-e72f06c0841d,42,2024-01-28 00:01:59+00
91921f2e-2b02-5b74-b605-cef6156f2ead,2d2ce256-efae-5b1a-9ff7-44a333face2c,72067051-48fc-5737-a00c-93c490bd0b34,17,2024-01-28 00:01:59+00
1a936f2c-d6db-57f3-9265-7ef5645ba504,3ca22fac-02ba-5554-a9be-6dbfda4ee841,f3d43083-cf37-52fb-bc02-bff47203b7c9,9,2024-09-08 09:16:11+00
e52d2c68-d603-54eb-8386-128525d31c90,3ca22fac-02ba-5554-a9be-6dbfda4ee841,047edcf5-114c-5342-b495-232fc4aaf6fe,8,2024-09-08 09:16:11+00
7385bce3-c87f-55b8-bdac-555944b48f63,3ca22fac-02ba-5554-a9be-6dbfda4ee841,87bd34d0-75d8-568d-abd0-77f535fdb719,18,2024-09-08 09:16:11+00
ec5449ec-73bf-5d9b-abc5-b6603875f96b,3ca22fac-02ba-5554-a9be-6dbfda4ee841,49690aee-94fa-525b-b5ce-92feaf54b957,16,2024-09-08 09:16:11+00
c752ba71-4933-5226-9629-ae243778e516,f2623330-ed37-5948-8f64-94d3c280e864,3f7c929e-b070-5624-afcb-413255a3e8b7,7,2024-03-10 23:43:08+00
79abdcc7-9fdc-58c8-90c1-ac6d7cbe9b8b,f2623330-ed37-5948-8f64-94d3c280e864,0f7722fa-332a-5a19-922d-1d9cab8dda65,22,2024-03-10 23:43:08+00
e7f93af4-94c1-52a0-89b7-7ff672015468,f2623330-ed37-5948-8f64-94d3c280e864,ef9ef5f5-f4f4-5cf3-8420-397a6fcbf152,34,2024-03-10 23:43:08+00
2929106f-86bd-5988-b3c4-c6a5b02f3e9e,6485e74f-4134-5514-a72a-077698fa5fd8,03daeeea-7468-535a-a03a-78f80e9f433f,59,2024-03-06 17:11:36+00
0cd7a7f4-0442-5e11-a327-2097ba2bc1a0,382daaa5-28f3-5f43-845f-722030d56939,9b88c78b-34e7-51c0-8f51-940e61379648,207,2024-04-21 01:31:35+00
dbe0c0f0-6273-5de8-b82b-700bdce5c81b,382daaa5-28f3-5f43-845f-722030d56939,f3d43083-cf37-52fb-bc02-bff47203b7c9,342,2024-04-21 01:31:35+00
63cb1b56-9e34-597c-b593-62d3012877a7,099bef06-50d9-5a01-bb68-87951ebaf379,73148ed3-fbe9-5571-a16d-34fb5520390e,38,2024-10-20 16:03:01+00
1d7b25de-c66f-5a0f-bc60-67cd4610d943,671cea47-287a-526d-a118-0e9c219c2e93,5f832cdc-1407-55fc-8fd5-76ca28247722,13,2024-12-22 17:16:25+00
cafb220c-866e-55a0-9256-05379bfd22fc,671cea47-287a-526d-a118-0e9c219c2e93,8191a9f6-2263-53f2-a6a6-4c31e81e996e,46,2024-12-22 17:16:25+00
c36642ae-3416-54fa-9bd1-2575d1075328,671cea47-287a-526d-a118-0e9c219c2e93,5abd18e8-de32-5af1-b593-d3190e9164a5,35,2024-12-22 17:16:25+00
14725768-fff1-5042-a424-ceada14e304d,671cea47-287a-526d-a118-0e9c219c2e93,7139ebf2-1aff-593d-9366-22949a04fd61,50,2024-12-22 17:16:25+00
43a5e230-7448-585b-be22-894db4afea1f,a3b56ada-db0e-5a07-8b78-885d15041fbc,8243c793-3801-5a72-86e5-9ab29d8d498d,55,2024-10-20 01:31:03+00
b1f6db41-2b81-5ace-8456-a8a9de28a23d,a3b56ada-db0e-5a07-8b78-885d15041fbc,ef9ef5f5-f4f4-5cf3-8420-397a6fcbf152,50,2024-10-20 01:31:03+00
8468da4d-ff71-564d-80af-f6c3e4bf2d38,a3b56ada-db0e-5a07-8b78-885d15041fbc,6852d7e8-9827-5aa7-a439-140e7dac645a,29,2024-10-20 01:31:03+00
be27077d-5fc5-54ac-a5a0-303b161ce41d,a3b56ada-db0e-5a07-8b78-885d15041fbc,7698a25a-a051-53c9-ae74-597da202ffca,38,2024-10-20 01:31:03+00
8d2b0c1a-f3e4-5579-aa8a-ac04d57f14ed,a84b8082-907c-5634-9a82-641e7c1395d0,5bfb3415-c6ae-5fa3-a84b-8a98a543ab9a,48,2024-03-18 17:14:08+00
acc91cf9-6a1b-5abc-9676-aee08aa8d092,5c12cff0-3bdd-587f-9d41-08fe215bbe18,ae16db22-a7d1-5cd3-8409-669d957eb80d,400,2024-01-27 17:31:46+00
f500c1b3-24f5-5c27-bdf2-b9e2f233ffdf,5c12cff0-3bdd-587f-9d41-08fe215bbe18,22326882-02d4-5cec-806a-1e1016a55411,110,2024-01-27 17:31:46+00
b8e87be2-7aa4-5a1c-bc3e-e7de8b75bdbe,97101300-8687-56d0-80bb-c4a6b451abb6,f3d43083-cf37-52fb-bc02-bff47203b7c9,25,2024-05-03 00:32:39+00
67b26891-1853-5839-8ede-8c76dc197e63,97101300-8687-56d0-80bb-c4a6b451abb6,63b368d3-a702-5229-a0eb-00c0e02acf2c,37,2024-05-03 00:32:39+00
6a1e6048-ef7d-5730-ad56-c1e5a87eda6d,f15dc05e-6681-5034-b2a5-05eb127ab3bc,70b50d29-9125-53dc-a829-c961b011e429,50,2024-05-21 16:23:34+00
06efea9a-f018-5480-9a9c-ffb817afb2fe,fe661be7-0432-501d-a0bb-2f486a33c52a,49690aee-94fa-525b-b5ce-92feaf54b957,10,2024-09-29 20:25:07+00
8a3daf7d-20f3-51e6-8aad-377f70c63876,fe661be7-0432-501d-a0bb-2f486a33c52a,c7c80e8e-2456-5c4b-97cb-5d6b8aea9e11,23,2024-09-29 20:25:07+00
c2912940-417e-5c0d-9b95-feae161796d5,cc8056d0-8e76-5c15-a3c7-5bd0711429a6,c388846e-4e3c-5d57-b61f-ed13c7edc4da,45,2024-02-09 17:07:38+00
ad8afbcb-f7ce-5dd8-8331-603e039c55b4,cc8056d0-8e76-5c15-a3c7-5bd0711429a6,72067051-48fc-5737-a00c-93c490bd0b34,48,2024-02-09 17:07:38+00
d0015762-1801-5a01-ba9b-435f5c832069,d7940c68-c091-5965-ad91-fd896072d07e,e3a10959-a74e-5cdd-bd80-3c24836fb062,6,2024-03-08 23:30:18+00
313f6b50-95c6-55cb-8dd3-af7af8c5fff0,d7940c68-c091-5965-ad91-fd896072d07e,d02cf696-fbfe-56b7-8ff3-89608483ee25,58,2024-03-08 23:30:18+00
17fe0bd6-12a9-5b5f-bcca-dc0763fd63b1,b00bbc67-5f4a-5b9f-bc03-bb496ce695e6,a68ed02d-80a0-5ebb-a79e-1ef7c4187de5,47,2024-11-26 21:23:24+00
30ba8f69-dcbe-5e4a-b8f0-7e311761045d,b00bbc67-5f4a-5b9f-bc03-bb496ce695e6,4bb3265f-5fd8-5ee9-b01b-7ca5808bca6b,33,2024-11-26 21:23:24+00
6d94db8d-b02c-5e1c-ae5d-ccbeef7c5a26,b00bbc67-5f4a-5b9f-bc03-bb496ce695e6,950c0334-92d4-54ec-b05b-35e20983883c,13,2024-11-26 21:23:24+00
d3866d5c-0919-5821-b63a-704fa0bf4cf9,b00bbc67-5f4a-5b9f-bc03-bb496ce695e6,dbfbb0d5-1eb8-59dd-bad5-834d7a45a348,15,2024-11-26 21:23:24+00
6a8dee31-776b-5c76-a141-b8199abda6a4,0c815c59-2c43-52c4-aec0-ad21353e9995,637d71e2-55cf-575a-87f5-1bcee0d0072a,34,2024-04-26 23:19:40+00
31fa36ff-3439-5be2-904a-0e79a1cf7f8a,0c815c59-2c43-52c4-aec0-ad21353e9995,2c21421b-d3c2-55c3-8144-0c1f6b3e4f6a,15,2024-04-26 23:19:40+00
d0991b47-a160-501b-8c65-d009f1ac8aa9,0c815c59-2c43-52c4-aec0-ad21353e9995,637d71e2-55cf-575a-87f5-1bcee0d0072a,16,2024-04-26 23:19:40+00
ca34b353-b26d-5712-9797-3b9d7752e6fe,b2b2b6f7-726b-5305-80da-9f63b4ec1dd5,bcd21179-c89f-5095-808a-e72f06c0841d,21,2024-12-20 18:07:58+00
3c0b6833-0efd-5288-abeb-661e2dad32fa,b2b2b6f7-726b-5305-80da-9f63b4ec1dd5,22326882-02d4-5cec-806a-1e1016a55411,40,2024-12-20 18:07:58+00
43f16ae3-c639-5102-93a8-8f38f1e5b663,d4b85b97-3698-5d54-b92f-148f74c3e387,263e995b-8be3-5198-adb6-aa81c41bf770,36,2024-10-12 15:36:51+00
b12e669c-d193-5136-a330-2a018abfdf5a,90dcb7d7-cef3-517e-bded-2fc64000f7ab,70b50d29-9125-53dc-a829-c961b011e429,23,2024-08-22 21:37:17+00
3e21e71c-d0f7-5eae-811e-ffe5c731b0ba,90dcb7d7-cef3-517e-bded-2fc64000f7ab,59115f56-acf8-50f7-9dfd-c99816aa2172,47,2024-08-22 21:37:17+00
25668aba-268b-5894-bf09-ae441207d959,90dcb7d7-cef3-517e-bded-2fc64000f7ab,950c0334-92d4-54ec-b05b-35e20983883c,51,2024-08-22 21:37:17+00
6d390037-e860-5d67-a09a-e6c8d87acb70,6011cf49-10df-5244-95c2-24ab3ff96e25,263e995b-8be3-5198-adb6-aa81c41bf770,44,2024-11-16 08:09:31+00
eec79f5f-1f58-55dc-9353-3cee0cba4d1d,ae8f55f5-f525-5dc6-b708-18a0cf7500a2,a32a21a2-1fde-52e6-a745-494a810ef82b,17,2024-08-16 21:03:45+00
bfe3da07-75e6-54ec-9ae4-afc2f2a8861b,ae8f55f5-f525-5dc6-b708-18a0cf7500a2,e7c66ad7-b5d3-5271-9438-d4741c6f9cbc,59,2024-08-16 21:03:45+00
02e1e922-cfe8-5e3d-9a8d-3a63c5f8dd62,99ff92a7-4297-518f-afea-47aa738fa706,f40bf37b-20d6-5349-82b6-18cbd1f10e83,14,2024-10-07 15:21:41+00
b22e86b1-00bb-58f4-bb8b-05280e4ee247,99ff92a7-4297-518f-afea-47aa738fa706,73148ed3-fbe9-5571-a16d-34fb5520390e,28,2024-10-07 15:21:41+00
c7806e4b-0a78-554b-a415-19c8d1a6e130,99ff92a7-4297-518f-afea-47aa738fa706,dfaf50bf-7ed8-5e30-b115-e55c44d8e0c1,23,2024-10-07 15:21:41+00
1ee913d7-6c0b-580d-b9cd-9481b7507623,fd0b969e-5963-56d9-ae9f-e400510cd86a,72067051-48fc-5737-a00c-93c490bd0b34,13,2024-09-07 15:28:22+00
300aaf1a-6c04-5afb-80d8-17683401a5cb,fd0b969e-5963-56d9-ae9f-e400510cd86a,a32d3b40-78a1-5f18-8b90-4dd8cd4ea27b,10,2024-09-07 15:28:22+00
4cfe2fca-bab1-5981-ad53-b1885d00208e,fd0b969e-5963-56d9-ae9f-e400510cd86a,6a379419-7f07-55f2-a7a1-c92bb24d1f27,35,2024-09-07 15:28:22+00
f106b01a-8ada-5837-8b9a-51c436b8136d,fd0b969e-5963-56d9-ae9f-e400510cd86a,6feb3ffe-e89f-55ab-81d5-d9b136a73c27,26,2024-09-07 15:28:22+00
1f6a857a-bd67-540e-ab61-d5371585ed12,9da0a9af-871b-5c5a-9c70-6b9903d2c275,ae16db22-a7d1-5cd3-8409-669d957eb80d,34,2024-10-29 22:27:57+00
43917d16-9b44-5245-819a-7546a9149a88,9da0a9af-871b-5c5a-9c70-6b9903d2c275,fc7fc417-cce4-5f70-a6f1-8ce7a0edf5e9,17,2024-10-29 22:27:57+00
68770833-cf0c-5725-8299-3d1764e936e1,97abf417-75d9-5d0b-8c8b-6c0ead55451e,ae16db22-a7d1-5cd3-8409-669d957eb80d,52,2024-07-14 20:02:52+00
f0ed2a45-d6a6-5d49-879b-922345bc5645,97abf417-75d9-5d0b-8c8b-6c0ead55451e,98f9ed1d-3d10-5a68-a387-66981e9dde59,55,2024-07-14 20:02:52+00
69fd8f14-a803-58b2-974f-2bfbc4d4f2a1,97abf417-75d9-5d0b-8c8b-6c0ead55451e,f3c9e6db-5001-5325-b688-27d1d3fc04c1,24,2024-07-14 20:02:52+00
c9bbbe98-2b92-53fe-ad48-5c4b81973b5a,97abf417-75d9-5d0b-8c8b-6c0ead55451e,70b50d29-9125-53dc-a829-c961b011e429,12,2024-07-14 20:02:52+00
b99ff7ef-7f15-5221-bce7-21f83b9a842c,61ff9a39-7b8f-5776-aa04-bedf9f053f25,e3a10959-a74e-5cdd-bd80-3c24836fb062,346,2024-05-27 22:44:01+00
1cc4497a-9aae-5f62-9dca-c8d4e5b296f6,61ff9a39-7b8f-5776-aa04-bedf9f053f25,605027f9-8c6a-5d9a-80f7-9d3d42930f12,286,2024-05-27 22:44:01+00
260f70d7-56f2-5231-a324-31353833e8fb,61ff9a39-7b8f-5776-aa04-bedf9f053f25,f3c9e6db-5001-5325-b688-27d1d3fc04c1,361,2024-05-27 22:44:01+00
4ae58134-a5a2-51e8-8c5e-5b1001f84eff,61ff9a39-7b8f-5776-aa04-bedf9f053f25,3ba63656-6a91-5254-8fd9-1b6d20dced02,231,2024-05-27 22:44:01+00
4834b0af-a6cf-59f6-a525-f288d91f234e,a4b083f0-4781-51b9-992d-f8436f24a79e,fc7fc417-cce4-5f70-a6f1-8ce7a0edf5e9,27,2024-10-21 16:11:07+00
f9b5e03b-cb64-590f-a910-255d7ad3f0aa,a4b083f0-4781-51b9-992d-f8436f24a79e,63b368d3-a702-5229-a0eb-00c0e02acf2c,28,2024-10-21 16:11:07+00
9cbd3e4a-c352-5c0e-9c13-5cc4b408b8d1,a4b083f0-4781-51b9-992d-f8436f24a79e,9096801a-a6fd-5ca3-a667-34759b5adb9e,8,2024-10-21 16:11:07+00
22c70a42-433b-52b2-90a4-0ee376150abc,a4b083f0-4781-51b9-992d-f8436f24a79e,6feb3ffe-e89f-55ab-81d5-d9b136a73c27,45,2024-10-21 16:11:07+00
c7e384de-19fc-545c-90c3-141ba5dc6428,78e8db0b-1f88-5d48-a512-6d7595d1bb89,76ce6f91-8d47-5bfd-a8a9-b086d8728beb,57,2024-09-20 19:12:30+00
f94e29f3-1502-5212-a47b-be4c67f6ef5a,78e8db0b-1f88-5d48-a512-6d7595d1bb89,6a379419-7f07-55f2-a7a1-c92bb24d1f27,22,2024-09-20 19:12:30+00
1ee26ab7-2b25-5993-9d6a-47ec75271efc,78e8db0b-1f88-5d48-a512-6d7595d1bb89,1b8e1d0e-392d-5e23-854a-832f0d6ac35d,11,2024-09-20 19:12:30+00
30cd4653-a383-594d-84b6-0d3ecd4cb53b,dbad53f8-a4f9-5b7f-835a-6c259cb757fc,721d117c-620d-5f92-b800-3e89864cc8d3,15,2024-06-29 18:35:22+00
a13c5c88-fb20-58d4-80f7-f15a1f0a85a4,dbad53f8-a4f9-5b7f-835a-6c259cb757fc,12d2e257-18af-5ea5-9b8e-109e869b4b9e,37,2024-06-29 18:35:22+00
6a3bd0a2-95f6-5843-9f49-9226bc976b57,dbad53f8-a4f9-5b7f-835a-6c259cb757fc,5e2cc5fc-7d5b-5bba-ad99-4412ab325860,55,2024-06-29 18:35:22+00
f8bfec38-a672-5a89-92e6-570bbdc4760e,dbad53f8-a4f9-5b7f-835a-6c259cb757fc,474da520-6891-5d9b-ad56-dbc5e963bb3f,49,2024-06-29 18:35:22+00
9503b3e8-d60b-5935-a97c-ca68014c1b1f,9228e01b-34ce-5ed5-b2ff-5602d49c100e,3f7c929e-b070-5624-afcb-413255a3e8b7,6,2024-09-27 00:07:46+00
ae999e96-9ac8-5794-8d23-be5da3906de9,f1c9ba74-7d22-540f-aa6f-4b8e0e391a40,6a379419-7f07-55f2-a7a1-c92bb24d1f27,6,2024-06-08 21:30:10+00
0ba9c29f-2ac7-501d-ace6-4a3471336ffd,f1c9ba74-7d22-540f-aa6f-4b8e0e391a40,3ba63656-6a91-5254-8fd9-1b6d20dced02,19,2024-06-08 21:30:10+00
9ab4746e-3424-5324-9c99-ffc106141135,d4608ae1-e217-5cb5-8961-1a03e9878af5,5abd18e8-de32-5af1-b593-d3190e9164a5,54,2024-09-05 11:08:53+00
bd006dad-6703-5327-aca5-7e3965e6f664,4abbc8a9-258a-501c-9e04-a6d29a034db4,3ba63656-6a91-5254-8fd9-1b6d20dced02,21,2024-08-08 16:02:14+00
f07ea8d9-57ce-5849-9ec3-1d8143248fa7,4abbc8a9-258a-501c-9e04-a6d29a034db4,6a379419-7f07-55f2-a7a1-c92bb24d1f27,47,2024-08-08 16:02:14+00
e11df955-56e5-5a82-9f6f-20565895e7ca,4abbc8a9-258a-501c-9e04-a6d29a034db4,d6481438-ce10-5e85-8b0a-fbc48dcd19e7,55,2024-08-08 16:02:14+00
b4013d98-4bbe-5fde-a7b6-5c0c2062e622,4abbc8a9-258a-501c-9e04-a6d29a034db4,eb65b5fa-c2cb-589b-9049-2b6c7bf4d22d,18,2024-08-08 16:02:14+00
3550ca7a-d918-5934-a87c-3875097d30e2,b14c898c-d9cf-5a48-bc56-d9a9629b5d2a,cf629a09-093e-5b99-8bf4-da2438fa51c4,41,2024-09-03 10:18:56+00
90255cef-b4da-5c5e-a68e-ed3b3cba119f,b14c898c-d9cf-5a48-bc56-d9a9629b5d2a,605027f9-8c6a-5d9a-80f7-9d3d42930f12,53,2024-09-03 10:18:56+00
d5662697-747a-58e9-8368-66ec34fd85cb,c4798969-465a-5804-9426-c2d4570d3354,1b8e1d0e-392d-5e23-854a-832f0d6ac35d,49,2024-10-25 16:00:17+00
e92dcb4e-c413-5e0d-bb45-c023b8e5d740,c4798969-465a-5804-9426-c2d4570d3354,bcd21179-c89f-5095-808a-e72f06c0841d,48,2024-10-25 16:00:17+00
41daa849-5454-55a6-9840-5fa54d99eb18,c4798969-465a-5804-9426-c2d4570d3354,8243c793-3801-5a72-86e5-9ab29d8d498d,58,2024-10-25 16:00:17+00
e405ab2a-0b5d-5685-a67d-64bf43e7ec46,c4798969-465a-5804-9426-c2d4570d3354,ab9d2edf-ae6c-55be-beec-404b29edda19,32,2024-10-25 16:00:17+00
cef58a9d-76d7-5205-b4b3-f423bf82185a,d16ff1b3-6671-54d2-99d7-8ca035cfa459,093be7d5-f016-5f2c-b71d-4dce4b0e9514,53,2024-04-26 22:21:27+00
11a0963b-986a-58f1-90a5-544c9ee904bf,d16ff1b3-6671-54d2-99d7-8ca035cfa459,637d71e2-55cf-575a-87f5-1bcee0d0072a,40,2024-04-26 22:21:27+00
340e9e93-7ffa-5974-a113-48a4ed130faa,2fb96f12-d16d-5fea-a8fc-844a779013de,bcd21179-c89f-5095-808a-e72f06c0841d,19,2024-02-12 21:26:16+00
7898c493-fbbb-5bbd-9acb-08dc121d6bac,2fb96f12-d16d-5fea-a8fc-844a779013de,43239255-9abf-522a-a0ca-d242c13539cf,59,2024-02-12 21:26:16+00
05b3d72f-510d-58f1-acf3-a9a30c9dbc92,2fb96f12-d16d-5fea-a8fc-844a779013de,e3a10959-a74e-5cdd-bd80-3c24836fb062,58,2024-02-12 21:26:16+00
bbf260fd-df80-5fbb-8155-60d8b7096431,4b0eb397-b7d4-5fce-b70c-87039e9776a4,3ba63656-6a91-5254-8fd9-1b6d20dced02,14,2024-12-13 21:33:33+00
e4bd394f-6e47-5d66-bb65-bed07c0f3985,3e2bcc14-dfbe-5ae5-94d9-0ab3b1fe4f79,3ba63656-6a91-5254-8fd9-1b6d20dced02,19,2024-11-06 09:24:49+00
91eb3b19-fcba-5aa3-a943-6d7be99b9c7e,3e2bcc14-dfbe-5ae5-94d9-0ab3b1fe4f79,093be7d5-f016-5f2c-b71d-4dce4b0e9514,22,2024-11-06 09:24:49+00
26607c0a-e599-5f99-8ad6-395aed825f82,3e2bcc14-dfbe-5ae5-94d9-0ab3b1fe4f79,605027f9-8c6a-5d9a-80f7-9d3d42930f12,42,2024-11-06 09:24:49+00
352fe5d3-5da2-5955-a0a7-13b17b680f42,3e2bcc14-dfbe-5ae5-94d9-0ab3b1fe4f79,263e995b-8be3-5198-adb6-aa81c41bf770,27,2024-11-06 09:24:49+00
ff0ff0a4-fcba-5a14-b81c-70b6085a643c,8488968d-d525-5a48-8687-d49efb87ce06,d02cf696-fbfe-56b7-8ff3-89608483ee25,45,2024-03-09 10:31:02+00
2b464fe4-2b6b-5ea1-929f-523f33fbe503,8488968d-d525-5a48-8687-d49efb87ce06,98f9ed1d-3d10-5a68-a387-66981e9dde59,11,2024-03-09 10:31:02+00
1df478dd-d97e-57d1-bc72-cc631c6a984e,8488968d-d525-5a48-8687-d49efb87ce06,e3a10959-a74e-5cdd-bd80-3c24836fb062,36,2024-03-09 10:31:02+00
9ee53e61-f3c4-55b5-af53-4255d56c17d3,8488968d-d525-5a48-8687-d49efb87ce06,c7c80e8e-2456-5c4b-97cb-5d6b8aea9e11,29,2024-03-09 10:31:02+00
3cfcfecb-1346-5fc1-a94e-d565ada056eb,fb6e6fd3-a389-56ff-a4e2-72ac0265f08f,ef9ef5f5-f4f4-5cf3-8420-397a6fcbf152,17,2024-06-16 18:42:32+00
313c79cd-2a81-554f-9789-276da9d4c906,fb6e6fd3-a389-56ff-a4e2-72ac0265f08f,093be7d5-f016-5f2c-b71d-4dce4b0e9514,36,2024-06-16 18:42:32+00
9c2f4010-b861-5112-b674-52e88fc5a3a8,fb6e6fd3-a389-56ff-a4e2-72ac0265f08f,5e41eef3-c306-5dd1-ab8c-d305ebc7c2d5,26,2024-06-16 18:42:32+00
9714303a-8a57-59d8-a610-aa3b5d0a7292,fb6e6fd3-a389-56ff-a4e2-72ac0265f08f,5e41eef3-c306-5dd1-ab8c-d305ebc7c2d5,39,2024-06-16 18:42:32+00
ae60e46e-8d83-53c1-937f-c14c413e95fe,af08c6c4-22ac-58b1-81f5-78314bb951ed,c7c80e8e-2456-5c4b-97cb-5d6b8aea9e11,40,2024-09-13 15:21:28+00
1962e2b1-35de-52c2-9cf8-c0b47fbb1977,a28871ad-c697-5c1a-baa6-b5649c0bd5e2,950c0334-92d4-54ec-b05b-35e20983883c,48,2024-06-04 18:09:10+00
24765e29-21ed-54cf-b6ab-5e29f29c3b22,800fdc6b-2f4e-5c44-9f3b-a64b8a631a1f,f40bf37b-20d6-5349-82b6-18cbd1f10e83,21,2024-10-11 00:32:29+00
37c16edd-a53a-592d-96be-c4d8f76efb04,61032a99-bcdb-55e3-8fed-420216bdf36d,605027f9-8c6a-5d9a-80f7-9d3d42930f12,53,2024-09-11 08:01:55+00
40be182c-fceb-5ebb-9582-9f01ba8f330f,61032a99-bcdb-55e3-8fed-420216bdf36d,721d117c-620d-5f92-b800-3e89864cc8d3,234,2024-09-11 08:01:55+00
5de9f0ec-861e-5956-b7c2-2e0d989eb1e8,61032a99-bcdb-55e3-8fed-420216bdf36d,571424b7-2fc1-5ceb-8982-7426cc703fff,222,2024-09-11 08:01:55+00
45254b79-97d8-5fab-bb62-659a555f132c,508afed6-8ed9-56f6-8ebb-7af0aa62633a,dbfbb0d5-1eb8-59dd-bad5-834d7a45a348,12,2024-01-29 19:44:14+00
99ee7ebb-a9e7-5a07-b043-35f212c0966d,b49c9c25-c99e-5ab4-81b1-0b21c14436d6,63b368d3-a702-5229-a0eb-00c0e02acf2c,6,2024-01-12 00:31:27+00
7c34d132-203f-5496-93df-8806b76bfaa4,b49c9c25-c99e-5ab4-81b1-0b21c14436d6,a68ed02d-80a0-5ebb-a79e-1ef7c4187de5,6,2024-01-12 00:31:27+00
935d626d-cc84-5797-bb99-c8776a58efa3,b49c9c25-c99e-5ab4-81b1-0b21c14436d6,ab9d2edf-ae6c-55be-beec-404b29edda19,41,2024-01-12 00:31:27+00
0e5ee1ab-4ede-52f8-9d4b-cb6f38fb0617,b49c9c25-c99e-5ab4-81b1-0b21c14436d6,59115f56-acf8-50f7-9dfd-c99816aa2172,11,2024-01-12 00:31:27+00
908cf436-ed2e-517e-9f37-db33a0d642a2,685690bf-716b-5d02-8f5b-d26c69af6d7d,1b8e1d0e-392d-5e23-854a-832f0d6ac35d,32,2024-02-21 19:34:19+00
214d29e6-82f2-58ba-b4fe-f806172db30c,685690bf-716b-5d02-8f5b-d26c69af6d7d,6852d7e8-9827-5aa7-a439-140e7dac645a,58,2024-02-21 19:34:19+00
a0fbd829-a7f3-5f2b-8bb2-b6550f450511,685690bf-716b-5d02-8f5b-d26c69af6d7d,5f832cdc-1407-55fc-8fd5-76ca28247722,23,2024-02-21 19:34:19+00
aaf5a720-8c71-565e-aabb-fbd61bfd21d1,bf6289f9-fd21-598d-a2b9-ecf47267efb0,a68ed02d-80a0-5ebb-a79e-1ef7c4187de5,26,2024-06-02 01:15:25+00
9dd1c01d-aaf8-5e6c-bde2-ac6141b1c117,38d0153b-dd9b-5e86-8bf9-28c90a9f342f,cf629a09-093e-5b99-8bf4-da2438fa51c4,56,2024-10-18 00:14:19+00
4c526fac-4ee0-51ce-9551-98a81866d694,38d0153b-dd9b-5e86-8bf9-28c90a9f342f,5e41eef3-c306-5dd1-ab8c-d305ebc7c2d5,25,2024-10-18 00:14:19+00
177317b1-47a4-5989-b955-b15cc293df6b,38d0153b-dd9b-5e86-8bf9-28c90a9f342f,263e995b-8be3-5198-adb6-aa81c41bf770,21,2024-10-18 00:14:19+00
485403b7-2a26-51db-8404-f71d4ca1e13e,3da54528-8a5d-5ec6-a125-a22483ac75f1,5f832cdc-1407-55fc-8fd5-76ca28247722,47,2024-08-21 00:01:16+00
72fe2fcf-89eb-57c8-b947-9555983daeb9,3da54528-8a5d-5ec6-a125-a22483ac75f1,ef9ef5f5-f4f4-5cf3-8420-397a6fcbf152,22,2024-08-21 00:01:16+00
bfa70b69-ea92-513e-ac0d-12ae3ac14df6,3da54528-8a5d-5ec6-a125-a22483ac75f1,e7c66ad7-b5d3-5271-9438-d4741c6f9cbc,56,2024-08-21 00:01:16+00
1a23f2bc-53bf-5a61-9824-a98eae2320e5,3da54528-8a5d-5ec6-a125-a22483ac75f1,515f77ef-9c32-5e75-81c3-2b3795c000f2,41,2024-08-21 00:01:16+00
a197ec3b-19ed-5f96-909d-4b4fcc099a4e,ff851b14-818f-5189-8b02-6a46ffbe8848,515f77ef-9c32-5e75-81c3-2b3795c000f2,31,2024-02-01 00:31:34+00
2d7f9429-0b50-5504-ba24-f4a94d755fba,ff851b14-818f-5189-8b02-6a46ffbe8848,e3a10959-a74e-5cdd-bd80-3c24836fb062,45,2024-02-01 00:31:34+00
0222da6d-3704-5664-b841-8a592eeacf96,ff851b14-818f-5189-8b02-6a46ffbe8848,03daeeea-7468-535a-a03a-78f80e9f433f,22,2024-02-01 00:31:34+00
4bfbecac-5c60-5410-8a92-95943941590e,63100499-9a93-5231-aa81-d525cb04fc63,5e2cc5fc-7d5b-5bba-ad99-4412ab325860,6,2024-11-26 18:41:02+00
8256d897-d07a-5679-93f3-0f3888ac37fc,63100499-9a93-5231-aa81-d525cb04fc63,dbfbb0d5-1eb8-59dd-bad5-834d7a45a348,34,2024-11-26 18:41:02+00
f07ee3fa-c988-5d6c-b6b9-8ec9b01a7d3c,54789c96-0aeb-5829-803d-5fb5968348ff,ebdcc5e9-63c3-5a52-9521-f031c6154feb,288,2024-09-07 10:18:37+00
60aa4048-23ea-5eeb-93aa-ec95117a6e81,54789c96-0aeb-5829-803d-5fb5968348ff,0f7722fa-332a-5a19-922d-1d9cab8dda65,82,2024-09-07 10:18:37+00
4bf63286-cf1d-5fc2-8cfa-381c7da3876a,beeb9af3-bf3c-501c-a487-45c1d94b392b,59115f56-acf8-50f7-9dfd-c99816aa2172,52,2024-10-12 09:27:05+00
0e6590f9-955c-5d64-8cf7-c856a5b2a7c9,9e1b5a0c-a3b6-59eb-9d59-4176f4bd7c88,c914dcac-18fe-5928-87c0-80e93bb776c2,20,2024-03-03 00:39:37+00
fa323451-994d-53a7-8656-776453453f0d,9e1b5a0c-a3b6-59eb-9d59-4176f4bd7c88,76ce6f91-8d47-5bfd-a8a9-b086d8728beb,26,2024-03-03 00:39:37+00
6af17a57-2734-566a-a5c6-3ba3af0243eb,9e1b5a0c-a3b6-59eb-9d59-4176f4bd7c88,85ee2954-52d3-5ec2-8fea-0575175559ac,56,2024-03-03 00:39:37+00
288c96e6-6caf-53ae-8e92-08447d05c1e2,9e1b5a0c-a3b6-59eb-9d59-4176f4bd7c88,8191a9f6-2263-53f2-a6a6-4c31e81e996e,32,2024-03-03 00:39:37+00
11476fe0-f141-5431-ab50-f29c73127417,22c3aa9f-25b5-5ad1-87a6-6c01081289d6,047edcf5-114c-5342-b495-232fc4aaf6fe,39,2024-02-24 18:18:44+00
5b08e1c7-2405-5530-aea6-61a66dba4904,904522a4-eb16-5e26-9b9e-7eb7d967dbfc,1b8e1d0e-392d-5e23-854a-832f0d6ac35d,35,2024-02-27 21:32:25+00
e01ab8a1-c775-5990-851e-b8216605a737,904522a4-eb16-5e26-9b9e-7eb7d967dbfc,dbfbb0d5-1eb8-59dd-bad5-834d7a45a348,6,2024-02-27 21:32:25+00
f8588f4b-5821-5c93-9129-5a7333d5798e,a26e6138-b8ec-528d-86e9-eb19f9c39f15,3ba63656-6a91-5254-8fd9-1b6d20dced02,39,2024-11-26 08:16:21+00
878604aa-a685-53f4-90b2-3430c9cf0f3f,a26e6138-b8ec-528d-86e9-eb19f9c39f15,bcd21179-c89f-5095-808a-e72f06c0841d,29,2024-11-26 08:16:21+00
19bd960f-2219-5bac-a92c-eddc49964e6e,a26e6138-b8ec-528d-86e9-eb19f9c39f15,f40bf37b-20d6-5349-82b6-18cbd1f10e83,21,2024-11-26 08:16:21+00
c7a38c9e-1352-520f-aa59-70d82dae875b,2eb562b7-ad4b-54f8-956f-676464643b4f,b8b98483-157a-5ddb-81bf-f65f95613caa,22,2024-04-30 20:10:56+00
22cefc55-4676-5240-b0aa-8d7ef515132e,2eb562b7-ad4b-54f8-956f-676464643b4f,047edcf5-114c-5342-b495-232fc4aaf6fe,35,2024-04-30 20:10:56+00
1027a33b-253b-5c94-b182-0d9fe84ce999,2eb562b7-ad4b-54f8-956f-676464643b4f,7698a25a-a051-53c9-ae74-597da202ffca,50,2024-04-30 20:10:56+00
be2e0ed4-76ff-5a1f-a73b-87e4a421bb77,2eb562b7-ad4b-54f8-956f-676464643b4f,d6481438-ce10-5e85-8b0a-fbc48dcd19e7,57,2024-04-30 20:10:56+00
a4653aba-8c9b-52bf-beb5-b5595b1a6612,be600d36-50fd-5877-b68f-f896aa88e9b0,49690aee-94fa-525b-b5ce-92feaf54b957,49,2024-05-14 00:28:43+00
de7b79da-4da6-5fd5-b776-e9c84eef32c1,be600d36-50fd-5877-b68f-f896aa88e9b0,6e22d3ea-9fc0-56fa-a367-352e633df40c,46,2024-05-14 00:28:43+00
2b949aef-0c46-537d-95c4-78c50dc32877,be600d36-50fd-5877-b68f-f896aa88e9b0,bcd21179-c89f-5095-808a-e72f06c0841d,55,2024-05-14 00:28:43+00
633e4c3c-1426-502f-a9a7-9b100f0dd466,04e0c28d-2d64-5115-8bfa-1e8da27d876e,9b88c78b-34e7-51c0-8f51-940e61379648,38,2024-01-02 22:20:51+00
cb7e77e7-97a8-5257-addb-5bb26a7350a5,04e0c28d-2d64-5115-8bfa-1e8da27d876e,3f7c929e-b070-5624-afcb-413255a3e8b7,59,2024-01-02 22:20:51+00
9665714c-1cdc-5ff7-b1d0-6c3a6338f617,78efb9eb-fbbd-5958-8a3b-83f5e6c0c5f8,637d71e2-55cf-575a-87f5-1bcee0d0072a,17,2024-07-29 21:09:06+00
ea9c9543-065a-51af-85a6-0c59f5f4c278,78efb9eb-fbbd-5958-8a3b-83f5e6c0c5f8,8110e190-2a4b-579b-be2c-511de85ab755,16,2024-07-29 21:09:06+00
8b5fa48a-b7aa-5c72-970c-b80c8b97c445,78efb9eb-fbbd-5958-8a3b-83f5e6c0c5f8,ab9d2edf-ae6c-55be-beec-404b29edda19,58,2024-07-29 21:09:06+00
1185bb7c-f076-5511-8736-43febe942c20,b6cd5f60-08b9-5d97-9902-d16957429158,f3c9e6db-5001-5325-b688-27d1d3fc04c1,49,2024-03-21 17:42:46+00
281f8e37-2245-5e6d-b55c-8440f67d0cbb,b6cd5f60-08b9-5d97-9902-d16957429158,6e22d3ea-9fc0-56fa-a367-352e633df40c,30,2024-03-21 17:42:46+00
45dace08-a314-54cf-88c8-85b5f20b4ffe,68968463-4afa-50ca-b026-f2e74af6fdd4,6feb3ffe-e89f-55ab-81d5-d9b136a73c27,32,2024-11-03 20:25:07+00
ec88df6f-43c0-5199-9178-0187763585ca,8b7b29b8-6763-532a-a128-e486fb26abc4,093be7d5-f016-5f2c-b71d-4dce4b0e9514,29,2024-08-20 23:13:52+00
95f8575f-0af0-5a0d-be3a-0b85fe24c487,8b7b29b8-6763-532a-a128-e486fb26abc4,22326882-02d4-5cec-806a-1e1016a55411,43,2024-08-20 23:13:52+00
8c42b0cd-d067-54bf-93f7-13fa70f475e3,8b7b29b8-6763-532a-a128-e486fb26abc4,637d71e2-55cf-575a-87f5-1bcee0d0072a,51,2024-08-20 23:13:52+00
88298b7b-af0a-575f-ae15-7da31f2afa13,2c0d2d34-0be3-5347-b902-cba6dd8a92bf,2c21421b-d3c2-55c3-8144-0c1f6b3e4f6a,33,2024-08-02 18:09:57+00
02cbc870-c722-5752-ba01-c9dad025d048,2c0d2d34-0be3-5347-b902-cba6dd8a92bf,8110e190-2a4b-579b-be2c-511de85ab755,42,2024-08-02 18:09:57+00
d6248655-36aa-51de-bc94-d272bdc7af51,0a9fbe9e-8ba9-52e4-a823-dfdd94e8f293,85ee2954-52d3-5ec2-8fea-0575175559ac,50,2024-08-22 17:09:05+00
bc74665c-13d0-5a24-a4ba-379fe080150d,0a9fbe9e-8ba9-52e4-a823-dfdd94e8f293,a32d3b40-78a1-5f18-8b90-4dd8cd4ea27b,21,2024-08-22 17:09:05+00
e2ecc088-2056-520d-9272-a6fefc233feb,62666195-f2c5-593e-81e0-25cf536fd890,c0f44500-e1d1-59e0-b53b-e0e98b24a7cf,21,2024-10-12 16:16:01+00
65cad444-0565-5277-9944-c98e02b7e74c,a65165b3-43b0-57a1-bec2-304d8484dfdc,cf629a09-093e-5b99-8bf4-da2438fa51c4,36,2024-11-12 10:38:11+00
b65e97e1-d9f2-5f18-a225-f9044ecfd9b6,a65165b3-43b0-57a1-bec2-304d8484dfdc,ef9ef5f5-f4f4-5cf3-8420-397a6fcbf152,13,2024-11-12 10:38:11+00
dd779b93-cb56-5a0a-9963-cf71cef5b98a,ab07ef73-fe16-5f89-a692-44a21d76361d,a32a21a2-1fde-52e6-a745-494a810ef82b,224,2024-09-28 22:07:58+00
28274b4c-d848-5d1f-baa4-9f4100bac0fa,ab07ef73-fe16-5f89-a692-44a21d76361d,637d71e2-55cf-575a-87f5-1bcee0d0072a,174,2024-09-28 22:07:58+00
1d9cc9ae-3019-520d-996c-b63271132cdd,ab07ef73-fe16-5f89-a692-44a21d76361d,f3c9e6db-5001-5325-b688-27d1d3fc04c1,304,2024-09-28 22:07:58+00
8f904758-bff6-5173-8bbc-9c76f1ca0fa3,ab07ef73-fe16-5f89-a692-44a21d76361d,48b59f70-e096-547d-97be-0afd9e0ef1f4,201,2024-09-28 22:07:58+00
5efe6e5d-9307-5328-81a9-27786bd5318e,de192c85-4c7a-5f78-92fe-8092b3000869,12d2e257-18af-5ea5-9b8e-109e869b4b9e,8,2024-09-08 18:44:52+00
c1d452f0-7fb9-581d-838a-4eaa2891bbb0,de192c85-4c7a-5f78-92fe-8092b3000869,b8b98483-157a-5ddb-81bf-f65f95613caa,35,2024-09-08 18:44:52+00
9024a08e-c498-5797-ace7-aa1fe763be97,10148c2c-fff1-5efd-980a-b84f92a80fd8,49690aee-94fa-525b-b5ce-92feaf54b957,36,2024-08-27 22:33:47+00
f472846e-d04a-5bd2-8e7f-3d066121aa27,10148c2c-fff1-5efd-980a-b84f92a80fd8,87bd34d0-75d8-568d-abd0-77f535fdb719,12,2024-08-27 22:33:47+00
8e5ca4e8-e95b-5144-a484-6badf41236d5,10148c2c-fff1-5efd-980a-b84f92a80fd8,22326882-02d4-5cec-806a-1e1016a55411,60,2024-08-27 22:33:47+00
0e455ed5-d967-52fa-9a90-e2fe2f9344e3,10148c2c-fff1-5efd-980a-b84f92a80fd8,48b59f70-e096-547d-97be-0afd9e0ef1f4,52,2024-08-27 22:33:47+00
840497ab-3141-5c91-9a24-4b0e4c52e431,a1ce540f-1d75-524f-848f-737b19224582,6852d7e8-9827-5aa7-a439-140e7dac645a,20,2024-03-07 17:00:16+00
d04b0901-8922-5594-86e7-122883decd09,a1ce540f-1d75-524f-848f-737b19224582,d6481438-ce10-5e85-8b0a-fbc48dcd19e7,26,2024-03-07 17:00:16+00
cad1a39d-c15d-5396-a122-69db0da82c7c,a1ce540f-1d75-524f-848f-737b19224582,3ba63656-6a91-5254-8fd9-1b6d20dced02,30,2024-03-07 17:00:16+00
b6326622-cf33-5c53-ae48-21daa3b1210c,a1ce540f-1d75-524f-848f-737b19224582,015ee94d-a0dc-5a3a-96b4-4318093cd0c8,58,2024-03-07 17:00:16+00
7c6e86bb-1f70-5beb-87eb-5d16ba42fc11,0dff966e-7e1f-5b8f-8d3b-5a84a94eb6e8,7698a25a-a051-53c9-ae74-597da202ffca,7,2024-01-15 17:32:45+00
d48888c3-de63-5ab4-99a0-f8382c34df66,5eae3233-cf6e-50d7-8529-fb7d0b0775bf,4ccb08b0-f9e0-5e25-89e3-bea409b0d0cb,56,2024-11-26 17:08:49+00
77323b0d-bf28-560a-b4d4-8f33f5ccda9b,5eae3233-cf6e-50d7-8529-fb7d0b0775bf,6852d7e8-9827-5aa7-a439-140e7dac645a,40,2024-11-26 17:08:49+00
75f569a3-a989-535e-a701-54e74b161b9a,5eae3233-cf6e-50d7-8529-fb7d0b0775bf,ab9d2edf-ae6c-55be-beec-404b29edda19,10,2024-11-26 17:08:49+00
bee127d9-5b12-5ea2-a834-50d503eab898,5833c3ea-a842-5c0d-a03a-1398cc8c38f8,12d2e257-18af-5ea5-9b8e-109e869b4b9e,12,2024-10-03 08:14:12+00
cc7e92ef-e514-5304-941a-33f4a9706950,5833c3ea-a842-5c0d-a03a-1398cc8c38f8,515f77ef-9c32-5e75-81c3-2b3795c000f2,52,2024-10-03 08:14:12+00
f179cbbc-626d-5f97-84ad-f7c16a79726c,5833c3ea-a842-5c0d-a03a-1398cc8c38f8,dbfbb0d5-1eb8-59dd-bad5-834d7a45a348,48,2024-10-03 08:14:12+00
fe79c6ae-4017-5115-ba0c-a0717e6647b6,39239819-8cf5-5089-9dc9-7da0fc8ad87b,c914dcac-18fe-5928-87c0-80e93bb776c2,53,2024-03-07 15:30:24+00
65109261-db20-545f-a9d6-bbb901f3f48e,39239819-8cf5-5089-9dc9-7da0fc8ad87b,8110e190-2a4b-579b-be2c-511de85ab755,44,2024-03-07 15:30:24+00
e161a47c-b23e-58bc-92ce-b40032d8594c,39239819-8cf5-5089-9dc9-7da0fc8ad87b,73148ed3-fbe9-5571-a16d-34fb5520390e,10,2024-03-07 15:30:24+00
41a9c99d-d696-535f-97b9-d30a41e015dd,39239819-8cf5-5089-9dc9-7da0fc8ad87b,721d117c-620d-5f92-b800-3e89864cc8d3,34,2024-03-07 15:30:24+00
008e470a-69b8-59cf-96ff-e58a9e1ad1ac,1ad1f1af-b33d-57db-96cc-3a8763ea8e1d,6a379419-7f07-55f2-a7a1-c92bb24d1f27,14,2024-03-21 16:05:43+00
55fa7fae-5f84-5845-bde2-95007fe547a8,1ad1f1af-b33d-57db-96cc-3a8763ea8e1d,6a379419-7f07-55f2-a7a1-c92bb24d1f27,58,2024-03-21 16:05:43+00
76f1a7c9-8061-52d7-898a-a4d94ac660d5,1ad1f1af-b33d-57db-96cc-3a8763ea8e1d,73148ed3-fbe9-5571-a16d-34fb5520390e,23,2024-03-21 16:05:43+00
c561fa67-3050-52c7-9d42-b1b8e3de7b9e,1ad1f1af-b33d-57db-96cc-3a8763ea8e1d,4bb3265f-5fd8-5ee9-b01b-7ca5808bca6b,9,2024-03-21 16:05:43+00
37212753-6662-5009-bab8-e64222441909,7f9aafac-086d-5745-a169-3c377c5989a2,9096801a-a6fd-5ca3-a667-34759b5adb9e,21,2024-09-19 17:28:11+00
ddbaebd5-bfe2-548e-b632-26e57eeb1fd5,7f9aafac-086d-5745-a169-3c377c5989a2,cf629a09-093e-5b99-8bf4-da2438fa51c4,6,2024-09-19 17:28:11+00
d6af2605-7a67-5d8a-b5c5-00acf351eafe,7f9aafac-086d-5745-a169-3c377c5989a2,ef9ef5f5-f4f4-5cf3-8420-397a6fcbf152,16,2024-09-19 17:28:11+00
21637d97-bbb0-57ea-8781-7575376d009b,8ea67f61-a267-53d6-b251-bf32fb3ae238,2c21421b-d3c2-55c3-8144-0c1f6b3e4f6a,56,2024-07-20 16:20:19+00
3ab13abd-6b96-5298-a689-3fd7987d8f9d,8ea67f61-a267-53d6-b251-bf32fb3ae238,8243c793-3801-5a72-86e5-9ab29d8d498d,18,2024-07-20 16:20:19+00
5f35e9a6-5071-52eb-acac-a7e313ec9c67,8ea67f61-a267-53d6-b251-bf32fb3ae238,eb65b5fa-c2cb-589b-9049-2b6c7bf4d22d,21,2024-07-20 16:20:19+00
9965553e-b119-5e56-a0de-85df45969447,8ea67f61-a267-53d6-b251-bf32fb3ae238,015ee94d-a0dc-5a3a-96b4-4318093cd0c8,32,2024-07-20 16:20:19+00
41fb8107-1511-5d76-b8b2-154ca62a560e,c1e9a742-7208-5c79-9ea1-41789de1e931,eb65b5fa-c2cb-589b-9049-2b6c7bf4d22d,51,2024-01-03 22:11:43+00
4e0fd366-f468-5d63-915d-79a9f619f5de,c1e9a742-7208-5c79-9ea1-41789de1e931,2c21421b-d3c2-55c3-8144-0c1f6b3e4f6a,57,2024-01-03 22:11:43+00
bcc7d6c9-fc8d-52f3-9eee-347bbb98140a,c1e9a742-7208-5c79-9ea1-41789de1e931,1b8e1d0e-392d-5e23-854a-832f0d6ac35d,49,2024-01-03 22:11:43+00
175c0cad-35e4-5195-a1e3-1e94eddc6f91,c1e9a742-7208-5c79-9ea1-41789de1e931,f40bf37b-20d6-5349-82b6-18cbd1f10e83,56,2024-01-03 22:11:43+00
359113d5-f851-5fbb-81ab-a3c5d2c81c3d,c9e74f4c-ff53-5132-9107-2a383d0f8189,22326882-02d4-5cec-806a-1e1016a55411,35,2024-03-05 18:07:38+00
bf430e84-2508-5e4e-8046-5de3e03f4405,0ee49796-fbcf-53a4-9b23-8af3b6881af7,87bd34d0-75d8-568d-abd0-77f535fdb719,35,2024-11-28 19:42:44+00
3af61dc0-830b-508e-be2b-e139bcbcabcf,0ee49796-fbcf-53a4-9b23-8af3b6881af7,a4acb526-e0ea-590e-9293-ff9e90059c15,15,2024-11-28 19:42:44+00
35756114-35d0-5fce-87b9-565520f53e34,0ee49796-fbcf-53a4-9b23-8af3b6881af7,bcd21179-c89f-5095-808a-e72f06c0841d,36,2024-11-28 19:42:44+00
e7c8414c-92f6-51cb-adc3-5a9d935637e2,0ee49796-fbcf-53a4-9b23-8af3b6881af7,df03a7e9-20ca-5987-a644-76566671155b,42,2024-11-28 19:42:44+00
7db8f2fb-2f9d-5ef5-8572-8e75e73b56c6,b152ba7d-936c-5930-9c63-efcc3f829e4f,72067051-48fc-5737-a00c-93c490bd0b34,59,2024-10-02 13:00:32+00
6d7bea7c-4291-551e-ab3f-614b7242d2c9,b152ba7d-936c-5930-9c63-efcc3f829e4f,605027f9-8c6a-5d9a-80f7-9d3d42930f12,43,2024-10-02 13:00:32+00
768bb57f-7768-55dd-a27a-e480521d4677,b152ba7d-936c-5930-9c63-efcc3f829e4f,43239255-9abf-522a-a0ca-d242c13539cf,7,2024-10-02 13:00:32+00
89e99d9d-76d3-5228-b40f-05d589d5bd88,b152ba7d-936c-5930-9c63-efcc3f829e4f,047edcf5-114c-5342-b495-232fc4aaf6fe,37,2024-10-02 13:00:32+00
e10e62ff-465d-5d57-b0af-fb294eae370b,cdf20679-9986-56d1-b47d-9fb7b6129a09,4bb3265f-5fd8-5ee9-b01b-7ca5808bca6b,72,2024-11-09 23:04:08+00
aeb12bc4-53ff-578f-96a5-0608a163b08e,cdf20679-9986-56d1-b47d-9fb7b6129a09,72067051-48fc-5737-a00c-93c490bd0b34,282,2024-11-09 23:04:08+00
5b257fb8-c2a0-5389-85d1-6613f2ebac98,cdf20679-9986-56d1-b47d-9fb7b6129a09,2c21421b-d3c2-55c3-8144-0c1f6b3e4f6a,370,2024-11-09 23:04:08+00
92fbc88d-cd2f-5f3c-b74d-284e40bbb093,09ebac59-9bee-5ec6-b9b7-1ba1f96385dd,d02cf696-fbfe-56b7-8ff3-89608483ee25,37,2024-12-23 22:19:39+00
c500bb13-5aad-5c4e-b023-dedbeda2d648,09ebac59-9bee-5ec6-b9b7-1ba1f96385dd,721d117c-620d-5f92-b800-3e89864cc8d3,43,2024-12-23 22:19:39+00
9003b6ea-4bdd-568f-b718-c6a042bb89ac,09ebac59-9bee-5ec6-b9b7-1ba1f96385dd,ef9ef5f5-f4f4-5cf3-8420-397a6fcbf152,13,2024-12-23 22:19:39+00
99eda04e-72f4-52d9-9169-3409302ef488,09ebac59-9bee-5ec6-b9b7-1ba1f96385dd,85ee2954-52d3-5ec2-8fea-0575175559ac,31,2024-12-23 22:19:39+00
85bce456-cc40-5248-bdc8-ab4b29910cf6,f0e86baa-0d05-5d76-906b-4471adb8dceb,3f7c929e-b070-5624-afcb-413255a3e8b7,16,2024-10-20 11:19:16+00
0b632e89-d534-5067-b7f6-2cb87de20653,f0e86baa-0d05-5d76-906b-4471adb8dceb,eb65b5fa-c2cb-589b-9049-2b6c7bf4d22d,36,2024-10-20 11:19:16+00
856ee43d-85c8-5fc9-822c-d58f8508a0d6,f0e86baa-0d05-5d76-906b-4471adb8dceb,72067051-48fc-5737-a00c-93c490bd0b34,36,2024-10-20 11:19:16+00
3bd2d36e-e1de-547b-ae11-91c7e8136e49,f0e86baa-0d05-5d76-906b-4471adb8dceb,22326882-02d4-5cec-806a-1e1016a55411,40,2024-10-20 11:19:16+00
99f5ef1c-da9b-5db9-addd-0d30339fb0e3,3831ff71-5811-5c46-80c6-72dc6e0458fd,515f77ef-9c32-5e75-81c3-2b3795c000f2,98,2024-09-22 10:11:55+00
5851b5d5-aa98-5d40-872c-ac439c3e6fb9,3831ff71-5811-5c46-80c6-72dc6e0458fd,3ba63656-6a91-5254-8fd9-1b6d20dced02,327,2024-09-22 10:11:55+00
c80f1cc8-084e-5a0f-a730-75d31c3fcf44,3831ff71-5811-5c46-80c6-72dc6e0458fd,f3c9e6db-5001-5325-b688-27d1d3fc04c1,214,2024-09-22 10:11:55+00
bfa7b857-f0ac-58ed-b37d-1df5d1674524,63a98f64-c707-55b1-8d96-d012c7f87331,6e22d3ea-9fc0-56fa-a367-352e633df40c,33,2024-01-25 00:10:19+00
3b1cc3d0-b87c-5dd8-9991-c90ea6950503,a6ea28c5-86b2-57e7-81e4-38bb9b137879,22326882-02d4-5cec-806a-1e1016a55411,28,2024-03-26 09:38:23+00
cd0a6ccc-57df-5592-b851-d0df44107f5f,5b6be6a5-8d1a-58bf-9632-7c0577a46486,ce143825-d54b-50ec-92fe-c61fdb5ae610,33,2024-10-24 09:10:31+00
8b9acfde-2f87-502d-84d9-4e48754ce319,6a1a31b2-b53d-512d-9d32-291e021f2513,1b8e1d0e-392d-5e23-854a-832f0d6ac35d,45,2024-10-11 12:34:28+00
9f5bae4e-2a29-5a77-8aaf-0fbf73d1157c,6a1a31b2-b53d-512d-9d32-291e021f2513,12d2e257-18af-5ea5-9b8e-109e869b4b9e,53,2024-10-11 12:34:28+00
138cf832-f9b5-5467-b2cc-359366c65ff9,6a1a31b2-b53d-512d-9d32-291e021f2513,72067051-48fc-5737-a00c-93c490bd0b34,55,2024-10-11 12:34:28+00
f73f1af8-8f52-5e44-bac9-f4b358d91b74,6a1a31b2-b53d-512d-9d32-291e021f2513,73148ed3-fbe9-5571-a16d-34fb5520390e,31,2024-10-11 12:34:28+00
f5fd71ab-b3b8-50b6-9b79-d9dc8fc43600,32422e51-896f-5bd6-8eda-0c3363da4cae,5b72fcba-23c2-5ea7-9dc2-b32eca367733,213,2024-09-01 15:09:56+00
af2b54a7-5b6f-527d-ac40-9dce6337ea8a,145fdf11-be5c-598e-a0f1-dca7623d84b5,c388846e-4e3c-5d57-b61f-ed13c7edc4da,23,2024-03-25 22:02:31+00
0ffc59e7-d557-59a7-9610-62460a474e83,31cc11d0-0240-51df-8b5c-90b1eff1d89d,263e995b-8be3-5198-adb6-aa81c41bf770,33,2024-11-24 13:23:29+00
56af17ed-dc4b-5c9c-9678-009f981c13f0,31cc11d0-0240-51df-8b5c-90b1eff1d89d,5e41eef3-c306-5dd1-ab8c-d305ebc7c2d5,44,2024-11-24 13:23:29+00
5fb45481-3953-5737-8a2b-c9c20c24214b,b8324651-e5ed-5808-b52d-cdabf9af16d5,b8b98483-157a-5ddb-81bf-f65f95613caa,39,2024-11-29 23:44:17+00
d2a41a3f-73f1-518a-ba55-1a2d53bd829a,d90093b0-3d90-5012-a597-f5639b6dbc20,5abd18e8-de32-5af1-b593-d3190e9164a5,6,2024-09-07 09:34:55+00
c19b8514-4ce9-5cb1-b8d2-d3216adbe14a,d90093b0-3d90-5012-a597-f5639b6dbc20,5e41eef3-c306-5dd1-ab8c-d305ebc7c2d5,42,2024-09-07 09:34:55+00
8a1b0fd8-5e42-55c7-853b-6547a49dbb93,25e5a949-04ed-5f5f-85e4-3b40bd182009,6e22d3ea-9fc0-56fa-a367-352e633df40c,53,2024-09-24 08:25:27+00
14ca20e5-9a0f-5831-97d3-b31239471022,2c418c81-2bcb-55db-87e5-4a6a662c75b6,571424b7-2fc1-5ceb-8982-7426cc703fff,24,2024-03-04 23:00:21+00
88eb81b6-6389-59dd-8545-4d653348517d,2c418c81-2bcb-55db-87e5-4a6a662c75b6,59115f56-acf8-50f7-9dfd-c99816aa2172,48,2024-03-04 23:00:21+00
3bccc7e4-a724-55e4-819b-518126149072,ac3ad94b-96a5-517a-923f-bd80bdbd96a4,d6481438-ce10-5e85-8b0a-fbc48dcd19e7,14,2024-09-11 16:39:45+00
d18d1f4c-269e-5960-9f7b-1f037960bcd2,ac3ad94b-96a5-517a-923f-bd80bdbd96a4,03daeeea-7468-535a-a03a-78f80e9f433f,10,2024-09-11 16:39:45+00
af05be94-e7dc-50c6-95f1-07d9cff22788,ac3ad94b-96a5-517a-923f-bd80bdbd96a4,73148ed3-fbe9-5571-a16d-34fb5520390e,13,2024-09-11 16:39:45+00
8d09fbb2-d7f1-500a-a62a-c60bf7359e2e,ac3ad94b-96a5-517a-923f-bd80bdbd96a4,df03a7e9-20ca-5987-a644-76566671155b,9,2024-09-11 16:39:45+00
2c8398c5-ae8b-526e-9f7a-38c337a34025,7f793eef-8982-55e0-abc5-0c6d446a8d2c,73148ed3-fbe9-5571-a16d-34fb5520390e,33,2024-09-26 22:35:25+00
613d9f39-a803-5ba4-b0a1-b7ee9783426c,7f793eef-8982-55e0-abc5-0c6d446a8d2c,047edcf5-114c-5342-b495-232fc4aaf6fe,51,2024-09-26 22:35:25+00
5d5cdd86-1a19-545d-b7bf-613ab8892d66,7f793eef-8982-55e0-abc5-0c6d446a8d2c,7139ebf2-1aff-593d-9366-22949a04fd61,14,2024-09-26 22:35:25+00
0abbd7f8-f1d2-5b4d-90a9-698ff1f898e9,7f793eef-8982-55e0-abc5-0c6d446a8d2c,047edcf5-114c-5342-b495-232fc4aaf6fe,50,2024-09-26 22:35:25+00
cd61e703-00a6-57c7-aac5-c36c33addda0,ad97aa28-1590-5216-b5dd-dbc4abfaa769,3ba63656-6a91-5254-8fd9-1b6d20dced02,348,2024-09-23 11:31:05+00
77a460a7-aacf-5e7a-bdc6-498812c76560,ad97aa28-1590-5216-b5dd-dbc4abfaa769,a4acb526-e0ea-590e-9293-ff9e90059c15,101,2024-09-23 11:31:05+00
5d3cb283-b75e-566d-b49f-0167ac25d88d,ad97aa28-1590-5216-b5dd-dbc4abfaa769,43239255-9abf-522a-a0ca-d242c13539cf,60,2024-09-23 11:31:05+00
48a8e414-2386-5f86-b171-a2a1fadc0a2d,d90dffd5-d4d0-5cb5-b9d0-e1ae3968c842,87bd34d0-75d8-568d-abd0-77f535fdb719,55,2024-03-01 21:25:33+00
ad08ea37-ff52-57d3-b3da-0526933f23cb,d90dffd5-d4d0-5cb5-b9d0-e1ae3968c842,6e22d3ea-9fc0-56fa-a367-352e633df40c,24,2024-03-01 21:25:33+00
930b80a6-a617-5f9f-892f-4f7db2f96b00,4091a1cb-9c0f-597a-9dd7-c7f637c82405,cf40a232-f9b9-5adf-afb6-0a981f2ffcf7,41,2024-10-01 09:37:22+00
1a48f745-672f-534f-a4c4-28e273341d68,4091a1cb-9c0f-597a-9dd7-c7f637c82405,df03a7e9-20ca-5987-a644-76566671155b,26,2024-10-01 09:37:22+00
b85837dd-3d2d-5d74-bb5a-472a07535ee3,4091a1cb-9c0f-597a-9dd7-c7f637c82405,70b50d29-9125-53dc-a829-c961b011e429,58,2024-10-01 09:37:22+00
73d2b395-d11b-54de-a88f-4ca4f0e34604,4091a1cb-9c0f-597a-9dd7-c7f637c82405,eb65b5fa-c2cb-589b-9049-2b6c7bf4d22d,13,2024-10-01 09:37:22+00
67a46cb8-e36b-5921-864c-f2c23a7d1ba2,607c465b-02c2-50e0-b4e4-e93992f2ff02,2c21421b-d3c2-55c3-8144-0c1f6b3e4f6a,47,2024-09-15 23:30:39+00
1ba305dc-c4c2-5228-9e1b-fbbff2121342,ac48c80e-23db-5f4c-a758-79997ba8dd43,98f9ed1d-3d10-5a68-a387-66981e9dde59,41,2024-09-18 08:30:14+00
77f94dfe-e1d5-5780-9c3d-654399c1b122,ac48c80e-23db-5f4c-a758-79997ba8dd43,dbfbb0d5-1eb8-59dd-bad5-834d7a45a348,40,2024-09-18 08:30:14+00
175f6462-55f7-5fd9-b963-8173f204fc5e,041c6a48-cc4b-5a9f-9b5a-79c59a0c7501,70b50d29-9125-53dc-a829-c961b011e429,37,2024-11-26 00:42:14+00
99ea58fe-6e86-5467-8be2-cc037512dac0,041c6a48-cc4b-5a9f-9b5a-79c59a0c7501,3ba63656-6a91-5254-8fd9-1b6d20dced02,47,2024-11-26 00:42:14+00
43615ff5-26c3-55fb-b594-25bf22d23432,854cc2d9-0243-5de1-a692-5868a28cf26c,5b72fcba-23c2-5ea7-9dc2-b32eca367733,56,2024-04-02 16:14:02+00
b05d281e-0158-5b7d-b630-3a06aa703ccc,854cc2d9-0243-5de1-a692-5868a28cf26c,4ccb08b0-f9e0-5e25-89e3-bea409b0d0cb,30,2024-04-02 16:14:02+00
774f7afb-12f1-5b61-b4ae-9c10366084a8,854cc2d9-0243-5de1-a692-5868a28cf26c,047edcf5-114c-5342-b495-232fc4aaf6fe,60,2024-04-02 16:14:02+00
21df0c11-792d-545c-9b8e-eee84149964f,854cc2d9-0243-5de1-a692-5868a28cf26c,721d117c-620d-5f92-b800-3e89864cc8d3,32,2024-04-02 16:14:02+00
98fe5e71-6c57-5660-b7fb-e62e7de40101,82a67d84-6f78-55d1-aaf7-1f981544a580,637d71e2-55cf-575a-87f5-1bcee0d0072a,14,2024-01-14 00:17:33+00
a7600a07-1f5e-5b24-94e9-dfdf8191cc30,82a67d84-6f78-55d1-aaf7-1f981544a580,c914dcac-18fe-5928-87c0-80e93bb776c2,14,2024-01-14 00:17:33+00
f330523b-ea0d-57f3-8f10-671cd16d7562,edc6ae4b-ad10-5f29-8e99-b17a4132b71e,85ee2954-52d3-5ec2-8fea-0575175559ac,90,2024-07-27 18:22:12+00
838219c4-e674-5b0f-8070-a99b2e1c1b7f,edc6ae4b-ad10-5f29-8e99-b17a4132b71e,03daeeea-7468-535a-a03a-78f80e9f433f,205,2024-07-27 18:22:12+00
d0ef3a85-625c-5c58-a5a9-eeede6705406,edc6ae4b-ad10-5f29-8e99-b17a4132b71e,3ba63656-6a91-5254-8fd9-1b6d20dced02,66,2024-07-27 18:22:12+00
dfc69664-9e0e-59b9-8963-945fbefc20c7,0602f783-289f-5f2c-a649-71aae44af0d2,0f7722fa-332a-5a19-922d-1d9cab8dda65,25,2024-11-02 01:34:43+00
fb29d430-599e-5c23-a9b2-09c296395608,0602f783-289f-5f2c-a649-71aae44af0d2,03daeeea-7468-535a-a03a-78f80e9f433f,9,2024-11-02 01:34:43+00
ec5e15c3-65f5-5c5c-bbf4-8ac8d4b9599c,0602f783-289f-5f2c-a649-71aae44af0d2,03daeeea-7468-535a-a03a-78f80e9f433f,45,2024-11-02 01:34:43+00
f11b86bb-7366-5041-a3dc-ca21d3c3c3dc,d144e99c-2303-5a65-a28c-c5c6060c7309,6a379419-7f07-55f2-a7a1-c92bb24d1f27,41,2024-01-10 20:40:00+00
0799b35d-d687-51d7-98fc-d910b1807506,d144e99c-2303-5a65-a28c-c5c6060c7309,5b72fcba-23c2-5ea7-9dc2-b32eca367733,59,2024-01-10 20:40:00+00
e95c69a5-e622-5ae8-913f-f4af9be7c752,ae875f22-38af-54f0-8685-69546b3e43c5,ebdcc5e9-63c3-5a52-9521-f031c6154feb,5,2024-04-14 18:11:28+00
d1bfc936-e995-550a-82a6-e792812d6063,ae875f22-38af-54f0-8685-69546b3e43c5,2c21421b-d3c2-55c3-8144-0c1f6b3e4f6a,23,2024-04-14 18:11:28+00
02fbed97-dd2e-518d-a6a5-24fb9e7bb61d,ae875f22-38af-54f0-8685-69546b3e43c5,48b59f70-e096-547d-97be-0afd9e0ef1f4,5,2024-04-14 18:11:28+00
4ca42c33-b1d8-5b35-8733-824a86840842,ae875f22-38af-54f0-8685-69546b3e43c5,cf40a232-f9b9-5adf-afb6-0a981f2ffcf7,22,2024-04-14 18:11:28+00
96d7a6d0-e86f-542a-a964-10fde96c51e6,1adf2db5-9ca4-53ed-97ca-8ee4baf37d4a,6a379419-7f07-55f2-a7a1-c92bb24d1f27,85,2024-11-07 17:34:50+00
8139d582-5389-5722-9890-759c417b7dae,c30bee7c-8743-5fd7-846c-9ed000fff4ff,721d117c-620d-5f92-b800-3e89864cc8d3,45,2024-03-03 18:19:04+00
4e3a9986-3c44-58a6-b16d-aa21b423a93f,c30bee7c-8743-5fd7-846c-9ed000fff4ff,df03a7e9-20ca-5987-a644-76566671155b,22,2024-03-03 18:19:04+00
745ce0fc-f839-56a3-afc9-9344d4243a61,c30bee7c-8743-5fd7-846c-9ed000fff4ff,4ccb08b0-f9e0-5e25-89e3-bea409b0d0cb,26,2024-03-03 18:19:04+00
df7bb40d-4222-52c2-95c2-be4634f59fa9,2b533ab4-f4b5-5e96-afca-ecb2ede940ee,c0f44500-e1d1-59e0-b53b-e0e98b24a7cf,5,2024-11-02 21:09:07+00
4416dd17-e916-51fe-8317-796b8057d723,2b533ab4-f4b5-5e96-afca-ecb2ede940ee,03daeeea-7468-535a-a03a-78f80e9f433f,40,2024-11-02 21:09:07+00
447cc6d0-072e-5366-bf10-cca0d89ffedb,2b533ab4-f4b5-5e96-afca-ecb2ede940ee,047edcf5-114c-5342-b495-232fc4aaf6fe,53,2024-11-02 21:09:07+00
284b4d43-3ef9-54fd-9fe5-64e7f6c07fd1,2b533ab4-f4b5-5e96-afca-ecb2ede940ee,5b72fcba-23c2-5ea7-9dc2-b32eca367733,55,2024-11-02 21:09:07+00
3e23d5db-ca9c-53af-9405-5cfdc9805ee6,cb58edf6-95d5-5ece-bd47-1666392bc32a,85ee2954-52d3-5ec2-8fea-0575175559ac,16,2024-11-29 17:30:23+00
b866ed8e-e0b9-5040-92fd-95ac6396dd87,cb58edf6-95d5-5ece-bd47-1666392bc32a,dfaf50bf-7ed8-5e30-b115-e55c44d8e0c1,12,2024-11-29 17:30:23+00
f765769d-4670-55d2-a429-6b5e931e22c8,cb58edf6-95d5-5ece-bd47-1666392bc32a,5e2cc5fc-7d5b-5bba-ad99-4412ab325860,33,2024-11-29 17:30:23+00
db2fa086-1e30-5520-92a7-8ee52e1deaa8,e8eda72c-5e4d-517d-8077-8663aa48eb3c,d02cf696-fbfe-56b7-8ff3-89608483ee25,36,2024-11-12 11:06:08+00
0398ce97-2841-5def-b469-e816e27b06b0,e8eda72c-5e4d-517d-8077-8663aa48eb3c,b8b98483-157a-5ddb-81bf-f65f95613caa,22,2024-11-12 11:06:08+00
7446fe2b-4ec2-55af-bc8e-0477c8119366,2645d4a0-c2c5-5d5d-9592-ff6dc2276345,48b59f70-e096-547d-97be-0afd9e0ef1f4,40,2024-12-27 01:13:23+00
be7da35f-b361-50ed-83e8-b1e2792d23ea,2645d4a0-c2c5-5d5d-9592-ff6dc2276345,950c0334-92d4-54ec-b05b-35e20983883c,48,2024-12-27 01:13:23+00
0d0cdcc8-cc84-5e63-8693-8ef65d378ea3,2645d4a0-c2c5-5d5d-9592-ff6dc2276345,950c0334-92d4-54ec-b05b-35e20983883c,16,2024-12-27 01:13:23+00
d1b3e853-c3fb-56ac-b7b7-dbf26c33da83,2645d4a0-c2c5-5d5d-9592-ff6dc2276345,3f7c929e-b070-5624-afcb-413255a3e8b7,52,2024-12-27 01:13:23+00
487b71f0-17e9-5cbd-aac1-e1f9fd46eae4,06c2f149-7885-57fd-8eda-4bbff05dd415,ae16db22-a7d1-5cd3-8409-669d957eb80d,272,2024-03-24 12:13:05+00
6f8d141e-08ab-52ca-b706-f2d3527759ea,06c2f149-7885-57fd-8eda-4bbff05dd415,73148ed3-fbe9-5571-a16d-34fb5520390e,368,2024-03-24 12:13:05+00
f4aad19a-55dc-59df-bb8d-afaecad3c1a3,06c2f149-7885-57fd-8eda-4bbff05dd415,6e22d3ea-9fc0-56fa-a367-352e633df40c,205,2024-03-24 12:13:05+00
b5187454-2fcf-5f92-b9bb-96a089dd93df,d8d686a5-da2f-501e-b0e7-bf3a91bd1980,f3d43083-cf37-52fb-bc02-bff47203b7c9,8,2024-07-27 20:35:22+00
f5a5992d-e73a-5674-a083-f94fcf0e2d8d,9ec203c5-0363-5bd5-9c4f-254956181f68,f3d43083-cf37-52fb-bc02-bff47203b7c9,49,2024-08-04 00:00:21+00
e1c86efa-4d49-53a2-b96e-b06799680d30,0f998c81-1136-553b-8912-346a8b17d85b,98f9ed1d-3d10-5a68-a387-66981e9dde59,35,2024-02-08 19:22:28+00
9336147e-e3d4-5e8c-8931-79a4aae09a82,47c35b61-29b1-595d-b926-bb8ea17765b9,7698a25a-a051-53c9-ae74-597da202ffca,38,2024-09-27 12:16:52+00
e4a6f79b-2531-5773-97a9-c030b09a9f8b,44e3239b-dab2-5862-82d5-d1606151a1c9,0f7722fa-332a-5a19-922d-1d9cab8dda65,7,2024-02-08 01:06:31+00
f546b1fd-55e0-5e75-8f9f-635671179687,4e68dfd5-66c5-5970-b389-18dc76b304bd,015ee94d-a0dc-5a3a-96b4-4318093cd0c8,48,2024-09-26 15:03:44+00
94e5fb84-d618-568c-9719-ef471386d5a2,924c3e08-ddf3-5305-8be9-b1160d5dd21d,49690aee-94fa-525b-b5ce-92feaf54b957,29,2024-10-04 17:28:03+00
cf69cc50-7ec8-522d-bf7a-4b543d3d8e59,cc517f64-7f32-579e-b389-a1c5ed19952f,c388846e-4e3c-5d57-b61f-ed13c7edc4da,26,2024-08-08 01:23:11+00
a7d17912-5075-50dc-acba-3db1ba2c4c6f,cc517f64-7f32-579e-b389-a1c5ed19952f,015ee94d-a0dc-5a3a-96b4-4318093cd0c8,11,2024-08-08 01:23:11+00
e252e329-a69f-5d57-bce2-1179757a702a,cc517f64-7f32-579e-b389-a1c5ed19952f,e3a10959-a74e-5cdd-bd80-3c24836fb062,42,2024-08-08 01:23:11+00
086e20f9-dd71-5b23-a16a-cbd6379295c0,cc517f64-7f32-579e-b389-a1c5ed19952f,5e2cc5fc-7d5b-5bba-ad99-4412ab325860,41,2024-08-08 01:23:11+00
42f5deeb-fb35-53fb-8f25-e445a8e2d074,fc3950c4-1f71-5df6-b848-caa141dfd9ff,fc7fc417-cce4-5f70-a6f1-8ce7a0edf5e9,56,2024-09-17 20:32:51+00
aee83b4d-b785-5f68-ac65-e3985dcc2567,fc3950c4-1f71-5df6-b848-caa141dfd9ff,3f7c929e-b070-5624-afcb-413255a3e8b7,24,2024-09-17 20:32:51+00
e0c7fa5a-5dd3-537f-a047-ccb21439a743,b37f25ad-b3d2-546c-9857-d66e6d757196,eb65b5fa-c2cb-589b-9049-2b6c7bf4d22d,26,2024-09-19 21:36:56+00
18b65772-f3fb-543b-a64d-13d1ecce7a57,b37f25ad-b3d2-546c-9857-d66e6d757196,dfaf50bf-7ed8-5e30-b115-e55c44d8e0c1,38,2024-09-19 21:36:56+00
6f3d106d-e7c8-51e7-8c24-e1cdb415ee68,b37f25ad-b3d2-546c-9857-d66e6d757196,87bd34d0-75d8-568d-abd0-77f535fdb719,8,2024-09-19 21:36:56+00
47c95127-8268-5913-9fcf-30adb5127c33,5c4c9cf7-79c9-5024-aaf9-69fa7ad3b2e5,721d117c-620d-5f92-b800-3e89864cc8d3,17,2024-10-13 16:13:20+00
a5fd3cf7-a961-56e1-8f1c-3641916b9610,345d0c25-e291-5869-8530-e27ee66add5d,72067051-48fc-5737-a00c-93c490bd0b34,26,2024-12-21 23:22:36+00
19bc2232-355a-547d-b155-861e96ac5e4b,345d0c25-e291-5869-8530-e27ee66add5d,49690aee-94fa-525b-b5ce-92feaf54b957,55,2024-12-21 23:22:36+00
c02665ee-14ee-5913-bc85-55cd258ff70b,345d0c25-e291-5869-8530-e27ee66add5d,093be7d5-f016-5f2c-b71d-4dce4b0e9514,19,2024-12-21 23:22:36+00
7fb23dbe-b10f-5eac-bc15-0fd1d78c82f5,d9142b6c-59d2-5baf-a4e7-0e4e4d0900fa,ab9d2edf-ae6c-55be-beec-404b29edda19,18,2024-11-23 19:31:50+00
d36a0cf0-9b3a-5a1a-9359-0cda5b50c028,d9142b6c-59d2-5baf-a4e7-0e4e4d0900fa,c0f44500-e1d1-59e0-b53b-e0e98b24a7cf,28,2024-11-23 19:31:50+00
da81a57c-b973-5b28-a902-75e3cafb548d,d9142b6c-59d2-5baf-a4e7-0e4e4d0900fa,9096801a-a6fd-5ca3-a667-34759b5adb9e,6,2024-11-23 19:31:50+00
72f3836a-46af-5699-8a24-4c38db0e39e7,62d008d8-47d8-57d6-87b1-d2536327995a,98f9ed1d-3d10-5a68-a387-66981e9dde59,17,2024-03-13 20:43:05+00
0ea4d039-9117-559b-9561-1b53ec98a238,b6dc1e62-fca4-54b4-8f1c-624ecd6efc08,f3c9e6db-5001-5325-b688-27d1d3fc04c1,11,2024-11-06 13:37:51+00
7f6ff200-fa17-5cbb-a23d-acd3e04cb665,b6dc1e62-fca4-54b4-8f1c-624ecd6efc08,fc7fc417-cce4-5f70-a6f1-8ce7a0edf5e9,29,2024-11-06 13:37:51+00
6d5d2f88-cc0c-5124-ad5d-33853dce78e0,eedb35b9-65cc-5fe2-b0ac-3f65ccfb1f4e,e3a10959-a74e-5cdd-bd80-3c24836fb062,12,2024-09-15 11:25:14+00
7478613b-0486-5d2e-9d35-c9241331ec30,eedb35b9-65cc-5fe2-b0ac-3f65ccfb1f4e,3f7c929e-b070-5624-afcb-413255a3e8b7,55,2024-09-15 11:25:14+00
38f7b4b1-f05a-5de1-86ee-4cce02428faf,eedb35b9-65cc-5fe2-b0ac-3f65ccfb1f4e,e7c66ad7-b5d3-5271-9438-d4741c6f9cbc,29,2024-09-15 11:25:14+00
8ef0e2be-e32a-52c5-9cbf-f72f55b15e21,eedb35b9-65cc-5fe2-b0ac-3f65ccfb1f4e,76ce6f91-8d47-5bfd-a8a9-b086d8728beb,43,2024-09-15 11:25:14+00
87475ac8-de48-53c7-890f-0980c72ba220,1a4d02d5-651b-5dca-b6e1-8b9d5b7fa99c,6e22d3ea-9fc0-56fa-a367-352e633df40c,45,2024-03-19 11:36:33+00
9e2de4cc-033d-5e76-b78b-6b0b859aaaa1,1a4d02d5-651b-5dca-b6e1-8b9d5b7fa99c,3f7c929e-b070-5624-afcb-413255a3e8b7,59,2024-03-19 11:36:33+00
10665b56-1a9a-5dc8-a15e-30183f7a596d,b2701f20-0642-5459-9c9a-b51b2104b5af,48b59f70-e096-547d-97be-0afd9e0ef1f4,37,2024-10-26 23:05:33+00
2835dfab-6bc2-5d7c-a611-d3d6322d672d,cb7c6acc-accd-5261-964e-39240431592a,6feb3ffe-e89f-55ab-81d5-d9b136a73c27,49,2024-11-27 00:35:25+00
8e453e1b-0f69-5ed3-87fd-75423f9abcc5,cb7c6acc-accd-5261-964e-39240431592a,093be7d5-f016-5f2c-b71d-4dce4b0e9514,35,2024-11-27 00:35:25+00
722f4f35-2c42-5fd1-832a-85b82a574e52,cb7c6acc-accd-5261-964e-39240431592a,263e995b-8be3-5198-adb6-aa81c41bf770,45,2024-11-27 00:35:25+00
505d15af-bcf9-5091-b111-9c82bf0377a7,45e97d30-c6e6-5e8a-b16f-02c73da998f7,dbfbb0d5-1eb8-59dd-bad5-834d7a45a348,32,2024-10-25 16:13:51+00
bcd01710-9e5a-5d06-a4ef-04a90ebf0769,45e97d30-c6e6-5e8a-b16f-02c73da998f7,59115f56-acf8-50f7-9dfd-c99816aa2172,15,2024-10-25 16:13:51+00
6f161d8c-28f5-5539-8e81-eb8af874edec,fd996cef-b1fe-5721-85fc-d9b0cdddcd77,d02cf696-fbfe-56b7-8ff3-89608483ee25,42,2024-07-10 20:09:10+00
993b1ed0-ec8e-537c-b4df-f4387b44c6ed,fd996cef-b1fe-5721-85fc-d9b0cdddcd77,5bfb3415-c6ae-5fa3-a84b-8a98a543ab9a,44,2024-07-10 20:09:10+00
e08f1f64-74c7-5546-8556-47ea364a99cd,fd996cef-b1fe-5721-85fc-d9b0cdddcd77,df03a7e9-20ca-5987-a644-76566671155b,34,2024-07-10 20:09:10+00
5bd11bc2-4f9b-5f27-aca5-2b70e0322517,787fbb2f-146b-5e54-bcac-b68ddd739d53,6852d7e8-9827-5aa7-a439-140e7dac645a,27,2024-07-07 23:26:06+00
b40e6570-c818-5fb2-9680-4cd347743285,787fbb2f-146b-5e54-bcac-b68ddd739d53,43239255-9abf-522a-a0ca-d242c13539cf,58,2024-07-07 23:26:06+00
5e8ccf7a-998f-5506-8715-4724bb6afcd5,787fbb2f-146b-5e54-bcac-b68ddd739d53,5e41eef3-c306-5dd1-ab8c-d305ebc7c2d5,46,2024-07-07 23:26:06+00
6146615e-a38a-5566-9a20-2e7619225060,0d5440a8-6f89-5139-9d8d-6d948a4da1f5,ce143825-d54b-50ec-92fe-c61fdb5ae610,385,2024-05-21 19:04:52+00
a40fb1ca-833d-5144-9587-4bd35a67d328,0d5440a8-6f89-5139-9d8d-6d948a4da1f5,6a379419-7f07-55f2-a7a1-c92bb24d1f27,389,2024-05-21 19:04:52+00
cc3e1013-4de4-5a5f-b900-33855c855f8e,0d5440a8-6f89-5139-9d8d-6d948a4da1f5,5e2cc5fc-7d5b-5bba-ad99-4412ab325860,349,2024-05-21 19:04:52+00
19b2bbf9-277f-5aa8-9666-de073e6c4b3e,5a5a8067-deff-5274-93db-24a8ce9cf652,605027f9-8c6a-5d9a-80f7-9d3d42930f12,53,2024-10-05 20:20:26+00
23a64bfb-b863-559d-9374-63b09dc19af1,5a5a8067-deff-5274-93db-24a8ce9cf652,70b50d29-9125-53dc-a829-c961b011e429,46,2024-10-05 20:20:26+00
7bf3a821-99d6-59c7-af20-44e3c54c9950,5a5a8067-deff-5274-93db-24a8ce9cf652,12d2e257-18af-5ea5-9b8e-109e869b4b9e,60,2024-10-05 20:20:26+00
97b5d539-57e8-5a86-a10b-56ecc7f43b19,5a5a8067-deff-5274-93db-24a8ce9cf652,d02cf696-fbfe-56b7-8ff3-89608483ee25,51,2024-10-05 20:20:26+00
263f3975-84cd-581d-a68e-96562a87f8b7,bde9edb5-5629-5fd0-ad20-11f2696a13d6,5b72fcba-23c2-5ea7-9dc2-b32eca367733,25,2024-08-30 19:37:43+00
4a5d7b3a-a4d5-5110-b8ee-47755137fdca,bde9edb5-5629-5fd0-ad20-11f2696a13d6,73148ed3-fbe9-5571-a16d-34fb5520390e,54,2024-08-30 19:37:43+00
0bbfafee-f33b-594a-84ae-e1a301722732,bde9edb5-5629-5fd0-ad20-11f2696a13d6,72067051-48fc-5737-a00c-93c490bd0b34,18,2024-08-30 19:37:43+00
996ee627-5f9a-5e0e-a7b0-3c4b39267a2e,ca33e549-2411-54d6-a81a-8d3238895863,093be7d5-f016-5f2c-b71d-4dce4b0e9514,56,2024-10-12 16:39:25+00
709b0290-9e6b-529e-9216-f1fd105808b3,a46a8f2d-0e0a-502b-9c47-4b33c148db4c,4ccb08b0-f9e0-5e25-89e3-bea409b0d0cb,42,2024-06-30 21:29:03+00
f55e5174-c2a4-5a26-8d1f-2f910af31f47,a46a8f2d-0e0a-502b-9c47-4b33c148db4c,b8b98483-157a-5ddb-81bf-f65f95613caa,13,2024-06-30 21:29:03+00
a756492d-90ae-5aa2-bc02-e759768eccb1,a46a8f2d-0e0a-502b-9c47-4b33c148db4c,7698a25a-a051-53c9-ae74-597da202ffca,41,2024-06-30 21:29:03+00
c7ee96a2-6bf3-539e-8ad7-dc741270fd8c,e62ee65a-f5fe-509c-8793-535d397d5709,e7c66ad7-b5d3-5271-9438-d4741c6f9cbc,29,2024-11-05 01:26:41+00
55a38889-9018-5b0e-bd67-30a9c673fb67,e7cd76f0-2a70-57ff-9f0e-3bd56dd46c5f,015ee94d-a0dc-5a3a-96b4-4318093cd0c8,48,2024-02-25 21:30:49+00
1f2fa8e3-d691-5165-a8df-5e74a46ef1f0,e7cd76f0-2a70-57ff-9f0e-3bd56dd46c5f,b8b98483-157a-5ddb-81bf-f65f95613caa,57,2024-02-25 21:30:49+00
0b1889ac-edd5-5b90-894a-f99bd81a85a9,5f40649a-c564-55a5-8f1e-f97a8c27c3f9,6feb3ffe-e89f-55ab-81d5-d9b136a73c27,9,2024-09-07 16:04:44+00
0297ce6a-94b2-5e2b-addb-11839697908b,5f40649a-c564-55a5-8f1e-f97a8c27c3f9,8110e190-2a4b-579b-be2c-511de85ab755,38,2024-09-07 16:04:44+00
d05cdd4d-eb9d-5800-bf84-0c1613dedcb0,5f40649a-c564-55a5-8f1e-f97a8c27c3f9,4ccb08b0-f9e0-5e25-89e3-bea409b0d0cb,60,2024-09-07 16:04:44+00
f34305f0-0532-5de1-801c-60e14105a6fa,56d98837-91f0-5f86-b256-bb5ef8cea516,22326882-02d4-5cec-806a-1e1016a55411,24,2024-10-18 14:32:38+00
338ceb50-8768-5f6b-b7bb-fe1dc9928d95,56d98837-91f0-5f86-b256-bb5ef8cea516,70b50d29-9125-53dc-a829-c961b011e429,15,2024-10-18 14:32:38+00
d9357719-d5bc-557c-8bb6-f8eab6300e20,4893eaf0-dfb6-5585-a736-2db82173d2e9,e3a10959-a74e-5cdd-bd80-3c24836fb062,57,2024-06-08 01:31:19+00
a7764a27-7c1d-5e60-9a2c-051bb703342e,4893eaf0-dfb6-5585-a736-2db82173d2e9,9b88c78b-34e7-51c0-8f51-940e61379648,38,2024-06-08 01:31:19+00
4856e237-b207-594b-8955-4df0331814a3,4893eaf0-dfb6-5585-a736-2db82173d2e9,950c0334-92d4-54ec-b05b-35e20983883c,36,2024-06-08 01:31:19+00
cca6368a-5465-519b-908b-57f23d0e0ef6,4893eaf0-dfb6-5585-a736-2db82173d2e9,59115f56-acf8-50f7-9dfd-c99816aa2172,7,2024-06-08 01:31:19+00
3ad1061e-c699-5d2d-8832-0cd0a7a5721e,42121a1d-9447-5560-8570-89599def6164,9b88c78b-34e7-51c0-8f51-940e61379648,16,2024-05-27 23:20:18+00
f7f3e485-0615-55af-a47f-1fffab337664,42121a1d-9447-5560-8570-89599def6164,515f77ef-9c32-5e75-81c3-2b3795c000f2,34,2024-05-27 23:20:18+00
1ffd776b-f9cc-51c7-81b2-b2666392aa2e,42121a1d-9447-5560-8570-89599def6164,8243c793-3801-5a72-86e5-9ab29d8d498d,49,2024-05-27 23:20:18+00
67b675f1-8e4a-5020-89d9-fc1e653f4e92,42121a1d-9447-5560-8570-89599def6164,f40bf37b-20d6-5349-82b6-18cbd1f10e83,49,2024-05-27 23:20:18+00
91ae4a05-4703-5605-9eb1-bca89cae94f7,f6df1ccd-4df5-5f76-bf7b-ac3fbd2202ee,093be7d5-f016-5f2c-b71d-4dce4b0e9514,31,2024-05-02 18:42:52+00
afab8274-0763-51d7-a702-717bc1d6e480,f6df1ccd-4df5-5f76-bf7b-ac3fbd2202ee,4bb3265f-5fd8-5ee9-b01b-7ca5808bca6b,12,2024-05-02 18:42:52+00
7c2bfd3d-9d5d-55c6-b644-1e4ea2500591,04aa960a-dd57-56ce-9192-97916b746398,cf629a09-093e-5b99-8bf4-da2438fa51c4,7,2024-02-09 17:22:15+00
52c72ba4-d3c2-59c4-919a-31b5814078da,04aa960a-dd57-56ce-9192-97916b746398,6852d7e8-9827-5aa7-a439-140e7dac645a,45,2024-02-09 17:22:15+00
1aa711b3-4e27-59f1-bb49-41872d79eaab,3d357a77-1233-5bc3-8ea5-b81d4e960fec,a4acb526-e0ea-590e-9293-ff9e90059c15,50,2024-08-24 22:27:15+00
48addf83-2dc1-59b9-afcb-d000a6f3733f,3d357a77-1233-5bc3-8ea5-b81d4e960fec,4ccb08b0-f9e0-5e25-89e3-bea409b0d0cb,47,2024-08-24 22:27:15+00
a3f6f63a-02a3-580c-9099-3fa2669da269,3d357a77-1233-5bc3-8ea5-b81d4e960fec,047edcf5-114c-5342-b495-232fc4aaf6fe,34,2024-08-24 22:27:15+00
f64ddb3a-badd-5af4-9689-91aedf6468ad,139ee614-d792-593b-b5e0-883d537c6977,48b59f70-e096-547d-97be-0afd9e0ef1f4,58,2024-10-07 19:29:52+00
fc14c58d-3f5b-51d2-af46-660fe5303c74,139ee614-d792-593b-b5e0-883d537c6977,d6481438-ce10-5e85-8b0a-fbc48dcd19e7,16,2024-10-07 19:29:52+00
94c65dc8-c2c6-5a5e-96cc-7ff1cb284ae7,df90a4c6-7ffb-5199-93bf-753da446a138,c7c80e8e-2456-5c4b-97cb-5d6b8aea9e11,18,2024-09-30 22:00:45+00
dc2412b4-5fd1-5fae-9466-7b83638c54e7,df90a4c6-7ffb-5199-93bf-753da446a138,e7c66ad7-b5d3-5271-9438-d4741c6f9cbc,18,2024-09-30 22:00:45+00
c1be6fe1-dd09-59ce-ad4d-f34bb3faa586,df90a4c6-7ffb-5199-93bf-753da446a138,6e22d3ea-9fc0-56fa-a367-352e633df40c,58,2024-09-30 22:00:45+00
28a73f0b-2147-589f-91a8-a669448359bd,5547fe68-b74a-5da9-9f6f-9be4f7574661,ab9d2edf-ae6c-55be-beec-404b29edda19,54,2024-09-24 17:21:02+00
f9e8bb3f-3006-527b-9dc1-59f379f5aadb,eab894dc-1a7a-5bf4-86bf-d07c9f526b71,e3a10959-a74e-5cdd-bd80-3c24836fb062,19,2024-10-03 08:28:47+00
ddcecf1a-42b0-584c-b2a4-075951a08123,eab894dc-1a7a-5bf4-86bf-d07c9f526b71,d6481438-ce10-5e85-8b0a-fbc48dcd19e7,56,2024-10-03 08:28:47+00
2e0c8e8a-8e7b-580d-8fe6-5f4352aa91c6,27a51ada-bd52-57f9-9e78-51c0aae6b42a,2c21421b-d3c2-55c3-8144-0c1f6b3e4f6a,18,2024-09-14 16:07:21+00
871a805e-ed9e-5bd0-b307-51c87fcfbcaf,27a51ada-bd52-57f9-9e78-51c0aae6b42a,f40bf37b-20d6-5349-82b6-18cbd1f10e83,32,2024-09-14 16:07:21+00
0435f1e6-3b82-583f-b942-137edd6b97da,8e6ad690-9b0a-5894-886b-ff83fb86a838,85ee2954-52d3-5ec2-8fea-0575175559ac,18,2024-04-19 17:11:51+00
b8c03a50-3f67-59e4-bafc-023bd77ac32f,8daeac10-fbb2-55e0-befd-2b48986995d3,015ee94d-a0dc-5a3a-96b4-4318093cd0c8,50,2024-09-02 09:14:55+00
7d1940d7-4885-5b9e-8a08-784dad5427a2,8daeac10-fbb2-55e0-befd-2b48986995d3,950c0334-92d4-54ec-b05b-35e20983883c,15,2024-09-02 09:14:55+00
ff9b60c4-a53c-576b-95d5-f9b30faf3981,8daeac10-fbb2-55e0-befd-2b48986995d3,d6481438-ce10-5e85-8b0a-fbc48dcd19e7,43,2024-09-02 09:14:55+00
41c0a5a5-f11a-59dc-b36b-11220dc8e464,8daeac10-fbb2-55e0-befd-2b48986995d3,85ee2954-52d3-5ec2-8fea-0575175559ac,48,2024-09-02 09:14:55+00
af043656-9b28-5cd3-b4a0-7fb8258c7790,8b243bb7-04f4-5290-9ad9-159e63e7ed96,e3a10959-a74e-5cdd-bd80-3c24836fb062,26,2024-12-21 18:43:22+00
0f566c3e-5f83-5f58-90f7-20964eab9fb8,8b243bb7-04f4-5290-9ad9-159e63e7ed96,605027f9-8c6a-5d9a-80f7-9d3d42930f12,33,2024-12-21 18:43:22+00
a3febcc1-3470-5509-80f4-93dca1d0bf79,8b243bb7-04f4-5290-9ad9-159e63e7ed96,d02cf696-fbfe-56b7-8ff3-89608483ee25,37,2024-12-21 18:43:22+00
f38b5989-1c43-57e3-b265-ef6cf87a134f,8b243bb7-04f4-5290-9ad9-159e63e7ed96,dfaf50bf-7ed8-5e30-b115-e55c44d8e0c1,19,2024-12-21 18:43:22+00
8057153a-1491-5df2-b08b-baa7470a432c,a88fa986-a878-5994-b2a2-75a13f1abfdf,fc7fc417-cce4-5f70-a6f1-8ce7a0edf5e9,28,2024-03-04 20:29:15+00
d1ee61c4-f953-5164-afc6-0d7cf7975300,54566af7-194d-5281-95a2-ad4a35355893,7698a25a-a051-53c9-ae74-597da202ffca,13,2024-04-13 18:43:49+00
7494128e-02b6-5242-8593-336eeb5af96f,54566af7-194d-5281-95a2-ad4a35355893,ebdcc5e9-63c3-5a52-9521-f031c6154feb,38,2024-04-13 18:43:49+00
dd3a7fb3-a0b5-5c6f-a8d5-3e2e0700aad2,54566af7-194d-5281-95a2-ad4a35355893,72067051-48fc-5737-a00c-93c490bd0b34,46,2024-04-13 18:43:49+00
92a02b5a-8f22-5ca2-ad6b-f26adb1b4e49,54566af7-194d-5281-95a2-ad4a35355893,98f9ed1d-3d10-5a68-a387-66981e9dde59,19,2024-04-13 18:43:49+00
aa59e5b8-ad03-58f9-88b6-661cffaea334,af8df386-612b-5b41-b9a9-bf957384c072,f3d43083-cf37-52fb-bc02-bff47203b7c9,43,2024-06-18 21:36:49+00
6ac9db48-3faf-5428-9a47-4e34360edceb,af8df386-612b-5b41-b9a9-bf957384c072,c388846e-4e3c-5d57-b61f-ed13c7edc4da,25,2024-06-18 21:36:49+00
c3eabf67-bec3-534c-8e81-de450306ff4b,1a9c0d73-aaaf-521e-8c9a-13f698631f8e,22326882-02d4-5cec-806a-1e1016a55411,13,2024-11-18 16:33:33+00
aa45d90c-0cf2-5093-860a-c77731f52cb5,1a9c0d73-aaaf-521e-8c9a-13f698631f8e,a68ed02d-80a0-5ebb-a79e-1ef7c4187de5,40,2024-11-18 16:33:33+00
63caea7c-356d-57bc-98e7-1deef03607ba,66b6c336-aa2a-56a0-be38-4d5a828e78cd,9b88c78b-34e7-51c0-8f51-940e61379648,32,2024-04-14 19:29:05+00
03b4ccff-baf9-5770-9fee-0ebcbdc5a07d,66b6c336-aa2a-56a0-be38-4d5a828e78cd,9b88c78b-34e7-51c0-8f51-940e61379648,24,2024-04-14 19:29:05+00
309f1d5e-5ef8-545d-a026-a4f7bcdecb82,1cc9406e-0f07-50de-bb2d-8b99248c2f8d,ab9d2edf-ae6c-55be-beec-404b29edda19,15,2024-08-17 19:32:50+00
2c5c4e82-2fd7-5297-b443-eda399062769,1cc9406e-0f07-50de-bb2d-8b99248c2f8d,73148ed3-fbe9-5571-a16d-34fb5520390e,37,2024-08-17 19:32:50+00
6cb62368-7178-5b88-8ce6-6a16cb3617e3,1cc9406e-0f07-50de-bb2d-8b99248c2f8d,515f77ef-9c32-5e75-81c3-2b3795c000f2,53,2024-08-17 19:32:50+00
14f1e97a-7c91-530f-9bfb-c9939aedbe80,1cc9406e-0f07-50de-bb2d-8b99248c2f8d,cf40a232-f9b9-5adf-afb6-0a981f2ffcf7,6,2024-08-17 19:32:50+00
463fa648-9dd3-5f84-85a3-f13ee5c78929,2ba4ada2-2a17-55f1-bc6e-5ef8f4fce01b,ef9ef5f5-f4f4-5cf3-8420-397a6fcbf152,24,2024-09-20 16:10:25+00
eacfd7cb-f50b-5845-9261-f1cdd10d02d1,2ba4ada2-2a17-55f1-bc6e-5ef8f4fce01b,ab9d2edf-ae6c-55be-beec-404b29edda19,40,2024-09-20 16:10:25+00
841a767e-9656-53d9-879c-d25cecc7d130,2ba4ada2-2a17-55f1-bc6e-5ef8f4fce01b,6852d7e8-9827-5aa7-a439-140e7dac645a,26,2024-09-20 16:10:25+00
c73d86dd-7719-59f4-965f-e1f63e9b4ebb,2ba4ada2-2a17-55f1-bc6e-5ef8f4fce01b,70b50d29-9125-53dc-a829-c961b011e429,17,2024-09-20 16:10:25+00
13287c79-8f0c-5ce9-afd2-704fb15a0a48,51571f04-3b5d-5a11-bbf6-dd0429c51001,72067051-48fc-5737-a00c-93c490bd0b34,30,2024-04-07 16:34:10+00
e60f88c2-128b-5659-89a3-7a40538e91fa,51571f04-3b5d-5a11-bbf6-dd0429c51001,8110e190-2a4b-579b-be2c-511de85ab755,29,2024-04-07 16:34:10+00
345aae5e-7d86-578e-a893-dc3c789b4bf3,51571f04-3b5d-5a11-bbf6-dd0429c51001,a68ed02d-80a0-5ebb-a79e-1ef7c4187de5,9,2024-04-07 16:34:10+00
99ba546e-f128-5d49-9d43-16262c0089da,51571f04-3b5d-5a11-bbf6-dd0429c51001,b8b98483-157a-5ddb-81bf-f65f95613caa,12,2024-04-07 16:34:10+00
a0217d22-89cb-5d10-84f9-5427fe2c941f,f9b0e01f-2caa-530f-be90-30220fe45fc3,5bfb3415-c6ae-5fa3-a84b-8a98a543ab9a,50,2024-10-16 18:29:47+00
ee140b0a-5443-521a-a9d8-3c3b16d402ea,f9b0e01f-2caa-530f-be90-30220fe45fc3,8110e190-2a4b-579b-be2c-511de85ab755,49,2024-10-16 18:29:47+00
7284fa36-62fe-51fa-af5a-18ba359d0e8b,f9b0e01f-2caa-530f-be90-30220fe45fc3,85ee2954-52d3-5ec2-8fea-0575175559ac,32,2024-10-16 18:29:47+00
a150c1ad-61ea-5e6b-bb67-5182c2711b44,1082ba17-9e62-5db5-95f3-3821bb861c5b,f3c9e6db-5001-5325-b688-27d1d3fc04c1,43,2024-05-04 23:24:40+00
00648841-45e8-5051-a4e5-5fe2082017d3,1082ba17-9e62-5db5-95f3-3821bb861c5b,87bd34d0-75d8-568d-abd0-77f535fdb719,21,2024-05-04 23:24:40+00
b08ea927-1b29-550f-b0eb-cdc1ca64813e,bba20bc2-c8b2-53ff-bf42-c803433ef901,a68ed02d-80a0-5ebb-a79e-1ef7c4187de5,10,2024-10-23 18:06:18+00
792dff4a-1520-5223-bc98-719b7f6590f6,bba20bc2-c8b2-53ff-bf42-c803433ef901,5e2cc5fc-7d5b-5bba-ad99-4412ab325860,32,2024-10-23 18:06:18+00
20a9f3a8-4e40-5e59-bffa-233d2016403b,bba20bc2-c8b2-53ff-bf42-c803433ef901,73148ed3-fbe9-5571-a16d-34fb5520390e,21,2024-10-23 18:06:18+00
f724e60b-af71-596d-ae43-9f6b072928df,bba20bc2-c8b2-53ff-bf42-c803433ef901,cf629a09-093e-5b99-8bf4-da2438fa51c4,39,2024-10-23 18:06:18+00
6dec05e8-ab0d-5caa-ba49-767cc2867aa8,1343e246-c255-52d5-a03a-7712ba7ec40c,015ee94d-a0dc-5a3a-96b4-4318093cd0c8,45,2024-07-15 01:28:05+00
8e790d0e-e96a-5f39-802c-9c53705e224a,cac99288-24c5-55ef-88d9-8c0668039d37,48b59f70-e096-547d-97be-0afd9e0ef1f4,57,2024-06-25 18:14:18+00
0701cd66-cfc5-52ac-8e2e-787d5f2993e3,0eb6026d-5a12-5a0f-a72f-fc0adbab5683,8110e190-2a4b-579b-be2c-511de85ab755,16,2024-10-17 14:44:40+00
9a10a421-04f8-5a21-9540-f7f94c3d03e2,0eb6026d-5a12-5a0f-a72f-fc0adbab5683,ce143825-d54b-50ec-92fe-c61fdb5ae610,36,2024-10-17 14:44:40+00
8475fc54-c8c0-5cb8-9671-41b4c115faaf,bccd890f-6672-521e-92c4-ee185254f941,5e2cc5fc-7d5b-5bba-ad99-4412ab325860,21,2024-02-26 23:14:30+00
a4d8a7b6-b017-5ffa-b9ff-08a869e5c972,bccd890f-6672-521e-92c4-ee185254f941,03daeeea-7468-535a-a03a-78f80e9f433f,33,2024-02-26 23:14:30+00
e9831a21-9648-5e59-8e4d-a62cb925d118,08dd21c6-1df1-5673-b73a-38c034821940,98f9ed1d-3d10-5a68-a387-66981e9dde59,42,2024-10-03 12:05:51+00
93f09788-6d39-57ab-ab60-7f99fb013ad7,08dd21c6-1df1-5673-b73a-38c034821940,047edcf5-114c-5342-b495-232fc4aaf6fe,48,2024-10-03 12:05:51+00
97332cb6-b33b-592e-b0a2-0d70cba84ff3,08dd21c6-1df1-5673-b73a-38c034821940,dfaf50bf-7ed8-5e30-b115-e55c44d8e0c1,8,2024-10-03 12:05:51+00
d2cc042f-1562-576c-99e4-9364a64a9507,f3521edf-0978-5ee4-b82e-b06420cdbcae,047edcf5-114c-5342-b495-232fc4aaf6fe,35,2024-09-04 11:35:39+00
c4ab9b01-ca7d-558e-afbe-ceb0326cabee,f3521edf-0978-5ee4-b82e-b06420cdbcae,eb65b5fa-c2cb-589b-9049-2b6c7bf4d22d,32,2024-09-04 11:35:39+00
a158ca26-82ce-5f02-980c-3e768817b308,f3521edf-0978-5ee4-b82e-b06420cdbcae,721d117c-620d-5f92-b800-3e89864cc8d3,25,2024-09-04 11:35:39+00
14a6556c-77f9-5581-8f3e-949aa8c936c9,f9487762-39f6-57a6-83b9-26923f7276ab,49690aee-94fa-525b-b5ce-92feaf54b957,60,2024-07-03 22:03:54+00
3553ebda-bcff-5937-adb3-50a6866e6df2,850e12e8-fd41-51ad-baac-1504c67ded2e,df03a7e9-20ca-5987-a644-76566671155b,44,2024-03-12 16:36:13+00
047833a0-bdac-5d32-8163-f0c9156c17e8,850e12e8-fd41-51ad-baac-1504c67ded2e,70b50d29-9125-53dc-a829-c961b011e429,37,2024-03-12 16:36:13+00
85b5976d-21d5-5a64-8045-2e3cf956b6cf,850e12e8-fd41-51ad-baac-1504c67ded2e,5e2cc5fc-7d5b-5bba-ad99-4412ab325860,5,2024-03-12 16:36:13+00
2e445dd0-c525-5e9a-add0-c5668eca1ebc,3529d45f-243d-5fd4-9e28-60a38ac51da9,571424b7-2fc1-5ceb-8982-7426cc703fff,32,2024-09-26 13:30:19+00
cad1e57b-486e-5926-be71-8a58416975b6,47042fb1-bdf4-5616-bb96-a53bf19573d1,3f7c929e-b070-5624-afcb-413255a3e8b7,36,2024-09-20 11:09:46+00
cd77482f-7944-53b4-8da9-10286d84dd2b,84e3b06e-07e3-5949-b84a-844c1d6c70b2,5f832cdc-1407-55fc-8fd5-76ca28247722,15,2024-10-06 15:07:53+00
9f66dab2-9287-5214-ae59-21a4ee2e1737,84e3b06e-07e3-5949-b84a-844c1d6c70b2,c914dcac-18fe-5928-87c0-80e93bb776c2,11,2024-10-06 15:07:53+00
1f81420a-ec45-5b46-93bc-e460ef7d15ce,22553629-c6cf-571b-bc0b-4a6d96fedcad,fc7fc417-cce4-5f70-a6f1-8ce7a0edf5e9,39,2024-09-13 12:15:02+00
fc1ea4ee-9a18-5b77-9609-7e9e4f9c908b,95fe203c-c747-5219-8b5c-fef86816c982,721d117c-620d-5f92-b800-3e89864cc8d3,29,2024-09-08 17:22:43+00
d77514ae-55d0-58b0-ba13-268d4e213d4c,cf6b5df8-67c6-54f4-975f-6283b034936b,c914dcac-18fe-5928-87c0-80e93bb776c2,26,2024-10-26 11:15:15+00
f414a49a-d3c8-5064-af13-e684969571d8,aedcc769-4555-5b9c-9fbb-5147ff6819ef,dbfbb0d5-1eb8-59dd-bad5-834d7a45a348,8,2024-04-06 17:08:41+00
7a0da4d7-e878-57ad-9858-8a96b8a43b84,3015acf7-276e-5420-8b16-3de3ba1c5192,015ee94d-a0dc-5a3a-96b4-4318093cd0c8,30,2024-09-25 13:08:37+00
6d3b31f6-2fe4-5fb7-aadf-bd860f5d4e13,3015acf7-276e-5420-8b16-3de3ba1c5192,49690aee-94fa-525b-b5ce-92feaf54b957,25,2024-09-25 13:08:37+00
cc5abd02-3e8e-598c-a9d1-da7178984ff8,15d48fd0-7ab6-527a-9252-cf029a69753b,a32d3b40-78a1-5f18-8b90-4dd8cd4ea27b,25,2024-05-31 19:31:06+00
c932665e-cf6f-5aab-8c47-b59045c08ce3,f136de88-6294-51d5-ba9d-b20790327ff4,43239255-9abf-522a-a0ca-d242c13539cf,50,2024-12-18 17:39:10+00
7a406228-3219-50af-96c8-9ad6250de0a0,f136de88-6294-51d5-ba9d-b20790327ff4,0f7722fa-332a-5a19-922d-1d9cab8dda65,56,2024-12-18 17:39:10+00
076326b0-917c-57f2-b409-0a112e4be86f,f136de88-6294-51d5-ba9d-b20790327ff4,22326882-02d4-5cec-806a-1e1016a55411,59,2024-12-18 17:39:10+00
4e851f85-c90f-5607-8400-7b79d0966bcb,f136de88-6294-51d5-ba9d-b20790327ff4,f3d43083-cf37-52fb-bc02-bff47203b7c9,49,2024-12-18 17:39:10+00
a11f9a49-2eaf-53be-9f8c-348ea08eb9e2,d8ba3b69-42a1-5d46-9e18-f1ea0f07deba,571424b7-2fc1-5ceb-8982-7426cc703fff,53,2024-09-27 10:01:28+00
6592d883-2c13-562e-9737-a08519aeb655,d8ba3b69-42a1-5d46-9e18-f1ea0f07deba,6852d7e8-9827-5aa7-a439-140e7dac645a,38,2024-09-27 10:01:28+00
5aa518da-d42c-5042-8cbf-66da6cdc5f77,d8ba3b69-42a1-5d46-9e18-f1ea0f07deba,637d71e2-55cf-575a-87f5-1bcee0d0072a,49,2024-09-27 10:01:28+00
229988d5-2fe7-5b11-ad86-ef74204ecbf2,d8ba3b69-42a1-5d46-9e18-f1ea0f07deba,4bb3265f-5fd8-5ee9-b01b-7ca5808bca6b,30,2024-09-27 10:01:28+00
7b19977c-a4de-5443-a70c-9e531b1f60fc,b84f6e13-7145-5a1b-b914-5b1a3e6b1b9b,cf40a232-f9b9-5adf-afb6-0a981f2ffcf7,23,2024-09-23 12:31:14+00
441a3a87-36e0-5b3f-843f-6708a3021978,b84f6e13-7145-5a1b-b914-5b1a3e6b1b9b,22326882-02d4-5cec-806a-1e1016a55411,18,2024-09-23 12:31:14+00
c9c755f6-b327-5ab4-b6fb-c5b2aa19c10f,b84f6e13-7145-5a1b-b914-5b1a3e6b1b9b,ce143825-d54b-50ec-92fe-c61fdb5ae610,52,2024-09-23 12:31:14+00
38008fc5-363d-5dd7-8829-5153c8478741,b84f6e13-7145-5a1b-b914-5b1a3e6b1b9b,1b8e1d0e-392d-5e23-854a-832f0d6ac35d,51,2024-09-23 12:31:14+00
56a71758-babd-5182-a5d5-e6bc989b1035,a7ee03db-ca72-5be2-a532-3b45980a3ead,9096801a-a6fd-5ca3-a667-34759b5adb9e,35,2024-02-22 18:29:09+00
cdb12ecc-69b9-516c-9e2d-ed4cfe5328f6,f08d33a8-17f5-5510-a8c3-9adb53334d4f,b8b98483-157a-5ddb-81bf-f65f95613caa,12,2024-11-11 17:29:36+00
c0efd608-6288-517f-a841-e7a1f0c393a7,f08d33a8-17f5-5510-a8c3-9adb53334d4f,047edcf5-114c-5342-b495-232fc4aaf6fe,24,2024-11-11 17:29:36+00
1229b021-6e04-546d-b1d1-f4358fb0e161,92d5d588-8724-5669-aca4-f9d70611526d,a32a21a2-1fde-52e6-a745-494a810ef82b,45,2024-03-29 22:44:57+00
74117c45-38c6-566c-bbbd-f697f3407750,92d5d588-8724-5669-aca4-f9d70611526d,8110e190-2a4b-579b-be2c-511de85ab755,5,2024-03-29 22:44:57+00
68d15afe-6958-5c6a-a237-cbdf2e0da23f,92d5d588-8724-5669-aca4-f9d70611526d,5b72fcba-23c2-5ea7-9dc2-b32eca367733,12,2024-03-29 22:44:57+00
5300385b-f72c-575a-805e-1258be974c3a,92d5d588-8724-5669-aca4-f9d70611526d,5bfb3415-c6ae-5fa3-a84b-8a98a543ab9a,19,2024-03-29 22:44:57+00
352be2d6-2cec-5f68-97a0-f69822c6d722,391e82ff-dd9d-50c8-a159-1d3daf184f28,6a379419-7f07-55f2-a7a1-c92bb24d1f27,41,2024-10-21 01:06:27+00
7a4cf235-75b5-548b-833a-464187d81c56,391e82ff-dd9d-50c8-a159-1d3daf184f28,4ccb08b0-f9e0-5e25-89e3-bea409b0d0cb,9,2024-10-21 01:06:27+00
282f49d5-d24e-5634-a069-9629a809fb35,391e82ff-dd9d-50c8-a159-1d3daf184f28,e7c66ad7-b5d3-5271-9438-d4741c6f9cbc,16,2024-10-21 01:06:27+00
2de2a12d-7376-539a-ac79-74722d1b0226,391e82ff-dd9d-50c8-a159-1d3daf184f28,5abd18e8-de32-5af1-b593-d3190e9164a5,30,2024-10-21 01:06:27+00
7585e0c6-1d3e-57f4-8908-0fe4318f89f6,aacc5c64-c675-5f14-aeec-56a0780cbf9a,22326882-02d4-5cec-806a-1e1016a55411,47,2024-10-02 00:35:25+00
2ad77cf7-fdde-5898-9de7-6becfb8e4ad3,1a2807a3-1823-57ac-b733-8a893a029fc4,7139ebf2-1aff-593d-9366-22949a04fd61,84,2024-09-18 15:21:27+00
6347b051-6ec1-56f7-af43-68aabb662ddd,1a2807a3-1823-57ac-b733-8a893a029fc4,b8b98483-157a-5ddb-81bf-f65f95613caa,83,2024-09-18 15:21:27+00
745556d0-d110-5905-b9e3-116970377a69,ef50e1d4-5b16-55d4-9ebc-46c063eba5ae,9b88c78b-34e7-51c0-8f51-940e61379648,24,2024-09-16 20:37:09+00
a307e4c7-8755-5cf6-bfe5-f86101c23bd2,d65387b1-2a5b-5cb2-aa9b-583590f2b964,c388846e-4e3c-5d57-b61f-ed13c7edc4da,27,2024-09-22 20:30:22+00
7d905ec7-08b7-5223-b937-5b67a42663ce,d65387b1-2a5b-5cb2-aa9b-583590f2b964,5bfb3415-c6ae-5fa3-a84b-8a98a543ab9a,18,2024-09-22 20:30:22+00
1394c351-c210-545e-aead-287508ff51e9,d65387b1-2a5b-5cb2-aa9b-583590f2b964,ebdcc5e9-63c3-5a52-9521-f031c6154feb,20,2024-09-22 20:30:22+00
f02bd527-568c-553f-89a3-81ed64f15009,78125711-1369-54e0-904e-a56de52aa939,2c21421b-d3c2-55c3-8144-0c1f6b3e4f6a,32,2024-10-05 17:37:41+00
00166d84-8c52-5440-beb1-43118ab21f7f,78125711-1369-54e0-904e-a56de52aa939,d6e9c7be-33cb-5851-ab77-08e587828108,21,2024-10-05 17:37:41+00
53da2ca7-3987-53c8-a95d-ba40336db0df,fde0d6b3-d41a-5bdc-9014-eee8f354879d,e7c66ad7-b5d3-5271-9438-d4741c6f9cbc,18,2024-03-24 22:17:21+00
438c3315-12a8-59c9-adaa-8eb8e2499a20,fde0d6b3-d41a-5bdc-9014-eee8f354879d,63b368d3-a702-5229-a0eb-00c0e02acf2c,45,2024-03-24 22:17:21+00
60070811-0276-5323-8407-5da79f8ef51e,87d7b58b-b3f3-5b3e-83c9-1fe8d0788ff9,76ce6f91-8d47-5bfd-a8a9-b086d8728beb,55,2024-04-08 21:44:13+00
33c759fd-806d-57a1-83f8-9aa348a556d7,87d7b58b-b3f3-5b3e-83c9-1fe8d0788ff9,98f9ed1d-3d10-5a68-a387-66981e9dde59,43,2024-04-08 21:44:13+00
c6903799-27eb-5adc-97af-f520ccc1a845,5526b65f-f972-5e21-b128-42d550edd098,1b8e1d0e-392d-5e23-854a-832f0d6ac35d,26,2024-05-18 17:37:26+00
6f70f6c2-c507-554a-9597-28820845b8c7,361b5b89-f2ce-5aa6-bf82-c67b81dfec98,015ee94d-a0dc-5a3a-96b4-4318093cd0c8,55,2024-03-15 19:06:41+00
1530c40b-3be9-54bb-8d38-5c0d84909878,361b5b89-f2ce-5aa6-bf82-c67b81dfec98,c7c80e8e-2456-5c4b-97cb-5d6b8aea9e11,38,2024-03-15 19:06:41+00
867a89c9-1d13-5f16-9a52-43c1d3c9d3cc,361b5b89-f2ce-5aa6-bf82-c67b81dfec98,dbfbb0d5-1eb8-59dd-bad5-834d7a45a348,42,2024-03-15 19:06:41+00
fb209b28-ce39-5343-8d11-33aac6d94f87,361b5b89-f2ce-5aa6-bf82-c67b81dfec98,047edcf5-114c-5342-b495-232fc4aaf6fe,11,2024-03-15 19:06:41+00
5c028bef-6f2c-5d72-a908-7c3449c88aaa,b7ca2cdc-fee9-5696-b182-3274d7ae81f5,571424b7-2fc1-5ceb-8982-7426cc703fff,56,2024-03-09 17:06:45+00
e4c097d6-5cba-59d3-8012-db41eb34812b,b7ca2cdc-fee9-5696-b182-3274d7ae81f5,e7c66ad7-b5d3-5271-9438-d4741c6f9cbc,40,2024-03-09 17:06:45+00
350beb3d-5a20-5a4d-a6f8-37353fb89611,5303c392-1d52-5ddf-b805-3f31f9060e71,3f7c929e-b070-5624-afcb-413255a3e8b7,14,2024-07-25 23:17:41+00
e107837b-448b-5455-b151-6299286ade93,5303c392-1d52-5ddf-b805-3f31f9060e71,63b368d3-a702-5229-a0eb-00c0e02acf2c,8,2024-07-25 23:17:41+00
1edca470-6cd0-53ad-b518-31a3d91c4c7e,067b166e-8e13-5e3b-a98b-fba66e827312,8243c793-3801-5a72-86e5-9ab29d8d498d,33,2024-11-23 21:17:00+00
3f541d59-108d-5884-8d9b-a61e96a65b70,067b166e-8e13-5e3b-a98b-fba66e827312,ef9ef5f5-f4f4-5cf3-8420-397a6fcbf152,37,2024-11-23 21:17:00+00
c1ba2473-d0f2-5f65-a5c8-ca0963e37a37,067b166e-8e13-5e3b-a98b-fba66e827312,73148ed3-fbe9-5571-a16d-34fb5520390e,38,2024-11-23 21:17:00+00
b2a7a03b-e889-574d-a909-f634a9245060,067b166e-8e13-5e3b-a98b-fba66e827312,d02cf696-fbfe-56b7-8ff3-89608483ee25,24,2024-11-23 21:17:00+00
fed28b6f-c119-5260-b2df-ddbbc9b5c3a7,a25605ef-a1eb-5ce4-9a96-728644e5475c,c914dcac-18fe-5928-87c0-80e93bb776c2,15,2024-02-14 20:21:20+00
4b78b265-2146-5271-8378-053f36ae4fe1,a25605ef-a1eb-5ce4-9a96-728644e5475c,5b72fcba-23c2-5ea7-9dc2-b32eca367733,52,2024-02-14 20:21:20+00
fcfcd942-f702-529c-97d7-fbfe5436aca0,34ee6f66-c4a9-5569-acf6-5258c41e0c4c,cf40a232-f9b9-5adf-afb6-0a981f2ffcf7,36,2024-09-09 16:28:56+00
86f74dcc-47ae-5ef2-9785-e30714b3031e,34ee6f66-c4a9-5569-acf6-5258c41e0c4c,e7c66ad7-b5d3-5271-9438-d4741c6f9cbc,49,2024-09-09 16:28:56+00
8a33d632-ab32-59d8-8adc-0e87a97187c7,dde47e5f-0fd3-5735-b549-ec142ab04dfa,9b88c78b-34e7-51c0-8f51-940e61379648,52,2024-01-09 01:00:29+00
0e23dab4-8bb9-506e-b233-60da3bd662e6,dde47e5f-0fd3-5735-b549-ec142ab04dfa,6feb3ffe-e89f-55ab-81d5-d9b136a73c27,48,2024-01-09 01:00:29+00
8378f1ca-1ddd-597e-89f8-9c8eef46699f,dde47e5f-0fd3-5735-b549-ec142ab04dfa,eb65b5fa-c2cb-589b-9049-2b6c7bf4d22d,33,2024-01-09 01:00:29+00
f5a34b1f-fb2f-54fc-8085-921ea5d42dc6,980937b8-4365-556d-80c9-678fa658e933,093be7d5-f016-5f2c-b71d-4dce4b0e9514,29,2024-10-03 13:09:06+00
f3b3d89f-f251-51a9-8ca6-f17a40c1fe41,980937b8-4365-556d-80c9-678fa658e933,a4acb526-e0ea-590e-9293-ff9e90059c15,26,2024-10-03 13:09:06+00
1ae6ded7-6f10-5d25-b8ca-e77527fa8da0,980937b8-4365-556d-80c9-678fa658e933,9b88c78b-34e7-51c0-8f51-940e61379648,58,2024-10-03 13:09:06+00
421c6a90-e6ed-58a0-91e0-841fe052c37d,980937b8-4365-556d-80c9-678fa658e933,3ba63656-6a91-5254-8fd9-1b6d20dced02,23,2024-10-03 13:09:06+00
04faecfe-4aa4-5f78-a19b-623d333a5ac2,54438693-595e-5779-89e8-015747d5ed4a,ef9ef5f5-f4f4-5cf3-8420-397a6fcbf152,44,2024-05-30 20:43:05+00
c99feacc-80a2-573c-b973-65b1cf59f53d,b8e24065-58b4-5073-8c32-66e6cc7a4556,571424b7-2fc1-5ceb-8982-7426cc703fff,51,2024-01-30 21:31:25+00
4497ac11-8573-5819-a3f6-7adc7721033a,b826d4d3-53fe-5b2d-9519-7c15fb47d408,03daeeea-7468-535a-a03a-78f80e9f433f,12,2024-06-30 16:33:35+00
0b8e8a6c-ff6c-5ff4-8824-e2eadf6b3e22,b826d4d3-53fe-5b2d-9519-7c15fb47d408,c0f44500-e1d1-59e0-b53b-e0e98b24a7cf,14,2024-06-30 16:33:35+00
295f3721-4cc7-5615-bcfa-c7cf22a47235,55a347d8-26c8-52c9-b688-8ce2ef9ffe0d,015ee94d-a0dc-5a3a-96b4-4318093cd0c8,33,2024-05-08 19:25:33+00
bc551d5c-6ff8-5e30-bc63-36acef41797b,55a347d8-26c8-52c9-b688-8ce2ef9ffe0d,bcd21179-c89f-5095-808a-e72f06c0841d,15,2024-05-08 19:25:33+00
dff971de-f1c8-544b-9368-14e075657aa9,55a347d8-26c8-52c9-b688-8ce2ef9ffe0d,515f77ef-9c32-5e75-81c3-2b3795c000f2,5,2024-05-08 19:25:33+00
fa330d89-a0bf-5d5e-8414-57674833ac3b,ecf1c61d-ccac-5f5b-93f1-cdb1f5f62984,b8b98483-157a-5ddb-81bf-f65f95613caa,15,2024-04-11 17:02:44+00
7a1f9bec-7db5-5d42-b484-b4faad3b0186,ecf1c61d-ccac-5f5b-93f1-cdb1f5f62984,cf40a232-f9b9-5adf-afb6-0a981f2ffcf7,47,2024-04-11 17:02:44+00
33f91f11-93ce-56d6-abbf-8d81f37697f9,ecf1c61d-ccac-5f5b-93f1-cdb1f5f62984,3ba63656-6a91-5254-8fd9-1b6d20dced02,31,2024-04-11 17:02:44+00
7b60facb-13dd-5b7e-8078-49e93eca3cf7,dfc690ea-2b99-5851-9612-facbc9ace238,3f7c929e-b070-5624-afcb-413255a3e8b7,12,2024-09-10 18:27:17+00
8a768c65-8af8-502f-9dd2-0ff6539e6144,dfc690ea-2b99-5851-9612-facbc9ace238,5abd18e8-de32-5af1-b593-d3190e9164a5,13,2024-09-10 18:27:17+00
c02d9395-4db9-561c-ab3f-638de856e027,dfc690ea-2b99-5851-9612-facbc9ace238,cf629a09-093e-5b99-8bf4-da2438fa51c4,5,2024-09-10 18:27:17+00
2dae0299-b828-5549-876e-5d67eeff8ccc,dfc690ea-2b99-5851-9612-facbc9ace238,8191a9f6-2263-53f2-a6a6-4c31e81e996e,8,2024-09-10 18:27:17+00
cd2e9ee9-1e73-5403-bce0-59a359e757b9,5b351462-c4a7-5e0c-8d4f-fe2aa4efa0ca,9b88c78b-34e7-51c0-8f51-940e61379648,44,2024-11-01 14:32:46+00
d3d3515a-dbd4-5dfe-9210-66a689804603,5b351462-c4a7-5e0c-8d4f-fe2aa4efa0ca,5bfb3415-c6ae-5fa3-a84b-8a98a543ab9a,16,2024-11-01 14:32:46+00
8a2dec32-2ed4-52c3-a756-c62eb567ff6d,5b351462-c4a7-5e0c-8d4f-fe2aa4efa0ca,a4acb526-e0ea-590e-9293-ff9e90059c15,60,2024-11-01 14:32:46+00
2a53d13b-d194-52ab-9cf4-90901ec3fb74,5b351462-c4a7-5e0c-8d4f-fe2aa4efa0ca,9b88c78b-34e7-51c0-8f51-940e61379648,47,2024-11-01 14:32:46+00
59787d6f-d011-5eda-bc05-b63651a41fb4,dbb06fe8-f825-50aa-abda-6be2fabfe165,d02cf696-fbfe-56b7-8ff3-89608483ee25,12,2024-09-23 16:41:43+00
d78276aa-3717-5d67-a86b-39be8ee6087c,dbb06fe8-f825-50aa-abda-6be2fabfe165,b8b98483-157a-5ddb-81bf-f65f95613caa,22,2024-09-23 16:41:43+00
6bc4dd94-e69d-5f5a-9387-5b36d7b472a3,4f123db4-3834-5f80-b94f-bd19d06b3291,6feb3ffe-e89f-55ab-81d5-d9b136a73c27,24,2024-03-15 22:13:37+00
0fd41b45-2a2d-52ea-bc24-f0bcd1de6c40,4f123db4-3834-5f80-b94f-bd19d06b3291,d02cf696-fbfe-56b7-8ff3-89608483ee25,19,2024-03-15 22:13:37+00
b595cefa-ca31-58ed-afb7-055d1fef5c80,4f123db4-3834-5f80-b94f-bd19d06b3291,cf40a232-f9b9-5adf-afb6-0a981f2ffcf7,8,2024-03-15 22:13:37+00
785d8263-0cfd-5b67-8991-f1085dfb9e86,4f123db4-3834-5f80-b94f-bd19d06b3291,6e22d3ea-9fc0-56fa-a367-352e633df40c,24,2024-03-15 22:13:37+00
a177eb90-64a3-58fb-933f-2baeb81b107e,d6325876-740a-5c15-b01d-e0bc363b9f0d,4ccb08b0-f9e0-5e25-89e3-bea409b0d0cb,18,2024-11-14 11:21:50+00
473754f4-bec4-5d09-8996-884e62be8faa,a7561b57-cb43-50c7-b767-a51ed908e007,6a379419-7f07-55f2-a7a1-c92bb24d1f27,12,2024-05-24 01:12:37+00
17c22e20-2063-5661-a606-4e5a5c893869,a7561b57-cb43-50c7-b767-a51ed908e007,dfaf50bf-7ed8-5e30-b115-e55c44d8e0c1,48,2024-05-24 01:12:37+00
a098a0fc-0ab6-5655-961a-a3bc541a5622,a7561b57-cb43-50c7-b767-a51ed908e007,3f7c929e-b070-5624-afcb-413255a3e8b7,26,2024-05-24 01:12:37+00
362080d1-0597-5411-8ef4-10381d4b8fd2,48eab87b-1552-59b1-a9c8-74d0bedcc18e,c914dcac-18fe-5928-87c0-80e93bb776c2,11,2024-07-05 01:25:22+00
6554a8a4-10f9-56c0-88d6-3141706868da,48eab87b-1552-59b1-a9c8-74d0bedcc18e,eb65b5fa-c2cb-589b-9049-2b6c7bf4d22d,12,2024-07-05 01:25:22+00
f1b4e233-daf3-5f6d-95d9-d97c961210d9,48eab87b-1552-59b1-a9c8-74d0bedcc18e,5e2cc5fc-7d5b-5bba-ad99-4412ab325860,17,2024-07-05 01:25:22+00
19190f1f-2dd7-5e6b-a37d-4f40be13d579,48eab87b-1552-59b1-a9c8-74d0bedcc18e,d6481438-ce10-5e85-8b0a-fbc48dcd19e7,9,2024-07-05 01:25:22+00
dd589ecf-a8a3-511a-bc59-0654c9eae9b3,f5a9e076-58ac-5f6c-877e-448472652f0f,ebdcc5e9-63c3-5a52-9521-f031c6154feb,13,2024-11-12 21:32:22+00
643c0c37-8ea7-5d7b-a335-fb2771b2f899,f5a9e076-58ac-5f6c-877e-448472652f0f,4bb3265f-5fd8-5ee9-b01b-7ca5808bca6b,50,2024-11-12 21:32:22+00
bc53ebaf-dd3b-5d60-91b3-4e006e235e8d,9e0b4363-60a7-5f68-80e7-efb80a1575eb,cf40a232-f9b9-5adf-afb6-0a981f2ffcf7,31,2024-10-13 21:30:36+00
d26d429d-142b-5eac-bdb4-e8c8692791b4,16ba7d05-9412-5ec7-9458-b6bba3cc6f1c,950c0334-92d4-54ec-b05b-35e20983883c,8,2024-09-14 16:18:42+00
277cef89-d67c-50ba-adae-38eb54eb3e60,63bfc2e8-b244-5958-b493-fa7d78d00f18,ae16db22-a7d1-5cd3-8409-669d957eb80d,54,2024-10-16 16:35:03+00
d0a3c38b-cd4c-5369-804a-12b44f8b8d95,63bfc2e8-b244-5958-b493-fa7d78d00f18,eb65b5fa-c2cb-589b-9049-2b6c7bf4d22d,22,2024-10-16 16:35:03+00
6b22fa93-be15-525b-b8b4-d11410fd111d,63bfc2e8-b244-5958-b493-fa7d78d00f18,c0f44500-e1d1-59e0-b53b-e0e98b24a7cf,15,2024-10-16 16:35:03+00
20fe4ebb-00b0-576a-a4f6-d645efe07060,63bfc2e8-b244-5958-b493-fa7d78d00f18,a68ed02d-80a0-5ebb-a79e-1ef7c4187de5,49,2024-10-16 16:35:03+00
1bf60e1e-8fb0-55f6-affd-d4b06fba81a9,d73e5a9b-c13f-56cc-8d47-009b05409d61,63b368d3-a702-5229-a0eb-00c0e02acf2c,40,2024-09-19 23:35:50+00
a5fc471d-c8f0-5e74-9fab-2ff869df5d78,d73e5a9b-c13f-56cc-8d47-009b05409d61,f3d43083-cf37-52fb-bc02-bff47203b7c9,7,2024-09-19 23:35:50+00
83b5a67d-729b-56aa-b4c3-27aa9eda6de9,d73e5a9b-c13f-56cc-8d47-009b05409d61,43239255-9abf-522a-a0ca-d242c13539cf,7,2024-09-19 23:35:50+00
5748c39d-994a-5930-bc72-25efd0727643,640791d0-84ee-5620-81a4-6fc66bb475d3,c0f44500-e1d1-59e0-b53b-e0e98b24a7cf,46,2024-05-22 18:03:31+00
138b87ca-4796-552c-9618-9b76fbca17c9,2fcbec41-d2e6-5054-be28-abd6b2db9f18,4ccb08b0-f9e0-5e25-89e3-bea409b0d0cb,8,2024-11-05 21:37:29+00
690c5e8f-fb3c-5e31-9894-8a847f92746a,2fcbec41-d2e6-5054-be28-abd6b2db9f18,dfaf50bf-7ed8-5e30-b115-e55c44d8e0c1,57,2024-11-05 21:37:29+00
560e1d73-486e-5377-a279-298a9cd73212,2fcbec41-d2e6-5054-be28-abd6b2db9f18,a32a21a2-1fde-52e6-a745-494a810ef82b,16,2024-11-05 21:37:29+00
daf731d7-eac0-53ed-87d7-50e6bf36a2c6,53b0e055-68cc-55d9-bc89-216b08455038,bcd21179-c89f-5095-808a-e72f06c0841d,19,2024-03-04 14:44:38+00
340966a8-3f12-5fb7-8b3b-84960f222f11,53b0e055-68cc-55d9-bc89-216b08455038,22326882-02d4-5cec-806a-1e1016a55411,42,2024-03-04 14:44:38+00
e608d35e-3dec-5240-ac1f-ff06ba53d0ce,9d813b13-a5a3-5b18-8a22-78e52c41188b,093be7d5-f016-5f2c-b71d-4dce4b0e9514,16,2024-07-21 18:29:37+00
124e0c17-202c-59f1-a9a7-aea06a96a6ef,0bb1f78f-459e-520c-a025-fcfc8e9448a6,c7c80e8e-2456-5c4b-97cb-5d6b8aea9e11,57,2024-03-31 19:12:18+00
8ebc3f1f-bb0e-5fae-9416-855a9b0846eb,0bb1f78f-459e-520c-a025-fcfc8e9448a6,eb65b5fa-c2cb-589b-9049-2b6c7bf4d22d,17,2024-03-31 19:12:18+00
ad828bf6-81a6-589e-97b4-57975d63c59c,dfac908d-ef95-51d3-bc82-aa132ee6f9d1,dfaf50bf-7ed8-5e30-b115-e55c44d8e0c1,43,2024-02-06 22:44:02+00
d134be57-18fe-59ec-958f-6134220af7a7,dfac908d-ef95-51d3-bc82-aa132ee6f9d1,85ee2954-52d3-5ec2-8fea-0575175559ac,6,2024-02-06 22:44:02+00
2e3c3549-41dd-5edd-afc0-640d874530f4,d2add22e-e9c5-584a-aae6-89e6a5207e01,dfaf50bf-7ed8-5e30-b115-e55c44d8e0c1,55,2024-01-07 16:05:42+00
bf30c570-4f20-5b21-840a-b9bcdf10ba2f,f9dff388-283a-5428-8e0f-42281e292e7c,dbfbb0d5-1eb8-59dd-bad5-834d7a45a348,26,2024-06-22 17:32:47+00
9d22959b-38fe-5ba5-ab7e-2cadd517d9e7,f9dff388-283a-5428-8e0f-42281e292e7c,9b88c78b-34e7-51c0-8f51-940e61379648,8,2024-06-22 17:32:47+00
defc6433-a55e-5704-83f6-ffc1df039786,8e98fb12-968e-5c8d-96b4-fdd324336a57,87bd34d0-75d8-568d-abd0-77f535fdb719,5,2024-05-17 00:03:02+00
2c4cebef-883f-52cc-868f-5138ded6e768,8e98fb12-968e-5c8d-96b4-fdd324336a57,98f9ed1d-3d10-5a68-a387-66981e9dde59,19,2024-05-17 00:03:02+00
1e2ed377-d97b-5246-ac3c-f8c49ccdf2ce,8e98fb12-968e-5c8d-96b4-fdd324336a57,87bd34d0-75d8-568d-abd0-77f535fdb719,27,2024-05-17 00:03:02+00
be05ea40-2ad4-5556-84b6-19d5c9747c29,8e98fb12-968e-5c8d-96b4-fdd324336a57,f3d43083-cf37-52fb-bc02-bff47203b7c9,48,2024-05-17 00:03:02+00
fd2bba61-64e2-5bf5-b07c-7443507a857d,cdc6d9de-aa5f-5ce3-95f5-0b79b4f5ef66,6852d7e8-9827-5aa7-a439-140e7dac645a,44,2024-02-27 23:07:31+00
78e2e0e1-0307-50c7-bf60-07ed626acd75,cdc6d9de-aa5f-5ce3-95f5-0b79b4f5ef66,1b8e1d0e-392d-5e23-854a-832f0d6ac35d,10,2024-02-27 23:07:31+00
fe3cc79e-0389-5ee4-8cbb-1b39ccc56bce,cdc6d9de-aa5f-5ce3-95f5-0b79b4f5ef66,eb65b5fa-c2cb-589b-9049-2b6c7bf4d22d,14,2024-02-27 23:07:31+00
0bcbadef-dc31-5ccc-9ab6-f8e7f9a820a9,25f1c7d5-a91b-52bb-a8b3-b3b6708fe0c3,2c21421b-d3c2-55c3-8144-0c1f6b3e4f6a,57,2024-09-28 21:29:01+00
78c1bcc1-cb28-5fcf-b724-a024b190adad,25f1c7d5-a91b-52bb-a8b3-b3b6708fe0c3,015ee94d-a0dc-5a3a-96b4-4318093cd0c8,22,2024-09-28 21:29:01+00
a290a798-9999-5f99-9e2f-e27c4d6ba3f4,25f1c7d5-a91b-52bb-a8b3-b3b6708fe0c3,8110e190-2a4b-579b-be2c-511de85ab755,21,2024-09-28 21:29:01+00
fc9617cf-b09c-5b45-a4f7-ef4d0d6a866b,1cd6cc68-831e-58e3-a28e-6c8599a1a73f,e3a10959-a74e-5cdd-bd80-3c24836fb062,12,2024-10-25 10:21:51+00
43d0ab61-f4bd-5adf-8839-4f8aebc82ea0,1cd6cc68-831e-58e3-a28e-6c8599a1a73f,a32a21a2-1fde-52e6-a745-494a810ef82b,14,2024-10-25 10:21:51+00
e3d637bc-2189-5404-ac3f-f1d107a9724d,1cd6cc68-831e-58e3-a28e-6c8599a1a73f,3f7c929e-b070-5624-afcb-413255a3e8b7,16,2024-10-25 10:21:51+00
b37fcd9a-deff-5c0f-9c9e-0edcf5f75e76,1cd6cc68-831e-58e3-a28e-6c8599a1a73f,9096801a-a6fd-5ca3-a667-34759b5adb9e,25,2024-10-25 10:21:51+00
3aa68fa4-1ad0-529f-878b-fa4235250a8c,82ca1312-edf7-5753-a449-81aa2bf6fc85,85ee2954-52d3-5ec2-8fea-0575175559ac,31,2024-09-03 22:43:27+00
a552d7a1-2d27-58cb-901c-2093244da841,82ca1312-edf7-5753-a449-81aa2bf6fc85,e7c66ad7-b5d3-5271-9438-d4741c6f9cbc,39,2024-09-03 22:43:27+00
8bb1ed83-bec1-5070-a0f9-09c1f3c9079a,c430ef7b-fba8-5ee6-9381-a0192786a720,c914dcac-18fe-5928-87c0-80e93bb776c2,20,2024-10-01 19:39:39+00
dda05856-5b58-5c27-ac66-1ebbc5e7b47e,c430ef7b-fba8-5ee6-9381-a0192786a720,22326882-02d4-5cec-806a-1e1016a55411,59,2024-10-01 19:39:39+00
9cc1cbb4-bff2-571a-a963-f9245c0c2e9c,a0e3bb9a-ee6c-5b79-a08c-af8f7328804f,43239255-9abf-522a-a0ca-d242c13539cf,34,2024-10-12 23:07:31+00
362601d6-4c4a-5a7c-9ac2-7e76f3bdb637,a0e3bb9a-ee6c-5b79-a08c-af8f7328804f,4bb3265f-5fd8-5ee9-b01b-7ca5808bca6b,31,2024-10-12 23:07:31+00
756f0b3e-316d-5ed9-9b24-a1230138604c,19144981-82fe-5875-8063-320fbe2a1e22,6e22d3ea-9fc0-56fa-a367-352e633df40c,399,2024-09-23 10:25:46+00
5935cd0b-ce67-548f-a41c-7a95a3cb27af,19144981-82fe-5875-8063-320fbe2a1e22,605027f9-8c6a-5d9a-80f7-9d3d42930f12,77,2024-09-23 10:25:46+00
206639f6-a5ec-5a7e-925e-76ce1efcf67a,19144981-82fe-5875-8063-320fbe2a1e22,a32d3b40-78a1-5f18-8b90-4dd8cd4ea27b,120,2024-09-23 10:25:46+00
e23c840f-1ee4-5d95-b738-928c28bbc708,302f8722-ce2b-5d05-a9d6-abdd36a5eadc,8243c793-3801-5a72-86e5-9ab29d8d498d,35,2024-07-06 18:05:15+00
0e8f932e-7121-5426-b962-aadda3f1182b,302f8722-ce2b-5d05-a9d6-abdd36a5eadc,6feb3ffe-e89f-55ab-81d5-d9b136a73c27,49,2024-07-06 18:05:15+00
9d162a80-f301-53f1-934a-557f90748a9c,1692d212-023e-5acb-973e-75785f1feccc,eb65b5fa-c2cb-589b-9049-2b6c7bf4d22d,53,2024-10-26 08:19:34+00
371c0501-e1ef-5cc5-8ec7-cd8af95b1457,57a35fba-3f08-5ade-a3c8-112789935369,59115f56-acf8-50f7-9dfd-c99816aa2172,37,2024-03-23 16:28:55+00
0671e31b-a535-5548-a7af-1c821bfedeb5,57a35fba-3f08-5ade-a3c8-112789935369,d02cf696-fbfe-56b7-8ff3-89608483ee25,32,2024-03-23 16:28:55+00
26c1fcc2-73da-54b2-8165-35c2b652cc04,57a35fba-3f08-5ade-a3c8-112789935369,63b368d3-a702-5229-a0eb-00c0e02acf2c,10,2024-03-23 16:28:55+00
8d336300-8695-5e22-9dc8-82ba227957b8,31cdacd3-f93a-55d2-9096-6523e323c862,ef9ef5f5-f4f4-5cf3-8420-397a6fcbf152,35,2024-03-05 19:03:49+00
79c5e900-81fc-5dc9-a681-5dfff5194104,cde129fb-1d30-5b70-8820-1b390958bd56,6852d7e8-9827-5aa7-a439-140e7dac645a,28,2024-10-02 13:44:08+00
a32e728f-f879-5606-ad58-3e47280953b1,598d3ba2-1b0c-5a35-9581-9d4c9e755902,dbfbb0d5-1eb8-59dd-bad5-834d7a45a348,17,2024-06-20 16:11:06+00
866bdbca-661d-5c54-8681-7ca4a7cabd2d,dca2fdee-d1c5-580a-ad55-da5ca3640a94,ebdcc5e9-63c3-5a52-9521-f031c6154feb,8,2024-11-22 16:05:48+00
ed89809e-e5c6-5357-9ee3-246ff2e21787,dca2fdee-d1c5-580a-ad55-da5ca3640a94,dbfbb0d5-1eb8-59dd-bad5-834d7a45a348,5,2024-11-22 16:05:48+00
0e002eb2-f75d-5c99-bcac-70cda2652087,dca2fdee-d1c5-580a-ad55-da5ca3640a94,637d71e2-55cf-575a-87f5-1bcee0d0072a,30,2024-11-22 16:05:48+00
16adfa7e-1441-5516-b098-910921264b2f,dca2fdee-d1c5-580a-ad55-da5ca3640a94,76ce6f91-8d47-5bfd-a8a9-b086d8728beb,53,2024-11-22 16:05:48+00
553afa77-7e1b-5f18-a8e4-dbdd2cb75c46,f07d17b8-31a0-5dbc-9b3b-b8b6eec03563,a68ed02d-80a0-5ebb-a79e-1ef7c4187de5,55,2024-09-11 14:34:22+00
3e58561b-25b1-505f-a639-ffa2ae98dd89,c57226d5-c180-5624-a097-e1087ecf1590,d02cf696-fbfe-56b7-8ff3-89608483ee25,18,2024-10-27 16:10:20+00
03e8622b-c856-52ce-be71-1221f5da6731,7e1d6900-35d6-5659-89e4-30edae21765d,df03a7e9-20ca-5987-a644-76566671155b,55,2024-11-30 18:10:59+00
53dbd0c5-9307-52d7-8afc-ad7f01429fa7,7e1d6900-35d6-5659-89e4-30edae21765d,43239255-9abf-522a-a0ca-d242c13539cf,28,2024-11-30 18:10:59+00
7a40b1d9-ad40-59d3-ad42-db73ba821254,7e1d6900-35d6-5659-89e4-30edae21765d,515f77ef-9c32-5e75-81c3-2b3795c000f2,7,2024-11-30 18:10:59+00
444d622e-5986-59e7-95de-b2ad3c44272f,66c3551f-7427-51cd-ab0f-3b5eb975b886,d6481438-ce10-5e85-8b0a-fbc48dcd19e7,56,2024-12-15 22:41:40+00
8a32ac3b-e9f0-55f3-a20b-007b638e1317,66c3551f-7427-51cd-ab0f-3b5eb975b886,dbfbb0d5-1eb8-59dd-bad5-834d7a45a348,40,2024-12-15 22:41:40+00
66f5a83a-e7c1-577c-91e3-c536f283ac94,66c3551f-7427-51cd-ab0f-3b5eb975b886,c914dcac-18fe-5928-87c0-80e93bb776c2,36,2024-12-15 22:41:40+00
f83bc63e-55dc-5114-9776-63d4a2c1d407,66c3551f-7427-51cd-ab0f-3b5eb975b886,76ce6f91-8d47-5bfd-a8a9-b086d8728beb,15,2024-12-15 22:41:40+00
71128c5f-89df-5c24-ad39-289834fcb664,fa497c33-174e-5827-aa48-ac031a48945e,f3c9e6db-5001-5325-b688-27d1d3fc04c1,35,2024-03-23 17:24:48+00
57488f97-6c54-5db1-a01e-4377403b2580,fa497c33-174e-5827-aa48-ac031a48945e,bcd21179-c89f-5095-808a-e72f06c0841d,46,2024-03-23 17:24:48+00
016a9db4-06d2-542e-a043-5554f2f9735a,fa497c33-174e-5827-aa48-ac031a48945e,3ba63656-6a91-5254-8fd9-1b6d20dced02,41,2024-03-23 17:24:48+00
42479716-ebe1-59d5-8d1f-4f5d1682b7cd,fa497c33-174e-5827-aa48-ac031a48945e,1b8e1d0e-392d-5e23-854a-832f0d6ac35d,59,2024-03-23 17:24:48+00
357bc6c3-d396-59b9-9e40-efbc0964b12d,d39f1c32-8d35-5fae-a96a-24063ba15da8,03daeeea-7468-535a-a03a-78f80e9f433f,37,2024-10-15 13:34:59+00
68d88ce8-ce51-571d-9c01-5a713dd5828a,3a727ee6-9553-5634-8aed-f908b939e352,12d2e257-18af-5ea5-9b8e-109e869b4b9e,59,2024-12-15 16:43:57+00
ab588ce5-fbfd-560b-9783-8c7f5c14f9d5,75187e96-6e5a-5e05-b9cc-884cbc17f332,571424b7-2fc1-5ceb-8982-7426cc703fff,34,2024-07-11 18:04:58+00
afbc3a73-1ca7-5920-a20a-53e9ed177827,c4ac4ad0-a4e0-5436-a2cb-45dc7f35e545,ce143825-d54b-50ec-92fe-c61fdb5ae610,30,2024-09-30 23:12:18+00
aef25e14-6cea-5255-ad55-09406cb4bd76,c4ac4ad0-a4e0-5436-a2cb-45dc7f35e545,76ce6f91-8d47-5bfd-a8a9-b086d8728beb,26,2024-09-30 23:12:18+00
d5b19deb-0fc7-5313-87bc-e57d44bf5b3b,c4ac4ad0-a4e0-5436-a2cb-45dc7f35e545,047edcf5-114c-5342-b495-232fc4aaf6fe,18,2024-09-30 23:12:18+00
567029e9-6e21-5132-b38c-14ec05a5981b,c4ac4ad0-a4e0-5436-a2cb-45dc7f35e545,70b50d29-9125-53dc-a829-c961b011e429,12,2024-09-30 23:12:18+00
2508c2cb-d87b-5a38-a05e-366f85d04f73,050cbe83-721d-5cf4-a2ca-40c95d81fc67,a32d3b40-78a1-5f18-8b90-4dd8cd4ea27b,54,2024-01-21 00:32:04+00
6d80bc2f-cd33-5f42-89f9-58fe35f2085c,645aadb3-213d-5d76-b493-da5bc0a873cd,c7c80e8e-2456-5c4b-97cb-5d6b8aea9e11,10,2024-10-02 11:01:33+00
5252438d-f3eb-5352-915a-9f20069bd207,645aadb3-213d-5d76-b493-da5bc0a873cd,a32a21a2-1fde-52e6-a745-494a810ef82b,30,2024-10-02 11:01:33+00
e351e17c-471b-58c0-a03e-89d5c5ec633f,645aadb3-213d-5d76-b493-da5bc0a873cd,df03a7e9-20ca-5987-a644-76566671155b,60,2024-10-02 11:01:33+00
d93b01ff-c2cb-596f-85d8-e3a28d82d3f6,5d23ebc2-ef05-53aa-b7e2-a5bdfd60f18a,6a379419-7f07-55f2-a7a1-c92bb24d1f27,15,2024-04-19 20:03:40+00
7c057dfb-bc5b-5f3f-b5ac-e810d7203508,5d23ebc2-ef05-53aa-b7e2-a5bdfd60f18a,72067051-48fc-5737-a00c-93c490bd0b34,35,2024-04-19 20:03:40+00
7bb0be8f-44a6-5212-8efa-2e4cd56a7feb,5d23ebc2-ef05-53aa-b7e2-a5bdfd60f18a,7139ebf2-1aff-593d-9366-22949a04fd61,49,2024-04-19 20:03:40+00
4975a5be-13b4-5f6c-999d-0cbff461215d,dc2cad1d-1814-573d-a6dd-c0ab9fc5207f,6852d7e8-9827-5aa7-a439-140e7dac645a,51,2024-12-21 01:00:40+00
7c40f4b3-f9d7-5fe1-9478-6a515a449acd,dc2cad1d-1814-573d-a6dd-c0ab9fc5207f,474da520-6891-5d9b-ad56-dbc5e963bb3f,14,2024-12-21 01:00:40+00
f02589ea-0aba-50db-8835-e49b6e83fc61,b105c22a-7c3d-5867-b29f-7d4b02bc2280,03daeeea-7468-535a-a03a-78f80e9f433f,21,2024-06-11 16:31:18+00
542421ed-8844-5da5-9538-cc01c8fda986,dadd1427-119a-5990-96a8-291f030aa78d,72067051-48fc-5737-a00c-93c490bd0b34,49,2024-10-21 15:43:37+00
603c942f-b13a-5c77-b5fc-2800374dafb2,dadd1427-119a-5990-96a8-291f030aa78d,48b59f70-e096-547d-97be-0afd9e0ef1f4,43,2024-10-21 15:43:37+00
7c761e4e-3224-5398-abdd-671a4a1a1a8e,0477f7da-c1be-5c17-a27e-24492b12abee,093be7d5-f016-5f2c-b71d-4dce4b0e9514,372,2024-11-19 08:25:16+00
dd52b4ba-fbc8-525e-a58d-910780c4c62f,f7a42ff5-5eed-5f4d-9de8-6073ee459bbe,c7c80e8e-2456-5c4b-97cb-5d6b8aea9e11,34,2024-07-30 22:37:01+00
9393e816-6bc8-5b78-b45f-00ad23a4b163,16e285db-2353-5599-b860-266d7775b885,637d71e2-55cf-575a-87f5-1bcee0d0072a,49,2024-04-01 00:37:03+00
f067b432-dad4-5b79-beb7-17d56e09fa1b,16e285db-2353-5599-b860-266d7775b885,d6481438-ce10-5e85-8b0a-fbc48dcd19e7,10,2024-04-01 00:37:03+00
7ee832a5-1673-57ed-be66-1911eca498c9,16e285db-2353-5599-b860-266d7775b885,015ee94d-a0dc-5a3a-96b4-4318093cd0c8,10,2024-04-01 00:37:03+00
f424e872-9780-5812-9dbb-4b39ec593f90,16e285db-2353-5599-b860-266d7775b885,474da520-6891-5d9b-ad56-dbc5e963bb3f,31,2024-04-01 00:37:03+00
70aa3bc2-bf0e-550c-aaf0-cd9c0516aefb,53688ab6-27c3-590d-a52e-f8cc03f47e60,72067051-48fc-5737-a00c-93c490bd0b34,18,2024-11-16 00:30:19+00
74d0e20c-b2fb-537c-ad8d-1ebd3dbbe4ef,53688ab6-27c3-590d-a52e-f8cc03f47e60,49690aee-94fa-525b-b5ce-92feaf54b957,40,2024-11-16 00:30:19+00
a8389d39-7bf9-5b0b-81b4-a04ba5f4507a,53688ab6-27c3-590d-a52e-f8cc03f47e60,ce143825-d54b-50ec-92fe-c61fdb5ae610,59,2024-11-16 00:30:19+00
1e2951c3-4bae-5294-8980-b5a1473c97d0,5b0824c3-31bb-5fc0-bec4-40ec62646187,63b368d3-a702-5229-a0eb-00c0e02acf2c,47,2024-10-14 14:00:31+00
de2b4759-30cd-5843-96c3-c6862885c1ea,5b0824c3-31bb-5fc0-bec4-40ec62646187,72067051-48fc-5737-a00c-93c490bd0b34,48,2024-10-14 14:00:31+00
a913179a-b08f-5333-a6ea-782304c8a666,5b0824c3-31bb-5fc0-bec4-40ec62646187,72067051-48fc-5737-a00c-93c490bd0b34,7,2024-10-14 14:00:31+00
274a3868-926f-563a-877a-6d3e1ab68f2f,455e1f52-6e79-5150-9c14-2f38c0b0e2c8,8191a9f6-2263-53f2-a6a6-4c31e81e996e,40,2024-03-27 17:21:40+00
41cc389d-6bb8-57c2-9962-79529c0eed75,455e1f52-6e79-5150-9c14-2f38c0b0e2c8,5e2cc5fc-7d5b-5bba-ad99-4412ab325860,44,2024-03-27 17:21:40+00
db3a44dc-ab0e-54f3-9463-8ff5d269fab0,455e1f52-6e79-5150-9c14-2f38c0b0e2c8,6e22d3ea-9fc0-56fa-a367-352e633df40c,56,2024-03-27 17:21:40+00
69dae065-0bce-598d-a84c-321371b6f253,455e1f52-6e79-5150-9c14-2f38c0b0e2c8,73148ed3-fbe9-5571-a16d-34fb5520390e,13,2024-03-27 17:21:40+00
5d81e2a3-0876-518f-bea6-2d88e026f6eb,106cf738-0815-5f80-950e-181692682235,3f7c929e-b070-5624-afcb-413255a3e8b7,37,2024-07-18 18:21:43+00
bce93509-6da2-5c6c-91ff-c667b7e5ba6c,fee68de5-e1e6-524c-9286-e631809b05e0,22326882-02d4-5cec-806a-1e1016a55411,10,2024-10-22 22:42:49+00
aff222ce-5cf5-5c38-86dc-8abbe7235c1f,fee68de5-e1e6-524c-9286-e631809b05e0,515f77ef-9c32-5e75-81c3-2b3795c000f2,5,2024-10-22 22:42:49+00
9321f652-8b99-59da-9acd-08cc814590a0,fee68de5-e1e6-524c-9286-e631809b05e0,a68ed02d-80a0-5ebb-a79e-1ef7c4187de5,14,2024-10-22 22:42:49+00
0a1fca2d-7b90-5ee9-83c8-9d397f94b638,de4443f5-e693-5633-841b-828b66d97627,8243c793-3801-5a72-86e5-9ab29d8d498d,20,2024-10-05 17:01:43+00
d7da9eb8-e1e1-5f19-94ba-c097d85562ac,de4443f5-e693-5633-841b-828b66d97627,f3d43083-cf37-52fb-bc02-bff47203b7c9,24,2024-10-05 17:01:43+00
8f33aac3-30b0-5b15-9b8e-01bb9ae16a0c,de4443f5-e693-5633-841b-828b66d97627,9b88c78b-34e7-51c0-8f51-940e61379648,51,2024-10-05 17:01:43+00
ee9cb2d5-2d70-599a-a4a9-5993fc30ad2a,07c59ca9-5451-5325-9fdb-5fadb5e659e0,a4acb526-e0ea-590e-9293-ff9e90059c15,34,2024-09-03 10:42:49+00
ee1b0109-9f61-563b-9e8c-46f0c91f6fb4,9abeeaa0-173d-5bb1-8764-c58a1cdaf990,22326882-02d4-5cec-806a-1e1016a55411,30,2024-03-03 17:17:53+00
2610954c-d616-540f-88af-38984a051bb2,9abeeaa0-173d-5bb1-8764-c58a1cdaf990,5abd18e8-de32-5af1-b593-d3190e9164a5,31,2024-03-03 17:17:53+00
fd5b5313-73bf-5ee6-bcfd-848c6a53321e,9abeeaa0-173d-5bb1-8764-c58a1cdaf990,6852d7e8-9827-5aa7-a439-140e7dac645a,18,2024-03-03 17:17:53+00
a91dd4a9-45d5-555c-a3e2-c1d0dad6ccdf,b79e6c06-cf11-5196-8cf9-b02b04f5a013,3ba63656-6a91-5254-8fd9-1b6d20dced02,215,2024-10-26 10:12:16+00
c96f3a45-b0f9-5148-8a07-27af82912d79,38b1ff31-39f0-58c2-8ea3-bc562d5db6e4,5e2cc5fc-7d5b-5bba-ad99-4412ab325860,43,2024-09-05 01:00:20+00
4e9494ef-c15e-511f-9266-b23df40da979,cc70fbb7-7afe-5334-b223-723411920704,98f9ed1d-3d10-5a68-a387-66981e9dde59,25,2024-01-13 00:10:24+00
fca2c259-8de5-57cc-b75b-97b293d95b05,cc70fbb7-7afe-5334-b223-723411920704,5b72fcba-23c2-5ea7-9dc2-b32eca367733,51,2024-01-13 00:10:24+00
7ea81a07-2bad-58cd-8b9d-8297f51188e5,e1030ea5-5ae9-5056-a6cd-9b504a065b88,ef9ef5f5-f4f4-5cf3-8420-397a6fcbf152,52,2024-03-05 20:13:36+00
e00b787e-864c-56c8-a793-1db798e0e3a6,e1030ea5-5ae9-5056-a6cd-9b504a065b88,515f77ef-9c32-5e75-81c3-2b3795c000f2,37,2024-03-05 20:13:36+00
dc934c3c-12b2-5c02-9e90-3a134f0c32cd,e1030ea5-5ae9-5056-a6cd-9b504a065b88,5e2cc5fc-7d5b-5bba-ad99-4412ab325860,21,2024-03-05 20:13:36+00
8856bf51-d04a-572c-b5f9-bd9817c99b1c,502e754f-9bdf-5646-8775-846a3b27f349,515f77ef-9c32-5e75-81c3-2b3795c000f2,33,2024-09-19 17:21:16+00
9c4367f3-a9da-520f-8c76-e68165d9e5e6,502e754f-9bdf-5646-8775-846a3b27f349,63b368d3-a702-5229-a0eb-00c0e02acf2c,57,2024-09-19 17:21:16+00
d20775b8-6b71-53f7-8437-388b3bcb2ad0,502e754f-9bdf-5646-8775-846a3b27f349,015ee94d-a0dc-5a3a-96b4-4318093cd0c8,43,2024-09-19 17:21:16+00
6d29d35a-4b6d-539c-b8a9-5c6dad09af1e,502e754f-9bdf-5646-8775-846a3b27f349,ce143825-d54b-50ec-92fe-c61fdb5ae610,41,2024-09-19 17:21:16+00
3498fe9c-0d46-519a-906e-8dbdeb01f861,2a55ef9c-9827-532a-9cf2-3df7b92bad33,eb65b5fa-c2cb-589b-9049-2b6c7bf4d22d,57,2024-11-19 17:02:18+00
036c053c-dec9-55a7-91ce-4c1030452b4d,2a55ef9c-9827-532a-9cf2-3df7b92bad33,6feb3ffe-e89f-55ab-81d5-d9b136a73c27,27,2024-11-19 17:02:18+00
02ad775f-7f17-53dd-b634-5c42167eacb3,2a55ef9c-9827-532a-9cf2-3df7b92bad33,a4acb526-e0ea-590e-9293-ff9e90059c15,16,2024-11-19 17:02:18+00
a46350d6-e799-5ffc-926e-2b2688f3aed5,fdf0e5a6-17e3-538c-b40a-43ea2d81fead,76ce6f91-8d47-5bfd-a8a9-b086d8728beb,12,2024-08-07 18:04:57+00
09fba289-f683-519c-9608-8074b1fc34ff,fdf0e5a6-17e3-538c-b40a-43ea2d81fead,dfaf50bf-7ed8-5e30-b115-e55c44d8e0c1,50,2024-08-07 18:04:57+00
3a598e72-7e1f-518f-9ec9-b23d811080b2,412360b2-4e5e-5d7d-b85a-85931561a0fe,015ee94d-a0dc-5a3a-96b4-4318093cd0c8,40,2024-10-18 09:26:19+00
177a87de-676c-5325-88f2-3e9ad70ba97e,412360b2-4e5e-5d7d-b85a-85931561a0fe,eb65b5fa-c2cb-589b-9049-2b6c7bf4d22d,56,2024-10-18 09:26:19+00
82e99d29-cbc4-5f28-9631-aae22865b188,c842c570-4078-5409-8f52-7c3c8a5598c7,093be7d5-f016-5f2c-b71d-4dce4b0e9514,7,2024-10-22 14:21:41+00
660046ca-b0ae-5165-a8e3-b6137d34fe4e,c842c570-4078-5409-8f52-7c3c8a5598c7,72067051-48fc-5737-a00c-93c490bd0b34,12,2024-10-22 14:21:41+00
21d653a6-4253-5fb9-aa05-7ac0c24c693e,c842c570-4078-5409-8f52-7c3c8a5598c7,48b59f70-e096-547d-97be-0afd9e0ef1f4,43,2024-10-22 14:21:41+00
9073c2bc-4b05-58ec-b293-2046f4498d30,c842c570-4078-5409-8f52-7c3c8a5598c7,85ee2954-52d3-5ec2-8fea-0575175559ac,20,2024-10-22 14:21:41+00
4a48f872-21b4-548c-8222-930398a06ca5,c9430a57-3cb4-56fa-89f9-11d1e323821e,e7c66ad7-b5d3-5271-9438-d4741c6f9cbc,38,2024-03-01 15:19:24+00
ba285f9e-0689-539c-9788-3c13d5410f60,6ba7f62e-3cfe-550b-bbf6-09d6eddda1fd,571424b7-2fc1-5ceb-8982-7426cc703fff,30,2024-11-26 16:06:29+00
aab0c7d2-df78-54b1-bb10-05cb751c6bf4,6ba7f62e-3cfe-550b-bbf6-09d6eddda1fd,76ce6f91-8d47-5bfd-a8a9-b086d8728beb,36,2024-11-26 16:06:29+00
4452c698-ce5a-5260-b9b0-6843b634a3da,6ba7f62e-3cfe-550b-bbf6-09d6eddda1fd,f40bf37b-20d6-5349-82b6-18cbd1f10e83,24,2024-11-26 16:06:29+00
acadd3ef-9e09-5341-95cf-c0a2e77009ea,e034cdd7-263d-592a-a0af-d85a62b0599c,fc7fc417-cce4-5f70-a6f1-8ce7a0edf5e9,93,2024-09-27 13:42:11+00
2de38ed1-1c24-5b5e-8ab6-36e5feb7abab,14108c0d-99e1-53e1-9f38-ea435bff8ef1,6e22d3ea-9fc0-56fa-a367-352e633df40c,21,2024-12-18 22:06:00+00
ff084ae2-88da-50da-adc1-822164fd0554,4d769c2c-d3c0-5fb5-97d3-eef541228e56,63b368d3-a702-5229-a0eb-00c0e02acf2c,49,2024-01-23 17:20:46+00
b55003ea-d95e-51e2-b1e3-638025786ac4,4d769c2c-d3c0-5fb5-97d3-eef541228e56,fc7fc417-cce4-5f70-a6f1-8ce7a0edf5e9,42,2024-01-23 17:20:46+00
983a5352-bf24-5270-9b5b-90774e544511,4d769c2c-d3c0-5fb5-97d3-eef541228e56,3f7c929e-b070-5624-afcb-413255a3e8b7,25,2024-01-23 17:20:46+00
4f3630a1-660c-533e-9b0f-eed2998e42d2,4d769c2c-d3c0-5fb5-97d3-eef541228e56,605027f9-8c6a-5d9a-80f7-9d3d42930f12,59,2024-01-23 17:20:46+00
fb51db38-412a-530f-b76e-6d6eaed65d56,99c6e1e0-ba68-518b-a487-a43b787c4388,cf40a232-f9b9-5adf-afb6-0a981f2ffcf7,19,2024-03-17 11:39:27+00
63e7a6c7-90bf-5ea3-b067-0d0606d72dda,99c6e1e0-ba68-518b-a487-a43b787c4388,43239255-9abf-522a-a0ca-d242c13539cf,50,2024-03-17 11:39:27+00
4ae08bb1-a305-51fd-b687-476ea5f04ba3,99c6e1e0-ba68-518b-a487-a43b787c4388,ae16db22-a7d1-5cd3-8409-669d957eb80d,58,2024-03-17 11:39:27+00
c88c9d04-5d1e-5ce0-9717-5d169ac33589,cb71da84-a16b-5be9-a490-1c5dcb699c45,5e2cc5fc-7d5b-5bba-ad99-4412ab325860,36,2024-09-16 08:14:30+00
ae4e9916-618d-57e3-9f03-883af59b21e3,cb71da84-a16b-5be9-a490-1c5dcb699c45,22326882-02d4-5cec-806a-1e1016a55411,57,2024-09-16 08:14:30+00
ab03186e-0992-50eb-8360-78a75cd6e54a,cb71da84-a16b-5be9-a490-1c5dcb699c45,6feb3ffe-e89f-55ab-81d5-d9b136a73c27,37,2024-09-16 08:14:30+00
b1a2110d-3de9-5082-b3ab-f1236a3f8f51,cb71da84-a16b-5be9-a490-1c5dcb699c45,dbfbb0d5-1eb8-59dd-bad5-834d7a45a348,50,2024-09-16 08:14:30+00
07e7c5f2-a9b5-5d7a-893c-7dc264c81fa3,8807af84-54d9-54c4-876e-907a991de295,2c21421b-d3c2-55c3-8144-0c1f6b3e4f6a,37,2024-03-20 00:08:52+00
680ea057-73fe-5bd6-bcaf-c5ef4c4d9e5d,8807af84-54d9-54c4-876e-907a991de295,263e995b-8be3-5198-adb6-aa81c41bf770,17,2024-03-20 00:08:52+00
c2548f9b-6fe0-5f9c-9a00-a22aa559555a,8807af84-54d9-54c4-876e-907a991de295,73148ed3-fbe9-5571-a16d-34fb5520390e,15,2024-03-20 00:08:52+00
7bdeae18-6295-5c2d-8624-aea8524b31b8,8807af84-54d9-54c4-876e-907a991de295,59115f56-acf8-50f7-9dfd-c99816aa2172,46,2024-03-20 00:08:52+00
44456b86-4835-59da-a9fa-741ca4f98365,c506122d-0465-587d-ab24-62f1207fd3d5,9096801a-a6fd-5ca3-a667-34759b5adb9e,175,2024-10-01 15:12:46+00
02da939c-63b4-5269-929a-bd4c095b8630,c506122d-0465-587d-ab24-62f1207fd3d5,4bb3265f-5fd8-5ee9-b01b-7ca5808bca6b,83,2024-10-01 15:12:46+00
9c67005a-9d83-534e-ab74-cb3caa7f060d,c506122d-0465-587d-ab24-62f1207fd3d5,5f832cdc-1407-55fc-8fd5-76ca28247722,117,2024-10-01 15:12:46+00
56a70591-4193-5057-9e7d-504204a66c03,c506122d-0465-587d-ab24-62f1207fd3d5,515f77ef-9c32-5e75-81c3-2b3795c000f2,300,2024-10-01 15:12:46+00
b357e22b-9646-5c2b-ad82-723ef41ad743,327178ee-9a94-5157-8663-d9c87620bba6,43239255-9abf-522a-a0ca-d242c13539cf,17,2024-08-13 20:03:21+00
b6c698c1-8088-57ae-b134-3696a87100f6,327178ee-9a94-5157-8663-d9c87620bba6,a32d3b40-78a1-5f18-8b90-4dd8cd4ea27b,22,2024-08-13 20:03:21+00
42eca9d4-fd1f-5458-aee5-4f75aa214935,cfcaf8b4-0dc7-57c7-ad7c-e8a1ff085826,a4acb526-e0ea-590e-9293-ff9e90059c15,8,2024-09-10 00:03:24+00
1e302d49-ed97-5b87-ae2d-3339176f14ac,cfcaf8b4-0dc7-57c7-ad7c-e8a1ff085826,59115f56-acf8-50f7-9dfd-c99816aa2172,22,2024-09-10 00:03:24+00
b8e7270b-2c5a-5cbd-b170-cd46baeac92c,ff0ecd0c-43f3-5187-998e-5d58cd852eeb,d6481438-ce10-5e85-8b0a-fbc48dcd19e7,19,2024-09-29 17:42:20+00
8a35ae1d-6f7c-51ee-abc5-703d4012136e,ff0ecd0c-43f3-5187-998e-5d58cd852eeb,63b368d3-a702-5229-a0eb-00c0e02acf2c,36,2024-09-29 17:42:20+00
1f7af8db-ecc5-5c1f-a1d7-2bcca6a71ba3,ff0ecd0c-43f3-5187-998e-5d58cd852eeb,22326882-02d4-5cec-806a-1e1016a55411,27,2024-09-29 17:42:20+00
a4ca4e16-7b3c-5204-a9a1-c63ba605bd1b,ff0ecd0c-43f3-5187-998e-5d58cd852eeb,a32d3b40-78a1-5f18-8b90-4dd8cd4ea27b,23,2024-09-29 17:42:20+00
7c53c8c2-bb05-5e74-9a03-8230779582bc,55765b64-9503-5079-b345-3f96054e994b,48b59f70-e096-547d-97be-0afd9e0ef1f4,25,2024-02-18 18:42:28+00
d220f624-f6e8-5b80-ae0c-89f69615adce,55765b64-9503-5079-b345-3f96054e994b,48b59f70-e096-547d-97be-0afd9e0ef1f4,16,2024-02-18 18:42:28+00
23f07fb9-b651-5705-b31a-28e708ee9d4d,9772c52a-0493-5c8e-84dc-632d56df5ba1,48b59f70-e096-547d-97be-0afd9e0ef1f4,48,2024-11-16 14:22:48+00
fe54168d-55a4-5bc6-8d25-f55732205062,67661e05-896d-503a-8f1d-53192515b811,a4acb526-e0ea-590e-9293-ff9e90059c15,63,2024-01-06 01:32:20+00
53da37e0-a81c-586f-a72f-42a50fb35e93,67661e05-896d-503a-8f1d-53192515b811,950c0334-92d4-54ec-b05b-35e20983883c,388,2024-01-06 01:32:20+00
1eaaa9df-9c38-5b64-b789-d5bc7b9de987,67661e05-896d-503a-8f1d-53192515b811,d02cf696-fbfe-56b7-8ff3-89608483ee25,308,2024-01-06 01:32:20+00
0719e588-e249-5876-890b-2ea14aad7aae,67661e05-896d-503a-8f1d-53192515b811,87bd34d0-75d8-568d-abd0-77f535fdb719,88,2024-01-06 01:32:20+00
910ee22b-01f9-5dc4-b135-e185cf88e04a,cb51078a-813a-5738-bac7-9a5fd4f6f5b3,1b8e1d0e-392d-5e23-854a-832f0d6ac35d,34,2024-06-20 23:23:56+00
6c0a0804-6cbd-58bd-97c2-28e90d8f5e5e,cb51078a-813a-5738-bac7-9a5fd4f6f5b3,9096801a-a6fd-5ca3-a667-34759b5adb9e,24,2024-06-20 23:23:56+00
0656ce60-e4db-5030-a157-82f259d39726,cb51078a-813a-5738-bac7-9a5fd4f6f5b3,c388846e-4e3c-5d57-b61f-ed13c7edc4da,54,2024-06-20 23:23:56+00
c3500da1-7a6b-5d1d-acad-a8da74078173,92210d95-40af-5eea-a9d8-d8e645c29698,f3d43083-cf37-52fb-bc02-bff47203b7c9,47,2024-11-01 23:35:27+00
a4886a31-9c7b-5951-b338-aeecea3afb27,92210d95-40af-5eea-a9d8-d8e645c29698,9096801a-a6fd-5ca3-a667-34759b5adb9e,36,2024-11-01 23:35:27+00
8dec8f22-41b0-5886-acdc-1b86629c4d2d,92210d95-40af-5eea-a9d8-d8e645c29698,59115f56-acf8-50f7-9dfd-c99816aa2172,52,2024-11-01 23:35:27+00
8881b194-3797-54cb-b2e7-ccbdcf467491,92210d95-40af-5eea-a9d8-d8e645c29698,515f77ef-9c32-5e75-81c3-2b3795c000f2,28,2024-11-01 23:35:27+00
174c528e-0d67-5881-adfb-1c82768338d2,39e3e931-f0eb-59a6-a072-88ce58f33f9f,f3c9e6db-5001-5325-b688-27d1d3fc04c1,48,2024-10-21 09:18:41+00
bcefb5a4-e5c3-52d9-9f2c-fba503ab25b2,39e3e931-f0eb-59a6-a072-88ce58f33f9f,7698a25a-a051-53c9-ae74-597da202ffca,30,2024-10-21 09:18:41+00
e3f20d50-4caf-5b6d-8bf6-7c75eb9d5159,bf9b7866-b5aa-5934-bc3e-9a25e931f2e4,515f77ef-9c32-5e75-81c3-2b3795c000f2,55,2024-05-21 20:39:33+00
81be1426-1bb4-5980-94e3-b0f64ba42c98,76f1a202-d816-5acf-a608-7e1059dfac13,12d2e257-18af-5ea5-9b8e-109e869b4b9e,38,2024-06-26 20:00:34+00
ec109ff3-3e11-52f5-b883-6031ede59adf,76f1a202-d816-5acf-a608-7e1059dfac13,2c21421b-d3c2-55c3-8144-0c1f6b3e4f6a,40,2024-06-26 20:00:34+00
89502f1b-9ff2-583f-9740-80fd7c227a37,76f1a202-d816-5acf-a608-7e1059dfac13,6a379419-7f07-55f2-a7a1-c92bb24d1f27,36,2024-06-26 20:00:34+00
ab956952-7c60-5591-a133-9ab8fc49de3a,76f1a202-d816-5acf-a608-7e1059dfac13,43239255-9abf-522a-a0ca-d242c13539cf,5,2024-06-26 20:00:34+00
ac9d6ef7-12b1-56d7-a0b6-294b7a62ea53,b757480f-240f-5892-bc5e-49c7bb3b75d7,6e22d3ea-9fc0-56fa-a367-352e633df40c,21,2024-09-02 15:20:52+00
aebd9e4a-404b-503c-a237-4d5153753e30,49c1bb26-a44a-5983-855f-e883a8ea33d8,605027f9-8c6a-5d9a-80f7-9d3d42930f12,10,2024-03-05 09:18:28+00
51fce975-7a50-539b-a9e8-ce5fc0dd1101,49c1bb26-a44a-5983-855f-e883a8ea33d8,b8b98483-157a-5ddb-81bf-f65f95613caa,35,2024-03-05 09:18:28+00
869e41e4-cb00-59ab-8e96-c36cb50cd874,49c1bb26-a44a-5983-855f-e883a8ea33d8,9b88c78b-34e7-51c0-8f51-940e61379648,56,2024-03-05 09:18:28+00
f264c4b5-e88f-5125-b06e-d48e7866811c,49c1bb26-a44a-5983-855f-e883a8ea33d8,85ee2954-52d3-5ec2-8fea-0575175559ac,32,2024-03-05 09:18:28+00
f179342d-5cac-556a-aa89-dedfa9ecb2e1,f786cca1-28a3-55f7-bfb2-75fad1296951,ce143825-d54b-50ec-92fe-c61fdb5ae610,21,2024-03-10 10:38:29+00
1d5e01fb-5fc4-5983-9b05-b1550f5eba39,f786cca1-28a3-55f7-bfb2-75fad1296951,4bb3265f-5fd8-5ee9-b01b-7ca5808bca6b,17,2024-03-10 10:38:29+00
64ccbcf3-b060-5e47-8bc7-120c9e29d05d,1cf7bb92-df16-53a9-9e8d-43bc50da36d1,d6481438-ce10-5e85-8b0a-fbc48dcd19e7,13,2024-02-13 20:42:53+00
d2c5ed22-0410-566f-98a3-f5b3cffcf4c2,1cf7bb92-df16-53a9-9e8d-43bc50da36d1,76ce6f91-8d47-5bfd-a8a9-b086d8728beb,37,2024-02-13 20:42:53+00
d570ebdf-c2aa-5e55-95cf-f29b9731ca00,1cf7bb92-df16-53a9-9e8d-43bc50da36d1,9096801a-a6fd-5ca3-a667-34759b5adb9e,34,2024-02-13 20:42:53+00
b5a93ad4-6061-54e1-a7a2-54f424321d5a,1cf7bb92-df16-53a9-9e8d-43bc50da36d1,ef9ef5f5-f4f4-5cf3-8420-397a6fcbf152,31,2024-02-13 20:42:53+00
4ff2d9a8-c96f-5486-8bd1-649a3e54f600,b81971a6-c6fd-561a-adfc-06d1a014550b,605027f9-8c6a-5d9a-80f7-9d3d42930f12,37,2024-09-25 14:06:02+00
ef80bcd1-d471-5530-9cce-fed41ce104dc,b81971a6-c6fd-561a-adfc-06d1a014550b,2c21421b-d3c2-55c3-8144-0c1f6b3e4f6a,39,2024-09-25 14:06:02+00
9204b84a-d367-5fb8-a5c0-95cd5b523f24,bdc591e4-8f89-58a8-97ab-2ea166518620,6e22d3ea-9fc0-56fa-a367-352e633df40c,10,2024-10-05 14:00:24+00
fc2942f3-68c9-5fc2-aa09-68d30561c0d2,bdc591e4-8f89-58a8-97ab-2ea166518620,015ee94d-a0dc-5a3a-96b4-4318093cd0c8,26,2024-10-05 14:00:24+00
0359c53d-4b44-594c-9b0b-3181785bdc14,bdc591e4-8f89-58a8-97ab-2ea166518620,43239255-9abf-522a-a0ca-d242c13539cf,41,2024-10-05 14:00:24+00
c370ddac-7574-5973-925f-528f3477f5f6,bdc591e4-8f89-58a8-97ab-2ea166518620,7698a25a-a051-53c9-ae74-597da202ffca,60,2024-10-05 14:00:24+00
bfcb6c24-bc8a-5867-8c4a-4704d3d6509b,0b5380ab-1df3-51e7-8142-061ffd7b8340,fc7fc417-cce4-5f70-a6f1-8ce7a0edf5e9,19,2024-10-27 00:03:37+00
67166a53-bb1a-5660-9f70-e95c5841c8ac,0b5380ab-1df3-51e7-8142-061ffd7b8340,12d2e257-18af-5ea5-9b8e-109e869b4b9e,24,2024-10-27 00:03:37+00
2fd63801-5107-57c6-9da2-c800fed32109,0b5380ab-1df3-51e7-8142-061ffd7b8340,c0f44500-e1d1-59e0-b53b-e0e98b24a7cf,56,2024-10-27 00:03:37+00
fe7d082b-f153-5c20-ba0a-eeb9af23e6b0,0b5380ab-1df3-51e7-8142-061ffd7b8340,ce143825-d54b-50ec-92fe-c61fdb5ae610,12,2024-10-27 00:03:37+00
87a96141-f64a-5bf5-855a-62ec87e3b978,fe4b9d7a-fe47-5ea6-9106-0f7430ae7aee,f40bf37b-20d6-5349-82b6-18cbd1f10e83,8,2024-03-04 11:13:56+00
e98ba872-068a-53b4-b04d-5032825ff566,fe4b9d7a-fe47-5ea6-9106-0f7430ae7aee,6a379419-7f07-55f2-a7a1-c92bb24d1f27,30,2024-03-04 11:13:56+00
277f4cdb-d73c-5df8-9510-917f5be96c59,fe4b9d7a-fe47-5ea6-9106-0f7430ae7aee,8243c793-3801-5a72-86e5-9ab29d8d498d,57,2024-03-04 11:13:56+00
da5440d5-2049-516c-b65f-64cfee32cc5c,fe4b9d7a-fe47-5ea6-9106-0f7430ae7aee,5e41eef3-c306-5dd1-ab8c-d305ebc7c2d5,21,2024-03-04 11:13:56+00
32ad0fce-c601-54d4-adc7-238c1db2f921,a939c191-085a-56aa-bf2e-36d0149f2e9e,48b59f70-e096-547d-97be-0afd9e0ef1f4,301,2024-03-04 14:09:59+00
0165ffe7-1561-5bfc-8107-199256c5aa62,a939c191-085a-56aa-bf2e-36d0149f2e9e,5e41eef3-c306-5dd1-ab8c-d305ebc7c2d5,142,2024-03-04 14:09:59+00
979304a9-14a6-5bcd-ae84-5e4e36a071b0,19bd82bf-dd9b-553e-bae3-03665c5a48fc,72067051-48fc-5737-a00c-93c490bd0b34,57,2024-03-16 13:18:47+00
70dc2769-4e9e-55f9-841d-604ae3364bda,19bd82bf-dd9b-553e-bae3-03665c5a48fc,98f9ed1d-3d10-5a68-a387-66981e9dde59,23,2024-03-16 13:18:47+00
bb512070-106b-59d7-a343-2b6e2620e0b8,19bd82bf-dd9b-553e-bae3-03665c5a48fc,950c0334-92d4-54ec-b05b-35e20983883c,29,2024-03-16 13:18:47+00
76f62b36-cf97-5003-98d7-0fe1047e9bd3,19bd82bf-dd9b-553e-bae3-03665c5a48fc,6a379419-7f07-55f2-a7a1-c92bb24d1f27,7,2024-03-16 13:18:47+00
24507943-c8cf-5c05-b27b-9925ad3130ae,9ce16cd4-f8f7-5e72-b48f-3b41503483bf,a32a21a2-1fde-52e6-a745-494a810ef82b,5,2024-12-03 01:24:12+00
e179f3d7-a248-5054-8e1c-4763181bc810,9ce16cd4-f8f7-5e72-b48f-3b41503483bf,9096801a-a6fd-5ca3-a667-34759b5adb9e,37,2024-12-03 01:24:12+00
df39deff-4e15-514b-b42b-746789f76fff,9ce16cd4-f8f7-5e72-b48f-3b41503483bf,cf629a09-093e-5b99-8bf4-da2438fa51c4,18,2024-12-03 01:24:12+00
72960cb9-5645-552b-96ca-32adcbee11d3,9ce16cd4-f8f7-5e72-b48f-3b41503483bf,6feb3ffe-e89f-55ab-81d5-d9b136a73c27,29,2024-12-03 01:24:12+00
318dde27-ab9a-5130-a59e-8fd0e089a5e2,307f99c5-e893-5131-9f50-a68babf21872,6a379419-7f07-55f2-a7a1-c92bb24d1f27,30,2024-03-30 18:38:26+00
f377e338-eee0-5578-b9a6-2cd7f372ca30,307f99c5-e893-5131-9f50-a68babf21872,cf40a232-f9b9-5adf-afb6-0a981f2ffcf7,29,2024-03-30 18:38:26+00
58679f32-bb4f-5468-9e54-d3d4a4c46252,307f99c5-e893-5131-9f50-a68babf21872,eb65b5fa-c2cb-589b-9049-2b6c7bf4d22d,47,2024-03-30 18:38:26+00
e9afd69e-db03-5f8c-b655-069781981384,61d19152-f6ea-51a2-a0e7-7952dd73e1f5,e3a10959-a74e-5cdd-bd80-3c24836fb062,7,2024-09-17 00:22:07+00
a6473e7b-3762-588c-9eb8-c1928ae62cef,61d19152-f6ea-51a2-a0e7-7952dd73e1f5,7139ebf2-1aff-593d-9366-22949a04fd61,19,2024-09-17 00:22:07+00
318ad505-4e3b-5b38-aeed-3b0c58a59efb,61d19152-f6ea-51a2-a0e7-7952dd73e1f5,015ee94d-a0dc-5a3a-96b4-4318093cd0c8,36,2024-09-17 00:22:07+00
fe80c1ab-65dc-5c00-aabb-81a811ff6467,61d19152-f6ea-51a2-a0e7-7952dd73e1f5,70b50d29-9125-53dc-a829-c961b011e429,25,2024-09-17 00:22:07+00
dc17b620-f89d-5d2f-bcba-a24d57dd3675,219b5bfd-3f3d-5cba-b1c1-0cd2efe48f8e,b8b98483-157a-5ddb-81bf-f65f95613caa,59,2024-10-24 14:28:40+00
bf03d909-0b43-5837-bb75-a3c2b5f3e02e,83bafacb-ba3b-58a1-a70b-3f996f0e7b6f,ab9d2edf-ae6c-55be-beec-404b29edda19,13,2024-08-14 21:02:00+00
a423c4f2-d7d8-577e-9dee-5a3aeb63d64f,83bafacb-ba3b-58a1-a70b-3f996f0e7b6f,59115f56-acf8-50f7-9dfd-c99816aa2172,40,2024-08-14 21:02:00+00
2b1643c4-fd27-5ece-b088-5a89b3706ee3,83bafacb-ba3b-58a1-a70b-3f996f0e7b6f,d6e9c7be-33cb-5851-ab77-08e587828108,36,2024-08-14 21:02:00+00
04325372-7524-5442-9da2-575a826ee51d,83bafacb-ba3b-58a1-a70b-3f996f0e7b6f,637d71e2-55cf-575a-87f5-1bcee0d0072a,19,2024-08-14 21:02:00+00
488eebd2-0b60-50a8-80d6-f609d09fc389,2b944574-fb78-5e52-ad51-5551ce2424b5,b8b98483-157a-5ddb-81bf-f65f95613caa,56,2024-10-03 17:01:39+00
0e4aac90-1555-51fa-aa44-bbc46fef7b4f,2b944574-fb78-5e52-ad51-5551ce2424b5,c0f44500-e1d1-59e0-b53b-e0e98b24a7cf,28,2024-10-03 17:01:39+00
04978e76-225e-54ef-bb26-f6c58332b8ce,ee826936-6472-5e38-8947-668c1989b12c,5e2cc5fc-7d5b-5bba-ad99-4412ab325860,58,2024-10-18 00:23:15+00
eb913dc1-c3da-5ec8-9bdd-018dce28f8d4,ee826936-6472-5e38-8947-668c1989b12c,70b50d29-9125-53dc-a829-c961b011e429,37,2024-10-18 00:23:15+00
0f401376-1b50-50d3-95f7-22c6375676fc,ee826936-6472-5e38-8947-668c1989b12c,2c21421b-d3c2-55c3-8144-0c1f6b3e4f6a,40,2024-10-18 00:23:15+00
99fde209-9853-5acc-9787-467c9eb69111,ee826936-6472-5e38-8947-668c1989b12c,e3a10959-a74e-5cdd-bd80-3c24836fb062,33,2024-10-18 00:23:15+00
db122b61-02fd-5814-8b0c-f23986f45a1f,b7bc18f0-7fcb-503c-9022-57e7d0eef12d,d02cf696-fbfe-56b7-8ff3-89608483ee25,8,2024-07-11 17:08:40+00
35cd56c0-4838-552f-acd8-950393495fea,b7bc18f0-7fcb-503c-9022-57e7d0eef12d,7698a25a-a051-53c9-ae74-597da202ffca,6,2024-07-11 17:08:40+00
1534c98f-61bf-536d-988f-3d18edb93933,b7bc18f0-7fcb-503c-9022-57e7d0eef12d,43239255-9abf-522a-a0ca-d242c13539cf,58,2024-07-11 17:08:40+00
6dc43ba4-80e0-5156-9953-d904485791f2,b7bc18f0-7fcb-503c-9022-57e7d0eef12d,9096801a-a6fd-5ca3-a667-34759b5adb9e,9,2024-07-11 17:08:40+00
c2222b89-a60c-5f44-bef9-68ef352dd3fb,96d6960f-2a4f-52a2-81df-debc2fcd27a3,263e995b-8be3-5198-adb6-aa81c41bf770,44,2024-03-21 20:39:16+00
940c3d06-f6c3-51cb-9277-1306295379f6,96d6960f-2a4f-52a2-81df-debc2fcd27a3,a4acb526-e0ea-590e-9293-ff9e90059c15,42,2024-03-21 20:39:16+00
2b1ae796-a685-53bb-9d33-4d43321edebb,96d6960f-2a4f-52a2-81df-debc2fcd27a3,f3c9e6db-5001-5325-b688-27d1d3fc04c1,46,2024-03-21 20:39:16+00
80e78d0e-9ebb-5977-8f83-9536bdd5ee4c,97d8d5c6-dafc-5558-8497-95d649389bb8,0f7722fa-332a-5a19-922d-1d9cab8dda65,20,2024-06-22 22:22:50+00
286dffea-c00e-54e0-87bc-4c77e348de7a,97d8d5c6-dafc-5558-8497-95d649389bb8,950c0334-92d4-54ec-b05b-35e20983883c,44,2024-06-22 22:22:50+00
d0b5254a-cd17-5dc6-a351-e521fb7e09b6,97d8d5c6-dafc-5558-8497-95d649389bb8,b8b98483-157a-5ddb-81bf-f65f95613caa,27,2024-06-22 22:22:50+00
43bb9b74-b582-5d98-a644-2e53b8222900,4fe31a60-7722-5260-8dd3-00505fcbf2b2,093be7d5-f016-5f2c-b71d-4dce4b0e9514,37,2024-09-18 15:08:50+00
8d90d7f9-bb21-56c7-96af-5a8177239adf,95a4bc5a-b46d-556c-af03-533ab2166a95,e7c66ad7-b5d3-5271-9438-d4741c6f9cbc,43,2024-06-28 22:15:32+00
0c1d8eda-596f-565a-9c84-3e8404608136,95a4bc5a-b46d-556c-af03-533ab2166a95,5abd18e8-de32-5af1-b593-d3190e9164a5,40,2024-06-28 22:15:32+00
fcf909b2-de1b-5274-ae7d-393885ea7d9b,a79b9873-71c0-5d68-ac97-5385f25ef265,9096801a-a6fd-5ca3-a667-34759b5adb9e,17,2024-10-23 14:37:30+00
8cc2095c-e647-5dad-bce9-9cae2cda4a04,a79b9873-71c0-5d68-ac97-5385f25ef265,0f7722fa-332a-5a19-922d-1d9cab8dda65,20,2024-10-23 14:37:30+00
f42fac8f-1a90-5bda-8280-0a15ed0deb2c,a79b9873-71c0-5d68-ac97-5385f25ef265,a68ed02d-80a0-5ebb-a79e-1ef7c4187de5,5,2024-10-23 14:37:30+00
e692a2a2-c68c-5ddd-9911-7bf0ad99ec69,6ec405f8-0fbf-5446-b139-a2f41c38f957,0f7722fa-332a-5a19-922d-1d9cab8dda65,13,2024-10-02 01:01:01+00
116e3ef0-811d-5590-b02e-64aae49ca5e5,8915ec11-0b1e-5670-a187-96db8fbf0552,eb65b5fa-c2cb-589b-9049-2b6c7bf4d22d,30,2024-05-24 16:41:07+00
97902d19-e22a-58a0-818b-7156095af1fc,8915ec11-0b1e-5670-a187-96db8fbf0552,3ba63656-6a91-5254-8fd9-1b6d20dced02,47,2024-05-24 16:41:07+00
6dea5087-4ff1-519e-85ca-0b1f6223dc08,33e8600c-a5fd-5776-b5b5-d706a71b55c0,4bb3265f-5fd8-5ee9-b01b-7ca5808bca6b,23,2024-05-09 00:24:22+00
df59f2f0-0db9-59ee-a60f-59052c9049d5,33e8600c-a5fd-5776-b5b5-d706a71b55c0,9b88c78b-34e7-51c0-8f51-940e61379648,38,2024-05-09 00:24:22+00
58c9b8f5-96e6-5ef0-ab8a-2cc9d8a4efd5,33e8600c-a5fd-5776-b5b5-d706a71b55c0,76ce6f91-8d47-5bfd-a8a9-b086d8728beb,49,2024-05-09 00:24:22+00
26f24271-1058-5dc5-9c78-981e75c57bd1,ae8aa1c1-7add-53fb-b9ef-44e5ec2a49b5,5b72fcba-23c2-5ea7-9dc2-b32eca367733,18,2024-02-23 16:28:02+00
0d3b3955-998e-502d-b977-33e9b844d4bd,ae8aa1c1-7add-53fb-b9ef-44e5ec2a49b5,c388846e-4e3c-5d57-b61f-ed13c7edc4da,19,2024-02-23 16:28:02+00
49be2b0e-4b69-5369-a438-c18670ef6665,ae8aa1c1-7add-53fb-b9ef-44e5ec2a49b5,4bb3265f-5fd8-5ee9-b01b-7ca5808bca6b,18,2024-02-23 16:28:02+00
0a306a37-c77e-53cc-9cd4-498f8d0d51e6,9d27f48b-b0b7-52d5-a9e3-433f8f7e3a36,a32a21a2-1fde-52e6-a745-494a810ef82b,42,2024-11-15 15:07:47+00
8900c6ea-ca9e-5178-bdf4-d16bfa689634,9d27f48b-b0b7-52d5-a9e3-433f8f7e3a36,5b72fcba-23c2-5ea7-9dc2-b32eca367733,8,2024-11-15 15:07:47+00
c1f348f4-c130-578d-858e-e21ddc000588,9d27f48b-b0b7-52d5-a9e3-433f8f7e3a36,474da520-6891-5d9b-ad56-dbc5e963bb3f,29,2024-11-15 15:07:47+00
a0e7111e-5f2d-5318-8e63-8fe8417b5642,f3907868-26f5-5bc7-b2cb-821ab8dcff3f,e7c66ad7-b5d3-5271-9438-d4741c6f9cbc,8,2024-07-14 22:15:19+00
ebe3753f-9555-5b90-9316-9235ec36e183,f3907868-26f5-5bc7-b2cb-821ab8dcff3f,b8b98483-157a-5ddb-81bf-f65f95613caa,39,2024-07-14 22:15:19+00
ade6c46d-d518-5057-9844-eb7621297d68,f3907868-26f5-5bc7-b2cb-821ab8dcff3f,98f9ed1d-3d10-5a68-a387-66981e9dde59,43,2024-07-14 22:15:19+00
648028ce-4e91-523e-8a66-2463a463c84a,f3907868-26f5-5bc7-b2cb-821ab8dcff3f,721d117c-620d-5f92-b800-3e89864cc8d3,58,2024-07-14 22:15:19+00
7e9263f6-5a65-5352-8351-1ada4a4ccfa5,f79d64be-bd20-53dc-916d-84d029cc3d56,0f7722fa-332a-5a19-922d-1d9cab8dda65,56,2024-10-29 19:23:16+00
0fd4136d-dfa7-57b3-b24e-78a449c6a168,f79d64be-bd20-53dc-916d-84d029cc3d56,85ee2954-52d3-5ec2-8fea-0575175559ac,51,2024-10-29 19:23:16+00
88ccd889-e271-5f49-8495-3ec250ce89ac,f79d64be-bd20-53dc-916d-84d029cc3d56,637d71e2-55cf-575a-87f5-1bcee0d0072a,59,2024-10-29 19:23:16+00
90ec6460-d451-5c99-b359-4ff95a0c4fc9,f79d64be-bd20-53dc-916d-84d029cc3d56,e7c66ad7-b5d3-5271-9438-d4741c6f9cbc,34,2024-10-29 19:23:16+00
f533a255-c430-591c-90ae-ebc625e2eea9,39c468d2-aabc-5bbf-a6c2-68ea9d90ad70,dfaf50bf-7ed8-5e30-b115-e55c44d8e0c1,22,2024-10-18 00:26:01+00
c3197c13-0784-5227-81f2-ed8cda70700d,39c468d2-aabc-5bbf-a6c2-68ea9d90ad70,a32a21a2-1fde-52e6-a745-494a810ef82b,10,2024-10-18 00:26:01+00
c5165fc0-3f07-50b2-92a4-8d6bbdbc7c27,07ff71d9-ffc9-5747-9c70-50a7913f1d62,d6e9c7be-33cb-5851-ab77-08e587828108,55,2024-10-04 20:26:56+00
420c2b35-02fc-58de-8f99-c8429cb49c92,07ff71d9-ffc9-5747-9c70-50a7913f1d62,eb65b5fa-c2cb-589b-9049-2b6c7bf4d22d,5,2024-10-04 20:26:56+00
c572a10a-503b-52c7-858c-d593a222c081,07ff71d9-ffc9-5747-9c70-50a7913f1d62,950c0334-92d4-54ec-b05b-35e20983883c,47,2024-10-04 20:26:56+00
4f8e4798-f59d-57c1-b98b-0764e5ea3365,acbe0982-0cdf-51ab-bb32-3f2320c8c15d,cf40a232-f9b9-5adf-afb6-0a981f2ffcf7,366,2024-05-15 18:01:10+00
10900bd9-36dc-5af3-b897-03c9c67cdf68,acbe0982-0cdf-51ab-bb32-3f2320c8c15d,5f832cdc-1407-55fc-8fd5-76ca28247722,249,2024-05-15 18:01:10+00
b0c4d833-e0b1-5406-93c2-b9133dbb3d5f,acbe0982-0cdf-51ab-bb32-3f2320c8c15d,5b72fcba-23c2-5ea7-9dc2-b32eca367733,181,2024-05-15 18:01:10+00
6f6f7949-c81b-5860-8a18-f9b7840dee02,e58815fd-32c1-5b4b-8f07-58e8e2a987fd,093be7d5-f016-5f2c-b71d-4dce4b0e9514,13,2024-10-09 21:30:04+00
230fd694-de65-5e43-8eda-f4600c4e04f1,e58815fd-32c1-5b4b-8f07-58e8e2a987fd,c7c80e8e-2456-5c4b-97cb-5d6b8aea9e11,14,2024-10-09 21:30:04+00
62f11381-62ee-546f-b9a4-623446551828,e58815fd-32c1-5b4b-8f07-58e8e2a987fd,6e22d3ea-9fc0-56fa-a367-352e633df40c,19,2024-10-09 21:30:04+00
835b2934-a98e-58fb-b6fe-01ec53d60d41,8ef1f422-1fab-5310-b164-6cac258c73fd,d6e9c7be-33cb-5851-ab77-08e587828108,6,2024-10-19 13:02:51+00
5acbd871-5deb-50ac-b421-7adb802c86c2,8ef1f422-1fab-5310-b164-6cac258c73fd,9096801a-a6fd-5ca3-a667-34759b5adb9e,39,2024-10-19 13:02:51+00
51af6fb6-4966-56fa-b138-fd31720321fb,8ef1f422-1fab-5310-b164-6cac258c73fd,a32d3b40-78a1-5f18-8b90-4dd8cd4ea27b,20,2024-10-19 13:02:51+00
776935fb-ed1c-598e-9673-28d60e96e91c,dd004954-8ee7-5b9c-ad92-446ccc4c078c,72067051-48fc-5737-a00c-93c490bd0b34,9,2024-02-10 00:34:53+00
7983e25f-f87c-5465-8fb3-293ba6289df4,dd004954-8ee7-5b9c-ad92-446ccc4c078c,637d71e2-55cf-575a-87f5-1bcee0d0072a,14,2024-02-10 00:34:53+00
148ef5e3-eade-5a14-b2c2-cc4dabf20354,dd004954-8ee7-5b9c-ad92-446ccc4c078c,eb65b5fa-c2cb-589b-9049-2b6c7bf4d22d,55,2024-02-10 00:34:53+00
37a78aee-8764-5204-b842-bfad49757125,1a8717c1-08d2-5d5c-8209-8e8ee2262117,43239255-9abf-522a-a0ca-d242c13539cf,116,2024-07-27 21:20:04+00
975268db-5e51-54c0-aff9-d1eb4102d82a,0a33ea0c-2553-5e54-bdd0-8ed2c075b7fc,5f832cdc-1407-55fc-8fd5-76ca28247722,29,2024-01-14 17:21:22+00
5b3cabb0-6bb2-54c7-a54d-d84326e83f80,0a33ea0c-2553-5e54-bdd0-8ed2c075b7fc,b8b98483-157a-5ddb-81bf-f65f95613caa,47,2024-01-14 17:21:22+00
fe7e4b4d-6141-54bf-b46f-44db49fecb71,0a33ea0c-2553-5e54-bdd0-8ed2c075b7fc,ab9d2edf-ae6c-55be-beec-404b29edda19,53,2024-01-14 17:21:22+00
accdcbc1-4a4f-5d8f-bfe0-8b18cac9aea3,20784b93-9be3-5b6f-bf5d-baf02922f8b8,6feb3ffe-e89f-55ab-81d5-d9b136a73c27,56,2024-10-19 16:39:12+00
0a88cafb-a227-518c-afff-93076e2d4278,bd5b6dcc-7ee7-5204-98cd-4903fb5430de,9b88c78b-34e7-51c0-8f51-940e61379648,26,2024-08-30 00:21:38+00
4a8f617c-3e1f-51af-a676-2314ceb7c751,bd5b6dcc-7ee7-5204-98cd-4903fb5430de,1b8e1d0e-392d-5e23-854a-832f0d6ac35d,19,2024-08-30 00:21:38+00
1fc15e49-f4a6-562b-8a6d-34ab6f179ec9,bd5b6dcc-7ee7-5204-98cd-4903fb5430de,a4acb526-e0ea-590e-9293-ff9e90059c15,49,2024-08-30 00:21:38+00
c75efa47-467d-59b6-88ec-2c7ae988fd3d,85abcf04-84df-5772-8b04-084dd13121ee,eb65b5fa-c2cb-589b-9049-2b6c7bf4d22d,19,2024-07-28 21:38:15+00
5dec578c-47af-5fa4-82fc-0577b39c891e,85abcf04-84df-5772-8b04-084dd13121ee,72067051-48fc-5737-a00c-93c490bd0b34,19,2024-07-28 21:38:15+00
fdff368b-5a4a-56f8-9813-426d4d86dcf7,85abcf04-84df-5772-8b04-084dd13121ee,3f7c929e-b070-5624-afcb-413255a3e8b7,39,2024-07-28 21:38:15+00
673a4932-fa0e-599e-b748-d86a63f334a6,85abcf04-84df-5772-8b04-084dd13121ee,03daeeea-7468-535a-a03a-78f80e9f433f,48,2024-07-28 21:38:15+00
811a690a-6e37-597a-86c3-63539a551251,249bade3-67c3-535c-bfbc-916a177a7317,72067051-48fc-5737-a00c-93c490bd0b34,37,2024-03-12 01:19:35+00
d25ebf0a-32ce-5181-b4fa-824cc683aa0e,249bade3-67c3-535c-bfbc-916a177a7317,59115f56-acf8-50f7-9dfd-c99816aa2172,36,2024-03-12 01:19:35+00
aba612cd-54a3-5422-b7d2-bd1e13e873fa,249bade3-67c3-535c-bfbc-916a177a7317,ce143825-d54b-50ec-92fe-c61fdb5ae610,16,2024-03-12 01:19:35+00
507970f7-337b-54d6-a0a0-73930b24f8d5,249bade3-67c3-535c-bfbc-916a177a7317,dfaf50bf-7ed8-5e30-b115-e55c44d8e0c1,15,2024-03-12 01:19:35+00
a4a093e1-69b3-582c-8e83-dcc7c7797629,076746f7-dfd5-58ef-826c-d119bcef1a28,6852d7e8-9827-5aa7-a439-140e7dac645a,13,2024-10-24 09:08:37+00
931bc577-0686-5bbc-a40f-9785d6448a3d,076746f7-dfd5-58ef-826c-d119bcef1a28,6feb3ffe-e89f-55ab-81d5-d9b136a73c27,29,2024-10-24 09:08:37+00
d1c4f86a-b762-5c6d-bba5-756b15b019f8,51461c53-fee9-5f1f-bfa2-aab236410264,721d117c-620d-5f92-b800-3e89864cc8d3,42,2024-06-30 18:38:01+00
13de97fe-be85-5aa9-b01a-5daea3730170,51461c53-fee9-5f1f-bfa2-aab236410264,015ee94d-a0dc-5a3a-96b4-4318093cd0c8,51,2024-06-30 18:38:01+00
f1987a8a-e8e0-5654-b1db-cbe32f1364bd,51461c53-fee9-5f1f-bfa2-aab236410264,9096801a-a6fd-5ca3-a667-34759b5adb9e,33,2024-06-30 18:38:01+00
9e7ac625-c368-5336-89bd-2cedf4f0671d,60eb6619-dae4-5d62-b01a-d43e214c16b5,8243c793-3801-5a72-86e5-9ab29d8d498d,51,2024-11-18 23:29:44+00
1955e2ff-84d4-5b26-aecc-580482405897,60eb6619-dae4-5d62-b01a-d43e214c16b5,5bfb3415-c6ae-5fa3-a84b-8a98a543ab9a,10,2024-11-18 23:29:44+00
be99c285-c6e9-501a-b09e-b15e01a901f8,9444e6a4-8704-5a66-8c4c-604265c965fc,5bfb3415-c6ae-5fa3-a84b-8a98a543ab9a,51,2024-01-05 01:44:19+00
0a93a5af-b827-590d-b2c9-e19f1f52c952,9444e6a4-8704-5a66-8c4c-604265c965fc,d6481438-ce10-5e85-8b0a-fbc48dcd19e7,19,2024-01-05 01:44:19+00
4b05cbb4-0aff-528b-b72a-c17532b5e069,3ef880af-4c0d-55e9-96ce-4d569ffe4dad,4ccb08b0-f9e0-5e25-89e3-bea409b0d0cb,29,2024-06-23 16:35:51+00
0122021a-1ea5-50a3-80f8-e402a5d8879c,3ef880af-4c0d-55e9-96ce-4d569ffe4dad,c7c80e8e-2456-5c4b-97cb-5d6b8aea9e11,14,2024-06-23 16:35:51+00
26442f6e-2709-5f54-a58d-d2a96c3bcba7,3ef880af-4c0d-55e9-96ce-4d569ffe4dad,22326882-02d4-5cec-806a-1e1016a55411,32,2024-06-23 16:35:51+00
099bd69a-011f-539b-a678-c715c6bafc9e,76415e7e-8485-5f41-977a-41e392896b0a,047edcf5-114c-5342-b495-232fc4aaf6fe,33,2024-10-22 01:23:42+00
3216f4c4-2093-596d-8883-ce71d96653ac,76415e7e-8485-5f41-977a-41e392896b0a,48b59f70-e096-547d-97be-0afd9e0ef1f4,23,2024-10-22 01:23:42+00
a0198618-5322-5f95-85f2-01392df3c68b,76415e7e-8485-5f41-977a-41e392896b0a,f3c9e6db-5001-5325-b688-27d1d3fc04c1,43,2024-10-22 01:23:42+00
1288a4e3-32aa-5617-a0e7-3a766d1457b4,982efd94-fadd-5315-b875-74188f0ef156,a32d3b40-78a1-5f18-8b90-4dd8cd4ea27b,7,2024-04-28 20:14:07+00
91ea442c-ec92-5b84-a037-a5387ef315b4,97d19fc4-3727-583a-a599-285aa0215256,22326882-02d4-5cec-806a-1e1016a55411,23,2024-10-04 00:00:27+00
058ee584-1b4c-5a8f-b988-d935dda80642,97d19fc4-3727-583a-a599-285aa0215256,59115f56-acf8-50f7-9dfd-c99816aa2172,32,2024-10-04 00:00:27+00
d9ae18ca-8445-5d2b-b180-76ace4594c8d,97d19fc4-3727-583a-a599-285aa0215256,c388846e-4e3c-5d57-b61f-ed13c7edc4da,13,2024-10-04 00:00:27+00
ed5c16d3-a33e-5ce8-8b0d-0fb263e96696,4b153e98-e4fe-5bf6-8fe0-63fcc9ebed7c,a4acb526-e0ea-590e-9293-ff9e90059c15,27,2024-09-15 14:33:40+00
e9ab852b-4fc3-5385-9d48-b1e4f292de99,4b153e98-e4fe-5bf6-8fe0-63fcc9ebed7c,f3d43083-cf37-52fb-bc02-bff47203b7c9,51,2024-09-15 14:33:40+00
0165c422-f1a3-5117-ab0f-20a6ec310e6e,4b153e98-e4fe-5bf6-8fe0-63fcc9ebed7c,7139ebf2-1aff-593d-9366-22949a04fd61,37,2024-09-15 14:33:40+00
f63594c8-f04f-5ef3-81c6-229d52bf0413,acf8959a-1bc8-5949-b780-26728270a499,5e2cc5fc-7d5b-5bba-ad99-4412ab325860,58,2024-09-23 13:02:37+00
a66ea993-0ee1-52d6-96e9-d6ee7eef37f3,acf8959a-1bc8-5949-b780-26728270a499,b8b98483-157a-5ddb-81bf-f65f95613caa,45,2024-09-23 13:02:37+00
69f420e1-51cd-5a86-9014-cb80815142d8,acf8959a-1bc8-5949-b780-26728270a499,9b88c78b-34e7-51c0-8f51-940e61379648,13,2024-09-23 13:02:37+00
c735c5fc-49cf-53e3-97db-f5cd6c2f8419,6875fcc4-f739-5d91-a383-a99f3756841d,637d71e2-55cf-575a-87f5-1bcee0d0072a,13,2024-04-22 19:10:20+00
c583980f-6668-53ef-8349-3f22fec40c59,6875fcc4-f739-5d91-a383-a99f3756841d,c914dcac-18fe-5928-87c0-80e93bb776c2,38,2024-04-22 19:10:20+00
505db25d-fb44-5556-9fbc-6c8778aae515,6875fcc4-f739-5d91-a383-a99f3756841d,5f832cdc-1407-55fc-8fd5-76ca28247722,5,2024-04-22 19:10:20+00
dea0a74a-e99c-5bb9-8853-15ef0ac16d23,6875fcc4-f739-5d91-a383-a99f3756841d,047edcf5-114c-5342-b495-232fc4aaf6fe,40,2024-04-22 19:10:20+00
aeb74400-dc95-5dcb-b41e-1cc414b8de94,7440ecb0-dbd7-582d-9791-8b00b7b2bfd5,571424b7-2fc1-5ceb-8982-7426cc703fff,35,2024-04-01 16:17:57+00
cc79dc7f-2f6c-5e3f-b497-74ee38730b85,7440ecb0-dbd7-582d-9791-8b00b7b2bfd5,8243c793-3801-5a72-86e5-9ab29d8d498d,24,2024-04-01 16:17:57+00
6f39dea3-fedb-51e8-8393-e8864dc7eefe,1da620b3-44ad-522a-a1c3-d425d4667674,43239255-9abf-522a-a0ca-d242c13539cf,11,2024-05-29 23:43:00+00
82b6ab48-9945-5b72-bffa-affd1558a045,1da620b3-44ad-522a-a1c3-d425d4667674,637d71e2-55cf-575a-87f5-1bcee0d0072a,31,2024-05-29 23:43:00+00
c84fc4e8-4a41-51a0-9a96-e24e6a2e43fc,1da620b3-44ad-522a-a1c3-d425d4667674,4ccb08b0-f9e0-5e25-89e3-bea409b0d0cb,20,2024-05-29 23:43:00+00
076617cb-b68e-515f-a09d-c24b9c86714b,1da620b3-44ad-522a-a1c3-d425d4667674,a4acb526-e0ea-590e-9293-ff9e90059c15,16,2024-05-29 23:43:00+00
6d4ff56d-407d-5c0e-bb4b-49b7fe66a6e7,a61c74cb-3969-5308-b4c9-9bd3823aa427,a32d3b40-78a1-5f18-8b90-4dd8cd4ea27b,31,2024-06-12 17:27:10+00
706568f5-7f0f-5ba8-8a13-f0f091f27f29,a61c74cb-3969-5308-b4c9-9bd3823aa427,98f9ed1d-3d10-5a68-a387-66981e9dde59,23,2024-06-12 17:27:10+00
b8386977-aa76-5a3f-a09f-2904013e6209,a61c74cb-3969-5308-b4c9-9bd3823aa427,5f832cdc-1407-55fc-8fd5-76ca28247722,59,2024-06-12 17:27:10+00
113c8221-b8aa-5bb5-81bf-172f785552cd,a61c74cb-3969-5308-b4c9-9bd3823aa427,0f7722fa-332a-5a19-922d-1d9cab8dda65,40,2024-06-12 17:27:10+00
6b7e4736-b766-50fd-913d-d05909702324,3acb72c7-23f6-5fec-90a5-c497f0908741,047edcf5-114c-5342-b495-232fc4aaf6fe,51,2024-05-13 21:30:10+00
95d8c615-39d0-554b-8371-2ca63d401d27,3acb72c7-23f6-5fec-90a5-c497f0908741,ebdcc5e9-63c3-5a52-9521-f031c6154feb,24,2024-05-13 21:30:10+00
d422de35-744c-5255-86f4-b87748a5ba7b,3acb72c7-23f6-5fec-90a5-c497f0908741,f3d43083-cf37-52fb-bc02-bff47203b7c9,41,2024-05-13 21:30:10+00
0f5e4bff-8ce7-5328-9577-b015e79b5c05,4a00dc54-46a8-5df9-9fb2-232c61e4c31d,5abd18e8-de32-5af1-b593-d3190e9164a5,56,2024-10-01 19:07:31+00
8f3f16b8-e145-5dae-b1af-1a0a615284bb,3878ce0f-5e77-5d85-9437-44b483e8bf3d,e7c66ad7-b5d3-5271-9438-d4741c6f9cbc,30,2024-03-03 08:35:24+00
2299105b-b855-5b75-a4b2-2fc0121d9791,3878ce0f-5e77-5d85-9437-44b483e8bf3d,d02cf696-fbfe-56b7-8ff3-89608483ee25,23,2024-03-03 08:35:24+00
166df260-065b-5f5b-ab93-1a3f824de187,55a697d5-1714-5398-ae7f-d600b7b9cb6b,5abd18e8-de32-5af1-b593-d3190e9164a5,53,2024-07-10 21:37:44+00
9c353925-4c3f-5176-8522-85d9973b2284,8bf4913b-a196-5edd-83e2-d99126adc622,d02cf696-fbfe-56b7-8ff3-89608483ee25,45,2024-02-23 00:33:06+00
6031477c-7412-52e5-afa9-b843fde7388a,4c82d6a2-442f-5659-ac31-216b5ddf1168,5b72fcba-23c2-5ea7-9dc2-b32eca367733,9,2024-05-06 16:08:26+00
773a1952-5bca-59e7-996a-b389a30b6b20,4c82d6a2-442f-5659-ac31-216b5ddf1168,72067051-48fc-5737-a00c-93c490bd0b34,6,2024-05-06 16:08:26+00
dc34a536-9ce7-5a41-b468-0d6706cbacfe,4c82d6a2-442f-5659-ac31-216b5ddf1168,5e41eef3-c306-5dd1-ab8c-d305ebc7c2d5,43,2024-05-06 16:08:26+00
bfff1c34-2761-5115-bbb6-99eaa8ce5a8c,f6fca5b6-e14e-5762-94f8-6ed87447fd1c,6a379419-7f07-55f2-a7a1-c92bb24d1f27,22,2024-10-27 17:21:18+00
b66cd019-eb46-58d9-9c25-318d498ca085,f27fc8cc-12c6-54e6-a297-4df952975661,cf40a232-f9b9-5adf-afb6-0a981f2ffcf7,23,2024-03-16 14:19:52+00
c4d80d82-84a4-560e-9511-66b9c5e8804a,f27fc8cc-12c6-54e6-a297-4df952975661,e7c66ad7-b5d3-5271-9438-d4741c6f9cbc,37,2024-03-16 14:19:52+00
e85a95e6-999e-52d5-8e43-8f00c83129d9,f27fc8cc-12c6-54e6-a297-4df952975661,5abd18e8-de32-5af1-b593-d3190e9164a5,36,2024-03-16 14:19:52+00
9af6f324-3048-5737-a7be-260b175e4e7c,c5ea70df-a2b4-5d45-9ede-ad0da0f27dc9,cf40a232-f9b9-5adf-afb6-0a981f2ffcf7,41,2024-10-08 17:01:41+00
4fadc9a0-f839-5b6c-b2dc-2b041fda1ddf,c5ea70df-a2b4-5d45-9ede-ad0da0f27dc9,dbfbb0d5-1eb8-59dd-bad5-834d7a45a348,26,2024-10-08 17:01:41+00
8ae9960f-5fd8-52b5-8699-7000aab18b23,c5ea70df-a2b4-5d45-9ede-ad0da0f27dc9,5b72fcba-23c2-5ea7-9dc2-b32eca367733,11,2024-10-08 17:01:41+00
9a2fef62-334f-5ecf-8e7d-9ab783496bec,1a4e08c0-4709-55dc-9417-7a3fa8a7f616,0f7722fa-332a-5a19-922d-1d9cab8dda65,54,2024-04-16 23:05:43+00
ccc8e065-840a-5e48-90ad-c252420750d6,1a4e08c0-4709-55dc-9417-7a3fa8a7f616,03daeeea-7468-535a-a03a-78f80e9f433f,24,2024-04-16 23:05:43+00
d05a2f59-74c8-5952-839d-f0dcc9b54b42,82d233a8-d9cf-53ee-b7d3-2f37c3cdb152,22326882-02d4-5cec-806a-1e1016a55411,53,2024-03-18 16:38:35+00
44c21179-d673-51db-a4a7-fc6be50d397d,82d233a8-d9cf-53ee-b7d3-2f37c3cdb152,047edcf5-114c-5342-b495-232fc4aaf6fe,39,2024-03-18 16:38:35+00
7d50b4fc-a47b-5808-bfd0-f3054ca58425,82d233a8-d9cf-53ee-b7d3-2f37c3cdb152,8191a9f6-2263-53f2-a6a6-4c31e81e996e,25,2024-03-18 16:38:35+00
300a7fe2-fc97-50b4-8bfe-247d5674918a,a37559b6-2485-5f5d-a2f7-eb21f6bb9443,3f7c929e-b070-5624-afcb-413255a3e8b7,53,2024-09-05 00:05:33+00
e3145f9e-a489-579a-b9fc-a5a7288daf62,a37559b6-2485-5f5d-a2f7-eb21f6bb9443,c388846e-4e3c-5d57-b61f-ed13c7edc4da,52,2024-09-05 00:05:33+00
c057f22c-e050-5e02-9823-3182245b7837,a37559b6-2485-5f5d-a2f7-eb21f6bb9443,ce143825-d54b-50ec-92fe-c61fdb5ae610,33,2024-09-05 00:05:33+00
19075eb9-5f23-51f5-b5b1-ea7610b0fff7,a37559b6-2485-5f5d-a2f7-eb21f6bb9443,a4acb526-e0ea-590e-9293-ff9e90059c15,7,2024-09-05 00:05:33+00
a7dab266-a4eb-5b57-8590-6dba79785e50,c232d91c-e6d8-57b9-9033-2a247991e3d2,263e995b-8be3-5198-adb6-aa81c41bf770,5,2024-09-10 18:35:48+00
4546832f-ff1f-52ce-bc7a-aea70e725bf0,c232d91c-e6d8-57b9-9033-2a247991e3d2,515f77ef-9c32-5e75-81c3-2b3795c000f2,23,2024-09-10 18:35:48+00
669f55b3-af7c-587a-a3ae-ec7417c20269,c232d91c-e6d8-57b9-9033-2a247991e3d2,63b368d3-a702-5229-a0eb-00c0e02acf2c,38,2024-09-10 18:35:48+00
c93dd176-7d0f-56fc-ac9b-6f2f97a1ed01,c232d91c-e6d8-57b9-9033-2a247991e3d2,8110e190-2a4b-579b-be2c-511de85ab755,41,2024-09-10 18:35:48+00
21b721bc-1830-56a8-bdb7-a1773406da1b,4a2c5e89-2bb1-5b23-ad10-ad9ede5efc51,70b50d29-9125-53dc-a829-c961b011e429,34,2024-03-13 20:13:57+00
4db1997b-a751-5b0d-b905-24c5daf2bf11,4a2c5e89-2bb1-5b23-ad10-ad9ede5efc51,7698a25a-a051-53c9-ae74-597da202ffca,52,2024-03-13 20:13:57+00
0ce086a8-587e-5e62-ac28-a2c5642341ad,4a2c5e89-2bb1-5b23-ad10-ad9ede5efc51,fc7fc417-cce4-5f70-a6f1-8ce7a0edf5e9,15,2024-03-13 20:13:57+00
91f9e4dd-5190-57d5-a5ae-d2b94a4e57b3,246cc62e-bbc1-5114-9d5c-687e30f76da6,5e2cc5fc-7d5b-5bba-ad99-4412ab325860,17,2024-08-30 16:12:14+00
1b7d7d43-6888-525b-82c6-ae673fb88087,246cc62e-bbc1-5114-9d5c-687e30f76da6,e7c66ad7-b5d3-5271-9438-d4741c6f9cbc,34,2024-08-30 16:12:14+00
b09f2658-1c35-545a-a649-ba08a96827f3,246cc62e-bbc1-5114-9d5c-687e30f76da6,0f7722fa-332a-5a19-922d-1d9cab8dda65,44,2024-08-30 16:12:14+00
ee51930a-c237-5f01-931a-d4a12afa0217,30213c96-8ff6-526c-8b89-68ab7f4ea9eb,a32a21a2-1fde-52e6-a745-494a810ef82b,23,2024-03-21 17:38:10+00
b2bd678f-66fa-5906-80ef-0a5b35979f8c,30213c96-8ff6-526c-8b89-68ab7f4ea9eb,73148ed3-fbe9-5571-a16d-34fb5520390e,42,2024-03-21 17:38:10+00
843ad2a4-0558-58f7-8ae4-9ebf12360345,40958e97-d546-5a23-9d56-a1ab15b61d50,015ee94d-a0dc-5a3a-96b4-4318093cd0c8,51,2024-09-18 16:43:47+00
121bdc33-db14-50c1-ab37-74800a77e0a6,40958e97-d546-5a23-9d56-a1ab15b61d50,c7c80e8e-2456-5c4b-97cb-5d6b8aea9e11,21,2024-09-18 16:43:47+00
1de9d9b6-e40c-54e4-b9d9-d34314d29dab,67693d1f-3386-515d-9533-b418d0e993e0,474da520-6891-5d9b-ad56-dbc5e963bb3f,47,2024-03-06 00:26:08+00
272a7f86-7e41-5f8a-a3e5-98d7c9a58d30,67693d1f-3386-515d-9533-b418d0e993e0,22326882-02d4-5cec-806a-1e1016a55411,15,2024-03-06 00:26:08+00
8e8717f6-4e10-56c1-8f56-d374e574ca2f,67693d1f-3386-515d-9533-b418d0e993e0,d02cf696-fbfe-56b7-8ff3-89608483ee25,18,2024-03-06 00:26:08+00
4da1c74f-b69c-5a82-97e7-09e1f23caf7e,6bf2fa1b-2d4b-53a9-b25d-6f2242d458cb,5bfb3415-c6ae-5fa3-a84b-8a98a543ab9a,56,2024-11-10 18:32:27+00
e0daac28-da4c-51a9-8838-eccd1e7666f1,6bf2fa1b-2d4b-53a9-b25d-6f2242d458cb,70b50d29-9125-53dc-a829-c961b011e429,25,2024-11-10 18:32:27+00
7b96ac4b-c037-58ef-bde0-51ba0eb280d7,ccd1f40c-aab3-5314-8bd6-8c3781e3417f,dbfbb0d5-1eb8-59dd-bad5-834d7a45a348,58,2024-03-01 19:25:45+00
19f3696c-e47e-5478-ad7b-728c42a4fedf,ccd1f40c-aab3-5314-8bd6-8c3781e3417f,6feb3ffe-e89f-55ab-81d5-d9b136a73c27,10,2024-03-01 19:25:45+00
59938879-fea0-58ac-877b-a0eca5553a1e,ccd1f40c-aab3-5314-8bd6-8c3781e3417f,5f832cdc-1407-55fc-8fd5-76ca28247722,15,2024-03-01 19:25:45+00
fcfb23e4-3b96-5bfd-99f7-b55e0ca67700,97ababa5-36ee-5674-9201-942f093b4b9e,c7c80e8e-2456-5c4b-97cb-5d6b8aea9e11,6,2024-03-15 15:17:06+00
3af08c87-407f-526a-acc8-3c64cb07868e,97ababa5-36ee-5674-9201-942f093b4b9e,ef9ef5f5-f4f4-5cf3-8420-397a6fcbf152,54,2024-03-15 15:17:06+00
3afdd424-51fd-53ec-b3e0-90597d130ae3,97ababa5-36ee-5674-9201-942f093b4b9e,73148ed3-fbe9-5571-a16d-34fb5520390e,18,2024-03-15 15:17:06+00
bf5675e2-d612-5474-8f1d-2725a13a0377,d472e072-caf3-5102-99bf-4a8d1ac07484,c0f44500-e1d1-59e0-b53b-e0e98b24a7cf,42,2024-04-07 22:00:43+00
359e4701-5e99-5ec4-8bbc-dad94b368e3f,d472e072-caf3-5102-99bf-4a8d1ac07484,d6481438-ce10-5e85-8b0a-fbc48dcd19e7,28,2024-04-07 22:00:43+00
0aefe8eb-db4f-5ca1-8a42-403e30d042e8,ad2782c4-7813-5f73-9198-c247e1b6303b,ebdcc5e9-63c3-5a52-9521-f031c6154feb,49,2024-09-14 16:02:17+00
c84ea2e9-177f-5c49-94f4-4d02cf11f48b,ad2782c4-7813-5f73-9198-c247e1b6303b,a32a21a2-1fde-52e6-a745-494a810ef82b,45,2024-09-14 16:02:17+00
254515a1-0071-5262-98e7-16dff6732799,ad2782c4-7813-5f73-9198-c247e1b6303b,59115f56-acf8-50f7-9dfd-c99816aa2172,57,2024-09-14 16:02:17+00
5df17789-cfef-5ee0-916e-b5ab883545b9,ad2782c4-7813-5f73-9198-c247e1b6303b,70b50d29-9125-53dc-a829-c961b011e429,43,2024-09-14 16:02:17+00
7657d705-7c84-500c-8332-22c0e4d0222e,e63c5b82-2e89-51ca-bad5-798a37e404e4,8110e190-2a4b-579b-be2c-511de85ab755,6,2024-09-08 18:44:12+00
3e579118-e4f3-5068-a0c9-9933e5bbe221,ec8fbe26-fb38-5e8f-8779-3acf131e6a08,76ce6f91-8d47-5bfd-a8a9-b086d8728beb,11,2024-10-03 14:08:09+00
c93f4bcd-2ecd-5d8a-8505-728345a073d3,f5947793-661f-512d-9763-2c7ea53fc70f,c388846e-4e3c-5d57-b61f-ed13c7edc4da,5,2024-11-01 13:21:36+00
c959754a-451e-5761-ada9-8a7e47d51dcc,f5947793-661f-512d-9763-2c7ea53fc70f,263e995b-8be3-5198-adb6-aa81c41bf770,31,2024-11-01 13:21:36+00
d5cb0ebb-90d1-577e-b190-c30bee8e36b1,f5947793-661f-512d-9763-2c7ea53fc70f,0f7722fa-332a-5a19-922d-1d9cab8dda65,9,2024-11-01 13:21:36+00
45843b16-50d4-5e97-a45e-5d76d4b0eb3f,f2d3f438-e5c7-5cf3-9560-1d737d19864d,cf629a09-093e-5b99-8bf4-da2438fa51c4,31,2024-09-13 18:05:43+00
58fd70b9-2930-5523-a15d-7c1736edc62e,f2d3f438-e5c7-5cf3-9560-1d737d19864d,c0f44500-e1d1-59e0-b53b-e0e98b24a7cf,24,2024-09-13 18:05:43+00
0135c001-37cb-57fa-952c-d489ca0ac660,8ad2f30b-a487-5818-a843-7181a6b30f77,a4acb526-e0ea-590e-9293-ff9e90059c15,10,2024-06-28 17:38:47+00
82b1b1c1-4e77-588c-9ec0-069f3179d8d4,a269c94e-4f8b-532b-aab5-9f6a01705646,8110e190-2a4b-579b-be2c-511de85ab755,34,2024-02-14 18:42:46+00
5a7ca53b-d818-5e91-b338-c54de95221bf,a269c94e-4f8b-532b-aab5-9f6a01705646,9b88c78b-34e7-51c0-8f51-940e61379648,24,2024-02-14 18:42:46+00
de014b4b-415a-5406-8449-fccf5e17a780,f007d71a-699a-507f-9b43-7a89e9b30266,c7c80e8e-2456-5c4b-97cb-5d6b8aea9e11,22,2024-11-24 19:09:03+00
3a905596-c685-5d3f-b69e-9511f228dbbf,f007d71a-699a-507f-9b43-7a89e9b30266,76ce6f91-8d47-5bfd-a8a9-b086d8728beb,31,2024-11-24 19:09:03+00
a1f91f13-ad3f-5d19-a260-e6dc562c049b,f007d71a-699a-507f-9b43-7a89e9b30266,5e2cc5fc-7d5b-5bba-ad99-4412ab325860,22,2024-11-24 19:09:03+00
80ee5af5-c6f6-55d5-9dff-45ad1c246786,2f347449-87b4-5e36-8229-9418742d3fe1,571424b7-2fc1-5ceb-8982-7426cc703fff,54,2024-03-31 20:30:00+00
968bbd3c-8294-5975-bce5-b57ddfd8abfc,2f347449-87b4-5e36-8229-9418742d3fe1,df03a7e9-20ca-5987-a644-76566671155b,58,2024-03-31 20:30:00+00
201990b4-db15-57c7-988c-bcef6ffbc2cd,2f347449-87b4-5e36-8229-9418742d3fe1,48b59f70-e096-547d-97be-0afd9e0ef1f4,7,2024-03-31 20:30:00+00
0f7382a2-1c14-564a-a2d9-b295a4f3e6e6,4b4c189f-dfa0-5793-ace4-6f262630f3df,637d71e2-55cf-575a-87f5-1bcee0d0072a,18,2024-10-26 22:38:49+00
4c524a47-d9a8-589e-8db2-68662f21c8c3,4b4c189f-dfa0-5793-ace4-6f262630f3df,cf629a09-093e-5b99-8bf4-da2438fa51c4,40,2024-10-26 22:38:49+00
70723a6d-ba07-5777-87b1-e7279224c4d7,4b4c189f-dfa0-5793-ace4-6f262630f3df,63b368d3-a702-5229-a0eb-00c0e02acf2c,10,2024-10-26 22:38:49+00
1e90763f-5e85-5abd-bd53-99fa4be485ca,41b6c4c0-afb3-54a4-ad67-0da6e7fd5743,70b50d29-9125-53dc-a829-c961b011e429,13,2024-04-17 20:17:48+00
c64be070-9e1c-54eb-8bd7-3dcf74242495,41b6c4c0-afb3-54a4-ad67-0da6e7fd5743,4ccb08b0-f9e0-5e25-89e3-bea409b0d0cb,28,2024-04-17 20:17:48+00
b9a6c074-f364-5e41-831a-679f9237600e,c9e8ed40-9a71-572c-9a15-742d0799b812,72067051-48fc-5737-a00c-93c490bd0b34,35,2024-09-23 09:42:58+00
49e1a537-88c2-504e-8c43-c48f50b1cc38,c9e8ed40-9a71-572c-9a15-742d0799b812,d6481438-ce10-5e85-8b0a-fbc48dcd19e7,16,2024-09-23 09:42:58+00
eff117f1-f97c-5337-9b56-8fc1ff6f279c,299a90d7-2568-58b8-9b9d-cea1d678db74,a68ed02d-80a0-5ebb-a79e-1ef7c4187de5,334,2024-06-05 18:12:42+00
f3f0beae-a8a1-5717-bf1f-f42b26ea009a,299a90d7-2568-58b8-9b9d-cea1d678db74,263e995b-8be3-5198-adb6-aa81c41bf770,282,2024-06-05 18:12:42+00
c025f21e-6494-5359-9e1e-6851630c8532,299a90d7-2568-58b8-9b9d-cea1d678db74,d6e9c7be-33cb-5851-ab77-08e587828108,231,2024-06-05 18:12:42+00
57646031-4d20-5396-b847-50591a9b1fd6,299a90d7-2568-58b8-9b9d-cea1d678db74,cf40a232-f9b9-5adf-afb6-0a981f2ffcf7,387,2024-06-05 18:12:42+00
60673ad0-a0fa-538f-b9bf-0b05429dabe3,de4c166e-9fd0-5781-b529-eb5d037dd16d,a68ed02d-80a0-5ebb-a79e-1ef7c4187de5,6,2024-03-04 14:29:04+00
b50ac012-2b9c-5d17-8c4c-bebf0315a429,de4c166e-9fd0-5781-b529-eb5d037dd16d,48b59f70-e096-547d-97be-0afd9e0ef1f4,24,2024-03-04 14:29:04+00
2b8cbfb6-3310-5959-9129-ece3e183e36e,de4c166e-9fd0-5781-b529-eb5d037dd16d,6feb3ffe-e89f-55ab-81d5-d9b136a73c27,17,2024-03-04 14:29:04+00
1efff542-60e2-5b8b-8386-617868b6f4a6,de4c166e-9fd0-5781-b529-eb5d037dd16d,950c0334-92d4-54ec-b05b-35e20983883c,53,2024-03-04 14:29:04+00
12dde590-fa02-5001-a0af-1519adeedeeb,cc74909e-45a9-5329-b89e-2b1d7985d686,c0f44500-e1d1-59e0-b53b-e0e98b24a7cf,47,2024-09-03 12:09:39+00
332a4026-f800-5478-871b-f41b34f1e552,cc74909e-45a9-5329-b89e-2b1d7985d686,c7c80e8e-2456-5c4b-97cb-5d6b8aea9e11,24,2024-09-03 12:09:39+00
b95bd305-3b4b-5d0c-a0c7-011df51d80a5,cc74909e-45a9-5329-b89e-2b1d7985d686,8243c793-3801-5a72-86e5-9ab29d8d498d,20,2024-09-03 12:09:39+00
d2b85911-176c-5b8e-8c2e-281f09359b3e,cc74909e-45a9-5329-b89e-2b1d7985d686,515f77ef-9c32-5e75-81c3-2b3795c000f2,10,2024-09-03 12:09:39+00
be18f052-d218-520e-b0f9-fbb18349e536,1916a9bb-3308-56bf-a3c4-35b5ebdb80b2,5f832cdc-1407-55fc-8fd5-76ca28247722,35,2024-09-01 15:10:52+00
7f84e76c-6c53-5b9e-8579-bfd9ecf8b4f1,1916a9bb-3308-56bf-a3c4-35b5ebdb80b2,ef9ef5f5-f4f4-5cf3-8420-397a6fcbf152,50,2024-09-01 15:10:52+00
0ff2e513-e3d2-5bac-a9fe-cc6efbd26ae7,1916a9bb-3308-56bf-a3c4-35b5ebdb80b2,d6481438-ce10-5e85-8b0a-fbc48dcd19e7,29,2024-09-01 15:10:52+00
f8842986-1785-5c0e-8cbd-60bc6fe8ae3f,1916a9bb-3308-56bf-a3c4-35b5ebdb80b2,fc7fc417-cce4-5f70-a6f1-8ce7a0edf5e9,30,2024-09-01 15:10:52+00
169af5d4-ff0e-5bbe-8a67-c39278381c61,a1ec78ee-3a63-522a-ba55-9d9f96031c5d,f3d43083-cf37-52fb-bc02-bff47203b7c9,43,2024-05-24 22:36:27+00
2b28fd61-00a6-560b-b268-59ffccef148b,c9e31584-2d77-5296-ba1e-20c03a524d9e,d02cf696-fbfe-56b7-8ff3-89608483ee25,13,2024-04-30 21:34:13+00
d8ab0612-ac17-5f88-9f69-a4b5bd8a857d,6117af60-06ba-58e9-b926-9cb02bea2d94,12d2e257-18af-5ea5-9b8e-109e869b4b9e,23,2024-01-23 19:06:20+00
389e6811-0841-5f29-b200-be3674c63daf,6117af60-06ba-58e9-b926-9cb02bea2d94,cf40a232-f9b9-5adf-afb6-0a981f2ffcf7,7,2024-01-23 19:06:20+00
9cb2479d-4d31-5b1d-bc69-229b2c30d032,6117af60-06ba-58e9-b926-9cb02bea2d94,72067051-48fc-5737-a00c-93c490bd0b34,16,2024-01-23 19:06:20+00
3f833044-cfad-54f7-b70b-e35557d87e2d,6117af60-06ba-58e9-b926-9cb02bea2d94,c388846e-4e3c-5d57-b61f-ed13c7edc4da,58,2024-01-23 19:06:20+00
dfbe36a9-34c0-5c75-98ba-6ed36f8dfacc,2650206c-3d62-5f46-95ce-b6bad246adec,49690aee-94fa-525b-b5ce-92feaf54b957,5,2024-09-21 14:00:50+00
53b1fc98-7adc-513d-97e7-e529c5b99631,2650206c-3d62-5f46-95ce-b6bad246adec,263e995b-8be3-5198-adb6-aa81c41bf770,32,2024-09-21 14:00:50+00
b83883a8-786f-5f11-86b9-494970a9b496,2650206c-3d62-5f46-95ce-b6bad246adec,6a379419-7f07-55f2-a7a1-c92bb24d1f27,32,2024-09-21 14:00:50+00
f22095fb-7bd4-5863-bd3b-ca6a5e42a85a,2650206c-3d62-5f46-95ce-b6bad246adec,a4acb526-e0ea-590e-9293-ff9e90059c15,43,2024-09-21 14:00:50+00
ce8b5422-4b0b-5e28-9bc4-33a1fa837ca3,3a7702be-cdbe-5678-a1e8-c5c8bcbde182,a4acb526-e0ea-590e-9293-ff9e90059c15,55,2024-08-19 00:32:19+00
2f8b1c7e-1605-5643-8e98-f989efc6374b,3a7702be-cdbe-5678-a1e8-c5c8bcbde182,73148ed3-fbe9-5571-a16d-34fb5520390e,39,2024-08-19 00:32:19+00
40ccbc8f-9496-5c47-97b2-bb0764607aee,3a7702be-cdbe-5678-a1e8-c5c8bcbde182,5b72fcba-23c2-5ea7-9dc2-b32eca367733,14,2024-08-19 00:32:19+00
d89532ec-db77-5f38-b4a2-6964bbde591e,63780745-f4ae-5f49-8f2f-cc10d8bf0289,ef9ef5f5-f4f4-5cf3-8420-397a6fcbf152,23,2024-10-29 20:41:57+00
90208d34-6800-56e4-8883-ae5874dc466e,f3b6376f-6615-5943-b352-8c7e33895f96,43239255-9abf-522a-a0ca-d242c13539cf,54,2024-09-07 23:40:54+00
00c75058-70f2-51b5-a418-53f511a31325,f3b6376f-6615-5943-b352-8c7e33895f96,5e41eef3-c306-5dd1-ab8c-d305ebc7c2d5,22,2024-09-07 23:40:54+00
26c18088-0bf1-5d2d-a3b9-fd7382fb90a2,f3b6376f-6615-5943-b352-8c7e33895f96,9096801a-a6fd-5ca3-a667-34759b5adb9e,31,2024-09-07 23:40:54+00
dcda925c-858e-5c9c-8eff-1c52a7052a6c,7a9f890e-fcaf-5830-9e25-5d2dcbd79355,5b72fcba-23c2-5ea7-9dc2-b32eca367733,39,2024-03-04 13:02:29+00
3e1bcf48-d3a7-55fc-8a89-a0df589ee7fd,7a9f890e-fcaf-5830-9e25-5d2dcbd79355,87bd34d0-75d8-568d-abd0-77f535fdb719,45,2024-03-04 13:02:29+00
f5db0d13-8123-566c-94b8-9b89f5dfd68e,86c5c457-174e-5c1f-bc76-afbcd03420ca,8110e190-2a4b-579b-be2c-511de85ab755,7,2024-11-20 11:35:44+00
48de5c49-d6fc-5af9-adcd-d74e9b4bf6ed,86c5c457-174e-5c1f-bc76-afbcd03420ca,d6481438-ce10-5e85-8b0a-fbc48dcd19e7,29,2024-11-20 11:35:44+00
143378fb-3fac-5987-9ce8-246f1f7d5d16,86c5c457-174e-5c1f-bc76-afbcd03420ca,5b72fcba-23c2-5ea7-9dc2-b32eca367733,26,2024-11-20 11:35:44+00
09a7b968-d262-5dfd-96bc-edf49a50a960,9a43c010-cd98-5ab7-b8e5-97489de988d9,515f77ef-9c32-5e75-81c3-2b3795c000f2,12,2024-06-03 22:12:33+00
e2fa0306-a89b-5fcd-86d9-d2e5eecbcbd3,38ac07a4-4ef5-515a-8bd4-ec28a09c75f8,8110e190-2a4b-579b-be2c-511de85ab755,41,2024-10-19 20:42:01+00
be1b9de4-316e-5809-b2bb-877db03e328c,ccc10598-3de5-53d3-beb4-45ce40c0737c,63b368d3-a702-5229-a0eb-00c0e02acf2c,5,2024-10-09 16:03:07+00
2159021c-6064-5c40-9585-5743b8a0e803,ccc10598-3de5-53d3-beb4-45ce40c0737c,5abd18e8-de32-5af1-b593-d3190e9164a5,55,2024-10-09 16:03:07+00
1ff36834-ef06-54a6-99aa-e37d91cbf7b1,ccc10598-3de5-53d3-beb4-45ce40c0737c,3f7c929e-b070-5624-afcb-413255a3e8b7,22,2024-10-09 16:03:07+00
1ba1d004-2be2-5916-a08a-773e235707eb,f673bf1a-d9a9-5879-b3e4-db3b43df27f6,474da520-6891-5d9b-ad56-dbc5e963bb3f,23,2024-11-02 21:15:20+00
30d97756-2b00-515f-9fe0-6157d5ade049,69bcddbf-d205-5c1c-a7fd-7d5c95a705db,ae16db22-a7d1-5cd3-8409-669d957eb80d,5,2024-11-07 23:43:20+00
839f0b26-572c-5507-906f-c72aac8b85ab,69bcddbf-d205-5c1c-a7fd-7d5c95a705db,76ce6f91-8d47-5bfd-a8a9-b086d8728beb,27,2024-11-07 23:43:20+00
634e6eca-bebc-5671-9468-5a8dc0bfc51a,69bcddbf-d205-5c1c-a7fd-7d5c95a705db,12d2e257-18af-5ea5-9b8e-109e869b4b9e,34,2024-11-07 23:43:20+00
9fb87615-7c02-5b27-b13c-9d39e5727511,69bcddbf-d205-5c1c-a7fd-7d5c95a705db,093be7d5-f016-5f2c-b71d-4dce4b0e9514,18,2024-11-07 23:43:20+00
c40abb09-7de3-571b-b525-931d21c561c3,cb37fed3-5df3-524c-a40b-5db51155ecf6,ae16db22-a7d1-5cd3-8409-669d957eb80d,27,2024-03-28 22:02:12+00
b85d2728-6fea-5432-b072-77fa12fdee6e,cb37fed3-5df3-524c-a40b-5db51155ecf6,6feb3ffe-e89f-55ab-81d5-d9b136a73c27,28,2024-03-28 22:02:12+00
2f838436-c017-5a31-b962-d8ef66f3a7b6,cb37fed3-5df3-524c-a40b-5db51155ecf6,76ce6f91-8d47-5bfd-a8a9-b086d8728beb,33,2024-03-28 22:02:12+00
0dd41ebc-7cc1-51e3-9a07-fb1c2998b8a5,cb37fed3-5df3-524c-a40b-5db51155ecf6,98f9ed1d-3d10-5a68-a387-66981e9dde59,14,2024-03-28 22:02:12+00
81565664-abb8-54a8-9a04-669cbdf65732,43b0cea3-6166-57c5-9c12-0f576a423232,ae16db22-a7d1-5cd3-8409-669d957eb80d,52,2024-03-27 01:29:27+00
6fd7be12-c705-5119-a8f1-3cd89264a5bd,43b0cea3-6166-57c5-9c12-0f576a423232,8191a9f6-2263-53f2-a6a6-4c31e81e996e,29,2024-03-27 01:29:27+00
a384a418-8122-55b9-9e80-b51c8dea1343,43b0cea3-6166-57c5-9c12-0f576a423232,3f7c929e-b070-5624-afcb-413255a3e8b7,29,2024-03-27 01:29:27+00
ca675415-79a8-5a20-9150-0a259354765e,3303bb8e-3944-5164-a5e9-237c2d0138b8,263e995b-8be3-5198-adb6-aa81c41bf770,40,2024-03-04 17:14:25+00
3c63c33b-d35e-5aa7-a7f5-4da9a702cd98,3303bb8e-3944-5164-a5e9-237c2d0138b8,5f832cdc-1407-55fc-8fd5-76ca28247722,31,2024-03-04 17:14:25+00
06a73885-7885-5577-b909-8c5b5bf829e4,4ba1edc5-f745-5752-af8f-c8081ca1737c,093be7d5-f016-5f2c-b71d-4dce4b0e9514,53,2024-11-04 13:34:17+00
6baeb701-a588-5b9f-821b-e812b60a3fbe,4ba1edc5-f745-5752-af8f-c8081ca1737c,df03a7e9-20ca-5987-a644-76566671155b,15,2024-11-04 13:34:17+00
e508c038-496c-5cd6-9cb7-4e8dae621fa3,4ba1edc5-f745-5752-af8f-c8081ca1737c,c7c80e8e-2456-5c4b-97cb-5d6b8aea9e11,30,2024-11-04 13:34:17+00
abd1b079-508b-5c29-a667-0b1cb3d30f97,4ba1edc5-f745-5752-af8f-c8081ca1737c,e7c66ad7-b5d3-5271-9438-d4741c6f9cbc,58,2024-11-04 13:34:17+00
fd3fd6e8-4e45-5971-a9d3-4e7dba32af73,c1187c6b-5855-5286-bbf3-47e8d1bd03f1,98f9ed1d-3d10-5a68-a387-66981e9dde59,44,2024-09-13 17:44:35+00
99210828-092e-596e-ba24-689155a4d534,c1187c6b-5855-5286-bbf3-47e8d1bd03f1,474da520-6891-5d9b-ad56-dbc5e963bb3f,44,2024-09-13 17:44:35+00
babdf642-6553-5bda-83b9-327a5e819bb0,8eb329bc-de77-58bc-a9fb-3e7907b5190d,950c0334-92d4-54ec-b05b-35e20983883c,45,2024-02-12 01:27:54+00
1654e343-9d69-5476-8975-e67d18aa14c0,8eb329bc-de77-58bc-a9fb-3e7907b5190d,c914dcac-18fe-5928-87c0-80e93bb776c2,28,2024-02-12 01:27:54+00
1f61fc96-5d10-586c-aba7-81e11a8c3043,b23b79d9-9a90-5ccd-9eb4-d311e5708f1b,c7c80e8e-2456-5c4b-97cb-5d6b8aea9e11,35,2024-11-03 22:13:10+00
8abd077d-7724-5833-86f7-26582ca679d0,b23b79d9-9a90-5ccd-9eb4-d311e5708f1b,ce143825-d54b-50ec-92fe-c61fdb5ae610,25,2024-11-03 22:13:10+00
d864ef0b-0865-52a0-aa35-70a9978fc7b6,3991eda5-d4c5-5dd1-949e-c610087eb937,8191a9f6-2263-53f2-a6a6-4c31e81e996e,55,2024-02-03 16:31:28+00
d126d952-98f6-5fda-b57a-a8e68cf9fed4,3991eda5-d4c5-5dd1-949e-c610087eb937,ef9ef5f5-f4f4-5cf3-8420-397a6fcbf152,37,2024-02-03 16:31:28+00
0873b7b9-83cd-529a-80e1-bc8417d3319d,3991eda5-d4c5-5dd1-949e-c610087eb937,eb65b5fa-c2cb-589b-9049-2b6c7bf4d22d,58,2024-02-03 16:31:28+00
7f00fa14-a5bd-50d5-acb0-9555086d9f65,3991eda5-d4c5-5dd1-949e-c610087eb937,7139ebf2-1aff-593d-9366-22949a04fd61,20,2024-02-03 16:31:28+00
b10e8ac1-c4ac-5da0-a1f1-ed47c8c332e3,6288efa2-1339-5999-9155-9d989be840a1,f3c9e6db-5001-5325-b688-27d1d3fc04c1,50,2024-11-22 14:35:28+00
e71f6e9c-8711-5a8f-a59e-6589d27c6364,6288efa2-1339-5999-9155-9d989be840a1,eb65b5fa-c2cb-589b-9049-2b6c7bf4d22d,46,2024-11-22 14:35:28+00
59432adf-d2d7-5518-a5f8-d825b0b4d9dd,6288efa2-1339-5999-9155-9d989be840a1,98f9ed1d-3d10-5a68-a387-66981e9dde59,33,2024-11-22 14:35:28+00
6da5b97d-9aa9-58bb-983d-625ad8f028b5,6288efa2-1339-5999-9155-9d989be840a1,0f7722fa-332a-5a19-922d-1d9cab8dda65,23,2024-11-22 14:35:28+00
2a2ed836-ec05-58fd-88e4-bdc39f3e9259,aff10c08-e223-5bfc-b44e-8c2ccf071b9b,015ee94d-a0dc-5a3a-96b4-4318093cd0c8,14,2024-01-21 21:34:55+00
8774e41c-a276-595b-861f-71d3d98a4afd,8a796929-7996-561a-b1c9-2880ff680cfa,cf40a232-f9b9-5adf-afb6-0a981f2ffcf7,18,2024-10-23 17:25:01+00
5f9d766f-c1ba-5a54-99e1-9fdcf6d58d80,8a796929-7996-561a-b1c9-2880ff680cfa,7698a25a-a051-53c9-ae74-597da202ffca,46,2024-10-23 17:25:01+00
653da8e2-1aca-5993-bab5-906aca1fbc7e,664b5939-a45b-5a98-8820-412109ea1c17,950c0334-92d4-54ec-b05b-35e20983883c,22,2024-09-11 12:30:21+00
3d43d405-02c0-5bf5-bc23-60aba7571c6f,664b5939-a45b-5a98-8820-412109ea1c17,fc7fc417-cce4-5f70-a6f1-8ce7a0edf5e9,14,2024-09-11 12:30:21+00
eccc21f2-335c-5d78-9028-6d680a594574,664b5939-a45b-5a98-8820-412109ea1c17,98f9ed1d-3d10-5a68-a387-66981e9dde59,19,2024-09-11 12:30:21+00
c6244af4-f0a7-552b-a8c1-fcdaf799d967,f04a5480-848e-5f39-b60b-afb4ef68b842,70b50d29-9125-53dc-a829-c961b011e429,50,2024-10-15 21:20:56+00
b60e1d51-8288-581e-9798-210bfc06c97c,f04a5480-848e-5f39-b60b-afb4ef68b842,43239255-9abf-522a-a0ca-d242c13539cf,14,2024-10-15 21:20:56+00
4c986262-94df-5615-8303-aabc7a3487cd,f04a5480-848e-5f39-b60b-afb4ef68b842,3f7c929e-b070-5624-afcb-413255a3e8b7,14,2024-10-15 21:20:56+00
d8a083a4-7e06-5376-a713-f8181b0a8f8f,94578889-1871-53cf-9355-4eb5453835d3,5bfb3415-c6ae-5fa3-a84b-8a98a543ab9a,52,2024-09-07 17:20:40+00
b1d64024-3383-5067-b641-3aa2a56c1971,94578889-1871-53cf-9355-4eb5453835d3,c388846e-4e3c-5d57-b61f-ed13c7edc4da,30,2024-09-07 17:20:40+00
a7a98212-9e0e-55fa-ab69-8403bf5a896e,94578889-1871-53cf-9355-4eb5453835d3,48b59f70-e096-547d-97be-0afd9e0ef1f4,27,2024-09-07 17:20:40+00
4aaf4815-8357-55c3-92cc-f31aca5f0a91,f605b185-64ea-5dd1-b51c-81e6817c2269,6feb3ffe-e89f-55ab-81d5-d9b136a73c27,35,2024-10-28 00:25:33+00
e4533577-318e-5c6d-8c64-405eb3812afd,f605b185-64ea-5dd1-b51c-81e6817c2269,ab9d2edf-ae6c-55be-beec-404b29edda19,5,2024-10-28 00:25:33+00
393f3d76-c629-54ce-95a7-13e574fa6ef0,1df50dc8-32b3-59af-b7c6-d5b4ea99639b,ce143825-d54b-50ec-92fe-c61fdb5ae610,27,2024-02-03 21:14:05+00
79392ffc-4fa8-5aef-8db8-45249c68b8b3,f9e22592-a5ec-5f28-aeac-57b07a1e5e55,263e995b-8be3-5198-adb6-aa81c41bf770,45,2024-10-18 16:35:46+00
6834fde2-24c8-5395-96d3-08481809fc6b,056f5275-86fb-5dfc-8c76-645643aa73d9,0f7722fa-332a-5a19-922d-1d9cab8dda65,33,2024-06-18 00:37:46+00
7b28f467-2258-5649-9634-b9779a5ae19f,1b6fd9d0-54b6-5411-a7a1-91d8cd29470c,49690aee-94fa-525b-b5ce-92feaf54b957,16,2024-05-06 19:12:28+00
043b568a-437a-5215-8715-e8fffb7572d1,1b6fd9d0-54b6-5411-a7a1-91d8cd29470c,eb65b5fa-c2cb-589b-9049-2b6c7bf4d22d,22,2024-05-06 19:12:28+00
b02ebc1c-bfae-5035-9d3f-cb291758ae05,1b762eb0-0abd-5d2d-bb15-49c06a82711f,ef9ef5f5-f4f4-5cf3-8420-397a6fcbf152,11,2024-09-05 16:20:40+00
fa4e8077-aa29-54f8-b353-270f6ab9edc1,1b762eb0-0abd-5d2d-bb15-49c06a82711f,6e22d3ea-9fc0-56fa-a367-352e633df40c,25,2024-09-05 16:20:40+00
a77d6c5f-ada4-533f-94eb-ff8c858e37b0,1b762eb0-0abd-5d2d-bb15-49c06a82711f,6852d7e8-9827-5aa7-a439-140e7dac645a,17,2024-09-05 16:20:40+00
828f467f-d567-54f6-aef8-27ea5c55ba04,1b762eb0-0abd-5d2d-bb15-49c06a82711f,bcd21179-c89f-5095-808a-e72f06c0841d,10,2024-09-05 16:20:40+00
eee4478a-a11e-5abb-b435-f9abe7b1cc48,8a0ffcdf-d097-54e5-8e4b-f184a51be5f6,a4acb526-e0ea-590e-9293-ff9e90059c15,51,2024-02-22 00:40:50+00
11fb761b-22d6-562e-94fa-d6f48f442ee5,8a0ffcdf-d097-54e5-8e4b-f184a51be5f6,5e2cc5fc-7d5b-5bba-ad99-4412ab325860,42,2024-02-22 00:40:50+00
83f78a27-269f-535b-b802-2c716e3c4cdc,8a0ffcdf-d097-54e5-8e4b-f184a51be5f6,474da520-6891-5d9b-ad56-dbc5e963bb3f,53,2024-02-22 00:40:50+00
107a82e2-f422-5e0d-aa04-36fef23482c2,8a0ffcdf-d097-54e5-8e4b-f184a51be5f6,c0f44500-e1d1-59e0-b53b-e0e98b24a7cf,21,2024-02-22 00:40:50+00
9c1f8999-31c8-5570-bdf1-beba87076b5b,9f731382-e0a3-5be1-b5d7-bf86604e074a,6a379419-7f07-55f2-a7a1-c92bb24d1f27,21,2024-11-03 20:12:03+00
a99f34d3-7d94-5e81-beb4-ba6d92b8edb4,9f731382-e0a3-5be1-b5d7-bf86604e074a,9b88c78b-34e7-51c0-8f51-940e61379648,26,2024-11-03 20:12:03+00
eb97a049-e877-5f0f-aa85-52dc28fe1db6,9f731382-e0a3-5be1-b5d7-bf86604e074a,ae16db22-a7d1-5cd3-8409-669d957eb80d,37,2024-11-03 20:12:03+00
f8ce3797-3023-58c1-9669-fc828a5a4e95,225efd03-a52d-5b48-90cd-40e8adb16021,e3a10959-a74e-5cdd-bd80-3c24836fb062,53,2024-10-16 08:21:47+00
627dddc3-b2c0-5c2c-afba-d58ad5803952,225efd03-a52d-5b48-90cd-40e8adb16021,6a379419-7f07-55f2-a7a1-c92bb24d1f27,11,2024-10-16 08:21:47+00
a8350c48-0d53-53a6-8ef9-490581d2775b,e0453cd7-e808-538e-a5f1-08a10a0bbe9e,dbfbb0d5-1eb8-59dd-bad5-834d7a45a348,37,2024-03-27 10:13:12+00
3f45157e-3f7e-5c18-ba6d-d98583084c4f,e0453cd7-e808-538e-a5f1-08a10a0bbe9e,6feb3ffe-e89f-55ab-81d5-d9b136a73c27,35,2024-03-27 10:13:12+00
9ceb87ae-a16f-56ef-b465-2603429c75cd,75aa1f81-4e17-58ab-8d42-795578f7268b,7139ebf2-1aff-593d-9366-22949a04fd61,44,2024-06-03 01:10:33+00
400fce1c-6ed2-5a44-bd0b-d9b4c802e5d2,75aa1f81-4e17-58ab-8d42-795578f7268b,4ccb08b0-f9e0-5e25-89e3-bea409b0d0cb,38,2024-06-03 01:10:33+00
7f35a8e8-f03f-5754-b8c5-c5df0782d195,e242005d-519b-5180-b488-c0fbbe51a6bb,87bd34d0-75d8-568d-abd0-77f535fdb719,24,2024-11-09 11:17:56+00
3ffbe73e-ae3b-53dd-8889-8f9ba912f9ab,e242005d-519b-5180-b488-c0fbbe51a6bb,9096801a-a6fd-5ca3-a667-34759b5adb9e,58,2024-11-09 11:17:56+00
83d376d7-0178-5b65-92f1-e3990f7a4014,e242005d-519b-5180-b488-c0fbbe51a6bb,df03a7e9-20ca-5987-a644-76566671155b,24,2024-11-09 11:17:56+00
d3438e4c-26b0-5b87-939c-4b8498494c54,1bacc0ca-4d3b-54f0-a2a8-47ce30c4d435,49690aee-94fa-525b-b5ce-92feaf54b957,54,2024-07-20 22:27:35+00
abf462dc-a0bc-52b1-a189-aae7eb7a5d2e,1bacc0ca-4d3b-54f0-a2a8-47ce30c4d435,ce143825-d54b-50ec-92fe-c61fdb5ae610,18,2024-07-20 22:27:35+00
9490fe9a-a051-521a-b5ed-66b80c61cf58,25df2949-6a0b-5442-b267-a32119a9b75e,5f832cdc-1407-55fc-8fd5-76ca28247722,44,2024-09-11 14:26:06+00
3059ca5f-1f6c-5ed9-9460-0ae0a8fba4a5,25df2949-6a0b-5442-b267-a32119a9b75e,a32a21a2-1fde-52e6-a745-494a810ef82b,11,2024-09-11 14:26:06+00
276662b0-3fab-552c-908a-d0c9fcba1e3d,12553834-1eb7-5d32-92f8-018090bd6495,047edcf5-114c-5342-b495-232fc4aaf6fe,20,2024-03-23 21:40:28+00
cac04b76-c239-54a0-913b-02a695c02856,12553834-1eb7-5d32-92f8-018090bd6495,eb65b5fa-c2cb-589b-9049-2b6c7bf4d22d,42,2024-03-23 21:40:28+00
ee1b9f68-4922-5701-b027-d271eb31b6df,12553834-1eb7-5d32-92f8-018090bd6495,d6481438-ce10-5e85-8b0a-fbc48dcd19e7,8,2024-03-23 21:40:28+00
524d8460-fdad-5ab3-ac7b-920e40cbeeb7,12553834-1eb7-5d32-92f8-018090bd6495,a32a21a2-1fde-52e6-a745-494a810ef82b,39,2024-03-23 21:40:28+00
1a76ef4d-4bad-5d86-8d0d-789af4e192a0,f12e6fee-58dd-5c53-a53f-c9b492360789,12d2e257-18af-5ea5-9b8e-109e869b4b9e,60,2024-05-25 17:05:03+00
8b79f21b-4946-5961-b65f-aa5b2ccc506e,f12e6fee-58dd-5c53-a53f-c9b492360789,6a379419-7f07-55f2-a7a1-c92bb24d1f27,41,2024-05-25 17:05:03+00
fee597f2-8ddd-5d69-bb5b-0ddfa22c5f5f,f12e6fee-58dd-5c53-a53f-c9b492360789,c914dcac-18fe-5928-87c0-80e93bb776c2,33,2024-05-25 17:05:03+00
0d8dae0b-86af-559d-b5d1-955d0e2a59ce,f12e6fee-58dd-5c53-a53f-c9b492360789,59115f56-acf8-50f7-9dfd-c99816aa2172,39,2024-05-25 17:05:03+00
640f2727-1702-5c37-8567-c7722440627b,b68eb099-ddcd-5d2b-94ae-0a55dc469d21,1b8e1d0e-392d-5e23-854a-832f0d6ac35d,268,2024-05-14 00:19:53+00
fcb4ab0e-fb04-57a9-a9b2-697d96f8cd1b,b68eb099-ddcd-5d2b-94ae-0a55dc469d21,5f832cdc-1407-55fc-8fd5-76ca28247722,134,2024-05-14 00:19:53+00
92ffdf0d-11da-5b0c-ba56-6e2f7cbb50a9,b68eb099-ddcd-5d2b-94ae-0a55dc469d21,d02cf696-fbfe-56b7-8ff3-89608483ee25,275,2024-05-14 00:19:53+00
d7fb044c-a775-5190-8aa1-fe43af5a539b,26a32dd8-b280-5a8d-a7dc-d11a0d862fa5,f40bf37b-20d6-5349-82b6-18cbd1f10e83,56,2024-04-11 20:01:34+00
c6ad27af-b11f-5098-a5a0-6d0fe975c4b1,26a32dd8-b280-5a8d-a7dc-d11a0d862fa5,6e22d3ea-9fc0-56fa-a367-352e633df40c,58,2024-04-11 20:01:34+00
343524b4-f6ea-52d9-af1e-6b48b3b0225b,26a32dd8-b280-5a8d-a7dc-d11a0d862fa5,5bfb3415-c6ae-5fa3-a84b-8a98a543ab9a,28,2024-04-11 20:01:34+00
fcde6f4b-77f2-596f-ab04-c6074ed1e07f,26a32dd8-b280-5a8d-a7dc-d11a0d862fa5,515f77ef-9c32-5e75-81c3-2b3795c000f2,7,2024-04-11 20:01:34+00
4fa3601e-e46b-5295-aab9-7d48359b40bb,50800647-c974-570f-9ce8-c277db2b73f9,950c0334-92d4-54ec-b05b-35e20983883c,10,2024-06-17 00:39:14+00
1171aa09-3edc-544a-b1fd-03c3dc26c679,dc135640-d08f-564c-8e94-86a2b0af8d46,6852d7e8-9827-5aa7-a439-140e7dac645a,54,2024-02-28 00:35:03+00
8d0c9db2-7ce0-5c6c-a815-9a10ae335e0c,dc135640-d08f-564c-8e94-86a2b0af8d46,a32a21a2-1fde-52e6-a745-494a810ef82b,34,2024-02-28 00:35:03+00
c8219b04-aef5-583b-94a9-ed44fff40bb3,f0aaaa46-1805-5162-9fba-229287fc5445,5abd18e8-de32-5af1-b593-d3190e9164a5,30,2024-03-18 21:44:13+00
785dc89a-d3b6-52ae-8e1b-40d477e232fc,f0aaaa46-1805-5162-9fba-229287fc5445,c0f44500-e1d1-59e0-b53b-e0e98b24a7cf,44,2024-03-18 21:44:13+00
dff72e00-1f6a-5c81-b2ce-bc7edb7e0211,f0aaaa46-1805-5162-9fba-229287fc5445,5abd18e8-de32-5af1-b593-d3190e9164a5,5,2024-03-18 21:44:13+00
2bc89132-b6f8-5ce7-986b-7630f7422d07,f0aaaa46-1805-5162-9fba-229287fc5445,73148ed3-fbe9-5571-a16d-34fb5520390e,14,2024-03-18 21:44:13+00
5a6d3f84-c052-5711-9730-ada932a2f5ee,8d0cf19a-ca3c-5e78-bc7b-1ad2527fffed,59115f56-acf8-50f7-9dfd-c99816aa2172,14,2024-09-18 15:44:37+00
59041eb8-e05f-55fa-98df-b1b55e82c820,8d0cf19a-ca3c-5e78-bc7b-1ad2527fffed,87bd34d0-75d8-568d-abd0-77f535fdb719,18,2024-09-18 15:44:37+00
924ebf36-981d-516d-a949-d21175125939,8d0cf19a-ca3c-5e78-bc7b-1ad2527fffed,d6481438-ce10-5e85-8b0a-fbc48dcd19e7,6,2024-09-18 15:44:37+00
57b1a0fc-9260-56ed-a039-9955ea17e7c6,b78bcc15-1f15-5cf2-b33a-744b9d809b71,ce143825-d54b-50ec-92fe-c61fdb5ae610,24,2024-01-21 18:04:43+00
bee89819-f4e5-5f01-acf9-9cbead03d14a,b78bcc15-1f15-5cf2-b33a-744b9d809b71,63b368d3-a702-5229-a0eb-00c0e02acf2c,19,2024-01-21 18:04:43+00
9413369f-1943-5406-9d26-2122f4cd2184,bcc18423-b2dd-510f-ade5-5779c2dae9fc,bcd21179-c89f-5095-808a-e72f06c0841d,60,2024-04-21 21:30:00+00
42983e97-8ade-5a7d-82dc-1f76318d04a0,05496d1b-81f5-5ffa-9dfb-0d1d8569486e,c914dcac-18fe-5928-87c0-80e93bb776c2,16,2024-04-16 22:29:56+00
3c9c7a6e-711c-5750-a690-bba2d31e2916,f57ee370-b2e8-52c7-93eb-b9a8665e4c62,76ce6f91-8d47-5bfd-a8a9-b086d8728beb,31,2024-10-24 00:14:18+00
1a7f2f0d-f61d-5469-864d-4f80266d2d2c,f57ee370-b2e8-52c7-93eb-b9a8665e4c62,c914dcac-18fe-5928-87c0-80e93bb776c2,56,2024-10-24 00:14:18+00
ab38e2e2-f4a0-5aa6-b81c-8cc42ca97801,f57ee370-b2e8-52c7-93eb-b9a8665e4c62,cf40a232-f9b9-5adf-afb6-0a981f2ffcf7,21,2024-10-24 00:14:18+00
34ef6759-39e5-5100-bfef-9d915c826f76,b3fc32c4-dd28-54f2-9896-322df5086f3e,1b8e1d0e-392d-5e23-854a-832f0d6ac35d,24,2024-08-21 16:28:40+00
ba177032-5ea9-566a-9080-deae1820497c,b3fc32c4-dd28-54f2-9896-322df5086f3e,515f77ef-9c32-5e75-81c3-2b3795c000f2,59,2024-08-21 16:28:40+00
ce21d704-b490-5578-83e6-434147a11cba,b3fc32c4-dd28-54f2-9896-322df5086f3e,d02cf696-fbfe-56b7-8ff3-89608483ee25,49,2024-08-21 16:28:40+00
37e288c1-8b97-59b0-9e0c-cf2f7e794621,ae56733f-20fe-50fd-b664-41e6d452be40,3f7c929e-b070-5624-afcb-413255a3e8b7,38,2024-09-09 13:03:05+00
37b18240-f3e2-525c-bf57-ce749f77ee10,5e2d1f14-299d-5a46-a8f3-5665315b3117,c7c80e8e-2456-5c4b-97cb-5d6b8aea9e11,16,2024-09-20 11:20:00+00
3f1ba71c-bf8f-5b44-a759-af3db6e34f9a,5e2d1f14-299d-5a46-a8f3-5665315b3117,12d2e257-18af-5ea5-9b8e-109e869b4b9e,52,2024-09-20 11:20:00+00
9cf76ba3-5052-5a6e-8303-bcc577401433,5e2d1f14-299d-5a46-a8f3-5665315b3117,8243c793-3801-5a72-86e5-9ab29d8d498d,28,2024-09-20 11:20:00+00
b529769e-34d2-58ca-8741-785cde6f55ca,5e2d1f14-299d-5a46-a8f3-5665315b3117,a4acb526-e0ea-590e-9293-ff9e90059c15,55,2024-09-20 11:20:00+00
bdbb51a1-83e7-53ac-a7c5-eb33e4bdf6b2,90cd43f8-4622-5aa2-8be9-dd43304c78b3,98f9ed1d-3d10-5a68-a387-66981e9dde59,55,2024-09-11 19:42:41+00
138491f7-ac8c-502d-b920-0514a6f58e4f,90cd43f8-4622-5aa2-8be9-dd43304c78b3,98f9ed1d-3d10-5a68-a387-66981e9dde59,35,2024-09-11 19:42:41+00
d4dbf653-7dd0-5ca3-ae49-01e1547bc0d7,90cd43f8-4622-5aa2-8be9-dd43304c78b3,87bd34d0-75d8-568d-abd0-77f535fdb719,31,2024-09-11 19:42:41+00
463f5b8a-b8e1-5fd5-ad6f-b64602bec9e4,979bb180-74d4-50b8-bf7f-37c4f5ca507e,e3a10959-a74e-5cdd-bd80-3c24836fb062,12,2024-10-06 09:01:01+00
d61bb390-67a0-5e99-af2a-388060ef110d,979bb180-74d4-50b8-bf7f-37c4f5ca507e,ef9ef5f5-f4f4-5cf3-8420-397a6fcbf152,31,2024-10-06 09:01:01+00
58e70d65-cfd6-5ba8-a513-05a34f0a48d0,979bb180-74d4-50b8-bf7f-37c4f5ca507e,e7c66ad7-b5d3-5271-9438-d4741c6f9cbc,33,2024-10-06 09:01:01+00
131be321-a802-51bb-a2c3-14a0f1bd517c,979bb180-74d4-50b8-bf7f-37c4f5ca507e,eb65b5fa-c2cb-589b-9049-2b6c7bf4d22d,56,2024-10-06 09:01:01+00
cf2105a2-a1cd-5f39-acb8-f741dd9ff967,a6626fa2-21d7-551a-a7a0-642aebc55ec8,474da520-6891-5d9b-ad56-dbc5e963bb3f,47,2024-06-08 23:17:32+00
4f62830f-b303-59d8-b1fc-e2146cc76aaa,a6626fa2-21d7-551a-a7a0-642aebc55ec8,cf40a232-f9b9-5adf-afb6-0a981f2ffcf7,36,2024-06-08 23:17:32+00
bc8ddd94-a4c5-5901-98a9-da1dbfcad2b3,a6626fa2-21d7-551a-a7a0-642aebc55ec8,59115f56-acf8-50f7-9dfd-c99816aa2172,17,2024-06-08 23:17:32+00
87b023c4-dff1-5f55-873a-048138c2a84f,3e66a839-352e-56f1-8c3c-dfe10256d830,263e995b-8be3-5198-adb6-aa81c41bf770,23,2024-09-20 18:09:44+00
8606d263-7f28-5925-8251-b66076a28ac5,6f0c1c47-d0aa-59cb-be73-b61365b73560,a68ed02d-80a0-5ebb-a79e-1ef7c4187de5,38,2024-02-23 19:12:36+00
2f7d0008-7789-53c0-b2b9-22e417f6704b,6f0c1c47-d0aa-59cb-be73-b61365b73560,63b368d3-a702-5229-a0eb-00c0e02acf2c,53,2024-02-23 19:12:36+00
c749a3f1-9f05-555a-a64e-bf626d0af247,6f0c1c47-d0aa-59cb-be73-b61365b73560,4ccb08b0-f9e0-5e25-89e3-bea409b0d0cb,32,2024-02-23 19:12:36+00
834aae34-050f-5949-b773-785d9d13bb80,6f0c1c47-d0aa-59cb-be73-b61365b73560,87bd34d0-75d8-568d-abd0-77f535fdb719,42,2024-02-23 19:12:36+00
3d893b53-13f7-5b08-9e78-4e192462f900,70d8a591-1ea3-580a-b849-d65366d45aa0,f40bf37b-20d6-5349-82b6-18cbd1f10e83,205,2024-10-06 08:09:45+00
2b1c8ed0-a9b3-558b-81f3-82cfd9cf0617,70d8a591-1ea3-580a-b849-d65366d45aa0,cf40a232-f9b9-5adf-afb6-0a981f2ffcf7,287,2024-10-06 08:09:45+00
129e9937-7640-5bad-b3aa-70cb1ae1bae2,7e1bb23e-d065-589c-b14c-7be68bd851d0,3ba63656-6a91-5254-8fd9-1b6d20dced02,52,2024-04-07 01:14:39+00
1c659056-c222-5761-8dee-4901d092bbf7,7e1bb23e-d065-589c-b14c-7be68bd851d0,5bfb3415-c6ae-5fa3-a84b-8a98a543ab9a,26,2024-04-07 01:14:39+00
566681e4-f789-5e91-92d9-fde179e4b224,7e1bb23e-d065-589c-b14c-7be68bd851d0,8243c793-3801-5a72-86e5-9ab29d8d498d,21,2024-04-07 01:14:39+00
cd5c10e7-79d2-5f91-85ac-4f7adb2a79d5,7e1bb23e-d065-589c-b14c-7be68bd851d0,047edcf5-114c-5342-b495-232fc4aaf6fe,54,2024-04-07 01:14:39+00
2abb6e06-c145-596b-82a1-bdad28e33296,042cffde-fdce-513c-991a-3102970f9047,5e41eef3-c306-5dd1-ab8c-d305ebc7c2d5,13,2024-09-25 16:17:56+00
c49aaaba-5683-595f-992b-b05bef8afa4c,446925d2-0bb3-5d03-8472-09b6c178890f,515f77ef-9c32-5e75-81c3-2b3795c000f2,40,2024-08-22 17:20:11+00
811390f7-73d9-58a5-bb81-2faa2ede45f5,446925d2-0bb3-5d03-8472-09b6c178890f,5b72fcba-23c2-5ea7-9dc2-b32eca367733,60,2024-08-22 17:20:11+00
d1c30b4f-ada2-5f82-abae-2b77bd1c5766,446925d2-0bb3-5d03-8472-09b6c178890f,8243c793-3801-5a72-86e5-9ab29d8d498d,30,2024-08-22 17:20:11+00
748289d3-c3c5-593c-a697-22029863d9eb,446925d2-0bb3-5d03-8472-09b6c178890f,5bfb3415-c6ae-5fa3-a84b-8a98a543ab9a,17,2024-08-22 17:20:11+00
52dec59a-8cf7-511a-925e-dbd84c514417,bb51d3ec-d733-5745-bc28-555d19277c2e,e7c66ad7-b5d3-5271-9438-d4741c6f9cbc,28,2024-10-24 13:35:52+00
b7fed979-1c66-53d7-a877-b89ff8543e62,9c820ff2-ff70-5151-89a6-608293d9673f,12d2e257-18af-5ea5-9b8e-109e869b4b9e,39,2024-12-22 00:10:50+00
a8c2f3e9-4ccb-54ea-911e-dd177cd559ee,9c820ff2-ff70-5151-89a6-608293d9673f,474da520-6891-5d9b-ad56-dbc5e963bb3f,32,2024-12-22 00:10:50+00
2dba8f80-e9c1-537c-8d7e-1e6d7922a51a,556f57ec-b50c-594f-bbf1-c258be53f7f3,fc7fc417-cce4-5f70-a6f1-8ce7a0edf5e9,51,2024-10-10 14:35:37+00
97e25a04-a0a4-5ced-87bb-0196c6623797,556f57ec-b50c-594f-bbf1-c258be53f7f3,c0f44500-e1d1-59e0-b53b-e0e98b24a7cf,9,2024-10-10 14:35:37+00
d086cbee-c299-58b2-b938-27d58932953b,556f57ec-b50c-594f-bbf1-c258be53f7f3,ae16db22-a7d1-5cd3-8409-669d957eb80d,47,2024-10-10 14:35:37+00
b920e0e9-7df4-5575-a60f-7fe515b77691,9c0a1417-0c4b-5767-b5dc-fc08232a7473,f40bf37b-20d6-5349-82b6-18cbd1f10e83,55,2024-09-25 14:09:34+00
b728b620-0c5d-5022-a1b5-3ac04c51c36a,9c0a1417-0c4b-5767-b5dc-fc08232a7473,72067051-48fc-5737-a00c-93c490bd0b34,30,2024-09-25 14:09:34+00
3a8a3ec5-a416-5391-980a-8d7b2807aa38,6fe57d86-d9ba-59c9-9bda-eb51d3f42b30,22326882-02d4-5cec-806a-1e1016a55411,33,2024-05-07 21:18:51+00
51cb5c68-4ece-5172-ac76-5c9ecbdc680f,6fe57d86-d9ba-59c9-9bda-eb51d3f42b30,a32a21a2-1fde-52e6-a745-494a810ef82b,53,2024-05-07 21:18:51+00
58d9fe43-439f-563d-80ba-430ff90b3b8c,e973a264-6ed9-58fe-ad5e-eae2e05d3979,d02cf696-fbfe-56b7-8ff3-89608483ee25,47,2024-11-22 17:35:47+00
aedb27b3-578f-5837-879c-9ccbd2b978aa,e973a264-6ed9-58fe-ad5e-eae2e05d3979,3ba63656-6a91-5254-8fd9-1b6d20dced02,39,2024-11-22 17:35:47+00
49c8c524-437e-55be-9908-b93ceea85495,e973a264-6ed9-58fe-ad5e-eae2e05d3979,49690aee-94fa-525b-b5ce-92feaf54b957,14,2024-11-22 17:35:47+00
c9e0d892-e8f5-5cbc-9506-861b7ae415e1,e973a264-6ed9-58fe-ad5e-eae2e05d3979,721d117c-620d-5f92-b800-3e89864cc8d3,22,2024-11-22 17:35:47+00
48d804a9-2b53-5e1e-8a07-4593c88c2a83,3a130017-98ab-524e-ac40-ba55a5bb09a7,43239255-9abf-522a-a0ca-d242c13539cf,19,2024-09-04 15:29:04+00
9083e8ee-4d3a-5ee7-9c21-610c95bdcad3,3a130017-98ab-524e-ac40-ba55a5bb09a7,c914dcac-18fe-5928-87c0-80e93bb776c2,51,2024-09-04 15:29:04+00
e3c3b81d-d617-55c2-933a-7d618383892d,3a130017-98ab-524e-ac40-ba55a5bb09a7,a32d3b40-78a1-5f18-8b90-4dd8cd4ea27b,60,2024-09-04 15:29:04+00
eb1f145e-05a2-59a4-9ce4-29164ccdd737,3a130017-98ab-524e-ac40-ba55a5bb09a7,093be7d5-f016-5f2c-b71d-4dce4b0e9514,58,2024-09-04 15:29:04+00
f262a7df-f4ac-5177-92c5-59cc3708f58a,69b7a683-781c-5ee8-9f2d-b3aee08c7020,d6e9c7be-33cb-5851-ab77-08e587828108,45,2024-08-09 22:07:10+00
746cb8fb-197e-556b-84a6-9c38b0129802,69b7a683-781c-5ee8-9f2d-b3aee08c7020,72067051-48fc-5737-a00c-93c490bd0b34,47,2024-08-09 22:07:10+00
cf34e0fd-b8ca-5e4b-ba9c-2da9dae59a7a,69b7a683-781c-5ee8-9f2d-b3aee08c7020,9096801a-a6fd-5ca3-a667-34759b5adb9e,10,2024-08-09 22:07:10+00
32cdd23b-0a2e-5ef0-8d07-f7eb77a6d1c1,b6b3a063-00f4-595f-89b9-9021cc335ba2,047edcf5-114c-5342-b495-232fc4aaf6fe,40,2024-09-05 19:15:06+00
c12115be-0bcb-5836-aae4-29f76b940902,bfa7e44b-125f-5eb0-bbc0-8ac1f4658e6e,59115f56-acf8-50f7-9dfd-c99816aa2172,11,2024-10-16 22:26:07+00
00c73986-e6eb-5384-a8eb-1c40bfcee2bd,b65a3c59-4be6-55b3-a31b-cbe51163294a,571424b7-2fc1-5ceb-8982-7426cc703fff,46,2024-05-02 21:41:13+00
19e22f0c-198a-5999-b9b8-c778c0483882,14266595-dce3-569e-9f84-469f5af8196b,d6481438-ce10-5e85-8b0a-fbc48dcd19e7,23,2024-09-13 14:01:45+00
957d46ab-ccee-5fb3-a524-ac6b05c6eb69,14266595-dce3-569e-9f84-469f5af8196b,98f9ed1d-3d10-5a68-a387-66981e9dde59,51,2024-09-13 14:01:45+00
49ce007c-7ded-53a1-8d33-75af780668bb,14266595-dce3-569e-9f84-469f5af8196b,d6e9c7be-33cb-5851-ab77-08e587828108,27,2024-09-13 14:01:45+00
51dcf964-78d0-51c6-b263-f3a07b7533b8,bcc1d9d3-0f5b-51cc-839c-8827f61ad736,7139ebf2-1aff-593d-9366-22949a04fd61,18,2024-10-09 15:03:15+00
d24b6ccf-b702-5744-93b0-2d36aa1175a0,bcc1d9d3-0f5b-51cc-839c-8827f61ad736,4bb3265f-5fd8-5ee9-b01b-7ca5808bca6b,46,2024-10-09 15:03:15+00
2429e669-43b1-514e-bc4c-69a086483bd8,bcc1d9d3-0f5b-51cc-839c-8827f61ad736,263e995b-8be3-5198-adb6-aa81c41bf770,53,2024-10-09 15:03:15+00
a1b0d74b-0edf-5914-abcd-7c84013ef253,178cfcf5-f39b-54fd-a20a-a0bdfab9bf55,dbfbb0d5-1eb8-59dd-bad5-834d7a45a348,11,2024-09-12 17:36:44+00
a359ae9d-d40d-5552-9a9b-53ea30d2a7b4,178cfcf5-f39b-54fd-a20a-a0bdfab9bf55,c914dcac-18fe-5928-87c0-80e93bb776c2,45,2024-09-12 17:36:44+00
1b16cab1-04fc-5c00-ba2f-c011140c2923,178cfcf5-f39b-54fd-a20a-a0bdfab9bf55,2c21421b-d3c2-55c3-8144-0c1f6b3e4f6a,36,2024-09-12 17:36:44+00
04108977-8e1a-5222-af3a-f9191ac40bf4,a97bcb3e-f206-503f-90f5-088255edd7bf,7139ebf2-1aff-593d-9366-22949a04fd61,15,2024-07-14 19:33:08+00
8d6e35bb-273a-50e9-a24d-9c7d207770c1,a97bcb3e-f206-503f-90f5-088255edd7bf,a4acb526-e0ea-590e-9293-ff9e90059c15,17,2024-07-14 19:33:08+00
001ccb4d-80c5-563f-b355-2590f4f3375b,a97bcb3e-f206-503f-90f5-088255edd7bf,cf629a09-093e-5b99-8bf4-da2438fa51c4,49,2024-07-14 19:33:08+00
fdcb5202-d755-5075-9839-a0a1505007cc,13e483c8-8b64-5064-8f7e-90a11dade26d,c914dcac-18fe-5928-87c0-80e93bb776c2,50,2024-06-01 00:27:10+00
c94147a9-3f7b-5833-bb69-58993bf7c3af,f0252cae-f4da-5f35-a835-e93ae2e45437,43239255-9abf-522a-a0ca-d242c13539cf,44,2024-10-23 13:36:22+00
2ccb11d9-3eb3-557f-96ff-316b88241438,445a4364-d606-52ec-8adb-a0e926441496,093be7d5-f016-5f2c-b71d-4dce4b0e9514,19,2024-10-27 08:16:47+00
c96f7fae-832d-5722-a4da-5a728dfd88a8,eae7327d-a76f-58ed-9c24-dff948601edf,bcd21179-c89f-5095-808a-e72f06c0841d,31,2024-10-21 11:09:55+00
abd19df7-b6e5-5d13-ab95-d381aa44ada6,eae7327d-a76f-58ed-9c24-dff948601edf,950c0334-92d4-54ec-b05b-35e20983883c,17,2024-10-21 11:09:55+00
fb94c331-0eeb-5535-bb9a-49fac469b229,eae7327d-a76f-58ed-9c24-dff948601edf,c388846e-4e3c-5d57-b61f-ed13c7edc4da,42,2024-10-21 11:09:55+00
ee1e0ed7-eb21-5c8a-ac35-67a064808fc0,eae7327d-a76f-58ed-9c24-dff948601edf,59115f56-acf8-50f7-9dfd-c99816aa2172,29,2024-10-21 11:09:55+00
c4383bc1-a355-5dde-a0b7-a40a12b4de97,b3b4ca30-ebc6-5fa6-8fce-77dcd0932364,fc7fc417-cce4-5f70-a6f1-8ce7a0edf5e9,25,2024-07-05 20:24:53+00
14c1cca3-1f24-5c4e-9a56-22120aa6a709,674cd470-0a29-59af-a2b1-4b4a8bf085f7,eb65b5fa-c2cb-589b-9049-2b6c7bf4d22d,19,2024-03-05 09:34:38+00
069e96c8-54b9-561f-b4b5-26d2afc79d44,75b2fe56-7e63-5524-830b-40d9c05dbb92,a68ed02d-80a0-5ebb-a79e-1ef7c4187de5,32,2024-10-15 12:39:12+00
56c08c10-e181-5e50-bd61-1814eb7c7a16,75b2fe56-7e63-5524-830b-40d9c05dbb92,48b59f70-e096-547d-97be-0afd9e0ef1f4,6,2024-10-15 12:39:12+00
3eb34e3a-605b-570b-9617-fa2b17e68c0d,75b2fe56-7e63-5524-830b-40d9c05dbb92,ae16db22-a7d1-5cd3-8409-669d957eb80d,46,2024-10-15 12:39:12+00
f3684c5f-1f85-5ae8-9104-b8fdc42ba82b,75b2fe56-7e63-5524-830b-40d9c05dbb92,571424b7-2fc1-5ceb-8982-7426cc703fff,35,2024-10-15 12:39:12+00
3e8668a0-7c34-581a-a462-a322cf469a5d,3a8d54cd-8be3-5db2-991b-8196351c1aba,a32d3b40-78a1-5f18-8b90-4dd8cd4ea27b,36,2024-03-16 17:04:27+00
33cb5e93-9e75-5448-9ed1-6db4760d178c,74fb939f-0c63-5f09-b6ef-541508344371,7698a25a-a051-53c9-ae74-597da202ffca,19,2024-03-09 22:30:51+00
458e51ea-6717-593d-9dbd-eea0e16502dd,74fb939f-0c63-5f09-b6ef-541508344371,5bfb3415-c6ae-5fa3-a84b-8a98a543ab9a,31,2024-03-09 22:30:51+00
fccedf5b-a4d5-5a01-b3dd-7c8fa9840063,74fb939f-0c63-5f09-b6ef-541508344371,5e41eef3-c306-5dd1-ab8c-d305ebc7c2d5,48,2024-03-09 22:30:51+00
a0a6fc38-47f4-5433-9739-3952fc5bcea9,14e8a518-68ac-533c-ad36-36755e8376cf,6feb3ffe-e89f-55ab-81d5-d9b136a73c27,31,2024-01-05 01:24:27+00
60f5b9a4-42fb-5f2b-9e09-aa8fb21a7a3a,d9cfef3e-2e72-5e05-a3e9-87e5e4328c06,7698a25a-a051-53c9-ae74-597da202ffca,10,2024-10-27 10:02:00+00
4063aaef-db13-5581-b322-d458c38432dd,9054b283-98d7-598a-ab1f-02c4c922978a,d6481438-ce10-5e85-8b0a-fbc48dcd19e7,24,2024-11-13 14:26:01+00
16af5132-9916-5e39-ac14-2b8d4e78b3a5,9054b283-98d7-598a-ab1f-02c4c922978a,515f77ef-9c32-5e75-81c3-2b3795c000f2,21,2024-11-13 14:26:01+00
75cab1ad-4c69-5d05-9174-0736d4876a36,7be83914-ff41-5632-be1c-17cd6b1af240,721d117c-620d-5f92-b800-3e89864cc8d3,33,2024-04-04 20:15:28+00
ce652e1c-a2d8-533b-9fd2-300ae0df347e,4c228464-faae-5861-9fa3-9faeb1e4cad4,d6481438-ce10-5e85-8b0a-fbc48dcd19e7,15,2024-09-25 20:41:22+00
dc3f0fd4-46c0-51aa-90b1-8fe1f826e71e,4c228464-faae-5861-9fa3-9faeb1e4cad4,6feb3ffe-e89f-55ab-81d5-d9b136a73c27,5,2024-09-25 20:41:22+00
0618ebe9-9d1e-523a-8e36-ba23d7725b07,4c228464-faae-5861-9fa3-9faeb1e4cad4,85ee2954-52d3-5ec2-8fea-0575175559ac,24,2024-09-25 20:41:22+00
fecc1040-bd89-54ca-9498-991695c6ebd8,287f3b8f-3cf6-55a3-882f-44affa6245ed,8243c793-3801-5a72-86e5-9ab29d8d498d,39,2024-10-18 01:04:44+00
bdc3f81a-215a-5e07-91b5-f1907e84ae15,287f3b8f-3cf6-55a3-882f-44affa6245ed,571424b7-2fc1-5ceb-8982-7426cc703fff,11,2024-10-18 01:04:44+00
a13718ef-67e6-53ab-95bf-720631cd837d,287f3b8f-3cf6-55a3-882f-44affa6245ed,12d2e257-18af-5ea5-9b8e-109e869b4b9e,43,2024-10-18 01:04:44+00
2d8dd669-96f2-5c9f-bc00-1ca16c0e1c38,287f3b8f-3cf6-55a3-882f-44affa6245ed,c7c80e8e-2456-5c4b-97cb-5d6b8aea9e11,33,2024-10-18 01:04:44+00
46db893d-c8b9-51ec-9d55-ecc44e27cdcc,0865b8ba-39fa-51b6-ab98-3e5828e56a29,dbfbb0d5-1eb8-59dd-bad5-834d7a45a348,23,2024-04-01 00:30:23+00
98d5c97a-5844-5378-a3b4-a707067d3133,c9e56a7d-1b47-505a-bee8-5393b82a5dc6,474da520-6891-5d9b-ad56-dbc5e963bb3f,26,2024-12-15 18:11:25+00
d797664e-ed8c-5be0-a807-b5772b4a9aa1,c9e56a7d-1b47-505a-bee8-5393b82a5dc6,4bb3265f-5fd8-5ee9-b01b-7ca5808bca6b,58,2024-12-15 18:11:25+00
76421fc5-9255-5d43-ab71-99ab57aa5b99,83827514-7797-5061-860d-a0ecd6cebe43,263e995b-8be3-5198-adb6-aa81c41bf770,7,2024-09-11 11:24:57+00
3813b52e-a8bc-5ba1-9595-ff5132ecfb57,83827514-7797-5061-860d-a0ecd6cebe43,cf40a232-f9b9-5adf-afb6-0a981f2ffcf7,56,2024-09-11 11:24:57+00
fc31586a-fcf3-51ed-97a0-4d57307e561e,05cf489c-7ba3-5dd7-99ce-6c3e4a8ecf09,5e41eef3-c306-5dd1-ab8c-d305ebc7c2d5,46,2024-12-04 01:35:29+00
d294a0e5-951d-5ecf-8a5e-ef3ae32071d8,05cf489c-7ba3-5dd7-99ce-6c3e4a8ecf09,4ccb08b0-f9e0-5e25-89e3-bea409b0d0cb,13,2024-12-04 01:35:29+00
180a520d-c206-5038-ad95-a96616fce223,05cf489c-7ba3-5dd7-99ce-6c3e4a8ecf09,ce143825-d54b-50ec-92fe-c61fdb5ae610,23,2024-12-04 01:35:29+00
bb425d93-4d3e-537a-bbfb-feb2beb0335b,05cf489c-7ba3-5dd7-99ce-6c3e4a8ecf09,73148ed3-fbe9-5571-a16d-34fb5520390e,30,2024-12-04 01:35:29+00
97772ae2-199c-5ba9-b733-191a82ce9ed3,b7de97ca-c810-5c59-8d99-e3c77b865b28,dbfbb0d5-1eb8-59dd-bad5-834d7a45a348,36,2024-02-12 23:07:07+00
1f881688-0199-5bdc-9857-78f56e9174be,b7de97ca-c810-5c59-8d99-e3c77b865b28,637d71e2-55cf-575a-87f5-1bcee0d0072a,54,2024-02-12 23:07:07+00
4e110331-fde8-5ba7-b4f9-28a43870cab7,b7de97ca-c810-5c59-8d99-e3c77b865b28,0f7722fa-332a-5a19-922d-1d9cab8dda65,38,2024-02-12 23:07:07+00
7f324d4d-a908-51a8-9739-84fc8c0c01ee,b7de97ca-c810-5c59-8d99-e3c77b865b28,5e2cc5fc-7d5b-5bba-ad99-4412ab325860,10,2024-02-12 23:07:07+00
081dc3a3-9406-5ba8-977f-833b0fcd46e0,a7fb18e8-c60a-5d99-aa99-064a98bd2388,6e22d3ea-9fc0-56fa-a367-352e633df40c,24,2024-10-28 01:43:45+00
e20d56bc-5cb8-58ea-895e-97f591cd6207,5e9993f8-1ccb-5971-b726-e7df7bf71476,ebdcc5e9-63c3-5a52-9521-f031c6154feb,18,2024-06-30 00:29:36+00
868c5714-540c-5fe4-86a0-e9022df44aac,5e9993f8-1ccb-5971-b726-e7df7bf71476,8243c793-3801-5a72-86e5-9ab29d8d498d,19,2024-06-30 00:29:36+00
2737d406-d249-5827-bbc7-9ab84725c299,5e9993f8-1ccb-5971-b726-e7df7bf71476,6852d7e8-9827-5aa7-a439-140e7dac645a,50,2024-06-30 00:29:36+00
5cb5ed2c-0c88-5cb5-9d99-4c45618c49c9,902c3ad3-fac4-52b1-b4d9-180bee0cc78c,8191a9f6-2263-53f2-a6a6-4c31e81e996e,47,2024-09-02 14:14:03+00
edd24409-2029-5760-90e6-6aec3440d192,aab0803e-ff5b-5747-9828-5b642bc0e5a2,73148ed3-fbe9-5571-a16d-34fb5520390e,48,2024-10-12 14:03:03+00
2d6a7073-3a3d-5665-9dd4-b67b2012fb8a,aab0803e-ff5b-5747-9828-5b642bc0e5a2,dbfbb0d5-1eb8-59dd-bad5-834d7a45a348,18,2024-10-12 14:03:03+00
71b2f11b-95d3-55ab-8fbf-59b346e8282d,aab0803e-ff5b-5747-9828-5b642bc0e5a2,63b368d3-a702-5229-a0eb-00c0e02acf2c,31,2024-10-12 14:03:03+00
b68baf20-4b24-5c79-a6fb-b9d37c62a842,d502b6ac-f88d-54c7-a3db-b98bd6dd8029,f40bf37b-20d6-5349-82b6-18cbd1f10e83,7,2024-07-31 22:12:56+00
943a0389-33ce-5273-aec1-16968a15cf4c,1b4615cf-e6cf-5f81-8b38-eda7d3630e47,8243c793-3801-5a72-86e5-9ab29d8d498d,39,2024-10-03 09:07:52+00
d38fff9d-07d2-5e83-9b90-3b6381f1151e,84f059b0-0e08-51ab-9f1f-9bf6375a5ecd,3ba63656-6a91-5254-8fd9-1b6d20dced02,30,2024-05-11 22:19:33+00
053118f1-75a0-597f-9c8f-ffeb34d40559,28ab1027-a87b-577e-9cd0-f4359b482d81,cf40a232-f9b9-5adf-afb6-0a981f2ffcf7,11,2024-04-13 17:33:59+00
39997edb-9c03-5de2-b607-d4475c386f6c,28ab1027-a87b-577e-9cd0-f4359b482d81,b8b98483-157a-5ddb-81bf-f65f95613caa,58,2024-04-13 17:33:59+00
4d9be3f8-b342-577a-b471-0139e4962a18,28ab1027-a87b-577e-9cd0-f4359b482d81,5b72fcba-23c2-5ea7-9dc2-b32eca367733,53,2024-04-13 17:33:59+00
9a12bbb3-f459-583c-a03c-821c51a37790,28ab1027-a87b-577e-9cd0-f4359b482d81,e3a10959-a74e-5cdd-bd80-3c24836fb062,20,2024-04-13 17:33:59+00
9a1a2f25-0052-5eb8-8802-2e990c70ebd1,5066bfcb-e50d-536b-9196-6b2b0069b853,ebdcc5e9-63c3-5a52-9521-f031c6154feb,41,2024-10-20 08:34:22+00
f6f798bd-59bd-546c-91ad-a10583be58a9,5066bfcb-e50d-536b-9196-6b2b0069b853,12d2e257-18af-5ea5-9b8e-109e869b4b9e,26,2024-10-20 08:34:22+00
dc19ab90-ebda-5e88-9963-fa6da7418e91,5066bfcb-e50d-536b-9196-6b2b0069b853,d6e9c7be-33cb-5851-ab77-08e587828108,16,2024-10-20 08:34:22+00
234c523e-183c-5b8b-ac2a-4410885c82b7,4b6f6089-08f8-5249-927e-81894593e336,5e2cc5fc-7d5b-5bba-ad99-4412ab325860,26,2024-04-12 16:10:27+00
ece008ca-4c20-51a2-a25c-6435241b39cf,4b6f6089-08f8-5249-927e-81894593e336,bcd21179-c89f-5095-808a-e72f06c0841d,6,2024-04-12 16:10:27+00
829a4f8d-ea48-5957-b3ca-61f12de89480,a456f34a-e633-5fa4-8bda-a6f31bd0bcda,0f7722fa-332a-5a19-922d-1d9cab8dda65,12,2024-02-05 19:19:38+00
72c812f9-f8e6-5fa4-a665-95699568201e,a456f34a-e633-5fa4-8bda-a6f31bd0bcda,03daeeea-7468-535a-a03a-78f80e9f433f,38,2024-02-05 19:19:38+00
488e753a-7dba-51af-919a-d607236e0e57,a456f34a-e633-5fa4-8bda-a6f31bd0bcda,2c21421b-d3c2-55c3-8144-0c1f6b3e4f6a,51,2024-02-05 19:19:38+00
8f715cc0-dcd3-549a-b266-88a4652c22c5,a8177c40-414f-532e-9301-4cde3cc494bf,950c0334-92d4-54ec-b05b-35e20983883c,8,2024-06-13 21:07:05+00
c9924fd0-31f9-57d8-9ee8-8dda13e103b0,247ff2b9-03b6-5982-9f6f-1dd084e317ee,70b50d29-9125-53dc-a829-c961b011e429,41,2024-10-17 17:42:53+00
58077988-4c66-5c6b-b852-c23145916756,29fd7775-af1a-57f9-a9da-997438824d35,49690aee-94fa-525b-b5ce-92feaf54b957,35,2024-05-25 01:16:13+00
6a2799a1-3e09-546b-80ca-f956e4b02c1e,29fd7775-af1a-57f9-a9da-997438824d35,12d2e257-18af-5ea5-9b8e-109e869b4b9e,34,2024-05-25 01:16:13+00
299f22e1-cc55-56a1-ab43-c71cd9316d06,29fd7775-af1a-57f9-a9da-997438824d35,1b8e1d0e-392d-5e23-854a-832f0d6ac35d,19,2024-05-25 01:16:13+00
4cbe4881-1302-5949-92ae-4a2ecfab073c,b1fe0c18-009e-5ce1-ab23-ec1fe87ecd78,ebdcc5e9-63c3-5a52-9521-f031c6154feb,275,2024-10-09 10:25:07+00
a2da7bc7-5906-59f7-b623-01addfb5cd72,b1fe0c18-009e-5ce1-ab23-ec1fe87ecd78,5e41eef3-c306-5dd1-ab8c-d305ebc7c2d5,156,2024-10-09 10:25:07+00
a5c25f18-bd4e-52bf-8210-cbbd868ed97c,3b40acea-805a-58ff-8aae-982fb40cfb25,bcd21179-c89f-5095-808a-e72f06c0841d,29,2024-03-05 21:27:42+00
7fb32573-5311-5264-8c20-5001ebf2d910,3b40acea-805a-58ff-8aae-982fb40cfb25,721d117c-620d-5f92-b800-3e89864cc8d3,25,2024-03-05 21:27:42+00
bffdd0c3-9b6b-50c1-9588-ae378ce11c72,3b40acea-805a-58ff-8aae-982fb40cfb25,fc7fc417-cce4-5f70-a6f1-8ce7a0edf5e9,51,2024-03-05 21:27:42+00
1b46f9eb-5926-5093-9416-321a1b01045f,3b40acea-805a-58ff-8aae-982fb40cfb25,9b88c78b-34e7-51c0-8f51-940e61379648,18,2024-03-05 21:27:42+00
ca2d97d3-3ce7-597b-86e5-03ddcdef4cdc,e902affb-6827-5870-beb1-2456577ff011,8110e190-2a4b-579b-be2c-511de85ab755,46,2024-10-18 19:45:00+00
f7863dbe-73b3-5193-8ea8-7688c20d9490,e902affb-6827-5870-beb1-2456577ff011,f40bf37b-20d6-5349-82b6-18cbd1f10e83,14,2024-10-18 19:45:00+00
8f842741-eb03-59ed-a388-93ef59ec6415,e902affb-6827-5870-beb1-2456577ff011,5e41eef3-c306-5dd1-ab8c-d305ebc7c2d5,46,2024-10-18 19:45:00+00
7ed91ae4-12d9-5b83-9ca2-ed81455d6c1a,e902affb-6827-5870-beb1-2456577ff011,2c21421b-d3c2-55c3-8144-0c1f6b3e4f6a,31,2024-10-18 19:45:00+00
c2e10ae3-5466-5251-8c85-40c31efe9bb1,9d68e289-58e9-5133-8287-c8830035cf90,8243c793-3801-5a72-86e5-9ab29d8d498d,33,2024-04-21 21:10:41+00
7fb5fc42-a539-5a6e-a782-bfdad5439b46,9d68e289-58e9-5133-8287-c8830035cf90,22326882-02d4-5cec-806a-1e1016a55411,29,2024-04-21 21:10:41+00
ca9a28e3-5e26-551d-b333-9ff8695483b5,9d68e289-58e9-5133-8287-c8830035cf90,c7c80e8e-2456-5c4b-97cb-5d6b8aea9e11,22,2024-04-21 21:10:41+00
99957b8f-aa41-547b-8279-ab09ffc1b184,9d68e289-58e9-5133-8287-c8830035cf90,950c0334-92d4-54ec-b05b-35e20983883c,54,2024-04-21 21:10:41+00
f1caab3e-4a62-5c8e-a9d5-75bb8086d7de,0c9ce289-97c9-507b-8442-64f110190d1c,047edcf5-114c-5342-b495-232fc4aaf6fe,25,2024-10-05 14:21:36+00
9969797a-2d5b-55c0-ad4a-708296ea20aa,0c9ce289-97c9-507b-8442-64f110190d1c,474da520-6891-5d9b-ad56-dbc5e963bb3f,38,2024-10-05 14:21:36+00
ad903172-1c2c-5fd4-aa0b-7b1e4118c7b2,a8583cd2-710c-5c07-a106-92a8f4cc4665,ce143825-d54b-50ec-92fe-c61fdb5ae610,52,2024-09-01 08:03:36+00
0c090c6d-26bf-57c3-89b6-6bdf980a95e6,a8583cd2-710c-5c07-a106-92a8f4cc4665,5f832cdc-1407-55fc-8fd5-76ca28247722,24,2024-09-01 08:03:36+00
e83970af-adc0-5a2a-a0bc-9cc8d5955212,a8583cd2-710c-5c07-a106-92a8f4cc4665,1b8e1d0e-392d-5e23-854a-832f0d6ac35d,44,2024-09-01 08:03:36+00
c5b08ec4-478d-5636-b2b9-a7716c3d347c,2afafb99-5ac3-5313-8b57-e4550b3c0c0e,12d2e257-18af-5ea5-9b8e-109e869b4b9e,15,2024-10-25 23:11:57+00
4f3612b9-c71b-5bcc-8d7d-130372fcb04f,2afafb99-5ac3-5313-8b57-e4550b3c0c0e,e7c66ad7-b5d3-5271-9438-d4741c6f9cbc,44,2024-10-25 23:11:57+00
b8706564-3d7d-51cc-8af8-c9f411fb5eee,00b94139-76a9-54e5-a73c-9c456d14a0ff,87bd34d0-75d8-568d-abd0-77f535fdb719,33,2024-10-15 00:19:11+00
3f65e1d2-ec8c-5e91-84d3-283ebaa0aab1,97ed0c42-613f-52e8-bcb7-82e3a3320f0e,bcd21179-c89f-5095-808a-e72f06c0841d,339,2024-10-13 15:11:38+00
b19ff430-c411-5d8c-a8f9-3e9909282aec,97ed0c42-613f-52e8-bcb7-82e3a3320f0e,df03a7e9-20ca-5987-a644-76566671155b,50,2024-10-13 15:11:38+00
72b9bfe3-8bc4-538b-b501-39bdc15ae4bc,97ed0c42-613f-52e8-bcb7-82e3a3320f0e,950c0334-92d4-54ec-b05b-35e20983883c,216,2024-10-13 15:11:38+00
13fb8601-5d15-57e7-b6a9-43dc9c126fcd,2b78ace0-2c94-5888-ab4e-76c04f24e07a,a4acb526-e0ea-590e-9293-ff9e90059c15,55,2024-02-13 21:09:12+00
abe37a53-8dd8-5f3b-8fc0-89f3963006b0,2b78ace0-2c94-5888-ab4e-76c04f24e07a,ce143825-d54b-50ec-92fe-c61fdb5ae610,45,2024-02-13 21:09:12+00
6000d998-1af0-5fe2-a584-a54a7cee5606,976231dd-adae-5f1b-9ed1-97290fbb91e6,48b59f70-e096-547d-97be-0afd9e0ef1f4,28,2024-02-12 21:33:46+00
20262e94-18e7-588a-a63d-eb3629594f45,976231dd-adae-5f1b-9ed1-97290fbb91e6,5e2cc5fc-7d5b-5bba-ad99-4412ab325860,37,2024-02-12 21:33:46+00
0f34b521-5fbe-5092-9821-fae0afeb2611,976231dd-adae-5f1b-9ed1-97290fbb91e6,c388846e-4e3c-5d57-b61f-ed13c7edc4da,6,2024-02-12 21:33:46+00
d7a2e115-3a58-548a-8bec-19e69d1aa5e3,976231dd-adae-5f1b-9ed1-97290fbb91e6,48b59f70-e096-547d-97be-0afd9e0ef1f4,8,2024-02-12 21:33:46+00
6a792f82-b988-511f-822a-ef457797d91e,ecafba38-b9ac-545b-81d3-88531d3d852d,5b72fcba-23c2-5ea7-9dc2-b32eca367733,210,2024-12-24 20:29:33+00
8fdce89d-3f2e-52ec-b43e-06fdcef01df5,ecafba38-b9ac-545b-81d3-88531d3d852d,3f7c929e-b070-5624-afcb-413255a3e8b7,359,2024-12-24 20:29:33+00
44665df8-ae2b-5be8-a008-84f71e431025,ecafba38-b9ac-545b-81d3-88531d3d852d,59115f56-acf8-50f7-9dfd-c99816aa2172,49,2024-12-24 20:29:33+00
be0e038c-c33b-58bb-bf2f-bd706c1aa7cb,ecafba38-b9ac-545b-81d3-88531d3d852d,ce143825-d54b-50ec-92fe-c61fdb5ae610,280,2024-12-24 20:29:33+00
c64a7796-1a19-5914-93b2-8d789e50b0de,bc2d6400-c7c9-5db9-91ea-692e90efe1a6,f3c9e6db-5001-5325-b688-27d1d3fc04c1,40,2024-09-12 16:28:58+00
6d2d2c66-a596-5e81-9a77-9161b97172b2,bc2d6400-c7c9-5db9-91ea-692e90efe1a6,637d71e2-55cf-575a-87f5-1bcee0d0072a,22,2024-09-12 16:28:58+00
722528db-f34a-5e3a-8456-165d49663c2e,bc2d6400-c7c9-5db9-91ea-692e90efe1a6,df03a7e9-20ca-5987-a644-76566671155b,47,2024-09-12 16:28:58+00
27e5045e-ab93-590f-ab57-9b1bd6a8a7d2,9c724be5-a01b-54f5-83ff-bc6b97d1c028,12d2e257-18af-5ea5-9b8e-109e869b4b9e,41,2024-09-01 10:07:18+00
2f956a0e-891e-5f18-ab94-4a3e291c333c,d106714f-1383-53f7-9731-33d1e42977c3,12d2e257-18af-5ea5-9b8e-109e869b4b9e,42,2024-02-14 17:00:55+00
72121f0b-1588-5421-afec-b8b7106c9fbf,33ddfbf4-ae50-5ca2-b9bb-2dcf2d27bbb1,8243c793-3801-5a72-86e5-9ab29d8d498d,10,2024-09-20 09:03:50+00
e17db262-494b-5f7c-8574-c71d95b6859f,f7060bf5-61b5-5c24-85e5-c5b2ed8b5ade,4ccb08b0-f9e0-5e25-89e3-bea409b0d0cb,360,2024-02-16 16:15:54+00
237f8d66-027e-5545-9da1-ca35dd7e0dc4,f7060bf5-61b5-5c24-85e5-c5b2ed8b5ade,70b50d29-9125-53dc-a829-c961b011e429,141,2024-02-16 16:15:54+00
628f436e-947e-5e9c-b5b4-210848fa404f,f7060bf5-61b5-5c24-85e5-c5b2ed8b5ade,093be7d5-f016-5f2c-b71d-4dce4b0e9514,349,2024-02-16 16:15:54+00
bc3f2dbd-078f-5ab9-8519-81f73c181800,f7060bf5-61b5-5c24-85e5-c5b2ed8b5ade,70b50d29-9125-53dc-a829-c961b011e429,187,2024-02-16 16:15:54+00
0e859f91-b027-50fc-b89f-fd78be08cf65,b4604d3e-52f4-5d9a-910b-352824cbdb8c,87bd34d0-75d8-568d-abd0-77f535fdb719,39,2024-10-30 16:34:39+00
56eda9a0-bfba-53bf-8afc-3ae738631f63,b4604d3e-52f4-5d9a-910b-352824cbdb8c,5e2cc5fc-7d5b-5bba-ad99-4412ab325860,49,2024-10-30 16:34:39+00
73abe2a8-0322-532d-8984-c77b5985f975,b4604d3e-52f4-5d9a-910b-352824cbdb8c,6852d7e8-9827-5aa7-a439-140e7dac645a,17,2024-10-30 16:34:39+00
470bb94e-8396-530a-9873-f115a57f6a57,44f610c1-21f1-574d-a6d6-636009346431,5f832cdc-1407-55fc-8fd5-76ca28247722,32,2024-06-13 19:43:22+00
204b6d5d-d6ed-5f33-9cec-38612a369103,44f610c1-21f1-574d-a6d6-636009346431,571424b7-2fc1-5ceb-8982-7426cc703fff,52,2024-06-13 19:43:22+00
a4ac26d1-5e66-5410-8e61-3fa16b083965,44f610c1-21f1-574d-a6d6-636009346431,c0f44500-e1d1-59e0-b53b-e0e98b24a7cf,46,2024-06-13 19:43:22+00
16d55bcd-850c-5070-a4c5-a2b4b21d0247,8e9ba21d-ff23-5f72-a6a2-8f17ddf10ac9,0f7722fa-332a-5a19-922d-1d9cab8dda65,44,2024-12-15 20:11:00+00
97aa7aea-2df2-5171-b3f1-173d6929e14d,8e9ba21d-ff23-5f72-a6a2-8f17ddf10ac9,515f77ef-9c32-5e75-81c3-2b3795c000f2,10,2024-12-15 20:11:00+00
e131d57c-a12d-5f5a-b61b-733009cb0e23,8e9ba21d-ff23-5f72-a6a2-8f17ddf10ac9,df03a7e9-20ca-5987-a644-76566671155b,5,2024-12-15 20:11:00+00
a5a9c5ab-7377-597c-ac0d-746d1db09806,c9bd6978-c1bd-5f65-a58b-767f32ddf713,950c0334-92d4-54ec-b05b-35e20983883c,21,2024-12-11 17:24:40+00
d1bd8645-e231-5698-87e4-3a45a79a6464,ad25f8bd-6f0e-5b88-a5d7-2aca5fc70ccb,5e41eef3-c306-5dd1-ab8c-d305ebc7c2d5,52,2024-06-12 23:32:47+00
e6d21cce-ab66-5e68-9358-e506e3cfb42e,ad25f8bd-6f0e-5b88-a5d7-2aca5fc70ccb,a68ed02d-80a0-5ebb-a79e-1ef7c4187de5,15,2024-06-12 23:32:47+00
51f70606-f4ba-5806-98ca-e5461ecc8698,ad25f8bd-6f0e-5b88-a5d7-2aca5fc70ccb,9096801a-a6fd-5ca3-a667-34759b5adb9e,31,2024-06-12 23:32:47+00
3e1b8f69-34ca-5a8d-9193-d3c1a26b5575,26ef73c8-4a98-5eb0-94cc-1b3d4508a60a,98f9ed1d-3d10-5a68-a387-66981e9dde59,60,2024-10-15 15:30:52+00
ee0989ac-96bf-54be-b383-e504e3310e89,26ef73c8-4a98-5eb0-94cc-1b3d4508a60a,76ce6f91-8d47-5bfd-a8a9-b086d8728beb,29,2024-10-15 15:30:52+00
55ef1b77-9c71-5348-a346-a6e72e33fc86,26ef73c8-4a98-5eb0-94cc-1b3d4508a60a,12d2e257-18af-5ea5-9b8e-109e869b4b9e,30,2024-10-15 15:30:52+00
d22fb447-45e1-5b6c-887e-b4db11206d2b,26ef73c8-4a98-5eb0-94cc-1b3d4508a60a,515f77ef-9c32-5e75-81c3-2b3795c000f2,55,2024-10-15 15:30:52+00
5d130038-af6c-58b1-b23b-c2d147cb9ae7,cac19e91-65a7-5512-a1eb-3faa25ac4306,12d2e257-18af-5ea5-9b8e-109e869b4b9e,22,2024-03-29 18:12:33+00
87c6ffd8-45cf-5a1b-8ce2-75942e532148,cac19e91-65a7-5512-a1eb-3faa25ac4306,5abd18e8-de32-5af1-b593-d3190e9164a5,36,2024-03-29 18:12:33+00
df30d34b-2758-52ee-bbd8-8e2491a66a0a,cac19e91-65a7-5512-a1eb-3faa25ac4306,6a379419-7f07-55f2-a7a1-c92bb24d1f27,58,2024-03-29 18:12:33+00
38f1a28c-5e50-5d9b-91b3-c09e7619ba3a,cac19e91-65a7-5512-a1eb-3faa25ac4306,4bb3265f-5fd8-5ee9-b01b-7ca5808bca6b,22,2024-03-29 18:12:33+00
2788c1f9-e388-5dd6-b043-5ee010987ee5,2b636e10-d68d-58ac-b5c3-3fc84f5bef2b,0f7722fa-332a-5a19-922d-1d9cab8dda65,27,2024-09-07 01:29:32+00
8ad2ee06-e494-5b80-a053-e4b017b9c504,2b636e10-d68d-58ac-b5c3-3fc84f5bef2b,e3a10959-a74e-5cdd-bd80-3c24836fb062,25,2024-09-07 01:29:32+00
a04d77b7-07cd-59d9-b6da-ceb35aa04fa0,2b636e10-d68d-58ac-b5c3-3fc84f5bef2b,eb65b5fa-c2cb-589b-9049-2b6c7bf4d22d,23,2024-09-07 01:29:32+00
c50d0cdf-6f58-5b3d-bec9-2da8d552fbb3,2b636e10-d68d-58ac-b5c3-3fc84f5bef2b,c388846e-4e3c-5d57-b61f-ed13c7edc4da,36,2024-09-07 01:29:32+00
1acd5f79-934a-5ec1-9788-218a4385776c,62cc763f-8bad-50d8-bd55-e03d7fd623dc,2c21421b-d3c2-55c3-8144-0c1f6b3e4f6a,32,2024-08-01 23:21:01+00
78f25918-4c6e-53a3-b498-d5805fb93fbf,62cc763f-8bad-50d8-bd55-e03d7fd623dc,a32d3b40-78a1-5f18-8b90-4dd8cd4ea27b,13,2024-08-01 23:21:01+00
e8d67590-bf46-5dc0-84a7-3b742c10fc37,62cc763f-8bad-50d8-bd55-e03d7fd623dc,721d117c-620d-5f92-b800-3e89864cc8d3,51,2024-08-01 23:21:01+00
dac900e0-dc2e-5756-ac3b-6bdbe33b1e12,80d9dc60-f0b6-58f7-b353-77affe03f61f,9b88c78b-34e7-51c0-8f51-940e61379648,147,2024-12-18 18:32:19+00
5ac04f83-0aff-5fb8-bd64-5818e2a85b80,80d9dc60-f0b6-58f7-b353-77affe03f61f,d02cf696-fbfe-56b7-8ff3-89608483ee25,200,2024-12-18 18:32:19+00
eac343b9-f738-59e9-b522-ff083e62f44b,80d9dc60-f0b6-58f7-b353-77affe03f61f,70b50d29-9125-53dc-a829-c961b011e429,183,2024-12-18 18:32:19+00
0cd63c2f-ddb1-531a-9671-d4d3c11b0e64,80d9dc60-f0b6-58f7-b353-77affe03f61f,59115f56-acf8-50f7-9dfd-c99816aa2172,209,2024-12-18 18:32:19+00
15551477-d0bf-514b-bcb3-aa0ead03ce00,8f6b87c3-766c-52c1-905c-d8cca88a9026,950c0334-92d4-54ec-b05b-35e20983883c,35,2024-03-08 17:41:36+00
02657bb3-e753-5411-bd29-1c988e7688b8,8f6b87c3-766c-52c1-905c-d8cca88a9026,76ce6f91-8d47-5bfd-a8a9-b086d8728beb,37,2024-03-08 17:41:36+00
efd9c241-28a4-5eab-9011-5847400ec1d5,8f6b87c3-766c-52c1-905c-d8cca88a9026,85ee2954-52d3-5ec2-8fea-0575175559ac,53,2024-03-08 17:41:36+00
33150af2-4ea6-5def-aa04-85ba3d0aab15,8f6b87c3-766c-52c1-905c-d8cca88a9026,4ccb08b0-f9e0-5e25-89e3-bea409b0d0cb,10,2024-03-08 17:41:36+00
7ce89467-3179-5abd-a633-18c35d5ca336,061799a9-0414-59d4-aeaf-0c47b3702bcf,1b8e1d0e-392d-5e23-854a-832f0d6ac35d,59,2024-11-09 09:30:41+00
5507a961-7f05-528d-9016-5ad2d1e987a7,061799a9-0414-59d4-aeaf-0c47b3702bcf,70b50d29-9125-53dc-a829-c961b011e429,20,2024-11-09 09:30:41+00
1af721e5-64c3-501e-942e-92f5a81b0d7f,3b8dbdf9-33ea-5b9d-afee-7046d9c63773,047edcf5-114c-5342-b495-232fc4aaf6fe,25,2024-01-02 21:42:22+00
f7bdf5c5-a018-5287-af92-bf1e88efd4fb,3b8dbdf9-33ea-5b9d-afee-7046d9c63773,e7c66ad7-b5d3-5271-9438-d4741c6f9cbc,17,2024-01-02 21:42:22+00
680142b9-2b65-5629-a0c2-857bb5715ca8,3b8dbdf9-33ea-5b9d-afee-7046d9c63773,5e2cc5fc-7d5b-5bba-ad99-4412ab325860,43,2024-01-02 21:42:22+00
3af5b158-99e5-53ae-b0ad-63d17ab16d86,a87504a5-063c-5637-85ce-0813fa1fa8d3,6a379419-7f07-55f2-a7a1-c92bb24d1f27,21,2024-10-17 16:19:16+00
c695b5d2-17f5-55a6-b9d7-75b0b22dfe76,f3705e05-7edd-5b2d-a69c-515cde8015ad,87bd34d0-75d8-568d-abd0-77f535fdb719,33,2024-05-31 16:43:57+00
331bf098-6abe-597c-be20-4eab9ffb6aa7,f3705e05-7edd-5b2d-a69c-515cde8015ad,ae16db22-a7d1-5cd3-8409-669d957eb80d,15,2024-05-31 16:43:57+00
c1add709-1675-5e1b-ad52-77adb279b458,f3705e05-7edd-5b2d-a69c-515cde8015ad,76ce6f91-8d47-5bfd-a8a9-b086d8728beb,11,2024-05-31 16:43:57+00
0aef4648-42d8-545f-aaca-3097734fd9d9,f3705e05-7edd-5b2d-a69c-515cde8015ad,49690aee-94fa-525b-b5ce-92feaf54b957,22,2024-05-31 16:43:57+00
97d1bdef-2f62-58c7-9072-456327c72b81,9f9543cc-dfff-507a-93c8-636fbcdb760d,6e22d3ea-9fc0-56fa-a367-352e633df40c,60,2024-11-06 23:40:02+00
3478d7ee-5ad0-57e6-8877-fc9eb0a754b5,963619c7-3382-5cc5-b5fa-3ef805e37b51,f40bf37b-20d6-5349-82b6-18cbd1f10e83,131,2024-09-01 21:25:36+00
d65cb5c0-485f-550e-baab-bd1f7d3a4375,963619c7-3382-5cc5-b5fa-3ef805e37b51,b8b98483-157a-5ddb-81bf-f65f95613caa,369,2024-09-01 21:25:36+00
1b49b544-1959-58f9-8c83-badc9e8e6727,963619c7-3382-5cc5-b5fa-3ef805e37b51,950c0334-92d4-54ec-b05b-35e20983883c,331,2024-09-01 21:25:36+00
ff504612-1795-5ecd-a553-e3ad4d9de1e0,d49f6d7f-b869-5ea4-b53a-0a58bbee3d07,12d2e257-18af-5ea5-9b8e-109e869b4b9e,11,2024-09-18 16:09:00+00
318259b6-a5c9-54c3-b580-661e8a120095,d49f6d7f-b869-5ea4-b53a-0a58bbee3d07,8191a9f6-2263-53f2-a6a6-4c31e81e996e,10,2024-09-18 16:09:00+00
490e4cab-f6f3-5eba-9843-f3536ee88052,53c00fd4-3ea7-5631-8ae2-78cd99af4ee4,6feb3ffe-e89f-55ab-81d5-d9b136a73c27,31,2024-07-01 21:23:27+00
c80f40ad-b8a6-5e5a-9a04-7863bfccfd80,886a27c1-7203-54de-b0c1-a0a90a1334d0,d02cf696-fbfe-56b7-8ff3-89608483ee25,20,2024-07-21 18:06:06+00
8719ec34-1997-5249-950c-ae432d9431f9,886a27c1-7203-54de-b0c1-a0a90a1334d0,ae16db22-a7d1-5cd3-8409-669d957eb80d,6,2024-07-21 18:06:06+00
e0874c34-3c8a-5d44-9c48-71b1328e85a8,886a27c1-7203-54de-b0c1-a0a90a1334d0,f3d43083-cf37-52fb-bc02-bff47203b7c9,35,2024-07-21 18:06:06+00
5c7df892-4480-5175-a6d9-14252eb7305d,991aa02c-6b8d-5e70-a91d-92c903a11256,5abd18e8-de32-5af1-b593-d3190e9164a5,37,2024-10-17 13:22:02+00
6354d80d-f33d-52b3-9313-d5db59e1f822,991aa02c-6b8d-5e70-a91d-92c903a11256,093be7d5-f016-5f2c-b71d-4dce4b0e9514,6,2024-10-17 13:22:02+00
7d7ec0b6-e8f6-517d-a3a9-3a737ea55a31,991aa02c-6b8d-5e70-a91d-92c903a11256,72067051-48fc-5737-a00c-93c490bd0b34,40,2024-10-17 13:22:02+00
00adb8b7-f327-5a1d-9a80-e1ba47d4ab92,991aa02c-6b8d-5e70-a91d-92c903a11256,ce143825-d54b-50ec-92fe-c61fdb5ae610,42,2024-10-17 13:22:02+00
2be73d13-cfa3-5d1c-b580-3c0abb602ba4,7c7461fa-0b8d-5bf7-b269-283800be922e,f40bf37b-20d6-5349-82b6-18cbd1f10e83,18,2024-04-28 01:23:51+00
8de2cbce-a700-5baa-8541-1b266ab49763,7c7461fa-0b8d-5bf7-b269-283800be922e,c0f44500-e1d1-59e0-b53b-e0e98b24a7cf,45,2024-04-28 01:23:51+00
0b14b006-6a0c-5607-9324-2addc3d87ff8,8d8c624d-510c-5e2e-8096-33cbb4e5a21b,7698a25a-a051-53c9-ae74-597da202ffca,17,2024-05-24 20:34:52+00
5fef7494-5f33-5bd6-b476-2213495c54b7,8d8c624d-510c-5e2e-8096-33cbb4e5a21b,f3c9e6db-5001-5325-b688-27d1d3fc04c1,30,2024-05-24 20:34:52+00
8403df98-8dca-5834-801c-f816f663ddf6,8d8c624d-510c-5e2e-8096-33cbb4e5a21b,637d71e2-55cf-575a-87f5-1bcee0d0072a,33,2024-05-24 20:34:52+00
8a06de7a-7de8-5daa-9160-f4037ef79bab,ef0d49aa-9557-5fa8-9648-54753c43da8c,22326882-02d4-5cec-806a-1e1016a55411,17,2024-11-05 00:13:58+00
42d51fe7-a98f-55c1-80b9-93121a61b84f,7628ea56-7cd4-5309-ab57-140d9fe264b6,5f832cdc-1407-55fc-8fd5-76ca28247722,37,2024-09-12 15:03:42+00
030e4872-24b3-5a99-b514-d474e31c0ea1,7628ea56-7cd4-5309-ab57-140d9fe264b6,dfaf50bf-7ed8-5e30-b115-e55c44d8e0c1,18,2024-09-12 15:03:42+00
89ab966c-5134-5637-b6b9-287b1189fb16,7628ea56-7cd4-5309-ab57-140d9fe264b6,7698a25a-a051-53c9-ae74-597da202ffca,18,2024-09-12 15:03:42+00
d1a143c5-0a3a-51c5-abeb-6dbe592b8f8a,c15a5615-ccc1-5359-89f8-e83fd09818a3,ae16db22-a7d1-5cd3-8409-669d957eb80d,43,2024-07-17 21:26:40+00
fba531b9-225d-5549-a313-e29cae572dcb,c15a5615-ccc1-5359-89f8-e83fd09818a3,9b88c78b-34e7-51c0-8f51-940e61379648,9,2024-07-17 21:26:40+00
4ceab1cb-8bb8-5544-950e-dc16c858e4a0,c15a5615-ccc1-5359-89f8-e83fd09818a3,c0f44500-e1d1-59e0-b53b-e0e98b24a7cf,59,2024-07-17 21:26:40+00
0e5b3a23-b0d9-5d2f-8819-dd7195d13ca0,c15a5615-ccc1-5359-89f8-e83fd09818a3,6e22d3ea-9fc0-56fa-a367-352e633df40c,59,2024-07-17 21:26:40+00
395610e3-c805-5c75-a7f6-31be887674fe,5ea89052-3b0f-569f-8a9f-1876a3322e41,6e22d3ea-9fc0-56fa-a367-352e633df40c,28,2024-05-20 16:26:02+00
a9779c46-d835-5f0c-acde-39422595c2de,9a4c4206-371d-57f3-8c7f-6a99d99917d3,6a379419-7f07-55f2-a7a1-c92bb24d1f27,112,2024-09-03 12:28:30+00
383bb1cc-ef83-58a6-a76a-b734c0a20fa1,c827063e-298d-5dc3-a8ca-af1f034475fe,49690aee-94fa-525b-b5ce-92feaf54b957,336,2024-11-22 08:32:31+00
43e766f2-0f03-5fa8-9a43-479a52151a68,c827063e-298d-5dc3-a8ca-af1f034475fe,63b368d3-a702-5229-a0eb-00c0e02acf2c,178,2024-11-22 08:32:31+00
7c1fb273-9323-5cf3-9b32-e5469c8c6fa7,5d1cd81c-ffed-5284-a4d6-681e2b8623d5,98f9ed1d-3d10-5a68-a387-66981e9dde59,7,2024-10-15 23:10:27+00
88dd7fdc-f358-56b7-9cf3-349293e9a0ee,5d1cd81c-ffed-5284-a4d6-681e2b8623d5,ef9ef5f5-f4f4-5cf3-8420-397a6fcbf152,31,2024-10-15 23:10:27+00
e39ba621-2f5f-53cd-857c-a0663b23871c,5d1cd81c-ffed-5284-a4d6-681e2b8623d5,dfaf50bf-7ed8-5e30-b115-e55c44d8e0c1,41,2024-10-15 23:10:27+00
e7b71930-48b1-5081-b9a1-3a274b0b3179,5d1cd81c-ffed-5284-a4d6-681e2b8623d5,e3a10959-a74e-5cdd-bd80-3c24836fb062,54,2024-10-15 23:10:27+00
771c3aed-0c3b-5f33-8b8c-478f1ac55c02,7711f8e1-af9e-578c-bb5a-e9500c78173f,df03a7e9-20ca-5987-a644-76566671155b,56,2024-05-24 23:18:14+00
39de6462-1e55-5c5d-a410-43762f1381ee,7711f8e1-af9e-578c-bb5a-e9500c78173f,ebdcc5e9-63c3-5a52-9521-f031c6154feb,60,2024-05-24 23:18:14+00
0712541c-2265-502a-a5e3-7c0ca7de434c,56402a1d-e7d2-5481-866b-3b8aea134e85,49690aee-94fa-525b-b5ce-92feaf54b957,57,2024-10-26 11:03:13+00
ddf8449c-117c-5fbd-a4ad-be75c20154f6,56402a1d-e7d2-5481-866b-3b8aea134e85,7139ebf2-1aff-593d-9366-22949a04fd61,28,2024-10-26 11:03:13+00
caea50c4-7e37-5759-bcde-a2dbfbc78b2c,56402a1d-e7d2-5481-866b-3b8aea134e85,8110e190-2a4b-579b-be2c-511de85ab755,51,2024-10-26 11:03:13+00
71767bda-619f-5c9e-99f3-2eb2d18a605f,3fc22966-49e3-5912-ad05-6a1ea7becbfd,ef9ef5f5-f4f4-5cf3-8420-397a6fcbf152,27,2024-03-15 21:23:40+00
0239f410-c457-53cf-b158-38884c9ab4a8,3fc22966-49e3-5912-ad05-6a1ea7becbfd,87bd34d0-75d8-568d-abd0-77f535fdb719,57,2024-03-15 21:23:40+00
283bf55a-e3e7-5e8a-a805-6251856701ec,3fc22966-49e3-5912-ad05-6a1ea7becbfd,093be7d5-f016-5f2c-b71d-4dce4b0e9514,48,2024-03-15 21:23:40+00
abd7a7de-8831-56f5-bfb6-7765f28866ae,ad00ff76-0184-5d7c-9cbd-25520e97c0a3,df03a7e9-20ca-5987-a644-76566671155b,53,2024-07-03 22:17:17+00
5d861eda-1e24-5247-85be-283bd813b96d,ad00ff76-0184-5d7c-9cbd-25520e97c0a3,48b59f70-e096-547d-97be-0afd9e0ef1f4,7,2024-07-03 22:17:17+00
48ba6087-fe6a-5a02-ad03-777655321dfc,ad00ff76-0184-5d7c-9cbd-25520e97c0a3,87bd34d0-75d8-568d-abd0-77f535fdb719,43,2024-07-03 22:17:17+00
f4628f5f-7e66-5cc6-94e7-fb5b5850b905,ad00ff76-0184-5d7c-9cbd-25520e97c0a3,7139ebf2-1aff-593d-9366-22949a04fd61,59,2024-07-03 22:17:17+00
c5d67a45-3e95-52bf-9cae-7aa6cb1f3181,99c8762c-4518-5abb-bdb6-c52528c562e0,59115f56-acf8-50f7-9dfd-c99816aa2172,5,2024-10-03 14:07:38+00
f867840d-768c-5c0a-b460-fed522428455,ebfb80fe-1f22-5c3a-a4d8-ff9ddb95b0d9,4bb3265f-5fd8-5ee9-b01b-7ca5808bca6b,30,2024-10-08 18:22:51+00
6a5a5a11-8689-5465-94bc-02488c3dc1b8,ebfb80fe-1f22-5c3a-a4d8-ff9ddb95b0d9,f40bf37b-20d6-5349-82b6-18cbd1f10e83,19,2024-10-08 18:22:51+00
838bb511-4380-5c4f-830f-61368fd63ab3,ebfb80fe-1f22-5c3a-a4d8-ff9ddb95b0d9,03daeeea-7468-535a-a03a-78f80e9f433f,49,2024-10-08 18:22:51+00
69c5e13d-5746-50aa-b964-bb1a63468932,48e9271e-dfcc-5100-9780-2aa1572c9219,6852d7e8-9827-5aa7-a439-140e7dac645a,49,2024-10-05 11:00:02+00
a12c6aef-8d37-5daa-9bf4-3d6f9fa3aa25,48e9271e-dfcc-5100-9780-2aa1572c9219,8191a9f6-2263-53f2-a6a6-4c31e81e996e,53,2024-10-05 11:00:02+00
183c2c04-c45a-5a99-a201-ba7b7504b769,bab424ab-c619-5d79-8838-1b1c09d9ced2,e3a10959-a74e-5cdd-bd80-3c24836fb062,21,2024-10-01 08:02:07+00
e1eec63a-d1fd-5656-87dd-e34b7c488483,b3cca1f6-9e74-5a55-ae58-866ffa186470,6a379419-7f07-55f2-a7a1-c92bb24d1f27,32,2024-11-13 08:40:47+00
fc4c85b2-e382-56f4-a0e3-f9520245ab15,b3cca1f6-9e74-5a55-ae58-866ffa186470,cf40a232-f9b9-5adf-afb6-0a981f2ffcf7,45,2024-11-13 08:40:47+00
eb371620-86f3-55cb-ae95-b905a07b405a,0c651d85-84d9-5086-a134-53f2a8f54d5e,73148ed3-fbe9-5571-a16d-34fb5520390e,49,2024-10-11 13:02:07+00
6240aebc-7326-5521-9e7f-0a7b95ad9fe0,32501eee-ae55-5c06-aa45-eb049bde1953,9b88c78b-34e7-51c0-8f51-940e61379648,51,2024-10-02 15:05:55+00
ad876739-4b4c-5536-bce9-cb6ace281de4,a60379da-a868-5006-a04e-f422b8ae3c3b,4ccb08b0-f9e0-5e25-89e3-bea409b0d0cb,24,2024-11-19 17:23:01+00
d860fbc1-7623-5be8-a286-464891c09268,42dc4750-5636-50e7-80de-0e43a02591d9,cf629a09-093e-5b99-8bf4-da2438fa51c4,267,2024-12-26 23:28:01+00
a0a61394-757f-519f-a8fc-fb25f705cbc7,799521e3-ed86-5ceb-96dd-ecf2afc6ddcf,d6e9c7be-33cb-5851-ab77-08e587828108,42,2024-04-02 23:38:34+00
6ac3d7c9-b9f0-52db-bab7-5375c55877fc,93765e49-4252-5449-aa3c-665310838cf7,a32d3b40-78a1-5f18-8b90-4dd8cd4ea27b,26,2024-09-21 23:30:50+00
4fddf20b-0311-5471-889e-d0492fe5975e,93765e49-4252-5449-aa3c-665310838cf7,12d2e257-18af-5ea5-9b8e-109e869b4b9e,58,2024-09-21 23:30:50+00
f9e3f364-a7e4-521e-a0ee-fae4e55215e4,93765e49-4252-5449-aa3c-665310838cf7,cf40a232-f9b9-5adf-afb6-0a981f2ffcf7,36,2024-09-21 23:30:50+00
a3e1d1ab-06f4-5996-b17c-bf99a89604f8,809d9d33-d0ef-5f0a-8f0f-53e88323479f,d02cf696-fbfe-56b7-8ff3-89608483ee25,50,2024-09-10 10:15:15+00
b7a89251-56b3-5b48-9666-95310c3c9b78,809d9d33-d0ef-5f0a-8f0f-53e88323479f,a4acb526-e0ea-590e-9293-ff9e90059c15,11,2024-09-10 10:15:15+00
a0be173c-7bce-5151-aa4d-1c8e76d1ac08,809d9d33-d0ef-5f0a-8f0f-53e88323479f,3f7c929e-b070-5624-afcb-413255a3e8b7,52,2024-09-10 10:15:15+00
9c893a21-63de-5030-a621-50943ad2d633,809d9d33-d0ef-5f0a-8f0f-53e88323479f,eb65b5fa-c2cb-589b-9049-2b6c7bf4d22d,41,2024-09-10 10:15:15+00
aa13fecd-75bc-5a3b-8a68-9ce42371b24b,647f1c70-ec58-5dc8-820e-abd84449c427,5e41eef3-c306-5dd1-ab8c-d305ebc7c2d5,11,2024-09-11 21:29:21+00
36698fd2-6250-55de-9969-b9920afa351d,647f1c70-ec58-5dc8-820e-abd84449c427,b8b98483-157a-5ddb-81bf-f65f95613caa,22,2024-09-11 21:29:21+00
4653f616-9120-58b5-8c8b-819b11648258,647f1c70-ec58-5dc8-820e-abd84449c427,73148ed3-fbe9-5571-a16d-34fb5520390e,9,2024-09-11 21:29:21+00
bf9230d2-7d3e-5b2a-8645-05c716383c51,3f5b8bde-2a61-528e-a4b6-3cbb9fdf9ae4,98f9ed1d-3d10-5a68-a387-66981e9dde59,15,2024-05-14 21:34:37+00
db36d132-d119-51ec-991d-98e73a30979b,b95c5a35-07ec-50ae-acdc-93936636b6bf,8243c793-3801-5a72-86e5-9ab29d8d498d,42,2024-04-05 19:37:16+00
581684fd-dcee-51e0-918f-05acee574256,14431419-9904-51fd-9205-5e06b4902b0e,dfaf50bf-7ed8-5e30-b115-e55c44d8e0c1,28,2024-10-13 16:10:03+00
b6e3b966-9fd5-561b-badd-c97a3fd0b5a1,14431419-9904-51fd-9205-5e06b4902b0e,dfaf50bf-7ed8-5e30-b115-e55c44d8e0c1,12,2024-10-13 16:10:03+00
929510ac-5fdf-5802-af80-54a9502897b0,14431419-9904-51fd-9205-5e06b4902b0e,63b368d3-a702-5229-a0eb-00c0e02acf2c,42,2024-10-13 16:10:03+00
0a612729-8cfc-56a9-aae6-aa9aacc53db6,14431419-9904-51fd-9205-5e06b4902b0e,6a379419-7f07-55f2-a7a1-c92bb24d1f27,56,2024-10-13 16:10:03+00
ca220ccd-8391-5747-b0b9-876c6603d287,654d35c2-f4b8-5867-8df5-b85334ffef45,4bb3265f-5fd8-5ee9-b01b-7ca5808bca6b,45,2024-10-22 15:32:39+00
7154c5df-c18a-53f4-bce6-0eaf4aa41287,654d35c2-f4b8-5867-8df5-b85334ffef45,6852d7e8-9827-5aa7-a439-140e7dac645a,14,2024-10-22 15:32:39+00
c1208805-178a-5cb5-a9ac-b6fab8d1cd1b,654d35c2-f4b8-5867-8df5-b85334ffef45,5bfb3415-c6ae-5fa3-a84b-8a98a543ab9a,14,2024-10-22 15:32:39+00
a850e682-796d-5200-a6ca-639f05cacc4c,654d35c2-f4b8-5867-8df5-b85334ffef45,e3a10959-a74e-5cdd-bd80-3c24836fb062,35,2024-10-22 15:32:39+00
82e4a872-7961-5a4b-8f5c-a6b4dabb6610,7ad1eeda-7f70-5c0c-9a5f-269ff2ab95af,f3d43083-cf37-52fb-bc02-bff47203b7c9,57,2024-02-08 01:42:47+00
c4e7a797-b0d4-5cc6-8993-107ee5414ae4,7ad1eeda-7f70-5c0c-9a5f-269ff2ab95af,0f7722fa-332a-5a19-922d-1d9cab8dda65,53,2024-02-08 01:42:47+00
3ce47a6e-4f18-55c2-9819-ecb15d5c4f2c,7ad1eeda-7f70-5c0c-9a5f-269ff2ab95af,4ccb08b0-f9e0-5e25-89e3-bea409b0d0cb,54,2024-02-08 01:42:47+00
5d4c4364-db05-56d0-8b3e-65e527a957a7,c0bdafaa-e6a3-526e-a687-e40de4963ab8,474da520-6891-5d9b-ad56-dbc5e963bb3f,55,2024-04-08 21:41:23+00
40930734-b0ed-51a4-8330-56702192dc97,c0bdafaa-e6a3-526e-a687-e40de4963ab8,03daeeea-7468-535a-a03a-78f80e9f433f,46,2024-04-08 21:41:23+00
cb1e28fb-a63b-5138-9a8d-ffb82e5da513,c0bdafaa-e6a3-526e-a687-e40de4963ab8,7139ebf2-1aff-593d-9366-22949a04fd61,20,2024-04-08 21:41:23+00
bf14a81b-4b6c-5e2b-b481-592a46618dcd,c0bdafaa-e6a3-526e-a687-e40de4963ab8,637d71e2-55cf-575a-87f5-1bcee0d0072a,36,2024-04-08 21:41:23+00
b86cfc9c-a150-56dd-a50b-bf57d2eab083,cc92f77f-9e59-5ff0-a276-588d144704e4,8110e190-2a4b-579b-be2c-511de85ab755,22,2024-08-10 01:04:31+00
709e8eac-bf03-5c3f-b487-ea2ddb778732,f27d93d8-ce05-5d15-bd95-76cc25a0b578,5bfb3415-c6ae-5fa3-a84b-8a98a543ab9a,36,2024-08-25 21:36:32+00
b466623e-dd36-550f-a4bd-9ae0da039dec,f27d93d8-ce05-5d15-bd95-76cc25a0b578,a68ed02d-80a0-5ebb-a79e-1ef7c4187de5,49,2024-08-25 21:36:32+00
fd4b3537-a124-55cf-84ce-d42103e1fd3e,f27d93d8-ce05-5d15-bd95-76cc25a0b578,eb65b5fa-c2cb-589b-9049-2b6c7bf4d22d,43,2024-08-25 21:36:32+00
7b2618b3-2466-57a1-ba5d-77db2ee10ce0,f27d93d8-ce05-5d15-bd95-76cc25a0b578,59115f56-acf8-50f7-9dfd-c99816aa2172,13,2024-08-25 21:36:32+00
c7a1de3a-e4c4-5910-b3de-50aa57faa81a,f2690aa6-ae4e-5f56-8939-9c96c162852b,637d71e2-55cf-575a-87f5-1bcee0d0072a,43,2024-03-17 17:43:06+00
31968e7a-be99-5a0e-8430-49f8e30a4a18,f2690aa6-ae4e-5f56-8939-9c96c162852b,76ce6f91-8d47-5bfd-a8a9-b086d8728beb,25,2024-03-17 17:43:06+00
098d2a24-6612-5a4d-a1eb-b33024b1ae25,f2690aa6-ae4e-5f56-8939-9c96c162852b,950c0334-92d4-54ec-b05b-35e20983883c,17,2024-03-17 17:43:06+00
cd9f7f4b-062a-5c78-80ab-215fe8109966,45a30b98-4be9-5247-b6c7-1b892db138bf,474da520-6891-5d9b-ad56-dbc5e963bb3f,55,2024-03-22 14:19:00+00
adcb7667-842f-56e6-93f5-c612ba93adea,45a30b98-4be9-5247-b6c7-1b892db138bf,43239255-9abf-522a-a0ca-d242c13539cf,17,2024-03-22 14:19:00+00
a4c7b468-0fa4-5317-9da3-6ee06087597a,62399547-f04f-5667-8910-d6cf3265fe0e,43239255-9abf-522a-a0ca-d242c13539cf,45,2024-07-05 00:13:57+00
f16dfb1d-287c-5f8a-8309-e25a7c132c8a,197954a3-fdc6-5d61-b7bf-b3783fc790e7,63b368d3-a702-5229-a0eb-00c0e02acf2c,41,2024-11-02 21:44:12+00
f35b7985-8f73-561b-8311-b919a4502850,197954a3-fdc6-5d61-b7bf-b3783fc790e7,721d117c-620d-5f92-b800-3e89864cc8d3,14,2024-11-02 21:44:12+00
5b59578b-e404-572a-b32c-476f1c268dff,197954a3-fdc6-5d61-b7bf-b3783fc790e7,6852d7e8-9827-5aa7-a439-140e7dac645a,21,2024-11-02 21:44:12+00
79f6b24c-f20a-5ae3-8bc1-6e72b95736cc,197954a3-fdc6-5d61-b7bf-b3783fc790e7,ab9d2edf-ae6c-55be-beec-404b29edda19,57,2024-11-02 21:44:12+00
058da1e2-de04-58e0-829c-d6b75680c833,702f23a3-58da-57af-bfd8-e345fca2a685,5bfb3415-c6ae-5fa3-a84b-8a98a543ab9a,41,2024-07-20 16:17:23+00
6b2cd035-77dc-573d-9dbc-af7d6595e5f9,702f23a3-58da-57af-bfd8-e345fca2a685,63b368d3-a702-5229-a0eb-00c0e02acf2c,8,2024-07-20 16:17:23+00
31bfd8f5-2cd4-5ecd-affd-cabfebf8a679,702f23a3-58da-57af-bfd8-e345fca2a685,047edcf5-114c-5342-b495-232fc4aaf6fe,43,2024-07-20 16:17:23+00
9b75d332-8e7e-5954-b24b-e9fe854e4621,50dd30bb-70c4-5580-9a38-ac025b7fb841,e3a10959-a74e-5cdd-bd80-3c24836fb062,22,2024-08-11 22:09:32+00
96951ef3-c4ad-54e3-b1d0-262ad8707946,e72f6c52-87ad-5c8b-8396-16c0b9ed31c4,950c0334-92d4-54ec-b05b-35e20983883c,8,2024-10-01 20:06:32+00
12ba2ca3-7797-56ff-9234-b6def3c6f973,c69dc29c-594b-56cb-be02-56e7562ce1fc,4bb3265f-5fd8-5ee9-b01b-7ca5808bca6b,27,2024-09-14 11:15:44+00
55b95da4-7e01-5de3-a61f-40e382c4afd9,c69dc29c-594b-56cb-be02-56e7562ce1fc,12d2e257-18af-5ea5-9b8e-109e869b4b9e,6,2024-09-14 11:15:44+00
6684a21f-2f66-5848-aba5-757d744b3c1b,c69dc29c-594b-56cb-be02-56e7562ce1fc,76ce6f91-8d47-5bfd-a8a9-b086d8728beb,53,2024-09-14 11:15:44+00
39ad697b-42a0-520d-aa44-909374c8c77e,9dd371d7-5ccb-591b-9ab6-5f44f02aa4c5,047edcf5-114c-5342-b495-232fc4aaf6fe,12,2024-07-15 19:01:11+00
d0ba861e-7ee8-5222-a139-dad17240b128,9dd371d7-5ccb-591b-9ab6-5f44f02aa4c5,03daeeea-7468-535a-a03a-78f80e9f433f,19,2024-07-15 19:01:11+00
a610e6e8-692d-5b17-8602-e0604897a163,9dd371d7-5ccb-591b-9ab6-5f44f02aa4c5,474da520-6891-5d9b-ad56-dbc5e963bb3f,15,2024-07-15 19:01:11+00
836eadb6-c2dd-5e05-a8ac-c2e856fd55d1,e938873f-5f46-5c0a-a4da-d8980faf10ba,df03a7e9-20ca-5987-a644-76566671155b,18,2024-04-22 20:16:18+00
c37e72f4-c6ff-5dca-9600-5d9ad04dafed,e938873f-5f46-5c0a-a4da-d8980faf10ba,5b72fcba-23c2-5ea7-9dc2-b32eca367733,31,2024-04-22 20:16:18+00
4b8a8555-2742-5973-9e5b-ed02fec92b39,e938873f-5f46-5c0a-a4da-d8980faf10ba,bcd21179-c89f-5095-808a-e72f06c0841d,14,2024-04-22 20:16:18+00
27d42e70-72e7-54c5-865f-8bb6e90fff52,e938873f-5f46-5c0a-a4da-d8980faf10ba,85ee2954-52d3-5ec2-8fea-0575175559ac,59,2024-04-22 20:16:18+00
e37aac2c-28e5-5763-bd08-ba8806255392,85f2c325-cb19-5150-a154-4faa9251e22c,6feb3ffe-e89f-55ab-81d5-d9b136a73c27,26,2024-07-13 16:18:32+00
11ab222f-4b89-56f7-a767-ddb206464b7c,85f2c325-cb19-5150-a154-4faa9251e22c,093be7d5-f016-5f2c-b71d-4dce4b0e9514,37,2024-07-13 16:18:32+00
4a28dbb5-d763-5bf0-850c-a42c2a489441,85f2c325-cb19-5150-a154-4faa9251e22c,bcd21179-c89f-5095-808a-e72f06c0841d,43,2024-07-13 16:18:32+00
2148e9c2-9ef6-5f0a-a5bb-652c26c06d15,85f2c325-cb19-5150-a154-4faa9251e22c,87bd34d0-75d8-568d-abd0-77f535fdb719,50,2024-07-13 16:18:32+00
4302b55c-c246-5cfc-bdf4-6eff3bea63f8,72ef29bb-e185-5693-a5df-ebf971e24159,a32a21a2-1fde-52e6-a745-494a810ef82b,20,2024-12-23 22:27:34+00
c5c4feda-cc20-561f-99ca-019a9ebd1fe6,72ef29bb-e185-5693-a5df-ebf971e24159,d02cf696-fbfe-56b7-8ff3-89608483ee25,29,2024-12-23 22:27:34+00
a8333487-5a4c-5eb5-a463-1bceede5d713,72ef29bb-e185-5693-a5df-ebf971e24159,70b50d29-9125-53dc-a829-c961b011e429,6,2024-12-23 22:27:34+00
fdb92e09-b161-50ad-8db1-39f9ed080552,72ef29bb-e185-5693-a5df-ebf971e24159,950c0334-92d4-54ec-b05b-35e20983883c,20,2024-12-23 22:27:34+00
65ddf2c8-4931-5ab8-828f-e30de8f861e1,3d323ffa-991f-5555-8172-ca87d4ff182d,df03a7e9-20ca-5987-a644-76566671155b,32,2024-09-13 17:23:33+00
38cbc179-1396-556f-86e4-788a4c2a35f4,3d323ffa-991f-5555-8172-ca87d4ff182d,d6e9c7be-33cb-5851-ab77-08e587828108,27,2024-09-13 17:23:33+00
70847375-fb2f-5a82-b4cd-ea266844abe9,3d323ffa-991f-5555-8172-ca87d4ff182d,1b8e1d0e-392d-5e23-854a-832f0d6ac35d,21,2024-09-13 17:23:33+00
02b10e15-58fc-5cb8-bef4-9452eca31935,3d323ffa-991f-5555-8172-ca87d4ff182d,48b59f70-e096-547d-97be-0afd9e0ef1f4,19,2024-09-13 17:23:33+00
640cb611-74b5-523e-b26d-e1ff1940ee67,10537d64-44c3-5687-995e-d1c48d9c9f5b,d02cf696-fbfe-56b7-8ff3-89608483ee25,10,2024-11-27 00:13:21+00
75b790ff-7b16-54ef-a5d8-e485aff6fa5d,0f253c3a-b78a-58ee-ae46-fb0b9f2d80d1,df03a7e9-20ca-5987-a644-76566671155b,14,2024-03-22 17:37:44+00
dd860867-99f2-524e-8f29-93cb332e9bce,0f253c3a-b78a-58ee-ae46-fb0b9f2d80d1,515f77ef-9c32-5e75-81c3-2b3795c000f2,22,2024-03-22 17:37:44+00
0ed99235-f6ac-5597-be45-dafae208dc9d,0f253c3a-b78a-58ee-ae46-fb0b9f2d80d1,8243c793-3801-5a72-86e5-9ab29d8d498d,19,2024-03-22 17:37:44+00
48534993-c470-59c4-9d86-464bc141ee4b,fbe7646b-c5ef-55eb-8d24-9aa16ab02ec8,637d71e2-55cf-575a-87f5-1bcee0d0072a,40,2024-03-27 00:06:17+00
8769f2eb-1bb6-5b90-9c43-b9954880d546,fbe7646b-c5ef-55eb-8d24-9aa16ab02ec8,73148ed3-fbe9-5571-a16d-34fb5520390e,15,2024-03-27 00:06:17+00
859e26ed-f7d7-53f6-8a5b-7b4835101983,0acc85d6-6e42-5ec5-8ca8-3bdd154b7a4e,c7c80e8e-2456-5c4b-97cb-5d6b8aea9e11,14,2024-09-25 09:18:22+00
da52bcc9-4d71-58b8-8132-e20985ae816b,0acc85d6-6e42-5ec5-8ca8-3bdd154b7a4e,8243c793-3801-5a72-86e5-9ab29d8d498d,20,2024-09-25 09:18:22+00
f8369aeb-80ec-57b0-aaf4-73c996c17f4f,0acc85d6-6e42-5ec5-8ca8-3bdd154b7a4e,4ccb08b0-f9e0-5e25-89e3-bea409b0d0cb,59,2024-09-25 09:18:22+00
a56afcd1-ed36-5340-aa6c-f89557c2b530,401a650c-d9be-5320-a997-fad1942edac1,3f7c929e-b070-5624-afcb-413255a3e8b7,20,2024-03-17 08:26:53+00
f0daf17c-b8a0-5f5d-b056-a2bdfd0bfc0f,401a650c-d9be-5320-a997-fad1942edac1,8110e190-2a4b-579b-be2c-511de85ab755,41,2024-03-17 08:26:53+00
25ce557f-47a5-5806-a309-7270b622c41a,e57a8f4c-982d-5ccd-b8ae-693e28efcd0b,e3a10959-a74e-5cdd-bd80-3c24836fb062,29,2024-08-24 19:07:30+00
5f69835a-79d7-5fdd-b2e5-5fac111d56a6,209f97db-6e1a-5770-84a8-44de07157bb5,6feb3ffe-e89f-55ab-81d5-d9b136a73c27,34,2024-05-27 23:33:26+00
09d45f8d-0f4b-56d2-82fd-448871801ba4,209f97db-6e1a-5770-84a8-44de07157bb5,c388846e-4e3c-5d57-b61f-ed13c7edc4da,27,2024-05-27 23:33:26+00
4788d9e6-1a78-5752-8e24-911a6cd2f503,209f97db-6e1a-5770-84a8-44de07157bb5,59115f56-acf8-50f7-9dfd-c99816aa2172,50,2024-05-27 23:33:26+00
586f6ecb-44eb-5248-877b-5099c8578673,209f97db-6e1a-5770-84a8-44de07157bb5,263e995b-8be3-5198-adb6-aa81c41bf770,53,2024-05-27 23:33:26+00
c5f5ac36-ce79-5f62-ba4d-67346c2ff377,e5121086-f0b9-52dc-a620-4b01d1da97f0,a32d3b40-78a1-5f18-8b90-4dd8cd4ea27b,28,2024-07-27 18:34:06+00
60735397-2f01-5805-87fa-373855a25024,f7ba502d-1c7f-597b-a2fb-a7260c1431f8,5f832cdc-1407-55fc-8fd5-76ca28247722,32,2024-10-13 12:25:30+00
2172ea11-e1a3-5339-920e-8a2d6475736c,d2574cfa-78bc-533a-b8d7-4a2d372dac67,d6e9c7be-33cb-5851-ab77-08e587828108,36,2024-11-05 12:27:03+00
a267e5c3-6f18-5659-b18b-681c66dc5e9d,d2574cfa-78bc-533a-b8d7-4a2d372dac67,ef9ef5f5-f4f4-5cf3-8420-397a6fcbf152,28,2024-11-05 12:27:03+00
471301fd-7ea8-52ff-9698-ca926c918bea,d2574cfa-78bc-533a-b8d7-4a2d372dac67,ef9ef5f5-f4f4-5cf3-8420-397a6fcbf152,13,2024-11-05 12:27:03+00
b2903991-9399-56ef-be25-3f66a7a083f5,d2574cfa-78bc-533a-b8d7-4a2d372dac67,6e22d3ea-9fc0-56fa-a367-352e633df40c,20,2024-11-05 12:27:03+00
24195d62-4af9-5bb3-b374-9323e043645d,e216e7b1-7d6d-51b4-8367-40e8807a5327,6852d7e8-9827-5aa7-a439-140e7dac645a,43,2024-11-23 17:03:37+00
9def6609-5c0d-5d4c-a875-24c1ad3259ec,e216e7b1-7d6d-51b4-8367-40e8807a5327,5bfb3415-c6ae-5fa3-a84b-8a98a543ab9a,40,2024-11-23 17:03:37+00
ea365d1d-bcd2-5972-8fc1-3935d0e9a8b4,e216e7b1-7d6d-51b4-8367-40e8807a5327,cf40a232-f9b9-5adf-afb6-0a981f2ffcf7,9,2024-11-23 17:03:37+00
be2f00ed-5940-51ec-9293-2ffef393b4ff,e216e7b1-7d6d-51b4-8367-40e8807a5327,5e2cc5fc-7d5b-5bba-ad99-4412ab325860,24,2024-11-23 17:03:37+00
145dccbf-2617-520c-80cb-d7208ec2d173,c9c896f8-fa64-54df-acbf-39d03287573b,98f9ed1d-3d10-5a68-a387-66981e9dde59,269,2024-10-24 16:18:24+00
fd54c079-8888-5a7f-8be6-10077d731b90,c9c896f8-fa64-54df-acbf-39d03287573b,474da520-6891-5d9b-ad56-dbc5e963bb3f,275,2024-10-24 16:18:24+00
ab72f2ef-63de-55e3-9d87-96e219d6373f,c9c896f8-fa64-54df-acbf-39d03287573b,4ccb08b0-f9e0-5e25-89e3-bea409b0d0cb,185,2024-10-24 16:18:24+00
da5c21fc-4cfc-57d9-844d-c930ae7e408d,209e8281-99c6-57f8-ad93-67c924cf4ace,4bb3265f-5fd8-5ee9-b01b-7ca5808bca6b,51,2024-09-22 01:29:55+00
16b4f377-0541-5012-ad64-707c32eb7fca,1fc90f99-4616-5cd7-b4d9-eae9eb7b7d64,63b368d3-a702-5229-a0eb-00c0e02acf2c,14,2024-09-16 17:10:28+00
17c5a3b6-d874-5eb2-a474-498f9e6e3a2c,1fc90f99-4616-5cd7-b4d9-eae9eb7b7d64,ce143825-d54b-50ec-92fe-c61fdb5ae610,10,2024-09-16 17:10:28+00
5fd187bf-1c95-52ff-8657-ed890ff74200,1fc90f99-4616-5cd7-b4d9-eae9eb7b7d64,a32a21a2-1fde-52e6-a745-494a810ef82b,30,2024-09-16 17:10:28+00
d8497dd4-d9fe-5f3f-946c-38df26e780a4,1fc90f99-4616-5cd7-b4d9-eae9eb7b7d64,ebdcc5e9-63c3-5a52-9521-f031c6154feb,24,2024-09-16 17:10:28+00
94925391-3e33-510e-923b-c97068c11337,745299c5-abbb-5c6e-a94b-eea2914ce109,4bb3265f-5fd8-5ee9-b01b-7ca5808bca6b,41,2024-03-09 19:13:13+00
bad836da-5650-5673-af6c-a18b9ffa7269,745299c5-abbb-5c6e-a94b-eea2914ce109,22326882-02d4-5cec-806a-1e1016a55411,5,2024-03-09 19:13:13+00
09c229ce-1fd7-573c-934e-53f5a13c5162,745299c5-abbb-5c6e-a94b-eea2914ce109,7139ebf2-1aff-593d-9366-22949a04fd61,59,2024-03-09 19:13:13+00
476083a0-c861-5181-bece-eaf87c41eade,745299c5-abbb-5c6e-a94b-eea2914ce109,cf40a232-f9b9-5adf-afb6-0a981f2ffcf7,55,2024-03-09 19:13:13+00
39ce1c58-3f31-5797-a26d-e9f4168f3029,66c1162b-ff49-5c18-a1db-e0a541773665,f3c9e6db-5001-5325-b688-27d1d3fc04c1,41,2024-10-04 09:31:22+00
878d81fe-1ea7-5908-999b-f9f40c5b8395,66c1162b-ff49-5c18-a1db-e0a541773665,7698a25a-a051-53c9-ae74-597da202ffca,45,2024-10-04 09:31:22+00
6b1dcc51-ff84-535f-8006-96fd89d22d84,66c1162b-ff49-5c18-a1db-e0a541773665,6feb3ffe-e89f-55ab-81d5-d9b136a73c27,14,2024-10-04 09:31:22+00
25431496-1e79-596d-af43-e18de3468e96,66c1162b-ff49-5c18-a1db-e0a541773665,a68ed02d-80a0-5ebb-a79e-1ef7c4187de5,38,2024-10-04 09:31:22+00
1082a1fd-c662-5980-8354-c59daf25728e,2302f13f-2606-5123-85cd-574e364d28be,093be7d5-f016-5f2c-b71d-4dce4b0e9514,51,2024-10-31 19:01:31+00
d44629a4-876d-5353-bd6f-5cf61d9a475c,2302f13f-2606-5123-85cd-574e364d28be,6e22d3ea-9fc0-56fa-a367-352e633df40c,42,2024-10-31 19:01:31+00
c03c50e7-322f-5847-b921-1a90cd2546dc,2302f13f-2606-5123-85cd-574e364d28be,d6e9c7be-33cb-5851-ab77-08e587828108,11,2024-10-31 19:01:31+00
3c39c346-d2b5-57af-a3b1-daf791996d3d,c706e399-ed2c-50e7-9b69-c7259fdf7852,5e41eef3-c306-5dd1-ab8c-d305ebc7c2d5,37,2024-10-11 19:14:56+00
4b2e2105-54e9-5f7b-864f-76979990dfb5,5689d695-8118-5fba-b1f6-e7654289d822,e3a10959-a74e-5cdd-bd80-3c24836fb062,54,2024-07-23 22:20:25+00
b141a337-a18d-57c6-bd27-ae3261abccaf,5689d695-8118-5fba-b1f6-e7654289d822,0f7722fa-332a-5a19-922d-1d9cab8dda65,32,2024-07-23 22:20:25+00
0dd92c04-5504-59d8-babf-9c4b4a448171,5689d695-8118-5fba-b1f6-e7654289d822,515f77ef-9c32-5e75-81c3-2b3795c000f2,14,2024-07-23 22:20:25+00
51f6039d-299e-52da-9e07-044591de3c6d,5689d695-8118-5fba-b1f6-e7654289d822,98f9ed1d-3d10-5a68-a387-66981e9dde59,26,2024-07-23 22:20:25+00
75f846bb-9753-5276-9572-e90fb9b3600e,2e997509-ecd5-5b60-a38d-02ae58c3f845,8191a9f6-2263-53f2-a6a6-4c31e81e996e,23,2024-03-01 20:33:34+00
d3416d4a-0713-5cbe-a9dd-7890d74f36bf,2e997509-ecd5-5b60-a38d-02ae58c3f845,48b59f70-e096-547d-97be-0afd9e0ef1f4,26,2024-03-01 20:33:34+00
4cfdf213-95fe-5cde-a089-c94aa9d363c0,2e997509-ecd5-5b60-a38d-02ae58c3f845,4ccb08b0-f9e0-5e25-89e3-bea409b0d0cb,42,2024-03-01 20:33:34+00
12c6a30b-50d1-57cc-a96b-239ab550e367,2e997509-ecd5-5b60-a38d-02ae58c3f845,5b72fcba-23c2-5ea7-9dc2-b32eca367733,11,2024-03-01 20:33:34+00
a3822c39-5611-55d3-8942-7407683e5b2a,03bcf78a-eb44-5421-83c7-6599d1d11988,6e22d3ea-9fc0-56fa-a367-352e633df40c,5,2024-01-05 18:33:37+00
eff2add9-742b-56a2-ac56-b981359feaa4,03bcf78a-eb44-5421-83c7-6599d1d11988,b8b98483-157a-5ddb-81bf-f65f95613caa,13,2024-01-05 18:33:37+00
dad04ab5-8658-57ef-82f2-7afc038496b6,8af152a1-45ea-56ec-9b2b-8c4d5f5f3122,ebdcc5e9-63c3-5a52-9521-f031c6154feb,44,2024-09-02 10:21:08+00
97d1fa39-e7c8-50bd-ae97-e86713cd3aef,b306b436-240b-5a86-8d9e-f4fc6ca766b4,474da520-6891-5d9b-ad56-dbc5e963bb3f,23,2024-10-04 12:40:30+00
49806933-1c72-5dff-92ef-3cab99e8c4f3,658de619-74b7-5535-b678-dd845b7ea9aa,b8b98483-157a-5ddb-81bf-f65f95613caa,30,2024-10-21 16:06:33+00
57a10ca0-6019-5aed-8be8-ef12075e7bd1,658de619-74b7-5535-b678-dd845b7ea9aa,7139ebf2-1aff-593d-9366-22949a04fd61,49,2024-10-21 16:06:33+00
29ba58a0-e955-5fc8-ad0d-f63fed48443d,658de619-74b7-5535-b678-dd845b7ea9aa,df03a7e9-20ca-5987-a644-76566671155b,27,2024-10-21 16:06:33+00
0b294567-163d-5fa0-bc03-9576c7bdd5cb,fcd4a6ec-38a0-5c55-b79a-6c9e8caf2212,12d2e257-18af-5ea5-9b8e-109e869b4b9e,50,2024-10-14 11:21:06+00
e5261c99-e1c1-5a8a-9bba-83541c25dd94,fcd4a6ec-38a0-5c55-b79a-6c9e8caf2212,5b72fcba-23c2-5ea7-9dc2-b32eca367733,8,2024-10-14 11:21:06+00
43aa416f-3b39-56c5-aff9-4d348d414e69,fcd4a6ec-38a0-5c55-b79a-6c9e8caf2212,3ba63656-6a91-5254-8fd9-1b6d20dced02,14,2024-10-14 11:21:06+00
c86561fa-e205-5211-8804-9128ab67f23e,fcd4a6ec-38a0-5c55-b79a-6c9e8caf2212,df03a7e9-20ca-5987-a644-76566671155b,13,2024-10-14 11:21:06+00
3a1665c9-2027-588c-8238-153654996b98,08f5b2c3-6888-5786-895c-16edc40fd6d8,4bb3265f-5fd8-5ee9-b01b-7ca5808bca6b,51,2024-11-11 17:16:19+00
8cd1ba6c-571b-5eef-867b-45bda813913f,30683e1d-71d7-5fbd-83c6-3540e3f8cee8,85ee2954-52d3-5ec2-8fea-0575175559ac,16,2024-09-06 14:13:04+00
652f8c2c-aeda-5eba-ae22-5cdac21daa68,30683e1d-71d7-5fbd-83c6-3540e3f8cee8,ef9ef5f5-f4f4-5cf3-8420-397a6fcbf152,47,2024-09-06 14:13:04+00
9a3ff0fe-92d0-50f0-b873-91f3ccbf7522,30683e1d-71d7-5fbd-83c6-3540e3f8cee8,4ccb08b0-f9e0-5e25-89e3-bea409b0d0cb,33,2024-09-06 14:13:04+00
aa3241a1-51da-5434-a33c-2eb0bfc740b2,bd7b99d7-fab2-5e67-a263-ef09034f7225,047edcf5-114c-5342-b495-232fc4aaf6fe,26,2024-03-23 10:00:30+00
dd7ff278-c842-5e1d-afc1-6c3447b437e9,44e286c7-a79b-5776-af39-f5a4ac48a55d,72067051-48fc-5737-a00c-93c490bd0b34,7,2024-03-12 19:33:48+00
9c90c7ac-c2a8-5fbb-929f-ba7fbb42f862,44e286c7-a79b-5776-af39-f5a4ac48a55d,1b8e1d0e-392d-5e23-854a-832f0d6ac35d,50,2024-03-12 19:33:48+00
fdbfd576-d063-5295-87e6-960f98f05dd1,7604adb2-eb6a-5fd5-b064-b93f0af07563,5f832cdc-1407-55fc-8fd5-76ca28247722,14,2024-11-10 21:07:08+00
ee2467b9-4c39-535f-9dcb-5f66b3456492,7604adb2-eb6a-5fd5-b064-b93f0af07563,cf629a09-093e-5b99-8bf4-da2438fa51c4,22,2024-11-10 21:07:08+00
39965bb5-1f54-5fdd-978c-4814c7e7b122,03428310-597f-55e4-860c-6ad8f2964238,49690aee-94fa-525b-b5ce-92feaf54b957,51,2024-09-28 01:41:47+00
6432ac20-ccb2-54c2-ade2-593f907bb478,a803d1ca-9c75-5105-b410-db811209d675,70b50d29-9125-53dc-a829-c961b011e429,58,2024-10-02 12:22:42+00
157501e5-f908-55ba-87ad-4e26002b945e,93c6b63b-978b-5424-9321-2819e7908863,b8b98483-157a-5ddb-81bf-f65f95613caa,57,2024-08-26 01:21:30+00
30bddcc9-3ebf-5a72-85e1-e888ca7e3c5b,93c6b63b-978b-5424-9321-2819e7908863,605027f9-8c6a-5d9a-80f7-9d3d42930f12,21,2024-08-26 01:21:30+00
af44d52b-e02d-5ab0-aee5-7d80744762dd,93c6b63b-978b-5424-9321-2819e7908863,c0f44500-e1d1-59e0-b53b-e0e98b24a7cf,38,2024-08-26 01:21:30+00
9df510ef-ff7f-59d6-a65b-86f0a116f5ab,42e046dc-9b7f-5e3a-b2ea-caf986dbd0b7,e7c66ad7-b5d3-5271-9438-d4741c6f9cbc,319,2024-04-23 23:00:09+00
ebdf4196-a07a-540a-95aa-921866b06d83,42e046dc-9b7f-5e3a-b2ea-caf986dbd0b7,5abd18e8-de32-5af1-b593-d3190e9164a5,296,2024-04-23 23:00:09+00
999cd452-debf-59a2-bd08-b8e27d8b41cf,42e046dc-9b7f-5e3a-b2ea-caf986dbd0b7,dbfbb0d5-1eb8-59dd-bad5-834d7a45a348,347,2024-04-23 23:00:09+00
b0117a13-492f-51b1-8591-33e5efdca6bc,76450618-5c83-54eb-8414-71e925d07d9e,ae16db22-a7d1-5cd3-8409-669d957eb80d,51,2024-09-12 01:37:42+00
ec69db1f-f324-506f-89de-d15a273515b3,76450618-5c83-54eb-8414-71e925d07d9e,5e41eef3-c306-5dd1-ab8c-d305ebc7c2d5,46,2024-09-12 01:37:42+00
d3225e75-0b93-5071-ac84-84279f0e5d19,76450618-5c83-54eb-8414-71e925d07d9e,73148ed3-fbe9-5571-a16d-34fb5520390e,10,2024-09-12 01:37:42+00
ba1f2a6a-bde3-57d3-b2b3-a5b05e8d5427,76450618-5c83-54eb-8414-71e925d07d9e,9b88c78b-34e7-51c0-8f51-940e61379648,35,2024-09-12 01:37:42+00
f3fd080c-c6fc-5026-a10f-6eb400db139e,65ca0319-50c9-5c3d-aa84-000bf7204f0f,22326882-02d4-5cec-806a-1e1016a55411,51,2024-03-07 20:19:57+00
9911e4fa-809c-5f76-9079-7c8c85d661b8,65ca0319-50c9-5c3d-aa84-000bf7204f0f,d6481438-ce10-5e85-8b0a-fbc48dcd19e7,53,2024-03-07 20:19:57+00
3df4746a-50e2-5b2a-b984-1f70c9989816,65ca0319-50c9-5c3d-aa84-000bf7204f0f,dbfbb0d5-1eb8-59dd-bad5-834d7a45a348,39,2024-03-07 20:19:57+00
f77f3312-d59c-5c21-b1da-dcfc0da2d1d6,65ca0319-50c9-5c3d-aa84-000bf7204f0f,e3a10959-a74e-5cdd-bd80-3c24836fb062,9,2024-03-07 20:19:57+00
632887cb-aab2-54e8-a8d3-3423b02a61a4,8f2d1a4e-aff2-5ac9-916f-7f6dddc62ad5,cf629a09-093e-5b99-8bf4-da2438fa51c4,54,2024-09-25 12:12:13+00
9d6bf2bb-e880-5d51-ae64-b0b78137c2cf,10c69885-f324-5884-89ad-84621ec0f263,c914dcac-18fe-5928-87c0-80e93bb776c2,27,2024-09-30 23:32:51+00
ea3a217b-1532-5d77-9ba8-95861f583180,10c69885-f324-5884-89ad-84621ec0f263,5e2cc5fc-7d5b-5bba-ad99-4412ab325860,39,2024-09-30 23:32:51+00
0135decc-4da5-5dbd-94e3-022ac75d9ee3,10c69885-f324-5884-89ad-84621ec0f263,5abd18e8-de32-5af1-b593-d3190e9164a5,44,2024-09-30 23:32:51+00
b12a5722-29f1-53cb-ad83-60ba31d6b1e6,927e52fe-7474-5d4f-815d-e77aa2ce04e5,cf40a232-f9b9-5adf-afb6-0a981f2ffcf7,53,2024-02-14 17:23:21+00
5917d05f-32e0-5e15-8720-6b87c0a85bc5,927e52fe-7474-5d4f-815d-e77aa2ce04e5,98f9ed1d-3d10-5a68-a387-66981e9dde59,26,2024-02-14 17:23:21+00
0afb682e-c161-5e40-96f8-aa606f4e3f39,83b9ad65-6555-59c8-a3cf-eef3ce219434,d02cf696-fbfe-56b7-8ff3-89608483ee25,58,2024-10-07 10:12:58+00
16143bb5-ed95-516f-b2ab-770780e2a9b9,a9385b49-dc76-50fb-aa34-eac82a7d713b,b8b98483-157a-5ddb-81bf-f65f95613caa,33,2024-09-11 00:26:26+00
95ee2017-91da-524b-a0ca-460068a6397f,5d82aa2e-c0ce-585f-8deb-0fc3c56b12c8,76ce6f91-8d47-5bfd-a8a9-b086d8728beb,60,2024-10-19 21:25:25+00
93d7e571-dbe4-579f-b009-b7bdaf7283f3,d4eff244-504d-579a-8552-7f2b43b0d114,093be7d5-f016-5f2c-b71d-4dce4b0e9514,40,2024-03-09 17:38:19+00
d955ecf8-dd31-5848-9811-c3300407fef4,d4eff244-504d-579a-8552-7f2b43b0d114,721d117c-620d-5f92-b800-3e89864cc8d3,12,2024-03-09 17:38:19+00
8b0c022a-7208-5739-a92c-d2dd442d882c,d4eff244-504d-579a-8552-7f2b43b0d114,b8b98483-157a-5ddb-81bf-f65f95613caa,55,2024-03-09 17:38:19+00
c40ea295-6c79-533b-ab61-971024f7399e,d4eff244-504d-579a-8552-7f2b43b0d114,76ce6f91-8d47-5bfd-a8a9-b086d8728beb,20,2024-03-09 17:38:19+00
45432311-8eb2-5c6d-b670-6e583e3d0192,9df4d0a4-14b9-5dfa-92d2-d19d06d0eab8,f3c9e6db-5001-5325-b688-27d1d3fc04c1,57,2024-08-05 20:07:16+00
83fd3863-0b13-58bd-bd63-15cde7b6b37a,9df4d0a4-14b9-5dfa-92d2-d19d06d0eab8,12d2e257-18af-5ea5-9b8e-109e869b4b9e,22,2024-08-05 20:07:16+00
69c65a9d-d328-5e04-b24d-f2a3d49fd0a2,fdf859b3-0dce-5327-9485-337b3055bfe5,637d71e2-55cf-575a-87f5-1bcee0d0072a,25,2024-09-03 15:21:03+00
be8ed59d-0a4a-54f1-8717-312f028826df,15ee16ae-b9a8-5ec7-a6e1-7903f7e45e50,76ce6f91-8d47-5bfd-a8a9-b086d8728beb,12,2024-03-20 09:24:44+00
8152511f-f8e9-5545-9b8d-dd6c09a2abde,15ee16ae-b9a8-5ec7-a6e1-7903f7e45e50,5f832cdc-1407-55fc-8fd5-76ca28247722,42,2024-03-20 09:24:44+00
8574afd1-a635-55ce-9f92-9342faefe0fa,15ee16ae-b9a8-5ec7-a6e1-7903f7e45e50,d02cf696-fbfe-56b7-8ff3-89608483ee25,8,2024-03-20 09:24:44+00
f0c77f7d-3a35-5197-8e8a-e6aaf0b7c8dd,813a4aae-7eeb-5eb4-ba56-239c1fa3ecbd,4bb3265f-5fd8-5ee9-b01b-7ca5808bca6b,47,2024-10-09 00:05:26+00
d626ae44-921c-5a15-a515-8361c7c693d8,813a4aae-7eeb-5eb4-ba56-239c1fa3ecbd,263e995b-8be3-5198-adb6-aa81c41bf770,53,2024-10-09 00:05:26+00
65048a07-e79d-5ac8-aecc-f7203009e77c,813a4aae-7eeb-5eb4-ba56-239c1fa3ecbd,dbfbb0d5-1eb8-59dd-bad5-834d7a45a348,31,2024-10-09 00:05:26+00
58fc6576-a2da-57f1-a60b-d1e2a45f4263,9ef3cf6f-f2ec-5bd6-a672-a4d269c50bf6,70b50d29-9125-53dc-a829-c961b011e429,56,2024-10-03 09:40:09+00
a97dad79-87fa-5d38-99d5-a6d07fdffafd,371808f0-3157-5030-aa53-517a7594dffc,7698a25a-a051-53c9-ae74-597da202ffca,15,2024-10-04 17:40:20+00
b0d2bfc9-95bb-5643-9774-1acf494552ed,f13063ed-8649-51f2-b793-176684099004,48b59f70-e096-547d-97be-0afd9e0ef1f4,52,2024-10-18 17:01:08+00
09390609-8e2f-5b88-953f-350ff37fc447,f13063ed-8649-51f2-b793-176684099004,5bfb3415-c6ae-5fa3-a84b-8a98a543ab9a,20,2024-10-18 17:01:08+00
071236b2-e044-5e7a-9259-a50d0f7be589,b38143b8-ad2a-540d-9927-58223c489f6f,474da520-6891-5d9b-ad56-dbc5e963bb3f,47,2024-03-26 11:33:37+00
474ad869-585c-5463-8a6d-c499bab0e6a4,b38143b8-ad2a-540d-9927-58223c489f6f,6feb3ffe-e89f-55ab-81d5-d9b136a73c27,23,2024-03-26 11:33:37+00
8689b545-7990-5539-ad87-26341ab8dc59,53082510-eb34-5153-a172-dcf8240b6f6b,72067051-48fc-5737-a00c-93c490bd0b34,21,2024-07-27 01:39:28+00
0625da78-33b2-523b-8b21-de96cfff032f,6b471845-51de-5044-b820-d8d9194d5978,59115f56-acf8-50f7-9dfd-c99816aa2172,16,2024-09-11 16:27:41+00
aa45898d-bfe7-5175-a460-204da9c976f5,6b471845-51de-5044-b820-d8d9194d5978,605027f9-8c6a-5d9a-80f7-9d3d42930f12,12,2024-09-11 16:27:41+00
887f48b9-d1a7-5d95-836b-c1f32cc99be8,8c999ff4-d091-522b-ad65-eed3b80d1dee,a4acb526-e0ea-590e-9293-ff9e90059c15,41,2024-10-08 08:04:55+00
a6835148-e62c-5214-ac7f-d51678635dcd,8c999ff4-d091-522b-ad65-eed3b80d1dee,22326882-02d4-5cec-806a-1e1016a55411,50,2024-10-08 08:04:55+00
7a68e8fe-97d5-58b0-8207-34b0929ea476,8c999ff4-d091-522b-ad65-eed3b80d1dee,dfaf50bf-7ed8-5e30-b115-e55c44d8e0c1,31,2024-10-08 08:04:55+00
f08d39ec-eb34-5f31-9227-642cd543aa40,9a4933bb-ad9c-5635-8aea-a70d263be470,ab9d2edf-ae6c-55be-beec-404b29edda19,47,2024-04-15 23:44:14+00
b9ea658e-7639-53bf-a113-f14d44051e34,9a4933bb-ad9c-5635-8aea-a70d263be470,a32a21a2-1fde-52e6-a745-494a810ef82b,33,2024-04-15 23:44:14+00
51d324df-00d4-5c5b-8e3b-464985f414ba,9a4933bb-ad9c-5635-8aea-a70d263be470,87bd34d0-75d8-568d-abd0-77f535fdb719,18,2024-04-15 23:44:14+00
2ac07184-8800-598b-8499-826b21d3708f,9a4933bb-ad9c-5635-8aea-a70d263be470,5e2cc5fc-7d5b-5bba-ad99-4412ab325860,60,2024-04-15 23:44:14+00
72771025-e196-5a0a-af8f-1e49661c7ae2,e094caa4-d096-5d07-ada1-8bbd4e2394ae,ef9ef5f5-f4f4-5cf3-8420-397a6fcbf152,121,2024-12-05 19:18:41+00
ebee56f5-9ea0-5429-8e41-d6db8016a078,e094caa4-d096-5d07-ada1-8bbd4e2394ae,0f7722fa-332a-5a19-922d-1d9cab8dda65,274,2024-12-05 19:18:41+00
46642419-6220-5c02-a63a-ea61f022d260,e094caa4-d096-5d07-ada1-8bbd4e2394ae,22326882-02d4-5cec-806a-1e1016a55411,251,2024-12-05 19:18:41+00
db3a15dc-5691-5c42-bbe0-e89f87a72484,e094caa4-d096-5d07-ada1-8bbd4e2394ae,637d71e2-55cf-575a-87f5-1bcee0d0072a,112,2024-12-05 19:18:41+00
556b4754-442b-5387-9917-4825413c3625,11a546c3-e34c-5329-b3e8-5b40e19a88dc,571424b7-2fc1-5ceb-8982-7426cc703fff,24,2024-03-31 22:32:18+00
c41acf79-47d5-5717-9a09-820458d46add,11a546c3-e34c-5329-b3e8-5b40e19a88dc,df03a7e9-20ca-5987-a644-76566671155b,17,2024-03-31 22:32:18+00
dfaf9d70-e955-561c-80ae-66a918faf644,11a546c3-e34c-5329-b3e8-5b40e19a88dc,a32a21a2-1fde-52e6-a745-494a810ef82b,58,2024-03-31 22:32:18+00
86489241-6835-508d-a9ac-c7e330b7e77a,11a546c3-e34c-5329-b3e8-5b40e19a88dc,85ee2954-52d3-5ec2-8fea-0575175559ac,22,2024-03-31 22:32:18+00
68d388d9-8838-58b4-bfa1-1f19c6593cd4,fd813cb3-474a-5119-80d0-2ec39f2c7eca,a4acb526-e0ea-590e-9293-ff9e90059c15,22,2024-09-25 11:44:02+00
3468a422-8d63-52bd-b93a-3d2e1e6d0014,fd813cb3-474a-5119-80d0-2ec39f2c7eca,c388846e-4e3c-5d57-b61f-ed13c7edc4da,21,2024-09-25 11:44:02+00
009aa082-6902-5e03-8231-c3842ca44506,77a98dc3-1b43-51ba-8ad8-d110587fbe77,637d71e2-55cf-575a-87f5-1bcee0d0072a,21,2024-11-13 08:04:17+00
f469f2df-a9b4-50df-b7f1-9e46fdbf8cbb,77a98dc3-1b43-51ba-8ad8-d110587fbe77,ae16db22-a7d1-5cd3-8409-669d957eb80d,59,2024-11-13 08:04:17+00
5abfc9da-6938-51c7-86dc-8ae49f433c4b,95a2b458-5175-5812-8154-11ed534ddf29,4bb3265f-5fd8-5ee9-b01b-7ca5808bca6b,31,2024-09-28 18:36:04+00
0d27eea7-51bb-5579-8012-6eb5f8422340,95a2b458-5175-5812-8154-11ed534ddf29,c0f44500-e1d1-59e0-b53b-e0e98b24a7cf,35,2024-09-28 18:36:04+00
083a8fe1-8f13-5114-aa2b-c1dfb1dc64f2,95a2b458-5175-5812-8154-11ed534ddf29,015ee94d-a0dc-5a3a-96b4-4318093cd0c8,51,2024-09-28 18:36:04+00
27794bff-6633-5b6c-af53-02d60d0e4880,79de9a58-2223-5916-8357-ae07062b8990,d6481438-ce10-5e85-8b0a-fbc48dcd19e7,29,2024-09-19 11:42:55+00
ab105d57-c5b2-599a-aca0-9d34521bbe09,79de9a58-2223-5916-8357-ae07062b8990,ce143825-d54b-50ec-92fe-c61fdb5ae610,20,2024-09-19 11:42:55+00
52ab892b-b171-5002-96a7-3e95a5a9675d,79de9a58-2223-5916-8357-ae07062b8990,721d117c-620d-5f92-b800-3e89864cc8d3,27,2024-09-19 11:42:55+00
ecb327e3-bdd9-51b1-97f3-089443e9f699,50622025-5bcb-52db-a93d-33e5003c30d9,015ee94d-a0dc-5a3a-96b4-4318093cd0c8,41,2024-05-04 00:15:32+00
e155ae51-25fe-56f7-907a-05b5ee36aec9,64b5f87e-fa84-5f6d-8b11-db4f08792088,fc7fc417-cce4-5f70-a6f1-8ce7a0edf5e9,19,2024-10-15 14:36:31+00
b3d744f5-e97e-57a8-877f-95c9ede77ac1,64b5f87e-fa84-5f6d-8b11-db4f08792088,5f832cdc-1407-55fc-8fd5-76ca28247722,28,2024-10-15 14:36:31+00
691ff1ab-a2b0-52b7-a5fe-e71e32d6f264,64b5f87e-fa84-5f6d-8b11-db4f08792088,d6e9c7be-33cb-5851-ab77-08e587828108,5,2024-10-15 14:36:31+00
e0657213-ecae-5946-8855-b16406dfc781,64b5f87e-fa84-5f6d-8b11-db4f08792088,03daeeea-7468-535a-a03a-78f80e9f433f,12,2024-10-15 14:36:31+00
22f5c9e3-bb34-56ca-806f-0f29cfec0800,dac6f59c-9f1e-5c39-9a46-d0305e84a2fe,ebdcc5e9-63c3-5a52-9521-f031c6154feb,35,2024-10-03 13:16:09+00
4b324dcc-79c6-5a81-9068-296927744a1a,dac6f59c-9f1e-5c39-9a46-d0305e84a2fe,5e41eef3-c306-5dd1-ab8c-d305ebc7c2d5,15,2024-10-03 13:16:09+00
9e748d7a-aa0f-58f8-b0a8-f75c6413f648,e632f6ac-d301-5358-b3ad-13e9263a415c,59115f56-acf8-50f7-9dfd-c99816aa2172,22,2024-10-27 11:28:06+00
58edf273-f68c-5aaa-b207-602c61fa53e9,e632f6ac-d301-5358-b3ad-13e9263a415c,571424b7-2fc1-5ceb-8982-7426cc703fff,27,2024-10-27 11:28:06+00
38b5d480-cf5e-5970-b865-5bf7e3423e78,6c27ec77-8d97-5a63-bdf4-6ba20ee18196,5e2cc5fc-7d5b-5bba-ad99-4412ab325860,16,2024-10-11 18:06:39+00
3c795c6a-edfb-5d74-9d58-f60b353f276e,6c27ec77-8d97-5a63-bdf4-6ba20ee18196,d02cf696-fbfe-56b7-8ff3-89608483ee25,52,2024-10-11 18:06:39+00
1e2589e7-2b3f-5394-abe7-41a41203e28a,6c27ec77-8d97-5a63-bdf4-6ba20ee18196,c7c80e8e-2456-5c4b-97cb-5d6b8aea9e11,17,2024-10-11 18:06:39+00
7d5c0fb2-01f7-5aeb-8811-9e86c2dede4e,5e17017e-f582-5952-ad0d-683d199bf846,b8b98483-157a-5ddb-81bf-f65f95613caa,12,2024-04-11 18:04:10+00
5522633f-214a-52bf-b447-3cf085fdacbf,5e17017e-f582-5952-ad0d-683d199bf846,22326882-02d4-5cec-806a-1e1016a55411,28,2024-04-11 18:04:10+00
cba28aef-2452-59db-8dec-0ff52f9fdf30,c9faaab6-6fdf-5957-8ebf-425c022a2c09,8110e190-2a4b-579b-be2c-511de85ab755,7,2024-06-02 22:04:19+00
fc377ae9-1e17-5522-919e-1dc97500e621,c9faaab6-6fdf-5957-8ebf-425c022a2c09,72067051-48fc-5737-a00c-93c490bd0b34,11,2024-06-02 22:04:19+00
cfecc152-0686-5ed3-8d41-414a6f373de2,89d107eb-ee86-5e4a-85dd-1e41a5202099,63b368d3-a702-5229-a0eb-00c0e02acf2c,50,2024-03-21 19:28:20+00
bc411f89-48be-570f-ae36-334881492348,89d107eb-ee86-5e4a-85dd-1e41a5202099,ae16db22-a7d1-5cd3-8409-669d957eb80d,48,2024-03-21 19:28:20+00
46d42bbe-9fac-586b-a693-1b334d9bed9a,6c298532-5c57-55a6-8300-a064def7e670,df03a7e9-20ca-5987-a644-76566671155b,32,2024-10-30 01:30:55+00
b9d4e65c-896a-5c61-9b51-c9293ed8dc1f,6c298532-5c57-55a6-8300-a064def7e670,bcd21179-c89f-5095-808a-e72f06c0841d,22,2024-10-30 01:30:55+00
88e17ef2-271e-5c94-8811-e6797ce8abad,5f76e8a1-8d18-56a6-b29b-49d8ea4d0b8a,605027f9-8c6a-5d9a-80f7-9d3d42930f12,12,2024-09-07 14:20:10+00
327f0f72-d30c-5caf-bcae-353fde49b222,54847498-9de7-539e-bd64-1dffcdbeaf55,6e22d3ea-9fc0-56fa-a367-352e633df40c,38,2024-03-05 16:36:25+00
a589e36c-fd8d-5340-a53d-a179ed600c77,54847498-9de7-539e-bd64-1dffcdbeaf55,d02cf696-fbfe-56b7-8ff3-89608483ee25,56,2024-03-05 16:36:25+00
f7e7faea-a0fd-5221-b713-702d678f6b46,18dd954a-4cc0-5437-b118-ec151c2bbc27,f3c9e6db-5001-5325-b688-27d1d3fc04c1,21,2024-03-03 11:36:47+00
1cf78b36-3f98-5a36-9110-67de7f344eb6,b8ebb498-ff48-5dc3-b5d8-7a4a4046f1e1,c388846e-4e3c-5d57-b61f-ed13c7edc4da,14,2024-03-10 18:33:29+00
0a599e18-fdf9-5fe5-b669-725159fbcddc,8a115e99-0299-5d69-86f7-9dbd8474cd7e,b8b98483-157a-5ddb-81bf-f65f95613caa,53,2024-03-03 13:31:27+00
1fd1afb3-5986-51c7-8fbb-2ebc6d5725f9,a06319e6-0985-52ed-8ca2-aae576b1bf8a,5b72fcba-23c2-5ea7-9dc2-b32eca367733,49,2024-11-01 09:22:00+00
729907b8-01f1-53e5-89cf-42573489567a,2e35537b-4952-551a-b588-01261db814fe,12d2e257-18af-5ea5-9b8e-109e869b4b9e,27,2024-03-21 13:03:54+00
47a5024b-0ebe-5cfb-a07c-c6b6ce7d9f91,dd512820-b61a-5b16-a4db-f94118cc3579,a32d3b40-78a1-5f18-8b90-4dd8cd4ea27b,47,2024-03-21 12:19:56+00
56168c9d-f158-5380-9115-6cf6231be994,dd512820-b61a-5b16-a4db-f94118cc3579,cf40a232-f9b9-5adf-afb6-0a981f2ffcf7,23,2024-03-21 12:19:56+00
edb8b712-12ee-54c6-b097-f5ccaa78e457,b155b2ba-a8ad-58e4-9d9d-15273417c652,ab9d2edf-ae6c-55be-beec-404b29edda19,35,2024-02-09 18:19:43+00
7d12e8f2-b7b0-5579-8751-6b75ed236492,b155b2ba-a8ad-58e4-9d9d-15273417c652,515f77ef-9c32-5e75-81c3-2b3795c000f2,34,2024-02-09 18:19:43+00
1c51f826-09e1-5335-968f-3ae752dcce46,b155b2ba-a8ad-58e4-9d9d-15273417c652,a32d3b40-78a1-5f18-8b90-4dd8cd4ea27b,8,2024-02-09 18:19:43+00
a9dc2b93-9f29-547f-a1ae-773bbf5ea716,1533003e-02ec-505f-a385-19db792cd7d9,6feb3ffe-e89f-55ab-81d5-d9b136a73c27,14,2024-05-13 19:43:27+00
38f8da19-fe6a-52f5-842b-f9bc21a8e6a9,1533003e-02ec-505f-a385-19db792cd7d9,950c0334-92d4-54ec-b05b-35e20983883c,12,2024-05-13 19:43:27+00
8b948c74-e8a3-5e5a-84c1-31a0871c8dbd,1533003e-02ec-505f-a385-19db792cd7d9,12d2e257-18af-5ea5-9b8e-109e869b4b9e,56,2024-05-13 19:43:27+00
38a0db6c-055d-51b2-88eb-8df10979824b,569e714f-9d64-578c-8628-04f8bc00f82e,ebdcc5e9-63c3-5a52-9521-f031c6154feb,40,2024-04-26 21:03:20+00
38e85290-84cc-582a-94a4-9eb00fee5fa9,569e714f-9d64-578c-8628-04f8bc00f82e,70b50d29-9125-53dc-a829-c961b011e429,8,2024-04-26 21:03:20+00
70fdd206-33fa-5605-84c2-c84ebca20261,569e714f-9d64-578c-8628-04f8bc00f82e,8191a9f6-2263-53f2-a6a6-4c31e81e996e,31,2024-04-26 21:03:20+00
b3092f60-f82e-5b23-aa15-c48bdc55c946,569e714f-9d64-578c-8628-04f8bc00f82e,474da520-6891-5d9b-ad56-dbc5e963bb3f,40,2024-04-26 21:03:20+00
d870a386-1e94-5a4a-b994-32fa47810876,4d44b682-478f-5cc8-b5cb-6f84d73bc8a1,f40bf37b-20d6-5349-82b6-18cbd1f10e83,21,2024-11-17 10:08:35+00
7275cdac-15d6-53ec-85c6-df871e118bf1,6c504887-c1bd-5077-98e6-6e06f5df6ca7,4bb3265f-5fd8-5ee9-b01b-7ca5808bca6b,35,2024-11-01 12:42:42+00
7e583675-5e0f-504b-8cf5-e6235a87a23a,6c504887-c1bd-5077-98e6-6e06f5df6ca7,9b88c78b-34e7-51c0-8f51-940e61379648,38,2024-11-01 12:42:42+00
125b0e92-8346-59d7-816a-2d99d33c5463,b262771a-b464-5ff4-b888-f120445b9482,2c21421b-d3c2-55c3-8144-0c1f6b3e4f6a,48,2024-10-09 11:10:34+00
0b38e8be-8203-5c9c-add5-86922cac1d8f,b262771a-b464-5ff4-b888-f120445b9482,48b59f70-e096-547d-97be-0afd9e0ef1f4,38,2024-10-09 11:10:34+00
a03bc676-ee53-5dbf-a634-feb76a743bfd,b262771a-b464-5ff4-b888-f120445b9482,dbfbb0d5-1eb8-59dd-bad5-834d7a45a348,31,2024-10-09 11:10:34+00
bb026ff4-2442-5aa7-9553-4813264cf934,b262771a-b464-5ff4-b888-f120445b9482,5abd18e8-de32-5af1-b593-d3190e9164a5,20,2024-10-09 11:10:34+00
20030c29-139c-5018-b76d-9639480daaa1,7ef78b33-9cea-5652-a261-c79c0332096e,5b72fcba-23c2-5ea7-9dc2-b32eca367733,34,2024-03-07 21:36:04+00
ca47f9c1-b8c5-5672-875d-28be01d7d3af,7ef78b33-9cea-5652-a261-c79c0332096e,85ee2954-52d3-5ec2-8fea-0575175559ac,23,2024-03-07 21:36:04+00
b8ad556b-b879-5802-85f3-0d13c8998788,7ef78b33-9cea-5652-a261-c79c0332096e,85ee2954-52d3-5ec2-8fea-0575175559ac,15,2024-03-07 21:36:04+00
05ce4907-8556-5d1c-b49b-1b2544e849db,b89c6ce5-8579-51fd-9aec-2bec949d8496,43239255-9abf-522a-a0ca-d242c13539cf,17,2024-09-06 14:15:38+00
ae2f9721-bab9-54f3-abe5-9c736748a8bb,b89c6ce5-8579-51fd-9aec-2bec949d8496,5abd18e8-de32-5af1-b593-d3190e9164a5,47,2024-09-06 14:15:38+00
9bf05485-a339-55b2-8ac3-7d0c8ee5991e,51f3a4d8-0b31-599a-9ac6-6512c92f056b,f3d43083-cf37-52fb-bc02-bff47203b7c9,51,2024-07-12 20:19:06+00
81cbe73c-03ea-5d4c-9987-f6ae0774dbc1,00742862-a4f9-54ba-a8d0-1653ced9152e,721d117c-620d-5f92-b800-3e89864cc8d3,7,2024-03-06 12:22:38+00
faedc53e-26af-5779-8f7f-daf1c819bf29,2008e03b-47db-5476-b517-5d5a066296e0,6feb3ffe-e89f-55ab-81d5-d9b136a73c27,21,2024-09-08 11:14:45+00
2dd3492e-c9be-58df-aef1-ef117b605897,2008e03b-47db-5476-b517-5d5a066296e0,3ba63656-6a91-5254-8fd9-1b6d20dced02,30,2024-09-08 11:14:45+00
5fd0fd10-bb54-5748-a312-69187384a959,e5dbf4f5-499c-5875-8878-a2eacf3034a0,5e41eef3-c306-5dd1-ab8c-d305ebc7c2d5,8,2024-03-13 17:40:57+00
e9024c34-02a5-5a2c-b1a1-e6d7b6089d00,dd228c51-4eee-5a5e-8b3a-10cbe6e769da,263e995b-8be3-5198-adb6-aa81c41bf770,46,2024-04-11 19:43:04+00
e388a0ef-3c81-5e62-ab44-e6f4215de618,dd228c51-4eee-5a5e-8b3a-10cbe6e769da,f3d43083-cf37-52fb-bc02-bff47203b7c9,7,2024-04-11 19:43:04+00
d2332cc0-9375-582a-955d-3e6fcc330053,81508dba-70ba-589c-a222-4adee89945ec,ef9ef5f5-f4f4-5cf3-8420-397a6fcbf152,37,2024-03-25 16:33:54+00
d4169853-260b-5927-8b84-3615c2800c3b,1af94455-fbc3-5c07-bd6f-915cd9c79df4,a68ed02d-80a0-5ebb-a79e-1ef7c4187de5,11,2024-10-10 00:00:43+00
1c624afd-30ef-53b2-84ce-e5d2c5c3e21e,c2356a2a-e40e-5b0f-94b0-8fe5b4c7c1f2,7698a25a-a051-53c9-ae74-597da202ffca,35,2024-07-31 17:40:46+00
8c67474d-1d11-533d-9a05-65b56829f264,c2356a2a-e40e-5b0f-94b0-8fe5b4c7c1f2,093be7d5-f016-5f2c-b71d-4dce4b0e9514,21,2024-07-31 17:40:46+00
fe488da3-e7dd-5146-8044-af15087e4f24,c2356a2a-e40e-5b0f-94b0-8fe5b4c7c1f2,a32d3b40-78a1-5f18-8b90-4dd8cd4ea27b,12,2024-07-31 17:40:46+00
4a8bc0d2-eaff-5bd6-8786-6b3578556e46,c2356a2a-e40e-5b0f-94b0-8fe5b4c7c1f2,72067051-48fc-5737-a00c-93c490bd0b34,5,2024-07-31 17:40:46+00
ff089621-b0ff-5450-9464-317685677000,ef65e9c3-61b3-5cb0-87db-0aef4754d228,dbfbb0d5-1eb8-59dd-bad5-834d7a45a348,43,2024-12-14 19:41:37+00
fb94b2a6-6d47-541e-b0e3-f9c9aeb276a6,6ac40b03-209d-5e71-98fb-e5e6a3a45e90,d02cf696-fbfe-56b7-8ff3-89608483ee25,30,2024-03-05 00:39:15+00
5173b146-8bde-5a10-9002-6622f554e456,6ac40b03-209d-5e71-98fb-e5e6a3a45e90,721d117c-620d-5f92-b800-3e89864cc8d3,58,2024-03-05 00:39:15+00
53441fc7-fdde-5cbc-b768-899f64c78b0f,e3c3e2cb-09d1-5a13-92aa-d5cc0dfbfcb8,6852d7e8-9827-5aa7-a439-140e7dac645a,20,2024-03-12 22:10:45+00
ffe35482-18de-5e32-9f2c-951e4336826d,e3c3e2cb-09d1-5a13-92aa-d5cc0dfbfcb8,7698a25a-a051-53c9-ae74-597da202ffca,26,2024-03-12 22:10:45+00
0852f33d-d419-5e58-a72d-e5db4e83ad26,2df19e24-f043-5b4b-b7f6-4f85433f2c47,1b8e1d0e-392d-5e23-854a-832f0d6ac35d,45,2024-11-24 12:08:52+00
b5ef24e3-71fc-54cc-a691-b437d0da9562,29de65b0-2373-5768-893f-c89bb23003e3,c388846e-4e3c-5d57-b61f-ed13c7edc4da,49,2024-06-21 19:26:59+00
c0093849-048c-564e-ae1a-954ca8e398df,b31cf5b7-2abe-590a-b5d0-95129613549c,1b8e1d0e-392d-5e23-854a-832f0d6ac35d,29,2024-03-06 22:01:13+00
acca5bf9-5eec-5ded-a37e-319f64fa0972,b31cf5b7-2abe-590a-b5d0-95129613549c,eb65b5fa-c2cb-589b-9049-2b6c7bf4d22d,10,2024-03-06 22:01:13+00
e208dff7-9b36-5e3c-a969-76494c243436,cca1bd01-a61d-5be1-884d-f8ec7804448e,d6481438-ce10-5e85-8b0a-fbc48dcd19e7,16,2024-01-14 22:31:06+00
05b982ad-56fd-5adb-9365-8540e408e992,cca1bd01-a61d-5be1-884d-f8ec7804448e,d6e9c7be-33cb-5851-ab77-08e587828108,26,2024-01-14 22:31:06+00
9ef335e9-470c-558c-a840-ce5d013abeca,61b9872f-3f70-5718-9bf0-0d6516d53201,73148ed3-fbe9-5571-a16d-34fb5520390e,53,2024-08-09 00:29:46+00
50b2270c-b729-5834-b3a8-83002fa83067,61b9872f-3f70-5718-9bf0-0d6516d53201,87bd34d0-75d8-568d-abd0-77f535fdb719,44,2024-08-09 00:29:46+00
5fbfa998-417d-56cf-82e6-84627f483ee5,61b9872f-3f70-5718-9bf0-0d6516d53201,6feb3ffe-e89f-55ab-81d5-d9b136a73c27,58,2024-08-09 00:29:46+00
102b456c-6c4e-5039-a925-a7a0f829ee85,61b9872f-3f70-5718-9bf0-0d6516d53201,ebdcc5e9-63c3-5a52-9521-f031c6154feb,12,2024-08-09 00:29:46+00
8a8fe251-a50d-511c-bd45-9fd58edbcb3b,94e30120-6036-5445-9b29-6421bb7231c0,cf40a232-f9b9-5adf-afb6-0a981f2ffcf7,60,2024-10-10 16:30:32+00
3ed36869-ee28-50dc-9d9f-b06a6f786c9a,94e30120-6036-5445-9b29-6421bb7231c0,4bb3265f-5fd8-5ee9-b01b-7ca5808bca6b,52,2024-10-10 16:30:32+00
ea61f1f3-bcb8-590c-85ca-d09ebd2dd57a,406dd2ec-6774-5437-9b90-121fd40ed717,6e22d3ea-9fc0-56fa-a367-352e633df40c,11,2024-03-10 22:15:57+00
06626e36-3e31-584c-806a-0b30e5885c4f,ad624a49-0856-50e9-a106-1a0a6fae4043,43239255-9abf-522a-a0ca-d242c13539cf,23,2024-08-19 16:03:14+00
4b4ff0ea-3192-564c-b60a-51cb4f2a0a7d,57930a38-2071-590d-a3c6-4c907ad4e219,2c21421b-d3c2-55c3-8144-0c1f6b3e4f6a,41,2024-03-26 10:27:30+00
8ed187b6-6e6f-518a-8ab8-a5175ca9d506,57930a38-2071-590d-a3c6-4c907ad4e219,43239255-9abf-522a-a0ca-d242c13539cf,58,2024-03-26 10:27:30+00
0ffc5295-19eb-55e1-b430-dedd6b1dc605,57930a38-2071-590d-a3c6-4c907ad4e219,eb65b5fa-c2cb-589b-9049-2b6c7bf4d22d,53,2024-03-26 10:27:30+00
4604a583-2de7-56a6-a49b-8940964b2300,57930a38-2071-590d-a3c6-4c907ad4e219,49690aee-94fa-525b-b5ce-92feaf54b957,10,2024-03-26 10:27:30+00
83c9d931-4f5e-51e5-a2a7-eabb114fbf0a,4c54561c-05b9-5be8-85b0-d68390bf6253,87bd34d0-75d8-568d-abd0-77f535fdb719,26,2024-05-31 18:24:59+00
dffd8703-d8f6-5d15-a2fd-e10404362947,4c54561c-05b9-5be8-85b0-d68390bf6253,43239255-9abf-522a-a0ca-d242c13539cf,6,2024-05-31 18:24:59+00
d894023b-444b-5bc7-ad7a-5646ee7e5a32,f8ce734a-b891-570d-a3d9-5e39af41f7b5,f3d43083-cf37-52fb-bc02-bff47203b7c9,23,2024-06-08 01:13:16+00
62c824ad-bd52-5a26-bb95-48eb0548d13a,f8ce734a-b891-570d-a3d9-5e39af41f7b5,515f77ef-9c32-5e75-81c3-2b3795c000f2,30,2024-06-08 01:13:16+00
cdefc916-ac84-58b3-a307-46cf3c81df6a,5f2685c5-4a4e-519c-ab99-77b1c293e8b2,49690aee-94fa-525b-b5ce-92feaf54b957,53,2024-01-29 22:01:34+00
975c4523-5273-555a-8661-4ed981cdf424,73bafeb5-cb19-5205-9610-896d8460f11e,c388846e-4e3c-5d57-b61f-ed13c7edc4da,43,2024-01-16 23:14:44+00
c45f00bc-74e0-5208-955f-bdcdaa5e4720,73bafeb5-cb19-5205-9610-896d8460f11e,eb65b5fa-c2cb-589b-9049-2b6c7bf4d22d,28,2024-01-16 23:14:44+00
72514742-ebab-5e7e-aca0-1c043ac6ce4c,9388875f-ae81-5636-9bc9-047e523b19e0,571424b7-2fc1-5ceb-8982-7426cc703fff,248,2024-09-23 18:38:18+00
94610598-d733-5374-bf15-fac0f1b6c986,3188b857-2cd0-505d-b4a4-e19dcec3ed13,a68ed02d-80a0-5ebb-a79e-1ef7c4187de5,53,2024-03-20 14:23:18+00
85e333e8-38a6-553c-b0e3-1a982831028e,3188b857-2cd0-505d-b4a4-e19dcec3ed13,87bd34d0-75d8-568d-abd0-77f535fdb719,32,2024-03-20 14:23:18+00
39be0b6e-babe-51d3-ae9b-eda0676b223b,3188b857-2cd0-505d-b4a4-e19dcec3ed13,c914dcac-18fe-5928-87c0-80e93bb776c2,55,2024-03-20 14:23:18+00
4bed7691-3497-54a2-b91f-0ea2104ef3ec,3188b857-2cd0-505d-b4a4-e19dcec3ed13,59115f56-acf8-50f7-9dfd-c99816aa2172,29,2024-03-20 14:23:18+00
35c17b22-97da-5094-9e22-8cc0ef2d48ef,a03c6d9f-b01d-5c43-8b7a-18424fc3f273,5e2cc5fc-7d5b-5bba-ad99-4412ab325860,56,2024-10-01 16:32:53+00
3b8173e8-ce2b-5706-868d-f5c7ee089c1e,a03c6d9f-b01d-5c43-8b7a-18424fc3f273,59115f56-acf8-50f7-9dfd-c99816aa2172,26,2024-10-01 16:32:53+00
d8adc7da-748b-59fb-972e-5ed29a8fd8e8,5f10b721-1071-539a-b1c9-15f02a2ed3bc,ebdcc5e9-63c3-5a52-9521-f031c6154feb,59,2024-09-13 16:10:10+00
d164c7ea-b2d2-5037-acd1-07a450426bf4,5f10b721-1071-539a-b1c9-15f02a2ed3bc,48b59f70-e096-547d-97be-0afd9e0ef1f4,35,2024-09-13 16:10:10+00
6e652b5b-0f8e-5e1f-acce-7a5758254324,5f10b721-1071-539a-b1c9-15f02a2ed3bc,c0f44500-e1d1-59e0-b53b-e0e98b24a7cf,5,2024-09-13 16:10:10+00
56bd9022-bca3-5229-8e71-7a983a9a09fe,3ffd0667-5e61-5dd0-b6b3-28f8b8a24af0,cf629a09-093e-5b99-8bf4-da2438fa51c4,17,2024-09-20 22:26:34+00
54604833-9ca4-5670-9c1d-7ccb1c2c4f4c,3ffd0667-5e61-5dd0-b6b3-28f8b8a24af0,5e2cc5fc-7d5b-5bba-ad99-4412ab325860,57,2024-09-20 22:26:34+00
f75b1a79-d918-58c9-ad1a-f810bc70569a,3ffd0667-5e61-5dd0-b6b3-28f8b8a24af0,98f9ed1d-3d10-5a68-a387-66981e9dde59,8,2024-09-20 22:26:34+00
09389a48-8bfa-566e-a627-64ac2c75267e,3ffd0667-5e61-5dd0-b6b3-28f8b8a24af0,ab9d2edf-ae6c-55be-beec-404b29edda19,38,2024-09-20 22:26:34+00
5a2d8f50-021b-5626-a231-6d378a9043d1,2e2524c9-4137-52ef-8a40-dbf3b26638bd,6e22d3ea-9fc0-56fa-a367-352e633df40c,34,2024-11-27 20:42:59+00
f0a8e194-19f2-5d07-becc-cf417fd9ace7,2e2524c9-4137-52ef-8a40-dbf3b26638bd,c7c80e8e-2456-5c4b-97cb-5d6b8aea9e11,60,2024-11-27 20:42:59+00
d9f20a9d-5161-5ea8-9b63-d9e5e19c9b85,2e2524c9-4137-52ef-8a40-dbf3b26638bd,ce143825-d54b-50ec-92fe-c61fdb5ae610,60,2024-11-27 20:42:59+00
a28704b7-cb9f-57d4-9022-6315b987f7e1,90ec8c7b-f3b8-50fe-a1e4-ebe28cf56e5d,bcd21179-c89f-5095-808a-e72f06c0841d,33,2024-09-24 13:15:03+00
1fb9c5c0-7472-5c57-816d-1700248daa7b,90ec8c7b-f3b8-50fe-a1e4-ebe28cf56e5d,f40bf37b-20d6-5349-82b6-18cbd1f10e83,15,2024-09-24 13:15:03+00
30afb4fe-efcc-57b8-8757-eb120847ec1c,90ec8c7b-f3b8-50fe-a1e4-ebe28cf56e5d,df03a7e9-20ca-5987-a644-76566671155b,13,2024-09-24 13:15:03+00
58d3d1e7-e6e3-5abe-8397-c7e5b82c7191,90ec8c7b-f3b8-50fe-a1e4-ebe28cf56e5d,03daeeea-7468-535a-a03a-78f80e9f433f,47,2024-09-24 13:15:03+00
6b15ff0d-7841-5a50-bad1-9a3da18f4280,6e72070c-21d6-59dd-97cd-8ae586d321fb,85ee2954-52d3-5ec2-8fea-0575175559ac,8,2024-03-11 21:06:17+00
fbf41006-d54b-5f74-94d8-58717b2dcac9,6e72070c-21d6-59dd-97cd-8ae586d321fb,950c0334-92d4-54ec-b05b-35e20983883c,49,2024-03-11 21:06:17+00
b9f3282d-5bb8-5337-bc34-db76b0029629,6e72070c-21d6-59dd-97cd-8ae586d321fb,e3a10959-a74e-5cdd-bd80-3c24836fb062,54,2024-03-11 21:06:17+00
07bb55b4-f5ed-54ef-a08f-ce2ce2a3d9dd,6e72070c-21d6-59dd-97cd-8ae586d321fb,5abd18e8-de32-5af1-b593-d3190e9164a5,30,2024-03-11 21:06:17+00
d7138ec9-5041-5fac-8123-67661105dbcb,28f585ae-ca69-5e70-bf1d-15bed2a3dfc4,3f7c929e-b070-5624-afcb-413255a3e8b7,25,2024-12-12 00:13:19+00
7fa91025-bf7b-55ea-ad4b-3c1177deb9b2,f1f66c33-a4ff-5f7b-9b38-a7674a44e5bd,dfaf50bf-7ed8-5e30-b115-e55c44d8e0c1,18,2024-03-28 19:27:23+00
91d97c9c-6ebc-5a1b-b114-83a34be5055f,f1f66c33-a4ff-5f7b-9b38-a7674a44e5bd,48b59f70-e096-547d-97be-0afd9e0ef1f4,48,2024-03-28 19:27:23+00
3792e3d8-d206-5cfb-95ab-b19475b34acc,f1f66c33-a4ff-5f7b-9b38-a7674a44e5bd,eb65b5fa-c2cb-589b-9049-2b6c7bf4d22d,15,2024-03-28 19:27:23+00
ba145313-a0b1-510f-b756-5b8bfe5e3bc0,f1f66c33-a4ff-5f7b-9b38-a7674a44e5bd,a4acb526-e0ea-590e-9293-ff9e90059c15,19,2024-03-28 19:27:23+00
f3f7384b-965a-5731-aa1c-7140c32f70b4,ac1718c9-082e-578e-a3b3-d1ab42b44bb3,3ba63656-6a91-5254-8fd9-1b6d20dced02,17,2024-09-05 15:33:50+00
7418eda5-0ebc-5059-954b-96c785ef6ea1,ac1718c9-082e-578e-a3b3-d1ab42b44bb3,6852d7e8-9827-5aa7-a439-140e7dac645a,47,2024-09-05 15:33:50+00
df5dd610-614b-575a-8162-8ab422a0247d,ac1718c9-082e-578e-a3b3-d1ab42b44bb3,dbfbb0d5-1eb8-59dd-bad5-834d7a45a348,21,2024-09-05 15:33:50+00
68b00496-1ea0-58db-aff0-7aec3b5609c3,ac1718c9-082e-578e-a3b3-d1ab42b44bb3,48b59f70-e096-547d-97be-0afd9e0ef1f4,60,2024-09-05 15:33:50+00
6af54c02-28c1-5fa6-a8f5-00db4443c233,dc62a98d-337d-5e74-a698-e0ce0c56f4f6,df03a7e9-20ca-5987-a644-76566671155b,18,2024-09-17 08:06:27+00
a5ef2929-627e-561f-84e2-1ee99a664255,dc62a98d-337d-5e74-a698-e0ce0c56f4f6,015ee94d-a0dc-5a3a-96b4-4318093cd0c8,30,2024-09-17 08:06:27+00
26b23cfe-ed7f-5887-b186-d0d625807b30,354dc7d7-68ad-5087-84e1-42be57dc591b,7139ebf2-1aff-593d-9366-22949a04fd61,45,2024-11-26 15:35:02+00
67cd753e-85dc-53cf-8a3d-c5798e2ce047,27a73e01-e24f-5323-aafa-48e8d214c703,48b59f70-e096-547d-97be-0afd9e0ef1f4,41,2024-09-09 01:12:27+00
ce57823d-103a-50a6-8d8e-9ca11b0a3ad7,27a73e01-e24f-5323-aafa-48e8d214c703,047edcf5-114c-5342-b495-232fc4aaf6fe,55,2024-09-09 01:12:27+00
2f95cd89-5f7b-5544-a366-a2a6531c2270,27a73e01-e24f-5323-aafa-48e8d214c703,eb65b5fa-c2cb-589b-9049-2b6c7bf4d22d,33,2024-09-09 01:12:27+00
c053eb87-466b-5126-a838-9f634e67f99c,27a73e01-e24f-5323-aafa-48e8d214c703,73148ed3-fbe9-5571-a16d-34fb5520390e,60,2024-09-09 01:12:27+00
6a170499-b697-55b6-ad77-c8b82622ba6d,745bb239-47b0-5db1-85c2-4360af6b6d93,98f9ed1d-3d10-5a68-a387-66981e9dde59,26,2024-10-03 19:35:10+00
0baf72c4-767e-55d0-aba8-e8fa539f3bd0,745bb239-47b0-5db1-85c2-4360af6b6d93,df03a7e9-20ca-5987-a644-76566671155b,52,2024-10-03 19:35:10+00
c7a75836-aaaf-5b94-b359-d5702e9f6604,745bb239-47b0-5db1-85c2-4360af6b6d93,a68ed02d-80a0-5ebb-a79e-1ef7c4187de5,39,2024-10-03 19:35:10+00
6d0bbe31-75fc-507a-aeba-32fab7c44b36,745bb239-47b0-5db1-85c2-4360af6b6d93,73148ed3-fbe9-5571-a16d-34fb5520390e,30,2024-10-03 19:35:10+00
214be6b2-fcd2-537a-8dc8-b8c5faccffe4,fdf90838-930d-5466-b4f7-d64ada4a1d3e,263e995b-8be3-5198-adb6-aa81c41bf770,38,2024-03-01 23:04:10+00
af5cf496-f33a-5e01-af1a-121dcdbdc3a3,fdf90838-930d-5466-b4f7-d64ada4a1d3e,87bd34d0-75d8-568d-abd0-77f535fdb719,60,2024-03-01 23:04:10+00
f9a359e5-c9a3-5e7c-a540-cbe2e723bdbe,fc97ddda-821b-574a-a934-f855bbb48441,f3d43083-cf37-52fb-bc02-bff47203b7c9,45,2024-07-05 16:09:48+00
955d6668-d57c-5709-b96f-e7f5b47026d7,fc97ddda-821b-574a-a934-f855bbb48441,7139ebf2-1aff-593d-9366-22949a04fd61,10,2024-07-05 16:09:48+00
2eb2b63d-d2ed-5662-9518-ee0de08fadb8,de7810e8-4668-5522-bd33-102af03e79ff,263e995b-8be3-5198-adb6-aa81c41bf770,41,2024-12-13 21:22:52+00
e30dba07-4da1-56ad-a66b-6af45e1f063b,de7810e8-4668-5522-bd33-102af03e79ff,6852d7e8-9827-5aa7-a439-140e7dac645a,38,2024-12-13 21:22:52+00
f95a2aee-411b-5145-9fd1-37fe47678d62,de7810e8-4668-5522-bd33-102af03e79ff,c7c80e8e-2456-5c4b-97cb-5d6b8aea9e11,9,2024-12-13 21:22:52+00
f59e68c6-9305-59ca-9c4e-441edc86cc83,b84ee9a5-58d6-51a0-b207-500364ea057e,8191a9f6-2263-53f2-a6a6-4c31e81e996e,32,2024-03-12 21:31:10+00
292ef83d-295e-5be3-8ee8-1a5b65e3a25c,b84ee9a5-58d6-51a0-b207-500364ea057e,5e41eef3-c306-5dd1-ab8c-d305ebc7c2d5,23,2024-03-12 21:31:10+00
537f8c6c-9c40-5231-8dd9-3bb4d512994e,b84ee9a5-58d6-51a0-b207-500364ea057e,5abd18e8-de32-5af1-b593-d3190e9164a5,15,2024-03-12 21:31:10+00
a9de93f6-c339-5b6c-b358-1df276597e68,11e2fc3f-0373-5b94-b910-6ce9f7f98346,cf629a09-093e-5b99-8bf4-da2438fa51c4,23,2024-03-23 11:37:01+00
608f9276-b424-5b39-942a-c0bbf5c96f03,11e2fc3f-0373-5b94-b910-6ce9f7f98346,6a379419-7f07-55f2-a7a1-c92bb24d1f27,43,2024-03-23 11:37:01+00
c67b3f32-5def-570e-91ef-9ce72d38af17,11e2fc3f-0373-5b94-b910-6ce9f7f98346,474da520-6891-5d9b-ad56-dbc5e963bb3f,37,2024-03-23 11:37:01+00
de7ab73b-1db7-5d37-9e79-17a4a2b84ce3,b411bf26-2cb9-5604-aabc-423239d836f1,bcd21179-c89f-5095-808a-e72f06c0841d,10,2024-02-03 17:30:50+00
9c03803d-6971-5cc8-b666-57d3e85b8673,95585700-2298-5d0f-82a9-51cefe0f69f0,98f9ed1d-3d10-5a68-a387-66981e9dde59,44,2024-10-15 14:32:36+00
553c5826-3eb9-5c1d-984b-4b8b774eb9b7,95585700-2298-5d0f-82a9-51cefe0f69f0,ab9d2edf-ae6c-55be-beec-404b29edda19,54,2024-10-15 14:32:36+00
44343de4-cb12-56a7-a8f7-d6fff2176702,d42fabcc-cade-5891-a9a8-1dfbe9939e0a,5e41eef3-c306-5dd1-ab8c-d305ebc7c2d5,14,2024-11-10 17:31:29+00
2bd3a1c6-7d72-5866-965d-136201e8bfc1,d42fabcc-cade-5891-a9a8-1dfbe9939e0a,59115f56-acf8-50f7-9dfd-c99816aa2172,32,2024-11-10 17:31:29+00
333ff07e-5f2f-5811-9cdb-d6f0d4f9b298,d42fabcc-cade-5891-a9a8-1dfbe9939e0a,12d2e257-18af-5ea5-9b8e-109e869b4b9e,58,2024-11-10 17:31:29+00
3229a32d-d362-5e9d-8249-ee52c8ce662f,d42fabcc-cade-5891-a9a8-1dfbe9939e0a,76ce6f91-8d47-5bfd-a8a9-b086d8728beb,38,2024-11-10 17:31:29+00
20587865-730b-54aa-b63f-5019279ae6da,5c8c9be8-6044-5ae8-934d-2d2c690a68ca,8243c793-3801-5a72-86e5-9ab29d8d498d,48,2024-09-09 16:36:19+00
9509d651-69ae-5b44-94ae-8ee60dd6ab02,5c8c9be8-6044-5ae8-934d-2d2c690a68ca,8191a9f6-2263-53f2-a6a6-4c31e81e996e,28,2024-09-09 16:36:19+00
851547a1-a81f-530c-ac2a-1db0ad116d81,5c8c9be8-6044-5ae8-934d-2d2c690a68ca,63b368d3-a702-5229-a0eb-00c0e02acf2c,6,2024-09-09 16:36:19+00
8a972e8d-636b-500c-b358-93c5c5293aa1,5c8c9be8-6044-5ae8-934d-2d2c690a68ca,1b8e1d0e-392d-5e23-854a-832f0d6ac35d,53,2024-09-09 16:36:19+00
3c6a4eb1-b673-5024-98f3-9ecc6a9523f4,eb568316-298d-5ecd-b9ed-aba8f3304d0f,48b59f70-e096-547d-97be-0afd9e0ef1f4,183,2024-07-15 01:31:10+00
83d63ce8-c3cc-5a13-820b-6398f17aa841,86564726-1503-5259-908d-56e737022254,fc7fc417-cce4-5f70-a6f1-8ce7a0edf5e9,27,2024-09-09 10:35:44+00
d2064862-edf7-541b-b721-846ebce8d3c0,86564726-1503-5259-908d-56e737022254,474da520-6891-5d9b-ad56-dbc5e963bb3f,23,2024-09-09 10:35:44+00
f6bbfe40-9d08-5811-a3af-1a56b9af8c70,ab8ced86-045f-5e2b-8ad0-448f0ad51c88,721d117c-620d-5f92-b800-3e89864cc8d3,30,2024-11-19 12:26:43+00
e436418d-5de5-59ec-8b68-85233820ee81,e8c2e0a2-ab00-56d8-ab6d-e6ab6c4d7a38,721d117c-620d-5f92-b800-3e89864cc8d3,29,2024-02-10 21:23:03+00
31552b60-f878-5af2-9c2b-d1f5206a238c,e8c2e0a2-ab00-56d8-ab6d-e6ab6c4d7a38,59115f56-acf8-50f7-9dfd-c99816aa2172,15,2024-02-10 21:23:03+00
af34cd19-9754-598f-933e-7c97dd7e803b,84009cd6-97c7-5cff-9bc8-c3e650f7a856,015ee94d-a0dc-5a3a-96b4-4318093cd0c8,19,2024-10-28 19:15:10+00
78cbf3b1-442c-5178-bb90-0311f42e540c,84009cd6-97c7-5cff-9bc8-c3e650f7a856,cf629a09-093e-5b99-8bf4-da2438fa51c4,11,2024-10-28 19:15:10+00
28491c45-b980-5293-b58d-a3a8315d8874,84009cd6-97c7-5cff-9bc8-c3e650f7a856,f40bf37b-20d6-5349-82b6-18cbd1f10e83,28,2024-10-28 19:15:10+00
15629136-d7d0-5d04-bf91-53b18b356a6b,64f49749-badb-539e-9ce1-0863fc3254b4,047edcf5-114c-5342-b495-232fc4aaf6fe,54,2024-11-26 23:26:22+00
8d9da396-cde8-5188-96a3-7c4f014249cd,64f49749-badb-539e-9ce1-0863fc3254b4,f3c9e6db-5001-5325-b688-27d1d3fc04c1,19,2024-11-26 23:26:22+00
1fe350bb-1fdb-5031-9c21-eb86b1a4b4ab,64f49749-badb-539e-9ce1-0863fc3254b4,dbfbb0d5-1eb8-59dd-bad5-834d7a45a348,45,2024-11-26 23:26:22+00
a82154db-e7aa-50c5-a169-9de616f07a63,0e2bb8e1-0403-5dff-add0-9b6a26588cfd,c388846e-4e3c-5d57-b61f-ed13c7edc4da,58,2024-09-27 09:32:51+00
0d4cebc7-ad4d-5dcc-addc-836052c765ad,0e2bb8e1-0403-5dff-add0-9b6a26588cfd,605027f9-8c6a-5d9a-80f7-9d3d42930f12,20,2024-09-27 09:32:51+00
052e6816-05ab-519f-ab59-9b0155165fdb,c913b05d-a70e-5f60-b096-71e0b05dbdc7,4ccb08b0-f9e0-5e25-89e3-bea409b0d0cb,17,2024-10-13 12:06:01+00
5eb0ab35-8129-5d26-a8f2-f9b489bb5c2c,c913b05d-a70e-5f60-b096-71e0b05dbdc7,c7c80e8e-2456-5c4b-97cb-5d6b8aea9e11,28,2024-10-13 12:06:01+00
efa4bbb0-993c-5c11-9dbe-41f04a9b9738,c913b05d-a70e-5f60-b096-71e0b05dbdc7,5f832cdc-1407-55fc-8fd5-76ca28247722,57,2024-10-13 12:06:01+00
7d900337-987e-5b13-8e4f-9af4a3ef580e,8811a92f-f97d-534a-9470-60a9f517d120,2c21421b-d3c2-55c3-8144-0c1f6b3e4f6a,22,2024-09-25 17:29:05+00
fdf6fb15-c8e7-5cf4-8441-de5a2b92481d,62883194-2758-5d58-9160-9979e56019fa,85ee2954-52d3-5ec2-8fea-0575175559ac,44,2024-03-17 17:05:56+00
f4fcd6fe-2242-59d8-9a39-f54f0bad6913,62883194-2758-5d58-9160-9979e56019fa,3ba63656-6a91-5254-8fd9-1b6d20dced02,49,2024-03-17 17:05:56+00
d12f2a53-f9f9-5ada-9a15-f04829ea24ce,62883194-2758-5d58-9160-9979e56019fa,70b50d29-9125-53dc-a829-c961b011e429,40,2024-03-17 17:05:56+00
e5649817-ee4b-54a1-a0d3-9359996183d0,62883194-2758-5d58-9160-9979e56019fa,3f7c929e-b070-5624-afcb-413255a3e8b7,53,2024-03-17 17:05:56+00
1776850b-dcbe-52be-ac80-623471f79e1e,04dac953-c5f7-5d9d-81e5-b97a28cdcd57,7139ebf2-1aff-593d-9366-22949a04fd61,13,2024-05-19 21:35:06+00
defe103a-957a-51cd-bd4f-fc4e1b5942cd,04dac953-c5f7-5d9d-81e5-b97a28cdcd57,ae16db22-a7d1-5cd3-8409-669d957eb80d,56,2024-05-19 21:35:06+00
bf5593a5-af4e-5e8d-9cd8-a699649ce343,04dac953-c5f7-5d9d-81e5-b97a28cdcd57,73148ed3-fbe9-5571-a16d-34fb5520390e,31,2024-05-19 21:35:06+00
0f046e43-c117-5cf9-8f81-35a580aaf491,04dac953-c5f7-5d9d-81e5-b97a28cdcd57,4ccb08b0-f9e0-5e25-89e3-bea409b0d0cb,60,2024-05-19 21:35:06+00
55ab16cc-ba81-5ac4-8a1a-684f9aa7eae5,f7ff9d69-a4ab-5b66-8eae-75e5dcecd09c,fc7fc417-cce4-5f70-a6f1-8ce7a0edf5e9,36,2024-09-16 22:30:42+00
3aa2fbf3-becd-5897-a6f2-443378e03a6b,f7ff9d69-a4ab-5b66-8eae-75e5dcecd09c,5bfb3415-c6ae-5fa3-a84b-8a98a543ab9a,26,2024-09-16 22:30:42+00
3733c12b-62ec-54fb-ba56-ab7a6ed02173,6051fa12-76d1-5762-a2b4-8e14a1334ce3,474da520-6891-5d9b-ad56-dbc5e963bb3f,23,2024-12-08 20:23:10+00
ea4d55dc-3987-5258-a2c6-560b625eabfe,6051fa12-76d1-5762-a2b4-8e14a1334ce3,3f7c929e-b070-5624-afcb-413255a3e8b7,24,2024-12-08 20:23:10+00
4bb4282d-5372-5d1c-824b-3eaab604799d,6051fa12-76d1-5762-a2b4-8e14a1334ce3,3ba63656-6a91-5254-8fd9-1b6d20dced02,10,2024-12-08 20:23:10+00
ac0708d9-2be3-528b-b37c-f0427aaf973a,a24b7530-9416-59c4-bb29-4dfce1fcf3ad,d02cf696-fbfe-56b7-8ff3-89608483ee25,340,2024-08-07 21:00:25+00
066dfda2-197b-58f5-877c-ffd16c5135a2,a24b7530-9416-59c4-bb29-4dfce1fcf3ad,d02cf696-fbfe-56b7-8ff3-89608483ee25,77,2024-08-07 21:00:25+00
e4f6d0e6-7c0c-5734-9e02-4a07404eb0e7,a24b7530-9416-59c4-bb29-4dfce1fcf3ad,3f7c929e-b070-5624-afcb-413255a3e8b7,369,2024-08-07 21:00:25+00
26971632-7625-55d8-815b-f52590edc8d0,9cd7b761-91d6-5a31-8d5f-8a68d28bb57f,73148ed3-fbe9-5571-a16d-34fb5520390e,40,2024-09-07 08:22:07+00
724648e5-dba8-5286-be23-1278947be7e1,9cd7b761-91d6-5a31-8d5f-8a68d28bb57f,d6481438-ce10-5e85-8b0a-fbc48dcd19e7,23,2024-09-07 08:22:07+00
2ceef7ae-9a5b-5be5-872e-0a6bc672a74f,53c187c4-867f-55c1-bea1-439b5f3f06a3,87bd34d0-75d8-568d-abd0-77f535fdb719,36,2024-09-24 00:26:20+00
30a3f2fc-efd4-5aa6-956f-a5fd0d8fdd88,53c187c4-867f-55c1-bea1-439b5f3f06a3,f3d43083-cf37-52fb-bc02-bff47203b7c9,32,2024-09-24 00:26:20+00
8650139f-c676-5561-a852-81ff2b2da738,53c187c4-867f-55c1-bea1-439b5f3f06a3,bcd21179-c89f-5095-808a-e72f06c0841d,51,2024-09-24 00:26:20+00
df22ef4c-05a0-5b06-a94a-007bfe2bf84e,53c187c4-867f-55c1-bea1-439b5f3f06a3,03daeeea-7468-535a-a03a-78f80e9f433f,14,2024-09-24 00:26:20+00
bfa66456-5048-51d6-9053-23d34b01b5ce,a6163050-a1e7-5cb5-9df1-e35a650299e9,c7c80e8e-2456-5c4b-97cb-5d6b8aea9e11,50,2024-11-23 10:25:10+00
2e2e3bc2-8346-5699-aa8f-41a94104c4ed,a6163050-a1e7-5cb5-9df1-e35a650299e9,015ee94d-a0dc-5a3a-96b4-4318093cd0c8,52,2024-11-23 10:25:10+00
4e99d6d0-f41e-51fe-afb9-9533256e905b,642d9802-7938-590e-9c67-19fd210220ae,0f7722fa-332a-5a19-922d-1d9cab8dda65,233,2024-02-02 18:09:46+00
350795df-d21f-5ee2-8c86-ca31c9f7a678,2806aadd-ccae-55f2-9c55-9f46e724ce5f,571424b7-2fc1-5ceb-8982-7426cc703fff,6,2024-02-17 00:17:54+00
7a036ad8-4e6d-5c0b-b94e-9766a46c9b4b,2806aadd-ccae-55f2-9c55-9f46e724ce5f,70b50d29-9125-53dc-a829-c961b011e429,30,2024-02-17 00:17:54+00
15379553-33fb-50ef-ae5e-085aadae372f,2806aadd-ccae-55f2-9c55-9f46e724ce5f,c914dcac-18fe-5928-87c0-80e93bb776c2,47,2024-02-17 00:17:54+00
ad1da661-08b7-50c7-a4ab-c61f3bb65564,2806aadd-ccae-55f2-9c55-9f46e724ce5f,8243c793-3801-5a72-86e5-9ab29d8d498d,27,2024-02-17 00:17:54+00
06ff5539-bb63-511d-87c5-9ce630f80144,f8541dfd-c088-5323-b8d4-8bafc4fc2c1b,4ccb08b0-f9e0-5e25-89e3-bea409b0d0cb,14,2024-09-18 12:33:01+00
f8e1e407-de6e-5753-9334-38aeea08706b,ca7ea3ff-97ec-535a-a771-614286237b10,6e22d3ea-9fc0-56fa-a367-352e633df40c,40,2024-09-18 23:44:53+00
7858156a-c609-5989-9acf-c7a2aafb82c2,ca7ea3ff-97ec-535a-a771-614286237b10,bcd21179-c89f-5095-808a-e72f06c0841d,12,2024-09-18 23:44:53+00
4e5cc654-829a-5764-8375-1c82cdec8eae,ca7ea3ff-97ec-535a-a771-614286237b10,c7c80e8e-2456-5c4b-97cb-5d6b8aea9e11,9,2024-09-18 23:44:53+00
f716592a-d22b-5b84-9a76-54d6005593ef,ca7ea3ff-97ec-535a-a771-614286237b10,5f832cdc-1407-55fc-8fd5-76ca28247722,17,2024-09-18 23:44:53+00
3066761a-2d15-54a3-a345-9f4652bb5b27,a4cc2517-0a26-57f2-a307-0f6d01596053,03daeeea-7468-535a-a03a-78f80e9f433f,15,2024-10-27 08:22:14+00
a8172003-35fe-5add-9715-17e6f0fbf833,a4cc2517-0a26-57f2-a307-0f6d01596053,73148ed3-fbe9-5571-a16d-34fb5520390e,56,2024-10-27 08:22:14+00
ab208170-3010-5fb0-b2cb-b35a8cb8ce92,6c1e706c-8ae2-5b5c-8ddf-1d70d3f7a9f9,4ccb08b0-f9e0-5e25-89e3-bea409b0d0cb,46,2024-10-26 17:16:07+00
16bbee87-cd61-5ec1-a793-1f837f891540,6c1e706c-8ae2-5b5c-8ddf-1d70d3f7a9f9,9b88c78b-34e7-51c0-8f51-940e61379648,55,2024-10-26 17:16:07+00
d4f46594-31e7-5f56-a6a4-90b59f7e1245,73be41df-9573-57c2-af28-fc8710760aa9,093be7d5-f016-5f2c-b71d-4dce4b0e9514,19,2024-10-03 19:21:01+00
74eed094-d5c9-5897-a5a3-b477e89cc2cc,73be41df-9573-57c2-af28-fc8710760aa9,f40bf37b-20d6-5349-82b6-18cbd1f10e83,23,2024-10-03 19:21:01+00
d495fd7e-41b2-5471-b89e-05d7ced45bf3,73be41df-9573-57c2-af28-fc8710760aa9,5abd18e8-de32-5af1-b593-d3190e9164a5,41,2024-10-03 19:21:01+00
c96798dc-c16c-5451-8cab-08ef125e3965,73be41df-9573-57c2-af28-fc8710760aa9,d6e9c7be-33cb-5851-ab77-08e587828108,41,2024-10-03 19:21:01+00
b196ff2b-9f45-5ede-a3b4-6344ac889f34,a3318440-6610-535b-a211-93bdad3dc334,c0f44500-e1d1-59e0-b53b-e0e98b24a7cf,16,2024-09-13 01:07:57+00
53073b88-d013-559e-8499-c61bb1cefbe6,a3318440-6610-535b-a211-93bdad3dc334,bcd21179-c89f-5095-808a-e72f06c0841d,9,2024-09-13 01:07:57+00
22c8b7a2-a0ca-5b1c-9986-90c24b4c5cbb,a3318440-6610-535b-a211-93bdad3dc334,7698a25a-a051-53c9-ae74-597da202ffca,20,2024-09-13 01:07:57+00
3c3da2ec-fdf1-576a-bc9f-fa897d1fdd45,a3318440-6610-535b-a211-93bdad3dc334,a32d3b40-78a1-5f18-8b90-4dd8cd4ea27b,34,2024-09-13 01:07:57+00
c04f62ad-3870-5423-a28a-ffb88b994b96,1515a34d-a588-5389-a931-f3a4331ac94c,3f7c929e-b070-5624-afcb-413255a3e8b7,14,2024-09-11 17:22:18+00
a303b42e-61aa-5355-9743-84bcf1617279,1515a34d-a588-5389-a931-f3a4331ac94c,d6481438-ce10-5e85-8b0a-fbc48dcd19e7,13,2024-09-11 17:22:18+00
2b296b29-62ea-5eaf-a649-899ba816cea8,b9642ea9-3483-5e22-82e5-4126720a8f26,eb65b5fa-c2cb-589b-9049-2b6c7bf4d22d,56,2024-07-22 16:11:49+00
754105d8-f488-500b-aa58-77d98fc90a90,b9642ea9-3483-5e22-82e5-4126720a8f26,ef9ef5f5-f4f4-5cf3-8420-397a6fcbf152,38,2024-07-22 16:11:49+00
cc4511af-b09a-5cff-9881-508fa227f569,b9642ea9-3483-5e22-82e5-4126720a8f26,950c0334-92d4-54ec-b05b-35e20983883c,33,2024-07-22 16:11:49+00
24d889f5-fdca-5c4a-a4c7-e40891e52624,b9642ea9-3483-5e22-82e5-4126720a8f26,22326882-02d4-5cec-806a-1e1016a55411,49,2024-07-22 16:11:49+00
12af7690-b6db-568c-afc2-4b6761a9dbdd,79c68532-7004-5f32-b175-10b6bab5a28a,ce143825-d54b-50ec-92fe-c61fdb5ae610,6,2024-09-06 11:43:30+00
539d3218-3a8e-531c-85b2-b489b64196bf,dd37dd1e-5699-5252-b84a-5a15464c5835,7139ebf2-1aff-593d-9366-22949a04fd61,18,2024-11-03 17:39:10+00
c70d8b7b-03bc-5fc3-a8a0-05fc961939ca,dd37dd1e-5699-5252-b84a-5a15464c5835,59115f56-acf8-50f7-9dfd-c99816aa2172,60,2024-11-03 17:39:10+00
985b5053-56c2-590b-bb48-3704fb785af4,dd37dd1e-5699-5252-b84a-5a15464c5835,12d2e257-18af-5ea5-9b8e-109e869b4b9e,46,2024-11-03 17:39:10+00
475ed288-2dd4-54cd-ba14-1f4e74ff68cf,5f0f0eb4-4ef7-5df5-967d-7f2885c83949,0f7722fa-332a-5a19-922d-1d9cab8dda65,44,2024-10-27 21:06:18+00
730b89aa-2cce-5d92-8c38-9bb7f11d35d8,5f0f0eb4-4ef7-5df5-967d-7f2885c83949,c0f44500-e1d1-59e0-b53b-e0e98b24a7cf,41,2024-10-27 21:06:18+00
b9424e1d-549f-51ae-9f92-f79aa0a9f044,82d91df2-bd3a-5cd9-8096-71493560b0d8,f40bf37b-20d6-5349-82b6-18cbd1f10e83,8,2024-08-28 17:40:30+00
c2312f80-588d-5363-9acc-2dabf958c04d,82d91df2-bd3a-5cd9-8096-71493560b0d8,12d2e257-18af-5ea5-9b8e-109e869b4b9e,12,2024-08-28 17:40:30+00
d559ef24-8faa-5da0-bcfd-740990e5f6fe,7faa51e5-335a-56d2-9651-aa22623a875e,a4acb526-e0ea-590e-9293-ff9e90059c15,12,2024-03-01 23:09:31+00
60135b17-9fad-5dc7-85f4-ead4a2ff8f6e,badfa811-8726-57fd-8ca0-a9b6eee85900,9b88c78b-34e7-51c0-8f51-940e61379648,17,2024-09-04 17:02:10+00
34c3d84d-bf72-5bef-9bd9-03d5438fd098,badfa811-8726-57fd-8ca0-a9b6eee85900,5f832cdc-1407-55fc-8fd5-76ca28247722,7,2024-09-04 17:02:10+00
91df4ed3-26b0-5dcd-b0fc-d14260cfb002,badfa811-8726-57fd-8ca0-a9b6eee85900,5e2cc5fc-7d5b-5bba-ad99-4412ab325860,32,2024-09-04 17:02:10+00
e973edad-711f-5a0c-ab16-165fb9115b8e,badfa811-8726-57fd-8ca0-a9b6eee85900,22326882-02d4-5cec-806a-1e1016a55411,39,2024-09-04 17:02:10+00
b30bd5be-29ba-51a0-96bc-2e28250f13e6,c74213d4-0292-53f9-86ea-157dc77b0218,d6481438-ce10-5e85-8b0a-fbc48dcd19e7,10,2024-11-26 12:35:33+00
597ee6ad-355f-524b-b1f7-1cd3d77e777e,c74213d4-0292-53f9-86ea-157dc77b0218,ae16db22-a7d1-5cd3-8409-669d957eb80d,48,2024-11-26 12:35:33+00
95a0ea4e-bdd3-5663-9bce-dcd0dcf8cbae,54d1f75b-8a7f-5bf2-b404-bb5ee4b3353e,a32d3b40-78a1-5f18-8b90-4dd8cd4ea27b,23,2024-09-25 18:00:35+00
298146e1-535f-575e-8ce8-341bb01d62aa,54d1f75b-8a7f-5bf2-b404-bb5ee4b3353e,5abd18e8-de32-5af1-b593-d3190e9164a5,58,2024-09-25 18:00:35+00
562b3c18-6271-5954-abc1-fd09c2b2f078,99291f2d-f4c9-5271-a36f-bd936695ffc7,950c0334-92d4-54ec-b05b-35e20983883c,43,2024-09-24 14:04:30+00
f6b1a131-beaf-5c04-882b-974af6f34046,99291f2d-f4c9-5271-a36f-bd936695ffc7,605027f9-8c6a-5d9a-80f7-9d3d42930f12,36,2024-09-24 14:04:30+00
092a7a36-f5a3-572b-950f-df7c9ae107e5,a09e7196-3845-5013-af26-5b18072d69e2,5e41eef3-c306-5dd1-ab8c-d305ebc7c2d5,28,2024-09-05 12:13:01+00
2497f2d7-9899-5c98-aa2d-7ed024fb8be9,a09e7196-3845-5013-af26-5b18072d69e2,3f7c929e-b070-5624-afcb-413255a3e8b7,18,2024-09-05 12:13:01+00
9ae80666-1320-5289-bd3d-1f2b424faa17,a09e7196-3845-5013-af26-5b18072d69e2,f3c9e6db-5001-5325-b688-27d1d3fc04c1,9,2024-09-05 12:13:01+00
a0cd376a-8788-56a6-a38b-1a9364c5a33b,28812907-5872-586a-9962-3ac6ae21f2c4,cf40a232-f9b9-5adf-afb6-0a981f2ffcf7,19,2024-03-20 16:32:53+00
1505c0d0-71f2-50ad-98c1-21456df5e791,28812907-5872-586a-9962-3ac6ae21f2c4,a32a21a2-1fde-52e6-a745-494a810ef82b,8,2024-03-20 16:32:53+00
5541c07c-fe15-5971-9348-e470becd6ca1,a7caf828-7dc2-5395-b596-be6057fd4b16,03daeeea-7468-535a-a03a-78f80e9f433f,19,2024-11-13 16:05:49+00
de5512b5-d4c2-5bfa-8ffc-a7c7e843d663,27efd56b-d0e5-54d7-8192-1739f02329ed,f3d43083-cf37-52fb-bc02-bff47203b7c9,49,2024-09-11 13:17:49+00
8c4e1e6b-fe6e-52ca-bdc8-c121a84af902,ae8d00ba-169a-5e14-8303-f0791108e1db,950c0334-92d4-54ec-b05b-35e20983883c,54,2024-05-26 16:08:30+00
4f695998-9193-5703-bbf9-214a9196b824,ae8d00ba-169a-5e14-8303-f0791108e1db,8110e190-2a4b-579b-be2c-511de85ab755,32,2024-05-26 16:08:30+00
a98a5ea9-1535-578e-8508-c91f93bd3cb9,ae8d00ba-169a-5e14-8303-f0791108e1db,dbfbb0d5-1eb8-59dd-bad5-834d7a45a348,44,2024-05-26 16:08:30+00
70387afe-3f7d-52be-b7d1-78a658ab4004,ae8d00ba-169a-5e14-8303-f0791108e1db,bcd21179-c89f-5095-808a-e72f06c0841d,42,2024-05-26 16:08:30+00
3cf149c7-32ca-54ec-a3db-59c7ef81e509,23e20c62-555f-52e4-91ae-ac6a11d6bf05,d6e9c7be-33cb-5851-ab77-08e587828108,34,2024-06-27 21:11:46+00
567bf93c-3c74-514b-b0e2-b4d6f6f19a18,23e20c62-555f-52e4-91ae-ac6a11d6bf05,a4acb526-e0ea-590e-9293-ff9e90059c15,7,2024-06-27 21:11:46+00
1bbc6c14-e89f-572c-a5c7-483beec7c58e,17e6e2fe-552d-5b67-8912-98887cea929f,4bb3265f-5fd8-5ee9-b01b-7ca5808bca6b,19,2024-03-02 00:14:08+00
40d06591-39cb-579e-a08f-88de66b1369b,17e6e2fe-552d-5b67-8912-98887cea929f,263e995b-8be3-5198-adb6-aa81c41bf770,22,2024-03-02 00:14:08+00
28c75bed-25ab-5336-af95-cd3ecbb647e9,17e6e2fe-552d-5b67-8912-98887cea929f,c914dcac-18fe-5928-87c0-80e93bb776c2,36,2024-03-02 00:14:08+00
1b80546f-6ce6-51bc-9078-f7260f2839c9,17e6e2fe-552d-5b67-8912-98887cea929f,c388846e-4e3c-5d57-b61f-ed13c7edc4da,7,2024-03-02 00:14:08+00
2257d253-9274-5fcb-9796-f355eda498c0,9f21d7ea-92d2-522c-9e6c-4dd2f474e1d5,015ee94d-a0dc-5a3a-96b4-4318093cd0c8,26,2024-09-21 17:25:00+00
5f2b2bb0-7471-5d47-8a8d-448947a49db2,4d73e788-4f2c-507e-8a19-408769f59ed1,ef9ef5f5-f4f4-5cf3-8420-397a6fcbf152,50,2024-08-25 17:02:53+00
dc2592bd-bdf5-5884-96a5-35016c2c9d08,4e4d5167-134e-5f1b-9f3f-c9fdd7bcbe75,a4acb526-e0ea-590e-9293-ff9e90059c15,50,2024-09-12 16:18:48+00
4e111b17-3e72-55bc-a24f-5022635aa272,4e4d5167-134e-5f1b-9f3f-c9fdd7bcbe75,5abd18e8-de32-5af1-b593-d3190e9164a5,41,2024-09-12 16:18:48+00
ff8708e8-5e24-57db-bab2-c815994c0b98,6f1afbfd-3068-5074-86a5-ef74cc3eefc6,98f9ed1d-3d10-5a68-a387-66981e9dde59,18,2024-11-12 15:29:04+00
bb9a9938-f8af-5d1c-a2cd-6d232542ca1f,6f1afbfd-3068-5074-86a5-ef74cc3eefc6,c0f44500-e1d1-59e0-b53b-e0e98b24a7cf,26,2024-11-12 15:29:04+00
800daa06-4492-5894-8923-505ae6e34182,6f1afbfd-3068-5074-86a5-ef74cc3eefc6,ce143825-d54b-50ec-92fe-c61fdb5ae610,43,2024-11-12 15:29:04+00
08273d90-ec03-5ea7-9b40-dae82e016980,6f1afbfd-3068-5074-86a5-ef74cc3eefc6,bcd21179-c89f-5095-808a-e72f06c0841d,21,2024-11-12 15:29:04+00
6cc8239c-0316-54af-b93f-8e5ead8512c1,ec166581-0dc6-5b0e-b38d-a111facf5461,5abd18e8-de32-5af1-b593-d3190e9164a5,7,2024-09-12 17:04:22+00
075faf2c-7548-5efa-a8ab-77612018ecbc,ec166581-0dc6-5b0e-b38d-a111facf5461,63b368d3-a702-5229-a0eb-00c0e02acf2c,30,2024-09-12 17:04:22+00
1b59aaea-01d5-5575-bb74-1a7796727b10,ec166581-0dc6-5b0e-b38d-a111facf5461,d6481438-ce10-5e85-8b0a-fbc48dcd19e7,24,2024-09-12 17:04:22+00
3fb4fe29-b00e-5809-8754-242d54d731c6,ec166581-0dc6-5b0e-b38d-a111facf5461,a68ed02d-80a0-5ebb-a79e-1ef7c4187de5,6,2024-09-12 17:04:22+00
13e7b3ed-24e3-519f-a200-c020f4799119,0faa31ca-df21-561c-a17e-4dd978a311e8,5abd18e8-de32-5af1-b593-d3190e9164a5,52,2024-02-29 16:33:09+00
fb6878dc-fd8d-591e-904e-cb89af95e369,0538b9e1-6ce9-5d2f-b9c3-12bbbf9862b6,59115f56-acf8-50f7-9dfd-c99816aa2172,5,2024-10-26 19:37:41+00
bc92964f-1b11-52eb-a0f4-3fea102f86fb,0538b9e1-6ce9-5d2f-b9c3-12bbbf9862b6,e3a10959-a74e-5cdd-bd80-3c24836fb062,25,2024-10-26 19:37:41+00
6d6e6212-b3a7-5b15-80f2-c79b97d46145,0538b9e1-6ce9-5d2f-b9c3-12bbbf9862b6,ebdcc5e9-63c3-5a52-9521-f031c6154feb,21,2024-10-26 19:37:41+00
fb3e4493-e425-593b-8634-0e588f3bdf26,9ed997dd-a48e-5152-a316-b8acf61ef0f0,eb65b5fa-c2cb-589b-9049-2b6c7bf4d22d,38,2024-09-13 16:20:19+00
f6cdd452-4a04-5b5c-98d8-5f12516b531a,9ed997dd-a48e-5152-a316-b8acf61ef0f0,f3d43083-cf37-52fb-bc02-bff47203b7c9,46,2024-09-13 16:20:19+00
6c7a1601-a714-5b5d-8509-beb9bd60f695,9ed997dd-a48e-5152-a316-b8acf61ef0f0,ef9ef5f5-f4f4-5cf3-8420-397a6fcbf152,42,2024-09-13 16:20:19+00
f3d0455c-e507-5da0-8975-0bbb852abc03,9ed997dd-a48e-5152-a316-b8acf61ef0f0,3ba63656-6a91-5254-8fd9-1b6d20dced02,57,2024-09-13 16:20:19+00
a0638496-0365-57e4-aebe-16fa822f746e,8191cd36-6459-5c94-9154-61f679d3b940,5f832cdc-1407-55fc-8fd5-76ca28247722,36,2024-11-05 00:06:58+00
9db29be5-86ea-5f54-9f96-b7c7d8992461,8191cd36-6459-5c94-9154-61f679d3b940,6e22d3ea-9fc0-56fa-a367-352e633df40c,36,2024-11-05 00:06:58+00
7ad40020-eec8-5124-a245-d87559bad936,e15bf89c-07cd-5bbd-9785-0a116d87dbc0,5bfb3415-c6ae-5fa3-a84b-8a98a543ab9a,47,2024-05-16 19:11:53+00
2e82c038-8165-53ce-b932-acff4a2dfa29,e15bf89c-07cd-5bbd-9785-0a116d87dbc0,43239255-9abf-522a-a0ca-d242c13539cf,42,2024-05-16 19:11:53+00
c4355a2a-1509-5138-b767-79b66ec11c18,d55aa43f-5902-559b-a21b-2ab157cb251e,515f77ef-9c32-5e75-81c3-2b3795c000f2,59,2024-02-29 01:01:00+00
5a040439-0322-5254-bd0e-fd1e1bfa7e03,d55aa43f-5902-559b-a21b-2ab157cb251e,fc7fc417-cce4-5f70-a6f1-8ce7a0edf5e9,6,2024-02-29 01:01:00+00
22c83287-f17e-5d5f-a7e3-67eea68cd39a,1dde0f04-3494-510c-bad6-b9b2a7242d7c,7139ebf2-1aff-593d-9366-22949a04fd61,47,2024-01-28 00:36:54+00
066aadd2-edf5-581c-ba97-82489af7214d,585259d1-6c60-52a9-9e29-17f5039e056b,87bd34d0-75d8-568d-abd0-77f535fdb719,12,2024-01-15 20:37:15+00
6d4ef4e8-02b3-5481-9534-10d61c14ee62,585259d1-6c60-52a9-9e29-17f5039e056b,bcd21179-c89f-5095-808a-e72f06c0841d,6,2024-01-15 20:37:15+00
0b839acd-0102-5f4b-b1d8-06d1fcfe0800,585259d1-6c60-52a9-9e29-17f5039e056b,e7c66ad7-b5d3-5271-9438-d4741c6f9cbc,37,2024-01-15 20:37:15+00
ab42c7a0-2a13-5d18-b6f8-b5a91c231e07,585259d1-6c60-52a9-9e29-17f5039e056b,43239255-9abf-522a-a0ca-d242c13539cf,47,2024-01-15 20:37:15+00
219dfaa9-0fb7-5a51-a96e-04d1c0c1d90e,01ccddf0-e3cd-5240-9a3d-5d97b67a07d8,c388846e-4e3c-5d57-b61f-ed13c7edc4da,37,2024-09-10 16:09:26+00
4183b4d5-9987-57a3-8c10-53e89222304c,01ccddf0-e3cd-5240-9a3d-5d97b67a07d8,d02cf696-fbfe-56b7-8ff3-89608483ee25,41,2024-09-10 16:09:26+00
56873dc8-65bb-56e9-91e6-43f933295470,01ccddf0-e3cd-5240-9a3d-5d97b67a07d8,cf629a09-093e-5b99-8bf4-da2438fa51c4,28,2024-09-10 16:09:26+00
65c858c8-6ede-50d7-8fee-7f5ef0819989,c69872e2-7e22-55be-a20f-57637fd465e8,76ce6f91-8d47-5bfd-a8a9-b086d8728beb,35,2024-01-07 00:01:45+00
973888a2-fa50-5820-83a9-b0c11d65579f,c69872e2-7e22-55be-a20f-57637fd465e8,8243c793-3801-5a72-86e5-9ab29d8d498d,58,2024-01-07 00:01:45+00
bed4f649-734c-5769-9312-29dee07eeece,c69872e2-7e22-55be-a20f-57637fd465e8,950c0334-92d4-54ec-b05b-35e20983883c,10,2024-01-07 00:01:45+00
aa217d13-3894-58dd-9340-72914ebfe22a,c69872e2-7e22-55be-a20f-57637fd465e8,263e995b-8be3-5198-adb6-aa81c41bf770,10,2024-01-07 00:01:45+00
d5ad8501-823f-5102-9a6c-159417c0413f,a38d334f-8635-56b4-afe9-fbb2e901220e,ef9ef5f5-f4f4-5cf3-8420-397a6fcbf152,51,2024-03-16 17:18:27+00
1777bf0d-60ef-55cb-b4c4-c214b1c3b03c,a38d334f-8635-56b4-afe9-fbb2e901220e,605027f9-8c6a-5d9a-80f7-9d3d42930f12,47,2024-03-16 17:18:27+00
2046f8d3-114e-51ed-85c2-a84ed4f0060d,5ce85508-f806-5fcf-94fb-29754ace0650,c914dcac-18fe-5928-87c0-80e93bb776c2,55,2024-09-01 16:40:11+00
a17b7400-7720-5c4a-90ba-44377104d1bd,5ce85508-f806-5fcf-94fb-29754ace0650,a4acb526-e0ea-590e-9293-ff9e90059c15,27,2024-09-01 16:40:11+00
5e672a70-455b-5cb3-b2ae-ad0df28c4fd6,5ce85508-f806-5fcf-94fb-29754ace0650,093be7d5-f016-5f2c-b71d-4dce4b0e9514,40,2024-09-01 16:40:11+00
859ac977-bc26-5149-9d66-946bb572f5c3,74bd7563-7086-55b5-8e0d-feb2a592ffb4,9096801a-a6fd-5ca3-a667-34759b5adb9e,11,2024-03-31 23:37:45+00
749d4db5-2b1f-5939-bdef-fade9675f330,74bd7563-7086-55b5-8e0d-feb2a592ffb4,49690aee-94fa-525b-b5ce-92feaf54b957,42,2024-03-31 23:37:45+00
1bbffec7-7d88-5295-9936-f12df3f65b0f,74bd7563-7086-55b5-8e0d-feb2a592ffb4,f40bf37b-20d6-5349-82b6-18cbd1f10e83,16,2024-03-31 23:37:45+00
2dcceafc-fb69-5f55-ab50-436278a215e7,74bd7563-7086-55b5-8e0d-feb2a592ffb4,ebdcc5e9-63c3-5a52-9521-f031c6154feb,43,2024-03-31 23:37:45+00
d31240fc-5f48-5b17-9e0d-5aa3707e458e,5f397f46-936f-531c-9cd7-d49b2706bdc1,98f9ed1d-3d10-5a68-a387-66981e9dde59,22,2024-10-13 16:16:58+00
8fde6f5b-df8b-5021-bd9a-4be52eb72b6f,5f397f46-936f-531c-9cd7-d49b2706bdc1,dbfbb0d5-1eb8-59dd-bad5-834d7a45a348,14,2024-10-13 16:16:58+00
74c342d6-19ed-5682-9636-80e66ab09379,5f397f46-936f-531c-9cd7-d49b2706bdc1,dfaf50bf-7ed8-5e30-b115-e55c44d8e0c1,14,2024-10-13 16:16:58+00
3eb47e52-2f23-5a95-9d3b-1c98b44e11b7,5f397f46-936f-531c-9cd7-d49b2706bdc1,015ee94d-a0dc-5a3a-96b4-4318093cd0c8,29,2024-10-13 16:16:58+00
f64a109a-857b-52c0-ab9e-cf5d36631ca5,50a54607-86e8-5b92-baf2-3a580d6e6a5c,63b368d3-a702-5229-a0eb-00c0e02acf2c,39,2024-11-14 12:37:02+00
4df0eb9f-acd6-5609-b41e-37518c4428ec,50a54607-86e8-5b92-baf2-3a580d6e6a5c,cf629a09-093e-5b99-8bf4-da2438fa51c4,19,2024-11-14 12:37:02+00
20474644-353f-5626-a761-f8203f478546,c258ab2c-d938-5145-8677-5e85ad18f217,5abd18e8-de32-5af1-b593-d3190e9164a5,44,2024-10-16 10:35:59+00
e5dc4d04-6c39-589d-85c0-ee627d8e5647,c258ab2c-d938-5145-8677-5e85ad18f217,c914dcac-18fe-5928-87c0-80e93bb776c2,24,2024-10-16 10:35:59+00
cd1b453a-54f2-57cc-b06f-d0f85ad8e12a,c258ab2c-d938-5145-8677-5e85ad18f217,a4acb526-e0ea-590e-9293-ff9e90059c15,42,2024-10-16 10:35:59+00
6ded445e-8eac-5c34-8958-169d15d5a074,c258ab2c-d938-5145-8677-5e85ad18f217,9b88c78b-34e7-51c0-8f51-940e61379648,27,2024-10-16 10:35:59+00
7ca4a9ae-4e30-50f6-93f3-2105921e7e43,0d265547-2f36-5849-9bc2-4fc37cc4c93d,c0f44500-e1d1-59e0-b53b-e0e98b24a7cf,26,2024-10-23 14:07:22+00
21cc7813-e4df-5196-aa47-e3496be02a2a,0d265547-2f36-5849-9bc2-4fc37cc4c93d,9b88c78b-34e7-51c0-8f51-940e61379648,7,2024-10-23 14:07:22+00
c1a2910c-677a-5ae6-9c72-3f8dabba9c63,0d265547-2f36-5849-9bc2-4fc37cc4c93d,4ccb08b0-f9e0-5e25-89e3-bea409b0d0cb,40,2024-10-23 14:07:22+00
689b8ddf-b1c7-554c-98f2-3aa5c2247b9c,0d265547-2f36-5849-9bc2-4fc37cc4c93d,263e995b-8be3-5198-adb6-aa81c41bf770,26,2024-10-23 14:07:22+00
e0a47f83-4eef-52f9-b14d-0fb21bb9ed35,b8062227-b859-5f28-a8f6-fb49e518f953,73148ed3-fbe9-5571-a16d-34fb5520390e,25,2024-09-09 12:33:49+00
b2c589e3-125e-56ca-8852-cedec86fda15,5fc02678-32a4-5e17-863f-59a3adf526b7,cf40a232-f9b9-5adf-afb6-0a981f2ffcf7,52,2024-04-08 20:38:43+00
8618b91e-7d29-5639-b2ae-37118f7f1f0b,5fc02678-32a4-5e17-863f-59a3adf526b7,c388846e-4e3c-5d57-b61f-ed13c7edc4da,13,2024-04-08 20:38:43+00
4a84ca30-849d-5617-ae43-2ca9df45c7af,5fc02678-32a4-5e17-863f-59a3adf526b7,a32d3b40-78a1-5f18-8b90-4dd8cd4ea27b,39,2024-04-08 20:38:43+00
cad78f66-dbf5-5876-804f-1a2475e71eda,5fc02678-32a4-5e17-863f-59a3adf526b7,5e41eef3-c306-5dd1-ab8c-d305ebc7c2d5,45,2024-04-08 20:38:43+00
0609e037-67ed-5880-a097-76ce4b4c4ace,4e01c98f-9256-5121-9351-9d9384dceb3c,bcd21179-c89f-5095-808a-e72f06c0841d,22,2024-10-04 16:31:31+00
71f48e5d-957d-52cc-ae7e-58a12fb2c2c0,8989c96a-7652-51e2-858f-56ca022eb93a,474da520-6891-5d9b-ad56-dbc5e963bb3f,47,2024-03-06 14:42:46+00
8234592d-73d5-5a96-a0a3-beb52c978f8b,8989c96a-7652-51e2-858f-56ca022eb93a,9b88c78b-34e7-51c0-8f51-940e61379648,49,2024-03-06 14:42:46+00
91036648-b89d-523a-94b3-661c8ee45a9a,8989c96a-7652-51e2-858f-56ca022eb93a,f40bf37b-20d6-5349-82b6-18cbd1f10e83,49,2024-03-06 14:42:46+00
7b819408-1668-523d-ba3e-0f0686e68af3,8989c96a-7652-51e2-858f-56ca022eb93a,bcd21179-c89f-5095-808a-e72f06c0841d,24,2024-03-06 14:42:46+00
27cf8303-08ad-5f60-989f-7810f141a496,46ca54fb-3195-508b-ab95-d4c1f332bf00,6e22d3ea-9fc0-56fa-a367-352e633df40c,12,2024-07-15 01:06:09+00
1cf2767f-c579-5214-a45e-b42478814051,46ca54fb-3195-508b-ab95-d4c1f332bf00,fc7fc417-cce4-5f70-a6f1-8ce7a0edf5e9,51,2024-07-15 01:06:09+00
1b99ed4f-6ebb-5e56-a04a-898be65596a2,46ca54fb-3195-508b-ab95-d4c1f332bf00,8243c793-3801-5a72-86e5-9ab29d8d498d,8,2024-07-15 01:06:09+00
d275a51c-ae81-5270-be38-33c8ffc06a34,ce916797-9f0f-54ae-a0f2-76c7c1263810,70b50d29-9125-53dc-a829-c961b011e429,80,2024-09-01 21:26:02+00
5547f823-e871-5f24-8e46-0b4cbffd6539,6e6905e9-a7c4-59d2-8f6a-c96d217c5a7c,3f7c929e-b070-5624-afcb-413255a3e8b7,11,2024-03-25 16:26:57+00
de851912-f8aa-582d-b66c-ec0f0f48ac66,6e6905e9-a7c4-59d2-8f6a-c96d217c5a7c,f3c9e6db-5001-5325-b688-27d1d3fc04c1,25,2024-03-25 16:26:57+00
21de8ba0-bcec-59ac-9ffe-43874b6e2c51,6e6905e9-a7c4-59d2-8f6a-c96d217c5a7c,0f7722fa-332a-5a19-922d-1d9cab8dda65,29,2024-03-25 16:26:57+00
2cd72436-0ff2-50ce-bf67-4ebc9e866870,6e6905e9-a7c4-59d2-8f6a-c96d217c5a7c,6e22d3ea-9fc0-56fa-a367-352e633df40c,6,2024-03-25 16:26:57+00
9131dbed-7604-50d5-85ef-b034a0a02f20,885a6ac4-dd14-5031-949a-2d1751b3c4a3,c7c80e8e-2456-5c4b-97cb-5d6b8aea9e11,8,2024-11-30 01:09:16+00
31e21ac4-085d-5a35-94c5-4bc1865cc78e,885a6ac4-dd14-5031-949a-2d1751b3c4a3,ab9d2edf-ae6c-55be-beec-404b29edda19,29,2024-11-30 01:09:16+00
04ad7a3e-63f3-575b-b12f-fd370048d200,885a6ac4-dd14-5031-949a-2d1751b3c4a3,a32a21a2-1fde-52e6-a745-494a810ef82b,55,2024-11-30 01:09:16+00
27bf2642-7314-5cce-ac9e-527cd5f3dbc6,aefd6602-c2d8-51de-a3a5-932ac4b3d3f7,7139ebf2-1aff-593d-9366-22949a04fd61,5,2024-10-13 01:33:57+00
541ad192-9178-5b71-82af-70a3fd7b11b2,aefd6602-c2d8-51de-a3a5-932ac4b3d3f7,dbfbb0d5-1eb8-59dd-bad5-834d7a45a348,25,2024-10-13 01:33:57+00
e3aa54a6-77b4-5622-a9d3-6b9ebb45b739,aefd6602-c2d8-51de-a3a5-932ac4b3d3f7,1b8e1d0e-392d-5e23-854a-832f0d6ac35d,36,2024-10-13 01:33:57+00
30a8a5e1-e5e6-5f3f-89fb-0421db0369fe,6d5e9bd9-c4ab-58dd-9565-555a23ab3ca2,73148ed3-fbe9-5571-a16d-34fb5520390e,13,2024-03-15 12:21:46+00
229b1ea2-ec8a-5fb8-80cd-a1951a66e868,15f7b83c-b582-59a3-a821-50b8cebdf0a3,6e22d3ea-9fc0-56fa-a367-352e633df40c,11,2024-10-26 10:43:14+00
5caf5698-0820-533d-988e-55991131b51d,15f7b83c-b582-59a3-a821-50b8cebdf0a3,7698a25a-a051-53c9-ae74-597da202ffca,43,2024-10-26 10:43:14+00
ea4ad390-c5c1-5feb-9303-722ef7c82813,15f7b83c-b582-59a3-a821-50b8cebdf0a3,d02cf696-fbfe-56b7-8ff3-89608483ee25,8,2024-10-26 10:43:14+00
de51c9df-055f-589b-99e9-e57828294090,6c608ba5-b5d9-5d7e-ac4e-a8ea893049c2,df03a7e9-20ca-5987-a644-76566671155b,32,2024-12-11 22:12:44+00
aca3d618-1f73-5b8b-978a-a8adc13940d8,6c608ba5-b5d9-5d7e-ac4e-a8ea893049c2,cf40a232-f9b9-5adf-afb6-0a981f2ffcf7,49,2024-12-11 22:12:44+00
efc62749-a70d-5fec-9628-3960c44f38b1,b6935570-a0c6-546b-ab76-17e06d856090,5b72fcba-23c2-5ea7-9dc2-b32eca367733,16,2024-06-08 22:21:34+00
5e75f16e-6dfa-578c-a745-53fb012e66cc,67228a89-fcad-5eff-9aba-03dedd7c95b9,0f7722fa-332a-5a19-922d-1d9cab8dda65,5,2024-02-21 17:34:21+00
21b2ed28-00e8-5015-a6b2-7a7f6a81019d,67228a89-fcad-5eff-9aba-03dedd7c95b9,e7c66ad7-b5d3-5271-9438-d4741c6f9cbc,5,2024-02-21 17:34:21+00
c1679918-04c7-59ba-9382-c616ec6f0ca6,67228a89-fcad-5eff-9aba-03dedd7c95b9,a68ed02d-80a0-5ebb-a79e-1ef7c4187de5,38,2024-02-21 17:34:21+00
0c95b827-47e2-55ac-adcf-15aa1281d9b6,67228a89-fcad-5eff-9aba-03dedd7c95b9,cf40a232-f9b9-5adf-afb6-0a981f2ffcf7,50,2024-02-21 17:34:21+00
9ea53b43-f30d-5086-8d72-c297dc6d05be,3532c0de-1d4d-5b4c-9dd0-b056c502974e,dfaf50bf-7ed8-5e30-b115-e55c44d8e0c1,56,2024-10-13 18:05:24+00
eb24eb58-71d4-5689-96a5-5310841eaee4,3532c0de-1d4d-5b4c-9dd0-b056c502974e,fc7fc417-cce4-5f70-a6f1-8ce7a0edf5e9,50,2024-10-13 18:05:24+00
32ef5621-d97f-5d5e-8814-990d70779150,3532c0de-1d4d-5b4c-9dd0-b056c502974e,f3c9e6db-5001-5325-b688-27d1d3fc04c1,59,2024-10-13 18:05:24+00
c7d3bc4c-5bb4-510b-aa19-c21ba422976b,3532c0de-1d4d-5b4c-9dd0-b056c502974e,73148ed3-fbe9-5571-a16d-34fb5520390e,9,2024-10-13 18:05:24+00
2aba4303-d44e-5662-9386-bdcbcaa24863,3221345b-58f0-5ac2-9f29-c4c175329e5a,d02cf696-fbfe-56b7-8ff3-89608483ee25,32,2024-02-26 18:36:05+00
09755927-e8ad-5512-b5f0-471281931e8a,3221345b-58f0-5ac2-9f29-c4c175329e5a,a68ed02d-80a0-5ebb-a79e-1ef7c4187de5,51,2024-02-26 18:36:05+00
e1a1c165-07d0-5e9f-bc2a-2845dc2f156c,3221345b-58f0-5ac2-9f29-c4c175329e5a,e7c66ad7-b5d3-5271-9438-d4741c6f9cbc,8,2024-02-26 18:36:05+00
