id,product_id,factory_id,is_primary,capacity_units_per_day,qualified_at,created_at,deactivated_at
2278e264-d0de-5c74-a9fc-d5e8274d6993,c0f44500-e1d1-59e0-b53b-e0e98b24a7cf,8f2d7823-5353-55b7-99c5-837cbc771d58,true,170,2022-06-15 08:00:00+00,2024-01-01 08:00:00+00,
79cf5cc3-655f-5c11-9f4f-727b32524b7d,dfaf50bf-7ed8-5e30-b115-e55c44d8e0c1,8f2d7823-5353-55b7-99c5-837cbc771d58,true,130,2023-07-02 08:00:00+00,2024-01-01 08:00:00+00,
156cd620-d19b-5ab3-a7a6-f3cd91071e18,5abd18e8-de32-5af1-b593-d3190e9164a5,b0a7719d-51cd-5e7d-8e3d-67cc571130e0,true,113,2022-12-21 08:00:00+00,2024-01-01 08:00:00+00,
c5f1a75c-e496-58ff-a172-7650e6358fc8,5abd18e8-de32-5af1-b593-d3190e9164a5,3bd995d9-5386-5200-b14c-337fc57a8bb6,false,112,2022-07-21 08:00:00+00,2024-01-01 08:00:00+00,
7ab0bf81-6004-5eed-bd04-76518fe55a3f,98f9ed1d-3d10-5a68-a387-66981e9dde59,c981f5ef-8774-5129-b83a-c9448b008bfa,true,206,2022-06-23 08:00:00+00,2024-01-01 08:00:00+00,
1e84d20e-f102-5384-932d-ff792c1ecabc,98f9ed1d-3d10-5a68-a387-66981e9dde59,05f60979-948c-56c4-8971-f733be532412,false,108,2022-03-15 08:00:00+00,2024-01-01 08:00:00+00,
4ba55910-61bf-54d1-ae31-bb544061c8c5,b8b98483-157a-5ddb-81bf-f65f95613caa,3bd995d9-5386-5200-b14c-337fc57a8bb6,true,103,2022-03-03 08:00:00+00,2024-01-01 08:00:00+00,
680e2814-296f-5184-bc67-aea3660e741a,ebdcc5e9-63c3-5a52-9521-f031c6154feb,05f60979-948c-56c4-8971-f733be532412,true,84,2022-10-22 08:00:00+00,2024-01-01 08:00:00+00,
193d4ce2-2418-507f-8efd-359bfb74a0a7,ebdcc5e9-63c3-5a52-9521-f031c6154feb,c981f5ef-8774-5129-b83a-c9448b008bfa,false,60,2022-06-16 08:00:00+00,2024-01-01 08:00:00+00,
28cccb49-2f62-5ed9-9dff-9a487ca07ce8,6e22d3ea-9fc0-56fa-a367-352e633df40c,05f60979-948c-56c4-8971-f733be532412,true,203,2022-05-09 08:00:00+00,2024-01-01 08:00:00+00,
96b19a42-c9c4-57f9-bd86-287251a2abcc,6e22d3ea-9fc0-56fa-a367-352e633df40c,b0a7719d-51cd-5e7d-8e3d-67cc571130e0,false,264,2022-08-10 08:00:00+00,2024-01-01 08:00:00+00,
5e8fda1a-60b1-5d50-bf01-5f29294243e0,0f7722fa-332a-5a19-922d-1d9cab8dda65,c981f5ef-8774-5129-b83a-c9448b008bfa,true,230,2023-11-02 08:00:00+00,2024-01-01 08:00:00+00,
e11dd782-073a-5d05-a17d-12c5d7c7da7b,e3a10959-a74e-5cdd-bd80-3c24836fb062,3bd995d9-5386-5200-b14c-337fc57a8bb6,true,115,2022-03-08 08:00:00+00,2024-01-01 08:00:00+00,
1ede0d29-0d0b-5709-9c5d-8812ad8cb9f0,6852d7e8-9827-5aa7-a439-140e7dac645a,c981f5ef-8774-5129-b83a-c9448b008bfa,true,300,2022-12-31 08:00:00+00,2024-01-01 08:00:00+00,
b3b039b8-b05f-5516-87bf-5273d7c88c09,6852d7e8-9827-5aa7-a439-140e7dac645a,8f2d7823-5353-55b7-99c5-837cbc771d58,false,119,2022-07-19 08:00:00+00,2024-01-01 08:00:00+00,
c30af031-bb98-559b-b726-b33ce5000b16,5b72fcba-23c2-5ea7-9dc2-b32eca367733,8f2d7823-5353-55b7-99c5-837cbc771d58,true,269,2022-08-15 08:00:00+00,2024-01-01 08:00:00+00,
8e424ba1-f034-5e78-9b3d-2b9c8db47247,c914dcac-18fe-5928-87c0-80e93bb776c2,c981f5ef-8774-5129-b83a-c9448b008bfa,true,244,2022-04-09 08:00:00+00,2024-01-01 08:00:00+00,
83ea8dc8-6ad4-55d7-8595-0d64c5628be3,d6481438-ce10-5e85-8b0a-fbc48dcd19e7,b0a7719d-51cd-5e7d-8e3d-67cc571130e0,true,156,2022-08-20 08:00:00+00,2024-01-01 08:00:00+00,
f34c9b99-6b93-5460-9346-5ab2f919555e,015ee94d-a0dc-5a3a-96b4-4318093cd0c8,b0a7719d-51cd-5e7d-8e3d-67cc571130e0,true,129,2022-11-24 08:00:00+00,2024-01-01 08:00:00+00,
ddb1b856-88e7-5fa7-8206-45b289075770,a4acb526-e0ea-590e-9293-ff9e90059c15,c981f5ef-8774-5129-b83a-c9448b008bfa,true,292,2022-08-28 08:00:00+00,2024-01-01 08:00:00+00,
6d8882e0-6475-5190-a507-f5aff6b2f07a,a4acb526-e0ea-590e-9293-ff9e90059c15,8f2d7823-5353-55b7-99c5-837cbc771d58,false,109,2022-03-18 08:00:00+00,2024-01-01 08:00:00+00,
3d2073e0-5946-5f97-bef7-408125926d43,3ba63656-6a91-5254-8fd9-1b6d20dced02,3bd995d9-5386-5200-b14c-337fc57a8bb6,true,219,2023-05-11 08:00:00+00,2024-01-01 08:00:00+00,
afe9d415-a683-52d7-bec9-44e55b120c95,3ba63656-6a91-5254-8fd9-1b6d20dced02,b0a7719d-51cd-5e7d-8e3d-67cc571130e0,false,247,2023-03-21 08:00:00+00,2024-01-01 08:00:00+00,
cb29d7a3-b912-575d-8e50-73ddd7be4e81,3f7c929e-b070-5624-afcb-413255a3e8b7,c981f5ef-8774-5129-b83a-c9448b008bfa,true,170,2023-05-06 08:00:00+00,2024-01-01 08:00:00+00,
889f512f-6108-50b4-8c64-d31c83facc2d,fc7fc417-cce4-5f70-a6f1-8ce7a0edf5e9,b0a7719d-51cd-5e7d-8e3d-67cc571130e0,true,286,2023-10-11 08:00:00+00,2024-01-01 08:00:00+00,
caea40b6-ea92-58ba-a1fc-5cc02a0fd541,fc7fc417-cce4-5f70-a6f1-8ce7a0edf5e9,3bd995d9-5386-5200-b14c-337fc57a8bb6,false,182,2023-11-12 08:00:00+00,2024-01-01 08:00:00+00,
ec45338e-3388-5152-a5bf-4909135c909d,87bd34d0-75d8-568d-abd0-77f535fdb719,3bd995d9-5386-5200-b14c-337fc57a8bb6,true,297,2023-01-15 08:00:00+00,2024-01-01 08:00:00+00,
e0bb8477-be17-5844-93ea-5d681296dc69,87bd34d0-75d8-568d-abd0-77f535fdb719,8f2d7823-5353-55b7-99c5-837cbc771d58,false,159,2022-03-03 08:00:00+00,2024-01-01 08:00:00+00,
311ad30b-d652-5e44-b618-8cc56105d6e5,12d2e257-18af-5ea5-9b8e-109e869b4b9e,05f60979-948c-56c4-8971-f733be532412,true,171,2023-06-20 08:00:00+00,2024-01-01 08:00:00+00,
884110c0-217d-577e-9116-507df4be7a10,12d2e257-18af-5ea5-9b8e-109e869b4b9e,3bd995d9-5386-5200-b14c-337fc57a8bb6,false,256,2023-08-18 08:00:00+00,2024-01-01 08:00:00+00,
9e4994f2-c776-57a9-ae3f-caf888c04ad9,7139ebf2-1aff-593d-9366-22949a04fd61,8f2d7823-5353-55b7-99c5-837cbc771d58,true,223,2022-09-24 08:00:00+00,2024-01-01 08:00:00+00,
4fa4f1d1-3b1e-5b81-b64d-ccee6ddf1129,7139ebf2-1aff-593d-9366-22949a04fd61,3bd995d9-5386-5200-b14c-337fc57a8bb6,false,293,2022-04-21 08:00:00+00,2024-01-01 08:00:00+00,
4040b6f6-05a2-5bb6-823d-1ea44f63cd6b,48b59f70-e096-547d-97be-0afd9e0ef1f4,8f2d7823-5353-55b7-99c5-837cbc771d58,true,131,2022-07-02 08:00:00+00,2024-01-01 08:00:00+00,
9a0f2248-eacb-5f1e-bcbc-d74361d12f04,c7c80e8e-2456-5c4b-97cb-5d6b8aea9e11,05f60979-948c-56c4-8971-f733be532412,true,155,2023-03-24 08:00:00+00,2024-01-01 08:00:00+00,
3635721b-9b47-539c-9cbb-603e05c9b93b,c7c80e8e-2456-5c4b-97cb-5d6b8aea9e11,b0a7719d-51cd-5e7d-8e3d-67cc571130e0,false,128,2023-09-22 08:00:00+00,2024-01-01 08:00:00+00,
737c2481-d192-5d89-8975-77f335720699,8243c793-3801-5a72-86e5-9ab29d8d498d,3bd995d9-5386-5200-b14c-337fc57a8bb6,true,117,2022-05-31 08:00:00+00,2024-01-01 08:00:00+00,
0963d568-e110-54d5-a138-aac12f67b69d,5e2cc5fc-7d5b-5bba-ad99-4412ab325860,8f2d7823-5353-55b7-99c5-837cbc771d58,true,165,2023-08-11 08:00:00+00,2024-01-01 08:00:00+00,
b93584c0-1e48-5c21-a36d-9b5e814d9023,5e2cc5fc-7d5b-5bba-ad99-4412ab325860,b0a7719d-51cd-5e7d-8e3d-67cc571130e0,false,290,2023-07-07 08:00:00+00,2024-01-01 08:00:00+00,
ae175284-6f35-565c-912e-8937bee4c096,ce143825-d54b-50ec-92fe-c61fdb5ae610,c981f5ef-8774-5129-b83a-c9448b008bfa,true,227,2023-06-22 08:00:00+00,2024-01-01 08:00:00+00,
0abefcd6-4f4f-54e5-bd42-bd31dd79d740,ce143825-d54b-50ec-92fe-c61fdb5ae610,8f2d7823-5353-55b7-99c5-837cbc771d58,false,190,2023-09-25 08:00:00+00,2024-01-01 08:00:00+00,
317b0a85-3cdb-5142-95ac-118e9195e5d4,22326882-02d4-5cec-806a-1e1016a55411,b0a7719d-51cd-5e7d-8e3d-67cc571130e0,true,265,2023-08-04 08:00:00+00,2024-01-01 08:00:00+00,
dfb7c60e-2fb7-565e-a944-886a04c375f1,5f832cdc-1407-55fc-8fd5-76ca28247722,8f2d7823-5353-55b7-99c5-837cbc771d58,true,244,2022-05-06 08:00:00+00,2024-01-01 08:00:00+00,
d084fd9f-6f7d-5716-886f-fd061dc2ee75,f3d43083-cf37-52fb-bc02-bff47203b7c9,05f60979-948c-56c4-8971-f733be532412,true,197,2022-04-15 08:00:00+00,2024-01-01 08:00:00+00,
b4865fe5-3d2f-5bde-920a-2f942dc8689d,f3d43083-cf37-52fb-bc02-bff47203b7c9,c981f5ef-8774-5129-b83a-c9448b008bfa,false,66,2022-03-03 08:00:00+00,2024-01-01 08:00:00+00,
6c82845d-d32f-55b0-bb23-9060ffb5fc34,d02cf696-fbfe-56b7-8ff3-89608483ee25,3bd995d9-5386-5200-b14c-337fc57a8bb6,true,75,2022-12-11 08:00:00+00,2024-01-01 08:00:00+00,
d13e4901-223e-5e07-a110-1edbbac37c90,d02cf696-fbfe-56b7-8ff3-89608483ee25,c981f5ef-8774-5129-b83a-c9448b008bfa,false,223,2022-05-08 08:00:00+00,2024-01-01 08:00:00+00,
80cd50a9-3318-569b-8792-4e4dd05be1cf,8191a9f6-2263-53f2-a6a6-4c31e81e996e,c981f5ef-8774-5129-b83a-c9448b008bfa,true,169,2023-04-14 08:00:00+00,2024-01-01 08:00:00+00,
eacd2cf2-54f0-56db-a9b8-c8aa18607669,8191a9f6-2263-53f2-a6a6-4c31e81e996e,05f60979-948c-56c4-8971-f733be532412,false,65,2023-02-21 08:00:00+00,2024-01-01 08:00:00+00,
dcd66cc7-4b97-5d80-922d-5b24d61f5783,9b88c78b-34e7-51c0-8f51-940e61379648,8f2d7823-5353-55b7-99c5-837cbc771d58,true,280,2022-10-02 08:00:00+00,2024-01-01 08:00:00+00,
f3e2d1be-ae5f-5181-9f8b-f7fec52c75fe,d6e9c7be-33cb-5851-ab77-08e587828108,3bd995d9-5386-5200-b14c-337fc57a8bb6,true,185,2023-01-08 08:00:00+00,2024-01-01 08:00:00+00,
bf531edb-0df2-54b7-94ec-e83e9113deba,f3c9e6db-5001-5325-b688-27d1d3fc04c1,b0a7719d-51cd-5e7d-8e3d-67cc571130e0,true,298,2022-07-15 08:00:00+00,2024-01-01 08:00:00+00,
4146e234-718c-514c-8c82-b73227667341,f3c9e6db-5001-5325-b688-27d1d3fc04c1,8f2d7823-5353-55b7-99c5-837cbc771d58,false,55,2022-07-16 08:00:00+00,2024-01-01 08:00:00+00,
20c1c5bf-d531-52a5-8bfa-ed80782e0a73,63b368d3-a702-5229-a0eb-00c0e02acf2c,8f2d7823-5353-55b7-99c5-837cbc771d58,true,242,2022-03-05 08:00:00+00,2024-01-01 08:00:00+00,
9a39d220-0fb7-5281-9719-9bea67d4f0f0,a32a21a2-1fde-52e6-a745-494a810ef82b,c981f5ef-8774-5129-b83a-c9448b008bfa,true,119,2023-01-24 08:00:00+00,2024-01-01 08:00:00+00,
4c0530d9-551f-5fb5-af20-c73ecc281cd8,a32a21a2-1fde-52e6-a745-494a810ef82b,3bd995d9-5386-5200-b14c-337fc57a8bb6,false,50,2023-11-28 08:00:00+00,2024-01-01 08:00:00+00,
f86ba7d0-4bf7-5d7f-b40d-acb1d5f12428,637d71e2-55cf-575a-87f5-1bcee0d0072a,c981f5ef-8774-5129-b83a-c9448b008bfa,true,59,2022-09-03 08:00:00+00,2024-01-01 08:00:00+00,
425a7868-577e-5d8a-801d-9b9caff8cb8d,43239255-9abf-522a-a0ca-d242c13539cf,8f2d7823-5353-55b7-99c5-837cbc771d58,true,88,2023-04-02 08:00:00+00,2024-01-01 08:00:00+00,
4a074d6e-502d-5f77-b889-295c926f3f51,43239255-9abf-522a-a0ca-d242c13539cf,3bd995d9-5386-5200-b14c-337fc57a8bb6,false,248,2023-07-30 08:00:00+00,2024-01-01 08:00:00+00,
ff8215a0-1f70-5005-bd35-95ddee8409cf,6a379419-7f07-55f2-a7a1-c92bb24d1f27,8f2d7823-5353-55b7-99c5-837cbc771d58,true,129,2023-10-22 08:00:00+00,2024-01-01 08:00:00+00,
a4149c9a-ffe6-54a5-b41f-f426901db81e,dbfbb0d5-1eb8-59dd-bad5-834d7a45a348,b0a7719d-51cd-5e7d-8e3d-67cc571130e0,true,90,2022-04-13 08:00:00+00,2024-01-01 08:00:00+00,
c0cd3e7d-2fa7-5917-b7fb-7a02e73c9ce2,dbfbb0d5-1eb8-59dd-bad5-834d7a45a348,8f2d7823-5353-55b7-99c5-837cbc771d58,false,155,2022-06-14 08:00:00+00,2024-01-01 08:00:00+00,
2c4b42a9-126c-5c29-8ac1-1b4bd947b134,76ce6f91-8d47-5bfd-a8a9-b086d8728beb,05f60979-948c-56c4-8971-f733be532412,true,237,2022-05-06 08:00:00+00,2024-01-01 08:00:00+00,
1ae5abcd-2507-5a37-bce6-1a717f562396,4ccb08b0-f9e0-5e25-89e3-bea409b0d0cb,c981f5ef-8774-5129-b83a-c9448b008bfa,true,166,2023-05-05 08:00:00+00,2024-01-01 08:00:00+00,
c1ffa63f-4331-58ac-a7e4-d6fc6e190168,4ccb08b0-f9e0-5e25-89e3-bea409b0d0cb,05f60979-948c-56c4-8971-f733be532412,false,240,2023-03-04 08:00:00+00,2024-01-01 08:00:00+00,
cbd35cac-06f7-59ca-86ce-178ab9738cf5,7698a25a-a051-53c9-ae74-597da202ffca,b0a7719d-51cd-5e7d-8e3d-67cc571130e0,true,197,2022-03-29 08:00:00+00,2024-01-01 08:00:00+00,
e48f7b5a-6fe8-5bb8-9188-7d110ce46459,7698a25a-a051-53c9-ae74-597da202ffca,8f2d7823-5353-55b7-99c5-837cbc771d58,false,88,2022-11-14 08:00:00+00,2024-01-01 08:00:00+00,
74d873c0-aacb-5efd-bec3-5b6a1640f347,721d117c-620d-5f92-b800-3e89864cc8d3,b0a7719d-51cd-5e7d-8e3d-67cc571130e0,true,172,2023-05-17 08:00:00+00,2024-01-01 08:00:00+00,
8ca7eb63-c9a0-52cb-b3e3-a7fe833b4b64,571424b7-2fc1-5ceb-8982-7426cc703fff,8f2d7823-5353-55b7-99c5-837cbc771d58,true,120,2022-09-02 08:00:00+00,2024-01-01 08:00:00+00,
1262ea17-f00b-5296-ba47-bd8d5e5debb7,571424b7-2fc1-5ceb-8982-7426cc703fff,c981f5ef-8774-5129-b83a-c9448b008bfa,false,237,2022-11-22 08:00:00+00,2024-01-01 08:00:00+00,
733542f2-e3a2-5ccd-b883-3a60201d1aae,9096801a-a6fd-5ca3-a667-34759b5adb9e,b0a7719d-51cd-5e7d-8e3d-67cc571130e0,true,294,2022-07-25 08:00:00+00,2024-01-01 08:00:00+00,
52b627f1-6c00-57de-afa4-58b6c5ec03c8,9096801a-a6fd-5ca3-a667-34759b5adb9e,05f60979-948c-56c4-8971-f733be532412,false,282,2023-09-25 08:00:00+00,2024-01-01 08:00:00+00,
72e0b178-7d11-55b6-aa88-cb3f0f8eb79c,1b8e1d0e-392d-5e23-854a-832f0d6ac35d,c981f5ef-8774-5129-b83a-c9448b008bfa,true,98,2022-04-10 08:00:00+00,2024-01-01 08:00:00+00,
59aed7d1-77e2-5506-b54d-c9f7514e0b5d,8110e190-2a4b-579b-be2c-511de85ab755,c981f5ef-8774-5129-b83a-c9448b008bfa,true,215,2022-04-07 08:00:00+00,2024-01-01 08:00:00+00,
31caecda-4e9b-56f4-8c62-907660b654fe,ab9d2edf-ae6c-55be-beec-404b29edda19,8f2d7823-5353-55b7-99c5-837cbc771d58,true,227,2022-07-13 08:00:00+00,2024-01-01 08:00:00+00,
f285361e-85f0-5fa3-a020-2bfec19b51a6,85ee2954-52d3-5ec2-8fea-0575175559ac,3bd995d9-5386-5200-b14c-337fc57a8bb6,true,99,2022-10-18 08:00:00+00,2024-01-01 08:00:00+00,
a8e0f976-279a-5771-bbce-c84127b87e31,85ee2954-52d3-5ec2-8fea-0575175559ac,c981f5ef-8774-5129-b83a-c9448b008bfa,false,50,2022-02-20 08:00:00+00,2024-01-01 08:00:00+00,
ff378d95-e1e8-51f9-96a9-1aec72ddc4e1,f40bf37b-20d6-5349-82b6-18cbd1f10e83,8f2d7823-5353-55b7-99c5-837cbc771d58,true,124,2023-04-17 08:00:00+00,2024-01-01 08:00:00+00,
95c65c8e-d52f-5b11-b606-43f894f93e82,263e995b-8be3-5198-adb6-aa81c41bf770,c981f5ef-8774-5129-b83a-c9448b008bfa,true,65,2023-06-24 08:00:00+00,2024-01-01 08:00:00+00,
bd7a4153-f3c2-56aa-ba03-2d5cd2bf5210,03daeeea-7468-535a-a03a-78f80e9f433f,8f2d7823-5353-55b7-99c5-837cbc771d58,true,61,2023-02-05 08:00:00+00,2024-01-01 08:00:00+00,
7902859b-3764-5be7-adfc-09377a221e4f,03daeeea-7468-535a-a03a-78f80e9f433f,3bd995d9-5386-5200-b14c-337fc57a8bb6,false,80,2023-05-11 08:00:00+00,2024-01-01 08:00:00+00,
99cb261e-6c57-5911-84ab-d6fc464e32f8,72067051-48fc-5737-a00c-93c490bd0b34,8f2d7823-5353-55b7-99c5-837cbc771d58,true,224,2022-10-22 08:00:00+00,2024-01-01 08:00:00+00,
0010d57c-da41-55c4-9d7a-54c9f892c7cb,73148ed3-fbe9-5571-a16d-34fb5520390e,8f2d7823-5353-55b7-99c5-837cbc771d58,true,87,2022-07-29 08:00:00+00,2024-01-01 08:00:00+00,
ab30bee7-8ebd-5d21-b645-8767035af439,73148ed3-fbe9-5571-a16d-34fb5520390e,c981f5ef-8774-5129-b83a-c9448b008bfa,false,248,2023-12-02 08:00:00+00,2024-01-01 08:00:00+00,
45a92803-28a5-5c22-8b6c-237a203e3684,515f77ef-9c32-5e75-81c3-2b3795c000f2,3bd995d9-5386-5200-b14c-337fc57a8bb6,true,275,2022-08-31 08:00:00+00,2024-01-01 08:00:00+00,
5e799dea-8bfe-5ffa-af77-5345dcda7a16,515f77ef-9c32-5e75-81c3-2b3795c000f2,05f60979-948c-56c4-8971-f733be532412,false,197,2022-08-10 08:00:00+00,2024-01-01 08:00:00+00,
ec5b52c6-8d96-5c07-914c-0ed723577ca1,bcd21179-c89f-5095-808a-e72f06c0841d,8f2d7823-5353-55b7-99c5-837cbc771d58,true,160,2023-04-28 08:00:00+00,2024-01-01 08:00:00+00,
48d8fd4f-a878-5629-8474-eb0f410de67f,df03a7e9-20ca-5987-a644-76566671155b,3bd995d9-5386-5200-b14c-337fc57a8bb6,true,273,2023-02-03 08:00:00+00,2024-01-01 08:00:00+00,
38755021-b371-52d7-8975-419cf0ebc4a1,df03a7e9-20ca-5987-a644-76566671155b,8f2d7823-5353-55b7-99c5-837cbc771d58,false,95,2022-08-20 08:00:00+00,2024-01-01 08:00:00+00,
1674f242-3569-5739-8ee4-04e67c6adac6,49690aee-94fa-525b-b5ce-92feaf54b957,b0a7719d-51cd-5e7d-8e3d-67cc571130e0,true,234,2022-03-20 08:00:00+00,2024-01-01 08:00:00+00,
ba356ce3-af88-59c9-8563-b25ef59984d7,ef9ef5f5-f4f4-5cf3-8420-397a6fcbf152,c981f5ef-8774-5129-b83a-c9448b008bfa,true,103,2022-06-26 08:00:00+00,2024-01-01 08:00:00+00,
0bd325cf-e4f6-5017-9a50-32c6b7ebaaa9,70b50d29-9125-53dc-a829-c961b011e429,8f2d7823-5353-55b7-99c5-837cbc771d58,true,282,2022-10-12 08:00:00+00,2024-01-01 08:00:00+00,
8dc73cbb-f24a-5b71-8cea-eef7634506e5,cf40a232-f9b9-5adf-afb6-0a981f2ffcf7,8f2d7823-5353-55b7-99c5-837cbc771d58,true,288,2023-06-14 08:00:00+00,2024-01-01 08:00:00+00,
d7166600-80f6-5c3a-a6c9-146efc9b76bc,cf40a232-f9b9-5adf-afb6-0a981f2ffcf7,05f60979-948c-56c4-8971-f733be532412,false,267,2022-09-10 08:00:00+00,2024-01-01 08:00:00+00,
5a6ee881-c566-5e5c-b36e-b3418e73659c,047edcf5-114c-5342-b495-232fc4aaf6fe,05f60979-948c-56c4-8971-f733be532412,true,238,2022-12-11 08:00:00+00,2024-01-01 08:00:00+00,
49a73848-a530-5e0d-8429-45f875d51a51,093be7d5-f016-5f2c-b71d-4dce4b0e9514,05f60979-948c-56c4-8971-f733be532412,true,151,2022-02-15 08:00:00+00,2024-01-01 08:00:00+00,
62e5899a-124e-5db0-bff4-58dc585acaad,093be7d5-f016-5f2c-b71d-4dce4b0e9514,3bd995d9-5386-5200-b14c-337fc57a8bb6,false,109,2022-04-23 08:00:00+00,2024-01-01 08:00:00+00,
a525015f-8375-5043-9d93-434294523aa7,cf629a09-093e-5b99-8bf4-da2438fa51c4,c981f5ef-8774-5129-b83a-c9448b008bfa,true,180,2023-01-20 08:00:00+00,2024-01-01 08:00:00+00,
36a42942-7e20-5848-9c63-7a5f13509f1a,5bfb3415-c6ae-5fa3-a84b-8a98a543ab9a,c981f5ef-8774-5129-b83a-c9448b008bfa,true,82,2022-12-24 08:00:00+00,2024-01-01 08:00:00+00,
9ec881a2-5517-56d8-a439-ae077d534475,5bfb3415-c6ae-5fa3-a84b-8a98a543ab9a,8f2d7823-5353-55b7-99c5-837cbc771d58,false,157,2023-10-08 08:00:00+00,2024-01-01 08:00:00+00,
ac8de687-1aeb-5674-9962-ccca4e8dc545,c388846e-4e3c-5d57-b61f-ed13c7edc4da,8f2d7823-5353-55b7-99c5-837cbc771d58,true,278,2022-06-26 08:00:00+00,2024-01-01 08:00:00+00,
59bdeea5-5056-5e4b-b991-480e9baf18c6,c388846e-4e3c-5d57-b61f-ed13c7edc4da,b0a7719d-51cd-5e7d-8e3d-67cc571130e0,false,90,2022-02-01 08:00:00+00,2024-01-01 08:00:00+00,
60fa73ec-6487-5529-b44f-3c0358669f9b,6feb3ffe-e89f-55ab-81d5-d9b136a73c27,05f60979-948c-56c4-8971-f733be532412,true,161,2022-03-07 08:00:00+00,2024-01-01 08:00:00+00,
d5ecab4b-4361-55dc-9213-744143d5875d,e7c66ad7-b5d3-5271-9438-d4741c6f9cbc,8f2d7823-5353-55b7-99c5-837cbc771d58,true,227,2023-08-14 08:00:00+00,2024-01-01 08:00:00+00,
b8950e3f-df30-52d0-928f-75cbd0f4979c,5e41eef3-c306-5dd1-ab8c-d305ebc7c2d5,c981f5ef-8774-5129-b83a-c9448b008bfa,true,219,2023-05-27 08:00:00+00,2024-01-01 08:00:00+00,
9600e919-a3de-560c-a878-aa92af138530,5e41eef3-c306-5dd1-ab8c-d305ebc7c2d5,3bd995d9-5386-5200-b14c-337fc57a8bb6,false,150,2023-09-27 08:00:00+00,2024-01-01 08:00:00+00,
93841b6b-ceb1-58a0-a7fb-8c9d5d411558,4bb3265f-5fd8-5ee9-b01b-7ca5808bca6b,c981f5ef-8774-5129-b83a-c9448b008bfa,true,57,2022-03-04 08:00:00+00,2024-01-01 08:00:00+00,
19699b3d-024a-5d16-982a-87954d1e520d,ae16db22-a7d1-5cd3-8409-669d957eb80d,05f60979-948c-56c4-8971-f733be532412,true,271,2023-07-17 08:00:00+00,2024-01-01 08:00:00+00,
4350d4bc-234f-5c87-b8c5-9b94aaaef84a,ae16db22-a7d1-5cd3-8409-669d957eb80d,3bd995d9-5386-5200-b14c-337fc57a8bb6,false,89,2023-10-07 08:00:00+00,2024-01-01 08:00:00+00,
5e419057-c5ab-5d22-b76b-50e2f3df7d63,950c0334-92d4-54ec-b05b-35e20983883c,8f2d7823-5353-55b7-99c5-837cbc771d58,true,161,2022-10-13 08:00:00+00,2024-01-01 08:00:00+00,
159e4e51-cf03-5029-92d5-a25f752686f4,950c0334-92d4-54ec-b05b-35e20983883c,b0a7719d-51cd-5e7d-8e3d-67cc571130e0,false,298,2023-01-06 08:00:00+00,2024-01-01 08:00:00+00,
b3c25663-b671-5475-8bf7-0a9a3b4d0e4a,59115f56-acf8-50f7-9dfd-c99816aa2172,3bd995d9-5386-5200-b14c-337fc57a8bb6,true,109,2022-02-20 08:00:00+00,2024-01-01 08:00:00+00,
2a862b6d-24a8-5663-8519-e78623867a40,59115f56-acf8-50f7-9dfd-c99816aa2172,c981f5ef-8774-5129-b83a-c9448b008bfa,false,95,2023-02-21 08:00:00+00,2024-01-01 08:00:00+00,
93d87d7a-1cb1-58d2-ba7a-16ada72949b9,605027f9-8c6a-5d9a-80f7-9d3d42930f12,3bd995d9-5386-5200-b14c-337fc57a8bb6,true,227,2022-10-07 08:00:00+00,2024-01-01 08:00:00+00,
26c25fa2-4bd8-5ca8-8f2c-ebab888c733a,a68ed02d-80a0-5ebb-a79e-1ef7c4187de5,05f60979-948c-56c4-8971-f733be532412,true,107,2023-06-15 08:00:00+00,2024-01-01 08:00:00+00,
99e2bc41-f9e4-5c73-90e7-bb631bf08914,a68ed02d-80a0-5ebb-a79e-1ef7c4187de5,c981f5ef-8774-5129-b83a-c9448b008bfa,false,291,2022-07-08 08:00:00+00,2024-01-01 08:00:00+00,
0c3cbd2e-3a00-523b-be69-27ae01777e68,a32d3b40-78a1-5f18-8b90-4dd8cd4ea27b,3bd995d9-5386-5200-b14c-337fc57a8bb6,true,190,2023-11-20 08:00:00+00,2024-01-01 08:00:00+00,
145c165c-f221-52c5-af66-b37c76a89114,a32d3b40-78a1-5f18-8b90-4dd8cd4ea27b,8f2d7823-5353-55b7-99c5-837cbc771d58,false,143,2022-05-14 08:00:00+00,2024-01-01 08:00:00+00,
2dcc493d-ce65-5955-9e41-f4e067419340,eb65b5fa-c2cb-589b-9049-2b6c7bf4d22d,05f60979-948c-56c4-8971-f733be532412,true,299,2022-06-19 08:00:00+00,2024-01-01 08:00:00+00,
32501dc5-b64b-5e2b-971c-7c0b24973370,474da520-6891-5d9b-ad56-dbc5e963bb3f,c981f5ef-8774-5129-b83a-c9448b008bfa,true,165,2023-04-17 08:00:00+00,2024-01-01 08:00:00+00,
eea12c3b-075a-5908-9b0f-9453094a93c9,2c21421b-d3c2-55c3-8144-0c1f6b3e4f6a,3bd995d9-5386-5200-b14c-337fc57a8bb6,true,107,2022-11-10 08:00:00+00,2024-01-01 08:00:00+00,
480ee2c3-2328-5d17-a6f0-c6647f7479e7,7d7ca481-f91f-5ec2-af2c-655384d99f08,b0a7719d-51cd-5e7d-8e3d-67cc571130e0,true,125,2022-12-02 08:00:00+00,2024-01-01 08:00:00+00,
dcc5fe16-3879-5d59-b796-26a32a573054,7d7ca481-f91f-5ec2-af2c-655384d99f08,8f2d7823-5353-55b7-99c5-837cbc771d58,false,135,2022-11-16 08:00:00+00,2024-01-01 08:00:00+00,
9654388e-29fe-5506-be65-63ddad691448,db2c0e2c-65cb-554b-b58d-9b2724cf557e,8f2d7823-5353-55b7-99c5-837cbc771d58,true,78,2023-01-14 08:00:00+00,2024-01-01 08:00:00+00,
a3347534-1182-561f-beeb-4e7133f9c563,59d590b6-9d2c-51ac-a29b-ac0f077f9fe8,3bd995d9-5386-5200-b14c-337fc57a8bb6,true,162,2023-11-21 08:00:00+00,2024-01-01 08:00:00+00,
c702bc2a-7816-5d5a-afec-65a5bcae101a,583bed91-1698-526e-8d2d-768255c68e7d,c981f5ef-8774-5129-b83a-c9448b008bfa,true,52,2022-11-25 08:00:00+00,2024-01-01 08:00:00+00,
a60f6a65-af28-5b1d-bfa3-c0c152beae24,583bed91-1698-526e-8d2d-768255c68e7d,8f2d7823-5353-55b7-99c5-837cbc771d58,false,296,2023-06-25 08:00:00+00,2024-01-01 08:00:00+00,
476409cc-c58b-5fae-ac48-cc2aa5020c06,0008c92e-6163-5a32-8624-eb41513960b4,3bd995d9-5386-5200-b14c-337fc57a8bb6,true,186,2022-07-16 08:00:00+00,2024-01-01 08:00:00+00,
f3c9e084-b65e-527f-bc6e-f7ea6fe6a558,0008c92e-6163-5a32-8624-eb41513960b4,8f2d7823-5353-55b7-99c5-837cbc771d58,false,277,2023-03-04 08:00:00+00,2024-01-01 08:00:00+00,
b05572e9-e0ed-553d-872f-7adf19b95f07,1d875ee3-b1fe-5710-9517-ab0947a15262,3bd995d9-5386-5200-b14c-337fc57a8bb6,true,247,2023-05-21 08:00:00+00,2024-01-01 08:00:00+00,
5d3fcee1-2e62-5177-b160-6d92b3ebf433,1d875ee3-b1fe-5710-9517-ab0947a15262,05f60979-948c-56c4-8971-f733be532412,false,137,2022-04-11 08:00:00+00,2024-01-01 08:00:00+00,
d712ac73-4eaf-5b50-abf9-123ed7a9091c,bc9a977a-caf0-5c09-b236-721065959c82,05f60979-948c-56c4-8971-f733be532412,true,193,2022-10-22 08:00:00+00,2024-01-01 08:00:00+00,
73e22400-0a64-538b-ae75-2b710061e208,bc9a977a-caf0-5c09-b236-721065959c82,c981f5ef-8774-5129-b83a-c9448b008bfa,false,202,2023-07-01 08:00:00+00,2024-01-01 08:00:00+00,
d6ed8f07-53ba-5913-927d-7e44484a1907,3b5536f6-50a2-5fa7-889c-a3565ff8d3ae,05f60979-948c-56c4-8971-f733be532412,true,160,2023-11-07 08:00:00+00,2024-01-01 08:00:00+00,
6586d812-d880-5358-8f7c-353cba379819,3b5536f6-50a2-5fa7-889c-a3565ff8d3ae,c981f5ef-8774-5129-b83a-c9448b008bfa,false,58,2022-11-05 08:00:00+00,2024-01-01 08:00:00+00,
31f35476-037f-5a95-bbdd-007a6db6afb3,d6fb7322-b207-5bba-aac4-2f79500685ef,c981f5ef-8774-5129-b83a-c9448b008bfa,true,220,2022-12-13 08:00:00+00,2024-01-01 08:00:00+00,
3f94a9be-6b4c-5c7e-a522-1239b609a06a,f29d8f9e-032a-58b9-be1d-5bc5f4ace38f,c981f5ef-8774-5129-b83a-c9448b008bfa,true,72,2022-07-26 08:00:00+00,2024-01-01 08:00:00+00,
11bfecc5-7437-5e29-b4e5-5d9df23ee7e0,b6748ee0-1643-50ac-a9f4-954f1572b8b3,c981f5ef-8774-5129-b83a-c9448b008bfa,true,271,2022-04-12 08:00:00+00,2024-01-01 08:00:00+00,
1114380a-fcb7-59a1-b603-b8e47a6d241d,b6748ee0-1643-50ac-a9f4-954f1572b8b3,3bd995d9-5386-5200-b14c-337fc57a8bb6,false,101,2022-08-03 08:00:00+00,2024-01-01 08:00:00+00,
76861f35-db4a-5b7a-9f97-098ac0553279,96e480b1-a3c6-53ae-8b2f-ea762b2657be,b0a7719d-51cd-5e7d-8e3d-67cc571130e0,true,105,2023-09-25 08:00:00+00,2024-01-01 08:00:00+00,
61fbc0d3-0da3-5abf-ba96-e530d16c4955,96e480b1-a3c6-53ae-8b2f-ea762b2657be,c981f5ef-8774-5129-b83a-c9448b008bfa,false,263,2023-06-09 08:00:00+00,2024-01-01 08:00:00+00,
c2f54578-9185-5142-901e-47b8ef2a5242,77ea1020-b862-5926-89db-fbcf2cd6665d,05f60979-948c-56c4-8971-f733be532412,true,245,2023-03-20 08:00:00+00,2024-01-01 08:00:00+00,
c4f34165-8ca1-5102-8e43-710b0877eefd,77ea1020-b862-5926-89db-fbcf2cd6665d,c981f5ef-8774-5129-b83a-c9448b008bfa,false,256,2022-12-25 08:00:00+00,2024-01-01 08:00:00+00,
291b33e9-0be5-5d76-929a-bf3d16e756c7,76b416b1-609d-51b2-994c-6104c5710e8f,3bd995d9-5386-5200-b14c-337fc57a8bb6,true,209,2022-07-16 08:00:00+00,2024-01-01 08:00:00+00,
2254c5b9-857c-5a0d-a518-67b5b81ab88b,7ede7bc1-874b-529a-85cd-fda728371963,05f60979-948c-56c4-8971-f733be532412,true,100,2023-03-02 08:00:00+00,2024-01-01 08:00:00+00,
50e4b388-15c7-5636-9e0e-bf304f4ef65a,7ede7bc1-874b-529a-85cd-fda728371963,3bd995d9-5386-5200-b14c-337fc57a8bb6,false,156,2023-09-02 08:00:00+00,2024-01-01 08:00:00+00,
5785541a-7150-5675-96dc-f5ebe564a52f,97c91592-b2d9-5f52-85b4-caf60d23b750,c981f5ef-8774-5129-b83a-c9448b008bfa,true,69,2023-01-09 08:00:00+00,2024-01-01 08:00:00+00,
7a6166d6-b16e-542e-bc43-0f9416ce3f49,97c91592-b2d9-5f52-85b4-caf60d23b750,8f2d7823-5353-55b7-99c5-837cbc771d58,false,88,2022-09-17 08:00:00+00,2024-01-01 08:00:00+00,
12aa709b-7472-58c2-a29c-df0ddafc750e,0c7eb9d8-afc7-57ae-86bf-8ac3d3c2845b,05f60979-948c-56c4-8971-f733be532412,true,257,2023-07-11 08:00:00+00,2024-01-01 08:00:00+00,
9b6fcd64-000a-5ddd-aaf9-cca41181b812,0c7eb9d8-afc7-57ae-86bf-8ac3d3c2845b,b0a7719d-51cd-5e7d-8e3d-67cc571130e0,false,82,2023-03-10 08:00:00+00,2024-01-01 08:00:00+00,
89f7e3c9-66bc-5d06-9a53-e9bb609bcf00,c8085a43-f4f5-577b-9261-1106e01617d4,3bd995d9-5386-5200-b14c-337fc57a8bb6,true,300,2023-11-30 08:00:00+00,2024-01-01 08:00:00+00,
f790018f-e976-511a-be01-ce2a707dcd87,c8085a43-f4f5-577b-9261-1106e01617d4,b0a7719d-51cd-5e7d-8e3d-67cc571130e0,false,77,2023-03-01 08:00:00+00,2024-01-01 08:00:00+00,
bd0b81b6-de6d-55c1-92aa-9cd8099f56be,3e0eeb63-24a5-5e4c-8b13-ded4dbf259de,05f60979-948c-56c4-8971-f733be532412,true,199,2022-09-05 08:00:00+00,2024-01-01 08:00:00+00,
b3708065-a920-5232-8985-4a4bfb1432b3,1df07f45-4435-5634-af7c-3e79875d22b0,b0a7719d-51cd-5e7d-8e3d-67cc571130e0,true,192,2022-06-02 08:00:00+00,2024-01-01 08:00:00+00,
3bcbde96-0cd2-547f-a0c1-136bcbe5d1ee,760babe9-9cbe-501f-b511-ce4adfd07c43,3bd995d9-5386-5200-b14c-337fc57a8bb6,true,113,2022-08-31 08:00:00+00,2024-01-01 08:00:00+00,
61908028-661b-54ef-a852-a080bedc49a1,760babe9-9cbe-501f-b511-ce4adfd07c43,c981f5ef-8774-5129-b83a-c9448b008bfa,false,246,2023-01-27 08:00:00+00,2024-01-01 08:00:00+00,
095b2bde-37c4-53b1-8f4b-8d3b817d155a,5b0eb7e2-f985-5d35-aa42-edd5ff59d222,05f60979-948c-56c4-8971-f733be532412,true,278,2022-10-17 08:00:00+00,2024-01-01 08:00:00+00,
e1f98ee9-d6b4-511a-be7d-94f8cf59b6ba,76f1a41a-cdc9-5777-b39c-f381e735eb05,8f2d7823-5353-55b7-99c5-837cbc771d58,true,243,2022-03-27 08:00:00+00,2024-01-01 08:00:00+00,
bb6cf5b8-9eee-531c-aadc-c7394e08edb3,cd942859-6c7c-5abb-bee0-02117d410ed5,3bd995d9-5386-5200-b14c-337fc57a8bb6,true,236,2023-11-18 08:00:00+00,2024-01-01 08:00:00+00,
f621ed0a-47c5-56f9-a2d5-00a3be7e0455,fb4adfb0-7c7e-511f-9e70-57206e0c2eab,c981f5ef-8774-5129-b83a-c9448b008bfa,true,181,2022-05-27 08:00:00+00,2024-01-01 08:00:00+00,
2c6c0fdb-9746-51f8-98fe-d4c341c3b0ad,3746b17f-879d-5b08-a856-7239271bfc8b,c981f5ef-8774-5129-b83a-c9448b008bfa,true,268,2022-01-31 08:00:00+00,2024-01-01 08:00:00+00,
7d63ae9d-2a32-5213-8c40-c8048e20cc65,80850916-24f3-5bbd-8f16-dbeecedc54dd,b0a7719d-51cd-5e7d-8e3d-67cc571130e0,true,80,2023-03-03 08:00:00+00,2024-01-01 08:00:00+00,
ced536fb-b4dd-5f62-aa9f-9fb6a7b96f55,5c640c64-ef5e-5407-838f-d8ceeeb9e9ad,05f60979-948c-56c4-8971-f733be532412,true,105,2023-02-16 08:00:00+00,2024-01-01 08:00:00+00,
18bc7baf-9101-5d56-98b3-48d42e619d6d,48f17c88-7ca3-5eef-a06f-f8e1861df80c,c981f5ef-8774-5129-b83a-c9448b008bfa,true,58,2022-05-15 08:00:00+00,2024-01-01 08:00:00+00,
b3a7042f-2924-551b-b607-654c64b77fae,d27da8c0-4e7d-57c9-9f88-cfccba4b38ac,3bd995d9-5386-5200-b14c-337fc57a8bb6,true,136,2022-11-12 08:00:00+00,2024-01-01 08:00:00+00,
06edb6f1-4bf7-5b2a-9279-ce4180b81e78,8f4eab7d-2b0c-55ea-adcd-9f13488a228e,c981f5ef-8774-5129-b83a-c9448b008bfa,true,295,2022-02-14 08:00:00+00,2024-01-01 08:00:00+00,
1a5ce531-a996-5183-9d28-b539b7089b36,71cd9d6d-8006-582b-ba20-b9ad9ff4edec,b0a7719d-51cd-5e7d-8e3d-67cc571130e0,true,212,2023-05-28 08:00:00+00,2024-01-01 08:00:00+00,
9f8da115-1da5-5cb9-b0d0-c0f387f8ed4a,71cd9d6d-8006-582b-ba20-b9ad9ff4edec,3bd995d9-5386-5200-b14c-337fc57a8bb6,false,296,2023-08-16 08:00:00+00,2024-01-01 08:00:00+00,
700c440f-879a-54d7-8f55-11d452a4679f,6488a830-1623-5133-9b78-fbdcf8c7bc18,3bd995d9-5386-5200-b14c-337fc57a8bb6,true,74,2022-10-08 08:00:00+00,2024-01-01 08:00:00+00,
9621045e-9c4c-5c31-9b51-174eedb96bd1,d920d600-e05d-5139-919c-6bb9ddab11be,b0a7719d-51cd-5e7d-8e3d-67cc571130e0,true,157,2023-11-10 08:00:00+00,2024-01-01 08:00:00+00,
5800e962-cfb4-5907-ad48-4fee01dd36bb,d920d600-e05d-5139-919c-6bb9ddab11be,c981f5ef-8774-5129-b83a-c9448b008bfa,false,277,2023-07-15 08:00:00+00,2024-01-01 08:00:00+00,
fa17456c-9aa4-5381-ac06-849062cb09de,67e166ea-4749-53d7-a885-79fbe89da2f0,05f60979-948c-56c4-8971-f733be532412,true,283,2023-02-08 08:00:00+00,2024-01-01 08:00:00+00,
7158be15-0734-5dfc-9e2c-9bf9e1ec9c6b,eacbd273-60bd-5f58-9a35-e910cb60e972,8f2d7823-5353-55b7-99c5-837cbc771d58,true,248,2023-03-13 08:00:00+00,2024-01-01 08:00:00+00,
08dbd3ab-216c-59d0-828b-3514a7f2f0d6,eacbd273-60bd-5f58-9a35-e910cb60e972,b0a7719d-51cd-5e7d-8e3d-67cc571130e0,false,86,2022-07-03 08:00:00+00,2024-01-01 08:00:00+00,
c318c515-0e23-5e85-bab7-8848cde3c5a0,af0d26ca-5ffa-5957-b397-a291254b673f,05f60979-948c-56c4-8971-f733be532412,true,230,2022-12-12 08:00:00+00,2024-01-01 08:00:00+00,
d886ea67-b65b-5140-8721-1be97dae9f2d,307c872f-b750-54ec-a39f-453427abc107,8f2d7823-5353-55b7-99c5-837cbc771d58,true,248,2023-06-23 08:00:00+00,2024-01-01 08:00:00+00,
a9f0c048-68b8-5770-a224-e55bf1858349,996e899b-cefb-5ad4-a30b-0fe4f2347ffc,8f2d7823-5353-55b7-99c5-837cbc771d58,true,259,2023-03-04 08:00:00+00,2024-01-01 08:00:00+00,
4f86f267-3351-5006-8b3a-7c247f87a29a,2d118475-d34d-5a3c-a8f3-e182132f044b,b0a7719d-51cd-5e7d-8e3d-67cc571130e0,true,203,2023-09-17 08:00:00+00,2024-01-01 08:00:00+00,
93b76fc3-88dd-53d1-b768-12e9c78fda6e,2d118475-d34d-5a3c-a8f3-e182132f044b,c981f5ef-8774-5129-b83a-c9448b008bfa,false,266,2023-06-09 08:00:00+00,2024-01-01 08:00:00+00,
9d6a9396-c5ca-555a-b1ce-e525e083ac01,25b8b240-dde1-50af-be34-da3162ce7bf4,3bd995d9-5386-5200-b14c-337fc57a8bb6,true,50,2023-03-27 08:00:00+00,2024-01-01 08:00:00+00,
0f22912e-07fb-56cf-a083-7392a9bbef6a,25b8b240-dde1-50af-be34-da3162ce7bf4,05f60979-948c-56c4-8971-f733be532412,false,107,2023-09-13 08:00:00+00,2024-01-01 08:00:00+00,
184c5161-e382-5289-bb19-f2d5ad2ffe40,32f41bdb-f07d-5ce0-89f7-e813188cc9ea,8f2d7823-5353-55b7-99c5-837cbc771d58,true,156,2022-12-05 08:00:00+00,2024-01-01 08:00:00+00,
a145efe2-8b0c-54c7-904e-8936d7fbcfbf,32f41bdb-f07d-5ce0-89f7-e813188cc9ea,c981f5ef-8774-5129-b83a-c9448b008bfa,false,176,2023-08-02 08:00:00+00,2024-01-01 08:00:00+00,
ee2e67ec-9a62-5f35-9564-89bd24cf3720,eedfd4fb-be79-59ce-b929-0db0b09d93a9,8f2d7823-5353-55b7-99c5-837cbc771d58,true,175,2022-06-26 08:00:00+00,2024-01-01 08:00:00+00,
e97fa49d-59b7-5e66-8b21-7c8125fd4229,eedfd4fb-be79-59ce-b929-0db0b09d93a9,c981f5ef-8774-5129-b83a-c9448b008bfa,false,211,2023-08-26 08:00:00+00,2024-01-01 08:00:00+00,
f151265b-c67b-5e65-a58d-9015f4422c46,113f69af-6bd5-519e-9420-82a8a9c24109,3bd995d9-5386-5200-b14c-337fc57a8bb6,true,123,2022-04-23 08:00:00+00,2024-01-01 08:00:00+00,
49ff9400-f3b4-549d-9330-7180bd24ece4,36707fdf-a5a3-58e5-8efb-d87d6ff7f080,3bd995d9-5386-5200-b14c-337fc57a8bb6,true,110,2022-07-07 08:00:00+00,2024-01-01 08:00:00+00,
6ee82d57-8a70-572c-bee7-2a766777cef1,36707fdf-a5a3-58e5-8efb-d87d6ff7f080,c981f5ef-8774-5129-b83a-c9448b008bfa,false,195,2022-10-23 08:00:00+00,2024-01-01 08:00:00+00,
c63c4a9b-2dde-5dcc-b93d-df46351cc56e,e6a796ad-2000-5286-ba08-16ce1cd3a456,3bd995d9-5386-5200-b14c-337fc57a8bb6,true,119,2022-12-07 08:00:00+00,2024-01-01 08:00:00+00,
92cb436a-416e-5877-8c2a-28b519d512b1,e6a796ad-2000-5286-ba08-16ce1cd3a456,8f2d7823-5353-55b7-99c5-837cbc771d58,false,60,2022-06-09 08:00:00+00,2024-01-01 08:00:00+00,
e48df9e1-96e5-54f4-9e94-afb0725dcaf3,ace9b40f-bffe-51f8-9df1-1720e2aeb8d0,05f60979-948c-56c4-8971-f733be532412,true,98,2023-07-22 08:00:00+00,2024-01-01 08:00:00+00,
92e1859d-e058-5d35-bb5d-09f13441f520,ace9b40f-bffe-51f8-9df1-1720e2aeb8d0,c981f5ef-8774-5129-b83a-c9448b008bfa,false,246,2023-07-25 08:00:00+00,2024-01-01 08:00:00+00,
9c56557f-90af-5ed0-8606-4b4efbda4c4e,9c45791b-c4c5-5d3a-ae97-8185b655574d,3bd995d9-5386-5200-b14c-337fc57a8bb6,true,170,2023-07-04 08:00:00+00,2024-01-01 08:00:00+00,
c173ee5e-3cfc-5990-9469-9fafbeaeb3df,ddabe0d4-e188-58e4-8822-77474a289536,b0a7719d-51cd-5e7d-8e3d-67cc571130e0,true,148,2023-03-17 08:00:00+00,2024-01-01 08:00:00+00,
79ce0c27-3b83-5e34-b501-75d796ee78e9,ddabe0d4-e188-58e4-8822-77474a289536,8f2d7823-5353-55b7-99c5-837cbc771d58,false,74,2023-05-26 08:00:00+00,2024-01-01 08:00:00+00,
d77981ea-0e80-526d-b479-6b9f8c93971a,2a8d335d-7c93-5504-b3fb-eaf5c42df45b,3bd995d9-5386-5200-b14c-337fc57a8bb6,true,221,2022-04-29 08:00:00+00,2024-01-01 08:00:00+00,
c3882d36-f579-5c28-8aa5-9d28232aada7,2a8d335d-7c93-5504-b3fb-eaf5c42df45b,05f60979-948c-56c4-8971-f733be532412,false,143,2022-11-26 08:00:00+00,2024-01-01 08:00:00+00,
dbacd478-6a7d-5302-8f32-8992c52f8577,57316b33-becb-544c-a0fe-d61f1a2e636b,c981f5ef-8774-5129-b83a-c9448b008bfa,true,189,2022-10-22 08:00:00+00,2024-01-01 08:00:00+00,
8451a21b-182b-57c2-92be-9e35fa3c1dd7,57316b33-becb-544c-a0fe-d61f1a2e636b,b0a7719d-51cd-5e7d-8e3d-67cc571130e0,false,80,2022-07-04 08:00:00+00,2024-01-01 08:00:00+00,
7922dfe6-4c26-56d8-a46a-b3ec50b96401,91f92e79-0670-52cc-840e-9d15f2eb4645,c981f5ef-8774-5129-b83a-c9448b008bfa,true,268,2022-07-04 08:00:00+00,2024-01-01 08:00:00+00,
9287fcad-a532-5cbb-8cb6-b0012c950d01,ab702970-b19f-584e-960d-f122bc77e878,b0a7719d-51cd-5e7d-8e3d-67cc571130e0,true,112,2023-01-17 08:00:00+00,2024-01-01 08:00:00+00,
3999510e-b94d-5f06-9375-cd042734b386,1d9fc05c-34f9-533a-a9eb-0eee51bb7d36,b0a7719d-51cd-5e7d-8e3d-67cc571130e0,true,106,2022-11-20 08:00:00+00,2024-01-01 08:00:00+00,
728a0ce6-fbbb-5d64-8cd3-800f1b221082,88b8b764-4f68-551c-a8bc-456f19524a17,c981f5ef-8774-5129-b83a-c9448b008bfa,true,222,2022-02-16 08:00:00+00,2024-01-01 08:00:00+00,
45d85b29-ed42-5e12-adc3-9eeb3302eb22,88b8b764-4f68-551c-a8bc-456f19524a17,05f60979-948c-56c4-8971-f733be532412,false,171,2022-06-23 08:00:00+00,2024-01-01 08:00:00+00,
f9ae44ce-cc52-5c62-a09c-cc7393518c82,86dd6631-718d-5740-a621-fd6636bc6c8c,b0a7719d-51cd-5e7d-8e3d-67cc571130e0,true,200,2023-06-09 08:00:00+00,2024-01-01 08:00:00+00,
35fe09c4-6aee-517d-8d87-ba4347bc17fc,86dd6631-718d-5740-a621-fd6636bc6c8c,3bd995d9-5386-5200-b14c-337fc57a8bb6,false,53,2022-09-15 08:00:00+00,2024-01-01 08:00:00+00,
f600a8b0-2b36-549a-bbac-151ab3881dbb,41218c1a-0eea-5851-b1f0-d7972dd6a9c8,c981f5ef-8774-5129-b83a-c9448b008bfa,true,206,2023-05-16 08:00:00+00,2024-01-01 08:00:00+00,
90fd99bb-eba0-5aaa-aa6b-789d5df1ae6d,41218c1a-0eea-5851-b1f0-d7972dd6a9c8,8f2d7823-5353-55b7-99c5-837cbc771d58,false,95,2022-11-18 08:00:00+00,2024-01-01 08:00:00+00,
bb83dede-a1cd-5640-add7-c7557ae710b8,78a7e7c7-8418-55e5-bffb-fe2b8e3f45dc,05f60979-948c-56c4-8971-f733be532412,true,161,2023-06-18 08:00:00+00,2024-01-01 08:00:00+00,
8b8dd150-adf2-5e03-bbe0-97c8660947ed,78a7e7c7-8418-55e5-bffb-fe2b8e3f45dc,8f2d7823-5353-55b7-99c5-837cbc771d58,false,85,2023-04-01 08:00:00+00,2024-01-01 08:00:00+00,
7423a74b-9110-5216-8561-bb5852a1be5b,5d0473ba-2b16-5697-95af-19108a8cfa03,b0a7719d-51cd-5e7d-8e3d-67cc571130e0,true,71,2023-06-07 08:00:00+00,2024-01-01 08:00:00+00,
a99f7fb4-4b2a-55a4-89fe-a419d6ebc521,5d0473ba-2b16-5697-95af-19108a8cfa03,05f60979-948c-56c4-8971-f733be532412,false,170,2022-12-19 08:00:00+00,2024-01-01 08:00:00+00,
3587ec83-b925-5e31-93c0-d4ba18ab15a9,e9ec9f70-3256-5ca0-9538-406d5cf8e362,c981f5ef-8774-5129-b83a-c9448b008bfa,true,81,2022-06-05 08:00:00+00,2024-01-01 08:00:00+00,
2dbdcec3-37a8-56b3-95a1-ebe6ef288ce8,805bf8b2-6933-5212-b80f-218a406d94e2,b0a7719d-51cd-5e7d-8e3d-67cc571130e0,true,239,2022-03-21 08:00:00+00,2024-01-01 08:00:00+00,
a054941f-3ac5-5fde-9947-3b7eb1bff720,154ca653-4c07-502d-ae39-d3009cf45045,c981f5ef-8774-5129-b83a-c9448b008bfa,true,263,2022-05-07 08:00:00+00,2024-01-01 08:00:00+00,
ffb35123-cbfa-5d75-8709-3ee14eab10ea,154ca653-4c07-502d-ae39-d3009cf45045,8f2d7823-5353-55b7-99c5-837cbc771d58,false,260,2023-10-30 08:00:00+00,2024-01-01 08:00:00+00,
e24df7ef-58de-5309-abca-23e9fc6ee73d,aa2c482c-f8cd-54b8-97a2-63ec7d248ed6,05f60979-948c-56c4-8971-f733be532412,true,278,2022-06-24 08:00:00+00,2024-01-01 08:00:00+00,
fc94b198-ee21-5e34-b737-82f7a74eb872,590110cc-87da-553a-a47f-2ffd000c01fe,3bd995d9-5386-5200-b14c-337fc57a8bb6,true,270,2022-08-24 08:00:00+00,2024-01-01 08:00:00+00,
7fc75440-61d7-5b4b-a25b-939cbed26741,678021a6-1afa-5833-aa69-2f3a3c624d9a,3bd995d9-5386-5200-b14c-337fc57a8bb6,true,157,2023-07-22 08:00:00+00,2024-01-01 08:00:00+00,
6b8a9f98-ac43-55f2-aad7-a0118204f852,678021a6-1afa-5833-aa69-2f3a3c624d9a,b0a7719d-51cd-5e7d-8e3d-67cc571130e0,false,194,2023-02-02 08:00:00+00,2024-01-01 08:00:00+00,
702da01c-7830-5c4d-927e-9fc79e7453e1,18a30d65-efd6-51c3-a505-50cf754df7ba,3bd995d9-5386-5200-b14c-337fc57a8bb6,true,241,2022-11-02 08:00:00+00,2024-01-01 08:00:00+00,
9d443174-b08a-547c-aa56-c9938b573828,18a30d65-efd6-51c3-a505-50cf754df7ba,05f60979-948c-56c4-8971-f733be532412,false,219,2022-04-26 08:00:00+00,2024-01-01 08:00:00+00,
d5e04f6b-b345-5de2-bf8f-39c961ff3811,1b5ed4fe-7f37-55d4-a3a2-92a6259c8e79,c981f5ef-8774-5129-b83a-c9448b008bfa,true,107,2022-11-24 08:00:00+00,2024-01-01 08:00:00+00,
71d28f02-8520-5a65-a7c1-9a9fc0d9f333,1b5ed4fe-7f37-55d4-a3a2-92a6259c8e79,8f2d7823-5353-55b7-99c5-837cbc771d58,false,220,2023-04-28 08:00:00+00,2024-01-01 08:00:00+00,
3f17bc33-7360-5acc-9c0a-b54c94679a6f,6d613bc9-14b2-5064-b777-e4602b6ac068,3bd995d9-5386-5200-b14c-337fc57a8bb6,true,228,2023-03-25 08:00:00+00,2024-01-01 08:00:00+00,
507d8a4d-e63a-5fcf-bc58-448a7d70f520,6d613bc9-14b2-5064-b777-e4602b6ac068,c981f5ef-8774-5129-b83a-c9448b008bfa,false,209,2023-09-19 08:00:00+00,2024-01-01 08:00:00+00,
2a980a6d-14dd-523b-abd2-1bdf8d1fd712,d27e3abc-c636-5663-af0d-83ab892f1632,05f60979-948c-56c4-8971-f733be532412,true,97,2023-04-02 08:00:00+00,2024-01-01 08:00:00+00,
623cf108-568a-5f24-b6ce-1d883822f986,256a6f73-86ea-5505-9540-1aba10c4f131,b0a7719d-51cd-5e7d-8e3d-67cc571130e0,true,160,2022-09-21 08:00:00+00,2024-01-01 08:00:00+00,
0a29dbeb-9b73-561c-be02-a1de396c44b3,1f6ac637-0f23-5be8-a782-f6fa223a4461,b0a7719d-51cd-5e7d-8e3d-67cc571130e0,true,277,2022-09-24 08:00:00+00,2024-01-01 08:00:00+00,
ef0f173d-4952-515c-8fb1-cd7a10182bee,1f6ac637-0f23-5be8-a782-f6fa223a4461,3bd995d9-5386-5200-b14c-337fc57a8bb6,false,158,2022-02-15 08:00:00+00,2024-01-01 08:00:00+00,
115ffa26-20bf-5511-b58e-c551ec15c9ce,1a754018-ac29-5889-8d57-4594199a1efd,c981f5ef-8774-5129-b83a-c9448b008bfa,true,173,2022-02-09 08:00:00+00,2024-01-01 08:00:00+00,
4fe09809-a426-5f81-a1d3-dfd60ace4393,1a754018-ac29-5889-8d57-4594199a1efd,8f2d7823-5353-55b7-99c5-837cbc771d58,false,212,2023-07-16 08:00:00+00,2024-01-01 08:00:00+00,
29089543-688d-500f-b5f2-7bbf383b6dc7,97d1625e-b06a-536e-9094-10cf2849cd71,3bd995d9-5386-5200-b14c-337fc57a8bb6,true,70,2023-10-01 08:00:00+00,2024-01-01 08:00:00+00,
17bea52e-287d-5b89-b659-2e53485306e5,a39699b7-e75e-502f-b155-338e9c363704,3bd995d9-5386-5200-b14c-337fc57a8bb6,true,180,2023-03-21 08:00:00+00,2024-01-01 08:00:00+00,
f2ff4d02-dbb5-56dd-8c41-b243410b1243,a39699b7-e75e-502f-b155-338e9c363704,05f60979-948c-56c4-8971-f733be532412,false,113,2022-08-10 08:00:00+00,2024-01-01 08:00:00+00,
a12257d6-bf95-5ae2-ac5c-1f0d1dba4dcd,f0e3b412-b76f-5458-9c1d-907a7f14e8af,8f2d7823-5353-55b7-99c5-837cbc771d58,true,54,2023-09-07 08:00:00+00,2024-01-01 08:00:00+00,
ee610da3-7c53-55aa-b118-636227346193,2e835928-43d7-5cd5-bc5f-887e7ce37160,8f2d7823-5353-55b7-99c5-837cbc771d58,true,251,2022-03-07 08:00:00+00,2024-01-01 08:00:00+00,
8ce98ec4-abd6-5a7b-9e99-a030b4050753,2e835928-43d7-5cd5-bc5f-887e7ce37160,b0a7719d-51cd-5e7d-8e3d-67cc571130e0,false,242,2022-12-13 08:00:00+00,2024-01-01 08:00:00+00,
8513e0dc-4031-5b18-a558-640e24905c3d,4660922d-9600-56a9-aed4-967cd0087330,05f60979-948c-56c4-8971-f733be532412,true,271,2023-02-16 08:00:00+00,2024-01-01 08:00:00+00,
53e11dc3-06f8-5fe6-8dc3-a5cba6a2423f,b254598f-ada9-5a27-bddc-92122cd21296,05f60979-948c-56c4-8971-f733be532412,true,133,2023-04-30 08:00:00+00,2024-01-01 08:00:00+00,
6f1528e0-9b01-5953-9634-bb7ca39a86c1,c7364438-a1e7-589a-862f-1bf8e0fed0d4,b0a7719d-51cd-5e7d-8e3d-67cc571130e0,true,83,2023-07-18 08:00:00+00,2024-01-01 08:00:00+00,
85f8765c-8004-54da-b379-d8a438c59ca6,257c62e1-eedb-52a2-9aee-495ee061220e,05f60979-948c-56c4-8971-f733be532412,true,276,2022-07-16 08:00:00+00,2024-01-01 08:00:00+00,
40154036-1f5e-5c84-83f1-eff612dcb1c9,257c62e1-eedb-52a2-9aee-495ee061220e,c981f5ef-8774-5129-b83a-c9448b008bfa,false,172,2022-08-28 08:00:00+00,2024-01-01 08:00:00+00,
ef106fa2-dfca-57ec-9790-47418cac2991,52dbd7d2-e940-58d3-b2b0-53bb518f54e2,8f2d7823-5353-55b7-99c5-837cbc771d58,true,166,2023-03-19 08:00:00+00,2024-01-01 08:00:00+00,
d38a6579-993f-5b59-8851-34de6471b7d6,333eaeaf-ac9d-531d-b3c8-99a706f9fab0,8f2d7823-5353-55b7-99c5-837cbc771d58,true,62,2023-06-17 08:00:00+00,2024-01-01 08:00:00+00,
eece3b9b-14b0-5fc0-9a9f-f1fa9db350b5,333eaeaf-ac9d-531d-b3c8-99a706f9fab0,c981f5ef-8774-5129-b83a-c9448b008bfa,false,77,2022-06-17 08:00:00+00,2024-01-01 08:00:00+00,
48f88a41-196b-55a7-bd0a-6e88b83487bb,74a324a2-298f-55fa-89ea-90f61c1435c8,05f60979-948c-56c4-8971-f733be532412,true,75,2023-02-17 08:00:00+00,2024-01-01 08:00:00+00,
c0947d37-361a-57ec-a1f8-c28307df8f00,74a324a2-298f-55fa-89ea-90f61c1435c8,3bd995d9-5386-5200-b14c-337fc57a8bb6,false,184,2023-01-20 08:00:00+00,2024-01-01 08:00:00+00,
d0aa64db-fc54-59b4-a379-139983534ab6,9443c457-d2b4-5105-8041-d2145c5ce0c8,3bd995d9-5386-5200-b14c-337fc57a8bb6,true,232,2022-11-10 08:00:00+00,2024-01-01 08:00:00+00,
fad13716-346f-5f22-9d3e-eedc640a96d3,9443c457-d2b4-5105-8041-d2145c5ce0c8,05f60979-948c-56c4-8971-f733be532412,false,98,2022-06-07 08:00:00+00,2024-01-01 08:00:00+00,
aa56925a-8c9f-5c31-8dd0-c1a40c18a5ce,ed6b0b94-465d-569f-9926-a8a5f2fa3666,b0a7719d-51cd-5e7d-8e3d-67cc571130e0,true,261,2022-10-23 08:00:00+00,2024-01-01 08:00:00+00,
2596198b-7e69-57d0-a607-faf64adf49bc,5775f517-a9a2-5ac5-a9f2-553fd0b918c0,b0a7719d-51cd-5e7d-8e3d-67cc571130e0,true,95,2023-11-16 08:00:00+00,2024-01-01 08:00:00+00,
598d0b1b-d62d-5d32-b2b5-dadfec67fd30,5775f517-a9a2-5ac5-a9f2-553fd0b918c0,c981f5ef-8774-5129-b83a-c9448b008bfa,false,244,2023-02-13 08:00:00+00,2024-01-01 08:00:00+00,
2102f126-0eee-56db-8f10-77954b63ab49,98c33674-dbbd-527d-9589-215fc441ac6d,c981f5ef-8774-5129-b83a-c9448b008bfa,true,144,2022-07-05 08:00:00+00,2024-01-01 08:00:00+00,
dc6f34eb-6b4c-5bfd-9b1d-73c2b81c2e32,98c33674-dbbd-527d-9589-215fc441ac6d,05f60979-948c-56c4-8971-f733be532412,false,252,2022-04-03 08:00:00+00,2024-01-01 08:00:00+00,
041f09a8-efec-504b-a97f-522982dd871f,b02438cf-9e78-5f2f-94fc-86cce17fd30e,8f2d7823-5353-55b7-99c5-837cbc771d58,true,64,2022-11-05 08:00:00+00,2024-01-01 08:00:00+00,
3a56e309-ca77-56f3-b99a-2471a7f74c30,b02438cf-9e78-5f2f-94fc-86cce17fd30e,b0a7719d-51cd-5e7d-8e3d-67cc571130e0,false,197,2023-03-27 08:00:00+00,2024-01-01 08:00:00+00,
7d8116e4-5613-56d6-a1fc-f21b860d3cf8,8e5d98b9-a03f-5729-9ae3-9ca94b93157e,b0a7719d-51cd-5e7d-8e3d-67cc571130e0,true,137,2023-03-30 08:00:00+00,2024-01-01 08:00:00+00,
0fdd1352-b5c1-5315-85cd-5b1d97ce67e8,680e5f16-0c14-5e1e-a810-3c7b35f56d2a,3bd995d9-5386-5200-b14c-337fc57a8bb6,true,88,2023-01-12 08:00:00+00,2024-01-01 08:00:00+00,
2c8a1643-52fe-5146-813b-b62670424a13,61bd9860-4d02-5ad8-88b5-2d68dc73507f,8f2d7823-5353-55b7-99c5-837cbc771d58,true,268,2022-09-29 08:00:00+00,2024-01-01 08:00:00+00,
967ecb45-ba64-5d08-b2e3-3484deb82872,61bd9860-4d02-5ad8-88b5-2d68dc73507f,3bd995d9-5386-5200-b14c-337fc57a8bb6,false,232,2022-02-10 08:00:00+00,2024-01-01 08:00:00+00,
8a497c2e-e462-57bc-8065-efe4ff7c0813,ee9e627d-4d4f-586f-a7e0-527acbc06c77,b0a7719d-51cd-5e7d-8e3d-67cc571130e0,true,155,2022-09-03 08:00:00+00,2024-01-01 08:00:00+00,
aabbc077-76d0-5313-8a12-f741120f6f20,ee9e627d-4d4f-586f-a7e0-527acbc06c77,c981f5ef-8774-5129-b83a-c9448b008bfa,false,215,2022-08-26 08:00:00+00,2024-01-01 08:00:00+00,
ebcd8872-2fb7-5357-834c-a15cd9cb2b92,4ab16cbd-4208-5560-8380-2cd56a6094f0,b0a7719d-51cd-5e7d-8e3d-67cc571130e0,true,244,2022-04-28 08:00:00+00,2024-01-01 08:00:00+00,
fb61c210-5627-5f47-a072-bcdececd1c4b,e63bf3d2-d729-54ef-a154-33c98a628833,05f60979-948c-56c4-8971-f733be532412,true,241,2023-09-13 08:00:00+00,2024-01-01 08:00:00+00,
3636ef5c-eeae-5c5a-9984-41bd1073ebe9,e63bf3d2-d729-54ef-a154-33c98a628833,8f2d7823-5353-55b7-99c5-837cbc771d58,false,273,2023-04-16 08:00:00+00,2024-01-01 08:00:00+00,
b4a6c14c-0776-55d7-85ac-570142f19527,9b1c78c1-a0bc-53ce-86f7-fbed72360d42,b0a7719d-51cd-5e7d-8e3d-67cc571130e0,true,249,2022-02-18 08:00:00+00,2024-01-01 08:00:00+00,
a2ec786f-2e3e-5acc-b2f6-ea70e84b28a0,9b1c78c1-a0bc-53ce-86f7-fbed72360d42,c981f5ef-8774-5129-b83a-c9448b008bfa,false,133,2022-04-12 08:00:00+00,2024-01-01 08:00:00+00,
fc000723-025d-5e56-91c7-23e8f1ec2f32,f5fc77f6-95e5-5f20-9fee-298c1214e069,3bd995d9-5386-5200-b14c-337fc57a8bb6,true,79,2022-05-08 08:00:00+00,2024-01-01 08:00:00+00,
c65b908d-958a-5d1d-886d-4c0d42d541ff,1dd86be0-f28a-5471-9809-322d540c87fe,8f2d7823-5353-55b7-99c5-837cbc771d58,true,108,2022-02-23 08:00:00+00,2024-01-01 08:00:00+00,
0e491f06-58ff-52b8-8e2e-085cc028ae82,1dd86be0-f28a-5471-9809-322d540c87fe,05f60979-948c-56c4-8971-f733be532412,false,135,2022-02-25 08:00:00+00,2024-01-01 08:00:00+00,
c0d7c645-fb62-5685-a098-215c7ad0e0fd,d3ce2c74-84e3-5fce-a7a1-99c0ad3b3bea,3bd995d9-5386-5200-b14c-337fc57a8bb6,true,208,2023-02-18 08:00:00+00,2024-01-01 08:00:00+00,
16f6e3df-e80e-5f5a-9bc2-b39ddab545a6,21be312a-63df-5e47-a1f1-1d650af95a52,05f60979-948c-56c4-8971-f733be532412,true,174,2022-04-27 08:00:00+00,2024-01-01 08:00:00+00,
fd425443-fc24-5ec1-af9f-896858bc1226,21be312a-63df-5e47-a1f1-1d650af95a52,8f2d7823-5353-55b7-99c5-837cbc771d58,false,158,2023-07-15 08:00:00+00,2024-01-01 08:00:00+00,
c10e74df-ae99-5597-9cb8-4a95a64f4e4d,02b56893-42d3-5007-ae8a-92b835a46cf8,05f60979-948c-56c4-8971-f733be532412,true,276,2022-12-06 08:00:00+00,2024-01-01 08:00:00+00,
d5f5ae0d-7daa-5476-92bc-72599348cb79,02b56893-42d3-5007-ae8a-92b835a46cf8,8f2d7823-5353-55b7-99c5-837cbc771d58,false,124,2022-05-05 08:00:00+00,2024-01-01 08:00:00+00,
604c5346-8b42-59d9-8128-6a1bb67a9bfd,2376711f-38a0-5570-98de-d248a58b4f12,8f2d7823-5353-55b7-99c5-837cbc771d58,true,231,2022-07-30 08:00:00+00,2024-01-01 08:00:00+00,
dfbcc443-a24f-5bbd-8b5c-c8e49a190ee6,2376711f-38a0-5570-98de-d248a58b4f12,3bd995d9-5386-5200-b14c-337fc57a8bb6,false,191,2022-02-28 08:00:00+00,2024-01-01 08:00:00+00,
e79742a3-eae4-59ee-afbd-c6d08b031422,06f8be65-32d5-5d7b-b2bb-a38fcdfd1ae6,05f60979-948c-56c4-8971-f733be532412,true,55,2023-10-18 08:00:00+00,2024-01-01 08:00:00+00,
2ef0e8c8-2267-51b4-81ec-e1e369f119ce,c3cc2d9a-4beb-58e4-b0e8-7624ba7f1cb7,3bd995d9-5386-5200-b14c-337fc57a8bb6,true,251,2023-11-02 08:00:00+00,2024-01-01 08:00:00+00,
a06cbbab-6c3c-5f62-9bae-58f14fddb971,849c3894-a740-567e-8a70-e573b270b7e1,c981f5ef-8774-5129-b83a-c9448b008bfa,true,95,2022-07-04 08:00:00+00,2024-01-01 08:00:00+00,
38d7dd07-ba79-5f62-af4e-05a4d815ba07,70c24781-f010-520d-a75c-7270aee87834,8f2d7823-5353-55b7-99c5-837cbc771d58,true,151,2023-05-30 08:00:00+00,2024-01-01 08:00:00+00,
d720d610-3398-5a78-9928-2c8479572599,70c24781-f010-520d-a75c-7270aee87834,3bd995d9-5386-5200-b14c-337fc57a8bb6,false,131,2023-09-06 08:00:00+00,2024-01-01 08:00:00+00,
c69a8aaf-8fce-5775-9963-46d4ea8305f6,e62bba8b-bded-597d-9a49-ef7e3240ab8a,8f2d7823-5353-55b7-99c5-837cbc771d58,true,200,2022-12-19 08:00:00+00,2024-01-01 08:00:00+00,
70208de2-1107-566f-97fd-7653106f9a48,e62bba8b-bded-597d-9a49-ef7e3240ab8a,c981f5ef-8774-5129-b83a-c9448b008bfa,false,77,2023-03-18 08:00:00+00,2024-01-01 08:00:00+00,
d2bef493-1588-5003-9324-3fe95686ce76,0684a649-b858-5e0f-b4db-dfb882edb8d6,b0a7719d-51cd-5e7d-8e3d-67cc571130e0,true,229,2022-10-21 08:00:00+00,2024-01-01 08:00:00+00,
c9adafac-3b96-5249-9063-73de42f6f2c2,0e8687cb-75fc-5f10-b08a-c43f759d0007,3bd995d9-5386-5200-b14c-337fc57a8bb6,true,219,2022-06-27 08:00:00+00,2024-01-01 08:00:00+00,
f111549d-e7c1-5b29-b418-1282aa105381,0e8687cb-75fc-5f10-b08a-c43f759d0007,b0a7719d-51cd-5e7d-8e3d-67cc571130e0,false,52,2023-12-01 08:00:00+00,2024-01-01 08:00:00+00,
a00ea762-0537-5148-9ee8-1f6319422774,4ee94a89-f4c2-509d-8d00-eac2d2396ca4,c981f5ef-8774-5129-b83a-c9448b008bfa,true,280,2023-05-29 08:00:00+00,2024-01-01 08:00:00+00,
bc8c0795-febd-5297-b4f8-237a562796d6,4ee94a89-f4c2-509d-8d00-eac2d2396ca4,8f2d7823-5353-55b7-99c5-837cbc771d58,false,119,2023-06-25 08:00:00+00,2024-01-01 08:00:00+00,
c97aabe5-c001-57a7-b807-662fa04f56d3,7b0f122b-c635-5190-8ea2-ea00074169b0,8f2d7823-5353-55b7-99c5-837cbc771d58,true,269,2022-02-14 08:00:00+00,2024-01-01 08:00:00+00,
bcf75104-8554-5c19-97ea-fb1a9eaf5054,f590ebe5-b9cf-5c42-ab38-b73402d9ab02,b0a7719d-51cd-5e7d-8e3d-67cc571130e0,true,158,2022-12-10 08:00:00+00,2024-01-01 08:00:00+00,
4d66d817-f7e9-5dd1-acd9-3d680ce30ca9,f590ebe5-b9cf-5c42-ab38-b73402d9ab02,8f2d7823-5353-55b7-99c5-837cbc771d58,false,230,2023-07-24 08:00:00+00,2024-01-01 08:00:00+00,
f858279b-5164-5f2e-9ab3-1a2750dcbc69,a7c4d73f-1e33-542d-91c4-bb789210949f,b0a7719d-51cd-5e7d-8e3d-67cc571130e0,true,268,2023-10-18 08:00:00+00,2024-01-01 08:00:00+00,
4b348393-2e45-5469-8e2b-eff1f9432391,a7c4d73f-1e33-542d-91c4-bb789210949f,05f60979-948c-56c4-8971-f733be532412,false,293,2022-12-14 08:00:00+00,2024-01-01 08:00:00+00,
eadfb4e0-3613-5174-8a4f-9322969b87ce,0b514086-2f9c-51de-a512-ca025a785aa6,8f2d7823-5353-55b7-99c5-837cbc771d58,true,81,2022-04-11 08:00:00+00,2024-01-01 08:00:00+00,
4f96cc27-1c3b-5cc5-a768-b1cad8488304,859c1c71-69d1-5588-aa48-783fcd390243,05f60979-948c-56c4-8971-f733be532412,true,66,2023-06-01 08:00:00+00,2024-01-01 08:00:00+00,
d1e4687d-3618-5c86-9612-a2cb51581534,859c1c71-69d1-5588-aa48-783fcd390243,c981f5ef-8774-5129-b83a-c9448b008bfa,false,217,2023-04-24 08:00:00+00,2024-01-01 08:00:00+00,
7cb336a2-c2aa-5db2-856c-414b0e2ca575,b5dfd023-13cd-5a22-af06-77a4f3d8e385,05f60979-948c-56c4-8971-f733be532412,true,133,2023-04-09 08:00:00+00,2024-01-01 08:00:00+00,
bc8c4de6-ce14-5a65-8451-e1abfac62618,b5dfd023-13cd-5a22-af06-77a4f3d8e385,b0a7719d-51cd-5e7d-8e3d-67cc571130e0,false,291,2022-09-16 08:00:00+00,2024-01-01 08:00:00+00,
6f9246cc-2d0f-54c9-a2d2-6241b4e1c0b2,48e335fe-7ba1-5798-a29e-d2194bcfc54c,c981f5ef-8774-5129-b83a-c9448b008bfa,true,224,2022-07-25 08:00:00+00,2024-01-01 08:00:00+00,
b78710f5-0ae7-529e-80e9-a966590cc0d9,48e335fe-7ba1-5798-a29e-d2194bcfc54c,8f2d7823-5353-55b7-99c5-837cbc771d58,false,177,2022-09-04 08:00:00+00,2024-01-01 08:00:00+00,
ae600b79-4c1d-5e9a-aec6-8211dd5c9a71,3c07f5e9-a98f-547f-8a0b-690af8bd63bf,c981f5ef-8774-5129-b83a-c9448b008bfa,true,281,2023-07-22 08:00:00+00,2024-01-01 08:00:00+00,
87610b13-235e-5f0f-b5fa-b99e7dbf9a93,9ef47125-361f-54a2-900b-fefd3ebdcf45,c981f5ef-8774-5129-b83a-c9448b008bfa,true,132,2023-10-14 08:00:00+00,2024-01-01 08:00:00+00,
c7865036-6e7f-561e-bf1b-8baa6d8fa057,9ef47125-361f-54a2-900b-fefd3ebdcf45,8f2d7823-5353-55b7-99c5-837cbc771d58,false,102,2023-09-22 08:00:00+00,2024-01-01 08:00:00+00,
375203de-d816-5a3c-bbba-4302a1476291,86d2c2b7-6d44-5db0-80f5-b0b5d4450020,c981f5ef-8774-5129-b83a-c9448b008bfa,true,231,2022-02-08 08:00:00+00,2024-01-01 08:00:00+00,
26609306-ea83-564d-a40e-9d63cd4d0a24,7e09b1aa-68bf-505d-b14f-18d44a36ac49,b0a7719d-51cd-5e7d-8e3d-67cc571130e0,true,115,2023-12-01 08:00:00+00,2024-01-01 08:00:00+00,
df17a0b5-af5f-5f9f-882c-c9c363337b15,7e09b1aa-68bf-505d-b14f-18d44a36ac49,3bd995d9-5386-5200-b14c-337fc57a8bb6,false,170,2022-08-01 08:00:00+00,2024-01-01 08:00:00+00,
97bcb22c-ae90-5f04-8832-2fbcb3898a86,7b353c3c-a4b4-534b-bd1b-1a79c231638e,05f60979-948c-56c4-8971-f733be532412,true,272,2022-06-28 08:00:00+00,2024-01-01 08:00:00+00,
30ae1844-86b6-5647-9595-6c65c182d64f,0d71fd0a-41a3-5fb5-b3fa-cb0f26d30c01,8f2d7823-5353-55b7-99c5-837cbc771d58,true,71,2022-04-21 08:00:00+00,2024-01-01 08:00:00+00,
e06edda0-9319-58d0-8a8b-c66bffb34059,bb476db0-2595-519b-ab3c-05274782c491,8f2d7823-5353-55b7-99c5-837cbc771d58,true,265,2023-03-07 08:00:00+00,2024-01-01 08:00:00+00,
fd4789b6-9e2b-5531-909a-3aa7eb9e35af,2c773e4f-da4e-5fba-b1f4-1caea77c6c13,8f2d7823-5353-55b7-99c5-837cbc771d58,true,204,2022-07-11 08:00:00+00,2024-01-01 08:00:00+00,
0ba9b668-84e6-5ea5-a729-8d2548718e77,2c773e4f-da4e-5fba-b1f4-1caea77c6c13,b0a7719d-51cd-5e7d-8e3d-67cc571130e0,false,263,2023-02-26 08:00:00+00,2024-01-01 08:00:00+00,
0f0a6e54-829e-5ef0-9314-be42138346df,a9d6d43d-e379-54ba-afb0-56f1f264a60b,05f60979-948c-56c4-8971-f733be532412,true,167,2023-08-02 08:00:00+00,2024-01-01 08:00:00+00,
d7e91fe1-41f7-5b10-93e3-221063a055d9,a9d6d43d-e379-54ba-afb0-56f1f264a60b,3bd995d9-5386-5200-b14c-337fc57a8bb6,false,242,2023-06-11 08:00:00+00,2024-01-01 08:00:00+00,
facaabc1-83c6-50f6-ad44-a191f450a95e,f90d9be0-1064-5c2d-9b9c-f79bff45707b,05f60979-948c-56c4-8971-f733be532412,true,149,2022-09-25 08:00:00+00,2024-01-01 08:00:00+00,
49ba83e4-6258-57b6-9df0-f4f27e40b780,f90d9be0-1064-5c2d-9b9c-f79bff45707b,c981f5ef-8774-5129-b83a-c9448b008bfa,false,178,2023-03-27 08:00:00+00,2024-01-01 08:00:00+00,
e1df1be3-048e-5a43-ab04-27b6183a1e55,17dec366-06e0-5e4f-8045-2979f0ab157e,05f60979-948c-56c4-8971-f733be532412,true,89,2022-12-11 08:00:00+00,2024-01-01 08:00:00+00,
4c103b8f-c1d9-5c6a-a9ce-bf98d5e35fbd,6383e631-9d50-5faa-bc15-31f515f15ac0,8f2d7823-5353-55b7-99c5-837cbc771d58,true,288,2022-04-25 08:00:00+00,2024-01-01 08:00:00+00,
7702d0f6-f40a-5a05-87f8-50f0d47d7632,957642c3-1981-55d3-a1b3-a4cd53a48a64,05f60979-948c-56c4-8971-f733be532412,true,133,2022-06-06 08:00:00+00,2024-01-01 08:00:00+00,
4a282fbb-2b2e-5dae-bd90-f74fe65d1a5f,957642c3-1981-55d3-a1b3-a4cd53a48a64,c981f5ef-8774-5129-b83a-c9448b008bfa,false,164,2022-11-09 08:00:00+00,2024-01-01 08:00:00+00,
747c742b-3892-5379-aa0b-f214f2029b17,59f2c3e2-7579-59f1-b83f-7cf6c9be96ef,05f60979-948c-56c4-8971-f733be532412,true,236,2023-11-22 08:00:00+00,2024-01-01 08:00:00+00,
0efc4113-7c64-51cb-a1e0-73f66d977469,59f2c3e2-7579-59f1-b83f-7cf6c9be96ef,c981f5ef-8774-5129-b83a-c9448b008bfa,false,171,2022-05-08 08:00:00+00,2024-01-01 08:00:00+00,
feb16b35-7283-57bc-b85a-93d8f7cc5aa1,5e15a6f4-812e-5a9b-8a56-a40b06de3d51,3bd995d9-5386-5200-b14c-337fc57a8bb6,true,219,2022-07-09 08:00:00+00,2024-01-01 08:00:00+00,
67693b35-86d9-5bcd-abeb-ba5ac384e0aa,fe3d046f-f086-5f5e-a5d6-9297122d3e44,b0a7719d-51cd-5e7d-8e3d-67cc571130e0,true,226,2023-04-17 08:00:00+00,2024-01-01 08:00:00+00,
a35073ea-5587-50c9-aedb-898c8230373d,2ec0b7e3-a303-575a-8cc2-dd9b0a5313ef,8f2d7823-5353-55b7-99c5-837cbc771d58,true,118,2022-10-03 08:00:00+00,2024-01-01 08:00:00+00,
b5eb24b6-b35c-52b6-8169-bed037ce0c9f,2ec0b7e3-a303-575a-8cc2-dd9b0a5313ef,b0a7719d-51cd-5e7d-8e3d-67cc571130e0,false,241,2023-09-20 08:00:00+00,2024-01-01 08:00:00+00,
f686df5a-f65f-5062-930c-22ef6dbc2faf,42a24d69-121e-5814-8f11-a80a9e179d9b,8f2d7823-5353-55b7-99c5-837cbc771d58,true,72,2023-03-11 08:00:00+00,2024-01-01 08:00:00+00,
2bc5e4fe-d61a-5e24-aeaf-6edadfb5897f,42f05440-ed53-5775-a853-6a9d405237b9,8f2d7823-5353-55b7-99c5-837cbc771d58,true,221,2023-04-04 08:00:00+00,2024-01-01 08:00:00+00,
875e287a-1137-57ee-9728-09422c1b5e44,c6e72b53-9758-594d-8dbb-f63ab2422311,b0a7719d-51cd-5e7d-8e3d-67cc571130e0,true,151,2023-06-05 08:00:00+00,2024-01-01 08:00:00+00,
3e93aa54-e5bc-5281-8fa1-ed72bbaf6415,97de5682-46a3-5423-950b-0789f073c9bf,c981f5ef-8774-5129-b83a-c9448b008bfa,true,228,2023-01-31 08:00:00+00,2024-01-01 08:00:00+00,
677b7eb3-147e-5c38-ac09-d16b7cbbccd7,97de5682-46a3-5423-950b-0789f073c9bf,8f2d7823-5353-55b7-99c5-837cbc771d58,false,115,2023-04-18 08:00:00+00,2024-01-01 08:00:00+00,
b196ca4e-60a0-5466-8652-730b08139c7a,2a56ed6c-fb3d-5b1d-a30d-30c27fb8f03f,b0a7719d-51cd-5e7d-8e3d-67cc571130e0,true,131,2023-09-28 08:00:00+00,2024-01-01 08:00:00+00,
98d5831d-864c-5de5-a224-8a2b3feccdab,56e321ae-76f5-5c36-a71e-0d103b25cb7e,8f2d7823-5353-55b7-99c5-837cbc771d58,true,105,2023-11-16 08:00:00+00,2024-01-01 08:00:00+00,
6c18ccad-8b7b-553c-91e7-a742131c0f25,56e321ae-76f5-5c36-a71e-0d103b25cb7e,b0a7719d-51cd-5e7d-8e3d-67cc571130e0,false,65,2022-02-03 08:00:00+00,2024-01-01 08:00:00+00,
04fdb3ff-b242-51c7-9094-aa8f07411132,07bc88ed-653f-5d5c-8405-1b54fd0bc93a,05f60979-948c-56c4-8971-f733be532412,true,87,2023-08-04 08:00:00+00,2024-01-01 08:00:00+00,
909e8629-eb7c-544a-9153-c50cf54cbe83,07bc88ed-653f-5d5c-8405-1b54fd0bc93a,8f2d7823-5353-55b7-99c5-837cbc771d58,false,252,2023-10-08 08:00:00+00,2024-01-01 08:00:00+00,
55b680ab-48ef-5433-ad42-684c87f45afb,f35f110a-04f7-5a6d-8055-2b55865f9431,3bd995d9-5386-5200-b14c-337fc57a8bb6,true,116,2023-10-06 08:00:00+00,2024-01-01 08:00:00+00,
c17a5330-a018-5e15-92e3-6b74c8b23f2c,f35f110a-04f7-5a6d-8055-2b55865f9431,8f2d7823-5353-55b7-99c5-837cbc771d58,false,164,2022-06-28 08:00:00+00,2024-01-01 08:00:00+00,
57564015-2aeb-5c4a-b11a-2b0b2497c83f,006859dd-03ed-5517-b85c-9b10f4079cb5,3bd995d9-5386-5200-b14c-337fc57a8bb6,true,264,2022-07-07 08:00:00+00,2024-01-01 08:00:00+00,
0e7b9d71-9561-5d65-8bc2-cfd4e865e94f,006859dd-03ed-5517-b85c-9b10f4079cb5,c981f5ef-8774-5129-b83a-c9448b008bfa,false,77,2023-09-01 08:00:00+00,2024-01-01 08:00:00+00,
8cc72a62-9856-5a7f-bce3-81ee1246fb92,c61d52d8-69ca-5af7-b17e-342add431395,c981f5ef-8774-5129-b83a-c9448b008bfa,true,245,2023-05-16 08:00:00+00,2024-01-01 08:00:00+00,
62c8555e-43c5-57a1-8563-28fcb1ca6c8e,ceb3aedd-45e3-5281-b46e-6ea2d162dada,05f60979-948c-56c4-8971-f733be532412,true,143,2023-06-22 08:00:00+00,2024-01-01 08:00:00+00,
11137dbd-de08-552c-afab-2211ae383bac,ceb3aedd-45e3-5281-b46e-6ea2d162dada,8f2d7823-5353-55b7-99c5-837cbc771d58,false,173,2022-02-27 08:00:00+00,2024-01-01 08:00:00+00,
791695cc-7f42-507a-b6a6-153ac9142105,94388e12-1b8a-57cd-9df9-963d94aebd2f,b0a7719d-51cd-5e7d-8e3d-67cc571130e0,true,131,2022-04-17 08:00:00+00,2024-01-01 08:00:00+00,
a45d6e03-0272-54cc-b202-67d791be89ce,15d9173a-dcdc-565e-b3ad-d620db6b951e,8f2d7823-5353-55b7-99c5-837cbc771d58,true,170,2023-10-01 08:00:00+00,2024-01-01 08:00:00+00,
e267df81-c2c3-519e-b28e-3985d575dfa9,15d9173a-dcdc-565e-b3ad-d620db6b951e,b0a7719d-51cd-5e7d-8e3d-67cc571130e0,false,135,2022-11-28 08:00:00+00,2024-01-01 08:00:00+00,
b408250a-3dc6-50c9-b195-92ab0dda106f,2bbacf7e-b42a-5cbb-947e-8449c3ce4cdf,b0a7719d-51cd-5e7d-8e3d-67cc571130e0,true,171,2023-09-02 08:00:00+00,2024-01-01 08:00:00+00,
6c4f69b7-af55-5d80-a9f3-d37404cc3fc1,2bbacf7e-b42a-5cbb-947e-8449c3ce4cdf,3bd995d9-5386-5200-b14c-337fc57a8bb6,false,96,2022-04-10 08:00:00+00,2024-01-01 08:00:00+00,
f99a42dc-f410-515d-8ad6-f4b693cdd0ef,ad693b8b-7a8c-55d2-af07-856dbc0947f3,b0a7719d-51cd-5e7d-8e3d-67cc571130e0,true,133,2023-02-06 08:00:00+00,2024-01-01 08:00:00+00,
4c2f3715-3216-53bd-93ea-a89fad3bba1d,ad693b8b-7a8c-55d2-af07-856dbc0947f3,3bd995d9-5386-5200-b14c-337fc57a8bb6,false,230,2022-05-19 08:00:00+00,2024-01-01 08:00:00+00,
8a7d3493-9a75-506a-b240-f4b2abca1907,b91b8880-5a14-52b0-88a1-82b43722f13d,8f2d7823-5353-55b7-99c5-837cbc771d58,true,52,2023-10-13 08:00:00+00,2024-01-01 08:00:00+00,
86d25070-c1c7-5252-a7f3-f13af034da8e,243b2ad2-7938-5c62-a6c2-7c50309826c9,b0a7719d-51cd-5e7d-8e3d-67cc571130e0,true,113,2023-04-24 08:00:00+00,2024-01-01 08:00:00+00,
8e95272d-1360-594f-b12b-0454e3822ad5,54920af9-508a-5113-b69a-edf671150eae,05f60979-948c-56c4-8971-f733be532412,true,82,2022-10-28 08:00:00+00,2024-01-01 08:00:00+00,
043946e1-7ac5-5333-bd2c-ce7accfa8c62,9ff8c119-9362-58c7-a666-38d0b4648d9f,8f2d7823-5353-55b7-99c5-837cbc771d58,true,258,2023-03-09 08:00:00+00,2024-01-01 08:00:00+00,
4e98b652-d50d-5626-a6c7-c69b68d7261c,acfe6c34-9533-5280-a535-e5ac42d2d1ed,3bd995d9-5386-5200-b14c-337fc57a8bb6,true,66,2023-03-22 08:00:00+00,2024-01-01 08:00:00+00,
44ea07d2-5562-5bea-ab66-37ea61ac8975,acfe6c34-9533-5280-a535-e5ac42d2d1ed,05f60979-948c-56c4-8971-f733be532412,false,161,2022-05-23 08:00:00+00,2024-01-01 08:00:00+00,
065050a5-5f7c-57d3-ae97-659ad5550f76,2d008e55-7465-5b88-b3ad-5573f8628a15,3bd995d9-5386-5200-b14c-337fc57a8bb6,true,177,2022-07-27 08:00:00+00,2024-01-01 08:00:00+00,
b5c2f9da-f9fc-57c6-a8b1-2f88359e8aa8,2d008e55-7465-5b88-b3ad-5573f8628a15,c981f5ef-8774-5129-b83a-c9448b008bfa,false,71,2023-07-17 08:00:00+00,2024-01-01 08:00:00+00,
fec83d03-525c-5574-abac-5ede4fc31edc,f9a2d9a9-bc20-54c3-9fef-65c4c4fc5551,b0a7719d-51cd-5e7d-8e3d-67cc571130e0,true,118,2023-06-09 08:00:00+00,2024-01-01 08:00:00+00,
214383b3-8403-5c4c-ac5c-6db82784dcaa,d74d66bc-c224-5dc7-bf9a-d579ecca90a3,3bd995d9-5386-5200-b14c-337fc57a8bb6,true,253,2022-10-05 08:00:00+00,2024-01-01 08:00:00+00,
902e97fe-59bf-55cc-aaf7-70d72910063b,d74d66bc-c224-5dc7-bf9a-d579ecca90a3,c981f5ef-8774-5129-b83a-c9448b008bfa,false,242,2023-09-06 08:00:00+00,2024-01-01 08:00:00+00,
3e13c1f3-a92a-5e0b-b474-d516bf510153,2443f1d9-f613-5a5e-9318-2861f49dc5e1,8f2d7823-5353-55b7-99c5-837cbc771d58,true,136,2022-05-10 08:00:00+00,2024-01-01 08:00:00+00,
fc615137-9608-5459-87ba-55fb942439b8,2443f1d9-f613-5a5e-9318-2861f49dc5e1,c981f5ef-8774-5129-b83a-c9448b008bfa,false,203,2023-06-25 08:00:00+00,2024-01-01 08:00:00+00,
4f12dd91-87e8-564e-a623-3d56e373a20a,8f14e371-c09b-586b-b452-efcf2dd98e9e,05f60979-948c-56c4-8971-f733be532412,true,227,2022-11-20 08:00:00+00,2024-01-01 08:00:00+00,
7fd7eec2-2153-57b8-b02b-84b8c6b261f4,09da575c-c098-57a9-9543-7accb733d523,05f60979-948c-56c4-8971-f733be532412,true,192,2022-07-18 08:00:00+00,2024-01-01 08:00:00+00,
cf1cc6f3-0f72-56ca-89ad-fff285aec18d,09da575c-c098-57a9-9543-7accb733d523,c981f5ef-8774-5129-b83a-c9448b008bfa,false,221,2023-11-06 08:00:00+00,2024-01-01 08:00:00+00,
b304fc6e-fe01-561a-8368-04706595c6d9,27a4130a-b503-5119-b180-5e8664250801,05f60979-948c-56c4-8971-f733be532412,true,250,2023-07-01 08:00:00+00,2024-01-01 08:00:00+00,
313daaf0-e103-599f-9742-027062e5afb5,27a4130a-b503-5119-b180-5e8664250801,3bd995d9-5386-5200-b14c-337fc57a8bb6,false,246,2023-07-04 08:00:00+00,2024-01-01 08:00:00+00,
00e669c4-3a92-5a03-b970-2eb5f09d5a85,ae9ace2d-a3a0-54a4-8960-b246ed4a1923,b0a7719d-51cd-5e7d-8e3d-67cc571130e0,true,287,2023-04-18 08:00:00+00,2024-01-01 08:00:00+00,
d686aa8b-a28e-56a8-9723-65b13c197a2b,3ee2192b-8ca1-5c59-936d-c903c3e48eab,c981f5ef-8774-5129-b83a-c9448b008bfa,true,293,2023-07-08 08:00:00+00,2024-01-01 08:00:00+00,
6735eda8-6232-5da4-aa2d-1f30052c692c,d98364cb-84ab-59f8-956b-ec366d0549ba,b0a7719d-51cd-5e7d-8e3d-67cc571130e0,true,76,2022-11-14 08:00:00+00,2024-01-01 08:00:00+00,
40fe1eca-8d0a-594a-818c-cc2314e4a893,d98364cb-84ab-59f8-956b-ec366d0549ba,8f2d7823-5353-55b7-99c5-837cbc771d58,false,235,2023-05-18 08:00:00+00,2024-01-01 08:00:00+00,
5b90b60e-036a-5bab-bf5b-39a1474fdaf0,1b09b1ce-4826-5638-b553-51db6eaa2b20,b0a7719d-51cd-5e7d-8e3d-67cc571130e0,true,126,2022-07-24 08:00:00+00,2024-01-01 08:00:00+00,
61f2d185-7ed3-59db-8cd4-0ab2c20fa9a9,1b09b1ce-4826-5638-b553-51db6eaa2b20,8f2d7823-5353-55b7-99c5-837cbc771d58,false,291,2023-06-25 08:00:00+00,2024-01-01 08:00:00+00,
57174435-5e4e-5ede-becf-b1dfefd2429b,90457572-eed4-5762-bd5c-ef2fc7e011b1,b0a7719d-51cd-5e7d-8e3d-67cc571130e0,true,267,2022-07-10 08:00:00+00,2024-01-01 08:00:00+00,
1675f4c4-c11c-50a7-bb93-2a068457e60c,90457572-eed4-5762-bd5c-ef2fc7e011b1,c981f5ef-8774-5129-b83a-c9448b008bfa,false,118,2022-10-06 08:00:00+00,2024-01-01 08:00:00+00,
a479e3dc-3dcf-5d1b-b95f-6018fa6a7605,f1ee5baa-6f6f-5918-b753-c275aa202ced,c981f5ef-8774-5129-b83a-c9448b008bfa,true,58,2022-08-24 08:00:00+00,2024-01-01 08:00:00+00,
f14099d7-b6d7-5a90-bbdd-47b8df520eca,f1ee5baa-6f6f-5918-b753-c275aa202ced,b0a7719d-51cd-5e7d-8e3d-67cc571130e0,false,225,2023-07-01 08:00:00+00,2024-01-01 08:00:00+00,
1529b907-20e2-5fa3-ae2c-be76da929960,1947fc91-c264-55ec-b220-833e4a472434,3bd995d9-5386-5200-b14c-337fc57a8bb6,true,244,2023-11-22 08:00:00+00,2024-01-01 08:00:00+00,
aa616d3f-ceb9-5a1b-a1f5-e8035a477129,bc7ffb28-daae-5f42-b239-9e7e75f8daf8,b0a7719d-51cd-5e7d-8e3d-67cc571130e0,true,292,2022-12-06 08:00:00+00,2024-01-01 08:00:00+00,
49b03e06-1173-5344-8f28-f853a7db53e3,9e2af266-df1a-5452-9ef7-eea6612e24c2,b0a7719d-51cd-5e7d-8e3d-67cc571130e0,true,189,2023-10-13 08:00:00+00,2024-01-01 08:00:00+00,
0251be3a-8a19-5940-8ba5-bab3523b3dc6,b4be3f24-e094-50b0-8270-b25c0dd8171f,c981f5ef-8774-5129-b83a-c9448b008bfa,true,239,2023-01-19 08:00:00+00,2024-01-01 08:00:00+00,
f238f0c7-f2d5-5480-8f9a-e49ae734af91,b4be3f24-e094-50b0-8270-b25c0dd8171f,8f2d7823-5353-55b7-99c5-837cbc771d58,false,259,2022-12-08 08:00:00+00,2024-01-01 08:00:00+00,
533f422a-f556-54a6-af64-626b81728518,56e22fbb-9795-58f2-8018-b1de3131c7aa,c981f5ef-8774-5129-b83a-c9448b008bfa,true,188,2023-08-11 08:00:00+00,2024-01-01 08:00:00+00,
ccf5df70-3e4b-503c-8232-203c6bedf144,f5bd8c17-daf5-5317-8a13-c88cb73b0cfb,c981f5ef-8774-5129-b83a-c9448b008bfa,true,185,2023-11-22 08:00:00+00,2024-01-01 08:00:00+00,
c4235a1c-fc68-54da-b4e4-bf03b5e5230d,17b93c6d-1fe4-56f6-8586-ce26e5b71f10,3bd995d9-5386-5200-b14c-337fc57a8bb6,true,193,2022-02-13 08:00:00+00,2024-01-01 08:00:00+00,
59843596-f703-5b9d-9456-f0c389f6534f,26abd2fa-a5f7-5733-82c2-689eac392721,8f2d7823-5353-55b7-99c5-837cbc771d58,true,255,2023-03-11 08:00:00+00,2024-01-01 08:00:00+00,
936d7c8e-078a-5a2d-930d-0dbe5661a768,26abd2fa-a5f7-5733-82c2-689eac392721,b0a7719d-51cd-5e7d-8e3d-67cc571130e0,false,114,2022-07-09 08:00:00+00,2024-01-01 08:00:00+00,
9896c428-3fe7-5ea9-aae4-2b77a18722f1,e6e525d4-4cad-5ea1-bafb-ac97b8ebce84,3bd995d9-5386-5200-b14c-337fc57a8bb6,true,164,2022-06-06 08:00:00+00,2024-01-01 08:00:00+00,
20a93c0e-c3a6-5f76-9e5c-c1a44fb8e985,e6e525d4-4cad-5ea1-bafb-ac97b8ebce84,05f60979-948c-56c4-8971-f733be532412,false,257,2022-05-20 08:00:00+00,2024-01-01 08:00:00+00,
b772c76f-efc4-58e5-8b6e-3057578f31c3,6a8ab171-f11f-597a-8cea-3f856b362351,8f2d7823-5353-55b7-99c5-837cbc771d58,true,262,2022-11-04 08:00:00+00,2024-01-01 08:00:00+00,
f78f41b0-22c1-52ba-ae2b-ec5ad276148d,6a8ab171-f11f-597a-8cea-3f856b362351,05f60979-948c-56c4-8971-f733be532412,false,251,2022-02-21 08:00:00+00,2024-01-01 08:00:00+00,
432de244-a4cc-5a05-826a-8e6d07e60d2a,654e5ccb-f79a-5a5e-9a43-b3254a1e87cb,8f2d7823-5353-55b7-99c5-837cbc771d58,true,112,2023-04-22 08:00:00+00,2024-01-01 08:00:00+00,
3d007e52-6cf8-5023-83fc-3ac52f382076,654e5ccb-f79a-5a5e-9a43-b3254a1e87cb,c981f5ef-8774-5129-b83a-c9448b008bfa,false,109,2023-01-29 08:00:00+00,2024-01-01 08:00:00+00,
127d0005-03ed-5d6d-9fd8-e1405810a62a,aa780fe5-3be9-5f2f-8be5-e93d7abd2905,8f2d7823-5353-55b7-99c5-837cbc771d58,true,240,2022-04-24 08:00:00+00,2024-01-01 08:00:00+00,
32721ae2-4351-5f75-84a1-efe908e57ae0,aa780fe5-3be9-5f2f-8be5-e93d7abd2905,c981f5ef-8774-5129-b83a-c9448b008bfa,false,154,2023-04-12 08:00:00+00,2024-01-01 08:00:00+00,
8fcbeac1-10f9-5c11-ab73-ae5d14a03403,aaed898b-8608-574d-9961-9fcfb08a3010,8f2d7823-5353-55b7-99c5-837cbc771d58,true,197,2023-07-04 08:00:00+00,2024-01-01 08:00:00+00,
2aa344b4-3e0e-5184-8800-7f8ee116e922,822448df-6665-52a6-8cb0-86c398a34668,8f2d7823-5353-55b7-99c5-837cbc771d58,true,285,2023-06-11 08:00:00+00,2024-01-01 08:00:00+00,
1eb90188-ae0c-5b4e-ab9d-100ff6a3d6ed,c0d4d8f1-89c6-56bb-96fe-e29ea060003b,b0a7719d-51cd-5e7d-8e3d-67cc571130e0,true,286,2023-09-17 08:00:00+00,2024-01-01 08:00:00+00,
1ea0bddc-36eb-5a8e-bcd4-2db273b0b385,a6fd784c-5c75-56a6-851f-91486e37898e,3bd995d9-5386-5200-b14c-337fc57a8bb6,true,105,2022-07-24 08:00:00+00,2024-01-01 08:00:00+00,
5c2c2f95-03ed-55f8-b1ba-55947ad820ad,a6fd784c-5c75-56a6-851f-91486e37898e,05f60979-948c-56c4-8971-f733be532412,false,124,2023-05-05 08:00:00+00,2024-01-01 08:00:00+00,
6b78e2cd-8686-51c1-b56b-2440b327bc4a,5523f76d-8e0d-59ff-a7b0-5ec1c437659c,05f60979-948c-56c4-8971-f733be532412,true,130,2023-10-12 08:00:00+00,2024-01-01 08:00:00+00,
f034413a-a89d-51b1-953f-5e63f7c00586,5523f76d-8e0d-59ff-a7b0-5ec1c437659c,c981f5ef-8774-5129-b83a-c9448b008bfa,false,132,2023-06-17 08:00:00+00,2024-01-01 08:00:00+00,
fc6f8928-e8c4-5680-9fbc-3afeff4fd2ff,f3c1efc5-0c3f-551a-88c8-db490092c637,b0a7719d-51cd-5e7d-8e3d-67cc571130e0,true,124,2023-11-24 08:00:00+00,2024-01-01 08:00:00+00,
c013358c-2ebb-5b06-b09b-8828abec547f,74707b5a-ad29-59cd-83be-2c01ad8c2a8e,3bd995d9-5386-5200-b14c-337fc57a8bb6,true,171,2023-07-22 08:00:00+00,2024-01-01 08:00:00+00,
a624b50f-f0e9-5a64-9453-4b0116261297,74707b5a-ad29-59cd-83be-2c01ad8c2a8e,c981f5ef-8774-5129-b83a-c9448b008bfa,false,242,2022-10-02 08:00:00+00,2024-01-01 08:00:00+00,
7bb7b247-6960-5bae-b9fd-f4a5678412a6,6468c2c9-895d-571a-b3da-29cef5b5f5ea,b0a7719d-51cd-5e7d-8e3d-67cc571130e0,true,172,2022-02-14 08:00:00+00,2024-01-01 08:00:00+00,
b8b33a10-c8ab-5826-804c-f1dcf5c924b1,e9a58790-850b-5e3a-8ddd-9d07531413ad,05f60979-948c-56c4-8971-f733be532412,true,119,2022-12-04 08:00:00+00,2024-01-01 08:00:00+00,
bd10a8ca-e462-5f43-ba1f-d8dbde861f73,e9a58790-850b-5e3a-8ddd-9d07531413ad,3bd995d9-5386-5200-b14c-337fc57a8bb6,false,293,2022-04-10 08:00:00+00,2024-01-01 08:00:00+00,
aa7ed345-16dc-5b14-ad9f-5d1668dd84fb,79a4d4ef-7a94-5a44-9ee7-0ac3e0a91ee2,8f2d7823-5353-55b7-99c5-837cbc771d58,true,299,2022-10-09 08:00:00+00,2024-01-01 08:00:00+00,
b1530e0a-c85b-5772-a4bf-75b13a234105,79a4d4ef-7a94-5a44-9ee7-0ac3e0a91ee2,05f60979-948c-56c4-8971-f733be532412,false,146,2023-11-16 08:00:00+00,2024-01-01 08:00:00+00,
01b26dbd-bddd-5a47-b695-5b2c8b9a5803,12e1b758-e18e-5e32-bb53-57a9bbacc1da,b0a7719d-51cd-5e7d-8e3d-67cc571130e0,true,205,2022-05-11 08:00:00+00,2024-01-01 08:00:00+00,
3e0079c2-16c3-5b97-a878-38bc3f3e8d15,12e1b758-e18e-5e32-bb53-57a9bbacc1da,3bd995d9-5386-5200-b14c-337fc57a8bb6,false,73,2022-09-09 08:00:00+00,2024-01-01 08:00:00+00,
8e4a670f-a907-55e2-884b-4636ed512713,5a384794-22c0-59ca-8395-a6a0113b9f20,8f2d7823-5353-55b7-99c5-837cbc771d58,true,149,2022-09-12 08:00:00+00,2024-01-01 08:00:00+00,
e1f19d56-1d89-5a28-a1ea-54ca8ec9e0a7,5a384794-22c0-59ca-8395-a6a0113b9f20,05f60979-948c-56c4-8971-f733be532412,false,143,2023-05-07 08:00:00+00,2024-01-01 08:00:00+00,
831512f7-fd2f-52ff-b185-bbc2a8795253,45f56286-662e-5871-a556-47529160afd3,b0a7719d-51cd-5e7d-8e3d-67cc571130e0,true,184,2022-08-28 08:00:00+00,2024-01-01 08:00:00+00,
72abe2f9-9af8-5d03-93fb-7b662c678c1f,45f56286-662e-5871-a556-47529160afd3,c981f5ef-8774-5129-b83a-c9448b008bfa,false,256,2023-01-30 08:00:00+00,2024-01-01 08:00:00+00,
817c878b-d2f1-5812-b9de-2347d91a5ac4,b487374c-240b-56d5-bec9-c4b1daabe630,c981f5ef-8774-5129-b83a-c9448b008bfa,true,79,2023-03-27 08:00:00+00,2024-01-01 08:00:00+00,
7c30a8d3-1d80-52a0-918f-330b91b14703,b487374c-240b-56d5-bec9-c4b1daabe630,8f2d7823-5353-55b7-99c5-837cbc771d58,false,78,2022-02-24 08:00:00+00,2024-01-01 08:00:00+00,
bad3cd38-58eb-5457-b057-fc03fd0f573d,3c29dd12-da68-5a50-a238-59da0672dab3,c981f5ef-8774-5129-b83a-c9448b008bfa,true,295,2022-03-27 08:00:00+00,2024-01-01 08:00:00+00,
d2983e71-141b-5521-b06a-1d17ba52898b,3c29dd12-da68-5a50-a238-59da0672dab3,b0a7719d-51cd-5e7d-8e3d-67cc571130e0,false,288,2022-10-29 08:00:00+00,2024-01-01 08:00:00+00,
b521b74a-f402-5fd2-b004-1743752103a8,a175da7b-e2a2-53b8-a0bb-d02562be73a4,8f2d7823-5353-55b7-99c5-837cbc771d58,true,112,2022-05-03 08:00:00+00,2024-01-01 08:00:00+00,
d73fc9c6-5d83-5c8a-b076-39c20106e858,5291bbe8-8ecc-5d35-a712-2384189ea69a,05f60979-948c-56c4-8971-f733be532412,true,172,2023-03-21 08:00:00+00,2024-01-01 08:00:00+00,
574b0414-ff4f-51bf-a809-92be94410d16,5291bbe8-8ecc-5d35-a712-2384189ea69a,c981f5ef-8774-5129-b83a-c9448b008bfa,false,172,2022-08-01 08:00:00+00,2024-01-01 08:00:00+00,
c8cef87a-4aa0-544b-8254-ee54179dfc3a,fb3d25c1-0c42-5af3-a044-a6f02d5d1ec2,c981f5ef-8774-5129-b83a-c9448b008bfa,true,162,2022-02-15 08:00:00+00,2024-01-01 08:00:00+00,
224e76d6-a46c-5907-a6f9-47f8f8964de5,fb3d25c1-0c42-5af3-a044-a6f02d5d1ec2,05f60979-948c-56c4-8971-f733be532412,false,90,2023-09-12 08:00:00+00,2024-01-01 08:00:00+00,
52154eac-7f38-535f-898c-1338e81f5129,432c0825-bb13-51d6-937c-eb329c2018c0,05f60979-948c-56c4-8971-f733be532412,true,179,2023-02-25 08:00:00+00,2024-01-01 08:00:00+00,
e4887887-2f84-5afa-8674-2f6e20d483cb,995b54cf-8029-5c0c-9b19-e153f801791d,8f2d7823-5353-55b7-99c5-837cbc771d58,true,148,2023-09-19 08:00:00+00,2024-01-01 08:00:00+00,
b3851b88-0548-56fa-abc2-1c64ae9e82a6,995b54cf-8029-5c0c-9b19-e153f801791d,c981f5ef-8774-5129-b83a-c9448b008bfa,false,251,2022-03-07 08:00:00+00,2024-01-01 08:00:00+00,
fc617395-02d2-57a3-b7e3-a9caaf251d66,56722279-cd31-5644-9230-0e19ad59a2bf,b0a7719d-51cd-5e7d-8e3d-67cc571130e0,true,243,2022-05-05 08:00:00+00,2024-01-01 08:00:00+00,
4b481856-9b55-56a7-b6d7-1edb216b1a3a,c10e32dc-26ca-56af-85ce-8ebdb0a91146,c981f5ef-8774-5129-b83a-c9448b008bfa,true,176,2022-04-05 08:00:00+00,2024-01-01 08:00:00+00,
40e0204d-37f6-56ea-b647-fd29b9f75415,c10e32dc-26ca-56af-85ce-8ebdb0a91146,b0a7719d-51cd-5e7d-8e3d-67cc571130e0,false,272,2022-05-31 08:00:00+00,2024-01-01 08:00:00+00,
4e148fdf-4444-58b1-bb65-f6030beb40a3,64657d3d-aa14-56b9-be37-02f2f6f86736,05f60979-948c-56c4-8971-f733be532412,true,237,2023-05-25 08:00:00+00,2024-01-01 08:00:00+00,
992f13c4-67e8-5958-ae56-f4c8af00496a,9ca7ac57-feb5-5a7c-92c5-7f397078313d,3bd995d9-5386-5200-b14c-337fc57a8bb6,true,285,2023-10-02 08:00:00+00,2024-01-01 08:00:00+00,
68028d15-218d-5d52-8071-5f5f7f4b1450,78d62038-9703-5bbb-a926-ae34b3f0bf95,b0a7719d-51cd-5e7d-8e3d-67cc571130e0,true,131,2023-02-12 08:00:00+00,2024-01-01 08:00:00+00,
d8976d1e-35bf-550b-9002-1619e72993be,78d62038-9703-5bbb-a926-ae34b3f0bf95,3bd995d9-5386-5200-b14c-337fc57a8bb6,false,139,2023-08-08 08:00:00+00,2024-01-01 08:00:00+00,
95697fb9-4f69-54b8-8247-68d0d16a2ef7,47129996-54fe-5913-92d5-fb501a53805d,05f60979-948c-56c4-8971-f733be532412,true,132,2022-05-18 08:00:00+00,2024-01-01 08:00:00+00,
573b8f04-8a0c-51d9-a6a4-52b71b1db1d0,47129996-54fe-5913-92d5-fb501a53805d,8f2d7823-5353-55b7-99c5-837cbc771d58,false,143,2023-02-14 08:00:00+00,2024-01-01 08:00:00+00,
a98832ee-69ae-549a-b037-7a8bf7abb523,c8bdd82b-bac5-5113-b2d0-7e3f786cb251,c981f5ef-8774-5129-b83a-c9448b008bfa,true,236,2022-05-01 08:00:00+00,2024-01-01 08:00:00+00,
5f924156-8744-5953-b0ae-6de211dbe5f2,14d7f430-c15b-518b-822a-f12353823482,b0a7719d-51cd-5e7d-8e3d-67cc571130e0,true,107,2023-02-22 08:00:00+00,2024-01-01 08:00:00+00,
35fdc5cf-57be-549c-98d5-781d37e0cbc3,78375d40-7955-5782-8a0c-db2ec520e5a6,05f60979-948c-56c4-8971-f733be532412,true,154,2023-07-27 08:00:00+00,2024-01-01 08:00:00+00,
32b4d452-e5ea-52e1-ae48-acbda3afe2ef,78375d40-7955-5782-8a0c-db2ec520e5a6,c981f5ef-8774-5129-b83a-c9448b008bfa,false,270,2022-08-09 08:00:00+00,2024-01-01 08:00:00+00,
dde3ffc2-6dec-5a3f-98b4-42c2e04286e4,873c3061-d548-575c-b634-00309bd78a8f,05f60979-948c-56c4-8971-f733be532412,true,98,2022-03-18 08:00:00+00,2024-01-01 08:00:00+00,
52f0ad6f-5bf9-5079-b3bd-35b19b46fc94,87055caf-ab90-51f2-b4fe-3ba306614646,05f60979-948c-56c4-8971-f733be532412,true,290,2023-10-07 08:00:00+00,2024-01-01 08:00:00+00,
e253fba0-8b78-5208-b934-95ebe868e074,51e477f4-f423-51f9-994e-27c23f29ad5b,c981f5ef-8774-5129-b83a-c9448b008bfa,true,101,2022-11-17 08:00:00+00,2024-01-01 08:00:00+00,
3c5ac6fe-090d-5a67-a461-1591d436a085,51e477f4-f423-51f9-994e-27c23f29ad5b,05f60979-948c-56c4-8971-f733be532412,false,274,2023-05-17 08:00:00+00,2024-01-01 08:00:00+00,
0dc09f82-ea57-5348-aae4-ec618e5229fb,d83de7db-f108-5fe7-936e-528842feceea,b0a7719d-51cd-5e7d-8e3d-67cc571130e0,true,130,2022-04-12 08:00:00+00,2024-01-01 08:00:00+00,
69e13a8b-5c35-508b-b134-b3ffa2f5e1dd,d83de7db-f108-5fe7-936e-528842feceea,8f2d7823-5353-55b7-99c5-837cbc771d58,false,221,2022-05-27 08:00:00+00,2024-01-01 08:00:00+00,
968d9959-ee2c-575d-9404-ce3c40e8c45d,6d4b427c-c6e8-5d5f-ab82-9c3f6e898f93,b0a7719d-51cd-5e7d-8e3d-67cc571130e0,true,151,2023-06-25 08:00:00+00,2024-01-01 08:00:00+00,
525cca44-e9eb-5008-b10a-57721dd09a03,ab87943d-6b22-532e-a36c-6407d3afc24a,3bd995d9-5386-5200-b14c-337fc57a8bb6,true,202,2022-10-15 08:00:00+00,2024-01-01 08:00:00+00,
b1eb3285-dd6b-587e-9dfd-21c0bc6646db,0c54a2da-3c69-5660-9a5d-9ca0b089ce17,b0a7719d-51cd-5e7d-8e3d-67cc571130e0,true,175,2022-05-08 08:00:00+00,2024-01-01 08:00:00+00,
1b0ebaef-e57e-5edf-b09c-0df509d1b600,e2768344-1d69-5991-98f6-7d13a1dc922d,c981f5ef-8774-5129-b83a-c9448b008bfa,true,179,2022-02-03 08:00:00+00,2024-01-01 08:00:00+00,
ba78b31b-69a2-5a9b-bd28-2a182bf74e94,e2768344-1d69-5991-98f6-7d13a1dc922d,8f2d7823-5353-55b7-99c5-837cbc771d58,false,270,2022-05-16 08:00:00+00,2024-01-01 08:00:00+00,
15efa064-a5b3-5a27-8e5a-674c7f2d0386,ef05f159-9ccb-5513-bd9f-74b797fac726,8f2d7823-5353-55b7-99c5-837cbc771d58,true,98,2022-08-13 08:00:00+00,2024-01-01 08:00:00+00,
60e00dbb-eac7-540a-a62d-c329b7321e85,3bf12f9f-54b6-56b0-aec6-5e75747b12cb,05f60979-948c-56c4-8971-f733be532412,true,200,2022-08-09 08:00:00+00,2024-01-01 08:00:00+00,
8e462228-30cc-5bf9-9ccc-197817d3b3eb,3bf12f9f-54b6-56b0-aec6-5e75747b12cb,3bd995d9-5386-5200-b14c-337fc57a8bb6,false,166,2023-04-22 08:00:00+00,2024-01-01 08:00:00+00,
cfdb226b-63fa-5397-9e67-e4db37e61174,4e109a81-437b-59b6-885a-c51f6b8011fd,8f2d7823-5353-55b7-99c5-837cbc771d58,true,266,2022-11-03 08:00:00+00,2024-01-01 08:00:00+00,
a9ed08d0-7133-5046-9fd5-6cfcc8a223dc,9add5e65-cbc6-52eb-9059-a3ced2bf0b11,3bd995d9-5386-5200-b14c-337fc57a8bb6,true,218,2022-04-28 08:00:00+00,2024-01-01 08:00:00+00,
325cd1c4-cfc8-5fe1-a662-92ccd7981474,9add5e65-cbc6-52eb-9059-a3ced2bf0b11,8f2d7823-5353-55b7-99c5-837cbc771d58,false,177,2022-07-05 08:00:00+00,2024-01-01 08:00:00+00,
1b218538-9615-5618-abd5-2c9e5753c6b7,61b088d7-603f-5585-b301-4ec5a0f73fa8,c981f5ef-8774-5129-b83a-c9448b008bfa,true,252,2023-10-07 08:00:00+00,2024-01-01 08:00:00+00,
7d28518b-d160-58f4-8e6a-66608ce4fa2c,61b088d7-603f-5585-b301-4ec5a0f73fa8,3bd995d9-5386-5200-b14c-337fc57a8bb6,false,225,2022-02-12 08:00:00+00,2024-01-01 08:00:00+00,
bb918f62-89d4-58f4-8275-d0646241222b,4ebfc94f-9984-5a32-b2fd-a912dc5ac91c,c981f5ef-8774-5129-b83a-c9448b008bfa,true,219,2023-10-16 08:00:00+00,2024-01-01 08:00:00+00,
2562b38e-1a64-599c-bbac-e38a2316a338,4ebfc94f-9984-5a32-b2fd-a912dc5ac91c,b0a7719d-51cd-5e7d-8e3d-67cc571130e0,false,163,2023-07-12 08:00:00+00,2024-01-01 08:00:00+00,
01131472-9119-550b-88a5-74304e94167b,053c96dd-c66f-539d-822d-5a569dd8328a,05f60979-948c-56c4-8971-f733be532412,true,225,2023-09-10 08:00:00+00,2024-01-01 08:00:00+00,
d7ed60d9-154f-592c-a2b6-f7b512cf8683,053c96dd-c66f-539d-822d-5a569dd8328a,3bd995d9-5386-5200-b14c-337fc57a8bb6,false,54,2022-09-06 08:00:00+00,2024-01-01 08:00:00+00,
07043944-fc7c-5821-b9cb-bce2e2d9d1e2,b12ff5b5-41e2-51ef-a708-0e5171328ee6,05f60979-948c-56c4-8971-f733be532412,true,226,2023-07-04 08:00:00+00,2024-01-01 08:00:00+00,
8883e85b-c94a-5994-945b-04b8dff6fb65,905b816b-7b3a-5f07-a088-a091e8a4510a,c981f5ef-8774-5129-b83a-c9448b008bfa,true,164,2022-06-21 08:00:00+00,2024-01-01 08:00:00+00,
5bc802a2-cff9-598b-9559-e04b87a6af61,905b816b-7b3a-5f07-a088-a091e8a4510a,05f60979-948c-56c4-8971-f733be532412,false,90,2022-12-14 08:00:00+00,2024-01-01 08:00:00+00,
5e6791d2-8001-5f40-a744-4e852d85c5ea,c3b178fb-3368-5a97-99bb-c297e04c4a28,8f2d7823-5353-55b7-99c5-837cbc771d58,true,54,2022-12-27 08:00:00+00,2024-01-01 08:00:00+00,
79086c50-a1c3-542f-8a9c-36409a1d133e,c3b178fb-3368-5a97-99bb-c297e04c4a28,05f60979-948c-56c4-8971-f733be532412,false,209,2023-01-25 08:00:00+00,2024-01-01 08:00:00+00,
76f0cd25-2d50-5cfd-b995-34dff7c87e1b,a64fe436-18db-5610-9e36-1a5d6bb00beb,c981f5ef-8774-5129-b83a-c9448b008bfa,true,158,2022-07-09 08:00:00+00,2024-01-01 08:00:00+00,
1a270629-55de-5261-93d2-aab2bf677719,f0db5cb9-5527-5974-9376-4d1d8c9975de,3bd995d9-5386-5200-b14c-337fc57a8bb6,true,167,2022-09-06 08:00:00+00,2024-01-01 08:00:00+00,
8cb1e8b0-3b0e-5f05-b994-da6fa97f0f11,6274f8e9-f4af-5e84-a2cb-793fbf8d17f6,05f60979-948c-56c4-8971-f733be532412,true,92,2023-02-21 08:00:00+00,2024-01-01 08:00:00+00,
85df9534-a5ee-528d-b958-a1e90daa5942,6274f8e9-f4af-5e84-a2cb-793fbf8d17f6,8f2d7823-5353-55b7-99c5-837cbc771d58,false,255,2022-02-18 08:00:00+00,2024-01-01 08:00:00+00,
9f02bbcc-5960-559b-9488-e5337ec8cc26,4d10d39d-8c19-5597-95c2-83737d5a5e38,b0a7719d-51cd-5e7d-8e3d-67cc571130e0,true,233,2022-04-07 08:00:00+00,2024-01-01 08:00:00+00,
577a6a16-3ae3-5f6a-970c-6088d68d4249,4d10d39d-8c19-5597-95c2-83737d5a5e38,3bd995d9-5386-5200-b14c-337fc57a8bb6,false,251,2022-05-15 08:00:00+00,2024-01-01 08:00:00+00,
7263a81f-09e0-51b6-8571-df8609c10911,f779986c-fa8f-57e0-b7d2-c90ecd524165,3bd995d9-5386-5200-b14c-337fc57a8bb6,true,51,2022-07-14 08:00:00+00,2024-01-01 08:00:00+00,
e1bd2bb2-e4ac-5cc9-bf3c-cb771fd5f646,f779986c-fa8f-57e0-b7d2-c90ecd524165,c981f5ef-8774-5129-b83a-c9448b008bfa,false,134,2023-01-14 08:00:00+00,2024-01-01 08:00:00+00,
bf17e2b6-602d-58a5-ad59-835bac20e474,34e6fa8f-3353-55f7-a7b3-b61df942afac,b0a7719d-51cd-5e7d-8e3d-67cc571130e0,true,256,2023-11-30 08:00:00+00,2024-01-01 08:00:00+00,
ef98c22a-ff68-51de-bff7-7ca3e845d54d,205fb173-94c1-5e0a-b4a4-d489204fb2a6,05f60979-948c-56c4-8971-f733be532412,true,136,2022-03-09 08:00:00+00,2024-01-01 08:00:00+00,
4d79050d-d0bb-582f-8bbf-1b83df91b3e7,205fb173-94c1-5e0a-b4a4-d489204fb2a6,8f2d7823-5353-55b7-99c5-837cbc771d58,false,210,2022-08-01 08:00:00+00,2024-01-01 08:00:00+00,
be0ce44d-3cfa-527a-ab65-ede9514a1d7b,c7a302f1-23e5-5a24-9558-a7ca3da776e1,8f2d7823-5353-55b7-99c5-837cbc771d58,true,183,2023-04-24 08:00:00+00,2024-01-01 08:00:00+00,
5a4a2fbd-a731-506a-88e4-1f8f86f328db,6eb45a02-9b1e-5870-943d-2eb74a70affa,3bd995d9-5386-5200-b14c-337fc57a8bb6,true,239,2023-11-08 08:00:00+00,2024-01-01 08:00:00+00,
eba56f01-bc6e-5fd9-8cd1-f312c000b7e2,6eb45a02-9b1e-5870-943d-2eb74a70affa,8f2d7823-5353-55b7-99c5-837cbc771d58,false,139,2023-09-09 08:00:00+00,2024-01-01 08:00:00+00,
5a4f2f31-025b-5c3c-b56a-d905d4ddd272,eb115736-ff77-51ce-a7b8-d473566c7c26,3bd995d9-5386-5200-b14c-337fc57a8bb6,true,154,2022-03-22 08:00:00+00,2024-01-01 08:00:00+00,
2d8353e3-e4f6-5ba5-8dd8-aa1d156d5ad4,3d32e4f0-d0b3-5612-ab1c-7d5f3ea28135,8f2d7823-5353-55b7-99c5-837cbc771d58,true,66,2023-07-24 08:00:00+00,2024-01-01 08:00:00+00,
51ee1bcc-f91b-5345-bb62-bbb7668cc8ff,3d32e4f0-d0b3-5612-ab1c-7d5f3ea28135,05f60979-948c-56c4-8971-f733be532412,false,186,2023-08-15 08:00:00+00,2024-01-01 08:00:00+00,
062f46c3-a375-59f7-a235-e7d98034ce25,cbe45101-9fa0-5d15-9a6e-8208fbf5653e,8f2d7823-5353-55b7-99c5-837cbc771d58,true,191,2022-08-29 08:00:00+00,2024-01-01 08:00:00+00,
67419e62-7172-53f7-889c-f290b287b9b7,cbe45101-9fa0-5d15-9a6e-8208fbf5653e,05f60979-948c-56c4-8971-f733be532412,false,250,2023-11-04 08:00:00+00,2024-01-01 08:00:00+00,
223f1e02-2090-5fc4-8371-d47676cfc8e0,a982f67a-6e71-5701-b92f-dccf39f4712e,8f2d7823-5353-55b7-99c5-837cbc771d58,true,271,2022-06-17 08:00:00+00,2024-01-01 08:00:00+00,
1f527dde-8288-527b-b3b0-e96f910753c6,213f9029-0f2b-50ce-aaee-5ce3ff2fbedc,05f60979-948c-56c4-8971-f733be532412,true,195,2022-05-11 08:00:00+00,2024-01-01 08:00:00+00,
98af06ea-af72-51a1-92b5-dd1f6049c34e,213f9029-0f2b-50ce-aaee-5ce3ff2fbedc,8f2d7823-5353-55b7-99c5-837cbc771d58,false,247,2023-06-26 08:00:00+00,2024-01-01 08:00:00+00,
9863f144-4ee6-5d77-9dba-9434274365e2,2c9890f7-17ef-5324-b222-98f7f8396ec2,c981f5ef-8774-5129-b83a-c9448b008bfa,true,300,2022-04-24 08:00:00+00,2024-01-01 08:00:00+00,
a9002207-f827-5460-8002-2a572a59847c,e51397b9-01f6-599a-9aca-38995ad0fff4,c981f5ef-8774-5129-b83a-c9448b008bfa,true,71,2023-04-18 08:00:00+00,2024-01-01 08:00:00+00,
d8a6c39b-2156-5509-b389-aa3d74c9f253,12ad1330-0e1d-5454-89a8-44f1f2128e8b,3bd995d9-5386-5200-b14c-337fc57a8bb6,true,111,2023-11-30 08:00:00+00,2024-01-01 08:00:00+00,
8fcb875c-c574-5964-b2d2-d0455e94e8e4,12ad1330-0e1d-5454-89a8-44f1f2128e8b,8f2d7823-5353-55b7-99c5-837cbc771d58,false,272,2022-09-22 08:00:00+00,2024-01-01 08:00:00+00,
55d248ae-03fa-5226-a2f0-7168b96e65e9,c2d693d8-5b6b-5431-a0ee-641da6cb1d71,b0a7719d-51cd-5e7d-8e3d-67cc571130e0,true,59,2022-06-09 08:00:00+00,2024-01-01 08:00:00+00,
fff44770-2d83-5060-9f6d-29dbf1a9a9b9,65668509-2a1a-50c7-a231-bc1b70499fae,b0a7719d-51cd-5e7d-8e3d-67cc571130e0,true,58,2022-10-11 08:00:00+00,2024-01-01 08:00:00+00,
a346d9bf-4b73-5a47-907d-71c61f8a6921,65668509-2a1a-50c7-a231-bc1b70499fae,05f60979-948c-56c4-8971-f733be532412,false,193,2023-03-10 08:00:00+00,2024-01-01 08:00:00+00,
4fd5d676-88cd-5c50-b307-e885844bd295,2ea8096a-0b79-529d-9fe8-3b76705bafe4,8f2d7823-5353-55b7-99c5-837cbc771d58,true,249,2022-06-22 08:00:00+00,2024-01-01 08:00:00+00,
903ac21d-5aeb-59f5-b0d6-eea3c5d4161b,53e38bb0-4d65-59cc-95a2-0a227cd8732f,8f2d7823-5353-55b7-99c5-837cbc771d58,true,163,2023-06-20 08:00:00+00,2024-01-01 08:00:00+00,
0d513966-7cc8-5246-8672-f22475363c78,0e084adc-6ae1-5074-a3e6-ffce0b2177f8,b0a7719d-51cd-5e7d-8e3d-67cc571130e0,true,151,2022-09-23 08:00:00+00,2024-01-01 08:00:00+00,
9809c16f-ac5d-591c-a41b-62fb3f7be97a,24dabd6c-6d65-5f75-9924-691a499f52c2,8f2d7823-5353-55b7-99c5-837cbc771d58,true,289,2022-10-20 08:00:00+00,2024-01-01 08:00:00+00,
b932eb20-6227-51e7-bd47-b7e06ad935ab,24dabd6c-6d65-5f75-9924-691a499f52c2,3bd995d9-5386-5200-b14c-337fc57a8bb6,false,171,2022-07-28 08:00:00+00,2024-01-01 08:00:00+00,
4ee84209-3f19-5f95-bafa-0f76daf54009,89f62940-06ba-5626-9c34-d38f436becb4,c981f5ef-8774-5129-b83a-c9448b008bfa,true,164,2023-03-28 08:00:00+00,2024-01-01 08:00:00+00,
588c92d6-9058-5e01-a673-ee56e68eccbf,89f62940-06ba-5626-9c34-d38f436becb4,b0a7719d-51cd-5e7d-8e3d-67cc571130e0,false,238,2023-01-02 08:00:00+00,2024-01-01 08:00:00+00,
ae756539-5a42-53e0-b3eb-c3bccf358a22,0cbe4377-de1a-5a2c-80c6-06bba5d6be9f,3bd995d9-5386-5200-b14c-337fc57a8bb6,true,131,2022-02-16 08:00:00+00,2024-01-01 08:00:00+00,
5c9649b0-258b-584d-bf06-1d1905f6d037,0cbe4377-de1a-5a2c-80c6-06bba5d6be9f,b0a7719d-51cd-5e7d-8e3d-67cc571130e0,false,221,2022-09-06 08:00:00+00,2024-01-01 08:00:00+00,
fdb9cf19-31ee-5ddb-9a13-321dca0ca637,fed4d393-1050-554a-8497-852ad1b064c5,05f60979-948c-56c4-8971-f733be532412,true,300,2023-11-20 08:00:00+00,2024-01-01 08:00:00+00,
88500921-459c-57d0-b80c-6db2105c1456,fed4d393-1050-554a-8497-852ad1b064c5,c981f5ef-8774-5129-b83a-c9448b008bfa,false,125,2023-10-23 08:00:00+00,2024-01-01 08:00:00+00,
c0096aa0-f2ec-578b-a14c-a974a161250a,ae4807b9-637b-5ffc-a000-eb56a4231dae,c981f5ef-8774-5129-b83a-c9448b008bfa,true,226,2022-06-05 08:00:00+00,2024-01-01 08:00:00+00,
b9045830-764d-539d-a5d9-f08be7361b12,4607de94-80ce-5f3e-8011-a3bab10681cf,3bd995d9-5386-5200-b14c-337fc57a8bb6,true,210,2022-05-28 08:00:00+00,2024-01-01 08:00:00+00,
38e7ed50-cbe9-57d2-842c-7709a2c31833,cec365bb-aa0c-513c-a321-b2687c2a2c65,c981f5ef-8774-5129-b83a-c9448b008bfa,true,88,2023-04-30 08:00:00+00,2024-01-01 08:00:00+00,
4ea94be2-f584-59d0-b047-a412b5f57dc1,cec365bb-aa0c-513c-a321-b2687c2a2c65,8f2d7823-5353-55b7-99c5-837cbc771d58,false,137,2022-07-24 08:00:00+00,2024-01-01 08:00:00+00,
967957a5-5c08-5d29-aa8a-b2931fee595b,38e2dd1f-56a6-553e-953a-60b3020b7aba,c981f5ef-8774-5129-b83a-c9448b008bfa,true,211,2023-07-03 08:00:00+00,2024-01-01 08:00:00+00,
9a6c07e2-bc7d-5369-8d2d-95b3da7f2bc6,38e2dd1f-56a6-553e-953a-60b3020b7aba,8f2d7823-5353-55b7-99c5-837cbc771d58,false,61,2022-06-11 08:00:00+00,2024-01-01 08:00:00+00,
ddffb3ce-e5b9-5cfa-a4e4-f17ac6068a1a,fab0645a-e7de-517c-ae49-1bf5eec08668,05f60979-948c-56c4-8971-f733be532412,true,123,2023-08-08 08:00:00+00,2024-01-01 08:00:00+00,
ae421465-22c6-53e6-ab6e-cafc24bce8f3,b5375764-2f77-531e-8132-d060e942bbe0,c981f5ef-8774-5129-b83a-c9448b008bfa,true,71,2022-11-19 08:00:00+00,2024-01-01 08:00:00+00,
d07222e8-8842-5885-9164-ac6cb96fadf1,d7b81605-74ac-5a05-af81-4604223677fb,8f2d7823-5353-55b7-99c5-837cbc771d58,true,238,2023-01-26 08:00:00+00,2024-01-01 08:00:00+00,
535a0b11-2c74-59c6-9b47-cd216559fbab,028709b7-a4a1-500e-9869-28e7c9c87315,3bd995d9-5386-5200-b14c-337fc57a8bb6,true,153,2022-11-09 08:00:00+00,2024-01-01 08:00:00+00,
7fcc24df-6c7f-5387-8139-45a8a16bfa3e,d171221d-4c2f-5ac4-9fa1-176fd4e7e4e2,b0a7719d-51cd-5e7d-8e3d-67cc571130e0,true,221,2023-08-03 08:00:00+00,2024-01-01 08:00:00+00,
98d3462f-bf65-5bd3-bc9b-bea4037c35d8,ecfa973b-4e25-5d58-9971-c15ba695eb90,3bd995d9-5386-5200-b14c-337fc57a8bb6,true,137,2022-02-20 08:00:00+00,2024-01-01 08:00:00+00,
b710274b-51b6-548f-a499-9656e61e03ce,ecfa973b-4e25-5d58-9971-c15ba695eb90,b0a7719d-51cd-5e7d-8e3d-67cc571130e0,false,143,2022-02-26 08:00:00+00,2024-01-01 08:00:00+00,
ca00c414-1e5c-5411-8ee6-128fa45a4a78,1cb07a8e-342e-5e91-a438-652dac0a9fa1,8f2d7823-5353-55b7-99c5-837cbc771d58,true,109,2022-02-07 08:00:00+00,2024-01-01 08:00:00+00,
9781c0e1-4f75-5e40-b3fd-b6c9d8f31c89,1cb07a8e-342e-5e91-a438-652dac0a9fa1,3bd995d9-5386-5200-b14c-337fc57a8bb6,false,122,2023-11-15 08:00:00+00,2024-01-01 08:00:00+00,
86a62375-3b65-566c-8cff-31092163848b,0df583cb-b62b-50dd-bf42-ea029056ef40,8f2d7823-5353-55b7-99c5-837cbc771d58,true,61,2023-10-20 08:00:00+00,2024-01-01 08:00:00+00,
d7e43b9d-ce47-5853-8ca4-110dc78921da,0df583cb-b62b-50dd-bf42-ea029056ef40,c981f5ef-8774-5129-b83a-c9448b008bfa,false,60,2023-01-17 08:00:00+00,2024-01-01 08:00:00+00,
c5a716ba-7712-594e-bdfc-260b3fa17bf0,b29c213b-52e4-5815-84a3-b2da92215d60,b0a7719d-51cd-5e7d-8e3d-67cc571130e0,true,58,2022-02-14 08:00:00+00,2024-01-01 08:00:00+00,
07f2a2da-d209-5ccf-a86a-f743c7fca5db,b29c213b-52e4-5815-84a3-b2da92215d60,c981f5ef-8774-5129-b83a-c9448b008bfa,false,191,2022-04-10 08:00:00+00,2024-01-01 08:00:00+00,
8f968217-a13a-5235-b59b-0aba56a34f13,9d8cc31b-9f1d-5633-9168-5794e828cb47,05f60979-948c-56c4-8971-f733be532412,true,210,2022-07-31 08:00:00+00,2024-01-01 08:00:00+00,
e099c21b-a26e-5222-ae23-030de14a7969,fd22e72f-46bb-5d0f-b43a-2f5145219bac,8f2d7823-5353-55b7-99c5-837cbc771d58,true,273,2022-04-27 08:00:00+00,2024-01-01 08:00:00+00,
995b536e-d9c7-503f-82ba-92e985843c1c,930184e9-6e9b-5ca1-a036-f812e141bec2,8f2d7823-5353-55b7-99c5-837cbc771d58,true,129,2022-03-21 08:00:00+00,2024-01-01 08:00:00+00,
5443aa17-8c9c-5fdf-9ced-1f328c0503bf,b234c308-d54b-587a-bd58-63ac18cad711,b0a7719d-51cd-5e7d-8e3d-67cc571130e0,true,135,2022-09-11 08:00:00+00,2024-01-01 08:00:00+00,
1f2e4eb7-737a-5edd-a695-8e23e13158d6,b234c308-d54b-587a-bd58-63ac18cad711,05f60979-948c-56c4-8971-f733be532412,false,216,2022-12-11 08:00:00+00,2024-01-01 08:00:00+00,
cc8cfcbf-584a-57fb-8dea-a5fb0b5224a7,4545ce55-06b6-5fb1-a139-09997b0ba18f,05f60979-948c-56c4-8971-f733be532412,true,251,2022-10-25 08:00:00+00,2024-01-01 08:00:00+00,
950002a0-659b-5af9-90c1-7d3188c7836a,e13690f6-4e91-55f4-b5a7-e892694af816,b0a7719d-51cd-5e7d-8e3d-67cc571130e0,true,105,2022-10-15 08:00:00+00,2024-01-01 08:00:00+00,
658536b3-8094-515d-8019-415245d2aa06,f5794852-fc98-5240-86ce-b8da9108f44a,8f2d7823-5353-55b7-99c5-837cbc771d58,true,272,2023-06-17 08:00:00+00,2024-01-01 08:00:00+00,
9b4190b4-c560-5dc0-b38f-056db2dd3187,f5794852-fc98-5240-86ce-b8da9108f44a,05f60979-948c-56c4-8971-f733be532412,false,127,2022-11-26 08:00:00+00,2024-01-01 08:00:00+00,
a10ca0ab-55df-5877-8c67-5d3caf1df19f,ce1567af-2279-5b5c-a573-b5bd513e7650,b0a7719d-51cd-5e7d-8e3d-67cc571130e0,true,174,2023-10-24 08:00:00+00,2024-01-01 08:00:00+00,
db2a7741-d8c6-5cfa-b887-6ac9def8c8c9,ce1567af-2279-5b5c-a573-b5bd513e7650,3bd995d9-5386-5200-b14c-337fc57a8bb6,false,184,2023-04-20 08:00:00+00,2024-01-01 08:00:00+00,
85eb1f62-63ec-524e-b260-ac3ba30a0bea,712f1249-60b2-53f3-a1ff-6173fcae3a20,c981f5ef-8774-5129-b83a-c9448b008bfa,true,66,2023-02-02 08:00:00+00,2024-01-01 08:00:00+00,
4fec6cee-e5a4-5bd4-bff2-75af8ee5bc3f,091a23ea-8b5d-5277-819b-8ec06f344feb,c981f5ef-8774-5129-b83a-c9448b008bfa,true,119,2022-02-08 08:00:00+00,2024-01-01 08:00:00+00,
8270f98e-4dc7-5a7d-907d-69c6d88d4ecb,1636f7f6-7e1e-57b3-8ce3-57b910652ad8,8f2d7823-5353-55b7-99c5-837cbc771d58,true,221,2022-03-20 08:00:00+00,2024-01-01 08:00:00+00,
62b43969-d62f-56ec-8614-88a0ef1efa5b,1636f7f6-7e1e-57b3-8ce3-57b910652ad8,05f60979-948c-56c4-8971-f733be532412,false,59,2023-10-22 08:00:00+00,2024-01-01 08:00:00+00,
cac42849-660c-5ad8-9578-de6397643343,c13f4d6b-62b2-5f29-a6bb-f7abd9f1447c,c981f5ef-8774-5129-b83a-c9448b008bfa,true,141,2023-04-30 08:00:00+00,2024-01-01 08:00:00+00,
b59f3f55-11fe-5343-a774-80c6039e7e17,9cba54bf-d81a-5839-85c1-d3b3940ed764,c981f5ef-8774-5129-b83a-c9448b008bfa,true,229,2022-05-18 08:00:00+00,2024-01-01 08:00:00+00,
6a8c4078-8278-5f21-a936-3b41731b778c,49d83a50-d457-5796-b339-b9153a4d0c70,8f2d7823-5353-55b7-99c5-837cbc771d58,true,265,2023-01-13 08:00:00+00,2024-01-01 08:00:00+00,
1de7a959-f0d5-5548-928d-fd6973bf44ea,49d83a50-d457-5796-b339-b9153a4d0c70,05f60979-948c-56c4-8971-f733be532412,false,76,2023-01-28 08:00:00+00,2024-01-01 08:00:00+00,
3737407b-d2f4-500c-b2f0-99fa159ba486,e71e4cd4-020a-5585-9961-bcdbc66606de,b0a7719d-51cd-5e7d-8e3d-67cc571130e0,true,146,2023-08-12 08:00:00+00,2024-01-01 08:00:00+00,
c169958c-f6c1-55fe-b5a1-7fa1fd41ef2e,d4a3e36f-2dca-599f-ad74-9ffcad294d56,3bd995d9-5386-5200-b14c-337fc57a8bb6,true,103,2023-09-18 08:00:00+00,2024-01-01 08:00:00+00,
2789ea7f-636d-5a16-8d9c-22b68d3b5b2f,d4a3e36f-2dca-599f-ad74-9ffcad294d56,8f2d7823-5353-55b7-99c5-837cbc771d58,false,177,2023-11-18 08:00:00+00,2024-01-01 08:00:00+00,
92c9cbf6-1fc6-57fa-af03-b80fcc046ed9,6a9516c5-78ac-580f-857d-97760248af82,8f2d7823-5353-55b7-99c5-837cbc771d58,true,298,2022-10-12 08:00:00+00,2024-01-01 08:00:00+00,
6d2da6ef-84b8-5f23-980d-b127e375a1c2,f2f48e34-fd5b-5713-9112-e4cf2adaa6ce,05f60979-948c-56c4-8971-f733be532412,true,278,2023-11-14 08:00:00+00,2024-01-01 08:00:00+00,
f73dd119-49ae-50ef-a6f8-1a4e5f4514b6,bc5b2a48-b4c5-58a7-9083-c3bea07a221e,b0a7719d-51cd-5e7d-8e3d-67cc571130e0,true,125,2022-11-09 08:00:00+00,2024-01-01 08:00:00+00,
f7660698-9f1a-5645-b6f3-7b7fae336f8c,1261bf08-cc3c-5ee7-96cc-19f2a7688283,05f60979-948c-56c4-8971-f733be532412,true,190,2023-08-26 08:00:00+00,2024-01-01 08:00:00+00,
d52735ca-da88-57f2-b746-033e3f3cd121,a25f38cd-ac69-5e71-b955-9ff665361335,3bd995d9-5386-5200-b14c-337fc57a8bb6,true,147,2023-03-19 08:00:00+00,2024-01-01 08:00:00+00,
ddb56612-75d7-5346-9606-4e75bbece7f1,a25f38cd-ac69-5e71-b955-9ff665361335,b0a7719d-51cd-5e7d-8e3d-67cc571130e0,false,133,2023-03-10 08:00:00+00,2024-01-01 08:00:00+00,
f5be4a88-5ba9-5bad-9c3b-75fec4fe6641,2954749d-8626-5063-9313-8b20ee2ca17c,8f2d7823-5353-55b7-99c5-837cbc771d58,true,144,2022-09-09 08:00:00+00,2024-01-01 08:00:00+00,
05cd5f72-ab04-58b0-9b08-443d82e99c69,2954749d-8626-5063-9313-8b20ee2ca17c,05f60979-948c-56c4-8971-f733be532412,false,109,2023-08-10 08:00:00+00,2024-01-01 08:00:00+00,
fc62b259-e243-5132-9c5d-94807aa70724,2678c677-3e8a-5ab4-9691-fc605f6933f9,c981f5ef-8774-5129-b83a-c9448b008bfa,true,106,2022-09-27 08:00:00+00,2024-01-01 08:00:00+00,
c2ad9104-79ca-5279-ac0a-9cb5e550dc10,18482c1e-cf29-50cf-a660-3c7dd0169c99,05f60979-948c-56c4-8971-f733be532412,true,162,2022-10-16 08:00:00+00,2024-01-01 08:00:00+00,
755d3d10-bdb3-5bf4-a890-10c24eebabd8,649dedb1-dc03-5798-b9c0-36af5dffa9f1,8f2d7823-5353-55b7-99c5-837cbc771d58,true,247,2023-06-20 08:00:00+00,2024-01-01 08:00:00+00,
f05dd791-9b76-5fc2-af20-2a04a853c1ef,649dedb1-dc03-5798-b9c0-36af5dffa9f1,05f60979-948c-56c4-8971-f733be532412,false,251,2022-04-13 08:00:00+00,2024-01-01 08:00:00+00,
c707aad1-5bd4-530a-abb5-cb6f4cc59517,9f11fa91-4f0d-51b0-93c5-af18a9a47402,8f2d7823-5353-55b7-99c5-837cbc771d58,true,175,2023-02-19 08:00:00+00,2024-01-01 08:00:00+00,
26f0a357-a8ba-5260-8e3a-858248021baf,9f11fa91-4f0d-51b0-93c5-af18a9a47402,c981f5ef-8774-5129-b83a-c9448b008bfa,false,143,2023-10-25 08:00:00+00,2024-01-01 08:00:00+00,
cd086521-5533-5fdd-af7a-9d93a807faed,631bb5a1-f6b5-5d66-a959-f5c47b0b63d0,b0a7719d-51cd-5e7d-8e3d-67cc571130e0,true,215,2022-07-03 08:00:00+00,2024-01-01 08:00:00+00,
f0bf4a76-594d-5154-869a-deb2c894d5c0,33e74100-1b2c-52c5-ad71-d3e1ecfbe8bc,3bd995d9-5386-5200-b14c-337fc57a8bb6,true,281,2023-04-09 08:00:00+00,2024-01-01 08:00:00+00,
7c8b0510-e4a1-55f9-b432-daa567d157a9,33e74100-1b2c-52c5-ad71-d3e1ecfbe8bc,8f2d7823-5353-55b7-99c5-837cbc771d58,false,216,2023-04-21 08:00:00+00,2024-01-01 08:00:00+00,
87db46c5-9520-5d01-a243-b3aeb5d7d209,47c3795f-bdb3-529e-98dd-eead5bf53193,c981f5ef-8774-5129-b83a-c9448b008bfa,true,248,2022-07-13 08:00:00+00,2024-01-01 08:00:00+00,
a8945bf7-ca07-52b3-9842-045b7aa21375,7fcfcb96-dd89-55c8-aeff-f4352abeaf25,8f2d7823-5353-55b7-99c5-837cbc771d58,true,59,2023-02-21 08:00:00+00,2024-01-01 08:00:00+00,
dc5773e8-bef3-560a-b54b-9ebe1db70c29,b64a3d6c-0ccb-5b86-92ed-1f326d74e308,8f2d7823-5353-55b7-99c5-837cbc771d58,true,290,2023-09-09 08:00:00+00,2024-01-01 08:00:00+00,
8507fb6c-46c3-5e9a-9a83-7fdccbeb90f6,8977d12f-d192-5015-8740-1db2e6d84ee0,c981f5ef-8774-5129-b83a-c9448b008bfa,true,72,2022-10-01 08:00:00+00,2024-01-01 08:00:00+00,
6de5886a-1800-5159-8e03-ea448305ae0f,8977d12f-d192-5015-8740-1db2e6d84ee0,8f2d7823-5353-55b7-99c5-837cbc771d58,false,135,2023-10-26 08:00:00+00,2024-01-01 08:00:00+00,
fa737e8e-dc50-53b2-bd69-b43c8bc15f7c,91e52f69-6ead-5735-b96c-e8ec80d94954,c981f5ef-8774-5129-b83a-c9448b008bfa,true,144,2023-05-27 08:00:00+00,2024-01-01 08:00:00+00,
7c251a4d-19eb-5fa1-abe1-a7f30a034b98,91e52f69-6ead-5735-b96c-e8ec80d94954,3bd995d9-5386-5200-b14c-337fc57a8bb6,false,160,2023-03-10 08:00:00+00,2024-01-01 08:00:00+00,
799198e5-f6b0-504b-9b8a-484ba5b176c9,15915745-4519-5736-869e-1c55b288414d,c981f5ef-8774-5129-b83a-c9448b008bfa,true,203,2022-10-04 08:00:00+00,2024-01-01 08:00:00+00,
631cf144-79b2-548f-99eb-9d4cebcbdfca,15915745-4519-5736-869e-1c55b288414d,05f60979-948c-56c4-8971-f733be532412,false,239,2022-04-01 08:00:00+00,2024-01-01 08:00:00+00,
a5b4ebf3-e061-5c61-878a-875ac85a654a,fc8329e8-b083-5a13-8052-1b8223e1d699,c981f5ef-8774-5129-b83a-c9448b008bfa,true,72,2022-04-24 08:00:00+00,2024-01-01 08:00:00+00,
0a7ce3db-6f40-5a91-a94f-7fceeb945e0f,fc8329e8-b083-5a13-8052-1b8223e1d699,b0a7719d-51cd-5e7d-8e3d-67cc571130e0,false,254,2023-08-07 08:00:00+00,2024-01-01 08:00:00+00,
0f59ea0b-63e8-54c7-b5bd-b0467162f137,f43a5922-73f1-5c11-90bc-81a2e1b3bca0,8f2d7823-5353-55b7-99c5-837cbc771d58,true,192,2023-10-18 08:00:00+00,2024-01-01 08:00:00+00,
50a2735f-7c52-5d6a-a76d-9276a6d4caef,2fa9d4d0-b355-56bf-be15-013723d1b53a,b0a7719d-51cd-5e7d-8e3d-67cc571130e0,true,262,2022-09-20 08:00:00+00,2024-01-01 08:00:00+00,
fda94ad2-329f-50fd-8558-e2cf39145540,2fa9d4d0-b355-56bf-be15-013723d1b53a,8f2d7823-5353-55b7-99c5-837cbc771d58,false,84,2023-11-11 08:00:00+00,2024-01-01 08:00:00+00,
d5dd54b6-bcea-5623-bada-76af80687010,9cf949af-734f-559a-b525-ae1147165e8c,b0a7719d-51cd-5e7d-8e3d-67cc571130e0,true,256,2023-05-20 08:00:00+00,2024-01-01 08:00:00+00,
1fa7b409-84f5-5c9f-bd4d-20e3ba201eda,268474d0-c4ea-5f69-a1e1-3ab58b43158d,05f60979-948c-56c4-8971-f733be532412,true,288,2023-01-03 08:00:00+00,2024-01-01 08:00:00+00,
4de5c1f5-ecf3-5859-9ae9-45018a9149bf,268474d0-c4ea-5f69-a1e1-3ab58b43158d,8f2d7823-5353-55b7-99c5-837cbc771d58,false,238,2023-06-17 08:00:00+00,2024-01-01 08:00:00+00,
57b20a84-2f11-5992-ad67-0b6a6baf78ab,1e53c00c-dfd3-5e32-9928-2bfe6d2a563f,05f60979-948c-56c4-8971-f733be532412,true,221,2022-10-02 08:00:00+00,2024-01-01 08:00:00+00,
8970cec8-de21-5caa-8614-5fdcb186870f,1e53c00c-dfd3-5e32-9928-2bfe6d2a563f,8f2d7823-5353-55b7-99c5-837cbc771d58,false,50,2022-07-23 08:00:00+00,2024-01-01 08:00:00+00,
058e63d2-222f-5830-aaa4-a622daba60bd,78420b51-1748-574f-ad25-55c64e3e3910,3bd995d9-5386-5200-b14c-337fc57a8bb6,true,161,2023-03-10 08:00:00+00,2024-01-01 08:00:00+00,
931b2771-c589-5d2a-ae3d-8eb66e0b42a7,78420b51-1748-574f-ad25-55c64e3e3910,c981f5ef-8774-5129-b83a-c9448b008bfa,false,266,2023-03-01 08:00:00+00,2024-01-01 08:00:00+00,
808d9158-1878-5afb-b8d6-6bee00bbd098,2472d6e5-88a2-579f-b1f1-5df97a280a0b,05f60979-948c-56c4-8971-f733be532412,true,161,2023-07-29 08:00:00+00,2024-01-01 08:00:00+00,
9b4e1cca-6c89-5fc6-b3e4-3b5f75769343,d34f4383-70b9-53af-944c-3e54d9db86cb,c981f5ef-8774-5129-b83a-c9448b008bfa,true,98,2023-02-16 08:00:00+00,2024-01-01 08:00:00+00,
7ad3942b-8e54-5260-920d-57df674351e6,06bc71ba-fff4-558c-8ffa-74652c9620ca,c981f5ef-8774-5129-b83a-c9448b008bfa,true,140,2022-12-18 08:00:00+00,2024-01-01 08:00:00+00,
9a49bef0-b2ca-5800-9080-3eea99e534d8,ae3d34c6-5ebb-5338-92ab-bfa5a1431ad4,3bd995d9-5386-5200-b14c-337fc57a8bb6,true,86,2022-09-18 08:00:00+00,2024-01-01 08:00:00+00,
05e4004b-8e1f-5d0d-8f9a-66af6810e99c,ae3d34c6-5ebb-5338-92ab-bfa5a1431ad4,05f60979-948c-56c4-8971-f733be532412,false,234,2023-06-29 08:00:00+00,2024-01-01 08:00:00+00,
b8aa68e8-0da1-52e9-93d7-9e67af051de8,5f2e4fcb-ec70-5607-abcb-1cce2e75aa39,05f60979-948c-56c4-8971-f733be532412,true,186,2023-03-16 08:00:00+00,2024-01-01 08:00:00+00,
591a5c0c-4b72-5094-bbb1-0fc81cdcf8c8,a0072088-665f-5db9-b25c-21d623be45cd,c981f5ef-8774-5129-b83a-c9448b008bfa,true,138,2023-09-19 08:00:00+00,2024-01-01 08:00:00+00,
d2579035-fc14-5466-ba00-fe0f8d6c1684,a0778543-852d-5edd-a20e-7b020e30c3b9,b0a7719d-51cd-5e7d-8e3d-67cc571130e0,true,220,2022-12-07 08:00:00+00,2024-01-01 08:00:00+00,
30ebd45a-4802-5b80-b27e-06b198abeea4,6dbf66b8-d69f-5bd5-a55a-124486dc45ae,05f60979-948c-56c4-8971-f733be532412,true,247,2023-07-11 08:00:00+00,2024-01-01 08:00:00+00,
ae43fc5c-cc02-5bc9-b1ae-86253580219f,6dbf66b8-d69f-5bd5-a55a-124486dc45ae,c981f5ef-8774-5129-b83a-c9448b008bfa,false,271,2022-07-28 08:00:00+00,2024-01-01 08:00:00+00,
14bcdb1c-006e-5362-96cf-c8f217de682a,a4e8bdc2-9319-51e2-a91b-6b9f12a34464,3bd995d9-5386-5200-b14c-337fc57a8bb6,true,152,2022-05-27 08:00:00+00,2024-01-01 08:00:00+00,
b59e2760-53f7-574c-b5b8-01952b3881a5,a4e8bdc2-9319-51e2-a91b-6b9f12a34464,c981f5ef-8774-5129-b83a-c9448b008bfa,false,178,2022-02-17 08:00:00+00,2024-01-01 08:00:00+00,
a1385d0a-52fe-542a-94bb-beb437210a28,0b407312-0737-538b-9fdc-114f12f14fa7,b0a7719d-51cd-5e7d-8e3d-67cc571130e0,true,281,2023-02-25 08:00:00+00,2024-01-01 08:00:00+00,
d014f4cb-0452-51db-845f-192f878a4031,12801f1a-f69b-5c24-a161-7190167679ad,3bd995d9-5386-5200-b14c-337fc57a8bb6,true,162,2023-06-25 08:00:00+00,2024-01-01 08:00:00+00,
9377d4fa-5f52-5816-a4e4-4d8305706ba1,1aee814e-92ea-5296-b59a-ea46de861096,3bd995d9-5386-5200-b14c-337fc57a8bb6,true,150,2023-05-24 08:00:00+00,2024-01-01 08:00:00+00,
90b70e84-c279-5b88-9e1c-6dfcce598249,1aee814e-92ea-5296-b59a-ea46de861096,05f60979-948c-56c4-8971-f733be532412,false,102,2023-01-22 08:00:00+00,2024-01-01 08:00:00+00,
3a62b4e9-62c1-5507-8586-3547a2d557b6,3e0fc961-4277-51a2-b7b4-20289f36abfa,05f60979-948c-56c4-8971-f733be532412,true,218,2022-03-09 08:00:00+00,2024-01-01 08:00:00+00,
c9d0b90c-ed99-5e79-8f30-7b36c5bc68c2,b1b1578a-8f23-59e5-bb9a-b54a773ce321,8f2d7823-5353-55b7-99c5-837cbc771d58,true,185,2023-08-17 08:00:00+00,2024-01-01 08:00:00+00,
aa2ab8ca-499a-5d8d-a116-787cf2a19c35,436e4da5-0bd7-546a-815a-fe882a50905f,05f60979-948c-56c4-8971-f733be532412,true,154,2022-08-08 08:00:00+00,2024-01-01 08:00:00+00,
9dd10d22-7675-5e34-9805-5bf1e974d88a,9a3f49e2-e802-5be2-9083-4583d42a0426,8f2d7823-5353-55b7-99c5-837cbc771d58,true,113,2023-03-28 08:00:00+00,2024-01-01 08:00:00+00,
f4f8cb10-cf64-5c17-b8eb-f1b0425da2d9,48e7e277-b667-58c2-b1b7-fecfc241bb93,8f2d7823-5353-55b7-99c5-837cbc771d58,true,82,2022-08-30 08:00:00+00,2024-01-01 08:00:00+00,
bc2a4d8e-844f-51d5-9999-b4b4592bcbe3,19c7464a-7bc6-56ea-b188-cbf4d24f63c8,8f2d7823-5353-55b7-99c5-837cbc771d58,true,124,2022-09-14 08:00:00+00,2024-01-01 08:00:00+00,
75a158d2-0ae1-5798-8267-e30511e92709,19c7464a-7bc6-56ea-b188-cbf4d24f63c8,b0a7719d-51cd-5e7d-8e3d-67cc571130e0,false,275,2022-03-13 08:00:00+00,2024-01-01 08:00:00+00,
41ee5aab-7e1a-5c80-bf10-8b2595a7b731,49d000d9-3835-5728-bbf6-1096e4cc8f5b,b0a7719d-51cd-5e7d-8e3d-67cc571130e0,true,198,2022-02-21 08:00:00+00,2024-01-01 08:00:00+00,
c6c4d756-c72f-5dfa-922b-3509720c36d8,49d000d9-3835-5728-bbf6-1096e4cc8f5b,3bd995d9-5386-5200-b14c-337fc57a8bb6,false,266,2023-02-06 08:00:00+00,2024-01-01 08:00:00+00,
308c3016-878e-50a3-9900-33c1c0a3d74f,a5b9440c-a4bf-5f23-820b-693afbce4f29,b0a7719d-51cd-5e7d-8e3d-67cc571130e0,true,213,2022-08-21 08:00:00+00,2024-01-01 08:00:00+00,
657fb5b3-e513-5bdf-8c23-a414460a3ab7,a5b9440c-a4bf-5f23-820b-693afbce4f29,8f2d7823-5353-55b7-99c5-837cbc771d58,false,242,2023-02-04 08:00:00+00,2024-01-01 08:00:00+00,
1e30580a-8233-562a-9776-6ecf1888cc22,df93a19d-c253-590c-910a-8e2c852ce48e,b0a7719d-51cd-5e7d-8e3d-67cc571130e0,true,124,2023-03-03 08:00:00+00,2024-01-01 08:00:00+00,
6ed8d7f5-582a-540e-8c0e-363383a73dc8,f082d5e4-72e4-5124-885b-7f1edfaf8e5a,3bd995d9-5386-5200-b14c-337fc57a8bb6,true,101,2022-10-01 08:00:00+00,2024-01-01 08:00:00+00,
a59a3d6f-c050-50f5-b4e2-84c05ef69729,65d9e424-4070-5219-8377-6df32bcd3a22,c981f5ef-8774-5129-b83a-c9448b008bfa,true,90,2022-10-16 08:00:00+00,2024-01-01 08:00:00+00,
aeababe8-b396-543d-9589-0593cc476fd9,65d9e424-4070-5219-8377-6df32bcd3a22,8f2d7823-5353-55b7-99c5-837cbc771d58,false,154,2022-07-04 08:00:00+00,2024-01-01 08:00:00+00,
5ab4cb14-c068-58df-9c77-aed15fc037d0,e6172192-a836-51b8-a647-6cb1041ee29c,b0a7719d-51cd-5e7d-8e3d-67cc571130e0,true,282,2022-12-29 08:00:00+00,2024-01-01 08:00:00+00,
6c5bed7e-f42d-5eb8-b690-6ac594839483,e6172192-a836-51b8-a647-6cb1041ee29c,3bd995d9-5386-5200-b14c-337fc57a8bb6,false,108,2022-10-14 08:00:00+00,2024-01-01 08:00:00+00,
445094a1-f334-5393-96cd-52b9667234a4,40c455bc-3ca2-564b-9f94-d0842b4853fe,8f2d7823-5353-55b7-99c5-837cbc771d58,true,245,2023-05-25 08:00:00+00,2024-01-01 08:00:00+00,
55039aa5-71d0-5402-856d-a1c0efbe749b,40c455bc-3ca2-564b-9f94-d0842b4853fe,05f60979-948c-56c4-8971-f733be532412,false,58,2023-05-21 08:00:00+00,2024-01-01 08:00:00+00,
fc1bcc49-71ae-5295-bdda-be481dceb737,e47c2457-20c7-55b4-99ee-bcce576aa68f,8f2d7823-5353-55b7-99c5-837cbc771d58,true,81,2023-05-05 08:00:00+00,2024-01-01 08:00:00+00,
8afedc74-88c4-5e39-9586-b56f2515a79a,2cfa6458-880d-5279-b84a-50572ff49ef5,8f2d7823-5353-55b7-99c5-837cbc771d58,true,165,2022-03-31 08:00:00+00,2024-01-01 08:00:00+00,
6fce64da-7a24-5eff-9cd5-dfccc7e4b95b,70b0a033-6b94-57e8-b97e-2e7758c8d777,c981f5ef-8774-5129-b83a-c9448b008bfa,true,112,2023-01-27 08:00:00+00,2024-01-01 08:00:00+00,
c44e09cd-c5b9-5d94-b975-0855f9039f1e,62cd0ccc-846d-5614-99a3-6af722c95f2e,05f60979-948c-56c4-8971-f733be532412,true,191,2022-06-04 08:00:00+00,2024-01-01 08:00:00+00,
7770c383-b273-51ce-bdac-fa8e6a12dbc5,6ea92c93-e691-5d8f-8d44-88ca292fb5ae,05f60979-948c-56c4-8971-f733be532412,true,101,2023-08-20 08:00:00+00,2024-01-01 08:00:00+00,
da0fe751-c9be-52dd-8a16-ad4283785246,f577c295-b3e6-50d9-8c10-fbb94bca958c,3bd995d9-5386-5200-b14c-337fc57a8bb6,true,76,2022-10-21 08:00:00+00,2024-01-01 08:00:00+00,
43349225-40fe-5c81-972b-e1f2dbfe9848,f577c295-b3e6-50d9-8c10-fbb94bca958c,b0a7719d-51cd-5e7d-8e3d-67cc571130e0,false,153,2023-02-19 08:00:00+00,2024-01-01 08:00:00+00,
8707e558-873c-5e71-b232-1a8eb4bf6241,722258c4-1ddc-5977-a560-63e14ff528fc,05f60979-948c-56c4-8971-f733be532412,true,113,2022-09-25 08:00:00+00,2024-01-01 08:00:00+00,
ec1f1415-b9fa-54c4-a39f-e49a92a13b9f,7a621b51-fd86-5d4f-84a2-2e7126c9acc9,b0a7719d-51cd-5e7d-8e3d-67cc571130e0,true,64,2023-08-02 08:00:00+00,2024-01-01 08:00:00+00,
81db39b3-73f3-5760-87e8-e778c6cfb06f,783e8cab-d41f-5931-a9d3-9a632c6b4701,b0a7719d-51cd-5e7d-8e3d-67cc571130e0,true,185,2022-03-13 08:00:00+00,2024-01-01 08:00:00+00,
6f208063-a0c5-529f-b2b2-91a31ff58544,b2692f67-93dc-5dcb-afa5-aa2d9076a7d8,05f60979-948c-56c4-8971-f733be532412,true,78,2022-12-05 08:00:00+00,2024-01-01 08:00:00+00,
2d89c876-45a2-592d-982b-3a02806c06d0,b2692f67-93dc-5dcb-afa5-aa2d9076a7d8,3bd995d9-5386-5200-b14c-337fc57a8bb6,false,120,2023-03-31 08:00:00+00,2024-01-01 08:00:00+00,
9721e8e0-73ad-5c95-b77b-c6f89613b3f2,aa855147-99b2-5ddf-befa-cbecceb7bc29,b0a7719d-51cd-5e7d-8e3d-67cc571130e0,true,142,2022-07-24 08:00:00+00,2024-01-01 08:00:00+00,
fa390312-4a88-5370-b2bd-89c13e567f66,aa855147-99b2-5ddf-befa-cbecceb7bc29,3bd995d9-5386-5200-b14c-337fc57a8bb6,false,112,2023-03-11 08:00:00+00,2024-01-01 08:00:00+00,
877367b4-dc48-518c-898c-fb63ecd7d09b,3853eae2-0be9-5674-87c2-d4a5fe00dfbf,c981f5ef-8774-5129-b83a-c9448b008bfa,true,198,2023-09-07 08:00:00+00,2024-01-01 08:00:00+00,
462cba72-6873-55ec-8892-d4bf978b2bb4,1726eb7c-3f1d-541d-8c88-54f033f8e331,8f2d7823-5353-55b7-99c5-837cbc771d58,true,248,2022-09-22 08:00:00+00,2024-01-01 08:00:00+00,
d662b649-f4be-5d44-ba90-9a1219f0d9fc,1a964895-51fa-59e6-9ba4-363454c83748,b0a7719d-51cd-5e7d-8e3d-67cc571130e0,true,157,2023-05-29 08:00:00+00,2024-01-01 08:00:00+00,
2f6beb79-0c85-58d9-a693-1aa527de8ae9,4418e7d3-7bd2-5a2d-928b-2b9ea158a0f9,8f2d7823-5353-55b7-99c5-837cbc771d58,true,140,2023-10-02 08:00:00+00,2024-01-01 08:00:00+00,
e4a56aee-7832-5b3d-9851-b72f1514761e,e11ba668-1735-53ca-b157-1de81aad626b,8f2d7823-5353-55b7-99c5-837cbc771d58,true,293,2023-07-11 08:00:00+00,2024-01-01 08:00:00+00,
bc789d1c-93f4-5f66-a7f5-5d467c71f9d4,e11ba668-1735-53ca-b157-1de81aad626b,3bd995d9-5386-5200-b14c-337fc57a8bb6,false,155,2022-02-02 08:00:00+00,2024-01-01 08:00:00+00,
a808c9ae-fcd3-5b79-82e6-edf0dc2869bd,7d41222c-9b0f-55bd-bb8e-607761646bb8,05f60979-948c-56c4-8971-f733be532412,true,129,2022-07-14 08:00:00+00,2024-01-01 08:00:00+00,
08938a4c-f524-57d2-ab18-2d1c1e7ccb69,d3a4746b-a988-56fd-b366-03d2e51bc835,05f60979-948c-56c4-8971-f733be532412,true,288,2022-12-23 08:00:00+00,2024-01-01 08:00:00+00,
b52f69ca-6604-5f19-9570-27ba0fb7238b,53ef8e88-85a9-54fd-8563-b1356f3ea30b,b0a7719d-51cd-5e7d-8e3d-67cc571130e0,true,228,2023-07-06 08:00:00+00,2024-01-01 08:00:00+00,
225d0518-e33f-51a9-8edf-d8489903cccb,216329ae-9b4a-5824-b334-136537989fe4,3bd995d9-5386-5200-b14c-337fc57a8bb6,true,136,2023-10-19 08:00:00+00,2024-01-01 08:00:00+00,
612df674-2cb8-5af9-90d9-cdfdc095b5b4,216329ae-9b4a-5824-b334-136537989fe4,05f60979-948c-56c4-8971-f733be532412,false,294,2022-10-03 08:00:00+00,2024-01-01 08:00:00+00,
737653e5-208e-5132-b874-02ded9a09eb0,1bc015d0-76b5-56ed-9ce3-0249dba14677,3bd995d9-5386-5200-b14c-337fc57a8bb6,true,65,2022-06-08 08:00:00+00,2024-01-01 08:00:00+00,
1707c732-b1c0-53c3-bf5e-a550f1af139a,26feda0b-86cd-5545-8ff2-9191e31cc46f,3bd995d9-5386-5200-b14c-337fc57a8bb6,true,132,2022-07-29 08:00:00+00,2024-01-01 08:00:00+00,
23be6a65-6cd4-56e9-8a8f-5c91cdf21236,26feda0b-86cd-5545-8ff2-9191e31cc46f,b0a7719d-51cd-5e7d-8e3d-67cc571130e0,false,266,2022-03-14 08:00:00+00,2024-01-01 08:00:00+00,
a107bec1-6027-54bf-858d-0ec71e43e526,27a3a2ea-f98e-5e70-a53f-b1f3fda59c9b,3bd995d9-5386-5200-b14c-337fc57a8bb6,true,84,2022-03-13 08:00:00+00,2024-01-01 08:00:00+00,
89265d0c-3334-54f8-bb05-d057618662b6,27a3a2ea-f98e-5e70-a53f-b1f3fda59c9b,8f2d7823-5353-55b7-99c5-837cbc771d58,false,276,2022-06-14 08:00:00+00,2024-01-01 08:00:00+00,
34b68566-067b-54a6-afb9-c1133ecd28f3,1209a713-4d86-51bb-9c41-4ecc1b58ff76,3bd995d9-5386-5200-b14c-337fc57a8bb6,true,194,2022-03-16 08:00:00+00,2024-01-01 08:00:00+00,
11cd3f1e-1049-5657-84d9-c1db0b551249,22a43c3a-7099-5481-b8db-16cd07789443,c981f5ef-8774-5129-b83a-c9448b008bfa,true,272,2022-09-26 08:00:00+00,2024-01-01 08:00:00+00,
5ec3427a-84f0-547a-96fa-7824c785a996,22a43c3a-7099-5481-b8db-16cd07789443,05f60979-948c-56c4-8971-f733be532412,false,185,2022-10-23 08:00:00+00,2024-01-01 08:00:00+00,
ee0d5822-5aaa-506a-a2df-c81c18e29165,b9d10673-72f8-5b75-8b5a-ae5e084c80c6,c981f5ef-8774-5129-b83a-c9448b008bfa,true,186,2023-04-27 08:00:00+00,2024-01-01 08:00:00+00,
fc61849a-2c2d-5f8d-ae5b-9b51f04f369e,b9d10673-72f8-5b75-8b5a-ae5e084c80c6,3bd995d9-5386-5200-b14c-337fc57a8bb6,false,157,2022-05-16 08:00:00+00,2024-01-01 08:00:00+00,
289bc313-c0b5-59d0-8af4-b1938fa0d122,240ec78f-7d08-5f87-b28e-954218322859,8f2d7823-5353-55b7-99c5-837cbc771d58,true,192,2023-06-18 08:00:00+00,2024-01-01 08:00:00+00,
4975981c-bc5a-5cbc-8a6f-1540260f86a2,d57dc265-eca8-5b53-97b7-396e08b25ea0,c981f5ef-8774-5129-b83a-c9448b008bfa,true,60,2022-09-05 08:00:00+00,2024-01-01 08:00:00+00,
0d9894fc-a58e-51df-ba20-4c62ab18a9fa,69410cc1-1ff7-58ea-860b-a82854142fea,8f2d7823-5353-55b7-99c5-837cbc771d58,true,100,2023-10-08 08:00:00+00,2024-01-01 08:00:00+00,
4ffcd283-54f6-5e77-8bf5-0914008d2267,1f36f277-ceea-588c-bfec-833503811c26,3bd995d9-5386-5200-b14c-337fc57a8bb6,true,243,2023-05-14 08:00:00+00,2024-01-01 08:00:00+00,
9eeb6dc8-6552-53ab-8567-2526c022504e,1f36f277-ceea-588c-bfec-833503811c26,c981f5ef-8774-5129-b83a-c9448b008bfa,false,198,2023-11-14 08:00:00+00,2024-01-01 08:00:00+00,
60150c18-653d-56da-ae9c-07ef89ebadcf,902c255a-ebc1-5fdd-b778-14626a83457d,b0a7719d-51cd-5e7d-8e3d-67cc571130e0,true,52,2022-03-25 08:00:00+00,2024-01-01 08:00:00+00,
2a38ddec-f533-5829-8ee4-d8f57252826e,ccc42d79-ad9c-59a9-be66-9425847de5fa,3bd995d9-5386-5200-b14c-337fc57a8bb6,true,283,2023-10-10 08:00:00+00,2024-01-01 08:00:00+00,
40091fb4-d45b-5c15-8f96-e2dc54c42f19,915523cf-ce6b-55e4-9188-3a4b4acb4fc3,8f2d7823-5353-55b7-99c5-837cbc771d58,true,151,2023-10-23 08:00:00+00,2024-01-01 08:00:00+00,
900d853c-3faa-5134-9465-e21a66621d0c,915523cf-ce6b-55e4-9188-3a4b4acb4fc3,05f60979-948c-56c4-8971-f733be532412,false,173,2023-11-25 08:00:00+00,2024-01-01 08:00:00+00,
37dfca02-2718-5f55-9e94-21d9a85ac509,23c29239-13c1-5135-b9bd-7a56ecfd0ff4,c981f5ef-8774-5129-b83a-c9448b008bfa,true,176,2023-02-13 08:00:00+00,2024-01-01 08:00:00+00,
7842e9ca-0597-5d8b-b9b2-071818ea9105,6c17717f-0b4c-50db-b7c4-26330be08c40,8f2d7823-5353-55b7-99c5-837cbc771d58,true,66,2023-04-10 08:00:00+00,2024-01-01 08:00:00+00,
4c2d839d-ce3b-5185-80ab-d2c9061c9c02,6c17717f-0b4c-50db-b7c4-26330be08c40,05f60979-948c-56c4-8971-f733be532412,false,93,2022-08-17 08:00:00+00,2024-01-01 08:00:00+00,
867f242e-333d-519c-9733-5bba89417484,d14e9819-25c2-5e0b-a6a0-10c09c439753,b0a7719d-51cd-5e7d-8e3d-67cc571130e0,true,80,2022-12-29 08:00:00+00,2024-01-01 08:00:00+00,
bf1e5e0c-1a28-5f9d-a167-f5e46334ec3d,1c52bfa0-24d0-5866-8e71-d74e14d7fb34,05f60979-948c-56c4-8971-f733be532412,true,202,2023-05-04 08:00:00+00,2024-01-01 08:00:00+00,
4585f7dd-8846-5eb7-91d1-683e34806213,b597e247-b818-5633-be17-1b0ffd9524d5,05f60979-948c-56c4-8971-f733be532412,true,197,2022-08-25 08:00:00+00,2024-01-01 08:00:00+00,
af6711ef-3baa-5e89-8710-06ccd59bef33,78861b66-01e6-56e1-b0d8-f0a62f12e0da,c981f5ef-8774-5129-b83a-c9448b008bfa,true,115,2023-10-25 08:00:00+00,2024-01-01 08:00:00+00,
8fad3c47-532e-5168-a61f-cd888e1a717a,f5ae4da7-7c5e-5611-8c55-edd1b4f84cda,c981f5ef-8774-5129-b83a-c9448b008bfa,true,201,2023-03-23 08:00:00+00,2024-01-01 08:00:00+00,
b8595b2a-bafb-5744-8e00-c24c08c29fdc,7e0453c6-f982-5236-a108-398bfe5d76ce,8f2d7823-5353-55b7-99c5-837cbc771d58,true,124,2023-04-06 08:00:00+00,2024-01-01 08:00:00+00,
9032d4ae-19cd-5bc9-bd64-656a46718e16,7e0453c6-f982-5236-a108-398bfe5d76ce,c981f5ef-8774-5129-b83a-c9448b008bfa,false,214,2023-09-06 08:00:00+00,2024-01-01 08:00:00+00,
85f8213e-b875-5133-aec2-982beeeb239c,e85c38a5-a57c-5611-947f-5d6b8a4260ae,c981f5ef-8774-5129-b83a-c9448b008bfa,true,203,2023-03-03 08:00:00+00,2024-01-01 08:00:00+00,
0e4333c2-4033-5735-80ef-9e6a8df5d836,e85c38a5-a57c-5611-947f-5d6b8a4260ae,b0a7719d-51cd-5e7d-8e3d-67cc571130e0,false,166,2022-05-22 08:00:00+00,2024-01-01 08:00:00+00,
0b5bd862-830d-5dc5-bc53-99930e69c3e8,96b2b34e-9f21-588b-a272-66dae916aca3,3bd995d9-5386-5200-b14c-337fc57a8bb6,true,171,2022-02-26 08:00:00+00,2024-01-01 08:00:00+00,
1f17a07a-4854-5309-ab0a-02b9776aa21e,81543608-5319-5e92-87ce-be5a56d67a5e,c981f5ef-8774-5129-b83a-c9448b008bfa,true,242,2022-09-20 08:00:00+00,2024-01-01 08:00:00+00,
6f058f72-7b86-5323-be19-e5bc7c15b0e8,543cd2e3-4ae2-5f02-9469-03c8f2bde2c7,8f2d7823-5353-55b7-99c5-837cbc771d58,true,155,2022-03-29 08:00:00+00,2024-01-01 08:00:00+00,
51ef629b-4adc-5bad-bad4-d5f184ae7ece,fbe7cd43-3a83-5456-a43a-60333da4bc2b,8f2d7823-5353-55b7-99c5-837cbc771d58,true,265,2022-12-09 08:00:00+00,2024-01-01 08:00:00+00,
d1d78b12-4312-5cba-b227-10d53abfa82d,f0560e3e-0812-567d-8c4b-975f57308a87,c981f5ef-8774-5129-b83a-c9448b008bfa,true,121,2022-12-23 08:00:00+00,2024-01-01 08:00:00+00,
d722b740-cbe2-5bb5-81af-4df3bf376901,f0560e3e-0812-567d-8c4b-975f57308a87,3bd995d9-5386-5200-b14c-337fc57a8bb6,false,189,2023-03-28 08:00:00+00,2024-01-01 08:00:00+00,
49a03c03-de61-558a-8522-a15a83073d42,c0fde5fa-d543-58f8-bb02-9767f0664785,c981f5ef-8774-5129-b83a-c9448b008bfa,true,53,2022-07-09 08:00:00+00,2024-01-01 08:00:00+00,
e5f340e2-8d6a-502a-95aa-2ce3503227b6,c0fde5fa-d543-58f8-bb02-9767f0664785,3bd995d9-5386-5200-b14c-337fc57a8bb6,false,241,2022-08-14 08:00:00+00,2024-01-01 08:00:00+00,
de408d20-93ae-5d6f-900b-fea05b2eb686,7d2cfbf0-489f-5011-bb5d-f1bb9df6811b,b0a7719d-51cd-5e7d-8e3d-67cc571130e0,true,198,2023-10-08 08:00:00+00,2024-01-01 08:00:00+00,
f87c1d60-7e83-5adf-ad7e-e5ccaa61422b,c1cb07c0-8d35-5ffb-9cbd-6d843c43007a,3bd995d9-5386-5200-b14c-337fc57a8bb6,true,163,2023-07-07 08:00:00+00,2024-01-01 08:00:00+00,
26914212-ba36-5b53-91ac-c91483ab0818,8685dcc1-3b84-5b1a-adeb-6d4d956009dc,3bd995d9-5386-5200-b14c-337fc57a8bb6,true,253,2023-04-14 08:00:00+00,2024-01-01 08:00:00+00,
9393140c-9611-5014-853c-aaecbb8af4fd,5b8fdee0-8a38-5294-90ec-212bf46a095e,b0a7719d-51cd-5e7d-8e3d-67cc571130e0,true,122,2023-05-19 08:00:00+00,2024-01-01 08:00:00+00,
91711280-2788-5d08-86a8-dd451ed4a96d,5b8fdee0-8a38-5294-90ec-212bf46a095e,3bd995d9-5386-5200-b14c-337fc57a8bb6,false,103,2023-04-04 08:00:00+00,2024-01-01 08:00:00+00,
10f6e3be-bbb3-5518-ac08-83d7444b5523,9722e590-e7b1-59a4-9f46-0188b2cfa519,c981f5ef-8774-5129-b83a-c9448b008bfa,true,222,2022-09-28 08:00:00+00,2024-01-01 08:00:00+00,
45ad6d37-51f7-52a7-90b3-542a86153652,23a06b83-4b5c-5be7-b04b-a50069aecd39,c981f5ef-8774-5129-b83a-c9448b008bfa,true,79,2023-10-14 08:00:00+00,2024-01-01 08:00:00+00,
588b9cca-ac07-5609-8ad6-395fa3d36309,23a06b83-4b5c-5be7-b04b-a50069aecd39,3bd995d9-5386-5200-b14c-337fc57a8bb6,false,71,2023-01-17 08:00:00+00,2024-01-01 08:00:00+00,
7c300982-5bd1-50c2-894b-5e89b629c631,48bf91bd-f3db-58d2-ae4b-684c3e5391be,3bd995d9-5386-5200-b14c-337fc57a8bb6,true,276,2022-03-10 08:00:00+00,2024-01-01 08:00:00+00,
4ccb36e3-a4f0-5030-8816-d917bb6bf482,48bf91bd-f3db-58d2-ae4b-684c3e5391be,b0a7719d-51cd-5e7d-8e3d-67cc571130e0,false,223,2023-05-12 08:00:00+00,2024-01-01 08:00:00+00,
e4d35088-1a47-5b1b-a80f-612328b629cd,98b9845d-bbef-58c1-8d4e-71bbbc76aa09,c981f5ef-8774-5129-b83a-c9448b008bfa,true,97,2023-11-25 08:00:00+00,2024-01-01 08:00:00+00,
9ac6b0d5-2b2d-56f4-b4e0-556097c077b2,8c5aa2ad-b582-5c7a-9b87-7d62916013cf,05f60979-948c-56c4-8971-f733be532412,true,257,2022-11-05 08:00:00+00,2024-01-01 08:00:00+00,
67d4059a-73e6-598c-aa71-6b17e0a30c7b,8c5aa2ad-b582-5c7a-9b87-7d62916013cf,b0a7719d-51cd-5e7d-8e3d-67cc571130e0,false,63,2022-05-01 08:00:00+00,2024-01-01 08:00:00+00,
33a4e8e9-6838-5375-aedd-5759168cd217,46ae8738-3811-5c5b-9ec1-817dc58e1c6d,3bd995d9-5386-5200-b14c-337fc57a8bb6,true,149,2023-02-23 08:00:00+00,2024-01-01 08:00:00+00,
b6dfbcfc-4d6b-5bc6-a64d-836233719db4,521d4708-c678-53c6-aaaf-b5549b88dcf7,8f2d7823-5353-55b7-99c5-837cbc771d58,true,152,2023-04-14 08:00:00+00,2024-01-01 08:00:00+00,
10cac06e-5184-532c-91e6-6643d2c4f72d,9fd35f68-9fc7-5ebe-b860-ed6b2767d7ce,3bd995d9-5386-5200-b14c-337fc57a8bb6,true,147,2023-08-28 08:00:00+00,2024-01-01 08:00:00+00,
c48eab48-5be2-5835-b4cf-0fc466310f03,e21fd0e8-3418-5ad5-993e-81877ff866a8,3bd995d9-5386-5200-b14c-337fc57a8bb6,true,98,2023-08-17 08:00:00+00,2024-01-01 08:00:00+00,
4539ad1c-76cb-5582-923e-c61ad62e8eb4,e21fd0e8-3418-5ad5-993e-81877ff866a8,05f60979-948c-56c4-8971-f733be532412,false,51,2023-09-28 08:00:00+00,2024-01-01 08:00:00+00,
0d9114f1-78ff-5e7e-bb03-651d6041e9a5,fc851b5a-7e2b-53eb-8c9c-67f9cb2054b2,3bd995d9-5386-5200-b14c-337fc57a8bb6,true,80,2022-03-26 08:00:00+00,2024-01-01 08:00:00+00,
6ee7311a-8061-5b39-829f-e0d73ab38ec7,fc851b5a-7e2b-53eb-8c9c-67f9cb2054b2,8f2d7823-5353-55b7-99c5-837cbc771d58,false,253,2022-04-15 08:00:00+00,2024-01-01 08:00:00+00,
c4e9a764-96c2-55c4-ac97-076f10a7d34f,0625f15e-2092-54a4-a87b-6c0fad0e68ab,c981f5ef-8774-5129-b83a-c9448b008bfa,true,285,2023-03-21 08:00:00+00,2024-01-01 08:00:00+00,
f55313db-7e6a-553a-96d8-1506dcf32839,0625f15e-2092-54a4-a87b-6c0fad0e68ab,8f2d7823-5353-55b7-99c5-837cbc771d58,false,61,2022-12-25 08:00:00+00,2024-01-01 08:00:00+00,
adbe28e6-7a17-57dd-bc26-73985818df9c,8ccaf3df-3376-5b9a-bc10-57802241f01a,b0a7719d-51cd-5e7d-8e3d-67cc571130e0,true,220,2022-02-18 08:00:00+00,2024-01-01 08:00:00+00,
5c5e3224-4112-52da-ac01-5f53203d6965,15f769c3-681c-5ca2-a9d6-a9ad8e0f7f7d,3bd995d9-5386-5200-b14c-337fc57a8bb6,true,203,2023-11-21 08:00:00+00,2024-01-01 08:00:00+00,
0a4b202f-3385-512c-aff1-6f760ec01acc,15f769c3-681c-5ca2-a9d6-a9ad8e0f7f7d,b0a7719d-51cd-5e7d-8e3d-67cc571130e0,false,51,2022-12-27 08:00:00+00,2024-01-01 08:00:00+00,
dde73012-7342-52be-8074-23a1cab92ae0,97896fdb-b2d5-5e76-86af-30b8e2a65746,8f2d7823-5353-55b7-99c5-837cbc771d58,true,213,2022-12-01 08:00:00+00,2024-01-01 08:00:00+00,
570c16e4-f795-50d5-934c-829eb00ae9bb,97896fdb-b2d5-5e76-86af-30b8e2a65746,05f60979-948c-56c4-8971-f733be532412,false,90,2022-10-01 08:00:00+00,2024-01-01 08:00:00+00,
0fb14e87-7620-5794-be87-1962c3eb968a,48f7f683-2873-5378-a641-2f7aafb3199a,c981f5ef-8774-5129-b83a-c9448b008bfa,true,203,2022-11-20 08:00:00+00,2024-01-01 08:00:00+00,
81f984da-cbac-5e36-93bb-9ff6fc453314,567ba173-d6c8-5775-9f56-f5bb2c5b7e80,8f2d7823-5353-55b7-99c5-837cbc771d58,true,254,2022-09-16 08:00:00+00,2024-01-01 08:00:00+00,
e7b365e4-2c01-5c70-b93d-723d31a27964,52022a52-dd16-5847-ab64-61a2a20b1803,c981f5ef-8774-5129-b83a-c9448b008bfa,true,96,2023-03-07 08:00:00+00,2024-01-01 08:00:00+00,
2015ff61-f893-5b28-905a-5f927a7354e7,abcd30b5-c1e8-5caf-88d2-f380eac3d8a6,05f60979-948c-56c4-8971-f733be532412,true,216,2023-11-04 08:00:00+00,2024-01-01 08:00:00+00,
9f1eccea-70ea-5263-9580-b3ba59ae7e6f,f34f51e3-624b-5f09-a3d9-2e7e0c2d708e,05f60979-948c-56c4-8971-f733be532412,true,256,2022-06-11 08:00:00+00,2024-01-01 08:00:00+00,
d9eec3e4-a61b-5ef6-86de-1419895cfa98,a61449f6-f136-5ae7-8e5d-7e0b07213b07,8f2d7823-5353-55b7-99c5-837cbc771d58,true,63,2022-10-22 08:00:00+00,2024-01-01 08:00:00+00,
5886049d-4ce0-5716-884b-12ad97cc8d08,a61449f6-f136-5ae7-8e5d-7e0b07213b07,3bd995d9-5386-5200-b14c-337fc57a8bb6,false,156,2023-01-02 08:00:00+00,2024-01-01 08:00:00+00,
4eaaf308-9abf-53ad-bbe4-c1cc29ab9250,3802778a-a2d2-5b83-aabf-53cf20b3c655,3bd995d9-5386-5200-b14c-337fc57a8bb6,true,125,2022-04-16 08:00:00+00,2024-01-01 08:00:00+00,
b33a18c7-1946-5f13-98e3-348b02db0cbf,3802778a-a2d2-5b83-aabf-53cf20b3c655,05f60979-948c-56c4-8971-f733be532412,false,92,2023-05-19 08:00:00+00,2024-01-01 08:00:00+00,
0fc97408-6db0-54b6-afe9-4e3d0d82d5b8,21febd48-554c-506e-b3a5-58c47c60151a,8f2d7823-5353-55b7-99c5-837cbc771d58,true,163,2023-02-11 08:00:00+00,2024-01-01 08:00:00+00,
65cf9a4c-0264-50ce-937e-524e02398f94,21febd48-554c-506e-b3a5-58c47c60151a,b0a7719d-51cd-5e7d-8e3d-67cc571130e0,false,70,2023-01-28 08:00:00+00,2024-01-01 08:00:00+00,
e535acfb-8daa-56db-a93b-ab11c64d8a43,9491322b-ada4-53e0-8800-49ce6cd06ae4,c981f5ef-8774-5129-b83a-c9448b008bfa,true,170,2023-09-06 08:00:00+00,2024-01-01 08:00:00+00,
b1e42e5e-9412-5202-bef9-c96ab7ba2e9c,d32e1fb7-afdd-5472-a75a-ede0b02720e1,c981f5ef-8774-5129-b83a-c9448b008bfa,true,88,2023-07-24 08:00:00+00,2024-01-01 08:00:00+00,
8efeb336-5936-5333-8c9c-41d1489d7a9b,d32e1fb7-afdd-5472-a75a-ede0b02720e1,05f60979-948c-56c4-8971-f733be532412,false,232,2022-07-13 08:00:00+00,2024-01-01 08:00:00+00,
63168a55-6ae9-5a5d-b6b2-a7329f59cddb,187fcbe4-fef9-57d7-aa26-83baf201a059,c981f5ef-8774-5129-b83a-c9448b008bfa,true,150,2023-07-31 08:00:00+00,2024-01-01 08:00:00+00,
0ace28d3-109a-5ec7-9ff1-1944e507f021,187fcbe4-fef9-57d7-aa26-83baf201a059,05f60979-948c-56c4-8971-f733be532412,false,130,2022-06-11 08:00:00+00,2024-01-01 08:00:00+00,
f1997e2a-e31d-5c87-a696-64cc0914e671,5bc7f7ec-d1a5-557e-9643-6b630f29b3f0,b0a7719d-51cd-5e7d-8e3d-67cc571130e0,true,152,2022-05-14 08:00:00+00,2024-01-01 08:00:00+00,
8b499469-5af1-56b9-be82-763cacfe07c7,5bc7f7ec-d1a5-557e-9643-6b630f29b3f0,3bd995d9-5386-5200-b14c-337fc57a8bb6,false,270,2023-03-22 08:00:00+00,2024-01-01 08:00:00+00,
34b02179-811e-58ab-991b-84eb9795bf54,7827721a-381e-5344-83fd-0c497f1e2b1b,8f2d7823-5353-55b7-99c5-837cbc771d58,true,298,2023-08-16 08:00:00+00,2024-01-01 08:00:00+00,
079dc04a-ab8c-5ce0-9c91-60e5c0eb09f2,4d5b7658-42da-54e3-a1e5-59ddbfe98501,3bd995d9-5386-5200-b14c-337fc57a8bb6,true,67,2023-03-13 08:00:00+00,2024-01-01 08:00:00+00,
3ed81d0f-1988-51dd-b9b5-b1236dbbb13c,4d5b7658-42da-54e3-a1e5-59ddbfe98501,b0a7719d-51cd-5e7d-8e3d-67cc571130e0,false,91,2023-03-08 08:00:00+00,2024-01-01 08:00:00+00,
f1469412-5643-59e7-8c19-7245c70dbc5f,275c1b8c-9cb2-5fca-a5fd-dfb50f2af52c,05f60979-948c-56c4-8971-f733be532412,true,124,2022-07-08 08:00:00+00,2024-01-01 08:00:00+00,
8ffd12e1-b380-5fbb-ba62-289357877e3d,7d483559-a385-5b48-ac05-d01f8fc317d8,c981f5ef-8774-5129-b83a-c9448b008bfa,true,297,2022-10-02 08:00:00+00,2024-01-01 08:00:00+00,
03c956fb-4e48-5c15-af99-d285105d8052,7d483559-a385-5b48-ac05-d01f8fc317d8,b0a7719d-51cd-5e7d-8e3d-67cc571130e0,false,162,2023-04-24 08:00:00+00,2024-01-01 08:00:00+00,
68ab2f50-7b1d-5aea-8398-2ebf3adc2db3,45b336fd-283f-5efb-8a37-4b4421164e5d,05f60979-948c-56c4-8971-f733be532412,true,163,2023-09-17 08:00:00+00,2024-01-01 08:00:00+00,
6acffc15-df52-548a-897d-87956ce953d0,9849bf31-bfd8-5c19-acc8-2a26550a1448,c981f5ef-8774-5129-b83a-c9448b008bfa,true,196,2023-12-02 08:00:00+00,2024-01-01 08:00:00+00,
149799e2-92f6-5723-a410-d3acda837a27,9849bf31-bfd8-5c19-acc8-2a26550a1448,3bd995d9-5386-5200-b14c-337fc57a8bb6,false,224,2022-10-09 08:00:00+00,2024-01-01 08:00:00+00,
22430dc5-71c1-56ab-968c-43b57bd00582,7dbba1e3-9cc6-5b97-9a72-e2a76f9ae970,b0a7719d-51cd-5e7d-8e3d-67cc571130e0,true,129,2023-01-11 08:00:00+00,2024-01-01 08:00:00+00,
f03c9f5d-b957-577e-987e-24ce1a66a943,7dbba1e3-9cc6-5b97-9a72-e2a76f9ae970,c981f5ef-8774-5129-b83a-c9448b008bfa,false,217,2023-10-09 08:00:00+00,2024-01-01 08:00:00+00,
87f27011-7fad-51aa-835b-25d74a842249,feb8f9d4-03a4-57f4-95aa-9d44f200cd36,8f2d7823-5353-55b7-99c5-837cbc771d58,true,99,2023-03-17 08:00:00+00,2024-01-01 08:00:00+00,
f9e7e0c8-1027-53eb-87a7-a137884832da,feb8f9d4-03a4-57f4-95aa-9d44f200cd36,3bd995d9-5386-5200-b14c-337fc57a8bb6,false,51,2023-07-30 08:00:00+00,2024-01-01 08:00:00+00,
71ab1eeb-cf95-55c7-a2f9-391220b5ae91,d4183fe8-bd5e-5e0b-85bb-b41515aaf959,8f2d7823-5353-55b7-99c5-837cbc771d58,true,153,2023-09-02 08:00:00+00,2024-01-01 08:00:00+00,
2e0b0145-6896-516f-926b-cc6749cfbbb5,23103b9c-2951-5114-9af1-faefafa41e0e,3bd995d9-5386-5200-b14c-337fc57a8bb6,true,76,2023-05-05 08:00:00+00,2024-01-01 08:00:00+00,
37d42a05-a1c8-5c96-afef-7f3576aec97b,23103b9c-2951-5114-9af1-faefafa41e0e,8f2d7823-5353-55b7-99c5-837cbc771d58,false,216,2023-10-26 08:00:00+00,2024-01-01 08:00:00+00,
337f5aa2-4126-59a5-a79d-273f9d973e93,1845d38f-d863-5ff2-8f58-196f0d4c7b91,3bd995d9-5386-5200-b14c-337fc57a8bb6,true,222,2023-07-27 08:00:00+00,2024-01-01 08:00:00+00,
370a98b6-6baa-5cc4-8cd5-782e1b078608,f6578e34-2b2d-5ebb-910e-4c1c890cd7cb,05f60979-948c-56c4-8971-f733be532412,true,269,2023-09-01 08:00:00+00,2024-01-01 08:00:00+00,
b26fef0e-e493-5b83-ab24-2872dd7f3fa2,f6578e34-2b2d-5ebb-910e-4c1c890cd7cb,b0a7719d-51cd-5e7d-8e3d-67cc571130e0,false,220,2022-06-16 08:00:00+00,2024-01-01 08:00:00+00,
b0f59f7a-fb16-5a6b-b200-5a289100dd0c,c5365c8a-5916-52e0-bd84-e340b93a4fdc,8f2d7823-5353-55b7-99c5-837cbc771d58,true,91,2023-11-02 08:00:00+00,2024-01-01 08:00:00+00,
bf748517-6531-5d5e-a14a-3bacabfba530,9d04cea0-3734-5ecf-852e-98950abbf623,c981f5ef-8774-5129-b83a-c9448b008bfa,true,170,2022-04-10 08:00:00+00,2024-01-01 08:00:00+00,
f0b08326-a97f-5e81-aa10-079c3c629a6a,2c6d142a-023a-501a-a8d4-a9ab02790ba4,c981f5ef-8774-5129-b83a-c9448b008bfa,true,116,2023-11-20 08:00:00+00,2024-01-01 08:00:00+00,
196f756e-2cc9-5ec8-92fa-3400b12c1ac9,2c6d142a-023a-501a-a8d4-a9ab02790ba4,8f2d7823-5353-55b7-99c5-837cbc771d58,false,57,2023-09-28 08:00:00+00,2024-01-01 08:00:00+00,
d9d54713-434a-5864-bdb3-f9e13270b397,7ac6c179-96b7-59a5-b7ed-55a517f0701c,c981f5ef-8774-5129-b83a-c9448b008bfa,true,124,2023-07-23 08:00:00+00,2024-01-01 08:00:00+00,
32a10384-1a00-5618-ac4b-702cb1da5615,2bc5d391-3f27-57bd-8f33-4eff2e93d736,3bd995d9-5386-5200-b14c-337fc57a8bb6,true,191,2023-07-03 08:00:00+00,2024-01-01 08:00:00+00,
83a77ecf-3f8a-5411-9505-bda20ea9b85f,2bc5d391-3f27-57bd-8f33-4eff2e93d736,8f2d7823-5353-55b7-99c5-837cbc771d58,false,268,2023-02-08 08:00:00+00,2024-01-01 08:00:00+00,
76821114-3afa-59c5-b330-7c984816b8c0,cdb80d65-72fc-55c4-aea6-d83523a38f6f,3bd995d9-5386-5200-b14c-337fc57a8bb6,true,157,2023-02-19 08:00:00+00,2024-01-01 08:00:00+00,
3f41bad9-7e98-5e82-90cb-b8f0090ca456,2dc8f01e-0c38-53d6-b9fb-bde82403ef9a,c981f5ef-8774-5129-b83a-c9448b008bfa,true,245,2023-06-09 08:00:00+00,2024-01-01 08:00:00+00,
d435539b-7bee-5cb9-8464-ad569434cc6b,29e826f4-4dc1-550d-9403-701f6915c8d9,3bd995d9-5386-5200-b14c-337fc57a8bb6,true,114,2022-08-05 08:00:00+00,2024-01-01 08:00:00+00,
bec88cb1-095d-5545-a8e2-a0a860affb3d,29e826f4-4dc1-550d-9403-701f6915c8d9,b0a7719d-51cd-5e7d-8e3d-67cc571130e0,false,131,2023-02-07 08:00:00+00,2024-01-01 08:00:00+00,
d9e8c9f0-cf9d-5622-8d19-d551a29bdc62,2703d8ad-01f8-546b-bce8-9d13a784a50b,8f2d7823-5353-55b7-99c5-837cbc771d58,true,120,2022-06-10 08:00:00+00,2024-01-01 08:00:00+00,
6038f53b-f06d-58ea-9927-7b0f820e49ea,2703d8ad-01f8-546b-bce8-9d13a784a50b,05f60979-948c-56c4-8971-f733be532412,false,87,2023-07-26 08:00:00+00,2024-01-01 08:00:00+00,
dc150ae8-88f5-5a67-8d52-7fd8116331eb,c3023774-8f57-5b23-9f88-b0eaaeb8889e,3bd995d9-5386-5200-b14c-337fc57a8bb6,true,214,2022-09-23 08:00:00+00,2024-01-01 08:00:00+00,
542af222-c023-50b8-9f11-4edb23207fa6,0ec1badd-fbc5-56d8-ba56-2c6298a4bcda,05f60979-948c-56c4-8971-f733be532412,true,253,2023-09-12 08:00:00+00,2024-01-01 08:00:00+00,
392f0628-ead2-5ede-9642-609ce174bf35,0ec1badd-fbc5-56d8-ba56-2c6298a4bcda,3bd995d9-5386-5200-b14c-337fc57a8bb6,false,158,2022-06-27 08:00:00+00,2024-01-01 08:00:00+00,
1109fe61-e6bd-5d0d-a6fb-4b2d3338c171,8afc0f4a-a84c-568b-97b5-f95837bb5a8b,8f2d7823-5353-55b7-99c5-837cbc771d58,true,107,2022-06-20 08:00:00+00,2024-01-01 08:00:00+00,
a39e945b-afcd-5631-ab72-cf35197cb3dc,8afc0f4a-a84c-568b-97b5-f95837bb5a8b,3bd995d9-5386-5200-b14c-337fc57a8bb6,false,256,2022-03-31 08:00:00+00,2024-01-01 08:00:00+00,
6ec203d6-f837-554b-a2c0-67d2f931ecc3,cbfdd3c9-d84c-59b3-a687-0178521199de,3bd995d9-5386-5200-b14c-337fc57a8bb6,true,207,2023-07-03 08:00:00+00,2024-01-01 08:00:00+00,
50250f87-2ac8-5112-b9f0-672002c6ea26,cbfdd3c9-d84c-59b3-a687-0178521199de,c981f5ef-8774-5129-b83a-c9448b008bfa,false,110,2023-02-20 08:00:00+00,2024-01-01 08:00:00+00,
82112921-06c0-516e-b579-3858cbeadab2,3a7699cc-4bb7-5420-8494-2c9b556db3f4,8f2d7823-5353-55b7-99c5-837cbc771d58,true,87,2023-09-27 08:00:00+00,2024-01-01 08:00:00+00,
4821a4e1-c852-5a04-bcb7-8437616ad785,3a7699cc-4bb7-5420-8494-2c9b556db3f4,c981f5ef-8774-5129-b83a-c9448b008bfa,false,266,2022-07-13 08:00:00+00,2024-01-01 08:00:00+00,
425e8887-6718-53c3-b7fa-5827f63155bf,f4c09314-6f6a-58ca-a0a0-7f3618799479,8f2d7823-5353-55b7-99c5-837cbc771d58,true,133,2023-05-24 08:00:00+00,2024-01-01 08:00:00+00,
d529ef7a-73cc-5a39-a44d-db6a2afe3254,f4c09314-6f6a-58ca-a0a0-7f3618799479,c981f5ef-8774-5129-b83a-c9448b008bfa,false,244,2023-04-07 08:00:00+00,2024-01-01 08:00:00+00,
a2b07750-ee25-53ad-bd03-fdca68425fa0,d48ce287-21ad-5fd6-859c-7d11879c9425,8f2d7823-5353-55b7-99c5-837cbc771d58,true,242,2023-03-01 08:00:00+00,2024-01-01 08:00:00+00,
cac534d5-3717-5650-a52e-a1bc65de6287,3176ce6a-9afa-510d-b2ee-ff1d7a99c7e2,3bd995d9-5386-5200-b14c-337fc57a8bb6,true,58,2023-01-05 08:00:00+00,2024-01-01 08:00:00+00,
d6dcdf04-2ed9-52dc-93ea-08dd9bec663e,3176ce6a-9afa-510d-b2ee-ff1d7a99c7e2,8f2d7823-5353-55b7-99c5-837cbc771d58,false,215,2023-02-11 08:00:00+00,2024-01-01 08:00:00+00,
ff6774e1-8937-577e-a9b4-f629dbb77b4f,f8d5111c-6a47-5353-94b4-3f1b24af420b,3bd995d9-5386-5200-b14c-337fc57a8bb6,true,226,2023-04-28 08:00:00+00,2024-01-01 08:00:00+00,
d6d1f14e-2063-5616-be55-16fa30be4d96,9ab45602-7521-5307-977b-631cfc76de06,3bd995d9-5386-5200-b14c-337fc57a8bb6,true,214,2023-02-08 08:00:00+00,2024-01-01 08:00:00+00,
6e1116ee-0ae9-561f-9bda-edd772b8d0de,9ab45602-7521-5307-977b-631cfc76de06,05f60979-948c-56c4-8971-f733be532412,false,214,2022-09-23 08:00:00+00,2024-01-01 08:00:00+00,
0c889e8f-9233-59a9-8484-22bb823f7781,49392e13-a5ef-5761-b2f9-b502f573174c,3bd995d9-5386-5200-b14c-337fc57a8bb6,true,243,2023-11-20 08:00:00+00,2024-01-01 08:00:00+00,
fd6ef32a-a78b-5c0e-ab50-f8f5eb8f0fdc,b1fa955b-dd30-5f5e-b1fe-5117b66ea22c,b0a7719d-51cd-5e7d-8e3d-67cc571130e0,true,213,2022-07-25 08:00:00+00,2024-01-01 08:00:00+00,
15073d62-0b94-52c3-b862-f21c9994c925,b1fa955b-dd30-5f5e-b1fe-5117b66ea22c,3bd995d9-5386-5200-b14c-337fc57a8bb6,false,187,2022-09-20 08:00:00+00,2024-01-01 08:00:00+00,
212703b3-e280-56ac-83df-118d3bb9968b,1335316c-d422-5cd4-9d7b-4ea83060416e,8f2d7823-5353-55b7-99c5-837cbc771d58,true,63,2023-08-10 08:00:00+00,2024-01-01 08:00:00+00,
d47a508e-a72a-5ba9-8e80-5306848f0279,1335316c-d422-5cd4-9d7b-4ea83060416e,b0a7719d-51cd-5e7d-8e3d-67cc571130e0,false,192,2022-06-11 08:00:00+00,2024-01-01 08:00:00+00,
959bce2a-874d-5cdc-9fa3-261ef1e04045,e09b8cea-3513-5521-a74e-62ecf6bbb293,3bd995d9-5386-5200-b14c-337fc57a8bb6,true,120,2023-08-15 08:00:00+00,2024-01-01 08:00:00+00,
a5145839-c759-59a0-88a4-f6763dbdfe3d,8045063d-fe0f-5e2f-9aad-0630e2fffea3,c981f5ef-8774-5129-b83a-c9448b008bfa,true,175,2023-01-23 08:00:00+00,2024-01-01 08:00:00+00,
3d3f998f-eb8a-5a9f-ad08-67c6aa1d6be8,8045063d-fe0f-5e2f-9aad-0630e2fffea3,b0a7719d-51cd-5e7d-8e3d-67cc571130e0,false,264,2022-07-10 08:00:00+00,2024-01-01 08:00:00+00,
8005f543-d63c-5746-8b16-abaad7c17d83,0b07dff7-905e-56cd-a0ff-efe5abe1d300,05f60979-948c-56c4-8971-f733be532412,true,118,2023-04-18 08:00:00+00,2024-01-01 08:00:00+00,
a4c6bf39-2337-57ae-b785-99385db08883,2848351e-47a8-5acf-a88d-86187902c28e,b0a7719d-51cd-5e7d-8e3d-67cc571130e0,true,113,2022-09-16 08:00:00+00,2024-01-01 08:00:00+00,
75863dd0-bfdd-50c5-a7cb-8cf68b219b92,2848351e-47a8-5acf-a88d-86187902c28e,8f2d7823-5353-55b7-99c5-837cbc771d58,false,244,2022-03-25 08:00:00+00,2024-01-01 08:00:00+00,
6c8c448c-595a-53ed-b537-125a6d36e78c,089460e2-06dd-5b22-a031-68606a41fea5,3bd995d9-5386-5200-b14c-337fc57a8bb6,true,220,2022-09-22 08:00:00+00,2024-01-01 08:00:00+00,
da2cb1df-6a47-5616-aaf2-00043d9919cf,089460e2-06dd-5b22-a031-68606a41fea5,b0a7719d-51cd-5e7d-8e3d-67cc571130e0,false,178,2022-11-29 08:00:00+00,2024-01-01 08:00:00+00,
94653822-246e-5ca1-a5fb-e98fa4052b70,7ec518f0-6b64-5653-8469-cf28814087b5,c981f5ef-8774-5129-b83a-c9448b008bfa,true,264,2023-03-30 08:00:00+00,2024-01-01 08:00:00+00,
22a0ac15-453d-5427-9391-7b3e43a5a79f,825cc120-18ad-5be4-82fa-1f96c32d65df,8f2d7823-5353-55b7-99c5-837cbc771d58,true,254,2023-01-09 08:00:00+00,2024-01-01 08:00:00+00,
7b313ed8-800b-5349-93ac-f6db96bb949a,355f191c-25df-5281-8eda-b1104e17fba4,c981f5ef-8774-5129-b83a-c9448b008bfa,true,51,2022-05-04 08:00:00+00,2024-01-01 08:00:00+00,
174854a9-192d-546b-a068-fe7003b0f71e,8111477b-319c-5799-bd01-73b0c091d084,8f2d7823-5353-55b7-99c5-837cbc771d58,true,54,2023-09-09 08:00:00+00,2024-01-01 08:00:00+00,
b5be0d80-02e4-57ce-8f23-955727f606b3,326a488b-d7d7-5607-bec4-4dfa6d43d70d,b0a7719d-51cd-5e7d-8e3d-67cc571130e0,true,133,2022-03-06 08:00:00+00,2024-01-01 08:00:00+00,
28628f5c-3f2b-5f6c-8119-e9b0d8f13ebb,aff4d554-500a-5977-9869-df7e2286468c,b0a7719d-51cd-5e7d-8e3d-67cc571130e0,true,118,2022-02-11 08:00:00+00,2024-01-01 08:00:00+00,
eb5775b2-952a-5b24-aff0-def4a209502b,aff4d554-500a-5977-9869-df7e2286468c,8f2d7823-5353-55b7-99c5-837cbc771d58,false,54,2022-03-07 08:00:00+00,2024-01-01 08:00:00+00,
aa22149e-c025-5f6a-8f35-5094a76cca16,41630bb3-551d-5e71-96bf-1f93092fa26e,05f60979-948c-56c4-8971-f733be532412,true,133,2022-12-05 08:00:00+00,2024-01-01 08:00:00+00,
c94eba11-85ab-5281-bc17-2f254fd03e83,41630bb3-551d-5e71-96bf-1f93092fa26e,3bd995d9-5386-5200-b14c-337fc57a8bb6,false,58,2022-03-29 08:00:00+00,2024-01-01 08:00:00+00,
e18f55b6-3163-5a9d-8672-d020dc85ce4e,ee4cb840-d863-5a7b-a48b-938eb56c3e40,8f2d7823-5353-55b7-99c5-837cbc771d58,true,178,2023-09-24 08:00:00+00,2024-01-01 08:00:00+00,
bf05a9d3-8ba5-56af-ab1f-3398539549bc,ee4cb840-d863-5a7b-a48b-938eb56c3e40,05f60979-948c-56c4-8971-f733be532412,false,185,2023-03-04 08:00:00+00,2024-01-01 08:00:00+00,
d2f36884-ea41-587f-b460-8053998bef1e,cc8eb521-605d-542b-9ba3-676c91153249,05f60979-948c-56c4-8971-f733be532412,true,151,2022-07-03 08:00:00+00,2024-01-01 08:00:00+00,
c396ea1e-1c7b-5a28-b45f-aff91c754a2e,cc8eb521-605d-542b-9ba3-676c91153249,8f2d7823-5353-55b7-99c5-837cbc771d58,false,62,2022-10-22 08:00:00+00,2024-01-01 08:00:00+00,
e2f788e1-f2f5-5866-88c5-ae9065d6e5d7,50dd613c-8bdc-5d68-a40c-449d537d1d3e,b0a7719d-51cd-5e7d-8e3d-67cc571130e0,true,205,2022-02-20 08:00:00+00,2024-01-01 08:00:00+00,
b3880770-1530-5261-875e-b846492624e0,5862f5c3-1528-5259-8cf9-7d15c87461dc,c981f5ef-8774-5129-b83a-c9448b008bfa,true,69,2022-09-22 08:00:00+00,2024-01-01 08:00:00+00,
e247f119-c4e5-5231-ab08-dc4f7ef20469,c91fa893-f7a9-58b8-aace-831cfc9c29b3,3bd995d9-5386-5200-b14c-337fc57a8bb6,true,202,2022-12-13 08:00:00+00,2024-01-01 08:00:00+00,
7aca5ebb-ce47-55c0-ab9f-0bb054cb8b5a,b95adcf5-64ce-5328-9a30-7602d588406e,3bd995d9-5386-5200-b14c-337fc57a8bb6,true,95,2022-07-21 08:00:00+00,2024-01-01 08:00:00+00,
a8d7b87b-cf0a-5a42-87e5-ff45edb666e5,b95adcf5-64ce-5328-9a30-7602d588406e,8f2d7823-5353-55b7-99c5-837cbc771d58,false,181,2022-02-09 08:00:00+00,2024-01-01 08:00:00+00,
05f203c7-c6ae-5a46-a58c-d433f3bc68af,5afc7a10-7fb8-54c0-ba58-90ad39809486,b0a7719d-51cd-5e7d-8e3d-67cc571130e0,true,300,2022-06-05 08:00:00+00,2024-01-01 08:00:00+00,
25beffc6-1371-518d-8c54-15e50bd7f776,7d07c9df-9b0c-5cf1-87c4-565c2f7e9bd4,8f2d7823-5353-55b7-99c5-837cbc771d58,true,178,2023-05-10 08:00:00+00,2024-01-01 08:00:00+00,
f2ed063a-a3f2-536a-b8dc-d0af931b64f4,6885a964-58f5-5eb2-a7d2-08e5e899fed7,3bd995d9-5386-5200-b14c-337fc57a8bb6,true,88,2023-08-04 08:00:00+00,2024-01-01 08:00:00+00,
c94caa07-2aec-512f-a0f0-aeacb3f03e32,3ed536f9-4d96-570c-94d9-cd7c37a90737,b0a7719d-51cd-5e7d-8e3d-67cc571130e0,true,204,2023-07-13 08:00:00+00,2024-01-01 08:00:00+00,
4135adc5-63bb-59d9-9642-cfe0e62b0c8b,3ed536f9-4d96-570c-94d9-cd7c37a90737,c981f5ef-8774-5129-b83a-c9448b008bfa,false,274,2022-05-14 08:00:00+00,2024-01-01 08:00:00+00,
f69e602e-7fdb-5bc8-b977-2e74776a666e,fcac4174-0327-5572-91de-7c5a0456dc06,05f60979-948c-56c4-8971-f733be532412,true,103,2023-03-30 08:00:00+00,2024-01-01 08:00:00+00,
7c049163-c6bb-57b3-b5f2-9593ca03e93b,43907302-eb94-5a7f-b06b-5e459e866189,05f60979-948c-56c4-8971-f733be532412,true,134,2022-10-29 08:00:00+00,2024-01-01 08:00:00+00,
3f1be912-abeb-53bd-b623-ba7c6920f018,cb7ed8ee-111e-53a9-bf8d-a15d9490687f,8f2d7823-5353-55b7-99c5-837cbc771d58,true,138,2023-11-30 08:00:00+00,2024-01-01 08:00:00+00,
8b67cb6b-0707-5da9-9341-8d7d62216fc1,cb7ed8ee-111e-53a9-bf8d-a15d9490687f,05f60979-948c-56c4-8971-f733be532412,false,261,2023-04-27 08:00:00+00,2024-01-01 08:00:00+00,
ade4bc86-8095-55fa-9956-e0f24323f90a,b79faacf-68e8-53a3-a5a1-8bff639004f6,8f2d7823-5353-55b7-99c5-837cbc771d58,true,158,2023-06-06 08:00:00+00,2024-01-01 08:00:00+00,
0b6a3059-75b1-5a57-aaf2-f108a2d48ca7,b79faacf-68e8-53a3-a5a1-8bff639004f6,3bd995d9-5386-5200-b14c-337fc57a8bb6,false,226,2022-08-18 08:00:00+00,2024-01-01 08:00:00+00,
578b3c09-952f-519b-b184-fc674cf9bd1b,7ca4b956-abc1-5a07-9a64-59fb5c2f066d,c981f5ef-8774-5129-b83a-c9448b008bfa,true,73,2023-05-22 08:00:00+00,2024-01-01 08:00:00+00,
31b7df7c-ef46-5721-ae16-d59f3e99f547,2da160ec-e3aa-547d-8cc3-7d5ebfd200bd,05f60979-948c-56c4-8971-f733be532412,true,217,2022-07-14 08:00:00+00,2024-01-01 08:00:00+00,
04ec3cc8-c306-5169-91ff-f7880f6cb87b,2da160ec-e3aa-547d-8cc3-7d5ebfd200bd,8f2d7823-5353-55b7-99c5-837cbc771d58,false,98,2023-07-08 08:00:00+00,2024-01-01 08:00:00+00,
c3806ff7-022f-53ef-9ff4-45065ed3a3ef,2cc98334-6b09-557c-b040-562d8cbc2008,c981f5ef-8774-5129-b83a-c9448b008bfa,true,216,2022-07-17 08:00:00+00,2024-01-01 08:00:00+00,
b1e4b05a-1d7f-5ea6-a485-03cafdd76b58,fce19033-5658-5260-8473-000a53995736,8f2d7823-5353-55b7-99c5-837cbc771d58,true,270,2023-03-17 08:00:00+00,2024-01-01 08:00:00+00,
785a2596-e4dd-50e1-9899-ffd7cf75ee62,35511a77-0039-5e43-9ac8-dfd5d49573c9,3bd995d9-5386-5200-b14c-337fc57a8bb6,true,223,2023-01-20 08:00:00+00,2024-01-01 08:00:00+00,
dd88f956-6ba2-56ac-88aa-d89f85c7b258,2f6cd4ad-732e-59ca-a98b-6b2460f36da1,3bd995d9-5386-5200-b14c-337fc57a8bb6,true,205,2023-03-19 08:00:00+00,2024-01-01 08:00:00+00,
fe7fe292-dd22-5bf2-8833-899e03ffc03e,62da14d8-7311-5ad9-bce4-60980242ab01,3bd995d9-5386-5200-b14c-337fc57a8bb6,true,162,2022-04-03 08:00:00+00,2024-01-01 08:00:00+00,
c5d45519-c499-545f-9123-94b046d9ad07,f193432a-d5d8-57d2-a857-a1a418a072c3,8f2d7823-5353-55b7-99c5-837cbc771d58,true,116,2023-08-10 08:00:00+00,2024-01-01 08:00:00+00,
e9862b29-3cc8-545e-939c-bc05215a8c59,61849c7c-1832-5cc2-89fb-014b5ab43c83,b0a7719d-51cd-5e7d-8e3d-67cc571130e0,true,66,2022-03-10 08:00:00+00,2024-01-01 08:00:00+00,
a5294bf3-c020-5958-ad0b-61fe2e1e488c,61849c7c-1832-5cc2-89fb-014b5ab43c83,8f2d7823-5353-55b7-99c5-837cbc771d58,false,231,2022-03-11 08:00:00+00,2024-01-01 08:00:00+00,
e30f6aee-2e47-50c2-a4d1-6be9a46e9083,2ca504a6-787c-5f37-8b87-d91259ddb1f5,05f60979-948c-56c4-8971-f733be532412,true,62,2022-12-30 08:00:00+00,2024-01-01 08:00:00+00,
c368f27e-b170-5505-94be-6eaa297dbf1a,2ca504a6-787c-5f37-8b87-d91259ddb1f5,c981f5ef-8774-5129-b83a-c9448b008bfa,false,195,2023-07-16 08:00:00+00,2024-01-01 08:00:00+00,
a37d05cc-931f-5ce0-87f4-fb10b7a2dbb1,3982826b-3002-5ee0-b271-72aad1491afa,05f60979-948c-56c4-8971-f733be532412,true,271,2022-04-23 08:00:00+00,2024-01-01 08:00:00+00,
a03a8b38-9646-55c8-bc29-edd2f26999c5,3982826b-3002-5ee0-b271-72aad1491afa,3bd995d9-5386-5200-b14c-337fc57a8bb6,false,143,2022-11-30 08:00:00+00,2024-01-01 08:00:00+00,
26b70beb-0525-5bce-a862-dfed9ae9fc69,3094e5c4-37bf-5c74-b3ad-273cdb1ea2c0,8f2d7823-5353-55b7-99c5-837cbc771d58,true,151,2023-02-03 08:00:00+00,2024-01-01 08:00:00+00,
5c242400-d037-5b9e-aa83-60df1caaf8a1,3094e5c4-37bf-5c74-b3ad-273cdb1ea2c0,05f60979-948c-56c4-8971-f733be532412,false,221,2023-05-30 08:00:00+00,2024-01-01 08:00:00+00,
52cb64fe-224d-5a0d-b7a4-6ebca710d874,f2b3c788-be57-5d38-96b7-c6ca8b029327,05f60979-948c-56c4-8971-f733be532412,true,199,2022-12-11 08:00:00+00,2024-01-01 08:00:00+00,
cddf9cf2-b0ef-599b-adc3-52c3b861e714,f2b3c788-be57-5d38-96b7-c6ca8b029327,8f2d7823-5353-55b7-99c5-837cbc771d58,false,166,2023-07-03 08:00:00+00,2024-01-01 08:00:00+00,
1a58bd73-bab0-5a52-bdd5-c4a098b7509e,7e5f6f02-ea4a-5aef-960c-ae0df3e4c1ad,b0a7719d-51cd-5e7d-8e3d-67cc571130e0,true,234,2022-03-01 08:00:00+00,2024-01-01 08:00:00+00,
06acbc0e-9489-59b2-a8fa-3c7c2f62edf0,f3a3d2f8-a9ce-58be-a5b5-e3ed8f94b684,8f2d7823-5353-55b7-99c5-837cbc771d58,true,295,2023-09-20 08:00:00+00,2024-01-01 08:00:00+00,
470c6b77-b9cc-522a-b29e-5dd3f4c00537,cafdb1a7-0338-512c-b8af-9b2635137055,b0a7719d-51cd-5e7d-8e3d-67cc571130e0,true,88,2023-09-06 08:00:00+00,2024-01-01 08:00:00+00,
54a0b072-7492-5df2-a034-fede49137a40,ab73588a-c4b3-57e1-bfd4-b1003cf1b69e,c981f5ef-8774-5129-b83a-c9448b008bfa,true,76,2023-08-20 08:00:00+00,2024-01-01 08:00:00+00,
4e9f7184-8b4d-51e9-841e-fb157897618a,f8945e73-7d80-55d4-ade4-cff4b7c483b9,05f60979-948c-56c4-8971-f733be532412,true,217,2023-05-04 08:00:00+00,2024-01-01 08:00:00+00,
f2572378-7ab1-5d21-9762-4f8d09142cfc,383095ab-2c1b-5c6c-b92b-6e0f7142976e,3bd995d9-5386-5200-b14c-337fc57a8bb6,true,57,2022-08-03 08:00:00+00,2024-01-01 08:00:00+00,
ad3dfdbf-ad95-5fa7-be95-3a9d0f8119f6,22347691-9f65-5c00-be5d-5c60dc04ca99,05f60979-948c-56c4-8971-f733be532412,true,292,2023-10-18 08:00:00+00,2024-01-01 08:00:00+00,
f27acfa1-4a79-5fce-8ef8-c5a83e8313d8,22347691-9f65-5c00-be5d-5c60dc04ca99,c981f5ef-8774-5129-b83a-c9448b008bfa,false,95,2023-03-11 08:00:00+00,2024-01-01 08:00:00+00,
f92c6ea6-a288-5e2d-9cc9-548ac537a189,b35ca395-96c2-548a-b48a-fbacd96a81bd,b0a7719d-51cd-5e7d-8e3d-67cc571130e0,true,294,2022-06-13 08:00:00+00,2024-01-01 08:00:00+00,
682d451c-16d1-581b-88f4-ae691a25e1b8,b35ca395-96c2-548a-b48a-fbacd96a81bd,c981f5ef-8774-5129-b83a-c9448b008bfa,false,263,2023-02-10 08:00:00+00,2024-01-01 08:00:00+00,
cd97cfcd-eb5f-525e-bcb9-2cabee6f8ebc,9f339f2a-d16c-5e62-98ce-0ee4c9d6f39c,05f60979-948c-56c4-8971-f733be532412,true,104,2023-07-13 08:00:00+00,2024-01-01 08:00:00+00,
8cba891c-156f-5819-a8c0-5901f6aaee9b,20ff4fa9-0dc7-5fb2-bb10-6394f3a5c20a,05f60979-948c-56c4-8971-f733be532412,true,108,2023-06-11 08:00:00+00,2024-01-01 08:00:00+00,
d1424370-09f1-577d-9923-60cbf4d4739f,43d69629-a6d3-5025-a28a-5b9591ace80c,b0a7719d-51cd-5e7d-8e3d-67cc571130e0,true,173,2023-03-22 08:00:00+00,2024-01-01 08:00:00+00,
5175bec8-a0ae-58f9-b34d-ad67435ba70e,7c2a4512-596c-5610-a991-743c78394c5c,8f2d7823-5353-55b7-99c5-837cbc771d58,true,290,2022-04-22 08:00:00+00,2024-01-01 08:00:00+00,
7fd96afb-0220-513b-a466-eb02cf30ac00,7c2a4512-596c-5610-a991-743c78394c5c,3bd995d9-5386-5200-b14c-337fc57a8bb6,false,127,2023-05-04 08:00:00+00,2024-01-01 08:00:00+00,
c8c60b81-3260-5d69-ac69-e18be40b31e2,cc8e87e6-3617-5992-8649-2b6d387b77bd,05f60979-948c-56c4-8971-f733be532412,true,172,2023-11-20 08:00:00+00,2024-01-01 08:00:00+00,
7ca6f928-d506-51a3-9824-2fe5da2f0eb9,c3df76de-df43-5d63-ac85-1d5eeaf54547,b0a7719d-51cd-5e7d-8e3d-67cc571130e0,true,295,2022-06-19 08:00:00+00,2024-01-01 08:00:00+00,
395d8eb8-6f36-5cf3-9db7-3ae445b0cf5c,c3df76de-df43-5d63-ac85-1d5eeaf54547,8f2d7823-5353-55b7-99c5-837cbc771d58,false,102,2022-07-29 08:00:00+00,2024-01-01 08:00:00+00,
030e2749-58d3-5869-9a03-c4513a7a2a25,8874ef78-f9e8-56fd-98bf-88f5787ceac7,3bd995d9-5386-5200-b14c-337fc57a8bb6,true,107,2023-08-10 08:00:00+00,2024-01-01 08:00:00+00,
b573320f-d5ac-5b46-bcc8-7d24100d8349,aa496bcb-a13f-52b8-9e04-f60645fce15b,b0a7719d-51cd-5e7d-8e3d-67cc571130e0,true,85,2022-11-13 08:00:00+00,2024-01-01 08:00:00+00,
d97e29e8-7304-54ac-981f-f7af9c87e9e3,aa496bcb-a13f-52b8-9e04-f60645fce15b,05f60979-948c-56c4-8971-f733be532412,false,216,2023-10-08 08:00:00+00,2024-01-01 08:00:00+00,
f8331c09-ff47-5dd4-bede-e65e520255e4,93ee752e-7956-5553-aa46-20ffbc1fc713,b0a7719d-51cd-5e7d-8e3d-67cc571130e0,true,257,2022-04-01 08:00:00+00,2024-01-01 08:00:00+00,
31d88d14-65e9-5cf1-a624-25900f89368c,179c66f1-83d7-5d44-9390-b7446b9feb22,8f2d7823-5353-55b7-99c5-837cbc771d58,true,67,2022-11-16 08:00:00+00,2024-01-01 08:00:00+00,
2b557aa3-8d1e-59c3-b916-48979b28dbfe,73529711-08e0-5701-ab36-a12a67eae490,b0a7719d-51cd-5e7d-8e3d-67cc571130e0,true,109,2023-09-17 08:00:00+00,2024-01-01 08:00:00+00,
eb6b7e39-d548-5e81-bd98-1c0bc35fff4e,1f54d3f6-b9ba-5ea4-abef-f7522cc6eae4,b0a7719d-51cd-5e7d-8e3d-67cc571130e0,true,119,2022-03-30 08:00:00+00,2024-01-01 08:00:00+00,
439d692a-692b-55ee-90aa-45f46242b952,1f54d3f6-b9ba-5ea4-abef-f7522cc6eae4,c981f5ef-8774-5129-b83a-c9448b008bfa,false,189,2022-05-09 08:00:00+00,2024-01-01 08:00:00+00,
d551c38c-f56f-560a-90e1-155fc944a8a9,6ef5c8cb-f9d3-5da6-96c7-b0c6d7c61778,b0a7719d-51cd-5e7d-8e3d-67cc571130e0,true,50,2023-05-14 08:00:00+00,2024-01-01 08:00:00+00,
bcf54c9c-3388-59ce-aa4d-a3239474e8f9,f8a53aaa-c1cb-5502-bc84-8498794d57d5,c981f5ef-8774-5129-b83a-c9448b008bfa,true,277,2023-04-10 08:00:00+00,2024-01-01 08:00:00+00,
f9c4f805-67ab-568d-84f7-1501a2726283,f8a53aaa-c1cb-5502-bc84-8498794d57d5,8f2d7823-5353-55b7-99c5-837cbc771d58,false,189,2023-07-29 08:00:00+00,2024-01-01 08:00:00+00,
93ba090c-d95e-5a7a-9333-9eb6cf0dea1f,a6dcf816-e01b-5634-a6f4-1a76505e8a3e,05f60979-948c-56c4-8971-f733be532412,true,253,2023-05-03 08:00:00+00,2024-01-01 08:00:00+00,
57b8c610-0623-5b05-9838-b535ed9d0202,9110b3cc-65ed-5109-8f79-8a67457f6419,3bd995d9-5386-5200-b14c-337fc57a8bb6,true,197,2023-03-05 08:00:00+00,2024-01-01 08:00:00+00,
9f56b881-364c-5092-b18f-0f2002a4e49c,9110b3cc-65ed-5109-8f79-8a67457f6419,c981f5ef-8774-5129-b83a-c9448b008bfa,false,151,2023-06-12 08:00:00+00,2024-01-01 08:00:00+00,
a6e59d0c-f5bd-5156-91d1-4b6d380ab801,8ecb9edd-75c5-5a81-85e5-79ec68b8930f,c981f5ef-8774-5129-b83a-c9448b008bfa,true,128,2023-11-01 08:00:00+00,2024-01-01 08:00:00+00,
34005068-d999-561f-9064-4fb8d5af264d,8ecb9edd-75c5-5a81-85e5-79ec68b8930f,b0a7719d-51cd-5e7d-8e3d-67cc571130e0,false,162,2022-07-21 08:00:00+00,2024-01-01 08:00:00+00,
62679bee-06c4-53e9-b417-be99c62e1702,2ae1f8f6-3deb-5b0e-90fd-ea408817ebaf,3bd995d9-5386-5200-b14c-337fc57a8bb6,true,132,2023-04-08 08:00:00+00,2024-01-01 08:00:00+00,
ee96508e-2914-5cb1-9efe-35a4cf3f3938,ec9ea44a-191e-516c-b85c-ca449b6855e9,c981f5ef-8774-5129-b83a-c9448b008bfa,true,268,2023-05-07 08:00:00+00,2024-01-01 08:00:00+00,
eb3a65f8-5c85-53d3-a5e2-906be304fc28,ec9ea44a-191e-516c-b85c-ca449b6855e9,05f60979-948c-56c4-8971-f733be532412,false,284,2023-03-07 08:00:00+00,2024-01-01 08:00:00+00,
2356cca5-5111-5379-a312-c1e9bdaba1bf,a419d562-9eb3-5df8-a991-6e1117400e0d,3bd995d9-5386-5200-b14c-337fc57a8bb6,true,249,2022-06-27 08:00:00+00,2024-01-01 08:00:00+00,
362c670f-9d49-518a-8306-c0e3e43420c8,3fee6ee0-9c02-5bdc-9c61-897eff991a44,b0a7719d-51cd-5e7d-8e3d-67cc571130e0,true,257,2023-06-02 08:00:00+00,2024-01-01 08:00:00+00,
a601f7ea-706c-598c-a962-20d07fb9eab8,648a1bb8-9887-5f7e-a858-1d5e800228c7,b0a7719d-51cd-5e7d-8e3d-67cc571130e0,true,132,2023-10-04 08:00:00+00,2024-01-01 08:00:00+00,
ee4de7c9-9236-54ae-bdb0-15505e91df6c,17d65a1a-abec-59b2-b7ee-92c8d3d12a00,b0a7719d-51cd-5e7d-8e3d-67cc571130e0,true,121,2022-07-17 08:00:00+00,2024-01-01 08:00:00+00,
e70b1351-8e62-5c05-8862-36d0b874cc72,25cc085a-617e-5adf-8a39-b6b1334c9ccb,b0a7719d-51cd-5e7d-8e3d-67cc571130e0,true,296,2022-12-19 08:00:00+00,2024-01-01 08:00:00+00,
b3f55c16-f854-5aed-b19d-5df9a97ce1f6,25cc085a-617e-5adf-8a39-b6b1334c9ccb,05f60979-948c-56c4-8971-f733be532412,false,181,2022-07-23 08:00:00+00,2024-01-01 08:00:00+00,
77a7d47c-ac68-58e5-9d9a-3935a2d45c3b,b407552b-868b-52fb-8776-380d34e309d2,05f60979-948c-56c4-8971-f733be532412,true,67,2022-11-17 08:00:00+00,2024-01-01 08:00:00+00,
0dbd0282-d1ad-53a4-af7a-b96b77cb5136,b407552b-868b-52fb-8776-380d34e309d2,8f2d7823-5353-55b7-99c5-837cbc771d58,false,159,2023-02-04 08:00:00+00,2024-01-01 08:00:00+00,
5d4d85de-c70a-504f-a881-bda4b372cd32,bc698292-0961-55c9-9198-c12b3304a31f,c981f5ef-8774-5129-b83a-c9448b008bfa,true,276,2023-04-06 08:00:00+00,2024-01-01 08:00:00+00,
f95800a5-14d1-5172-a247-b30fb1c1e76e,f23bf61b-ec35-5f7d-ac2b-d123d58ac51b,3bd995d9-5386-5200-b14c-337fc57a8bb6,true,164,2023-11-16 08:00:00+00,2024-01-01 08:00:00+00,
14d9c801-8b84-5071-99d6-e3b8a9a56ddd,cd19ecf5-0e64-5a4b-8379-26968ed39ddd,8f2d7823-5353-55b7-99c5-837cbc771d58,true,224,2022-07-15 08:00:00+00,2024-01-01 08:00:00+00,
1c6f4d3d-ce06-5763-9640-2aced44d6ed1,cd19ecf5-0e64-5a4b-8379-26968ed39ddd,b0a7719d-51cd-5e7d-8e3d-67cc571130e0,false,65,2022-02-10 08:00:00+00,2024-01-01 08:00:00+00,
cd6f45ca-03e5-58c8-8c72-428e63fef34b,a5ead706-0e5d-5d9d-88a9-0fde76f8af77,05f60979-948c-56c4-8971-f733be532412,true,73,2023-08-22 08:00:00+00,2024-01-01 08:00:00+00,
6474c29c-be76-535a-9a4d-0081c1765589,a5ead706-0e5d-5d9d-88a9-0fde76f8af77,b0a7719d-51cd-5e7d-8e3d-67cc571130e0,false,196,2023-09-23 08:00:00+00,2024-01-01 08:00:00+00,
2b240026-eecb-5834-809f-f997062ace88,72b98003-1a11-5e31-8337-db69becfabe4,3bd995d9-5386-5200-b14c-337fc57a8bb6,true,296,2022-04-07 08:00:00+00,2024-01-01 08:00:00+00,
345b946f-f841-5966-af0b-d7f199be5009,72b98003-1a11-5e31-8337-db69becfabe4,b0a7719d-51cd-5e7d-8e3d-67cc571130e0,false,135,2022-12-22 08:00:00+00,2024-01-01 08:00:00+00,
2df55858-cd96-59b2-978c-2d18f46060f5,7ead8f93-0de3-5ad3-b052-4de4569a3047,3bd995d9-5386-5200-b14c-337fc57a8bb6,true,202,2023-03-27 08:00:00+00,2024-01-01 08:00:00+00,
2443471d-4591-52d7-9db6-e6c255ad0a1a,5a577967-1a03-53d6-915a-f42cd2cecdc8,05f60979-948c-56c4-8971-f733be532412,true,265,2023-05-22 08:00:00+00,2024-01-01 08:00:00+00,
41e79ffd-4766-5e5f-895c-fcf0c0cafdc8,5a577967-1a03-53d6-915a-f42cd2cecdc8,3bd995d9-5386-5200-b14c-337fc57a8bb6,false,115,2023-10-05 08:00:00+00,2024-01-01 08:00:00+00,
bc9c9fce-0315-5f07-9025-b2ff6afc159c,52e505ea-6791-51d0-acdf-29d54a4fa119,8f2d7823-5353-55b7-99c5-837cbc771d58,true,176,2022-03-05 08:00:00+00,2024-01-01 08:00:00+00,
8e77f025-b96b-5e94-8cd2-c8f3e1b10b46,8dd3ffaa-5f58-5850-99ab-b47751b5b73a,8f2d7823-5353-55b7-99c5-837cbc771d58,true,52,2023-04-26 08:00:00+00,2024-01-01 08:00:00+00,
457b79c8-063d-5430-8d4b-2f94f384d4c7,c3b7e388-25c0-5106-8f7c-cf00a8e38131,b0a7719d-51cd-5e7d-8e3d-67cc571130e0,true,57,2022-10-04 08:00:00+00,2024-01-01 08:00:00+00,
6ce8dd1f-7c03-512d-a9c3-27a03eca1c51,c3b7e388-25c0-5106-8f7c-cf00a8e38131,05f60979-948c-56c4-8971-f733be532412,false,74,2022-05-30 08:00:00+00,2024-01-01 08:00:00+00,
67fc273a-4803-519c-8ca6-439d0d7450d1,7887643f-c80a-5a52-9092-7847c4618c46,3bd995d9-5386-5200-b14c-337fc57a8bb6,true,279,2023-11-18 08:00:00+00,2024-01-01 08:00:00+00,
9b8af022-b2bd-5e67-ba9e-11bbadc87c51,eb0f5141-03a1-5050-a6c0-ff78687c019b,c981f5ef-8774-5129-b83a-c9448b008bfa,true,61,2022-08-01 08:00:00+00,2024-01-01 08:00:00+00,
474ca973-c20d-551c-8e4b-9acf9ccb0bd0,eb0f5141-03a1-5050-a6c0-ff78687c019b,05f60979-948c-56c4-8971-f733be532412,false,86,2023-08-26 08:00:00+00,2024-01-01 08:00:00+00,
edf96707-0a9a-54d7-b4a8-9731a7864c00,8e4a13b2-4043-5cc3-8158-fd665a4be833,05f60979-948c-56c4-8971-f733be532412,true,164,2023-01-31 08:00:00+00,2024-01-01 08:00:00+00,
0e736aec-f310-5132-9d28-c29a29dc6094,8e4a13b2-4043-5cc3-8158-fd665a4be833,c981f5ef-8774-5129-b83a-c9448b008bfa,false,82,2023-01-31 08:00:00+00,2024-01-01 08:00:00+00,
dd3c42b0-496b-5b73-87fe-8e188296e634,29cc8271-0cc9-5d86-a319-6af03729228e,b0a7719d-51cd-5e7d-8e3d-67cc571130e0,true,288,2022-07-31 08:00:00+00,2024-01-01 08:00:00+00,
697b0479-6328-56eb-bc72-40462053fd15,29cc8271-0cc9-5d86-a319-6af03729228e,c981f5ef-8774-5129-b83a-c9448b008bfa,false,112,2023-07-05 08:00:00+00,2024-01-01 08:00:00+00,
6900a635-8a1e-58bf-8371-6666f767aad8,fb667ed7-b403-5dad-9334-5e7933aeaf52,c981f5ef-8774-5129-b83a-c9448b008bfa,true,246,2022-09-24 08:00:00+00,2024-01-01 08:00:00+00,
1698324e-271b-5a13-9905-69b446239ae3,fb667ed7-b403-5dad-9334-5e7933aeaf52,3bd995d9-5386-5200-b14c-337fc57a8bb6,false,291,2022-12-31 08:00:00+00,2024-01-01 08:00:00+00,
aa32a918-a152-5a8c-8c1c-938582a8eb74,0c2fc879-7da4-5262-8cda-0b420131535f,b0a7719d-51cd-5e7d-8e3d-67cc571130e0,true,219,2022-03-22 08:00:00+00,2024-01-01 08:00:00+00,
82806ad9-0fab-5e03-9f62-e973a5d219c6,33b567ac-b7dc-51d4-a7b3-5229848e0423,c981f5ef-8774-5129-b83a-c9448b008bfa,true,233,2023-04-22 08:00:00+00,2024-01-01 08:00:00+00,
e7659cde-aacd-5af6-87d5-60d8ca5d1e96,6be0c494-330a-5f02-a829-bb398298596d,8f2d7823-5353-55b7-99c5-837cbc771d58,true,83,2023-11-08 08:00:00+00,2024-01-01 08:00:00+00,
6a709506-2e5b-551b-9433-3b9b4f4b441e,6be0c494-330a-5f02-a829-bb398298596d,3bd995d9-5386-5200-b14c-337fc57a8bb6,false,258,2022-08-28 08:00:00+00,2024-01-01 08:00:00+00,
f0835a98-a20c-5a24-a148-523650b3f15b,0f38f03d-8c3f-529d-90e0-c66d170d91a3,3bd995d9-5386-5200-b14c-337fc57a8bb6,true,209,2022-12-14 08:00:00+00,2024-01-01 08:00:00+00,
f5b1834a-71fe-5b1b-b753-f7b512de2c86,00938eb7-086d-54f7-856d-1627b435a55b,b0a7719d-51cd-5e7d-8e3d-67cc571130e0,true,266,2023-04-07 08:00:00+00,2024-01-01 08:00:00+00,
b150e7da-3ea9-500c-a6f5-33d2e41cc4b9,00938eb7-086d-54f7-856d-1627b435a55b,3bd995d9-5386-5200-b14c-337fc57a8bb6,false,130,2023-01-08 08:00:00+00,2024-01-01 08:00:00+00,
91f8c60e-26f6-5997-8f6f-e9d06593c57a,37e508eb-e6da-5dfc-846b-44b04aa141ee,b0a7719d-51cd-5e7d-8e3d-67cc571130e0,true,75,2022-04-29 08:00:00+00,2024-01-01 08:00:00+00,
46c49da9-5f11-5eb5-81e8-34ee1f4d57b0,be3e2e95-173c-5972-94b9-c5b247c83cb2,b0a7719d-51cd-5e7d-8e3d-67cc571130e0,true,121,2023-01-07 08:00:00+00,2024-01-01 08:00:00+00,
eb3e3eaa-f313-509e-b1a6-9df788495936,be3e2e95-173c-5972-94b9-c5b247c83cb2,c981f5ef-8774-5129-b83a-c9448b008bfa,false,161,2023-01-02 08:00:00+00,2024-01-01 08:00:00+00,
4cb66d11-04ec-5db1-8b65-32df0836dd0d,cfb7bee5-0983-5524-aae9-11eb3ca09084,b0a7719d-51cd-5e7d-8e3d-67cc571130e0,true,261,2022-09-01 08:00:00+00,2024-01-01 08:00:00+00,
a530917e-a683-53a2-90d9-b0aee6fd9d8d,cfb7bee5-0983-5524-aae9-11eb3ca09084,3bd995d9-5386-5200-b14c-337fc57a8bb6,false,117,2023-02-04 08:00:00+00,2024-01-01 08:00:00+00,
21e58be9-6541-5e00-91e1-27ef3a7f5e27,93c35bc0-1725-54b8-8589-92f113907355,3bd995d9-5386-5200-b14c-337fc57a8bb6,true,298,2023-01-14 08:00:00+00,2024-01-01 08:00:00+00,
7be62e78-0eb0-5ac2-9cc1-45ec8da1b083,a0b5ecfb-e69e-59d7-8c01-110b9799c01b,3bd995d9-5386-5200-b14c-337fc57a8bb6,true,281,2023-09-07 08:00:00+00,2024-01-01 08:00:00+00,
af5f24cc-cd02-51a6-b7b1-fd509a2c263d,a0b5ecfb-e69e-59d7-8c01-110b9799c01b,c981f5ef-8774-5129-b83a-c9448b008bfa,false,299,2022-11-19 08:00:00+00,2024-01-01 08:00:00+00,
4fd34819-5908-5801-821a-792ff6603e20,16d83f4f-dbd2-5bac-9133-90f823c8d64c,8f2d7823-5353-55b7-99c5-837cbc771d58,true,254,2023-02-18 08:00:00+00,2024-01-01 08:00:00+00,
1f347904-4bc4-597d-9198-bdc71acfe370,16d83f4f-dbd2-5bac-9133-90f823c8d64c,b0a7719d-51cd-5e7d-8e3d-67cc571130e0,false,52,2022-05-04 08:00:00+00,2024-01-01 08:00:00+00,
c4ef63f4-69b4-5622-8f58-3a292ae8d690,8de3ba45-a602-5373-8e62-065d058100b4,3bd995d9-5386-5200-b14c-337fc57a8bb6,true,79,2022-10-25 08:00:00+00,2024-01-01 08:00:00+00,
11709c08-a45e-58a9-933a-b99db55ce468,1fbb4493-4ef5-54de-8b95-b216e7d71c8c,c981f5ef-8774-5129-b83a-c9448b008bfa,true,59,2023-11-08 08:00:00+00,2024-01-01 08:00:00+00,
82fc5ca4-70b7-5380-afe2-7169f353a9df,1fbb4493-4ef5-54de-8b95-b216e7d71c8c,05f60979-948c-56c4-8971-f733be532412,false,68,2023-04-17 08:00:00+00,2024-01-01 08:00:00+00,
fe5011f0-39c1-5813-af76-4036d7ff29c9,8a0e3963-fba3-5ec6-8498-8aad27184a21,3bd995d9-5386-5200-b14c-337fc57a8bb6,true,273,2023-10-29 08:00:00+00,2024-01-01 08:00:00+00,
290a8d21-68ed-5d84-a315-d2d5ec090024,8a0e3963-fba3-5ec6-8498-8aad27184a21,c981f5ef-8774-5129-b83a-c9448b008bfa,false,139,2022-02-26 08:00:00+00,2024-01-01 08:00:00+00,
e669e887-4218-5537-a3a7-ed716cee367f,c140bc88-8341-5784-8e67-32d2e14b538f,8f2d7823-5353-55b7-99c5-837cbc771d58,true,211,2022-07-30 08:00:00+00,2024-01-01 08:00:00+00,
75ffd2eb-7c43-58e2-9433-ab998200814c,515ccff4-018f-5a59-a8f3-8c07b5f40835,b0a7719d-51cd-5e7d-8e3d-67cc571130e0,true,68,2023-03-17 08:00:00+00,2024-01-01 08:00:00+00,
cb724386-0688-5110-bed6-79665a8d0b16,22f20a6d-d4fd-5e13-aee5-42ecde8228ee,8f2d7823-5353-55b7-99c5-837cbc771d58,true,129,2022-06-19 08:00:00+00,2024-01-01 08:00:00+00,
e4800458-2517-57fa-aad5-21354886e865,22f20a6d-d4fd-5e13-aee5-42ecde8228ee,c981f5ef-8774-5129-b83a-c9448b008bfa,false,115,2023-11-27 08:00:00+00,2024-01-01 08:00:00+00,
7110786b-99b5-59a2-9844-017237865fb0,977f2610-dced-5d78-b799-52a80f558464,3bd995d9-5386-5200-b14c-337fc57a8bb6,true,60,2023-02-05 08:00:00+00,2024-01-01 08:00:00+00,
b17f6f1d-e041-5700-b799-d659cefa414e,d68231a5-f38a-5ca8-b072-66e587757ae1,3bd995d9-5386-5200-b14c-337fc57a8bb6,true,124,2022-10-06 08:00:00+00,2024-01-01 08:00:00+00,
6e936b06-892c-5b04-a980-aecf160d07e1,0b13c889-b4f7-5afd-9ee7-859065db0aee,c981f5ef-8774-5129-b83a-c9448b008bfa,true,209,2022-08-16 08:00:00+00,2024-01-01 08:00:00+00,
06d0f7cc-13f3-5308-9bda-42898ebbcb69,0b13c889-b4f7-5afd-9ee7-859065db0aee,b0a7719d-51cd-5e7d-8e3d-67cc571130e0,false,148,2022-06-09 08:00:00+00,2024-01-01 08:00:00+00,
7b600239-6c58-52cf-9cc0-0700e30ececb,73b6bd6f-7789-55fd-8248-10857bb396fa,c981f5ef-8774-5129-b83a-c9448b008bfa,true,237,2022-06-02 08:00:00+00,2024-01-01 08:00:00+00,
e26162cb-d8eb-5eab-aed7-1eff04e7b818,cf362555-a3ff-53a5-89d5-44577d6717d3,c981f5ef-8774-5129-b83a-c9448b008bfa,true,142,2022-10-12 08:00:00+00,2024-01-01 08:00:00+00,
07b47fa6-e1c3-5d16-bc83-a778db7d6c25,cf362555-a3ff-53a5-89d5-44577d6717d3,05f60979-948c-56c4-8971-f733be532412,false,54,2023-02-17 08:00:00+00,2024-01-01 08:00:00+00,
d1a66693-569a-5739-a895-7ac92a5c391b,dd00210d-b95c-5a49-92c4-ca087d508383,c981f5ef-8774-5129-b83a-c9448b008bfa,true,151,2022-09-23 08:00:00+00,2024-01-01 08:00:00+00,
d3d8012a-7841-52f7-be6c-3d133218da9b,ed934d61-750a-59f1-9320-4f469f1dc9eb,c981f5ef-8774-5129-b83a-c9448b008bfa,true,163,2022-09-26 08:00:00+00,2024-01-01 08:00:00+00,
c3f5a961-baed-5149-9a51-f9198c4f4837,e73a4ee5-6aec-5991-b7d8-fadcdf15d1cf,3bd995d9-5386-5200-b14c-337fc57a8bb6,true,297,2023-05-19 08:00:00+00,2024-01-01 08:00:00+00,
85ecb6df-885e-5eca-823f-ff5820621f9c,38f763d4-1103-54ea-a544-45da3ac0196d,8f2d7823-5353-55b7-99c5-837cbc771d58,true,204,2022-12-28 08:00:00+00,2024-01-01 08:00:00+00,
83d5a089-36cf-5022-a0a5-93db69057877,b074d999-cf93-5693-9b91-1181afb775df,3bd995d9-5386-5200-b14c-337fc57a8bb6,true,179,2023-08-10 08:00:00+00,2024-01-01 08:00:00+00,
fd5af62a-7e1c-5fe1-baf2-8d8ae2f4d57f,aa10a850-efc2-512f-94ad-98b59a6bbf8e,3bd995d9-5386-5200-b14c-337fc57a8bb6,true,252,2022-11-04 08:00:00+00,2024-01-01 08:00:00+00,
d400612e-263e-505b-8aba-2e9685b24ede,554ec9d6-9f3f-5c7d-aa32-5557b284bd61,05f60979-948c-56c4-8971-f733be532412,true,65,2022-05-11 08:00:00+00,2024-01-01 08:00:00+00,
979cfee8-68d1-500e-a538-6a479564d074,554ec9d6-9f3f-5c7d-aa32-5557b284bd61,c981f5ef-8774-5129-b83a-c9448b008bfa,false,222,2023-08-04 08:00:00+00,2024-01-01 08:00:00+00,
bd72925c-c921-5fef-bc0d-ad06bf074de2,7797e812-d365-56a8-bc31-d4b3bf5d00e2,b0a7719d-51cd-5e7d-8e3d-67cc571130e0,true,204,2023-11-09 08:00:00+00,2024-01-01 08:00:00+00,
3c85d576-706a-5a17-bbf9-2f1c003e130b,7797e812-d365-56a8-bc31-d4b3bf5d00e2,c981f5ef-8774-5129-b83a-c9448b008bfa,false,128,2023-03-31 08:00:00+00,2024-01-01 08:00:00+00,
ef9a3ceb-885c-58ac-b7fb-0ab47707fc58,4e7b81b3-0ed0-5b9d-ae00-c1b3f2dd3605,c981f5ef-8774-5129-b83a-c9448b008bfa,true,290,2023-11-10 08:00:00+00,2024-01-01 08:00:00+00,
650c5478-b0f9-5e6d-9aa8-3f46ab160b53,4eac3b01-be5a-5e07-ac29-8dfe5a1241c8,3bd995d9-5386-5200-b14c-337fc57a8bb6,true,115,2023-09-21 08:00:00+00,2024-01-01 08:00:00+00,
2c4613e8-f452-5772-8926-cf19436fba5c,4eac3b01-be5a-5e07-ac29-8dfe5a1241c8,8f2d7823-5353-55b7-99c5-837cbc771d58,false,211,2022-09-15 08:00:00+00,2024-01-01 08:00:00+00,
7c1acad0-d398-524a-989a-ba79aedb9644,704cbc0e-c85c-522d-9695-740b77b5c580,8f2d7823-5353-55b7-99c5-837cbc771d58,true,269,2022-11-01 08:00:00+00,2024-01-01 08:00:00+00,
f9757ea8-e36e-56b1-8316-21fb784189f3,704cbc0e-c85c-522d-9695-740b77b5c580,b0a7719d-51cd-5e7d-8e3d-67cc571130e0,false,274,2023-05-23 08:00:00+00,2024-01-01 08:00:00+00,
46373eb7-e22b-5cd9-bcd4-eae89ce440a3,bce56143-eccf-5d06-bbb4-e514c5d53f0a,3bd995d9-5386-5200-b14c-337fc57a8bb6,true,226,2023-04-12 08:00:00+00,2024-01-01 08:00:00+00,
f53ccc9e-fb7d-57d8-ac04-a5611bf9fed8,b7c15a19-2345-5929-bb8b-2e10e6b2264f,05f60979-948c-56c4-8971-f733be532412,true,81,2022-04-14 08:00:00+00,2024-01-01 08:00:00+00,
73cf243d-e5d1-52cf-9e66-2e8fb4152f07,0629b4bd-afd4-50eb-b5b8-019d5fd944fa,8f2d7823-5353-55b7-99c5-837cbc771d58,true,64,2023-06-19 08:00:00+00,2024-01-01 08:00:00+00,
634cbbb3-7843-5dbd-b295-4d723bbc39ac,0629b4bd-afd4-50eb-b5b8-019d5fd944fa,b0a7719d-51cd-5e7d-8e3d-67cc571130e0,false,142,2023-01-22 08:00:00+00,2024-01-01 08:00:00+00,
54960663-744a-50d8-8a57-0cfc0d02c850,84f5a4b7-1429-5295-9860-857e5745c3a2,3bd995d9-5386-5200-b14c-337fc57a8bb6,true,180,2023-03-17 08:00:00+00,2024-01-01 08:00:00+00,
a8642efd-72ec-5a0d-8829-f0987f7d6973,84f5a4b7-1429-5295-9860-857e5745c3a2,8f2d7823-5353-55b7-99c5-837cbc771d58,false,285,2023-02-06 08:00:00+00,2024-01-01 08:00:00+00,
689cf7bd-62ee-5895-8411-6c0fcc05ded3,4e023e2f-a2ab-51c4-a047-dc1469f0ee42,8f2d7823-5353-55b7-99c5-837cbc771d58,true,122,2022-11-23 08:00:00+00,2024-01-01 08:00:00+00,
b9179efe-37ed-52dc-a5ca-a78757bf0b1d,4e023e2f-a2ab-51c4-a047-dc1469f0ee42,b0a7719d-51cd-5e7d-8e3d-67cc571130e0,false,244,2022-02-11 08:00:00+00,2024-01-01 08:00:00+00,
6872da99-cf3c-5d8e-a8a2-d751fc59410d,6446a3b0-98d8-57ab-baeb-b5724b23b3d8,c981f5ef-8774-5129-b83a-c9448b008bfa,true,224,2023-01-21 08:00:00+00,2024-01-01 08:00:00+00,
438e4c9d-82be-526d-8592-41e0826a9194,099f2424-b66e-5d6d-9370-fc9ef6b0b677,b0a7719d-51cd-5e7d-8e3d-67cc571130e0,true,108,2023-05-27 08:00:00+00,2024-01-01 08:00:00+00,
6b285fde-66a3-5d1f-9a47-98d4251bf1ef,cead2c9a-7594-53d3-a517-ee332f289b28,3bd995d9-5386-5200-b14c-337fc57a8bb6,true,269,2023-03-30 08:00:00+00,2024-01-01 08:00:00+00,
e13a9f04-ea0e-545b-921d-5be37c34d4b1,e933881e-59cc-5693-8bca-b13d4734ebbf,05f60979-948c-56c4-8971-f733be532412,true,291,2023-02-20 08:00:00+00,2024-01-01 08:00:00+00,
a269b847-28cb-5c9b-a34b-917a6165fedb,e933881e-59cc-5693-8bca-b13d4734ebbf,c981f5ef-8774-5129-b83a-c9448b008bfa,false,246,2022-07-16 08:00:00+00,2024-01-01 08:00:00+00,
7fdb763e-aac3-5e18-8ff8-3a05b70e29bc,9a7746ca-7665-519f-9cb5-a52238b0b5a9,b0a7719d-51cd-5e7d-8e3d-67cc571130e0,true,167,2023-01-04 08:00:00+00,2024-01-01 08:00:00+00,
3aea2b7c-b2de-5ac1-85d9-cc89457ac0c2,64256032-f9b1-5776-b545-9dc519133824,c981f5ef-8774-5129-b83a-c9448b008bfa,true,284,2023-01-30 08:00:00+00,2024-01-01 08:00:00+00,
bc44a04f-8a15-5ccd-a89c-a086de184408,10d7ca0c-6c00-5a87-99c8-9c182e69d70f,3bd995d9-5386-5200-b14c-337fc57a8bb6,true,197,2023-01-20 08:00:00+00,2024-01-01 08:00:00+00,
2d633c62-f208-5acd-96b1-ae57a725c889,10d7ca0c-6c00-5a87-99c8-9c182e69d70f,b0a7719d-51cd-5e7d-8e3d-67cc571130e0,false,148,2022-12-20 08:00:00+00,2024-01-01 08:00:00+00,
f0c01ded-857c-5814-a453-99d3efca9257,8eff3853-0481-55e9-a4e9-411889975b72,8f2d7823-5353-55b7-99c5-837cbc771d58,true,275,2022-04-18 08:00:00+00,2024-01-01 08:00:00+00,
41a26eb3-af8b-528a-b8d5-5d681a48ef56,8eff3853-0481-55e9-a4e9-411889975b72,05f60979-948c-56c4-8971-f733be532412,false,89,2022-02-11 08:00:00+00,2024-01-01 08:00:00+00,
8842f940-9477-5704-8802-59c4ac92ad3b,fea5dd1a-ce1f-559a-bb49-2da733f1751e,b0a7719d-51cd-5e7d-8e3d-67cc571130e0,true,193,2023-11-14 08:00:00+00,2024-01-01 08:00:00+00,
7fb9fcb0-9484-5233-969d-50d00987d7a3,fea5dd1a-ce1f-559a-bb49-2da733f1751e,8f2d7823-5353-55b7-99c5-837cbc771d58,false,214,2022-08-01 08:00:00+00,2024-01-01 08:00:00+00,
4e2c9c92-962e-57ab-9bb6-4fefefe8cf60,37ddee1d-53a1-58ac-88da-d3d9f648b52b,8f2d7823-5353-55b7-99c5-837cbc771d58,true,151,2022-02-17 08:00:00+00,2024-01-01 08:00:00+00,
b7b76b3b-cf6d-5579-9779-ec756087158a,f4893ee2-a099-5b24-a16b-628780bf48cb,8f2d7823-5353-55b7-99c5-837cbc771d58,true,268,2022-04-26 08:00:00+00,2024-01-01 08:00:00+00,
dd831b96-482a-5949-8fc0-4cefcb9ee48e,f4893ee2-a099-5b24-a16b-628780bf48cb,c981f5ef-8774-5129-b83a-c9448b008bfa,false,170,2023-05-06 08:00:00+00,2024-01-01 08:00:00+00,
2e2e915b-ce62-5a7f-b368-e37acfde8213,4697638f-09db-5860-86cd-e97b8a34367f,b0a7719d-51cd-5e7d-8e3d-67cc571130e0,true,132,2023-03-23 08:00:00+00,2024-01-01 08:00:00+00,
b877b8b1-8ef7-541c-baa8-0734bd41d31f,4697638f-09db-5860-86cd-e97b8a34367f,3bd995d9-5386-5200-b14c-337fc57a8bb6,false,120,2023-07-04 08:00:00+00,2024-01-01 08:00:00+00,
628fdf7d-2bd4-51a6-97ef-4f3c83170f0a,de4cdb06-2755-5f43-87c3-d08cabcda55f,3bd995d9-5386-5200-b14c-337fc57a8bb6,true,268,2022-05-31 08:00:00+00,2024-01-01 08:00:00+00,
1ee04bf7-1fcf-52e8-a084-e37e7b797c38,de4cdb06-2755-5f43-87c3-d08cabcda55f,b0a7719d-51cd-5e7d-8e3d-67cc571130e0,false,166,2023-07-30 08:00:00+00,2024-01-01 08:00:00+00,
34a97287-dc93-5f94-a8df-824e4a8b3a3b,19745414-dece-5862-bcfc-68a851480037,05f60979-948c-56c4-8971-f733be532412,true,128,2022-09-06 08:00:00+00,2024-01-01 08:00:00+00,
334f00d1-4b4f-5662-9ec2-a912a40b4009,19745414-dece-5862-bcfc-68a851480037,8f2d7823-5353-55b7-99c5-837cbc771d58,false,161,2022-08-21 08:00:00+00,2024-01-01 08:00:00+00,
45042f49-0129-5599-8ff8-6673b3cb0ade,18a72f90-d248-5a24-948a-673bbb72160a,8f2d7823-5353-55b7-99c5-837cbc771d58,true,242,2023-10-05 08:00:00+00,2024-01-01 08:00:00+00,
5aeff707-8040-5a10-b27b-691b6e8a63f3,18a72f90-d248-5a24-948a-673bbb72160a,b0a7719d-51cd-5e7d-8e3d-67cc571130e0,false,227,2022-03-17 08:00:00+00,2024-01-01 08:00:00+00,
d7db7946-34a3-521b-9dd6-48ccccb05e3f,691e6aff-cdb7-5945-8b6e-dd8f92ee83b3,b0a7719d-51cd-5e7d-8e3d-67cc571130e0,true,80,2022-03-27 08:00:00+00,2024-01-01 08:00:00+00,
305c7e0e-cc48-5a1b-b111-c0bbb83385cb,76db3171-7c9b-58d8-896a-f5e6095e9322,c981f5ef-8774-5129-b83a-c9448b008bfa,true,91,2022-11-08 08:00:00+00,2024-01-01 08:00:00+00,
3203ea6d-5e5a-549d-b745-d977dc28f864,d45baa59-2662-5448-ae78-84fe15a3f57a,05f60979-948c-56c4-8971-f733be532412,true,197,2022-02-06 08:00:00+00,2024-01-01 08:00:00+00,
f99281d7-88c1-5729-8fb8-3a323d410392,d45baa59-2662-5448-ae78-84fe15a3f57a,c981f5ef-8774-5129-b83a-c9448b008bfa,false,206,2023-05-01 08:00:00+00,2024-01-01 08:00:00+00,
126a1e6e-2efa-569c-9d08-4f8829a2f840,1dc928eb-b9fb-5073-aa34-d1188b48e1bf,8f2d7823-5353-55b7-99c5-837cbc771d58,true,161,2022-04-18 08:00:00+00,2024-01-01 08:00:00+00,
e89c513d-ef16-5a07-b0b7-03902efcd6db,ecd5a87c-20d0-5640-87e7-56eda64e6999,3bd995d9-5386-5200-b14c-337fc57a8bb6,true,157,2022-08-31 08:00:00+00,2024-01-01 08:00:00+00,
d71928d7-1b8a-5871-ab8d-d360a7f58c3c,ecd5a87c-20d0-5640-87e7-56eda64e6999,c981f5ef-8774-5129-b83a-c9448b008bfa,false,131,2022-04-23 08:00:00+00,2024-01-01 08:00:00+00,
89b42f50-9202-595a-a74e-ac97748773ec,0e54fd2e-da08-5ab4-8ce1-6d77ea12d0bd,3bd995d9-5386-5200-b14c-337fc57a8bb6,true,210,2022-11-14 08:00:00+00,2024-01-01 08:00:00+00,
96c5a67b-3e59-5a24-bb1f-0c709119f1cc,7b272a81-d954-50b3-ad88-556360fdb520,05f60979-948c-56c4-8971-f733be532412,true,174,2023-10-16 08:00:00+00,2024-01-01 08:00:00+00,
c21bf97a-c35d-53db-b570-f393e36e21ad,7b272a81-d954-50b3-ad88-556360fdb520,8f2d7823-5353-55b7-99c5-837cbc771d58,false,219,2023-01-26 08:00:00+00,2024-01-01 08:00:00+00,
3f2d9b1a-b348-5095-9f20-5c0412945375,9d1ce8b2-d901-5939-aab9-2cd14fd155b1,8f2d7823-5353-55b7-99c5-837cbc771d58,true,297,2022-07-28 08:00:00+00,2024-01-01 08:00:00+00,
03803cdf-f425-5401-a0fe-32fdc21d92eb,9d1ce8b2-d901-5939-aab9-2cd14fd155b1,b0a7719d-51cd-5e7d-8e3d-67cc571130e0,false,284,2023-08-11 08:00:00+00,2024-01-01 08:00:00+00,
3da58e4d-dd13-5e95-ae06-82e63d099f23,16424f09-feda-5bc6-a125-a9dd7792a9c3,3bd995d9-5386-5200-b14c-337fc57a8bb6,true,256,2022-08-28 08:00:00+00,2024-01-01 08:00:00+00,
6950e6fd-4ddb-5098-898f-b3189531e3cb,16424f09-feda-5bc6-a125-a9dd7792a9c3,c981f5ef-8774-5129-b83a-c9448b008bfa,false,266,2022-08-10 08:00:00+00,2024-01-01 08:00:00+00,
e57d20ca-d77a-5302-8f87-4c5351b1708d,96eaa591-448b-5d80-86f4-e0ddb88479f4,05f60979-948c-56c4-8971-f733be532412,true,298,2022-11-24 08:00:00+00,2024-01-01 08:00:00+00,
76d928b0-cf13-5227-94d4-9f4111d46b74,e9960f7b-4fca-59cd-b5b8-cde9510983a5,3bd995d9-5386-5200-b14c-337fc57a8bb6,true,142,2022-11-20 08:00:00+00,2024-01-01 08:00:00+00,
6bbc18f0-d56a-5678-a8cb-c1bd8b40247b,f80c3a50-258d-53b7-834b-0a6a3d09802e,c981f5ef-8774-5129-b83a-c9448b008bfa,true,59,2022-02-15 08:00:00+00,2024-01-01 08:00:00+00,
3589f78d-59e9-5904-8359-4e9fa7f4a040,f80c3a50-258d-53b7-834b-0a6a3d09802e,b0a7719d-51cd-5e7d-8e3d-67cc571130e0,false,262,2022-03-07 08:00:00+00,2024-01-01 08:00:00+00,
bab0dfc7-521c-579b-ba19-79d1e314dd2e,9122b95f-3741-54e9-9931-c651bddb05ed,8f2d7823-5353-55b7-99c5-837cbc771d58,true,83,2022-11-18 08:00:00+00,2024-01-01 08:00:00+00,
0e516a26-e150-560d-b89d-2839f52020b9,9122b95f-3741-54e9-9931-c651bddb05ed,c981f5ef-8774-5129-b83a-c9448b008bfa,false,149,2022-02-25 08:00:00+00,2024-01-01 08:00:00+00,
508716f6-3c14-5d6a-90f9-a0b1b1d6ba65,0d3c3c3b-1470-582a-a316-0041dd82ac76,8f2d7823-5353-55b7-99c5-837cbc771d58,true,116,2023-03-04 08:00:00+00,2024-01-01 08:00:00+00,
a40ca0ef-71b2-5bf9-8d27-6ca612c24950,af0ea576-9ef5-5436-b24d-d1cc9cc80076,c981f5ef-8774-5129-b83a-c9448b008bfa,true,237,2022-12-23 08:00:00+00,2024-01-01 08:00:00+00,
c51e4b81-b1c8-5ff7-b275-42d26d645ad1,af0ea576-9ef5-5436-b24d-d1cc9cc80076,b0a7719d-51cd-5e7d-8e3d-67cc571130e0,false,231,2022-01-31 08:00:00+00,2024-01-01 08:00:00+00,
2ded2cd7-99f7-5f59-8df6-580e70cc04dc,e0f9f572-1125-503d-8437-22dd48f9f44a,8f2d7823-5353-55b7-99c5-837cbc771d58,true,103,2023-03-30 08:00:00+00,2024-01-01 08:00:00+00,
b221821d-b839-573e-b3b8-fba8cc98062f,e0f9f572-1125-503d-8437-22dd48f9f44a,b0a7719d-51cd-5e7d-8e3d-67cc571130e0,false,261,2022-12-21 08:00:00+00,2024-01-01 08:00:00+00,
683e3aaa-2bab-53ee-a3d3-622dc30bf09d,72c91aae-c2e7-510d-98e8-c79d97aa0e3b,05f60979-948c-56c4-8971-f733be532412,true,231,2022-12-26 08:00:00+00,2024-01-01 08:00:00+00,
541c3652-ff39-5b9f-a34b-d00b618c28b2,72c91aae-c2e7-510d-98e8-c79d97aa0e3b,3bd995d9-5386-5200-b14c-337fc57a8bb6,false,56,2022-05-03 08:00:00+00,2024-01-01 08:00:00+00,
8203080c-44a2-52f2-813f-4a759cc528be,ced53bf5-5306-58ba-8876-7c29966dbc68,05f60979-948c-56c4-8971-f733be532412,true,225,2022-08-29 08:00:00+00,2024-01-01 08:00:00+00,
71780dad-2bea-5f91-be03-d688b1a4601f,ced53bf5-5306-58ba-8876-7c29966dbc68,3bd995d9-5386-5200-b14c-337fc57a8bb6,false,91,2022-08-08 08:00:00+00,2024-01-01 08:00:00+00,
62605126-6426-5af1-9ab4-6101af31ab7d,58ea9099-256b-5841-a1af-8efc4434bab5,05f60979-948c-56c4-8971-f733be532412,true,171,2022-10-30 08:00:00+00,2024-01-01 08:00:00+00,
b6d21bde-b224-5da9-9d7e-703b364f95f1,58ea9099-256b-5841-a1af-8efc4434bab5,b0a7719d-51cd-5e7d-8e3d-67cc571130e0,false,196,2023-01-02 08:00:00+00,2024-01-01 08:00:00+00,
2e5c0413-abde-5905-a647-a4c06ac8d21c,a15e27f3-c577-5854-9db2-8f8fa085726f,3bd995d9-5386-5200-b14c-337fc57a8bb6,true,265,2023-06-24 08:00:00+00,2024-01-01 08:00:00+00,
431ee7b1-d565-52f7-b29f-84f5e4c9b6a8,a15e27f3-c577-5854-9db2-8f8fa085726f,c981f5ef-8774-5129-b83a-c9448b008bfa,false,238,2022-02-10 08:00:00+00,2024-01-01 08:00:00+00,
0c753987-369f-5056-8482-5848f0e900dd,0eaa1b87-d06b-596f-b366-234a00ec00fe,8f2d7823-5353-55b7-99c5-837cbc771d58,true,110,2022-10-09 08:00:00+00,2024-01-01 08:00:00+00,
b2e05eab-12d0-5d31-8b3e-e106286ff549,0eaa1b87-d06b-596f-b366-234a00ec00fe,3bd995d9-5386-5200-b14c-337fc57a8bb6,false,286,2022-09-25 08:00:00+00,2024-01-01 08:00:00+00,
24a8af6d-e7fa-5d9c-8a15-5c485cc97c7a,c5dde577-6f03-5d95-9c4a-e958cfbb7e2c,05f60979-948c-56c4-8971-f733be532412,true,249,2022-08-14 08:00:00+00,2024-01-01 08:00:00+00,
fa98731c-3fe4-5958-a319-fcb68c25d55a,b60a611e-f0b4-5116-9eb4-e95815b9bc27,c981f5ef-8774-5129-b83a-c9448b008bfa,true,188,2023-06-09 08:00:00+00,2024-01-01 08:00:00+00,
dac8cfd8-bfc4-5edf-91b9-7c128ed02efc,b60a611e-f0b4-5116-9eb4-e95815b9bc27,b0a7719d-51cd-5e7d-8e3d-67cc571130e0,false,214,2022-03-28 08:00:00+00,2024-01-01 08:00:00+00,
fb5712bb-4639-5bbf-a129-f38770dd3168,1b190170-f55a-5007-889d-1b82a69ae10d,05f60979-948c-56c4-8971-f733be532412,true,61,2023-10-06 08:00:00+00,2024-01-01 08:00:00+00,
bd4377ff-43e4-516d-8acf-a9cda713c4de,1b190170-f55a-5007-889d-1b82a69ae10d,c981f5ef-8774-5129-b83a-c9448b008bfa,false,295,2022-07-27 08:00:00+00,2024-01-01 08:00:00+00,
3929e588-1501-50e1-8688-cdcb180f0902,8ac74570-d6cd-5fc5-a77e-a31eb28a04fe,3bd995d9-5386-5200-b14c-337fc57a8bb6,true,140,2023-04-17 08:00:00+00,2024-01-01 08:00:00+00,
736c52dd-6504-5478-821b-70e718fb1bbe,8ac74570-d6cd-5fc5-a77e-a31eb28a04fe,8f2d7823-5353-55b7-99c5-837cbc771d58,false,172,2022-07-13 08:00:00+00,2024-01-01 08:00:00+00,
52e2e85a-1499-5d32-a515-4cb8ad751c46,e438a933-7481-5807-9c43-431398596686,b0a7719d-51cd-5e7d-8e3d-67cc571130e0,true,85,2023-02-21 08:00:00+00,2024-01-01 08:00:00+00,
5c60155d-51f2-50c9-a796-cf9519cdc4d6,e438a933-7481-5807-9c43-431398596686,c981f5ef-8774-5129-b83a-c9448b008bfa,false,175,2023-08-16 08:00:00+00,2024-01-01 08:00:00+00,
56909c1c-87ee-5ba2-908b-f9b112920aca,ccea3a47-76f7-57a4-9a51-20f7f2d51f3b,c981f5ef-8774-5129-b83a-c9448b008bfa,true,200,2023-08-10 08:00:00+00,2024-01-01 08:00:00+00,
3b41564d-a789-5543-8057-a641ae78f94f,ccea3a47-76f7-57a4-9a51-20f7f2d51f3b,3bd995d9-5386-5200-b14c-337fc57a8bb6,false,149,2023-05-19 08:00:00+00,2024-01-01 08:00:00+00,
0e84402f-16eb-508e-a3fa-ce66f742586d,17504b17-8a5b-5809-a279-b0625924024c,b0a7719d-51cd-5e7d-8e3d-67cc571130e0,true,55,2022-08-07 08:00:00+00,2024-01-01 08:00:00+00,
c097bcaa-6fb9-5edc-85a5-5f86c55d5a1a,17504b17-8a5b-5809-a279-b0625924024c,c981f5ef-8774-5129-b83a-c9448b008bfa,false,255,2023-06-08 08:00:00+00,2024-01-01 08:00:00+00,
8c73c0ad-8bcc-57b7-b33e-df5224626613,b4d478b8-b82d-5030-9210-9347215e757b,b0a7719d-51cd-5e7d-8e3d-67cc571130e0,true,138,2023-10-27 08:00:00+00,2024-01-01 08:00:00+00,
f9787072-6c63-52d3-ad99-df8e41050047,b4d478b8-b82d-5030-9210-9347215e757b,05f60979-948c-56c4-8971-f733be532412,false,75,2022-10-31 08:00:00+00,2024-01-01 08:00:00+00,
f7c4fae9-4b81-5c7d-9e06-c23a6c6e17ae,90f00e59-8e4a-5477-b27c-e8780144691e,c981f5ef-8774-5129-b83a-c9448b008bfa,true,159,2022-03-15 08:00:00+00,2024-01-01 08:00:00+00,
31a65b0d-c6a9-5116-b7f7-4736f1b4b27e,87c5b5bd-48ab-5b21-be1c-6e044f50f0ee,b0a7719d-51cd-5e7d-8e3d-67cc571130e0,true,172,2022-03-03 08:00:00+00,2024-01-01 08:00:00+00,
82fcba85-ae46-57d8-bee8-06fc76245ab9,87c5b5bd-48ab-5b21-be1c-6e044f50f0ee,3bd995d9-5386-5200-b14c-337fc57a8bb6,false,180,2023-07-10 08:00:00+00,2024-01-01 08:00:00+00,
6a3d1f92-6b29-5366-9e1d-3f1b36d30d01,47d8de96-0ef3-5c36-9d07-e9e9b193cf92,3bd995d9-5386-5200-b14c-337fc57a8bb6,true,172,2023-10-16 08:00:00+00,2024-01-01 08:00:00+00,
9bf89a29-ef0a-5062-aa72-8dce94ed0fee,d02fabd2-cff6-5d35-9540-c2b1edb2f05f,b0a7719d-51cd-5e7d-8e3d-67cc571130e0,true,66,2023-05-15 08:00:00+00,2024-01-01 08:00:00+00,
a669cdc7-fab7-5f07-a307-63cffa62492b,c72cdffc-ae4c-5c11-adf7-28b7d6f927ed,c981f5ef-8774-5129-b83a-c9448b008bfa,true,261,2022-04-18 08:00:00+00,2024-01-01 08:00:00+00,
1c0ae308-4114-5376-83ab-2fe7d4d16002,8b8dba96-e976-5712-aa2d-878befa4f1ee,05f60979-948c-56c4-8971-f733be532412,true,103,2022-07-29 08:00:00+00,2024-01-01 08:00:00+00,
e5eace43-d620-5c75-96bd-bd1fd40161dd,c4e008eb-8eca-5e69-b63e-8e099939a7fe,05f60979-948c-56c4-8971-f733be532412,true,262,2022-09-16 08:00:00+00,2024-01-01 08:00:00+00,
41a6a8eb-d6ed-5813-853f-477b7381f1d1,c4e008eb-8eca-5e69-b63e-8e099939a7fe,b0a7719d-51cd-5e7d-8e3d-67cc571130e0,false,196,2023-06-06 08:00:00+00,2024-01-01 08:00:00+00,
1dcb97cd-a15d-5d5b-a482-7433155653fc,b9c6fea6-7304-5306-856f-fdd49664f1a8,b0a7719d-51cd-5e7d-8e3d-67cc571130e0,true,75,2022-05-16 08:00:00+00,2024-01-01 08:00:00+00,
2d03a7e6-ec0f-518a-819d-cc76ba22ee1b,b9c6fea6-7304-5306-856f-fdd49664f1a8,c981f5ef-8774-5129-b83a-c9448b008bfa,false,50,2023-09-01 08:00:00+00,2024-01-01 08:00:00+00,
c70ab8a0-2bbf-56dc-9bbe-2511662f744c,10930b22-4113-5dde-90cc-43d2b7323a25,b0a7719d-51cd-5e7d-8e3d-67cc571130e0,true,282,2022-03-17 08:00:00+00,2024-01-01 08:00:00+00,
ac21f707-2aff-57f9-aa06-fde696b225fd,10930b22-4113-5dde-90cc-43d2b7323a25,c981f5ef-8774-5129-b83a-c9448b008bfa,false,206,2023-08-04 08:00:00+00,2024-01-01 08:00:00+00,
14aa3f16-8afd-5461-97b8-90b25da494ba,4ed6637a-0c47-52b4-acca-005406605d8b,05f60979-948c-56c4-8971-f733be532412,true,196,2023-01-29 08:00:00+00,2024-01-01 08:00:00+00,
91af8b64-3f7c-5c4a-9232-0f505550934c,81007133-4547-56b7-8dfe-4662bdcbfa8e,c981f5ef-8774-5129-b83a-c9448b008bfa,true,113,2023-09-24 08:00:00+00,2024-01-01 08:00:00+00,
ec5299b6-8541-544f-972a-3163fa8609b8,81007133-4547-56b7-8dfe-4662bdcbfa8e,3bd995d9-5386-5200-b14c-337fc57a8bb6,false,77,2022-05-26 08:00:00+00,2024-01-01 08:00:00+00,
8e04d7fd-5792-5717-8ce4-84b772827ee4,cf0d9e3c-0f27-5339-a796-26871be6a032,b0a7719d-51cd-5e7d-8e3d-67cc571130e0,true,168,2022-03-29 08:00:00+00,2024-01-01 08:00:00+00,
2a4ff13e-a529-5428-86b5-2efa716d6f7e,dcaf6d65-1ed6-5574-9eae-16f429e25177,c981f5ef-8774-5129-b83a-c9448b008bfa,true,161,2022-12-02 08:00:00+00,2024-01-01 08:00:00+00,
925b27ac-7c56-537d-8037-1cea20a729c7,e6a1966e-2b04-585e-b678-8338192096e7,3bd995d9-5386-5200-b14c-337fc57a8bb6,true,217,2023-07-07 08:00:00+00,2024-01-01 08:00:00+00,
49438cc5-315f-5dac-9d86-cd3c6c99763e,e6a1966e-2b04-585e-b678-8338192096e7,b0a7719d-51cd-5e7d-8e3d-67cc571130e0,false,57,2023-05-23 08:00:00+00,2024-01-01 08:00:00+00,
c5416e52-df33-5dea-86d4-ad94ce3c9d50,9805a12a-6eda-54f1-80d1-e331f9c1839a,b0a7719d-51cd-5e7d-8e3d-67cc571130e0,true,258,2023-10-03 08:00:00+00,2024-01-01 08:00:00+00,
06f3c4ba-031d-51fb-b637-00d14d723fe1,cb33f25f-362a-53f4-a63f-e649f9fb87cf,b0a7719d-51cd-5e7d-8e3d-67cc571130e0,true,160,2022-09-15 08:00:00+00,2024-01-01 08:00:00+00,
613e5501-1be5-521b-8461-c6ebc71437be,cb33f25f-362a-53f4-a63f-e649f9fb87cf,8f2d7823-5353-55b7-99c5-837cbc771d58,false,215,2022-04-18 08:00:00+00,2024-01-01 08:00:00+00,
f27d2495-ae30-5b37-b5aa-8d05f7ccb9c7,867466af-cf6c-55d4-9257-4b223f91e5a6,05f60979-948c-56c4-8971-f733be532412,true,196,2023-02-08 08:00:00+00,2024-01-01 08:00:00+00,
a61036aa-35cb-5a22-9461-8353f15da957,867466af-cf6c-55d4-9257-4b223f91e5a6,b0a7719d-51cd-5e7d-8e3d-67cc571130e0,false,261,2023-05-23 08:00:00+00,2024-01-01 08:00:00+00,
ee9ab319-4b3f-5690-80b9-991b69bfffa6,7e80c0f9-a335-5d2d-b355-d5f727f7d674,8f2d7823-5353-55b7-99c5-837cbc771d58,true,141,2023-02-12 08:00:00+00,2024-01-01 08:00:00+00,
cc9f486f-5856-5a34-9e4f-71788dbbaa19,af5e08e7-b8bc-5ba8-ad08-dddb1b73af1a,b0a7719d-51cd-5e7d-8e3d-67cc571130e0,true,178,2023-01-29 08:00:00+00,2024-01-01 08:00:00+00,
f49e4faa-9396-5779-ba72-8b03a7371fa6,eef273ba-18e6-53e4-8515-f2af05b26095,05f60979-948c-56c4-8971-f733be532412,true,234,2022-07-30 08:00:00+00,2024-01-01 08:00:00+00,
5707803d-ddb7-5a8c-8c1d-9e9d9533e94b,eef273ba-18e6-53e4-8515-f2af05b26095,8f2d7823-5353-55b7-99c5-837cbc771d58,false,111,2023-01-23 08:00:00+00,2024-01-01 08:00:00+00,
24119d1c-81ed-5c3b-ae08-fd478fbd7cfd,26c48638-e268-5c66-a885-912d95c6cac3,3bd995d9-5386-5200-b14c-337fc57a8bb6,true,52,2023-06-02 08:00:00+00,2024-01-01 08:00:00+00,
53837153-c172-5693-9469-8871bc2e4502,26c48638-e268-5c66-a885-912d95c6cac3,05f60979-948c-56c4-8971-f733be532412,false,273,2022-08-30 08:00:00+00,2024-01-01 08:00:00+00,
4ce6747c-8ff6-53b8-b599-774d82f4f993,585b781d-8c05-5c28-bf1c-5026d2b886ac,05f60979-948c-56c4-8971-f733be532412,true,166,2022-04-22 08:00:00+00,2024-01-01 08:00:00+00,
4bba46d5-3e2f-5fbd-a0a1-ef728b174bbc,585b781d-8c05-5c28-bf1c-5026d2b886ac,3bd995d9-5386-5200-b14c-337fc57a8bb6,false,102,2023-09-17 08:00:00+00,2024-01-01 08:00:00+00,
d76b353b-6b53-5d03-be37-ed049e1cc8a9,b1385cc9-8dbc-579b-b604-92d07f0bc86e,05f60979-948c-56c4-8971-f733be532412,true,61,2022-12-30 08:00:00+00,2024-01-01 08:00:00+00,
2398b680-f85f-57d7-ad35-6922f9805adf,b1385cc9-8dbc-579b-b604-92d07f0bc86e,c981f5ef-8774-5129-b83a-c9448b008bfa,false,140,2023-05-14 08:00:00+00,2024-01-01 08:00:00+00,
2472f49c-9744-5b3a-a46b-9368e552b901,98bafba7-996a-5b91-9895-dd6113d1909c,8f2d7823-5353-55b7-99c5-837cbc771d58,true,163,2022-03-10 08:00:00+00,2024-01-01 08:00:00+00,
9c050d8d-07c5-5e09-bddd-42ac7f21d2aa,e4bea37d-623f-5328-acb3-522c770be34a,c981f5ef-8774-5129-b83a-c9448b008bfa,true,270,2022-01-31 08:00:00+00,2024-01-01 08:00:00+00,
90503d9b-1b80-5ec7-bdab-a0e6b881728e,3c4f290e-1479-51be-baeb-4fe488e3f2df,b0a7719d-51cd-5e7d-8e3d-67cc571130e0,true,226,2022-08-12 08:00:00+00,2024-01-01 08:00:00+00,
4732590e-3689-57c6-a359-5febb8acca1c,3c4f290e-1479-51be-baeb-4fe488e3f2df,05f60979-948c-56c4-8971-f733be532412,false,86,2022-10-24 08:00:00+00,2024-01-01 08:00:00+00,
6f520eef-d2f3-5140-ac46-d8e496217a97,650d299d-a47a-5163-9530-43ecc6c1f6e5,8f2d7823-5353-55b7-99c5-837cbc771d58,true,237,2022-06-28 08:00:00+00,2024-01-01 08:00:00+00,
7d095d05-d0ab-5ec8-b119-285761c63d7a,650d299d-a47a-5163-9530-43ecc6c1f6e5,05f60979-948c-56c4-8971-f733be532412,false,275,2022-06-11 08:00:00+00,2024-01-01 08:00:00+00,
950ca74c-7888-5bfc-ba95-dffac516fda5,bcc67069-2a66-598b-a4d7-d07728de96bb,b0a7719d-51cd-5e7d-8e3d-67cc571130e0,true,255,2023-06-10 08:00:00+00,2024-01-01 08:00:00+00,
0057d6c7-db7e-5eca-8d94-c519fc3e1e31,bcc67069-2a66-598b-a4d7-d07728de96bb,3bd995d9-5386-5200-b14c-337fc57a8bb6,false,268,2022-06-11 08:00:00+00,2024-01-01 08:00:00+00,
e2880418-0f81-53fb-be1f-8bba7e6ded7c,eb947a11-72d1-5301-bb90-fbd7ef93b9e6,8f2d7823-5353-55b7-99c5-837cbc771d58,true,179,2022-07-21 08:00:00+00,2024-01-01 08:00:00+00,
016376d4-6974-51ec-873f-cbebb9a5fa68,eb947a11-72d1-5301-bb90-fbd7ef93b9e6,05f60979-948c-56c4-8971-f733be532412,false,172,2023-03-14 08:00:00+00,2024-01-01 08:00:00+00,
f9a181dd-8cd0-5752-ad38-babb2da5448a,e8b9fb3e-1828-5037-aa52-567086196ad8,b0a7719d-51cd-5e7d-8e3d-67cc571130e0,true,285,2022-03-11 08:00:00+00,2024-01-01 08:00:00+00,
4e9874e0-3f66-5f62-9f1b-b9b42e01fd74,e8b9fb3e-1828-5037-aa52-567086196ad8,8f2d7823-5353-55b7-99c5-837cbc771d58,false,71,2023-10-10 08:00:00+00,2024-01-01 08:00:00+00,
a0bcb8f5-6f86-5f67-893c-7e9dedb95faa,01cb7bba-db18-5f32-a698-2a268059cd23,3bd995d9-5386-5200-b14c-337fc57a8bb6,true,147,2023-06-16 08:00:00+00,2024-01-01 08:00:00+00,
9ff3c765-8005-5cb7-aba4-793c2dd250c6,01cb7bba-db18-5f32-a698-2a268059cd23,8f2d7823-5353-55b7-99c5-837cbc771d58,false,202,2022-11-11 08:00:00+00,2024-01-01 08:00:00+00,
6a9b10f8-5f2f-5a1e-a240-5f2b0dd8b8a2,c139128d-d84e-55a5-ac3c-47a867b34e4c,c981f5ef-8774-5129-b83a-c9448b008bfa,true,263,2023-02-17 08:00:00+00,2024-01-01 08:00:00+00,
665819aa-9be0-5302-813d-8d7b8dafe913,c139128d-d84e-55a5-ac3c-47a867b34e4c,05f60979-948c-56c4-8971-f733be532412,false,75,2023-01-12 08:00:00+00,2024-01-01 08:00:00+00,
41e8d6c5-5452-55a3-aa6e-377eae343725,157b78cf-7123-51c7-a2de-ade32ed30fa9,05f60979-948c-56c4-8971-f733be532412,true,220,2022-06-24 08:00:00+00,2024-01-01 08:00:00+00,
7b53a29e-79fb-5035-9ef6-1d38c54384e1,157b78cf-7123-51c7-a2de-ade32ed30fa9,3bd995d9-5386-5200-b14c-337fc57a8bb6,false,62,2023-07-11 08:00:00+00,2024-01-01 08:00:00+00,
36049960-5305-5959-9932-e7ed05e13b3a,60045bad-2a0a-5dec-9d21-90eac35e907f,c981f5ef-8774-5129-b83a-c9448b008bfa,true,55,2023-03-07 08:00:00+00,2024-01-01 08:00:00+00,
3f0a9a06-07c5-5a1c-87b7-f0252d864d04,5626fb01-1ac9-503d-9dba-177334cd6075,3bd995d9-5386-5200-b14c-337fc57a8bb6,true,167,2023-08-20 08:00:00+00,2024-01-01 08:00:00+00,
e7157f43-2993-56c5-8029-fc90aa395329,41e2837e-915b-56c7-afd9-0184536b28b8,05f60979-948c-56c4-8971-f733be532412,true,202,2023-02-19 08:00:00+00,2024-01-01 08:00:00+00,
373ed58f-a9a6-5a6b-8ccb-5c2fbc469225,f3f7ccc9-9b37-5113-badc-d6207e2ac579,05f60979-948c-56c4-8971-f733be532412,true,166,2023-10-06 08:00:00+00,2024-01-01 08:00:00+00,
88f64856-8e14-5c0c-b010-f6013566ae13,f89953a4-8b68-5464-81c1-3e382ca0ab8f,8f2d7823-5353-55b7-99c5-837cbc771d58,true,143,2022-09-10 08:00:00+00,2024-01-01 08:00:00+00,
347f85b3-9578-5390-ba01-91f639605551,5fe0b4ac-82f7-527c-8d0b-61777efae2bf,c981f5ef-8774-5129-b83a-c9448b008bfa,true,208,2022-10-23 08:00:00+00,2024-01-01 08:00:00+00,
a7e68414-f608-5920-8030-1bbbb7def74f,58fd91f2-c122-541d-913f-2f869b70bc08,c981f5ef-8774-5129-b83a-c9448b008bfa,true,131,2023-11-02 08:00:00+00,2024-01-01 08:00:00+00,
4cd0c0e3-311f-5315-b19d-3e29143fc835,154277ea-e060-55e3-8b2e-114d2ccffe89,b0a7719d-51cd-5e7d-8e3d-67cc571130e0,true,103,2022-11-19 08:00:00+00,2024-01-01 08:00:00+00,
33ebddbd-096d-5b42-abbb-88d9af06b08b,d010840f-6210-5a46-bf6b-41ac254834c7,3bd995d9-5386-5200-b14c-337fc57a8bb6,true,219,2023-09-12 08:00:00+00,2024-01-01 08:00:00+00,
4ffa1dfe-9df7-5c97-8c30-d7d21e7cb84a,4e20f14a-529a-516f-811e-71d2aa470498,3bd995d9-5386-5200-b14c-337fc57a8bb6,true,234,2023-01-05 08:00:00+00,2024-01-01 08:00:00+00,
c8f2acba-3e4b-5a07-b06c-44742d6ab247,9bb67f7c-eed2-5d26-9e67-552eb0e959d0,c981f5ef-8774-5129-b83a-c9448b008bfa,true,163,2023-04-16 08:00:00+00,2024-01-01 08:00:00+00,
87b3c5ca-1b10-5a96-8dbd-ca9a78907ed9,9bb67f7c-eed2-5d26-9e67-552eb0e959d0,8f2d7823-5353-55b7-99c5-837cbc771d58,false,294,2023-08-31 08:00:00+00,2024-01-01 08:00:00+00,
3fca811a-44d2-5cfc-87bc-730ce4aca0dd,c3218f2e-2ef8-5c3b-bf47-f916f1552633,8f2d7823-5353-55b7-99c5-837cbc771d58,true,64,2023-10-16 08:00:00+00,2024-01-01 08:00:00+00,
0ff0fc3d-0c0c-5b2e-82af-4bb8be43b244,7ae591c8-269b-5ba1-be54-38b8203cc9d1,8f2d7823-5353-55b7-99c5-837cbc771d58,true,120,2022-05-01 08:00:00+00,2024-01-01 08:00:00+00,
675c6ef6-d31a-5cf6-a560-ca83ca1d5578,558111b1-30ea-5e24-baf6-2a39d8540f5f,3bd995d9-5386-5200-b14c-337fc57a8bb6,true,281,2022-08-28 08:00:00+00,2024-01-01 08:00:00+00,
d7b285c0-aa2f-57fe-9372-6f11be4aa54d,01e3def1-afe3-5b17-9387-82ebe3e8d1e8,8f2d7823-5353-55b7-99c5-837cbc771d58,true,255,2022-07-09 08:00:00+00,2024-01-01 08:00:00+00,
da91356b-2ade-5db7-9af9-78228b561556,01e3def1-afe3-5b17-9387-82ebe3e8d1e8,3bd995d9-5386-5200-b14c-337fc57a8bb6,false,109,2023-11-26 08:00:00+00,2024-01-01 08:00:00+00,
42bbcedc-6660-5ecd-bef2-e45e74b64507,6326d82d-67a0-59ac-8801-c21b19429582,3bd995d9-5386-5200-b14c-337fc57a8bb6,true,230,2022-09-03 08:00:00+00,2024-01-01 08:00:00+00,
6e467e92-3810-50e7-af57-8f39180c13e0,6b66f4b4-d8ab-5a59-8881-8b1f0d87c272,8f2d7823-5353-55b7-99c5-837cbc771d58,true,104,2023-04-05 08:00:00+00,2024-01-01 08:00:00+00,
4c592f91-a333-5da4-88f2-e059832ac421,0deb929f-969a-5c72-a87b-4b5838585441,3bd995d9-5386-5200-b14c-337fc57a8bb6,true,265,2023-11-27 08:00:00+00,2024-01-01 08:00:00+00,
1341e6a8-813d-511e-8ff2-4fea46187e1f,0deb929f-969a-5c72-a87b-4b5838585441,b0a7719d-51cd-5e7d-8e3d-67cc571130e0,false,75,2023-02-09 08:00:00+00,2024-01-01 08:00:00+00,
4899be7e-7514-5c68-9e39-4b2da3fa4a05,e2453e98-0ba4-5fd8-ab6f-2a5991f4019b,8f2d7823-5353-55b7-99c5-837cbc771d58,true,90,2023-09-15 08:00:00+00,2024-01-01 08:00:00+00,
f02db46f-e187-5408-8f03-59ea73a27f7a,5cf0a262-a978-5b95-a54d-1a1e17d9f735,05f60979-948c-56c4-8971-f733be532412,true,293,2023-03-10 08:00:00+00,2024-01-01 08:00:00+00,
58642e4f-8f0e-516f-b61e-f94074e59bb2,61baadae-0c24-51b8-aa30-c3e7948e712f,3bd995d9-5386-5200-b14c-337fc57a8bb6,true,156,2023-09-14 08:00:00+00,2024-01-01 08:00:00+00,
f60e7c31-a3d7-5f64-b2be-b7531838aa77,775fa72f-a31e-5191-96c6-d03d352cc4d4,b0a7719d-51cd-5e7d-8e3d-67cc571130e0,true,147,2022-12-25 08:00:00+00,2024-01-01 08:00:00+00,
de415e8c-6238-5810-8334-4e9bac8a312f,5987c37f-1c2e-5309-b25a-2a8665eb49b7,b0a7719d-51cd-5e7d-8e3d-67cc571130e0,true,287,2022-10-16 08:00:00+00,2024-01-01 08:00:00+00,
febc6384-bdef-5e58-a192-026a99680dbb,5987c37f-1c2e-5309-b25a-2a8665eb49b7,8f2d7823-5353-55b7-99c5-837cbc771d58,false,63,2023-06-10 08:00:00+00,2024-01-01 08:00:00+00,
2865ec70-2d10-5bbd-9201-7e979dbc15f6,95cc55e6-c8cc-571d-ab10-59403efc2d8d,3bd995d9-5386-5200-b14c-337fc57a8bb6,true,113,2022-12-18 08:00:00+00,2024-01-01 08:00:00+00,
dc0e10f6-d064-5e38-bc75-b750b77203da,95cc55e6-c8cc-571d-ab10-59403efc2d8d,c981f5ef-8774-5129-b83a-c9448b008bfa,false,188,2023-10-21 08:00:00+00,2024-01-01 08:00:00+00,
cae9d005-e7ae-528b-a34c-4866667dab6d,8dd067e3-bf1a-57f8-9979-8f08a6dacf08,8f2d7823-5353-55b7-99c5-837cbc771d58,true,66,2022-05-11 08:00:00+00,2024-01-01 08:00:00+00,
c5f6333a-2430-54db-b811-4d7e29211c24,8dd067e3-bf1a-57f8-9979-8f08a6dacf08,3bd995d9-5386-5200-b14c-337fc57a8bb6,false,232,2023-11-01 08:00:00+00,2024-01-01 08:00:00+00,
4eafe12f-8dae-51f3-b5c8-dcd1d8d5a8dc,b459b258-1bc2-5f75-8290-d94cebc534b1,c981f5ef-8774-5129-b83a-c9448b008bfa,true,136,2023-10-10 08:00:00+00,2024-01-01 08:00:00+00,
53b4dfbf-f19e-5097-b03b-c17929386bee,0c817d8f-c965-5f33-9891-1de5d3b696e2,c981f5ef-8774-5129-b83a-c9448b008bfa,true,241,2023-03-29 08:00:00+00,2024-01-01 08:00:00+00,
9c2e1530-b700-5169-bde3-466642656410,da739a89-9db8-5f81-85bc-1551e9824358,3bd995d9-5386-5200-b14c-337fc57a8bb6,true,196,2023-01-01 08:00:00+00,2024-01-01 08:00:00+00,
38a272c7-7fdc-5bc5-b495-6a8b76219f0c,db0280d2-4098-544c-8972-d553eebfba74,3bd995d9-5386-5200-b14c-337fc57a8bb6,true,173,2022-10-13 08:00:00+00,2024-01-01 08:00:00+00,
ab9114bd-212b-5fae-89b5-c1f1e4026db2,db0280d2-4098-544c-8972-d553eebfba74,05f60979-948c-56c4-8971-f733be532412,false,203,2023-05-21 08:00:00+00,2024-01-01 08:00:00+00,
becf01ed-b877-51f8-8a85-1e7d9e47073b,2c265089-3fde-5201-aa62-70dcf4bf89c8,8f2d7823-5353-55b7-99c5-837cbc771d58,true,205,2022-09-11 08:00:00+00,2024-01-01 08:00:00+00,
d5d019ff-5613-5385-a6fc-a168f8883804,2c265089-3fde-5201-aa62-70dcf4bf89c8,b0a7719d-51cd-5e7d-8e3d-67cc571130e0,false,156,2023-10-13 08:00:00+00,2024-01-01 08:00:00+00,
ec2ffb42-424d-502a-a653-97f177d5c83d,a26022f3-0e52-5f58-8016-b33b15c0fe1e,c981f5ef-8774-5129-b83a-c9448b008bfa,true,146,2023-07-02 08:00:00+00,2024-01-01 08:00:00+00,
d0adeee5-974c-5506-bd43-76e73cf8a038,a26022f3-0e52-5f58-8016-b33b15c0fe1e,b0a7719d-51cd-5e7d-8e3d-67cc571130e0,false,131,2022-08-06 08:00:00+00,2024-01-01 08:00:00+00,
ecbbf1e4-cd41-5ec6-8e99-245a5771bc63,1438fdc5-6ff1-5059-abb9-463c404e0854,3bd995d9-5386-5200-b14c-337fc57a8bb6,true,93,2023-06-02 08:00:00+00,2024-01-01 08:00:00+00,
e17853e9-d8ef-5701-b42d-4c63473a9631,1438fdc5-6ff1-5059-abb9-463c404e0854,c981f5ef-8774-5129-b83a-c9448b008bfa,false,129,2022-10-18 08:00:00+00,2024-01-01 08:00:00+00,
90aa1d52-ea75-5e01-b849-3a89f1881404,511972ad-9547-538c-ab5b-eec7f3da7378,3bd995d9-5386-5200-b14c-337fc57a8bb6,true,201,2023-03-08 08:00:00+00,2024-01-01 08:00:00+00,
5be5dd33-8421-5665-beee-47ca6d7d517f,511972ad-9547-538c-ab5b-eec7f3da7378,8f2d7823-5353-55b7-99c5-837cbc771d58,false,219,2022-07-08 08:00:00+00,2024-01-01 08:00:00+00,
13656536-b819-50e0-9c92-20963849ec17,6b33e4dd-25c0-5d23-8db4-1b015d74d520,3bd995d9-5386-5200-b14c-337fc57a8bb6,true,136,2023-03-13 08:00:00+00,2024-01-01 08:00:00+00,
d5b1a203-105b-54c8-b9f3-2946d72c63d4,6b33e4dd-25c0-5d23-8db4-1b015d74d520,8f2d7823-5353-55b7-99c5-837cbc771d58,false,275,2023-08-16 08:00:00+00,2024-01-01 08:00:00+00,
28ca6590-a24f-5afa-94e1-1e2e4ac1c21a,83e06762-4e27-5377-a4a8-efaa10b55743,8f2d7823-5353-55b7-99c5-837cbc771d58,true,248,2022-07-10 08:00:00+00,2024-01-01 08:00:00+00,
c7e89734-7146-5eaf-91f1-7f5dc5237a2f,119e88ff-8fcc-5596-89a6-88b7ae7d8ec6,3bd995d9-5386-5200-b14c-337fc57a8bb6,true,126,2022-05-06 08:00:00+00,2024-01-01 08:00:00+00,
f05df9bb-5e91-5987-87f8-ad9f2b2c5212,55006579-31e7-54ba-8b82-34ef629060df,8f2d7823-5353-55b7-99c5-837cbc771d58,true,64,2022-11-20 08:00:00+00,2024-01-01 08:00:00+00,
e4a34705-e49d-5b30-8b23-4436d616282d,f1a75afa-4bc4-595d-993f-69cbda35acb3,3bd995d9-5386-5200-b14c-337fc57a8bb6,true,195,2022-07-09 08:00:00+00,2024-01-01 08:00:00+00,
4ad4c0f9-7639-59e9-a9da-9a5b2216a230,8bab45a0-d0a4-53f8-a563-50e3d869d985,c981f5ef-8774-5129-b83a-c9448b008bfa,true,60,2022-05-11 08:00:00+00,2024-01-01 08:00:00+00,
eb71b698-3fd2-5031-a030-b5cb64150388,8bab45a0-d0a4-53f8-a563-50e3d869d985,8f2d7823-5353-55b7-99c5-837cbc771d58,false,93,2022-10-17 08:00:00+00,2024-01-01 08:00:00+00,
f08168bb-c947-51ba-ad6e-6b5f885f6e2e,bbea5045-f35b-5691-8780-72be48c59a07,b0a7719d-51cd-5e7d-8e3d-67cc571130e0,true,267,2023-01-03 08:00:00+00,2024-01-01 08:00:00+00,
9f077412-5d3e-5960-84c5-6e779ce53689,bbea5045-f35b-5691-8780-72be48c59a07,8f2d7823-5353-55b7-99c5-837cbc771d58,false,277,2023-10-16 08:00:00+00,2024-01-01 08:00:00+00,
86095786-1e3b-5b66-a88d-106c615a5ebf,3900b7da-6f98-58fc-becc-bfef67575533,c981f5ef-8774-5129-b83a-c9448b008bfa,true,73,2023-01-30 08:00:00+00,2024-01-01 08:00:00+00,
0d523401-5b9f-581c-a0ca-3ec4cdd0bd2e,3900b7da-6f98-58fc-becc-bfef67575533,b0a7719d-51cd-5e7d-8e3d-67cc571130e0,false,281,2023-02-20 08:00:00+00,2024-01-01 08:00:00+00,
7749d997-98fa-5247-8b38-17182802f6a5,38743a1f-b8be-5768-a0ba-8551bffdd98c,b0a7719d-51cd-5e7d-8e3d-67cc571130e0,true,299,2023-03-11 08:00:00+00,2024-01-01 08:00:00+00,
3436fdde-d684-57d1-87d1-208ee821d744,f6b64415-c67b-56d8-99d0-4776c1f9128b,8f2d7823-5353-55b7-99c5-837cbc771d58,true,176,2022-02-26 08:00:00+00,2024-01-01 08:00:00+00,
51ff9d39-1a9b-5073-8daf-36692de6d984,fba07cf5-6d73-5a85-b5cb-fff9d70f39be,b0a7719d-51cd-5e7d-8e3d-67cc571130e0,true,187,2023-10-01 08:00:00+00,2024-01-01 08:00:00+00,
c59c25cd-1200-5391-b9f8-ae83aae0513e,8fdac1a4-1fc1-5aa5-a9e5-4f1e3be975bd,3bd995d9-5386-5200-b14c-337fc57a8bb6,true,134,2023-07-29 08:00:00+00,2024-01-01 08:00:00+00,
aa9ba2bc-6d42-534f-9634-18b010c59f3a,8fdac1a4-1fc1-5aa5-a9e5-4f1e3be975bd,b0a7719d-51cd-5e7d-8e3d-67cc571130e0,false,108,2022-09-10 08:00:00+00,2024-01-01 08:00:00+00,
255a21c9-51dc-51c8-bf5d-7e30d85d9eb0,ad3fb824-04c4-5baa-8bbe-df30fc3f185f,05f60979-948c-56c4-8971-f733be532412,true,180,2023-03-19 08:00:00+00,2024-01-01 08:00:00+00,
2d399d73-4321-539f-8ffe-a0ee6e58893e,ad3fb824-04c4-5baa-8bbe-df30fc3f185f,8f2d7823-5353-55b7-99c5-837cbc771d58,false,274,2022-03-10 08:00:00+00,2024-01-01 08:00:00+00,
9f6e31ae-3293-5395-8e3e-118c0f5c2aec,51486158-b3ba-5c3a-9264-4293033b8a59,3bd995d9-5386-5200-b14c-337fc57a8bb6,true,86,2023-03-17 08:00:00+00,2024-01-01 08:00:00+00,
6b758dab-4592-55de-9b97-c22400e03d02,51486158-b3ba-5c3a-9264-4293033b8a59,c981f5ef-8774-5129-b83a-c9448b008bfa,false,66,2022-10-08 08:00:00+00,2024-01-01 08:00:00+00,
316e3a62-2051-5038-be94-85a75a3b1ba6,8cf22c8b-55e4-5b1d-ba0b-9c03f71ed01e,c981f5ef-8774-5129-b83a-c9448b008bfa,true,88,2023-11-27 08:00:00+00,2024-01-01 08:00:00+00,
435618fa-241d-57d6-a937-b2ec73a84480,f13e5911-a65b-5553-abc4-67c894cc9f64,8f2d7823-5353-55b7-99c5-837cbc771d58,true,162,2022-02-01 08:00:00+00,2024-01-01 08:00:00+00,
1e6e67fa-bcc8-58c7-9187-95025cf551fe,f13e5911-a65b-5553-abc4-67c894cc9f64,3bd995d9-5386-5200-b14c-337fc57a8bb6,false,52,2023-10-18 08:00:00+00,2024-01-01 08:00:00+00,
4ad4cd04-ea5e-55e6-a8bd-22fe07ab535b,a22634bd-14e5-5764-9a76-22619f1603bc,b0a7719d-51cd-5e7d-8e3d-67cc571130e0,true,280,2023-03-06 08:00:00+00,2024-01-01 08:00:00+00,
24cd7d1a-4aa5-5501-af9a-1fce6359d9dc,a22634bd-14e5-5764-9a76-22619f1603bc,3bd995d9-5386-5200-b14c-337fc57a8bb6,false,106,2022-09-22 08:00:00+00,2024-01-01 08:00:00+00,
5b98880b-11fc-5cd3-8f21-88024fcb9d2c,c53f1afe-f754-5e22-9487-6ce7084cf36c,b0a7719d-51cd-5e7d-8e3d-67cc571130e0,true,89,2023-04-15 08:00:00+00,2024-01-01 08:00:00+00,
1859d77c-223d-5307-96c7-1f724efcc7ec,c53f1afe-f754-5e22-9487-6ce7084cf36c,8f2d7823-5353-55b7-99c5-837cbc771d58,false,202,2022-02-04 08:00:00+00,2024-01-01 08:00:00+00,
b1fc42cc-245a-5aa2-b739-b36b5bb65136,444f4d68-7114-567c-9181-f398732a592a,8f2d7823-5353-55b7-99c5-837cbc771d58,true,238,2023-08-17 08:00:00+00,2024-01-01 08:00:00+00,
ec4a31f6-55ad-56f9-bf70-ebd4dffc4d4c,444f4d68-7114-567c-9181-f398732a592a,b0a7719d-51cd-5e7d-8e3d-67cc571130e0,false,224,2023-10-15 08:00:00+00,2024-01-01 08:00:00+00,
04c0127b-1e88-5093-9c73-21c753b71f46,91e261e0-120e-50d2-8d90-e4cd53b101b8,c981f5ef-8774-5129-b83a-c9448b008bfa,true,271,2022-08-19 08:00:00+00,2024-01-01 08:00:00+00,
aae43470-8624-5b82-a596-846a1c4d7e41,91e261e0-120e-50d2-8d90-e4cd53b101b8,3bd995d9-5386-5200-b14c-337fc57a8bb6,false,250,2023-09-08 08:00:00+00,2024-01-01 08:00:00+00,
4d3799dc-f53f-5a72-ac13-c1f94e786275,acccfb6a-ae5e-5ce7-851a-3c556ebf2e43,3bd995d9-5386-5200-b14c-337fc57a8bb6,true,253,2022-07-14 08:00:00+00,2024-01-01 08:00:00+00,
2fd61c22-7121-52ed-8e55-ee493aa14a03,acccfb6a-ae5e-5ce7-851a-3c556ebf2e43,b0a7719d-51cd-5e7d-8e3d-67cc571130e0,false,160,2023-11-18 08:00:00+00,2024-01-01 08:00:00+00,
3dcc0cdc-2ee5-5e18-b8cb-8488d1677105,0625eba2-ef92-5ea5-94f5-43510606b4c0,8f2d7823-5353-55b7-99c5-837cbc771d58,true,139,2023-08-11 08:00:00+00,2024-01-01 08:00:00+00,
5d6303b9-fa69-5802-85a9-5a2793d80bcf,9a6c370f-64aa-5e63-b0c5-97a104c825bb,3bd995d9-5386-5200-b14c-337fc57a8bb6,true,280,2022-08-30 08:00:00+00,2024-01-01 08:00:00+00,
1bdf17f5-2cea-5ca5-b1d0-9a33e5e93a8b,cac5a840-4f37-54c0-ad83-4d4a031a82cc,b0a7719d-51cd-5e7d-8e3d-67cc571130e0,true,95,2022-07-01 08:00:00+00,2024-01-01 08:00:00+00,
0195e6fb-defb-5cce-90ab-433abd1ba23a,cac5a840-4f37-54c0-ad83-4d4a031a82cc,c981f5ef-8774-5129-b83a-c9448b008bfa,false,122,2022-11-21 08:00:00+00,2024-01-01 08:00:00+00,
d8e223b6-79e8-5667-a2ed-669ef31e4155,34605aec-3803-5b33-9018-be19cf009ac2,8f2d7823-5353-55b7-99c5-837cbc771d58,true,76,2022-06-08 08:00:00+00,2024-01-01 08:00:00+00,
5b62f275-21a2-5215-91b5-a2d97b279809,34605aec-3803-5b33-9018-be19cf009ac2,b0a7719d-51cd-5e7d-8e3d-67cc571130e0,false,210,2022-09-20 08:00:00+00,2024-01-01 08:00:00+00,
2210976e-6739-50c2-9a8c-b771922273a5,b2ac0059-529e-568d-91d3-a7dff63f0f58,8f2d7823-5353-55b7-99c5-837cbc771d58,true,160,2022-09-20 08:00:00+00,2024-01-01 08:00:00+00,
909008d3-93df-5e06-96c5-742a46cef959,b2ac0059-529e-568d-91d3-a7dff63f0f58,3bd995d9-5386-5200-b14c-337fc57a8bb6,false,174,2023-07-21 08:00:00+00,2024-01-01 08:00:00+00,
f1bbba17-a8c9-5a8c-b8ab-627ee77864f3,a43c63d8-1ae0-55c0-801d-29f60ffb41a3,b0a7719d-51cd-5e7d-8e3d-67cc571130e0,true,235,2023-06-22 08:00:00+00,2024-01-01 08:00:00+00,
42aaa1f4-6e71-5c7f-a125-97cef37a7860,c7e97dbe-99f8-5e3d-b829-099aa7121e92,b0a7719d-51cd-5e7d-8e3d-67cc571130e0,true,244,2023-04-08 08:00:00+00,2024-01-01 08:00:00+00,
ff01b6eb-9079-5104-9e23-e7458a036d53,59769cf1-e7af-587c-a218-024b10481e74,b0a7719d-51cd-5e7d-8e3d-67cc571130e0,true,116,2023-05-06 08:00:00+00,2024-01-01 08:00:00+00,
7ea4fdb5-3cd5-53ab-9e09-3489b57c6b34,59769cf1-e7af-587c-a218-024b10481e74,3bd995d9-5386-5200-b14c-337fc57a8bb6,false,52,2022-02-20 08:00:00+00,2024-01-01 08:00:00+00,
0a526c25-265d-5c52-be62-4448f9573f1b,50c3b88a-0da8-56b7-910b-1b77d7ba0565,3bd995d9-5386-5200-b14c-337fc57a8bb6,true,142,2023-06-23 08:00:00+00,2024-01-01 08:00:00+00,
c74abe0f-14ad-5857-bb02-c7e90a4ef969,936de494-1029-57ec-a1e8-ef0b9c5b29c7,05f60979-948c-56c4-8971-f733be532412,true,209,2022-07-24 08:00:00+00,2024-01-01 08:00:00+00,
d36bc672-125e-5189-8f90-32e3d997904b,936de494-1029-57ec-a1e8-ef0b9c5b29c7,c981f5ef-8774-5129-b83a-c9448b008bfa,false,186,2023-04-19 08:00:00+00,2024-01-01 08:00:00+00,
6bf4799f-0d03-53a5-8595-b3c151f07820,14064e7e-343b-56e1-aa12-434ac5a54892,8f2d7823-5353-55b7-99c5-837cbc771d58,true,294,2022-08-15 08:00:00+00,2024-01-01 08:00:00+00,
06754dfc-eb8e-501a-88fc-37d78b6a6071,275059dd-3562-5984-8abb-ab16d54af700,3bd995d9-5386-5200-b14c-337fc57a8bb6,true,93,2023-10-17 08:00:00+00,2024-01-01 08:00:00+00,
9b6165a8-7e70-5979-be20-fcb7c62eb60a,275059dd-3562-5984-8abb-ab16d54af700,b0a7719d-51cd-5e7d-8e3d-67cc571130e0,false,138,2022-04-04 08:00:00+00,2024-01-01 08:00:00+00,
d0b9e7f3-8ee9-5093-a3c6-0c639d7a8e67,7a40bc65-56b1-5271-b5af-e6d3fe455d08,c981f5ef-8774-5129-b83a-c9448b008bfa,true,210,2022-10-28 08:00:00+00,2024-01-01 08:00:00+00,
9c1ae086-5d95-536a-b16d-20a116231e40,7a40bc65-56b1-5271-b5af-e6d3fe455d08,8f2d7823-5353-55b7-99c5-837cbc771d58,false,201,2022-06-04 08:00:00+00,2024-01-01 08:00:00+00,
abfba9bc-60e0-5a9b-8a8d-4d38670260f1,802343a0-dff3-56d7-8463-d2f3d905b626,3bd995d9-5386-5200-b14c-337fc57a8bb6,true,95,2023-06-16 08:00:00+00,2024-01-01 08:00:00+00,
fb9e8b1d-d57b-5b51-a15a-2c29f3bac911,b66b787a-67cf-5a3d-8b7a-94937d719439,8f2d7823-5353-55b7-99c5-837cbc771d58,true,65,2022-06-06 08:00:00+00,2024-01-01 08:00:00+00,
e7bfe362-9b79-5ecd-aa7f-5a9ac69a6017,b66b787a-67cf-5a3d-8b7a-94937d719439,05f60979-948c-56c4-8971-f733be532412,false,105,2022-10-04 08:00:00+00,2024-01-01 08:00:00+00,
30fef135-05dc-5302-aa8d-3b9b1b3b5349,12476ef0-7823-539c-84ec-b2b681f7680c,3bd995d9-5386-5200-b14c-337fc57a8bb6,true,270,2022-05-09 08:00:00+00,2024-01-01 08:00:00+00,
a152d5c3-82ea-5f67-a130-05fb4fc19a52,38b8ba2d-c9bb-5f96-8bb4-615833e1bce7,05f60979-948c-56c4-8971-f733be532412,true,141,2022-07-18 08:00:00+00,2024-01-01 08:00:00+00,
e9b35e69-38ec-5ce9-8c91-9c6ed4632c2b,9b199ad4-15fa-5f12-a757-e6ffb4616620,3bd995d9-5386-5200-b14c-337fc57a8bb6,true,267,2022-10-15 08:00:00+00,2024-01-01 08:00:00+00,
48330cc9-f3d3-50f2-8d09-87bfd7d67940,7d8a8dde-cfb8-5af6-9ae8-8574ddd8a9f1,3bd995d9-5386-5200-b14c-337fc57a8bb6,true,238,2022-02-01 08:00:00+00,2024-01-01 08:00:00+00,
333e07b0-1c17-58f3-a214-7f4dbb4695e4,5077c15c-264b-5139-9a2c-0b1134802017,05f60979-948c-56c4-8971-f733be532412,true,65,2023-04-15 08:00:00+00,2024-01-01 08:00:00+00,
533fbde7-bf8f-588e-928e-5ecfbf8922f9,5077c15c-264b-5139-9a2c-0b1134802017,8f2d7823-5353-55b7-99c5-837cbc771d58,false,280,2022-11-17 08:00:00+00,2024-01-01 08:00:00+00,
04026b81-6b8e-5829-a169-173a0409cf65,41c1db10-aea9-5bb3-9936-29e6f0f75c59,b0a7719d-51cd-5e7d-8e3d-67cc571130e0,true,276,2022-03-05 08:00:00+00,2024-01-01 08:00:00+00,
d4c95d75-556f-5b95-93d0-e96abe989b27,41c1db10-aea9-5bb3-9936-29e6f0f75c59,c981f5ef-8774-5129-b83a-c9448b008bfa,false,77,2023-01-11 08:00:00+00,2024-01-01 08:00:00+00,
f4d22aa8-5443-55ae-84fd-0cb71a60cd2f,f708260b-c37b-594a-9552-1739f93cf128,8f2d7823-5353-55b7-99c5-837cbc771d58,true,162,2022-11-10 08:00:00+00,2024-01-01 08:00:00+00,
414933e6-b795-587d-b607-c2db011e8bcb,155a8faa-95d5-562c-837b-99fca9ae2ff6,8f2d7823-5353-55b7-99c5-837cbc771d58,true,230,2022-10-05 08:00:00+00,2024-01-01 08:00:00+00,
8fa55ddf-a470-5f2a-a77b-b54768d6650c,0ae90e4d-e43a-5e77-bc41-557a2d8ac8b8,b0a7719d-51cd-5e7d-8e3d-67cc571130e0,true,153,2022-12-12 08:00:00+00,2024-01-01 08:00:00+00,
b9a0d8ef-de1d-5c59-94ee-88aa7e02a581,b362a23f-d63c-5d9f-91d9-aa454a0005a7,05f60979-948c-56c4-8971-f733be532412,true,269,2023-10-08 08:00:00+00,2024-01-01 08:00:00+00,
01ab0b3a-2825-5006-bb22-9a14f10f70fb,b362a23f-d63c-5d9f-91d9-aa454a0005a7,8f2d7823-5353-55b7-99c5-837cbc771d58,false,83,2022-11-29 08:00:00+00,2024-01-01 08:00:00+00,
804450bb-f7d2-5573-977e-9f23702e5ede,b7322a6d-3def-503a-afa6-86fd5905f5b5,8f2d7823-5353-55b7-99c5-837cbc771d58,true,181,2022-07-21 08:00:00+00,2024-01-01 08:00:00+00,
444c3a35-05f8-5b06-8050-bbb4d93c3519,52dcfd79-446d-5a08-b89b-c26ba9448626,05f60979-948c-56c4-8971-f733be532412,true,257,2023-10-01 08:00:00+00,2024-01-01 08:00:00+00,
d66583b8-c577-5f8d-89dc-c6a4cd353aee,008ba63c-6f31-5008-b10a-ac8fd8065688,05f60979-948c-56c4-8971-f733be532412,true,133,2023-02-23 08:00:00+00,2024-01-01 08:00:00+00,
12157a28-de92-5273-88d0-22336d053169,e02f3a45-71b4-5db3-b7fc-8bf86f31fb6e,3bd995d9-5386-5200-b14c-337fc57a8bb6,true,149,2022-03-13 08:00:00+00,2024-01-01 08:00:00+00,
23ac4e5c-91a7-56a8-a528-2adb817ef54a,e02f3a45-71b4-5db3-b7fc-8bf86f31fb6e,b0a7719d-51cd-5e7d-8e3d-67cc571130e0,false,118,2023-11-14 08:00:00+00,2024-01-01 08:00:00+00,
345b26ae-919f-5d5e-a3ff-6ddc69553988,87aa7c6c-f37c-5db1-8805-73ff44972cc7,b0a7719d-51cd-5e7d-8e3d-67cc571130e0,true,259,2023-05-07 08:00:00+00,2024-01-01 08:00:00+00,
fe0586e6-2f90-5753-a34a-d9b1fca8c774,87aa7c6c-f37c-5db1-8805-73ff44972cc7,8f2d7823-5353-55b7-99c5-837cbc771d58,false,260,2022-02-05 08:00:00+00,2024-01-01 08:00:00+00,
d9c28e69-2648-5f8b-b496-63b71e2073d7,15c67517-d5ac-5306-8717-84371f07c7fc,3bd995d9-5386-5200-b14c-337fc57a8bb6,true,212,2023-02-11 08:00:00+00,2024-01-01 08:00:00+00,
40f55a75-5404-5bbb-a3c2-cdabc21b5ec4,15c67517-d5ac-5306-8717-84371f07c7fc,05f60979-948c-56c4-8971-f733be532412,false,278,2023-08-04 08:00:00+00,2024-01-01 08:00:00+00,
c9d5cc96-ae40-57be-8b70-7b9fd01eb823,2419ceb8-5801-5865-a6c2-cf9115d70a53,3bd995d9-5386-5200-b14c-337fc57a8bb6,true,213,2023-11-28 08:00:00+00,2024-01-01 08:00:00+00,
3e449f16-b129-5974-b277-cc5818ffe644,ac4c57dc-b034-5a23-bccb-18f8b1a452f4,8f2d7823-5353-55b7-99c5-837cbc771d58,true,188,2023-02-06 08:00:00+00,2024-01-01 08:00:00+00,
965c2eb6-1e04-55cc-a410-3da791c1c250,ac4c57dc-b034-5a23-bccb-18f8b1a452f4,c981f5ef-8774-5129-b83a-c9448b008bfa,false,181,2023-02-11 08:00:00+00,2024-01-01 08:00:00+00,
5a0df7a4-152f-514a-aacb-650eb535d11c,507819f4-2f04-5fec-8378-bf67a19c57aa,b0a7719d-51cd-5e7d-8e3d-67cc571130e0,true,109,2023-11-05 08:00:00+00,2024-01-01 08:00:00+00,
fce0d71e-dff5-538d-aa8f-795e0c7911e8,de0e783e-6cee-57e5-a642-ca137d1443d6,c981f5ef-8774-5129-b83a-c9448b008bfa,true,160,2023-09-30 08:00:00+00,2024-01-01 08:00:00+00,
7c3e9eca-d5ca-5278-846f-fd0283f020c3,b3c3a636-7e45-5791-8ffa-a12bfbe5adf0,c981f5ef-8774-5129-b83a-c9448b008bfa,true,264,2022-02-05 08:00:00+00,2024-01-01 08:00:00+00,
af56b94c-77d0-5b56-b718-aa3e46827931,7d6a6609-46cf-5e62-bd79-109b0f7d93ff,3bd995d9-5386-5200-b14c-337fc57a8bb6,true,277,2023-10-24 08:00:00+00,2024-01-01 08:00:00+00,
9a2c7517-43e8-5f5e-95b8-824884f9196b,7d6a6609-46cf-5e62-bd79-109b0f7d93ff,8f2d7823-5353-55b7-99c5-837cbc771d58,false,148,2023-02-23 08:00:00+00,2024-01-01 08:00:00+00,
b7cfb826-f5a5-5225-a53d-23f423ab3165,d2c0e253-cb9e-5928-8af2-acea6aa1ea9d,8f2d7823-5353-55b7-99c5-837cbc771d58,true,145,2022-03-04 08:00:00+00,2024-01-01 08:00:00+00,
b787c17e-c13f-52b3-b7e2-e655bca27a7c,5411eb52-a535-555f-9780-8619da4e5673,c981f5ef-8774-5129-b83a-c9448b008bfa,true,122,2022-08-11 08:00:00+00,2024-01-01 08:00:00+00,
2c180bcd-3ab9-5940-abc7-589311ea89a4,3279dd49-461c-5001-a7c3-12efeecec441,c981f5ef-8774-5129-b83a-c9448b008bfa,true,241,2022-05-14 08:00:00+00,2024-01-01 08:00:00+00,
3825e191-a421-5572-809e-7821cd507f44,0ba4b173-5ef3-5012-9bf2-b9693860d8f4,3bd995d9-5386-5200-b14c-337fc57a8bb6,true,117,2022-08-08 08:00:00+00,2024-01-01 08:00:00+00,
b335aa63-bebd-529f-9d40-3feff6452da3,aed391cc-e6e8-52a3-b3bc-73d82d2707ea,05f60979-948c-56c4-8971-f733be532412,true,175,2022-01-31 08:00:00+00,2024-01-01 08:00:00+00,
dac42823-1676-593f-bdda-83db9f010697,147cb688-5fcb-5d3c-b9b1-93882722ddf8,05f60979-948c-56c4-8971-f733be532412,true,267,2022-08-23 08:00:00+00,2024-01-01 08:00:00+00,
ea8570d8-e768-5487-b270-35fd386fdb38,caf5aaf4-9c34-5039-a700-a324c99b7e47,c981f5ef-8774-5129-b83a-c9448b008bfa,true,79,2023-05-24 08:00:00+00,2024-01-01 08:00:00+00,
b8902995-abfb-5bba-b188-668adcdc6792,caf5aaf4-9c34-5039-a700-a324c99b7e47,b0a7719d-51cd-5e7d-8e3d-67cc571130e0,false,51,2023-10-15 08:00:00+00,2024-01-01 08:00:00+00,
1085fa79-d6da-588a-943c-fc129d632d20,b4a8d0ba-7c3c-5d1c-84c4-5578b523b65a,3bd995d9-5386-5200-b14c-337fc57a8bb6,true,279,2022-03-04 08:00:00+00,2024-01-01 08:00:00+00,
28f78bfb-9978-52d4-a828-98685f6e4270,b4a8d0ba-7c3c-5d1c-84c4-5578b523b65a,b0a7719d-51cd-5e7d-8e3d-67cc571130e0,false,189,2023-01-01 08:00:00+00,2024-01-01 08:00:00+00,
201124ae-d62b-59ac-a2e4-304a0c0ea8df,53de3fc9-de42-5fdf-928b-ac0f8ac527e4,c981f5ef-8774-5129-b83a-c9448b008bfa,true,173,2023-05-02 08:00:00+00,2024-01-01 08:00:00+00,
0e7722da-d647-559f-b486-c753f681c7c8,53de3fc9-de42-5fdf-928b-ac0f8ac527e4,b0a7719d-51cd-5e7d-8e3d-67cc571130e0,false,281,2022-05-26 08:00:00+00,2024-01-01 08:00:00+00,
2f44a1c5-24a8-550b-90a6-d61bc70c7bee,199d61d1-e5a3-560a-b9f0-16620ef2188c,b0a7719d-51cd-5e7d-8e3d-67cc571130e0,true,122,2023-06-01 08:00:00+00,2024-01-01 08:00:00+00,
5b55eaaf-d168-5ca4-b25b-4771c7a6f04f,53a6ee05-e5aa-5cfa-9779-c36cfcbc63bc,c981f5ef-8774-5129-b83a-c9448b008bfa,true,147,2023-06-22 08:00:00+00,2024-01-01 08:00:00+00,
179c717c-453d-5b44-a52c-831fb55eaf86,53a6ee05-e5aa-5cfa-9779-c36cfcbc63bc,3bd995d9-5386-5200-b14c-337fc57a8bb6,false,180,2023-06-17 08:00:00+00,2024-01-01 08:00:00+00,
153b4716-58cf-5130-8a86-e51206914a7e,aad52334-962d-5ddb-aa18-26fda30b6217,3bd995d9-5386-5200-b14c-337fc57a8bb6,true,91,2022-12-15 08:00:00+00,2024-01-01 08:00:00+00,
6190cc16-978e-5473-ae4c-61b8612a49f9,aad52334-962d-5ddb-aa18-26fda30b6217,8f2d7823-5353-55b7-99c5-837cbc771d58,false,130,2023-04-17 08:00:00+00,2024-01-01 08:00:00+00,
6e7f1b3b-a751-5fbb-a814-a5f96c0c2c85,8abe216d-8916-5956-9b5e-661cdb97a7cc,3bd995d9-5386-5200-b14c-337fc57a8bb6,true,144,2023-07-12 08:00:00+00,2024-01-01 08:00:00+00,
a4e09ea9-9261-5357-80ba-5d88ada83787,17a358c3-0b27-5cdf-947f-5a16fb44d60a,3bd995d9-5386-5200-b14c-337fc57a8bb6,true,265,2022-11-19 08:00:00+00,2024-01-01 08:00:00+00,
b1bd858d-41ff-5505-9e78-21670784d7c0,17a358c3-0b27-5cdf-947f-5a16fb44d60a,c981f5ef-8774-5129-b83a-c9448b008bfa,false,279,2023-10-06 08:00:00+00,2024-01-01 08:00:00+00,
9e5f46ed-0554-5d3d-a9eb-4959feee78f9,fa769bbc-5fb6-5c4a-aa7b-00f05b7d0df5,05f60979-948c-56c4-8971-f733be532412,true,134,2023-06-25 08:00:00+00,2024-01-01 08:00:00+00,
10ea9375-f3ac-5352-b06a-9c91ec7d8cb9,f44ee05e-7059-5bf0-a7f3-101f72b467ca,8f2d7823-5353-55b7-99c5-837cbc771d58,true,73,2022-09-10 08:00:00+00,2024-01-01 08:00:00+00,
187f5b40-cd9e-5b79-93ec-785b7f638186,f44ee05e-7059-5bf0-a7f3-101f72b467ca,3bd995d9-5386-5200-b14c-337fc57a8bb6,false,191,2022-06-28 08:00:00+00,2024-01-01 08:00:00+00,
de5cc76d-8665-5cd3-9748-a7b8980d4a8a,73f50f21-a387-570c-ad19-5660aa2aa2e1,c981f5ef-8774-5129-b83a-c9448b008bfa,true,234,2022-11-27 08:00:00+00,2024-01-01 08:00:00+00,
3bc0c142-b623-5adb-bccc-3f70aab16ac6,73f50f21-a387-570c-ad19-5660aa2aa2e1,3bd995d9-5386-5200-b14c-337fc57a8bb6,false,81,2023-05-03 08:00:00+00,2024-01-01 08:00:00+00,
b79f4e7c-c42e-52d1-a452-36451396be10,30a1c4be-ec20-5be8-81a5-e5d7f24d171a,b0a7719d-51cd-5e7d-8e3d-67cc571130e0,true,212,2023-03-04 08:00:00+00,2024-01-01 08:00:00+00,
d22c8a88-9f5a-5367-905e-5f3c9b2495f6,beffe1b9-ddc0-529b-99df-9b755a63cebc,b0a7719d-51cd-5e7d-8e3d-67cc571130e0,true,56,2022-11-30 08:00:00+00,2024-01-01 08:00:00+00,
cc493704-c530-5983-b15e-347361279603,9c88bad0-db87-58b2-b5aa-c95dc5983160,c981f5ef-8774-5129-b83a-c9448b008bfa,true,76,2023-07-25 08:00:00+00,2024-01-01 08:00:00+00,
b68458da-39cf-5d47-9e4e-36cce77d8f67,8b480e48-4978-5517-8e17-38acf18bcdb0,3bd995d9-5386-5200-b14c-337fc57a8bb6,true,176,2023-03-13 08:00:00+00,2024-01-01 08:00:00+00,
fdbd3367-681b-5502-b656-87b1ecd1da5b,72d650a2-1cb5-5045-9692-29777fa6530c,c981f5ef-8774-5129-b83a-c9448b008bfa,true,238,2022-11-15 08:00:00+00,2024-01-01 08:00:00+00,
393bfce1-30e0-5181-80fb-f2ca772a19d7,d36b2731-cda8-5784-b2b0-bd3029e17f19,c981f5ef-8774-5129-b83a-c9448b008bfa,true,159,2022-04-17 08:00:00+00,2024-01-01 08:00:00+00,
a91fb685-0b53-5e30-943a-499917cbc845,f1e6b9f9-fb12-574c-be01-c529e780e2fc,05f60979-948c-56c4-8971-f733be532412,true,255,2023-06-28 08:00:00+00,2024-01-01 08:00:00+00,
9c88295b-f668-591c-a392-2dee6f0c6889,9a33eab2-aade-568e-a174-3a52e3ce003d,8f2d7823-5353-55b7-99c5-837cbc771d58,true,250,2022-11-06 08:00:00+00,2024-01-01 08:00:00+00,
ca7cc42e-e3ae-5eaa-8ef9-5b8eafa1b28d,9a33eab2-aade-568e-a174-3a52e3ce003d,05f60979-948c-56c4-8971-f733be532412,false,193,2022-04-26 08:00:00+00,2024-01-01 08:00:00+00,
b5c46695-44f2-57a6-a799-5dc54a1763c4,5535fb68-ea6f-5aca-85fe-bc7ce053bc6e,8f2d7823-5353-55b7-99c5-837cbc771d58,true,180,2022-08-13 08:00:00+00,2024-01-01 08:00:00+00,
8597d075-54c4-59d0-a123-4ffcf9f3b62e,5535fb68-ea6f-5aca-85fe-bc7ce053bc6e,05f60979-948c-56c4-8971-f733be532412,false,264,2022-03-16 08:00:00+00,2024-01-01 08:00:00+00,
bbf84f59-ed79-58a5-9ad5-5507c1ea2f20,39b52559-1139-59b0-a06e-87e0c010cfb4,3bd995d9-5386-5200-b14c-337fc57a8bb6,true,195,2023-07-01 08:00:00+00,2024-01-01 08:00:00+00,
d4de568d-eb2b-5d99-899e-f17393f08d5d,49ffe421-0259-59d2-84b9-ce2b55d19f20,05f60979-948c-56c4-8971-f733be532412,true,204,2023-10-14 08:00:00+00,2024-01-01 08:00:00+00,
a1d241eb-6287-5181-89c6-3a14ba1ab6f6,49ffe421-0259-59d2-84b9-ce2b55d19f20,b0a7719d-51cd-5e7d-8e3d-67cc571130e0,false,146,2023-10-11 08:00:00+00,2024-01-01 08:00:00+00,
45650aa1-f5be-540a-bad3-9c452afd84b2,647f4962-afb9-5155-aca6-a70828f2d06d,8f2d7823-5353-55b7-99c5-837cbc771d58,true,155,2023-10-17 08:00:00+00,2024-01-01 08:00:00+00,
212167af-fc62-5079-9b8d-0d4926d7ebb8,647f4962-afb9-5155-aca6-a70828f2d06d,05f60979-948c-56c4-8971-f733be532412,false,162,2023-09-11 08:00:00+00,2024-01-01 08:00:00+00,
651d1f60-d7ba-5211-940b-3d37f524a5a2,8b640b03-f28b-5dd9-aacf-ec735a655d3d,c981f5ef-8774-5129-b83a-c9448b008bfa,true,262,2023-07-29 08:00:00+00,2024-01-01 08:00:00+00,
ce2aca13-2e6a-5212-879e-239ff62ef101,391f6690-35a6-5b81-8360-22639b026361,8f2d7823-5353-55b7-99c5-837cbc771d58,true,102,2022-03-18 08:00:00+00,2024-01-01 08:00:00+00,
9c3bea32-6930-5688-9e5d-ac2b25a82de4,21e5734e-516e-50b6-a728-a64967511d45,b0a7719d-51cd-5e7d-8e3d-67cc571130e0,true,85,2022-02-10 08:00:00+00,2024-01-01 08:00:00+00,
d8e5e6c7-fafe-552b-b023-f840908e659e,21e5734e-516e-50b6-a728-a64967511d45,3bd995d9-5386-5200-b14c-337fc57a8bb6,false,130,2022-06-02 08:00:00+00,2024-01-01 08:00:00+00,
bb716d95-b7a1-51d1-8afd-1e768dca6a3c,2544973a-b590-581b-9881-ca7bc1784dc2,b0a7719d-51cd-5e7d-8e3d-67cc571130e0,true,106,2022-09-18 08:00:00+00,2024-01-01 08:00:00+00,
9c027b7c-1e58-5f82-a7fd-1c9739093151,0b4dfb9b-ea9e-5080-a1e1-39703dc07f86,b0a7719d-51cd-5e7d-8e3d-67cc571130e0,true,272,2023-05-22 08:00:00+00,2024-01-01 08:00:00+00,
25b1bc1b-4757-5837-bd91-6ec5837b754a,0b4dfb9b-ea9e-5080-a1e1-39703dc07f86,c981f5ef-8774-5129-b83a-c9448b008bfa,false,160,2023-02-01 08:00:00+00,2024-01-01 08:00:00+00,
67c71776-f462-530c-bb5e-971c65872f37,7e3d15ed-5a71-5ce3-aec8-c32789b3253f,8f2d7823-5353-55b7-99c5-837cbc771d58,true,139,2023-05-17 08:00:00+00,2024-01-01 08:00:00+00,
7fec12d3-96cf-59ba-94a6-f3f1f0c2666c,b80b1630-3aad-51f1-b1e3-c343748e65ea,c981f5ef-8774-5129-b83a-c9448b008bfa,true,280,2023-01-14 08:00:00+00,2024-01-01 08:00:00+00,
31f4f7a1-6cc5-55a2-8d21-dabb4b185e53,d14cae1e-340b-5d73-bd7d-4a027d2543cb,c981f5ef-8774-5129-b83a-c9448b008bfa,true,191,2023-08-04 08:00:00+00,2024-01-01 08:00:00+00,
cbdc734a-4cb2-5e15-962e-49a312ecffdc,d14cae1e-340b-5d73-bd7d-4a027d2543cb,8f2d7823-5353-55b7-99c5-837cbc771d58,false,144,2023-10-31 08:00:00+00,2024-01-01 08:00:00+00,
be195fdf-88b8-5476-8733-34777f424797,6a34aec2-704b-5601-8fcd-39875d026383,3bd995d9-5386-5200-b14c-337fc57a8bb6,true,147,2023-04-08 08:00:00+00,2024-01-01 08:00:00+00,
403e842c-2e54-5eaa-a4d0-0940b722d8a3,6a34aec2-704b-5601-8fcd-39875d026383,c981f5ef-8774-5129-b83a-c9448b008bfa,false,252,2022-02-02 08:00:00+00,2024-01-01 08:00:00+00,
71ad2bc3-aae1-5103-907f-fad30b466f2b,7f8f5dd7-cda2-5b8c-bff8-27d2b2ef1810,b0a7719d-51cd-5e7d-8e3d-67cc571130e0,true,164,2022-03-10 08:00:00+00,2024-01-01 08:00:00+00,
5f9b1a45-d725-5141-9482-00aa44aca8c6,986056eb-112f-5b67-b6a8-b46b585ea305,8f2d7823-5353-55b7-99c5-837cbc771d58,true,111,2023-10-16 08:00:00+00,2024-01-01 08:00:00+00,
50c7ccb6-611e-5a41-a1c0-9c96612fb7f4,986056eb-112f-5b67-b6a8-b46b585ea305,05f60979-948c-56c4-8971-f733be532412,false,82,2023-05-13 08:00:00+00,2024-01-01 08:00:00+00,
c4b8aa20-1583-5afa-82d2-c019f0f109a3,a5d8d880-91f9-569f-ab26-8c4dba772d8c,c981f5ef-8774-5129-b83a-c9448b008bfa,true,89,2023-05-01 08:00:00+00,2024-01-01 08:00:00+00,
5b48056e-b5ab-572e-a480-fc99aec14b79,c789a3a7-ea3a-5e34-8b9b-074bdfbc629b,05f60979-948c-56c4-8971-f733be532412,true,227,2022-06-20 08:00:00+00,2024-01-01 08:00:00+00,
b79d3c8c-5aad-585a-a31c-dafe7111de76,1dee6c33-7554-5af6-94ef-19921d945de6,3bd995d9-5386-5200-b14c-337fc57a8bb6,true,219,2022-04-28 08:00:00+00,2024-01-01 08:00:00+00,
6d00eeeb-c688-5e96-be2f-5d803cbc6dae,c38a986f-29b4-5b8c-9dfd-e26db77794b6,3bd995d9-5386-5200-b14c-337fc57a8bb6,true,133,2023-11-05 08:00:00+00,2024-01-01 08:00:00+00,
a034ac56-1342-53fe-a7f1-6b651097435b,c38a986f-29b4-5b8c-9dfd-e26db77794b6,05f60979-948c-56c4-8971-f733be532412,false,206,2023-06-28 08:00:00+00,2024-01-01 08:00:00+00,
67efe1a2-e4e1-5295-9f79-4e26c09eb5dd,97dec302-38a6-5bc2-8a6a-f2fb3a82dada,3bd995d9-5386-5200-b14c-337fc57a8bb6,true,51,2023-11-08 08:00:00+00,2024-01-01 08:00:00+00,
7d490894-4fef-518c-896a-58efe2227bc8,97dec302-38a6-5bc2-8a6a-f2fb3a82dada,c981f5ef-8774-5129-b83a-c9448b008bfa,false,249,2023-01-19 08:00:00+00,2024-01-01 08:00:00+00,
244cb694-bcc8-5110-a766-30a7719493c9,0f1f4749-6d38-56cf-9f60-adb31d589943,b0a7719d-51cd-5e7d-8e3d-67cc571130e0,true,284,2022-09-13 08:00:00+00,2024-01-01 08:00:00+00,
7f63bb12-4093-53d5-a05e-665e1efce4e1,3b9336f2-d407-547b-b0b0-8e8bfd7c5540,8f2d7823-5353-55b7-99c5-837cbc771d58,true,169,2023-10-22 08:00:00+00,2024-01-01 08:00:00+00,
9d9c7f40-6a16-573d-a33f-6ca982d1a91b,3b9336f2-d407-547b-b0b0-8e8bfd7c5540,c981f5ef-8774-5129-b83a-c9448b008bfa,false,257,2022-07-09 08:00:00+00,2024-01-01 08:00:00+00,
0dc0e818-f6ac-5e2d-a755-014907e05d54,3169c13d-1448-5813-a20c-1a5eba1adc31,8f2d7823-5353-55b7-99c5-837cbc771d58,true,60,2023-06-21 08:00:00+00,2024-01-01 08:00:00+00,
7c44c6aa-fea5-5603-84b7-8ba159930020,86fcbea8-a043-51ce-b5dd-dad0c11e197a,c981f5ef-8774-5129-b83a-c9448b008bfa,true,237,2022-07-02 08:00:00+00,2024-01-01 08:00:00+00,
dac421ee-7bde-55b4-b966-a09e4d6f942b,86fcbea8-a043-51ce-b5dd-dad0c11e197a,8f2d7823-5353-55b7-99c5-837cbc771d58,false,205,2022-09-30 08:00:00+00,2024-01-01 08:00:00+00,
e4a1c79f-1043-5dae-b9d9-b189b33a6fbf,ba5fbcde-5a08-5c1f-9106-45e040097ee2,05f60979-948c-56c4-8971-f733be532412,true,178,2023-11-03 08:00:00+00,2024-01-01 08:00:00+00,
0aebec15-f357-587c-9eae-44057c38a9af,ba5fbcde-5a08-5c1f-9106-45e040097ee2,8f2d7823-5353-55b7-99c5-837cbc771d58,false,141,2023-05-06 08:00:00+00,2024-01-01 08:00:00+00,
5633bece-d9fd-5790-832e-6005c463a2c8,ec46eebe-2cbe-5d58-aaf6-11cbfaec8889,05f60979-948c-56c4-8971-f733be532412,true,265,2022-05-13 08:00:00+00,2024-01-01 08:00:00+00,
2442ad83-6ede-54dc-ae90-01712d9d7156,ec46eebe-2cbe-5d58-aaf6-11cbfaec8889,3bd995d9-5386-5200-b14c-337fc57a8bb6,false,248,2022-06-12 08:00:00+00,2024-01-01 08:00:00+00,
1cbc65f3-92a9-592e-a016-501999b6f8b5,10025174-7933-56b2-a4ce-ba47dad37149,05f60979-948c-56c4-8971-f733be532412,true,98,2023-10-19 08:00:00+00,2024-01-01 08:00:00+00,
d1dad24a-505a-5ae8-840d-4a292a9d1810,58b93d63-f952-5ad8-bfbb-7a96e72d5cc1,3bd995d9-5386-5200-b14c-337fc57a8bb6,true,205,2022-04-17 08:00:00+00,2024-01-01 08:00:00+00,
9dffb8fc-437d-5de6-bd7e-b7936aad0cf0,58b93d63-f952-5ad8-bfbb-7a96e72d5cc1,b0a7719d-51cd-5e7d-8e3d-67cc571130e0,false,188,2023-06-12 08:00:00+00,2024-01-01 08:00:00+00,
bc4f0493-7abc-518d-8290-70e756dd2f89,083c9829-c37d-5d10-85fc-c60321c7fdf4,8f2d7823-5353-55b7-99c5-837cbc771d58,true,62,2022-02-24 08:00:00+00,2024-01-01 08:00:00+00,
a42e3920-bec7-5649-a314-b524b7eaec84,083c9829-c37d-5d10-85fc-c60321c7fdf4,b0a7719d-51cd-5e7d-8e3d-67cc571130e0,false,225,2022-08-12 08:00:00+00,2024-01-01 08:00:00+00,
f90d7590-3ef4-54a8-b9d0-98514b6d1a79,b005ff96-6d42-5db6-bf5b-eaf8843f36d5,3bd995d9-5386-5200-b14c-337fc57a8bb6,true,85,2023-08-18 08:00:00+00,2024-01-01 08:00:00+00,
4ec27141-2db8-5f07-a004-65402812b960,b005ff96-6d42-5db6-bf5b-eaf8843f36d5,8f2d7823-5353-55b7-99c5-837cbc771d58,false,50,2022-05-05 08:00:00+00,2024-01-01 08:00:00+00,
c2d469d2-1957-5b8f-8ad6-880aba2ccf0a,e70f6129-63f3-5fec-befb-320ff484dfde,05f60979-948c-56c4-8971-f733be532412,true,167,2022-06-10 08:00:00+00,2024-01-01 08:00:00+00,
d9f6795c-9ec7-50d4-80da-979e72592598,e70f6129-63f3-5fec-befb-320ff484dfde,8f2d7823-5353-55b7-99c5-837cbc771d58,false,289,2023-06-07 08:00:00+00,2024-01-01 08:00:00+00,
7c33231a-f07f-5cfa-9a1c-667fab58d5f9,9baa03a8-31d3-5d59-82b4-cccb72f598f2,8f2d7823-5353-55b7-99c5-837cbc771d58,true,189,2022-04-24 08:00:00+00,2024-01-01 08:00:00+00,
be177112-6b24-5fb1-80e8-7b5333e63f5e,a338dde9-b6de-559d-baf5-87b3875bff16,3bd995d9-5386-5200-b14c-337fc57a8bb6,true,146,2022-10-20 08:00:00+00,2024-01-01 08:00:00+00,
a6b49f79-c124-592f-b0df-d32711b2ad3f,a338dde9-b6de-559d-baf5-87b3875bff16,b0a7719d-51cd-5e7d-8e3d-67cc571130e0,false,268,2022-07-04 08:00:00+00,2024-01-01 08:00:00+00,
6490ba83-6e09-559b-84fb-794ef150a888,a180f284-23e0-5245-b053-ecde39771606,05f60979-948c-56c4-8971-f733be532412,true,174,2022-04-09 08:00:00+00,2024-01-01 08:00:00+00,
ecc68f8a-803b-5bb6-90d0-e71a1d38341e,86fa6118-ac63-58e2-9def-10002829f964,c981f5ef-8774-5129-b83a-c9448b008bfa,true,236,2023-06-18 08:00:00+00,2024-01-01 08:00:00+00,
1bf39398-a973-5d52-a040-a54ee506e19d,4a2d423e-fc8e-5346-a257-e44d042f93be,05f60979-948c-56c4-8971-f733be532412,true,146,2023-01-06 08:00:00+00,2024-01-01 08:00:00+00,
8ce1aa91-4d60-56da-ae6e-bbdb8636feaa,4a2d423e-fc8e-5346-a257-e44d042f93be,c981f5ef-8774-5129-b83a-c9448b008bfa,false,178,2023-11-09 08:00:00+00,2024-01-01 08:00:00+00,
b88fdc09-98a8-55da-b108-f8888ada2e75,7c906f64-24dd-5ac2-86be-36577dfd6bcd,b0a7719d-51cd-5e7d-8e3d-67cc571130e0,true,223,2022-08-29 08:00:00+00,2024-01-01 08:00:00+00,
dcfb8656-828d-5258-b869-f5a1b81ad537,7c906f64-24dd-5ac2-86be-36577dfd6bcd,3bd995d9-5386-5200-b14c-337fc57a8bb6,false,202,2023-07-18 08:00:00+00,2024-01-01 08:00:00+00,
a416d468-caf3-5008-945c-3903c63e4d2c,43516193-2554-55de-97dd-e2be4ab61ef4,c981f5ef-8774-5129-b83a-c9448b008bfa,true,75,2022-03-17 08:00:00+00,2024-01-01 08:00:00+00,
9ecf49e0-10e2-51c7-8a06-7f01c1024f23,4a4771db-db25-5099-8937-f92b51d87167,b0a7719d-51cd-5e7d-8e3d-67cc571130e0,true,52,2023-04-24 08:00:00+00,2024-01-01 08:00:00+00,
3dffb26a-bc54-5ec7-bff4-b50386c2fbbb,4a4771db-db25-5099-8937-f92b51d87167,8f2d7823-5353-55b7-99c5-837cbc771d58,false,81,2023-10-21 08:00:00+00,2024-01-01 08:00:00+00,
70e79128-4cd6-59ce-93a3-04eedf45b40b,29c03335-de27-51be-81b6-c98af8b5cbd8,b0a7719d-51cd-5e7d-8e3d-67cc571130e0,true,104,2023-03-07 08:00:00+00,2024-01-01 08:00:00+00,
69ca9390-1eb6-59f8-ad72-a146e4bf040c,34365eac-c84d-585d-9fdd-214e57ec2824,b0a7719d-51cd-5e7d-8e3d-67cc571130e0,true,189,2022-12-13 08:00:00+00,2024-01-01 08:00:00+00,
cfe1e9d9-8588-57a3-a5b5-e225461c1b89,eef7eab8-9357-516c-9253-a47eb69c186a,c981f5ef-8774-5129-b83a-c9448b008bfa,true,191,2022-04-24 08:00:00+00,2024-01-01 08:00:00+00,
5ff3918b-8219-51f4-a53e-248624e69058,eef7eab8-9357-516c-9253-a47eb69c186a,8f2d7823-5353-55b7-99c5-837cbc771d58,false,61,2023-02-27 08:00:00+00,2024-01-01 08:00:00+00,
1c45914a-238c-5a32-9869-e56c4420fbb0,3ef1b3f0-8b2d-549b-8c7e-eacbdd58128c,05f60979-948c-56c4-8971-f733be532412,true,115,2022-10-02 08:00:00+00,2024-01-01 08:00:00+00,
5f738ffe-62ca-5e5e-ad50-513baf43d7f2,04822159-7c4e-55bc-8405-cc6cc8d42cb5,b0a7719d-51cd-5e7d-8e3d-67cc571130e0,true,284,2022-08-21 08:00:00+00,2024-01-01 08:00:00+00,
59b5a406-ca6c-5854-af25-bb6547476755,04822159-7c4e-55bc-8405-cc6cc8d42cb5,8f2d7823-5353-55b7-99c5-837cbc771d58,false,284,2022-02-21 08:00:00+00,2024-01-01 08:00:00+00,
2b250030-5611-5163-ab06-25677952bfad,5457fae3-266e-5b99-8f13-3c2782b6993f,8f2d7823-5353-55b7-99c5-837cbc771d58,true,65,2023-05-29 08:00:00+00,2024-01-01 08:00:00+00,
09d3b4a7-eb00-50ca-8118-5ed29222e09c,c6ed35a9-8e9b-54ad-ae20-b6847bc37328,05f60979-948c-56c4-8971-f733be532412,true,67,2022-07-04 08:00:00+00,2024-01-01 08:00:00+00,
95184f56-9e10-5c47-91aa-114640684f62,372d680d-91f0-5b32-92c3-6f61002aa7bc,8f2d7823-5353-55b7-99c5-837cbc771d58,true,230,2022-09-26 08:00:00+00,2024-01-01 08:00:00+00,
8a768bbb-2abc-5828-8209-a4168a8eddfb,9d9043e0-04ba-589c-bcc9-f7048e94ef8e,c981f5ef-8774-5129-b83a-c9448b008bfa,true,131,2022-02-15 08:00:00+00,2024-01-01 08:00:00+00,
662b0145-61dd-544a-8bb1-d7dfca6d6f50,9d9043e0-04ba-589c-bcc9-f7048e94ef8e,3bd995d9-5386-5200-b14c-337fc57a8bb6,false,205,2022-04-20 08:00:00+00,2024-01-01 08:00:00+00,
3fc1d4dc-4cc0-53ed-9447-99462a8ba3f2,53fd319c-a32f-5439-976a-7563130af4b7,c981f5ef-8774-5129-b83a-c9448b008bfa,true,213,2023-11-08 08:00:00+00,2024-01-01 08:00:00+00,
824be13d-fc27-596a-adb2-3637d0d3ce78,53fd319c-a32f-5439-976a-7563130af4b7,05f60979-948c-56c4-8971-f733be532412,false,185,2022-07-10 08:00:00+00,2024-01-01 08:00:00+00,
820b05b4-4147-5309-a0c2-00479ad0cd9f,979a10a1-5600-5772-a7b7-ec91483ba7d9,05f60979-948c-56c4-8971-f733be532412,true,163,2022-06-14 08:00:00+00,2024-01-01 08:00:00+00,
a07da2b9-a75c-5f6d-aaf5-efb28a75b386,e3bf4033-7a77-525d-82a0-a93ea910dd19,c981f5ef-8774-5129-b83a-c9448b008bfa,true,230,2023-03-31 08:00:00+00,2024-01-01 08:00:00+00,
42e8db7a-868a-54ea-9028-be2d469d176d,7f5363fb-61fe-5e0c-b828-2f4f3e6ce5a0,3bd995d9-5386-5200-b14c-337fc57a8bb6,true,157,2022-06-12 08:00:00+00,2024-01-01 08:00:00+00,
d0cb8cc6-b092-5712-9c6a-81871c26ea14,7f5363fb-61fe-5e0c-b828-2f4f3e6ce5a0,05f60979-948c-56c4-8971-f733be532412,false,185,2022-07-12 08:00:00+00,2024-01-01 08:00:00+00,
a7e4adf4-2d53-5fc8-afba-f4a7f3e6beb8,0b47a021-1b54-5a2c-85ac-759a3d775754,c981f5ef-8774-5129-b83a-c9448b008bfa,true,279,2023-09-11 08:00:00+00,2024-01-01 08:00:00+00,
6b6329d8-05ce-557c-8e92-0fb33cf05e79,4a718953-2374-57c3-9ff4-681bffce07a5,c981f5ef-8774-5129-b83a-c9448b008bfa,true,188,2022-02-19 08:00:00+00,2024-01-01 08:00:00+00,
a6535677-dc0c-5523-a9f1-b311d2c93c53,4a718953-2374-57c3-9ff4-681bffce07a5,8f2d7823-5353-55b7-99c5-837cbc771d58,false,75,2023-04-06 08:00:00+00,2024-01-01 08:00:00+00,
1463ef97-9386-56fb-85ae-5eedd5338f04,8e630bf9-6475-5ba2-8ed4-4d40380eb796,05f60979-948c-56c4-8971-f733be532412,true,122,2023-06-14 08:00:00+00,2024-01-01 08:00:00+00,
b13c1bc4-8224-59f4-a6fa-2bc1d6dc9860,8e630bf9-6475-5ba2-8ed4-4d40380eb796,3bd995d9-5386-5200-b14c-337fc57a8bb6,false,299,2023-08-02 08:00:00+00,2024-01-01 08:00:00+00,
28ae58dc-de5f-5122-ae1a-c23e79df1195,11fe0f0a-a3a6-56dd-864c-11fb46645e55,c981f5ef-8774-5129-b83a-c9448b008bfa,true,85,2023-03-01 08:00:00+00,2024-01-01 08:00:00+00,
8b4e5939-9fb5-5bde-a377-e8f3fe8c2244,11fe0f0a-a3a6-56dd-864c-11fb46645e55,8f2d7823-5353-55b7-99c5-837cbc771d58,false,173,2022-04-03 08:00:00+00,2024-01-01 08:00:00+00,
ca823c28-72ac-52b0-a9d7-6e0f52aa3d4b,6cf093a1-cd8a-564b-b39b-41329dd83d6d,c981f5ef-8774-5129-b83a-c9448b008bfa,true,100,2023-08-11 08:00:00+00,2024-01-01 08:00:00+00,
746d3f48-bc71-5363-b6d9-849d868a6f18,6cf093a1-cd8a-564b-b39b-41329dd83d6d,05f60979-948c-56c4-8971-f733be532412,false,177,2022-05-24 08:00:00+00,2024-01-01 08:00:00+00,
3f2f24e4-31eb-5443-89ff-02c271878607,55e35894-b4a5-5023-bdf2-3ad8c8aad5f3,8f2d7823-5353-55b7-99c5-837cbc771d58,true,107,2023-10-24 08:00:00+00,2024-01-01 08:00:00+00,
453bd1b9-7812-5be0-8c7d-e1deb99f8583,18ba4ad1-c4d2-53cf-85c7-c2bf82838a1e,b0a7719d-51cd-5e7d-8e3d-67cc571130e0,true,154,2022-09-13 08:00:00+00,2024-01-01 08:00:00+00,
0447a444-37c3-52a6-a80a-f3a9a2d86dbf,18ba4ad1-c4d2-53cf-85c7-c2bf82838a1e,8f2d7823-5353-55b7-99c5-837cbc771d58,false,84,2023-10-31 08:00:00+00,2024-01-01 08:00:00+00,
43ee8277-a918-5304-9a52-cfba23fbc01f,30f10577-d903-5074-903d-6118be691fff,3bd995d9-5386-5200-b14c-337fc57a8bb6,true,183,2023-02-25 08:00:00+00,2024-01-01 08:00:00+00,
08babeee-4cb6-52b5-96c9-8eaf0984c284,30f10577-d903-5074-903d-6118be691fff,8f2d7823-5353-55b7-99c5-837cbc771d58,false,233,2022-10-18 08:00:00+00,2024-01-01 08:00:00+00,
35a5aaa7-7b99-51b5-9af3-5d004664886b,f96ecdcb-f8fb-593f-a228-4783419ee3a5,3bd995d9-5386-5200-b14c-337fc57a8bb6,true,135,2022-09-06 08:00:00+00,2024-01-01 08:00:00+00,
224a0071-ff95-5aea-bafe-769d2117eea3,f96ecdcb-f8fb-593f-a228-4783419ee3a5,b0a7719d-51cd-5e7d-8e3d-67cc571130e0,false,164,2023-02-04 08:00:00+00,2024-01-01 08:00:00+00,
137f4447-c22a-5086-be58-661368e6b4f4,1edb1be0-bcae-5fa7-abce-4ce11cc93335,8f2d7823-5353-55b7-99c5-837cbc771d58,true,79,2022-03-28 08:00:00+00,2024-01-01 08:00:00+00,
65365167-55a9-55cd-8420-3fba67348a37,1edb1be0-bcae-5fa7-abce-4ce11cc93335,05f60979-948c-56c4-8971-f733be532412,false,207,2022-07-23 08:00:00+00,2024-01-01 08:00:00+00,
06924a75-7d96-523f-aead-8fda272710ed,b6cef68d-6abd-54db-a2cf-609d3cf1ac35,8f2d7823-5353-55b7-99c5-837cbc771d58,true,211,2023-07-27 08:00:00+00,2024-01-01 08:00:00+00,
d334bc18-133e-514d-ad3e-5abd4b65e017,b6cef68d-6abd-54db-a2cf-609d3cf1ac35,c981f5ef-8774-5129-b83a-c9448b008bfa,false,130,2022-12-16 08:00:00+00,2024-01-01 08:00:00+00,
6f5c2ea2-60f4-5cb3-8d8a-fafd99900ea9,5df804fc-68d6-5f4c-9d0e-8708efdd3589,05f60979-948c-56c4-8971-f733be532412,true,135,2022-05-06 08:00:00+00,2024-01-01 08:00:00+00,
41c57194-b243-5779-872b-fb53f6a8f468,5df804fc-68d6-5f4c-9d0e-8708efdd3589,c981f5ef-8774-5129-b83a-c9448b008bfa,false,251,2022-09-26 08:00:00+00,2024-01-01 08:00:00+00,
75e9c0a3-3e50-545e-88c1-46ec0fbac03f,45fe74a1-0367-55bc-8ab8-61439538d777,8f2d7823-5353-55b7-99c5-837cbc771d58,true,206,2023-06-03 08:00:00+00,2024-01-01 08:00:00+00,
415a9d45-6ab5-577e-b9b4-cdda95d7a329,45fe74a1-0367-55bc-8ab8-61439538d777,05f60979-948c-56c4-8971-f733be532412,false,196,2022-03-21 08:00:00+00,2024-01-01 08:00:00+00,
75e09a30-49ab-5082-b73d-834b16144ca2,03a09bdd-7181-5f41-8232-5ff84b43be2c,8f2d7823-5353-55b7-99c5-837cbc771d58,true,91,2023-07-17 08:00:00+00,2024-01-01 08:00:00+00,
391c9dfb-9888-5c84-b9f9-91313ef74f25,0e5ba741-4bee-552d-94b5-8ae54a9125f6,8f2d7823-5353-55b7-99c5-837cbc771d58,true,61,2022-09-15 08:00:00+00,2024-01-01 08:00:00+00,
8cd107cf-adc6-568a-ad8b-16ade4f74aae,0e5ba741-4bee-552d-94b5-8ae54a9125f6,c981f5ef-8774-5129-b83a-c9448b008bfa,false,220,2023-11-08 08:00:00+00,2024-01-01 08:00:00+00,
8bdf718d-77af-5c46-860f-28ac54feaa14,0fe9310a-cece-5cd5-9a0c-bf078c9e9af6,c981f5ef-8774-5129-b83a-c9448b008bfa,true,248,2023-03-11 08:00:00+00,2024-01-01 08:00:00+00,
1e00e5e2-8870-5dd9-a75c-5015e9a95516,e92cbb3b-728c-5e52-8a21-763defcc048c,05f60979-948c-56c4-8971-f733be532412,true,182,2023-06-18 08:00:00+00,2024-01-01 08:00:00+00,
d9e5a294-74c9-5116-8d2b-043c2d07be0a,5d98cbcb-c4ac-548c-9ac6-ef877760ab5c,05f60979-948c-56c4-8971-f733be532412,true,221,2022-05-31 08:00:00+00,2024-01-01 08:00:00+00,
5718db15-8dd1-5838-b46f-8e5bcae1b59f,5d98cbcb-c4ac-548c-9ac6-ef877760ab5c,8f2d7823-5353-55b7-99c5-837cbc771d58,false,184,2023-04-23 08:00:00+00,2024-01-01 08:00:00+00,
f4f80fee-c131-590c-ae1d-686d96533b1c,60a9a279-5dc2-5fa9-8dd3-fe53d297b6dd,b0a7719d-51cd-5e7d-8e3d-67cc571130e0,true,84,2023-05-09 08:00:00+00,2024-01-01 08:00:00+00,
46d2695c-5a1e-5902-ac3f-2db56f0b57ea,6de9e48b-a0d4-5d1e-b9c8-1bc512e1e4a8,05f60979-948c-56c4-8971-f733be532412,true,141,2022-02-08 08:00:00+00,2024-01-01 08:00:00+00,
ac914505-799e-5546-935c-5428b2258737,6de9e48b-a0d4-5d1e-b9c8-1bc512e1e4a8,b0a7719d-51cd-5e7d-8e3d-67cc571130e0,false,275,2023-03-19 08:00:00+00,2024-01-01 08:00:00+00,
cc059e42-0815-551f-9e01-3463cc17eaaf,d04135f5-92a8-5afb-98b4-1843679a6ee7,b0a7719d-51cd-5e7d-8e3d-67cc571130e0,true,97,2022-05-05 08:00:00+00,2024-01-01 08:00:00+00,
0493422a-65a4-5839-bfd0-f3a715442af6,d04135f5-92a8-5afb-98b4-1843679a6ee7,8f2d7823-5353-55b7-99c5-837cbc771d58,false,155,2022-09-17 08:00:00+00,2024-01-01 08:00:00+00,
ca61dd7f-9d42-514e-a484-825f47830576,03d81a37-f63a-5ae7-8465-872cca64781d,3bd995d9-5386-5200-b14c-337fc57a8bb6,true,108,2022-11-28 08:00:00+00,2024-01-01 08:00:00+00,
7bad7c52-9622-5472-9b34-727fb9c6815d,fc61f28f-bda1-553d-9139-12bdd2becd71,c981f5ef-8774-5129-b83a-c9448b008bfa,true,118,2022-02-14 08:00:00+00,2024-01-01 08:00:00+00,
401ffd6c-1e34-5065-ab49-06c19ddd3a26,fc61f28f-bda1-553d-9139-12bdd2becd71,8f2d7823-5353-55b7-99c5-837cbc771d58,false,191,2023-10-10 08:00:00+00,2024-01-01 08:00:00+00,
878619a1-c9b3-58d2-937c-ebdcc648b585,54b7a329-7202-5203-92b6-46341e553fb1,05f60979-948c-56c4-8971-f733be532412,true,216,2023-09-12 08:00:00+00,2024-01-01 08:00:00+00,
2e69f1f3-eab6-5f44-9dbe-34e6225c5899,54b7a329-7202-5203-92b6-46341e553fb1,8f2d7823-5353-55b7-99c5-837cbc771d58,false,230,2023-01-24 08:00:00+00,2024-01-01 08:00:00+00,
ae46fed7-d455-50e6-9d2a-75f2c0b172ff,4aeadd28-768c-547f-98cd-e47c7ca29466,8f2d7823-5353-55b7-99c5-837cbc771d58,true,87,2022-07-28 08:00:00+00,2024-01-01 08:00:00+00,
a98fd942-1884-591c-b9f4-31ab5394955c,c2cdb5d0-0ca1-5109-bdf8-2c031de673c6,c981f5ef-8774-5129-b83a-c9448b008bfa,true,51,2022-02-07 08:00:00+00,2024-01-01 08:00:00+00,
d6ab1f99-457b-531a-ae46-d3c24b5370fa,238fa343-ebc0-5791-aedd-c2c5f3376d65,3bd995d9-5386-5200-b14c-337fc57a8bb6,true,236,2023-09-14 08:00:00+00,2024-01-01 08:00:00+00,
d8ca9631-79a3-5e95-92d8-0e8aca6a978a,238fa343-ebc0-5791-aedd-c2c5f3376d65,b0a7719d-51cd-5e7d-8e3d-67cc571130e0,false,88,2022-09-20 08:00:00+00,2024-01-01 08:00:00+00,
5491a5ab-222b-5429-a080-7bc526e38c49,0250ede2-d8ba-5bb0-b919-d66d27408f5b,c981f5ef-8774-5129-b83a-c9448b008bfa,true,212,2023-10-26 08:00:00+00,2024-01-01 08:00:00+00,
c1fca8c4-c319-5496-a8b9-3f2b50c71916,0250ede2-d8ba-5bb0-b919-d66d27408f5b,8f2d7823-5353-55b7-99c5-837cbc771d58,false,199,2022-09-14 08:00:00+00,2024-01-01 08:00:00+00,
9ea19b3c-c84f-5667-b2a3-81d09bbc3f99,c438bec8-3049-5b5c-a162-c39aedd0c3a3,c981f5ef-8774-5129-b83a-c9448b008bfa,true,204,2023-10-26 08:00:00+00,2024-01-01 08:00:00+00,
7c019a84-dd55-557d-94b9-d891c32a4bef,c8ce5526-8531-5803-ab37-241eb09e5b9f,3bd995d9-5386-5200-b14c-337fc57a8bb6,true,62,2022-03-31 08:00:00+00,2024-01-01 08:00:00+00,
4a8314e1-6e37-5f84-ab1d-99e6160fde24,3c469047-ec82-5339-90db-02ddfc89e850,8f2d7823-5353-55b7-99c5-837cbc771d58,true,150,2022-12-03 08:00:00+00,2024-01-01 08:00:00+00,
c747b0ec-4474-5cfb-98a6-b4d64edfaeba,aae942b7-1b7b-5ac9-8197-634dc96cc6eb,c981f5ef-8774-5129-b83a-c9448b008bfa,true,291,2023-01-18 08:00:00+00,2024-01-01 08:00:00+00,
8fef4d82-4805-58dc-b3ba-df46682f7923,aae942b7-1b7b-5ac9-8197-634dc96cc6eb,b0a7719d-51cd-5e7d-8e3d-67cc571130e0,false,289,2023-03-23 08:00:00+00,2024-01-01 08:00:00+00,
5a089e9b-52d6-5e2a-95ed-816f5c4a2bcd,acd64216-f37c-558a-a108-2cdd35dcde78,3bd995d9-5386-5200-b14c-337fc57a8bb6,true,74,2022-08-04 08:00:00+00,2024-01-01 08:00:00+00,
d96d436c-030b-536b-a9ca-7fc8fdba4a9a,5854ecef-cb15-55cc-bf60-33a29a32aa5c,8f2d7823-5353-55b7-99c5-837cbc771d58,true,217,2022-07-18 08:00:00+00,2024-01-01 08:00:00+00,
bea801fc-87d4-5259-acf8-3591ed829aee,5854ecef-cb15-55cc-bf60-33a29a32aa5c,05f60979-948c-56c4-8971-f733be532412,false,236,2023-01-31 08:00:00+00,2024-01-01 08:00:00+00,
0315f208-3874-5bb3-bfaf-63c23078fb1a,069703dd-83dd-5d87-b4a8-c46f353a85a6,3bd995d9-5386-5200-b14c-337fc57a8bb6,true,283,2022-02-08 08:00:00+00,2024-01-01 08:00:00+00,
d21d932e-2de5-56e0-b6b8-6bb0c2376431,7afe28b7-7fa0-564f-bf6e-e592056dfc5d,05f60979-948c-56c4-8971-f733be532412,true,137,2022-05-18 08:00:00+00,2024-01-01 08:00:00+00,
0fd91852-872e-5a84-ae5f-b3e2ce35eb2a,7afe28b7-7fa0-564f-bf6e-e592056dfc5d,b0a7719d-51cd-5e7d-8e3d-67cc571130e0,false,196,2022-07-02 08:00:00+00,2024-01-01 08:00:00+00,
ac896845-795a-595a-b837-208e6c3f7c92,1d9a8f89-ced8-5127-a011-ec2442085d85,05f60979-948c-56c4-8971-f733be532412,true,177,2023-05-13 08:00:00+00,2024-01-01 08:00:00+00,
08de71c2-7196-5d5c-9744-e20d7023500d,1d9a8f89-ced8-5127-a011-ec2442085d85,3bd995d9-5386-5200-b14c-337fc57a8bb6,false,90,2023-08-13 08:00:00+00,2024-01-01 08:00:00+00,
a6dca00a-2131-5dec-a3c8-a094ae4bbe90,7e0ce81d-174e-5ef8-8778-2ded0a43c05e,8f2d7823-5353-55b7-99c5-837cbc771d58,true,260,2022-10-19 08:00:00+00,2024-01-01 08:00:00+00,
bac570e8-ed69-5a43-9b8e-644f8e4722a8,7e0ce81d-174e-5ef8-8778-2ded0a43c05e,c981f5ef-8774-5129-b83a-c9448b008bfa,false,195,2023-08-16 08:00:00+00,2024-01-01 08:00:00+00,
277f2ddb-a124-5f65-ae56-032e493b72e9,93350c1f-6085-572f-a5ec-36eed3acda9f,8f2d7823-5353-55b7-99c5-837cbc771d58,true,65,2022-02-28 08:00:00+00,2024-01-01 08:00:00+00,
5c0334a3-cad9-5b8a-8ab7-a6656eafd4ae,4c4f69dc-870b-57f5-9160-cbd5d78ffb05,3bd995d9-5386-5200-b14c-337fc57a8bb6,true,258,2022-07-14 08:00:00+00,2024-01-01 08:00:00+00,
66204e6c-f128-5a79-a439-a6469d5a4e09,4c4f69dc-870b-57f5-9160-cbd5d78ffb05,b0a7719d-51cd-5e7d-8e3d-67cc571130e0,false,73,2023-04-28 08:00:00+00,2024-01-01 08:00:00+00,
e95d2819-7bad-5210-bfcf-ee13616e8037,c323240c-7123-5e2f-b175-7b663b4db0a6,3bd995d9-5386-5200-b14c-337fc57a8bb6,true,141,2023-10-29 08:00:00+00,2024-01-01 08:00:00+00,
660435b2-d4cf-5de2-b846-c26774f557a0,c323240c-7123-5e2f-b175-7b663b4db0a6,05f60979-948c-56c4-8971-f733be532412,false,293,2023-11-10 08:00:00+00,2024-01-01 08:00:00+00,
81f904dd-9c19-5b3b-8512-d49114dfc8af,a947fee2-00f8-5b6b-9daa-b2f295fc4ea8,c981f5ef-8774-5129-b83a-c9448b008bfa,true,87,2022-08-20 08:00:00+00,2024-01-01 08:00:00+00,
168e6a67-7554-53ae-8d21-bc182dfb3375,a947fee2-00f8-5b6b-9daa-b2f295fc4ea8,05f60979-948c-56c4-8971-f733be532412,false,157,2023-03-14 08:00:00+00,2024-01-01 08:00:00+00,
1c27cdab-f070-5f83-8ede-fb7f76961fe4,5ec8c66a-5779-5386-98f5-f565d62484c9,c981f5ef-8774-5129-b83a-c9448b008bfa,true,263,2022-04-22 08:00:00+00,2024-01-01 08:00:00+00,
ad49070f-557e-55ca-b822-4d39a03181ef,24dc0c89-2c2b-588c-916e-30fa3f5b0542,8f2d7823-5353-55b7-99c5-837cbc771d58,true,85,2022-09-17 08:00:00+00,2024-01-01 08:00:00+00,
4d94bead-2e02-5cd8-beb1-34abcd6f75d0,24dc0c89-2c2b-588c-916e-30fa3f5b0542,c981f5ef-8774-5129-b83a-c9448b008bfa,false,222,2022-12-03 08:00:00+00,2024-01-01 08:00:00+00,
4a55c3a5-3a81-5d75-9ae8-6a850e68b7a6,a053dcd6-e950-5c82-8c43-6b9e26e9f91d,c981f5ef-8774-5129-b83a-c9448b008bfa,true,299,2023-05-19 08:00:00+00,2024-01-01 08:00:00+00,
db132e48-dc60-502c-bab4-453dee295df2,5be7fe9f-3bce-58bf-9b7d-9f828af197e8,8f2d7823-5353-55b7-99c5-837cbc771d58,true,222,2023-03-08 08:00:00+00,2024-01-01 08:00:00+00,
b314bc88-7e1a-52bb-bac3-1e2cc286e805,5be7fe9f-3bce-58bf-9b7d-9f828af197e8,b0a7719d-51cd-5e7d-8e3d-67cc571130e0,false,70,2023-09-10 08:00:00+00,2024-01-01 08:00:00+00,
8e4622f0-9acd-521f-afba-d58cefcc10b2,a15307e2-ccf4-5e2b-bade-d3da049fcdff,3bd995d9-5386-5200-b14c-337fc57a8bb6,true,180,2022-11-15 08:00:00+00,2024-01-01 08:00:00+00,
fe4ee188-542f-5c62-b7c5-6735f9b0933f,a15307e2-ccf4-5e2b-bade-d3da049fcdff,05f60979-948c-56c4-8971-f733be532412,false,229,2022-04-25 08:00:00+00,2024-01-01 08:00:00+00,
fc112e15-ac88-5a88-8f2a-92b802df922c,abe57d9e-3e88-5f10-ac2e-144ecb805f2c,05f60979-948c-56c4-8971-f733be532412,true,137,2022-11-30 08:00:00+00,2024-01-01 08:00:00+00,
e6ab427a-66de-5e12-999e-9db9928e16c0,abe57d9e-3e88-5f10-ac2e-144ecb805f2c,8f2d7823-5353-55b7-99c5-837cbc771d58,false,203,2022-02-16 08:00:00+00,2024-01-01 08:00:00+00,
570489c4-2d00-56a8-b188-57a839455bbb,796b7aca-dc86-5f8a-acfa-6e8df252d248,c981f5ef-8774-5129-b83a-c9448b008bfa,true,65,2023-03-11 08:00:00+00,2024-01-01 08:00:00+00,
9485d1d9-6f15-55ad-8c67-15399d906e4a,796b7aca-dc86-5f8a-acfa-6e8df252d248,05f60979-948c-56c4-8971-f733be532412,false,235,2023-09-22 08:00:00+00,2024-01-01 08:00:00+00,
0af46c8b-9edf-517b-abfc-9d7ed3e1f0e1,9136f11e-37b1-5d88-8ae0-792519685ee3,c981f5ef-8774-5129-b83a-c9448b008bfa,true,296,2022-06-08 08:00:00+00,2024-01-01 08:00:00+00,
91899dd6-1d29-5be5-93ca-bad11cde0811,9136f11e-37b1-5d88-8ae0-792519685ee3,05f60979-948c-56c4-8971-f733be532412,false,238,2023-06-17 08:00:00+00,2024-01-01 08:00:00+00,
2d6c388c-8f47-5116-894c-26514aee3c0d,dc2ad847-6e7a-5aa5-a544-efadca4097c6,3bd995d9-5386-5200-b14c-337fc57a8bb6,true,256,2023-08-23 08:00:00+00,2024-01-01 08:00:00+00,
b094e3dd-fe0f-5c61-bb6c-c7f208f06230,ad7c3687-1694-553c-aff2-ec7c9e7f26fd,c981f5ef-8774-5129-b83a-c9448b008bfa,true,55,2023-03-25 08:00:00+00,2024-01-01 08:00:00+00,
39069533-29f8-50e1-a67d-2b766154f814,ad7c3687-1694-553c-aff2-ec7c9e7f26fd,05f60979-948c-56c4-8971-f733be532412,false,210,2023-07-18 08:00:00+00,2024-01-01 08:00:00+00,
143cd39c-e9e5-5dd0-af9e-74f1bea01095,0e2bf2f6-9189-5e42-bec6-1a3170c0d35f,8f2d7823-5353-55b7-99c5-837cbc771d58,true,125,2022-02-12 08:00:00+00,2024-01-01 08:00:00+00,
cb0d2b69-863f-56e7-a877-8951ae2e5e9a,0e2bf2f6-9189-5e42-bec6-1a3170c0d35f,c981f5ef-8774-5129-b83a-c9448b008bfa,false,248,2023-02-11 08:00:00+00,2024-01-01 08:00:00+00,
92321ab2-4b11-58f5-a92d-e08f60a826d3,0c1e0b2c-edb6-5133-8cb0-57a0382489f2,05f60979-948c-56c4-8971-f733be532412,true,248,2023-07-07 08:00:00+00,2024-01-01 08:00:00+00,
3ce24726-b15c-5a92-b1d5-11211c649e61,96598b68-ad98-5deb-b912-3e9a9a2909e6,c981f5ef-8774-5129-b83a-c9448b008bfa,true,184,2022-09-20 08:00:00+00,2024-01-01 08:00:00+00,
52b8f5c0-ea95-5c7c-ad27-da5de76c9a60,96598b68-ad98-5deb-b912-3e9a9a2909e6,8f2d7823-5353-55b7-99c5-837cbc771d58,false,292,2022-07-10 08:00:00+00,2024-01-01 08:00:00+00,
2788fbda-54f0-5ec2-9425-593d2da95060,d309617a-5d09-59fe-b1f7-7ac1cfb2ce24,3bd995d9-5386-5200-b14c-337fc57a8bb6,true,269,2022-08-06 08:00:00+00,2024-01-01 08:00:00+00,
31c64002-21b4-5be7-a156-fb6a6061f154,d309617a-5d09-59fe-b1f7-7ac1cfb2ce24,c981f5ef-8774-5129-b83a-c9448b008bfa,false,291,2022-08-24 08:00:00+00,2024-01-01 08:00:00+00,
7eca7134-ae2b-5361-8238-5adc364a1977,a68c8e58-f5db-5188-b1fb-d66a0439c97a,c981f5ef-8774-5129-b83a-c9448b008bfa,true,212,2022-02-19 08:00:00+00,2024-01-01 08:00:00+00,
10736b40-dd56-5e6f-bd57-05c79974a5a7,c8eb619e-5d6f-5950-89b4-6773c578d19b,c981f5ef-8774-5129-b83a-c9448b008bfa,true,88,2022-06-28 08:00:00+00,2024-01-01 08:00:00+00,
29a19569-dc23-5cd1-a27d-11168cdda3b5,c8eb619e-5d6f-5950-89b4-6773c578d19b,8f2d7823-5353-55b7-99c5-837cbc771d58,false,104,2023-02-03 08:00:00+00,2024-01-01 08:00:00+00,
445c79c8-eb88-5445-a616-c97b5fab449d,647f9d41-e6bd-5384-a81a-4fa96d4bc1bf,b0a7719d-51cd-5e7d-8e3d-67cc571130e0,true,253,2023-11-22 08:00:00+00,2024-01-01 08:00:00+00,
c9d19603-081d-573d-ab01-f1b3675008d3,2e8018a9-3283-5ffa-952b-f72ad36a2f7a,8f2d7823-5353-55b7-99c5-837cbc771d58,true,55,2023-10-31 08:00:00+00,2024-01-01 08:00:00+00,
a3d4a17c-9496-5965-9030-25c62566fb34,2e8018a9-3283-5ffa-952b-f72ad36a2f7a,3bd995d9-5386-5200-b14c-337fc57a8bb6,false,202,2022-04-25 08:00:00+00,2024-01-01 08:00:00+00,
14a9172d-8f9f-51bf-a227-91350442ebc8,c6f18937-c762-503b-ab4d-cf0ceefd1873,b0a7719d-51cd-5e7d-8e3d-67cc571130e0,true,124,2023-06-08 08:00:00+00,2024-01-01 08:00:00+00,
8cf901a9-e664-5c0b-a822-28d001fa585a,c6f18937-c762-503b-ab4d-cf0ceefd1873,c981f5ef-8774-5129-b83a-c9448b008bfa,false,207,2022-06-30 08:00:00+00,2024-01-01 08:00:00+00,
9e779a3c-ccb2-592e-8877-5ce5c61ad109,e5fe17e0-d41c-5342-9377-2af402882f5f,b0a7719d-51cd-5e7d-8e3d-67cc571130e0,true,195,2023-03-24 08:00:00+00,2024-01-01 08:00:00+00,
75a8136e-19fc-5802-95d3-5e04bd7bdb1e,5a92ecdd-8c16-56b2-bd01-c8beacac49d0,8f2d7823-5353-55b7-99c5-837cbc771d58,true,212,2023-03-12 08:00:00+00,2024-01-01 08:00:00+00,
5df42da7-2f53-5c03-b920-34b03937d45f,7ed89697-4e06-5900-ab07-b1c9a17bfde3,3bd995d9-5386-5200-b14c-337fc57a8bb6,true,82,2022-07-06 08:00:00+00,2024-01-01 08:00:00+00,
a677ab11-90d1-53f6-870b-09944f09aed3,6829795e-806a-5a29-add5-2200ac5325c9,8f2d7823-5353-55b7-99c5-837cbc771d58,true,141,2022-07-02 08:00:00+00,2024-01-01 08:00:00+00,
f0be328b-28a0-5528-9b7e-8b595a888c9e,3456fa01-8a37-561a-a207-9b6d2e04f1d0,b0a7719d-51cd-5e7d-8e3d-67cc571130e0,true,298,2023-10-12 08:00:00+00,2024-01-01 08:00:00+00,
6b4f00f5-41d3-5049-8f7b-4e54d5e3b4e4,3456fa01-8a37-561a-a207-9b6d2e04f1d0,8f2d7823-5353-55b7-99c5-837cbc771d58,false,297,2023-06-01 08:00:00+00,2024-01-01 08:00:00+00,
4c341be3-9c7e-5486-a369-ed11cc7a991f,9b9ed844-15fb-5bb8-b84b-097b4f492bc2,b0a7719d-51cd-5e7d-8e3d-67cc571130e0,true,50,2022-12-17 08:00:00+00,2024-01-01 08:00:00+00,
2cbf340f-1daa-572a-83fb-158afaba7d21,9b9ed844-15fb-5bb8-b84b-097b4f492bc2,3bd995d9-5386-5200-b14c-337fc57a8bb6,false,214,2022-11-25 08:00:00+00,2024-01-01 08:00:00+00,
17d9f349-1a4e-511b-8d6f-83a2e1f611ef,536bb678-5187-548d-bce4-c524b0c63dd2,b0a7719d-51cd-5e7d-8e3d-67cc571130e0,true,142,2022-06-09 08:00:00+00,2024-01-01 08:00:00+00,
11f37df4-1ec3-56a6-bd41-f66006558ab4,536bb678-5187-548d-bce4-c524b0c63dd2,3bd995d9-5386-5200-b14c-337fc57a8bb6,false,240,2023-03-10 08:00:00+00,2024-01-01 08:00:00+00,
3cdd8b93-790e-55b6-abdf-068baca4c170,178eebc0-9ca2-5759-b3cd-c238126419af,c981f5ef-8774-5129-b83a-c9448b008bfa,true,223,2022-12-08 08:00:00+00,2024-01-01 08:00:00+00,
1bac1af4-431b-563b-a6a3-35344554a027,2bd28890-fd51-56f0-9623-a592d68d1fa6,c981f5ef-8774-5129-b83a-c9448b008bfa,true,216,2023-07-05 08:00:00+00,2024-01-01 08:00:00+00,
5ffc8792-69fe-5a70-801e-f2bfcaac7cf1,2bd28890-fd51-56f0-9623-a592d68d1fa6,3bd995d9-5386-5200-b14c-337fc57a8bb6,false,247,2023-04-18 08:00:00+00,2024-01-01 08:00:00+00,
e1685b48-781b-541a-bead-8b0c27064d4e,d48bd2e0-4fdc-511b-8dfa-da883b76bd7c,05f60979-948c-56c4-8971-f733be532412,true,120,2023-10-06 08:00:00+00,2024-01-01 08:00:00+00,
8928075f-d363-5875-8aab-d47b59712456,d48bd2e0-4fdc-511b-8dfa-da883b76bd7c,c981f5ef-8774-5129-b83a-c9448b008bfa,false,233,2022-08-11 08:00:00+00,2024-01-01 08:00:00+00,
18a82fec-19c4-5cfb-b53b-462401ac02fb,c9b8fa11-8156-52ff-805f-363aa4e2d49a,b0a7719d-51cd-5e7d-8e3d-67cc571130e0,true,247,2023-11-12 08:00:00+00,2024-01-01 08:00:00+00,
0e3e2001-5011-5d87-b3c2-b88ec2ec40e9,284a5dc9-894d-53b3-8679-16e0f52a2229,05f60979-948c-56c4-8971-f733be532412,true,290,2023-04-01 08:00:00+00,2024-01-01 08:00:00+00,
50c2100e-38c5-5304-8229-471634ebd3c7,284a5dc9-894d-53b3-8679-16e0f52a2229,3bd995d9-5386-5200-b14c-337fc57a8bb6,false,201,2022-12-31 08:00:00+00,2024-01-01 08:00:00+00,
357689ed-c456-5d8c-a2aa-df5cc93a8de5,99b2e010-fbf0-5e10-b365-6c6313376b9f,05f60979-948c-56c4-8971-f733be532412,true,288,2022-08-29 08:00:00+00,2024-01-01 08:00:00+00,
432c002d-41c5-5924-bbea-2736b42f8fa0,99b2e010-fbf0-5e10-b365-6c6313376b9f,c981f5ef-8774-5129-b83a-c9448b008bfa,false,188,2023-03-02 08:00:00+00,2024-01-01 08:00:00+00,
050feaca-a227-5a1d-814a-1f43be84fe92,361620c3-1792-5cac-900d-bf62bbec9717,b0a7719d-51cd-5e7d-8e3d-67cc571130e0,true,240,2022-08-06 08:00:00+00,2024-01-01 08:00:00+00,
407e9fa1-5156-5667-8330-f3c448c6a4a5,361620c3-1792-5cac-900d-bf62bbec9717,3bd995d9-5386-5200-b14c-337fc57a8bb6,false,103,2023-07-29 08:00:00+00,2024-01-01 08:00:00+00,
e1f72a82-acc9-5da0-a2dd-a094848d8b30,035b12dc-29e0-5a47-9a4e-f8a7a34d25bb,b0a7719d-51cd-5e7d-8e3d-67cc571130e0,true,91,2023-09-18 08:00:00+00,2024-01-01 08:00:00+00,
c04b39b1-5c1e-5044-8500-9119adf08d48,9a597c4d-bd2e-54a5-91d3-9bf68906e55c,3bd995d9-5386-5200-b14c-337fc57a8bb6,true,96,2022-10-26 08:00:00+00,2024-01-01 08:00:00+00,
59296feb-7614-5844-bcd8-a9107767b22b,feefb0f5-6d3a-584d-9186-f0da04c5f1f8,05f60979-948c-56c4-8971-f733be532412,true,298,2022-06-27 08:00:00+00,2024-01-01 08:00:00+00,
7948ecbe-ff4d-52e1-9d8b-d0c9a83e8223,feefb0f5-6d3a-584d-9186-f0da04c5f1f8,3bd995d9-5386-5200-b14c-337fc57a8bb6,false,70,2023-01-09 08:00:00+00,2024-01-01 08:00:00+00,
b2f78702-d484-5935-98cd-daff6f70600b,7be0f85a-81af-55f4-b1b7-b0d7257921ff,c981f5ef-8774-5129-b83a-c9448b008bfa,true,299,2022-05-15 08:00:00+00,2024-01-01 08:00:00+00,
78aecb85-dc81-5e89-985e-d63606a13892,7be0f85a-81af-55f4-b1b7-b0d7257921ff,8f2d7823-5353-55b7-99c5-837cbc771d58,false,179,2022-04-14 08:00:00+00,2024-01-01 08:00:00+00,
b2bd9a8c-5495-5044-87ff-1c8aee175672,eae7cd03-5b14-5ee2-93a3-233b8adfdb0b,8f2d7823-5353-55b7-99c5-837cbc771d58,true,212,2022-08-23 08:00:00+00,2024-01-01 08:00:00+00,
5cc48aab-045f-5d26-b942-5c353ed961c6,1c2ac94e-7467-54bc-b3c7-916fd1253887,8f2d7823-5353-55b7-99c5-837cbc771d58,true,64,2022-11-19 08:00:00+00,2024-01-01 08:00:00+00,
9eb72265-a04c-5970-ae43-49f91deba362,2c723f43-3737-5874-9345-9c6bf8889de8,8f2d7823-5353-55b7-99c5-837cbc771d58,true,56,2022-03-06 08:00:00+00,2024-01-01 08:00:00+00,
2e544da6-515c-59cc-bd7c-bd0f349eff33,7636e075-101f-51a1-906f-129a90ecc618,3bd995d9-5386-5200-b14c-337fc57a8bb6,true,288,2023-07-22 08:00:00+00,2024-01-01 08:00:00+00,
3a2c0377-5de6-58d2-a9c7-b4bd88b94273,7636e075-101f-51a1-906f-129a90ecc618,8f2d7823-5353-55b7-99c5-837cbc771d58,false,148,2023-04-24 08:00:00+00,2024-01-01 08:00:00+00,
126f0086-9a1f-503d-bbe5-fb5799badc1e,7e53ba62-d14e-577b-8f04-424dbd02dde1,8f2d7823-5353-55b7-99c5-837cbc771d58,true,153,2023-06-02 08:00:00+00,2024-01-01 08:00:00+00,
2b215732-73f4-5549-9db9-8649ff9c2073,458d2065-068a-570f-a51b-0be79f7c1a30,05f60979-948c-56c4-8971-f733be532412,true,159,2022-12-25 08:00:00+00,2024-01-01 08:00:00+00,
16d0f625-4d69-5f9e-8918-32a857674957,458d2065-068a-570f-a51b-0be79f7c1a30,b0a7719d-51cd-5e7d-8e3d-67cc571130e0,false,165,2023-06-29 08:00:00+00,2024-01-01 08:00:00+00,
08c947d7-2793-5b2c-bfdd-01d76484c447,e6d7a848-838b-5319-bfc0-b5c9c91b67ec,8f2d7823-5353-55b7-99c5-837cbc771d58,true,205,2022-06-13 08:00:00+00,2024-01-01 08:00:00+00,
b6399078-5beb-56db-9e92-dbc1c48ef12b,cc798218-7e2b-5e73-86f5-98dbd080e79f,c981f5ef-8774-5129-b83a-c9448b008bfa,true,239,2022-07-18 08:00:00+00,2024-01-01 08:00:00+00,
19e6df2a-db7f-5c7a-8b5f-bcb040e2e49a,0f19cf89-4586-5463-ad0a-9b19388bf03c,8f2d7823-5353-55b7-99c5-837cbc771d58,true,181,2022-03-06 08:00:00+00,2024-01-01 08:00:00+00,
72441af2-abc2-5e84-b180-16288cfbb08a,45ac7597-29aa-5306-999b-c131c3d0a070,8f2d7823-5353-55b7-99c5-837cbc771d58,true,204,2022-06-21 08:00:00+00,2024-01-01 08:00:00+00,
9a293bd8-b891-595b-a634-195c910f8025,59ffebac-446c-5c52-81f5-560eabfcea87,8f2d7823-5353-55b7-99c5-837cbc771d58,true,91,2022-02-03 08:00:00+00,2024-01-01 08:00:00+00,
8208b0ee-ccb3-5574-a031-f272899aa875,59ffebac-446c-5c52-81f5-560eabfcea87,c981f5ef-8774-5129-b83a-c9448b008bfa,false,98,2022-03-07 08:00:00+00,2024-01-01 08:00:00+00,
9a793762-6d46-5d4c-b3d7-a2947f87deb8,67fa8c19-87b3-5522-b2d0-88e3996b0199,05f60979-948c-56c4-8971-f733be532412,true,194,2023-08-13 08:00:00+00,2024-01-01 08:00:00+00,
c57c7068-c25a-59c3-bf71-f4ebb6dfbc26,67fa8c19-87b3-5522-b2d0-88e3996b0199,8f2d7823-5353-55b7-99c5-837cbc771d58,false,257,2022-06-19 08:00:00+00,2024-01-01 08:00:00+00,
20492644-82eb-50d9-a78b-c734153dbffd,0e8601a5-0f34-5c86-9a6b-e975ed8be5f1,c981f5ef-8774-5129-b83a-c9448b008bfa,true,118,2023-08-14 08:00:00+00,2024-01-01 08:00:00+00,
399d96dc-b45e-546d-a690-09752a21d4f4,0e8601a5-0f34-5c86-9a6b-e975ed8be5f1,b0a7719d-51cd-5e7d-8e3d-67cc571130e0,false,271,2022-04-11 08:00:00+00,2024-01-01 08:00:00+00,
4e4145d0-44b3-5c3f-8aeb-f0635723f24e,6e89d957-8fb0-56bc-963e-febed9013ca5,b0a7719d-51cd-5e7d-8e3d-67cc571130e0,true,284,2022-11-26 08:00:00+00,2024-01-01 08:00:00+00,
c4e54ed8-f67b-52db-b7db-9c6ee284ebef,92ce0fdf-0e21-561f-ac48-099a790645ef,b0a7719d-51cd-5e7d-8e3d-67cc571130e0,true,184,2023-06-16 08:00:00+00,2024-01-01 08:00:00+00,
2a82221b-9398-58ae-af8c-1c9b0010e1e4,92ce0fdf-0e21-561f-ac48-099a790645ef,05f60979-948c-56c4-8971-f733be532412,false,152,2023-07-05 08:00:00+00,2024-01-01 08:00:00+00,
0369f976-5b92-5161-becb-5999dbdc0e91,3e124849-6461-538c-8429-6d9736d60849,3bd995d9-5386-5200-b14c-337fc57a8bb6,true,157,2022-12-07 08:00:00+00,2024-01-01 08:00:00+00,
74db98a7-af0a-5ce8-96af-ab5b4bbd2f38,5571ac7e-69aa-5616-935d-c1453a1db947,c981f5ef-8774-5129-b83a-c9448b008bfa,true,204,2022-04-20 08:00:00+00,2024-01-01 08:00:00+00,
37c4bf7e-401a-5965-9b89-6138f7d9a520,e782912f-91ef-5b7e-a2e7-3e7ca5dc99bb,05f60979-948c-56c4-8971-f733be532412,true,287,2023-02-15 08:00:00+00,2024-01-01 08:00:00+00,
35094263-5b89-5e37-85ac-8635b6cc708b,e782912f-91ef-5b7e-a2e7-3e7ca5dc99bb,8f2d7823-5353-55b7-99c5-837cbc771d58,false,164,2022-05-25 08:00:00+00,2024-01-01 08:00:00+00,
444d93d8-4129-550c-beb9-9d24338ccf90,1143c906-11f5-52aa-86fe-6531a57d5436,3bd995d9-5386-5200-b14c-337fc57a8bb6,true,214,2022-12-28 08:00:00+00,2024-01-01 08:00:00+00,
52a0f0f1-3c7f-5ef8-94e6-bacdce5ee322,1143c906-11f5-52aa-86fe-6531a57d5436,c981f5ef-8774-5129-b83a-c9448b008bfa,false,238,2023-04-17 08:00:00+00,2024-01-01 08:00:00+00,
e8c2c7f1-0e7b-51dd-b907-bb973c00d5a1,31910062-8786-54e3-997b-6c84a408c7f1,05f60979-948c-56c4-8971-f733be532412,true,68,2022-02-07 08:00:00+00,2024-01-01 08:00:00+00,
a619c0bc-99b4-5849-9d98-bd43c865fe48,a74d3b49-8f11-5979-b0d3-c1ae5c9fd2ae,b0a7719d-51cd-5e7d-8e3d-67cc571130e0,true,68,2023-04-28 08:00:00+00,2024-01-01 08:00:00+00,
d573ae02-25ca-5fb8-8a8f-78780cee7f45,a74d3b49-8f11-5979-b0d3-c1ae5c9fd2ae,05f60979-948c-56c4-8971-f733be532412,false,214,2023-01-31 08:00:00+00,2024-01-01 08:00:00+00,
d81bcaf0-65ac-506c-b31d-e57895372874,c201eb71-7025-5649-ad87-e1163e0657db,c981f5ef-8774-5129-b83a-c9448b008bfa,true,275,2023-09-28 08:00:00+00,2024-01-01 08:00:00+00,
803a2bb3-4e36-5b80-a1d7-0d2ebb0f4467,c201eb71-7025-5649-ad87-e1163e0657db,8f2d7823-5353-55b7-99c5-837cbc771d58,false,207,2022-09-25 08:00:00+00,2024-01-01 08:00:00+00,
3cca5e3d-2a7b-5bb7-92de-8c1bb2a82486,b29606e8-cb7e-5ea6-9e0c-8c65b4640a98,8f2d7823-5353-55b7-99c5-837cbc771d58,true,147,2022-11-28 08:00:00+00,2024-01-01 08:00:00+00,
22a1e348-c722-5009-84b9-f081b259a201,634a48f4-c670-5279-bf7d-2281540bbc40,05f60979-948c-56c4-8971-f733be532412,true,78,2023-11-12 08:00:00+00,2024-01-01 08:00:00+00,
dcc9cc94-b559-5b67-8f5b-5ce10f3ed4dc,3166b118-382c-596f-b04f-1c7ca750f781,3bd995d9-5386-5200-b14c-337fc57a8bb6,true,93,2022-07-10 08:00:00+00,2024-01-01 08:00:00+00,
3b4de8a6-ebd9-5e52-a5be-b6462f42c867,0b57b54f-83a3-5881-ae8f-1018b6a68ce0,c981f5ef-8774-5129-b83a-c9448b008bfa,true,277,2022-06-16 08:00:00+00,2024-01-01 08:00:00+00,
0e531811-054e-55ec-9a1a-3eb1779f6f2b,0b57b54f-83a3-5881-ae8f-1018b6a68ce0,b0a7719d-51cd-5e7d-8e3d-67cc571130e0,false,221,2022-08-14 08:00:00+00,2024-01-01 08:00:00+00,
e3e2f724-43ab-5dff-b105-c5b6fd4582d2,54abc3c2-bf26-55ba-8a58-c69096088c39,3bd995d9-5386-5200-b14c-337fc57a8bb6,true,139,2023-08-01 08:00:00+00,2024-01-01 08:00:00+00,
462a1308-8633-5141-8992-dfff86bc9976,ac33c202-4d37-522f-b226-dfabf8624996,c981f5ef-8774-5129-b83a-c9448b008bfa,true,108,2022-06-25 08:00:00+00,2024-01-01 08:00:00+00,
78f58e05-5427-5578-b236-a89e8b7dc17c,3413c536-3ea8-5937-8285-a940b6752dc8,8f2d7823-5353-55b7-99c5-837cbc771d58,true,99,2023-08-27 08:00:00+00,2024-01-01 08:00:00+00,
1e57c24b-c047-5e3f-9c40-35669b327eb7,ae1ef0df-9f90-5ef0-8e30-88a817370401,c981f5ef-8774-5129-b83a-c9448b008bfa,true,280,2023-04-26 08:00:00+00,2024-01-01 08:00:00+00,
4f6c30aa-9e9c-522f-805e-3bf2c9eb3a1d,ac00bc38-3e87-512b-9886-596ac0c15e29,8f2d7823-5353-55b7-99c5-837cbc771d58,true,93,2022-05-12 08:00:00+00,2024-01-01 08:00:00+00,
649681af-63c1-5044-89c7-7a16070a937b,ac00bc38-3e87-512b-9886-596ac0c15e29,05f60979-948c-56c4-8971-f733be532412,false,169,2022-02-22 08:00:00+00,2024-01-01 08:00:00+00,
cb04ae97-e0b7-5dd5-bdc3-e04c8ef078fd,7684759a-a3a4-57f3-a8c4-06c9070e2c82,8f2d7823-5353-55b7-99c5-837cbc771d58,true,123,2022-11-03 08:00:00+00,2024-01-01 08:00:00+00,
51fc0b5d-6940-586b-bf86-a3fbbf1082fd,d65558f1-fcf1-5a70-a9f8-ad33cd381431,05f60979-948c-56c4-8971-f733be532412,true,151,2022-06-23 08:00:00+00,2024-01-01 08:00:00+00,
efac2659-bbad-5466-9140-3ee45d883b89,1325d392-c0ec-5883-9276-f6df97489651,c981f5ef-8774-5129-b83a-c9448b008bfa,true,72,2023-09-15 08:00:00+00,2024-01-01 08:00:00+00,
be5ca4d0-b5dd-5eca-b45a-fbb82858635e,1325d392-c0ec-5883-9276-f6df97489651,05f60979-948c-56c4-8971-f733be532412,false,241,2022-12-11 08:00:00+00,2024-01-01 08:00:00+00,
6bd82498-1827-555e-9fe2-86d002ea3bfa,1b17ec61-8c8f-5c1d-ba66-ccb525a5aff9,c981f5ef-8774-5129-b83a-c9448b008bfa,true,244,2023-05-05 08:00:00+00,2024-01-01 08:00:00+00,
00723890-1b05-516a-b166-479a919fbace,d169eaef-e322-5885-85aa-6c7a748bf3e6,05f60979-948c-56c4-8971-f733be532412,true,163,2023-01-04 08:00:00+00,2024-01-01 08:00:00+00,
db9d2f33-ce08-5c38-9dd0-8c1663a557f2,d169eaef-e322-5885-85aa-6c7a748bf3e6,3bd995d9-5386-5200-b14c-337fc57a8bb6,false,164,2022-03-25 08:00:00+00,2024-01-01 08:00:00+00,
e5f3cd89-4604-59d6-b328-920a02b0162a,76c2b0e7-1c6a-57c1-a35d-133cfa9e8fc5,3bd995d9-5386-5200-b14c-337fc57a8bb6,true,129,2022-02-04 08:00:00+00,2024-01-01 08:00:00+00,
e052c50a-defd-5cca-b371-e76fd57cc90d,936c1441-f1dc-593a-8181-63c9bf0718ed,c981f5ef-8774-5129-b83a-c9448b008bfa,true,257,2023-08-07 08:00:00+00,2024-01-01 08:00:00+00,
dafb3f82-b723-53e1-9286-2c50eeb37a75,936c1441-f1dc-593a-8181-63c9bf0718ed,b0a7719d-51cd-5e7d-8e3d-67cc571130e0,false,201,2022-05-03 08:00:00+00,2024-01-01 08:00:00+00,
bd12cc83-418d-518c-9db1-38a1193cf447,476515e4-d518-5a11-bcfc-848bcba096d9,c981f5ef-8774-5129-b83a-c9448b008bfa,true,298,2022-04-23 08:00:00+00,2024-01-01 08:00:00+00,
7cfb8310-3587-551a-9eb0-a713a35a35b4,476515e4-d518-5a11-bcfc-848bcba096d9,b0a7719d-51cd-5e7d-8e3d-67cc571130e0,false,298,2022-02-03 08:00:00+00,2024-01-01 08:00:00+00,
81076676-8fef-5cca-a22f-54382559d803,acc77ca1-7fbc-5074-a274-e1024e576cf1,05f60979-948c-56c4-8971-f733be532412,true,221,2023-05-09 08:00:00+00,2024-01-01 08:00:00+00,
1dc2578a-ce57-5e51-b6e9-c9bb1a4a4948,acc77ca1-7fbc-5074-a274-e1024e576cf1,c981f5ef-8774-5129-b83a-c9448b008bfa,false,191,2023-02-21 08:00:00+00,2024-01-01 08:00:00+00,
aa1d5ea9-3bdc-5ef4-8ad4-4a09c57ed777,a20c4f8c-8d3e-5045-a1b6-5067e3c63e21,b0a7719d-51cd-5e7d-8e3d-67cc571130e0,true,292,2023-07-11 08:00:00+00,2024-01-01 08:00:00+00,
ef28d82a-7041-5206-9ba2-25725dc5c0ff,42785013-0e87-5437-a07b-3c9198b61384,8f2d7823-5353-55b7-99c5-837cbc771d58,true,266,2022-12-04 08:00:00+00,2024-01-01 08:00:00+00,
466839fd-f037-5f8f-8dc5-c5606f04c95f,42785013-0e87-5437-a07b-3c9198b61384,3bd995d9-5386-5200-b14c-337fc57a8bb6,false,165,2023-04-12 08:00:00+00,2024-01-01 08:00:00+00,
86df5746-ec69-573e-81d1-7349eab42906,67a868fc-8db1-5067-b092-75cd6cf39fef,b0a7719d-51cd-5e7d-8e3d-67cc571130e0,true,51,2022-02-08 08:00:00+00,2024-01-01 08:00:00+00,
3a52452c-b666-5fa6-89ae-8d4a56da3214,67a868fc-8db1-5067-b092-75cd6cf39fef,c981f5ef-8774-5129-b83a-c9448b008bfa,false,163,2023-10-03 08:00:00+00,2024-01-01 08:00:00+00,
54788ee3-d4f4-54e6-b251-2119375f9bae,83efdab0-3166-56f8-9514-a8c5c9fc1c5b,3bd995d9-5386-5200-b14c-337fc57a8bb6,true,139,2023-09-03 08:00:00+00,2024-01-01 08:00:00+00,
d2fd36a4-1fe7-53ad-82ef-98164c269a63,83efdab0-3166-56f8-9514-a8c5c9fc1c5b,05f60979-948c-56c4-8971-f733be532412,false,215,2023-08-03 08:00:00+00,2024-01-01 08:00:00+00,
197ccf8e-8138-53e8-abff-65e7a9a97dcb,b8675551-c286-5d9b-bf0b-6eeee5a3db28,05f60979-948c-56c4-8971-f733be532412,true,72,2022-02-02 08:00:00+00,2024-01-01 08:00:00+00,
c0f0be1f-ec3d-576e-8f64-0a05573566e0,d62ac8a9-a66c-5a69-a43b-530c1dc471d2,8f2d7823-5353-55b7-99c5-837cbc771d58,true,54,2022-08-01 08:00:00+00,2024-01-01 08:00:00+00,
e9e4afbf-4c57-562a-bd7b-15a21fe74974,d62ac8a9-a66c-5a69-a43b-530c1dc471d2,05f60979-948c-56c4-8971-f733be532412,false,140,2022-04-19 08:00:00+00,2024-01-01 08:00:00+00,
ca1cc012-d66a-591b-bf90-e68e30a0e0ad,fbc8c868-5f0e-523a-a49b-29927a83d9de,c981f5ef-8774-5129-b83a-c9448b008bfa,true,121,2022-11-15 08:00:00+00,2024-01-01 08:00:00+00,
3fc7edee-666f-5dad-ba7f-d1378a3ee3ed,1ef93f98-b5e5-5003-b47f-f1509fe24a2b,8f2d7823-5353-55b7-99c5-837cbc771d58,true,208,2022-10-11 08:00:00+00,2024-01-01 08:00:00+00,
2321ebbf-5007-5d72-aaf5-da6a03df6ae2,1ef93f98-b5e5-5003-b47f-f1509fe24a2b,3bd995d9-5386-5200-b14c-337fc57a8bb6,false,256,2022-10-16 08:00:00+00,2024-01-01 08:00:00+00,
252b17d9-22c8-53a4-9f50-09b77ccefabc,e2632e9a-d2c2-5563-b05d-0658ede18f9a,8f2d7823-5353-55b7-99c5-837cbc771d58,true,297,2023-08-30 08:00:00+00,2024-01-01 08:00:00+00,
a0df81a9-ab11-56fd-a368-1ad422d10e11,e2632e9a-d2c2-5563-b05d-0658ede18f9a,3bd995d9-5386-5200-b14c-337fc57a8bb6,false,234,2022-12-27 08:00:00+00,2024-01-01 08:00:00+00,
9cd7c5b0-3caf-5fb0-b79e-4f1e98f9a7e5,a5911f26-8e64-5014-a4ea-aa86e62bb16c,c981f5ef-8774-5129-b83a-c9448b008bfa,true,110,2023-02-27 08:00:00+00,2024-01-01 08:00:00+00,
572316b9-c447-5ac9-a3eb-9aa32433fe87,d8feb08a-6848-50fa-a3a1-5d213bdcc5d8,3bd995d9-5386-5200-b14c-337fc57a8bb6,true,50,2023-05-27 08:00:00+00,2024-01-01 08:00:00+00,
9f24d000-da3d-5362-adb7-14a8c3f54c54,08499fb5-00e2-5b2d-b935-51baf983d8a0,c981f5ef-8774-5129-b83a-c9448b008bfa,true,166,2022-11-10 08:00:00+00,2024-01-01 08:00:00+00,
32c02845-10ed-5770-8dbe-94888f39f141,08499fb5-00e2-5b2d-b935-51baf983d8a0,b0a7719d-51cd-5e7d-8e3d-67cc571130e0,false,227,2023-01-25 08:00:00+00,2024-01-01 08:00:00+00,
ebb297d6-0926-5f4b-97dc-6144de5ee2e5,8a933c9c-2d19-5e10-90ab-f8dfbbc74cfa,c981f5ef-8774-5129-b83a-c9448b008bfa,true,266,2022-02-13 08:00:00+00,2024-01-01 08:00:00+00,
e2073981-ba95-5d81-92de-d4f03b2204af,8a933c9c-2d19-5e10-90ab-f8dfbbc74cfa,8f2d7823-5353-55b7-99c5-837cbc771d58,false,266,2022-10-24 08:00:00+00,2024-01-01 08:00:00+00,
debf3ae9-d7a5-569c-b75e-21fc6d4027c6,fa9b33cd-f35a-5f3f-b1ee-a64f6720531d,8f2d7823-5353-55b7-99c5-837cbc771d58,true,235,2023-07-13 08:00:00+00,2024-01-01 08:00:00+00,
a13890b6-7369-5150-8e6e-b42dd68e3cb6,fa9b33cd-f35a-5f3f-b1ee-a64f6720531d,05f60979-948c-56c4-8971-f733be532412,false,200,2022-02-12 08:00:00+00,2024-01-01 08:00:00+00,
d93e86ff-22db-52c3-9687-f36f0c90d51f,769bb12f-404c-597c-b545-a0abaa90cc90,8f2d7823-5353-55b7-99c5-837cbc771d58,true,71,2023-10-03 08:00:00+00,2024-01-01 08:00:00+00,
b8afc05a-bc87-54a9-b6c1-012de874d169,769bb12f-404c-597c-b545-a0abaa90cc90,c981f5ef-8774-5129-b83a-c9448b008bfa,false,136,2023-11-30 08:00:00+00,2024-01-01 08:00:00+00,
4fa4056c-5a03-5a2f-abc2-ca98a1fef7c9,2ceee91f-0f63-5495-8889-2c002426c0a8,b0a7719d-51cd-5e7d-8e3d-67cc571130e0,true,207,2023-11-11 08:00:00+00,2024-01-01 08:00:00+00,
29dc6f33-d03e-5e83-90d1-16c7d5e8ec88,2ceee91f-0f63-5495-8889-2c002426c0a8,c981f5ef-8774-5129-b83a-c9448b008bfa,false,252,2023-06-30 08:00:00+00,2024-01-01 08:00:00+00,
3523ad05-193d-59c2-8d92-68787624e3e5,f3a2223c-2b1d-5537-a8bf-76876e45692b,05f60979-948c-56c4-8971-f733be532412,true,63,2022-03-16 08:00:00+00,2024-01-01 08:00:00+00,
25eb4583-f606-5ccd-bb36-a1a0402c97f7,b914c030-fa02-5b2f-9f2a-668c69d78c72,8f2d7823-5353-55b7-99c5-837cbc771d58,true,80,2023-01-18 08:00:00+00,2024-01-01 08:00:00+00,
4cf6a70e-548f-5404-953f-7590ae37b564,b914c030-fa02-5b2f-9f2a-668c69d78c72,05f60979-948c-56c4-8971-f733be532412,false,229,2022-07-24 08:00:00+00,2024-01-01 08:00:00+00,
2d4d73e9-0b91-5272-8a58-7c7ec36eec61,9a8dee6d-bae2-50e3-9873-d0335c7adb4c,8f2d7823-5353-55b7-99c5-837cbc771d58,true,264,2023-08-24 08:00:00+00,2024-01-01 08:00:00+00,
edfa980a-962e-57d1-b770-51f913ee5d9e,e34ae772-ffc0-5088-9630-fc315c5e8a44,c981f5ef-8774-5129-b83a-c9448b008bfa,true,267,2022-08-16 08:00:00+00,2024-01-01 08:00:00+00,
a8eabe22-7be0-5397-b147-216c6420595e,e34ae772-ffc0-5088-9630-fc315c5e8a44,05f60979-948c-56c4-8971-f733be532412,false,106,2023-11-20 08:00:00+00,2024-01-01 08:00:00+00,
c6597daf-4f79-5195-82b8-3d44551c354b,6d70310c-fcc7-5de5-b070-485695156841,05f60979-948c-56c4-8971-f733be532412,true,92,2022-05-25 08:00:00+00,2024-01-01 08:00:00+00,
e8e7a4e4-6fa8-54d4-a085-cada3f48cde0,6d70310c-fcc7-5de5-b070-485695156841,c981f5ef-8774-5129-b83a-c9448b008bfa,false,202,2023-12-02 08:00:00+00,2024-01-01 08:00:00+00,
ecd7da91-cbdf-514b-9c85-aaa512790b10,a286bd26-c27b-5f98-a0d7-c4176cf9256b,b0a7719d-51cd-5e7d-8e3d-67cc571130e0,true,212,2022-10-01 08:00:00+00,2024-01-01 08:00:00+00,
d666ebc1-4e0a-510f-9f1f-5ef020be39df,a286bd26-c27b-5f98-a0d7-c4176cf9256b,3bd995d9-5386-5200-b14c-337fc57a8bb6,false,88,2022-04-19 08:00:00+00,2024-01-01 08:00:00+00,
9a17ecc3-794c-5217-a52b-1a567c6a638a,db305fa5-81f8-57fd-a987-b71fe6886717,3bd995d9-5386-5200-b14c-337fc57a8bb6,true,289,2022-04-22 08:00:00+00,2024-01-01 08:00:00+00,
7cbcef3e-5162-5ae8-abaa-65dadc0aaef7,d810e4a6-fd8f-5ed4-b35e-9dbf80d34cee,3bd995d9-5386-5200-b14c-337fc57a8bb6,true,272,2023-10-06 08:00:00+00,2024-01-01 08:00:00+00,
7b49789d-5406-55e3-9cfa-0f83f3c99130,d810e4a6-fd8f-5ed4-b35e-9dbf80d34cee,c981f5ef-8774-5129-b83a-c9448b008bfa,false,172,2023-08-10 08:00:00+00,2024-01-01 08:00:00+00,
ba463b3b-14f1-5246-9610-5cb8381c2140,e0abb970-c011-5ee2-9cc1-995272b3e478,8f2d7823-5353-55b7-99c5-837cbc771d58,true,151,2023-07-31 08:00:00+00,2024-01-01 08:00:00+00,
0cffe76e-1a98-5a77-bae1-cc028a9d1da2,50ce0459-5c76-5a00-a019-cff31d1ff844,b0a7719d-51cd-5e7d-8e3d-67cc571130e0,true,106,2022-09-15 08:00:00+00,2024-01-01 08:00:00+00,
4756dc0a-a6c3-5e29-9e8e-5fb7979ccf43,50ce0459-5c76-5a00-a019-cff31d1ff844,3bd995d9-5386-5200-b14c-337fc57a8bb6,false,266,2022-08-19 08:00:00+00,2024-01-01 08:00:00+00,
310e01bc-81e9-5b08-b164-8525ec6e75a6,2ad3b27e-3be3-5ad8-aaeb-da6a2426a327,c981f5ef-8774-5129-b83a-c9448b008bfa,true,197,2023-10-03 08:00:00+00,2024-01-01 08:00:00+00,
e3bbaff6-2ba3-5cba-9c65-af711516422c,3968b367-ea50-5d3d-8e45-0d5dec446600,3bd995d9-5386-5200-b14c-337fc57a8bb6,true,167,2022-04-24 08:00:00+00,2024-01-01 08:00:00+00,
ddc160b5-f2a5-5dbf-87f8-462ed34164c6,3968b367-ea50-5d3d-8e45-0d5dec446600,b0a7719d-51cd-5e7d-8e3d-67cc571130e0,false,213,2022-08-09 08:00:00+00,2024-01-01 08:00:00+00,
4541e079-bfb4-50ba-a1ee-586eec547bd1,977285e7-203f-552e-a51d-277b7de6e702,b0a7719d-51cd-5e7d-8e3d-67cc571130e0,true,222,2023-05-09 08:00:00+00,2024-01-01 08:00:00+00,
ff0baa3f-11fc-522a-b7ed-793c21f7593a,977285e7-203f-552e-a51d-277b7de6e702,8f2d7823-5353-55b7-99c5-837cbc771d58,false,76,2022-04-03 08:00:00+00,2024-01-01 08:00:00+00,
38843be5-4f70-5b25-8cbb-de4011173051,be57e811-e5ac-51e3-abbf-4c128b409f7c,8f2d7823-5353-55b7-99c5-837cbc771d58,true,58,2022-04-30 08:00:00+00,2024-01-01 08:00:00+00,
0719943b-d4b5-5adc-8206-396ef4892313,be57e811-e5ac-51e3-abbf-4c128b409f7c,b0a7719d-51cd-5e7d-8e3d-67cc571130e0,false,288,2022-03-06 08:00:00+00,2024-01-01 08:00:00+00,
1f040731-4bf2-5a6b-835e-bd4edac5bccc,18df7126-535a-5f75-9266-05c28d1775d3,3bd995d9-5386-5200-b14c-337fc57a8bb6,true,119,2022-03-12 08:00:00+00,2024-01-01 08:00:00+00,
f35079b9-eb9f-5e8d-a3ad-d5c146e6cf90,18df7126-535a-5f75-9266-05c28d1775d3,8f2d7823-5353-55b7-99c5-837cbc771d58,false,157,2023-09-23 08:00:00+00,2024-01-01 08:00:00+00,
365cb15f-56a5-5bea-b61a-914fb66f32d0,bc67b70b-2df5-51c1-ba63-a0aab104d29e,05f60979-948c-56c4-8971-f733be532412,true,204,2022-06-27 08:00:00+00,2024-01-01 08:00:00+00,
b5afbce4-8584-58c4-ae23-b7f4f99635cc,b9f3e0e7-a91b-5a9f-a7c6-718f23524270,3bd995d9-5386-5200-b14c-337fc57a8bb6,true,181,2022-07-19 08:00:00+00,2024-01-01 08:00:00+00,
8bafd7a5-6542-5f3d-bda0-66d04e4b7eb2,83d02d02-a0fe-5b82-add1-f98459dbd6b2,8f2d7823-5353-55b7-99c5-837cbc771d58,true,267,2022-05-05 08:00:00+00,2024-01-01 08:00:00+00,
8124d188-a71b-501e-a715-66aa40bc2e3b,83d02d02-a0fe-5b82-add1-f98459dbd6b2,b0a7719d-51cd-5e7d-8e3d-67cc571130e0,false,188,2022-06-30 08:00:00+00,2024-01-01 08:00:00+00,
7ee78851-73cd-5519-872a-8b305e18cb6e,1bbb8039-7660-50a9-9173-cd301f522c42,c981f5ef-8774-5129-b83a-c9448b008bfa,true,249,2023-04-25 08:00:00+00,2024-01-01 08:00:00+00,
b4186f50-9df9-5b5d-a215-6703be5084ac,8f7ca616-e1f9-5c6e-9d9e-616f0c070207,c981f5ef-8774-5129-b83a-c9448b008bfa,true,185,2022-10-27 08:00:00+00,2024-01-01 08:00:00+00,
97edbd5f-e660-52cf-a16c-3e90545c26f4,8f7ca616-e1f9-5c6e-9d9e-616f0c070207,8f2d7823-5353-55b7-99c5-837cbc771d58,false,187,2022-09-17 08:00:00+00,2024-01-01 08:00:00+00,
2df3faf0-3477-5c24-a6a7-c43ec9e74c50,41b68cc4-4d6c-59c2-850a-e8a1d320dcf6,8f2d7823-5353-55b7-99c5-837cbc771d58,true,114,2022-07-06 08:00:00+00,2024-01-01 08:00:00+00,
fa6bc10d-4dbc-57ee-9867-ba4ad18f06ce,98906f6b-01c5-5d30-9622-4552c41ca5f7,05f60979-948c-56c4-8971-f733be532412,true,53,2023-10-27 08:00:00+00,2024-01-01 08:00:00+00,
e53653b0-96e4-5bac-94c4-7341dafb3bdd,e4680bc5-6511-5234-9ff8-c0100b415edf,3bd995d9-5386-5200-b14c-337fc57a8bb6,true,115,2022-07-21 08:00:00+00,2024-01-01 08:00:00+00,
7228ed56-7ba2-5013-8c1d-443576e5f03c,e4680bc5-6511-5234-9ff8-c0100b415edf,c981f5ef-8774-5129-b83a-c9448b008bfa,false,258,2022-12-27 08:00:00+00,2024-01-01 08:00:00+00,
fd67e08f-9080-5694-a12b-607d9390074b,03a1cc8a-6e39-52cd-9e22-14c94359d19a,3bd995d9-5386-5200-b14c-337fc57a8bb6,true,257,2023-05-17 08:00:00+00,2024-01-01 08:00:00+00,
caeb8d7a-c4af-5c74-9d12-8579e3bb1f31,03a1cc8a-6e39-52cd-9e22-14c94359d19a,b0a7719d-51cd-5e7d-8e3d-67cc571130e0,false,268,2023-04-25 08:00:00+00,2024-01-01 08:00:00+00,
e28a8b02-83bd-5ec5-999f-e13ce96ede31,d1165993-4239-5f52-b02f-f3920f4d1364,8f2d7823-5353-55b7-99c5-837cbc771d58,true,236,2023-09-04 08:00:00+00,2024-01-01 08:00:00+00,
cee4cd4b-b867-5fa9-a167-ad22b751d79a,d1165993-4239-5f52-b02f-f3920f4d1364,05f60979-948c-56c4-8971-f733be532412,false,66,2023-01-01 08:00:00+00,2024-01-01 08:00:00+00,
3cef8fd9-4cea-5de3-9fea-8620aeb47daa,29f300b1-eeb4-5dae-aba1-51a5d37719ae,8f2d7823-5353-55b7-99c5-837cbc771d58,true,120,2023-11-14 08:00:00+00,2024-01-01 08:00:00+00,
42dd23a0-b35d-5395-9ee6-f779765d6865,29f300b1-eeb4-5dae-aba1-51a5d37719ae,3bd995d9-5386-5200-b14c-337fc57a8bb6,false,187,2023-06-22 08:00:00+00,2024-01-01 08:00:00+00,
5d7a6761-1753-5640-b1ca-e30d9e54b657,c629a1e2-3748-50c2-aa0d-8c67761b4031,c981f5ef-8774-5129-b83a-c9448b008bfa,true,242,2022-10-13 08:00:00+00,2024-01-01 08:00:00+00,
d8cd5e92-3c17-52c6-a85f-111eb0a6773e,02ccad99-5a38-5698-9137-08c4088d6179,b0a7719d-51cd-5e7d-8e3d-67cc571130e0,true,214,2023-04-01 08:00:00+00,2024-01-01 08:00:00+00,
c220ce44-b6c6-59b5-a616-15f76a7d2cc1,02ccad99-5a38-5698-9137-08c4088d6179,3bd995d9-5386-5200-b14c-337fc57a8bb6,false,165,2023-09-12 08:00:00+00,2024-01-01 08:00:00+00,
7c68f5b2-5ff7-51cb-8a41-ca8f01f0e420,11e184a2-f564-5fbf-9336-4f7ffd35f1d3,c981f5ef-8774-5129-b83a-c9448b008bfa,true,195,2023-02-20 08:00:00+00,2024-01-01 08:00:00+00,
7e3336b8-53b9-55b7-9ec4-ee80a339ee3b,11e184a2-f564-5fbf-9336-4f7ffd35f1d3,3bd995d9-5386-5200-b14c-337fc57a8bb6,false,221,2022-02-15 08:00:00+00,2024-01-01 08:00:00+00,
586a31ac-8b4f-5a34-9825-a1289946317f,a6953a64-0052-52a4-8e70-e22c2b25a019,05f60979-948c-56c4-8971-f733be532412,true,219,2023-08-16 08:00:00+00,2024-01-01 08:00:00+00,
f0cefc6f-77e4-5aad-901c-c20ca431f805,380c6975-4825-5199-91d3-d44bb88428af,b0a7719d-51cd-5e7d-8e3d-67cc571130e0,true,213,2023-04-05 08:00:00+00,2024-01-01 08:00:00+00,
02d978ca-7f39-5e2f-8cee-8c47460e1c28,380c6975-4825-5199-91d3-d44bb88428af,8f2d7823-5353-55b7-99c5-837cbc771d58,false,170,2022-05-30 08:00:00+00,2024-01-01 08:00:00+00,
93b48591-61bf-53ea-9cff-e918fc39a976,413c670b-1345-5854-a799-ca9994aaf98d,05f60979-948c-56c4-8971-f733be532412,true,80,2022-02-01 08:00:00+00,2024-01-01 08:00:00+00,
35c0da56-5f55-5d2e-80f0-b67a5f84765b,58a7430a-0b43-55b7-92c3-2624453cd4fc,c981f5ef-8774-5129-b83a-c9448b008bfa,true,77,2022-06-26 08:00:00+00,2024-01-01 08:00:00+00,
93bf173d-a85e-5f19-bd1d-8b2ff7430c41,7afc1ef8-3f5f-577d-a9c8-3816d8bc3b06,05f60979-948c-56c4-8971-f733be532412,true,147,2022-04-17 08:00:00+00,2024-01-01 08:00:00+00,
59f12c47-2a3e-57e0-8bd2-23bdf6a0aded,d87e4437-97ce-5c38-96b6-7493c65f74c1,3bd995d9-5386-5200-b14c-337fc57a8bb6,true,120,2022-09-08 08:00:00+00,2024-01-01 08:00:00+00,
cfb4711b-0333-5a1e-93a8-d4b562bd7666,9522f0fb-59a0-5b15-a936-86e1c31016c9,c981f5ef-8774-5129-b83a-c9448b008bfa,true,160,2023-01-24 08:00:00+00,2024-01-01 08:00:00+00,
6a5f6d55-bf31-55cd-8921-7eeb8a4d5be1,e8d94ef6-674f-5df1-80ed-a7989c3ccfc9,b0a7719d-51cd-5e7d-8e3d-67cc571130e0,true,65,2022-12-12 08:00:00+00,2024-01-01 08:00:00+00,
ab893f5c-3955-571a-85ed-f4dd172b83de,e8d94ef6-674f-5df1-80ed-a7989c3ccfc9,c981f5ef-8774-5129-b83a-c9448b008bfa,false,224,2022-05-22 08:00:00+00,2024-01-01 08:00:00+00,
6d32b58c-8bb5-5d27-8ba1-a4e0193f04ec,b7318463-00ec-54bd-a70c-2baa1eb932af,c981f5ef-8774-5129-b83a-c9448b008bfa,true,75,2022-03-23 08:00:00+00,2024-01-01 08:00:00+00,
8de08e2a-b094-53d9-9818-ac2c6ce61a26,d1317e8b-451a-57f5-b370-0e5dc337d1cb,b0a7719d-51cd-5e7d-8e3d-67cc571130e0,true,115,2023-06-26 08:00:00+00,2024-01-01 08:00:00+00,
a986c12e-abf2-501f-abb5-4bf809465ad9,df5782a9-e8f7-5ea0-8202-2296461c46a3,b0a7719d-51cd-5e7d-8e3d-67cc571130e0,true,271,2022-03-02 08:00:00+00,2024-01-01 08:00:00+00,
d70831a5-f058-5105-9250-5aba8c85af79,df5782a9-e8f7-5ea0-8202-2296461c46a3,3bd995d9-5386-5200-b14c-337fc57a8bb6,false,300,2023-09-19 08:00:00+00,2024-01-01 08:00:00+00,
a59eb519-0cbb-56a3-9d9f-ce9f4bcfdd4e,6fd7363a-4aec-52b7-83d1-caffed0cfe01,8f2d7823-5353-55b7-99c5-837cbc771d58,true,252,2022-06-03 08:00:00+00,2024-01-01 08:00:00+00,
ef2aad9e-a2bb-531d-aad9-5ec1a5829846,56b8f74c-a47a-5ba8-b898-f8c4ae7d8aef,3bd995d9-5386-5200-b14c-337fc57a8bb6,true,209,2022-07-08 08:00:00+00,2024-01-01 08:00:00+00,
ab510f8a-9ab6-5cea-ad96-c894be7cea6b,f256e443-c7c3-5000-8475-0443664b9b90,3bd995d9-5386-5200-b14c-337fc57a8bb6,true,261,2022-06-15 08:00:00+00,2024-01-01 08:00:00+00,
0bb8b123-5124-5b50-a74a-cb90f296adca,f256e443-c7c3-5000-8475-0443664b9b90,8f2d7823-5353-55b7-99c5-837cbc771d58,false,68,2023-02-07 08:00:00+00,2024-01-01 08:00:00+00,
3e97ce43-cebc-51e0-b948-353d1ade9a1c,3c47525e-89c1-54cb-894e-0c731a3c3fbb,3bd995d9-5386-5200-b14c-337fc57a8bb6,true,279,2022-02-16 08:00:00+00,2024-01-01 08:00:00+00,
f6db06f7-b963-582f-aa87-94390e944bf7,3c47525e-89c1-54cb-894e-0c731a3c3fbb,8f2d7823-5353-55b7-99c5-837cbc771d58,false,159,2022-10-30 08:00:00+00,2024-01-01 08:00:00+00,
a37d6d2b-24fd-5e5e-b158-fa9a72337d0e,d21d80bb-3529-5584-b91b-daafb38f0bea,3bd995d9-5386-5200-b14c-337fc57a8bb6,true,172,2022-08-12 08:00:00+00,2024-01-01 08:00:00+00,
6830b120-1cf0-55bf-96b9-59788bba9e4d,c03904ef-e6b5-5686-86cd-02ff83d2fa0c,b0a7719d-51cd-5e7d-8e3d-67cc571130e0,true,121,2023-06-18 08:00:00+00,2024-01-01 08:00:00+00,
29d5a6ef-d507-53bf-88d5-85910b4c4482,2a2f775f-0a51-542b-b82a-0a296402e56d,8f2d7823-5353-55b7-99c5-837cbc771d58,true,277,2022-08-09 08:00:00+00,2024-01-01 08:00:00+00,
f82c2011-77ee-5aed-b1e0-87c81246a1a8,21f54fc1-ba70-55a9-a715-f19506357d2c,b0a7719d-51cd-5e7d-8e3d-67cc571130e0,true,298,2023-11-02 08:00:00+00,2024-01-01 08:00:00+00,
e409e4fd-9b4d-5899-87dc-cd83d8c14031,745da76a-0e4c-5548-a631-6cadb834aa85,b0a7719d-51cd-5e7d-8e3d-67cc571130e0,true,191,2023-06-28 08:00:00+00,2024-01-01 08:00:00+00,
9ad8d6b9-5e7c-5c28-9aed-16c9d67bc317,745da76a-0e4c-5548-a631-6cadb834aa85,c981f5ef-8774-5129-b83a-c9448b008bfa,false,121,2023-11-21 08:00:00+00,2024-01-01 08:00:00+00,
cf36507a-ee93-5595-86dc-b9e9f3982598,11ea8dd3-ec75-5c46-a228-005e4f316b7a,b0a7719d-51cd-5e7d-8e3d-67cc571130e0,true,174,2022-04-08 08:00:00+00,2024-01-01 08:00:00+00,
eeefe784-ce6d-5c65-a84f-987c6569fa8b,11ea8dd3-ec75-5c46-a228-005e4f316b7a,8f2d7823-5353-55b7-99c5-837cbc771d58,false,299,2023-01-06 08:00:00+00,2024-01-01 08:00:00+00,
daebf7a9-5c40-59d1-85a9-022d65c90286,83671801-57d9-5049-a616-54706421467c,05f60979-948c-56c4-8971-f733be532412,true,51,2023-10-29 08:00:00+00,2024-01-01 08:00:00+00,
526d2dee-9f1b-58ef-936f-9102ee41b54e,83671801-57d9-5049-a616-54706421467c,c981f5ef-8774-5129-b83a-c9448b008bfa,false,109,2023-10-03 08:00:00+00,2024-01-01 08:00:00+00,
77aa9a96-3272-57b8-838e-d7409d353cd2,c628e4a8-a11d-53a5-a032-154f669053fa,3bd995d9-5386-5200-b14c-337fc57a8bb6,true,143,2023-09-27 08:00:00+00,2024-01-01 08:00:00+00,
64cc52e3-877a-5d59-b7bc-3e64d721bd62,26256ee4-f2b6-58d4-8952-721f3d5c751b,3bd995d9-5386-5200-b14c-337fc57a8bb6,true,138,2022-04-08 08:00:00+00,2024-01-01 08:00:00+00,
b885140a-1843-5ebe-ad28-4e1d0d7904a2,26256ee4-f2b6-58d4-8952-721f3d5c751b,8f2d7823-5353-55b7-99c5-837cbc771d58,false,192,2022-03-19 08:00:00+00,2024-01-01 08:00:00+00,
ce30cd5f-7b51-5820-af4f-6cf7804f1e47,ba6fb935-75ca-5aba-8197-ce3463ad341a,05f60979-948c-56c4-8971-f733be532412,true,225,2023-01-19 08:00:00+00,2024-01-01 08:00:00+00,
fc5484fb-0e06-5b2b-b947-35f9bcc3d367,ba6fb935-75ca-5aba-8197-ce3463ad341a,b0a7719d-51cd-5e7d-8e3d-67cc571130e0,false,206,2023-01-25 08:00:00+00,2024-01-01 08:00:00+00,
115ce426-7643-5f73-a4d8-2e3c0600a395,ad8c6cff-f16b-5db8-a5b1-569e9274ea37,8f2d7823-5353-55b7-99c5-837cbc771d58,true,215,2023-08-22 08:00:00+00,2024-01-01 08:00:00+00,
38995c7f-e79a-5d39-9c17-3b24cfdb98df,ad8c6cff-f16b-5db8-a5b1-569e9274ea37,c981f5ef-8774-5129-b83a-c9448b008bfa,false,206,2023-03-01 08:00:00+00,2024-01-01 08:00:00+00,
533194d2-b6cc-5014-830e-831fc21232cf,d6f01744-a763-5281-abd1-0977e9888568,b0a7719d-51cd-5e7d-8e3d-67cc571130e0,true,96,2022-11-26 08:00:00+00,2024-01-01 08:00:00+00,
4975c4ab-69bc-5a96-be06-42be98dc7af6,d6f01744-a763-5281-abd1-0977e9888568,05f60979-948c-56c4-8971-f733be532412,false,69,2022-03-29 08:00:00+00,2024-01-01 08:00:00+00,
e3706ca0-e19a-5958-8e4c-bcc153cbe4aa,302eb11c-3bca-534d-950c-c98142b11116,3bd995d9-5386-5200-b14c-337fc57a8bb6,true,52,2023-07-16 08:00:00+00,2024-01-01 08:00:00+00,
37fec75f-1f4d-500e-abea-11cbd2521403,c5abff54-1a08-543f-afe7-3860b9000d7a,05f60979-948c-56c4-8971-f733be532412,true,117,2022-03-05 08:00:00+00,2024-01-01 08:00:00+00,
890a2e1b-6d93-59ab-8b4b-0e83f03cc442,c5abff54-1a08-543f-afe7-3860b9000d7a,b0a7719d-51cd-5e7d-8e3d-67cc571130e0,false,263,2023-07-18 08:00:00+00,2024-01-01 08:00:00+00,
8f6ff53a-c7b4-52c2-8bea-37a34254195f,e0993b0b-cafb-508f-b8e4-1dce40a015c4,8f2d7823-5353-55b7-99c5-837cbc771d58,true,285,2022-07-23 08:00:00+00,2024-01-01 08:00:00+00,
2f6cbd97-08ef-5834-af7a-d937d2e2a582,2a6552e0-01a6-5067-8926-e82c7d6c4346,3bd995d9-5386-5200-b14c-337fc57a8bb6,true,197,2023-01-23 08:00:00+00,2024-01-01 08:00:00+00,
1e5a56d2-60ce-5063-b0fd-5cb7502ae6ca,2a6552e0-01a6-5067-8926-e82c7d6c4346,c981f5ef-8774-5129-b83a-c9448b008bfa,false,267,2023-06-16 08:00:00+00,2024-01-01 08:00:00+00,
677d710e-cce8-56ef-aa0d-8a58653c4277,dd0f8dcd-7287-534c-84fe-7a559f1e9e0b,b0a7719d-51cd-5e7d-8e3d-67cc571130e0,true,110,2022-03-11 08:00:00+00,2024-01-01 08:00:00+00,
6362d890-2486-52cb-9d25-f64a064519e6,dd0f8dcd-7287-534c-84fe-7a559f1e9e0b,05f60979-948c-56c4-8971-f733be532412,false,218,2022-11-28 08:00:00+00,2024-01-01 08:00:00+00,
c4219e0e-5672-59dd-a944-dcdfc7317c6a,165784ad-065c-557f-88c2-6998f0808cfa,c981f5ef-8774-5129-b83a-c9448b008bfa,true,227,2023-02-21 08:00:00+00,2024-01-01 08:00:00+00,
668f0994-c320-5b91-860a-cf7d59c3a123,165784ad-065c-557f-88c2-6998f0808cfa,05f60979-948c-56c4-8971-f733be532412,false,115,2022-05-30 08:00:00+00,2024-01-01 08:00:00+00,
7782e595-4e01-50e0-ad65-9400d1926371,1cac0ab7-a1ac-5756-8ff2-cac786d24cdd,3bd995d9-5386-5200-b14c-337fc57a8bb6,true,111,2022-06-15 08:00:00+00,2024-01-01 08:00:00+00,
9f4d3c09-18ca-5a66-b085-45b0720f0c2b,488ebcb0-e7a0-5315-830e-320c3fc95506,3bd995d9-5386-5200-b14c-337fc57a8bb6,true,80,2023-01-16 08:00:00+00,2024-01-01 08:00:00+00,
36ae1c03-cf5e-5160-85cc-b781b4a48537,3f37e5c2-6127-5354-878d-ecc27e5aee17,8f2d7823-5353-55b7-99c5-837cbc771d58,true,204,2023-02-22 08:00:00+00,2024-01-01 08:00:00+00,
02198298-435a-54fe-9104-6142cc854c7f,3f37e5c2-6127-5354-878d-ecc27e5aee17,b0a7719d-51cd-5e7d-8e3d-67cc571130e0,false,249,2023-08-22 08:00:00+00,2024-01-01 08:00:00+00,
6aef6727-c37b-5c96-96b5-2e0b3fb30ae2,8ad39a21-b21a-542f-a297-997cb399f7cf,3bd995d9-5386-5200-b14c-337fc57a8bb6,true,209,2022-05-23 08:00:00+00,2024-01-01 08:00:00+00,
1e330698-6b3c-5d54-925b-b67daaa546bb,8ad39a21-b21a-542f-a297-997cb399f7cf,05f60979-948c-56c4-8971-f733be532412,false,245,2022-11-26 08:00:00+00,2024-01-01 08:00:00+00,
6edb2628-e23c-5bb7-8437-37c70882433f,b14d05be-3190-5791-bb97-4f66e838e3ad,05f60979-948c-56c4-8971-f733be532412,true,281,2023-05-07 08:00:00+00,2024-01-01 08:00:00+00,
ce051c6b-bc0e-5df2-98d6-a0163a4ba600,b14d05be-3190-5791-bb97-4f66e838e3ad,b0a7719d-51cd-5e7d-8e3d-67cc571130e0,false,170,2022-11-27 08:00:00+00,2024-01-01 08:00:00+00,
ee1029e2-26cf-5c86-bfb9-f97f4857a7e7,e5f28fd4-b17c-5f28-a6e9-be4b3d0ca62c,b0a7719d-51cd-5e7d-8e3d-67cc571130e0,true,244,2023-04-26 08:00:00+00,2024-01-01 08:00:00+00,
d33edc85-e21a-5f2f-a87c-68ad82577694,fe9b965e-ed2f-5eda-a306-4e4fef1bb34b,05f60979-948c-56c4-8971-f733be532412,true,168,2023-01-09 08:00:00+00,2024-01-01 08:00:00+00,
f009fd9f-f1a4-5ec1-938e-a6a4aa1037d8,fe9b965e-ed2f-5eda-a306-4e4fef1bb34b,3bd995d9-5386-5200-b14c-337fc57a8bb6,false,279,2023-06-15 08:00:00+00,2024-01-01 08:00:00+00,
9d90f06a-6ead-5c82-b77b-35ea24c41a86,cead4938-3f39-5958-9bc9-e86ea32a5e16,05f60979-948c-56c4-8971-f733be532412,true,87,2023-02-20 08:00:00+00,2024-01-01 08:00:00+00,
77e924e3-303d-5748-8af9-6c3fd9c10a92,cead4938-3f39-5958-9bc9-e86ea32a5e16,b0a7719d-51cd-5e7d-8e3d-67cc571130e0,false,110,2023-03-20 08:00:00+00,2024-01-01 08:00:00+00,
654a6962-dbaa-5e7b-a657-1a86ddebabdb,cd9b6dc4-0dbc-5a55-93b3-6e47272b0850,3bd995d9-5386-5200-b14c-337fc57a8bb6,true,239,2023-05-07 08:00:00+00,2024-01-01 08:00:00+00,
2acff343-e1d3-5bf3-b3d3-29962b8e397d,3b53489c-1fba-5d25-84f0-fbc54b653c87,8f2d7823-5353-55b7-99c5-837cbc771d58,true,133,2022-09-11 08:00:00+00,2024-01-01 08:00:00+00,
03ad0896-6d86-5200-bb08-e4888f8bb6f5,3b53489c-1fba-5d25-84f0-fbc54b653c87,b0a7719d-51cd-5e7d-8e3d-67cc571130e0,false,92,2022-05-17 08:00:00+00,2024-01-01 08:00:00+00,
60dd1ccf-6233-529e-ae06-2c3edc948afb,dd060859-08db-5e33-bd38-74e91ca4591f,8f2d7823-5353-55b7-99c5-837cbc771d58,true,100,2023-04-18 08:00:00+00,2024-01-01 08:00:00+00,
d5e6c3a4-af34-512d-9904-c385b66e6e14,83a31608-b50d-548e-bca5-c81c71d99a0b,3bd995d9-5386-5200-b14c-337fc57a8bb6,true,157,2023-03-12 08:00:00+00,2024-01-01 08:00:00+00,
1d66e30f-d47d-59c8-842b-fc3654f5bb84,83a31608-b50d-548e-bca5-c81c71d99a0b,b0a7719d-51cd-5e7d-8e3d-67cc571130e0,false,269,2023-01-03 08:00:00+00,2024-01-01 08:00:00+00,
3c062181-7f65-5483-86fd-80ea40ca76a8,c545f862-1414-51a3-aa22-276ef045036c,b0a7719d-51cd-5e7d-8e3d-67cc571130e0,true,278,2023-01-24 08:00:00+00,2024-01-01 08:00:00+00,
f7361d8a-07ab-5211-bac7-df48f127daf2,c545f862-1414-51a3-aa22-276ef045036c,3bd995d9-5386-5200-b14c-337fc57a8bb6,false,250,2022-06-20 08:00:00+00,2024-01-01 08:00:00+00,
2cd5697a-18af-564a-b6b6-6e7c98e95d8f,f1a6c4dd-e6af-5bdf-a436-d8dd9f754e40,b0a7719d-51cd-5e7d-8e3d-67cc571130e0,true,278,2023-02-06 08:00:00+00,2024-01-01 08:00:00+00,
2f829805-3488-56f4-ba1a-5907611f67dc,e83af12c-a199-5cfc-9aa4-86ccb3098e53,8f2d7823-5353-55b7-99c5-837cbc771d58,true,269,2022-05-27 08:00:00+00,2024-01-01 08:00:00+00,
87a5aef0-e3b5-5aa4-840a-fb014d58aedd,6c6c90ab-f9f3-5b35-91c9-50c84417c7fc,b0a7719d-51cd-5e7d-8e3d-67cc571130e0,true,147,2023-05-25 08:00:00+00,2024-01-01 08:00:00+00,
770b7495-cd2a-588f-9aa8-bd8b4c68b0b5,87a27bff-fb06-5a5d-841f-4ea716241e96,c981f5ef-8774-5129-b83a-c9448b008bfa,true,241,2023-06-01 08:00:00+00,2024-01-01 08:00:00+00,
c11527e3-13be-5e34-bb93-3b209309678f,87a27bff-fb06-5a5d-841f-4ea716241e96,8f2d7823-5353-55b7-99c5-837cbc771d58,false,197,2023-05-23 08:00:00+00,2024-01-01 08:00:00+00,
f11ac3be-41a1-557b-8c8c-a36b84366d13,9d3d7c7d-d39c-5cac-b38d-c252831a99f7,3bd995d9-5386-5200-b14c-337fc57a8bb6,true,274,2023-06-24 08:00:00+00,2024-01-01 08:00:00+00,
a0ae5a4e-d52f-5b02-8b97-0b23793a85b6,9d3d7c7d-d39c-5cac-b38d-c252831a99f7,8f2d7823-5353-55b7-99c5-837cbc771d58,false,211,2022-02-15 08:00:00+00,2024-01-01 08:00:00+00,
ae889afa-438d-508f-9595-fdc15f9e1e9a,53bfd596-950b-5b80-9eed-ea26336582d3,b0a7719d-51cd-5e7d-8e3d-67cc571130e0,true,235,2023-04-24 08:00:00+00,2024-01-01 08:00:00+00,
44b4bba0-03f6-5c6d-bb93-06ac9e990932,53bfd596-950b-5b80-9eed-ea26336582d3,8f2d7823-5353-55b7-99c5-837cbc771d58,false,147,2023-11-13 08:00:00+00,2024-01-01 08:00:00+00,
aa968ee6-e919-55d0-9eaf-51bce6930a68,b469f4e1-9016-5049-a653-bf26fd5afcac,c981f5ef-8774-5129-b83a-c9448b008bfa,true,140,2022-05-30 08:00:00+00,2024-01-01 08:00:00+00,
7d888bc1-6eb9-528c-a024-544cf969a7d1,16f69b85-8f48-5d53-933c-461adebfad8c,05f60979-948c-56c4-8971-f733be532412,true,157,2023-07-08 08:00:00+00,2024-01-01 08:00:00+00,
39228688-e0a7-5fd0-8324-f2b0f4e5e936,84262697-6bc0-5e71-875a-031f3829033b,3bd995d9-5386-5200-b14c-337fc57a8bb6,true,298,2022-10-10 08:00:00+00,2024-01-01 08:00:00+00,
c1bd914c-d749-5fe5-ab4c-f459f0a0dbaf,582c9e20-7d47-5390-9eff-a711d1f13a7e,c981f5ef-8774-5129-b83a-c9448b008bfa,true,66,2023-09-07 08:00:00+00,2024-01-01 08:00:00+00,
85196429-d1f0-510f-b85b-021d88a55260,582c9e20-7d47-5390-9eff-a711d1f13a7e,3bd995d9-5386-5200-b14c-337fc57a8bb6,false,144,2023-05-14 08:00:00+00,2024-01-01 08:00:00+00,
1cb97317-52eb-5192-aa60-0bcc45d58e3b,33bae201-579d-5ed8-965b-ca2aab281dd7,8f2d7823-5353-55b7-99c5-837cbc771d58,true,241,2023-11-07 08:00:00+00,2024-01-01 08:00:00+00,
46c20d64-498d-5064-86c4-6d88559c9716,878fec36-31ce-595f-a773-c47e957fce9b,c981f5ef-8774-5129-b83a-c9448b008bfa,true,246,2023-08-27 08:00:00+00,2024-01-01 08:00:00+00,
5468deff-4635-5f82-98d1-dcd616578257,d4e2fe7c-2ac9-5eea-ba19-90dfaa98bb9d,8f2d7823-5353-55b7-99c5-837cbc771d58,true,286,2022-12-22 08:00:00+00,2024-01-01 08:00:00+00,
e3d21489-1cb3-5424-b404-43472c45df07,d4e2fe7c-2ac9-5eea-ba19-90dfaa98bb9d,b0a7719d-51cd-5e7d-8e3d-67cc571130e0,false,243,2022-11-09 08:00:00+00,2024-01-01 08:00:00+00,
736e7a17-591e-54a4-86a6-f21135a68209,257d2795-e31d-5079-871a-4fc464ab461b,05f60979-948c-56c4-8971-f733be532412,true,72,2023-04-04 08:00:00+00,2024-01-01 08:00:00+00,
e2ab2d4b-02d4-5e66-8e12-6bfd7f8ed2c8,257d2795-e31d-5079-871a-4fc464ab461b,8f2d7823-5353-55b7-99c5-837cbc771d58,false,162,2022-04-07 08:00:00+00,2024-01-01 08:00:00+00,
20b6b970-44c9-5956-ad07-c97de47ce58f,f06228db-e31b-5775-b5fd-19b61ee9c1cb,3bd995d9-5386-5200-b14c-337fc57a8bb6,true,270,2022-12-27 08:00:00+00,2024-01-01 08:00:00+00,
76535f43-f786-5481-aea4-0d8eac30e7c2,f06228db-e31b-5775-b5fd-19b61ee9c1cb,b0a7719d-51cd-5e7d-8e3d-67cc571130e0,false,113,2022-07-02 08:00:00+00,2024-01-01 08:00:00+00,
c9c4dff4-6e5c-58a3-a892-e2309ae86425,70314e8b-0f53-5b71-be73-0ca49883c050,b0a7719d-51cd-5e7d-8e3d-67cc571130e0,true,289,2022-04-14 08:00:00+00,2024-01-01 08:00:00+00,
2d3d8405-cd0d-5ae9-a186-202897b1d0cd,0d8e73ce-50e2-5e60-889c-94548274b264,05f60979-948c-56c4-8971-f733be532412,true,230,2023-07-02 08:00:00+00,2024-01-01 08:00:00+00,
c96eb224-40af-5045-8889-4ea374234632,f4f83678-fbd4-5ed5-8edc-4a782222f1f4,b0a7719d-51cd-5e7d-8e3d-67cc571130e0,true,149,2022-12-29 08:00:00+00,2024-01-01 08:00:00+00,
a462ab46-a5ff-5fe0-9250-eb5c704fa913,dc5466bc-da2e-5e92-bc1a-48a66e02cee3,c981f5ef-8774-5129-b83a-c9448b008bfa,true,244,2022-02-10 08:00:00+00,2024-01-01 08:00:00+00,
2c89747b-70d5-5070-be2a-6b6bb7a2f76d,dc5466bc-da2e-5e92-bc1a-48a66e02cee3,05f60979-948c-56c4-8971-f733be532412,false,174,2022-10-30 08:00:00+00,2024-01-01 08:00:00+00,
b3c1e503-38b8-51a1-afcb-d89047250e4e,faa914b3-0f20-5412-a3c4-1d10c586413f,c981f5ef-8774-5129-b83a-c9448b008bfa,true,79,2023-06-23 08:00:00+00,2024-01-01 08:00:00+00,
c772518d-d470-5cc0-b71e-18c72d488272,faa914b3-0f20-5412-a3c4-1d10c586413f,b0a7719d-51cd-5e7d-8e3d-67cc571130e0,false,210,2023-01-01 08:00:00+00,2024-01-01 08:00:00+00,
175cf37c-fad1-5712-8f5c-55533054372e,bdd20ca1-fb07-54ee-843e-a12152549ee3,05f60979-948c-56c4-8971-f733be532412,true,89,2023-11-20 08:00:00+00,2024-01-01 08:00:00+00,
af101fa2-089e-58ca-b32f-e98e643c6d66,bdd20ca1-fb07-54ee-843e-a12152549ee3,b0a7719d-51cd-5e7d-8e3d-67cc571130e0,false,188,2023-05-06 08:00:00+00,2024-01-01 08:00:00+00,
e7529522-96af-5b9c-a976-c4d6b65d921b,fe40c7be-f567-58ef-9274-efa403e4d2bd,8f2d7823-5353-55b7-99c5-837cbc771d58,true,223,2023-03-02 08:00:00+00,2024-01-01 08:00:00+00,
6a65c9e8-fd66-5fa5-86ff-cda1afc59028,fe40c7be-f567-58ef-9274-efa403e4d2bd,c981f5ef-8774-5129-b83a-c9448b008bfa,false,254,2023-07-21 08:00:00+00,2024-01-01 08:00:00+00,
c38f7822-491f-51c7-97d9-0c9fb8157cce,c8b3f85b-2d0c-54ad-b922-36568ac4ace1,3bd995d9-5386-5200-b14c-337fc57a8bb6,true,182,2023-10-05 08:00:00+00,2024-01-01 08:00:00+00,
1497d7c7-4dcc-571d-944a-b987f98f3894,c8b3f85b-2d0c-54ad-b922-36568ac4ace1,05f60979-948c-56c4-8971-f733be532412,false,164,2023-09-17 08:00:00+00,2024-01-01 08:00:00+00,
12cacab9-0478-59e9-bf32-d6abbb378cde,7172e3bb-ad57-5fe8-a0d2-e1c6843ad3f9,3bd995d9-5386-5200-b14c-337fc57a8bb6,true,195,2022-04-05 08:00:00+00,2024-01-01 08:00:00+00,
ac897748-d69f-5c82-ae70-881ae91a5d64,7172e3bb-ad57-5fe8-a0d2-e1c6843ad3f9,8f2d7823-5353-55b7-99c5-837cbc771d58,false,254,2022-02-03 08:00:00+00,2024-01-01 08:00:00+00,
3f18e340-8c60-59bb-9234-5794e2c45e29,a36551e3-9b6d-5376-8a9b-87a62e5b466f,b0a7719d-51cd-5e7d-8e3d-67cc571130e0,true,203,2023-03-08 08:00:00+00,2024-01-01 08:00:00+00,
0e451c0b-7d4a-51bc-99b5-3ca12775f41e,06e60c54-a1a8-5820-9431-a3d701898564,3bd995d9-5386-5200-b14c-337fc57a8bb6,true,293,2022-11-04 08:00:00+00,2024-01-01 08:00:00+00,
c53fe87d-394d-549d-9e10-77832dcf0f06,06e60c54-a1a8-5820-9431-a3d701898564,b0a7719d-51cd-5e7d-8e3d-67cc571130e0,false,218,2022-06-09 08:00:00+00,2024-01-01 08:00:00+00,
da3b7dd2-c847-5eef-b3a3-aaa2309c7889,5014f362-cf10-5074-8858-d324ea039ac8,b0a7719d-51cd-5e7d-8e3d-67cc571130e0,true,234,2023-06-30 08:00:00+00,2024-01-01 08:00:00+00,
af81be4b-4d31-5098-b176-c048c94de69b,83c5c407-f19d-5fe2-b645-275efbfa4eb6,3bd995d9-5386-5200-b14c-337fc57a8bb6,true,147,2023-07-06 08:00:00+00,2024-01-01 08:00:00+00,
331062aa-81ff-56c9-961a-336f1d6bf334,9e521839-924d-5160-97dc-1295cdddc231,3bd995d9-5386-5200-b14c-337fc57a8bb6,true,227,2023-05-27 08:00:00+00,2024-01-01 08:00:00+00,
eea5f7d1-37d9-5e5c-9e70-f5ed5f851056,9e521839-924d-5160-97dc-1295cdddc231,c981f5ef-8774-5129-b83a-c9448b008bfa,false,174,2022-07-01 08:00:00+00,2024-01-01 08:00:00+00,
ef482027-6e95-5512-b33e-2af2c0a6447c,a3998bbf-9ef7-5889-8e83-9ecd519a467e,8f2d7823-5353-55b7-99c5-837cbc771d58,true,242,2023-10-05 08:00:00+00,2024-01-01 08:00:00+00,
e7040699-0c53-53f6-9956-e26d1a5aadfd,a3998bbf-9ef7-5889-8e83-9ecd519a467e,3bd995d9-5386-5200-b14c-337fc57a8bb6,false,112,2022-09-27 08:00:00+00,2024-01-01 08:00:00+00,
ea63f4eb-7039-5c09-86c8-c562591fa140,46cc3e24-f874-5b76-9347-0c250d727084,3bd995d9-5386-5200-b14c-337fc57a8bb6,true,142,2022-11-12 08:00:00+00,2024-01-01 08:00:00+00,
fe1dd1b2-6f9a-5bfa-921f-e5801aced4d0,c83be306-3a91-509f-bbca-9c0fe6a01bd6,8f2d7823-5353-55b7-99c5-837cbc771d58,true,130,2022-03-01 08:00:00+00,2024-01-01 08:00:00+00,
8855e685-3dde-50f2-a79d-aa72ae3b099e,c83be306-3a91-509f-bbca-9c0fe6a01bd6,05f60979-948c-56c4-8971-f733be532412,false,58,2022-04-16 08:00:00+00,2024-01-01 08:00:00+00,
9646e9cd-d06a-573b-a0c9-72375c026f7b,6cd079b2-7f78-5585-a418-8367e65b740c,b0a7719d-51cd-5e7d-8e3d-67cc571130e0,true,68,2023-07-12 08:00:00+00,2024-01-01 08:00:00+00,
00a072c0-58a8-5d55-860c-28975607f417,6cd079b2-7f78-5585-a418-8367e65b740c,c981f5ef-8774-5129-b83a-c9448b008bfa,false,104,2023-01-10 08:00:00+00,2024-01-01 08:00:00+00,
33cf19cc-2e02-5db2-8929-4b3a9a6f2179,61e90564-266b-5e81-9f66-94b9e94c5d24,b0a7719d-51cd-5e7d-8e3d-67cc571130e0,true,185,2022-05-22 08:00:00+00,2024-01-01 08:00:00+00,
915d0e7c-c876-55c8-b8b8-4f745d01755f,bd9c24a3-559a-59cb-bd18-c672f6db836b,b0a7719d-51cd-5e7d-8e3d-67cc571130e0,true,277,2022-06-24 08:00:00+00,2024-01-01 08:00:00+00,
90561e35-b13e-5509-b18d-caa7a3fbdbd5,1d825f4a-eb51-535b-9670-7e9a5fcd343c,3bd995d9-5386-5200-b14c-337fc57a8bb6,true,73,2023-11-29 08:00:00+00,2024-01-01 08:00:00+00,
705ea03f-9ef4-5ba8-b3bd-ed11c61d4c29,1d825f4a-eb51-535b-9670-7e9a5fcd343c,b0a7719d-51cd-5e7d-8e3d-67cc571130e0,false,167,2023-08-23 08:00:00+00,2024-01-01 08:00:00+00,
ed09b81d-2df6-502f-a123-2c04259fe9f3,fd7a251d-ee2b-5db3-95cf-d16966c93e8a,b0a7719d-51cd-5e7d-8e3d-67cc571130e0,true,284,2023-05-07 08:00:00+00,2024-01-01 08:00:00+00,
05b5be90-a18e-5b0e-bf69-7729f3f226aa,fd7a251d-ee2b-5db3-95cf-d16966c93e8a,05f60979-948c-56c4-8971-f733be532412,false,230,2022-10-19 08:00:00+00,2024-01-01 08:00:00+00,
7f4f8cba-c7d8-516b-9233-497a2afa3570,f72cf886-3ea4-5bd7-9892-beffd1c6209c,05f60979-948c-56c4-8971-f733be532412,true,249,2022-10-05 08:00:00+00,2024-01-01 08:00:00+00,
eac7b83c-ac72-57c5-baa8-5823ffea0bf2,1dd2a238-e3bd-5c6f-9afb-4b4a8f6c9b72,b0a7719d-51cd-5e7d-8e3d-67cc571130e0,true,216,2022-12-26 08:00:00+00,2024-01-01 08:00:00+00,
4db6a6da-8b63-5997-8d1e-65c02290c8d9,99b603e0-27f6-5ac7-9549-ff9b216b9792,c981f5ef-8774-5129-b83a-c9448b008bfa,true,103,2022-07-21 08:00:00+00,2024-01-01 08:00:00+00,
4a9b4467-9bee-588c-b752-834cbf7befea,99b603e0-27f6-5ac7-9549-ff9b216b9792,b0a7719d-51cd-5e7d-8e3d-67cc571130e0,false,84,2023-08-09 08:00:00+00,2024-01-01 08:00:00+00,
9e3a870b-feef-57e6-bd85-149f556780e6,a18a6b04-24ca-57c8-b1d8-3199e5588889,05f60979-948c-56c4-8971-f733be532412,true,160,2022-07-14 08:00:00+00,2024-01-01 08:00:00+00,
bd18a2cd-ce35-57a2-95cc-2a5b74210538,b8312c1f-56d9-5f0d-8bb1-a9913f5f8f39,8f2d7823-5353-55b7-99c5-837cbc771d58,true,271,2022-05-09 08:00:00+00,2024-01-01 08:00:00+00,
99d32bae-fb7a-5630-86ec-732defa891c9,b8312c1f-56d9-5f0d-8bb1-a9913f5f8f39,05f60979-948c-56c4-8971-f733be532412,false,250,2023-04-17 08:00:00+00,2024-01-01 08:00:00+00,
bdb20eea-3534-5696-89ca-356bb14fa0ce,f1c35166-4279-5fc9-9d9a-16026ab81f3c,b0a7719d-51cd-5e7d-8e3d-67cc571130e0,true,69,2022-07-04 08:00:00+00,2024-01-01 08:00:00+00,
54f5bb89-65a8-5009-90b2-0fc74d660b28,f2174e07-d14d-566c-a4b5-d85b05bdea8f,c981f5ef-8774-5129-b83a-c9448b008bfa,true,109,2022-06-26 08:00:00+00,2024-01-01 08:00:00+00,
84615d89-b380-5cdb-abf1-c362dda3f7f6,bfaaf049-d044-5256-b3da-746375e2d9cd,05f60979-948c-56c4-8971-f733be532412,true,247,2022-04-06 08:00:00+00,2024-01-01 08:00:00+00,
c8c6e88b-2292-59b4-b61f-ded3e9b7240b,bfaaf049-d044-5256-b3da-746375e2d9cd,3bd995d9-5386-5200-b14c-337fc57a8bb6,false,170,2022-04-28 08:00:00+00,2024-01-01 08:00:00+00,
93de4670-9ab0-5994-86b7-c6090e00586d,7fde1add-04bf-5122-bf3a-62d23cf9e807,c981f5ef-8774-5129-b83a-c9448b008bfa,true,181,2023-03-10 08:00:00+00,2024-01-01 08:00:00+00,
dc097c8a-5cc1-5400-ba75-296cad353ed7,7fde1add-04bf-5122-bf3a-62d23cf9e807,8f2d7823-5353-55b7-99c5-837cbc771d58,false,95,2023-08-04 08:00:00+00,2024-01-01 08:00:00+00,
345fe7ee-a6e1-5228-910a-cca2a099a00d,3e5dc049-3b5b-5c8a-ae49-71b38f4bb456,b0a7719d-51cd-5e7d-8e3d-67cc571130e0,true,244,2023-10-30 08:00:00+00,2024-01-01 08:00:00+00,
74fe784a-3046-5d05-a077-5d92ec5a5770,72d9108b-4d2a-5733-a9de-c17972a19c3a,b0a7719d-51cd-5e7d-8e3d-67cc571130e0,true,267,2022-08-06 08:00:00+00,2024-01-01 08:00:00+00,
9b78e812-0816-5741-a2a4-6071818e179f,765cf659-d60d-5226-86fe-593c5706dd58,8f2d7823-5353-55b7-99c5-837cbc771d58,true,203,2023-08-31 08:00:00+00,2024-01-01 08:00:00+00,
ef0d3924-82ce-56eb-8d56-d1068c91e11f,765cf659-d60d-5226-86fe-593c5706dd58,05f60979-948c-56c4-8971-f733be532412,false,232,2023-04-13 08:00:00+00,2024-01-01 08:00:00+00,
671dcedd-93b1-58c7-ad8c-bfb9784688dc,c6d115cf-90a8-5171-996b-c262b35c1a60,3bd995d9-5386-5200-b14c-337fc57a8bb6,true,90,2022-11-02 08:00:00+00,2024-01-01 08:00:00+00,
58031ec3-7c34-58e0-8904-cbf546650b9a,a8f824f3-bc9a-58a0-be2c-b9456896b2f5,b0a7719d-51cd-5e7d-8e3d-67cc571130e0,true,129,2022-11-01 08:00:00+00,2024-01-01 08:00:00+00,
ec07192b-40d2-5ba1-b47a-ad11afcec492,a8f824f3-bc9a-58a0-be2c-b9456896b2f5,8f2d7823-5353-55b7-99c5-837cbc771d58,false,51,2023-04-24 08:00:00+00,2024-01-01 08:00:00+00,
ac87fa19-25a2-57c6-b335-971b66891462,cd961ef4-d424-5fe9-b353-082805833e68,05f60979-948c-56c4-8971-f733be532412,true,225,2023-04-29 08:00:00+00,2024-01-01 08:00:00+00,
8cc495d2-b02b-587f-b5b0-08562e56b4f3,aa6358be-4380-5cd1-a402-6291fa344408,05f60979-948c-56c4-8971-f733be532412,true,68,2022-07-19 08:00:00+00,2024-01-01 08:00:00+00,
7d34ff54-06e0-5c3a-8cd5-fa599b73b388,117457aa-ea47-5172-8fac-61207001c271,8f2d7823-5353-55b7-99c5-837cbc771d58,true,251,2023-11-15 08:00:00+00,2024-01-01 08:00:00+00,
af617885-a40f-59ca-827b-90820db52bf3,4f9f21e3-e6fb-55fa-869e-8b600b1883ce,05f60979-948c-56c4-8971-f733be532412,true,272,2023-07-12 08:00:00+00,2024-01-01 08:00:00+00,
760ab2bd-b132-5426-be66-c3cdba500018,4f9f21e3-e6fb-55fa-869e-8b600b1883ce,b0a7719d-51cd-5e7d-8e3d-67cc571130e0,false,176,2023-01-14 08:00:00+00,2024-01-01 08:00:00+00,
668e7c9a-77ec-5d36-9c4a-02244bcbd141,fdbbb125-acda-518f-88a5-5e6a0bc7be06,3bd995d9-5386-5200-b14c-337fc57a8bb6,true,186,2023-01-11 08:00:00+00,2024-01-01 08:00:00+00,
4499d535-3bcf-5b6c-95d3-fe2f9224265f,c59f7556-105d-5d63-ad64-3ccd281648ab,3bd995d9-5386-5200-b14c-337fc57a8bb6,true,156,2023-04-23 08:00:00+00,2024-01-01 08:00:00+00,
d3d5dc8b-32f0-5719-b301-cb55f65923bb,f8c42925-b332-5c40-95cc-a8c0c4d40ec0,c981f5ef-8774-5129-b83a-c9448b008bfa,true,79,2022-11-07 08:00:00+00,2024-01-01 08:00:00+00,
1af01710-178f-57aa-91f8-87015995d800,784a0dea-9413-577b-9ef2-43fe868ac3b0,05f60979-948c-56c4-8971-f733be532412,true,92,2022-10-23 08:00:00+00,2024-01-01 08:00:00+00,
18638481-eb9a-5e10-953d-f39605a87ba6,784a0dea-9413-577b-9ef2-43fe868ac3b0,8f2d7823-5353-55b7-99c5-837cbc771d58,false,72,2022-05-15 08:00:00+00,2024-01-01 08:00:00+00,
634ec86b-b0a4-502c-9875-518cfb157226,7d7d9c23-c42d-52d1-af5d-2620d01d2ca1,3bd995d9-5386-5200-b14c-337fc57a8bb6,true,197,2022-12-15 08:00:00+00,2024-01-01 08:00:00+00,
9e69e9d0-e20c-5d46-813f-6e3b2161ca5a,34228658-51ae-5497-9191-b6de0d5ba420,3bd995d9-5386-5200-b14c-337fc57a8bb6,true,289,2023-10-20 08:00:00+00,2024-01-01 08:00:00+00,
155a8cb0-0577-555e-a2d1-eb3332a64d18,6892f936-de28-580a-9c04-0b2671933eca,3bd995d9-5386-5200-b14c-337fc57a8bb6,true,167,2022-03-26 08:00:00+00,2024-01-01 08:00:00+00,
c9ae9ccf-830b-569c-b5e0-fe5b693ea43b,4d15b1fe-aba4-5158-86bc-4faa07fc66a3,c981f5ef-8774-5129-b83a-c9448b008bfa,true,66,2023-04-16 08:00:00+00,2024-01-01 08:00:00+00,
0deff49f-d011-51bf-8ec9-dd59604f7aa1,995511c0-1452-5154-9b1f-266aea297a0b,05f60979-948c-56c4-8971-f733be532412,true,99,2022-05-25 08:00:00+00,2024-01-01 08:00:00+00,
29a90427-0ab8-5b5a-90f4-639e3241d873,995511c0-1452-5154-9b1f-266aea297a0b,b0a7719d-51cd-5e7d-8e3d-67cc571130e0,false,216,2023-11-14 08:00:00+00,2024-01-01 08:00:00+00,
23561c94-3f55-5c3a-8d0f-dd999611fff9,cc2aba90-4652-56d9-b268-600d8eac7566,05f60979-948c-56c4-8971-f733be532412,true,219,2022-08-30 08:00:00+00,2024-01-01 08:00:00+00,
241fd3df-13ff-50c5-95f6-5cf18cd913bb,43e37b81-4351-5257-bc00-c3dac5def290,05f60979-948c-56c4-8971-f733be532412,true,57,2022-05-02 08:00:00+00,2024-01-01 08:00:00+00,
6e9d78ba-7c27-5f0f-ad98-963309953269,2c6b9e56-1a54-592c-ad0f-3d51cd3ec89d,b0a7719d-51cd-5e7d-8e3d-67cc571130e0,true,129,2023-11-27 08:00:00+00,2024-01-01 08:00:00+00,
72700ce1-bfd4-557d-8099-bdd906261a51,70441cd8-8879-5bec-90ae-5aa061a39edf,c981f5ef-8774-5129-b83a-c9448b008bfa,true,149,2022-03-12 08:00:00+00,2024-01-01 08:00:00+00,
8e840148-afa9-5945-bc46-d1cd225c59fe,3776bf50-879a-5f22-917b-4b1a6b8f7fdf,3bd995d9-5386-5200-b14c-337fc57a8bb6,true,258,2022-10-16 08:00:00+00,2024-01-01 08:00:00+00,
3ca185bf-9d37-5e53-b559-ad3d415cfaa0,3776bf50-879a-5f22-917b-4b1a6b8f7fdf,05f60979-948c-56c4-8971-f733be532412,false,59,2022-08-13 08:00:00+00,2024-01-01 08:00:00+00,
a427bf9f-6a30-5a03-8766-bf96aa36eb2e,bb69cf74-e8a3-5b72-ac68-49859668f9cb,05f60979-948c-56c4-8971-f733be532412,true,90,2023-10-26 08:00:00+00,2024-01-01 08:00:00+00,
1964e11b-1824-5cf6-9db4-9a6b09426912,bb69cf74-e8a3-5b72-ac68-49859668f9cb,8f2d7823-5353-55b7-99c5-837cbc771d58,false,211,2023-02-16 08:00:00+00,2024-01-01 08:00:00+00,
f0896675-013f-5e5b-ba6e-d1fefc24bc7f,2617ce50-1040-5e95-a5cd-ad7168c1a617,3bd995d9-5386-5200-b14c-337fc57a8bb6,true,161,2023-05-07 08:00:00+00,2024-01-01 08:00:00+00,
09b4a0c8-fe94-55af-b664-d4c5b203ddb1,2617ce50-1040-5e95-a5cd-ad7168c1a617,b0a7719d-51cd-5e7d-8e3d-67cc571130e0,false,226,2022-12-08 08:00:00+00,2024-01-01 08:00:00+00,
d6a2e74e-4119-5cf5-887f-53d56ef48a8c,e62e7ed5-99d2-5db0-a042-6553ebdbc679,05f60979-948c-56c4-8971-f733be532412,true,295,2023-05-05 08:00:00+00,2024-01-01 08:00:00+00,
26c0ae33-987f-5cd7-817e-cb9c04b978d5,477f2d99-a1ab-5d81-bd93-530f296c86d4,3bd995d9-5386-5200-b14c-337fc57a8bb6,true,294,2022-10-17 08:00:00+00,2024-01-01 08:00:00+00,
04b24766-d25e-548b-bbe7-70042d86fc5b,477f2d99-a1ab-5d81-bd93-530f296c86d4,b0a7719d-51cd-5e7d-8e3d-67cc571130e0,false,231,2023-05-25 08:00:00+00,2024-01-01 08:00:00+00,
9209a7b3-7c7c-5da7-b366-31fd19d4981a,4bfeded1-00d8-5471-a12f-f980acb2a3d0,05f60979-948c-56c4-8971-f733be532412,true,299,2023-09-24 08:00:00+00,2024-01-01 08:00:00+00,
7c78129d-1355-5d1f-a11c-fe19dabdadfc,4bfeded1-00d8-5471-a12f-f980acb2a3d0,c981f5ef-8774-5129-b83a-c9448b008bfa,false,59,2023-01-17 08:00:00+00,2024-01-01 08:00:00+00,
520e831d-5228-56a9-9e62-57416d6a9a9f,30b68db4-ef1b-5149-9254-1c7cf7f2427d,8f2d7823-5353-55b7-99c5-837cbc771d58,true,174,2023-03-27 08:00:00+00,2024-01-01 08:00:00+00,
3841459d-4544-58ff-b2cd-a01538230b22,30b68db4-ef1b-5149-9254-1c7cf7f2427d,3bd995d9-5386-5200-b14c-337fc57a8bb6,false,59,2022-11-26 08:00:00+00,2024-01-01 08:00:00+00,
118c0ec7-6b25-5410-be96-934a73f3ae27,88db0ac8-150f-563e-9201-553987723d9a,c981f5ef-8774-5129-b83a-c9448b008bfa,true,75,2023-05-05 08:00:00+00,2024-01-01 08:00:00+00,
29f2746e-2054-56b4-b8a1-b1a5814dd588,e88da4df-8997-51b1-867b-3bc7d616d3a7,05f60979-948c-56c4-8971-f733be532412,true,57,2022-04-06 08:00:00+00,2024-01-01 08:00:00+00,
3d311820-414c-5b7c-9943-20c845458ced,e26d3ac2-daaf-5bcd-9b0c-bae3968a51d8,8f2d7823-5353-55b7-99c5-837cbc771d58,true,64,2022-04-11 08:00:00+00,2024-01-01 08:00:00+00,
960c5ffe-2613-5a95-8af4-bf525ccc8766,e26d3ac2-daaf-5bcd-9b0c-bae3968a51d8,05f60979-948c-56c4-8971-f733be532412,false,263,2023-07-02 08:00:00+00,2024-01-01 08:00:00+00,
b48630ec-2c2b-5f0e-9f06-ecb58e3a44d3,b643eb90-a6e5-5cbc-8d38-3d6d562ebce3,3bd995d9-5386-5200-b14c-337fc57a8bb6,true,129,2023-08-29 08:00:00+00,2024-01-01 08:00:00+00,
011af5b1-e96f-53e7-83f4-0e2df44daad5,b643eb90-a6e5-5cbc-8d38-3d6d562ebce3,8f2d7823-5353-55b7-99c5-837cbc771d58,false,213,2023-05-10 08:00:00+00,2024-01-01 08:00:00+00,
2ccdc414-7046-5d3d-8d24-3e36e93ffcf4,b413bdbd-0265-5e4c-b06a-b2a16c28c0cd,b0a7719d-51cd-5e7d-8e3d-67cc571130e0,true,156,2022-12-22 08:00:00+00,2024-01-01 08:00:00+00,
eaef7d46-5d99-5913-9518-69e3ca9c269c,b413bdbd-0265-5e4c-b06a-b2a16c28c0cd,8f2d7823-5353-55b7-99c5-837cbc771d58,false,111,2023-04-04 08:00:00+00,2024-01-01 08:00:00+00,
04f4bbc3-cfaa-5231-afe5-def2eb2b00d9,30986080-e8ac-549f-9e0f-4779d0d8d14c,05f60979-948c-56c4-8971-f733be532412,true,253,2022-11-04 08:00:00+00,2024-01-01 08:00:00+00,
959f02b3-bf9c-515f-9487-0033f3bdfa0c,59e2ca99-c477-5b92-89c4-fd1895fd7dae,b0a7719d-51cd-5e7d-8e3d-67cc571130e0,true,294,2022-11-27 08:00:00+00,2024-01-01 08:00:00+00,
94115663-b44c-5a34-8e1a-299a3903024f,ecab7640-40ed-5f9c-bfb9-e0456786bd93,c981f5ef-8774-5129-b83a-c9448b008bfa,true,106,2022-03-23 08:00:00+00,2024-01-01 08:00:00+00,
6cb89eaa-e9e0-5bb2-9d51-b56337e078d7,ecab7640-40ed-5f9c-bfb9-e0456786bd93,05f60979-948c-56c4-8971-f733be532412,false,75,2022-04-09 08:00:00+00,2024-01-01 08:00:00+00,
46ce3972-f053-5cc6-8f78-a9ce1ed5c48a,47112f29-4567-514f-a116-a9105bb8ab4f,b0a7719d-51cd-5e7d-8e3d-67cc571130e0,true,229,2023-11-21 08:00:00+00,2024-01-01 08:00:00+00,
a202b901-8adc-5dbc-8ff5-94d3cffd22dc,47112f29-4567-514f-a116-a9105bb8ab4f,3bd995d9-5386-5200-b14c-337fc57a8bb6,false,57,2022-05-16 08:00:00+00,2024-01-01 08:00:00+00,
6de16660-18ef-5471-a711-851cd6d38d53,e4559815-b739-5c84-9bcc-9eea269aeadf,3bd995d9-5386-5200-b14c-337fc57a8bb6,true,86,2022-11-11 08:00:00+00,2024-01-01 08:00:00+00,
afcb8995-6b81-5c1b-97cc-e867bebc8857,e4559815-b739-5c84-9bcc-9eea269aeadf,8f2d7823-5353-55b7-99c5-837cbc771d58,false,174,2022-11-28 08:00:00+00,2024-01-01 08:00:00+00,
53900d14-e9cf-5956-9579-83ab2ca835a9,2f8d2ea7-d5a7-574e-a816-bb5e23cfe0a6,3bd995d9-5386-5200-b14c-337fc57a8bb6,true,232,2023-01-19 08:00:00+00,2024-01-01 08:00:00+00,
dd998910-1f65-55cf-85cf-5e76947a8424,e69c6dd9-755e-520c-b044-3aae693986ca,b0a7719d-51cd-5e7d-8e3d-67cc571130e0,true,215,2023-07-31 08:00:00+00,2024-01-01 08:00:00+00,
95d2e762-75fd-5d75-8d27-b14285a7e149,e69c6dd9-755e-520c-b044-3aae693986ca,05f60979-948c-56c4-8971-f733be532412,false,118,2022-10-28 08:00:00+00,2024-01-01 08:00:00+00,
4b881dc9-aed8-55c7-bbf0-7e1565e6d124,1d595ed3-8f33-539f-a8b9-39553caec2cf,3bd995d9-5386-5200-b14c-337fc57a8bb6,true,107,2022-04-20 08:00:00+00,2024-01-01 08:00:00+00,
d2179b42-fdb1-5b77-a1f0-0ccf4ce72085,1d595ed3-8f33-539f-a8b9-39553caec2cf,b0a7719d-51cd-5e7d-8e3d-67cc571130e0,false,115,2022-02-22 08:00:00+00,2024-01-01 08:00:00+00,
51537c89-930e-55f7-a578-27f779ab738a,005eff9c-4a27-5f14-aedb-ead353ed922d,c981f5ef-8774-5129-b83a-c9448b008bfa,true,149,2023-02-11 08:00:00+00,2024-01-01 08:00:00+00,
d67c58dc-549e-56d4-a47e-64373b3282eb,005eff9c-4a27-5f14-aedb-ead353ed922d,b0a7719d-51cd-5e7d-8e3d-67cc571130e0,false,214,2023-06-20 08:00:00+00,2024-01-01 08:00:00+00,
889431ea-8906-5b69-9b06-acb00f4ec6cc,25aefb16-8b0a-510c-a26c-2c6c32d3cf07,3bd995d9-5386-5200-b14c-337fc57a8bb6,true,178,2023-08-16 08:00:00+00,2024-01-01 08:00:00+00,
e6f2ea90-95f1-51a0-b9b9-14c2a60aa58b,e4ec23d2-fbc9-517d-8c20-7f3ff08d1deb,05f60979-948c-56c4-8971-f733be532412,true,104,2023-06-12 08:00:00+00,2024-01-01 08:00:00+00,
b5be1236-f68e-55c1-aa52-232102b6c286,386f3f3d-759d-5ed4-b126-bf3d8ada3fb8,3bd995d9-5386-5200-b14c-337fc57a8bb6,true,146,2022-12-11 08:00:00+00,2024-01-01 08:00:00+00,
710a4fbd-04ae-5b50-84c1-572d72d62702,dfb75683-7d24-5310-b359-15062010d57b,b0a7719d-51cd-5e7d-8e3d-67cc571130e0,true,183,2022-05-21 08:00:00+00,2024-01-01 08:00:00+00,
5be97128-b963-5304-8d4c-919176aa5a83,111a7bcd-5e50-52c7-a2d4-de6546c02678,8f2d7823-5353-55b7-99c5-837cbc771d58,true,240,2023-11-16 08:00:00+00,2024-01-01 08:00:00+00,
a8e42083-4e1e-5ead-982d-87d90f8036b5,7360d4c1-6d7b-5e87-8c85-2e2b0d206a29,8f2d7823-5353-55b7-99c5-837cbc771d58,true,246,2022-12-10 08:00:00+00,2024-01-01 08:00:00+00,
cd596676-814d-5494-b17d-1bb7a177e00c,d0c248ff-bdf3-5da4-a2ce-9fdd140a10fb,8f2d7823-5353-55b7-99c5-837cbc771d58,true,298,2022-12-16 08:00:00+00,2024-01-01 08:00:00+00,
42143b47-1445-5eeb-a4e8-bb3246f00b8c,d806b556-9be2-5764-a245-80581548196a,b0a7719d-51cd-5e7d-8e3d-67cc571130e0,true,286,2023-06-20 08:00:00+00,2024-01-01 08:00:00+00,
8b4dc391-45c0-5354-ac4e-43e8d7cdf9bc,7f8105da-7646-5fff-a62f-00b85e7e2504,8f2d7823-5353-55b7-99c5-837cbc771d58,true,212,2022-12-05 08:00:00+00,2024-01-01 08:00:00+00,
c1b32161-4824-5cd9-b9f1-87ed1c38ad8b,7f8105da-7646-5fff-a62f-00b85e7e2504,b0a7719d-51cd-5e7d-8e3d-67cc571130e0,false,255,2023-11-11 08:00:00+00,2024-01-01 08:00:00+00,
11543b56-b92c-58aa-a790-121114a8dbc8,25090e20-f294-5e04-8a3d-eece1a892b31,8f2d7823-5353-55b7-99c5-837cbc771d58,true,276,2022-10-28 08:00:00+00,2024-01-01 08:00:00+00,
96b3018b-cfaf-5891-95b1-341bde1dbca8,25090e20-f294-5e04-8a3d-eece1a892b31,3bd995d9-5386-5200-b14c-337fc57a8bb6,false,215,2023-06-22 08:00:00+00,2024-01-01 08:00:00+00,
ca3e255f-f3ff-5223-a7fa-207ae5c986ee,97c9ec23-9acb-5f91-8cbb-5452b2683ccb,b0a7719d-51cd-5e7d-8e3d-67cc571130e0,true,210,2023-02-15 08:00:00+00,2024-01-01 08:00:00+00,
1d1605ec-3100-5acd-89f8-2654dc52e14c,895e1521-2cb3-5890-a5f4-69e444cf0630,b0a7719d-51cd-5e7d-8e3d-67cc571130e0,true,222,2022-09-17 08:00:00+00,2024-01-01 08:00:00+00,
7dead5b9-774d-51b6-a70c-baa7fa451519,f564af0b-5ece-56ab-bff5-ba82276e874f,8f2d7823-5353-55b7-99c5-837cbc771d58,true,250,2023-06-17 08:00:00+00,2024-01-01 08:00:00+00,
2a93c853-6d03-56ca-aa83-bca434ffdb26,f564af0b-5ece-56ab-bff5-ba82276e874f,b0a7719d-51cd-5e7d-8e3d-67cc571130e0,false,52,2023-07-10 08:00:00+00,2024-01-01 08:00:00+00,
ecef03fb-8f33-5a35-874f-5c6bdaa730b5,fc6ba705-e419-5f2d-bb11-1302cd9572f3,c981f5ef-8774-5129-b83a-c9448b008bfa,true,266,2022-05-12 08:00:00+00,2024-01-01 08:00:00+00,
d9b2a3d5-cdc3-59f7-a578-bcedb0bc97da,455a906f-ae16-51db-b31e-564383ebbb6d,3bd995d9-5386-5200-b14c-337fc57a8bb6,true,262,2023-04-14 08:00:00+00,2024-01-01 08:00:00+00,
c19d8ae2-aa44-562d-a0bd-c5d99065a4d9,455a906f-ae16-51db-b31e-564383ebbb6d,b0a7719d-51cd-5e7d-8e3d-67cc571130e0,false,148,2022-12-20 08:00:00+00,2024-01-01 08:00:00+00,
79212cef-3df8-58ee-bb2a-74b0db93a439,49a6840d-c510-5e88-b2e1-3009474cc0e7,c981f5ef-8774-5129-b83a-c9448b008bfa,true,174,2022-11-12 08:00:00+00,2024-01-01 08:00:00+00,
eb215223-bc3b-5293-913c-1dc271956df5,d8903536-e030-5896-94f0-539d41b7611a,3bd995d9-5386-5200-b14c-337fc57a8bb6,true,124,2023-07-09 08:00:00+00,2024-01-01 08:00:00+00,
e96d6610-24c4-5ee4-b710-fe0577548fcb,d8903536-e030-5896-94f0-539d41b7611a,c981f5ef-8774-5129-b83a-c9448b008bfa,false,234,2022-08-09 08:00:00+00,2024-01-01 08:00:00+00,
d77383b9-181b-5665-aabd-6c1b87e19931,1dae70c6-2ac4-5bb6-97a7-26fc6e88d633,b0a7719d-51cd-5e7d-8e3d-67cc571130e0,true,289,2022-09-10 08:00:00+00,2024-01-01 08:00:00+00,
568a1a4d-71d3-536a-8033-115d7d6fab47,5bf8d6a1-5ebb-5222-a218-176d0f0b48bd,c981f5ef-8774-5129-b83a-c9448b008bfa,true,66,2023-02-02 08:00:00+00,2024-01-01 08:00:00+00,
b95d6951-d67c-58c3-9e83-c89642051927,5bf8d6a1-5ebb-5222-a218-176d0f0b48bd,05f60979-948c-56c4-8971-f733be532412,false,143,2022-04-17 08:00:00+00,2024-01-01 08:00:00+00,
b2b085c3-7fbb-5b03-a67a-c8585cd6fcbd,a64ff884-5bc4-554d-a398-e1a72d3bc893,c981f5ef-8774-5129-b83a-c9448b008bfa,true,295,2022-05-08 08:00:00+00,2024-01-01 08:00:00+00,
8fc12564-d6fc-55db-b7c8-54cf47832825,a64ff884-5bc4-554d-a398-e1a72d3bc893,3bd995d9-5386-5200-b14c-337fc57a8bb6,false,296,2023-10-11 08:00:00+00,2024-01-01 08:00:00+00,
16f9f9a2-b7e2-54e0-8786-c7879f632646,dd3679e4-540d-5f46-bc31-35b9355f223a,05f60979-948c-56c4-8971-f733be532412,true,210,2022-03-10 08:00:00+00,2024-01-01 08:00:00+00,
4d08468c-01ec-5112-ac8a-96905cb1655e,0a86ee9c-e534-54a4-be0c-82848a5fc608,8f2d7823-5353-55b7-99c5-837cbc771d58,true,234,2022-04-15 08:00:00+00,2024-01-01 08:00:00+00,
33907f13-8f9f-506d-89bf-b453fff62b91,c2e1ceec-28c5-5e8c-832d-7b742289165d,c981f5ef-8774-5129-b83a-c9448b008bfa,true,100,2023-01-14 08:00:00+00,2024-01-01 08:00:00+00,
5c2b54ba-b682-51fc-8047-1d221988a8e0,c2e1ceec-28c5-5e8c-832d-7b742289165d,8f2d7823-5353-55b7-99c5-837cbc771d58,false,158,2023-03-17 08:00:00+00,2024-01-01 08:00:00+00,
a518799e-2a9f-5484-ae9e-7f43544a5d1b,5b712bd3-5cbb-5d85-b430-6f978b63af63,8f2d7823-5353-55b7-99c5-837cbc771d58,true,226,2023-07-13 08:00:00+00,2024-01-01 08:00:00+00,
b7d87055-ddd2-5d85-ab1f-b459035f342f,1a4ded5a-35e0-5502-8369-f605f0937f33,05f60979-948c-56c4-8971-f733be532412,true,211,2023-08-29 08:00:00+00,2024-01-01 08:00:00+00,
af8990e4-1c65-53b3-ae9d-c8355c841a48,1a4ded5a-35e0-5502-8369-f605f0937f33,8f2d7823-5353-55b7-99c5-837cbc771d58,false,59,2022-03-18 08:00:00+00,2024-01-01 08:00:00+00,
26b465b6-b954-5885-8c47-bca2c8855649,486b9eea-ee93-577f-ad0d-5e1c0f848a65,b0a7719d-51cd-5e7d-8e3d-67cc571130e0,true,183,2023-06-22 08:00:00+00,2024-01-01 08:00:00+00,
64f34cae-75ef-5dbe-a5fd-f4296fcb8b57,46f10de0-db4b-5153-a26e-289c7493be22,c981f5ef-8774-5129-b83a-c9448b008bfa,true,215,2022-06-16 08:00:00+00,2024-01-01 08:00:00+00,
e52a0f66-ecc3-566c-aaa7-83f3ee31457f,46f10de0-db4b-5153-a26e-289c7493be22,3bd995d9-5386-5200-b14c-337fc57a8bb6,false,79,2023-03-07 08:00:00+00,2024-01-01 08:00:00+00,
cb810228-ad10-55aa-b81c-cf25cdc66e7b,e4fcdb2d-6cb6-56d4-bddc-3a5adafd5ced,c981f5ef-8774-5129-b83a-c9448b008bfa,true,60,2023-07-01 08:00:00+00,2024-01-01 08:00:00+00,
bb120a44-bcdd-57aa-9da9-7e417166edd2,e4fcdb2d-6cb6-56d4-bddc-3a5adafd5ced,8f2d7823-5353-55b7-99c5-837cbc771d58,false,264,2023-05-14 08:00:00+00,2024-01-01 08:00:00+00,
ee92a3fd-65e7-50c9-8aff-ed3b4bc118aa,d146ef1e-5dc7-5a2d-8d79-82edcab99b27,3bd995d9-5386-5200-b14c-337fc57a8bb6,true,125,2023-08-09 08:00:00+00,2024-01-01 08:00:00+00,
2d8d0c41-394d-5356-bb00-4ab39a712c4d,d146ef1e-5dc7-5a2d-8d79-82edcab99b27,8f2d7823-5353-55b7-99c5-837cbc771d58,false,175,2023-10-03 08:00:00+00,2024-01-01 08:00:00+00,
becb6fee-c26b-55da-9e94-dfc0c94432e1,ce1f2526-b7cc-5d75-87dd-9ad4dc71955b,3bd995d9-5386-5200-b14c-337fc57a8bb6,true,94,2022-11-26 08:00:00+00,2024-01-01 08:00:00+00,
8838bb39-9e8c-58a4-88a0-e18989ac4b05,ce1f2526-b7cc-5d75-87dd-9ad4dc71955b,05f60979-948c-56c4-8971-f733be532412,false,93,2022-12-24 08:00:00+00,2024-01-01 08:00:00+00,
d8d70caa-52b0-5d4e-b39b-aa39aa0d59a2,593fc1bb-207d-5597-abe7-73a45711a249,05f60979-948c-56c4-8971-f733be532412,true,98,2023-03-17 08:00:00+00,2024-01-01 08:00:00+00,
9815aa46-4113-5719-bc1c-faf275a0e974,593fc1bb-207d-5597-abe7-73a45711a249,3bd995d9-5386-5200-b14c-337fc57a8bb6,false,240,2023-08-29 08:00:00+00,2024-01-01 08:00:00+00,
f98dd10c-193e-5eb4-948b-80bfc8c2260f,03c319d5-d03e-5411-8476-ac5df49e5891,8f2d7823-5353-55b7-99c5-837cbc771d58,true,97,2022-05-22 08:00:00+00,2024-01-01 08:00:00+00,
01b12dad-a3ce-57b0-b604-c7aab2d6696b,03c319d5-d03e-5411-8476-ac5df49e5891,05f60979-948c-56c4-8971-f733be532412,false,57,2022-04-22 08:00:00+00,2024-01-01 08:00:00+00,
b958bb20-b09c-53b0-97da-43f456f58f8c,51a600b2-159a-5da8-ad7b-fc043233877b,c981f5ef-8774-5129-b83a-c9448b008bfa,true,175,2022-11-19 08:00:00+00,2024-01-01 08:00:00+00,
9b040a9e-43a1-5873-a291-86bc93698a8d,51a600b2-159a-5da8-ad7b-fc043233877b,3bd995d9-5386-5200-b14c-337fc57a8bb6,false,118,2023-10-31 08:00:00+00,2024-01-01 08:00:00+00,
d16f2349-3fac-559c-916a-11b829c77b4e,1983eaa8-3e0f-5b01-91c3-a1b03f2caeff,8f2d7823-5353-55b7-99c5-837cbc771d58,true,113,2022-08-30 08:00:00+00,2024-01-01 08:00:00+00,
7c78571c-9205-5d98-8726-12f2c2768c97,fa179ce4-a20f-5247-8305-083f815381de,c981f5ef-8774-5129-b83a-c9448b008bfa,true,247,2022-05-19 08:00:00+00,2024-01-01 08:00:00+00,
7e80d645-2542-5af9-bb00-096222fc0002,68ebdd66-e23f-5af8-a6e8-17fe8a7c06ac,b0a7719d-51cd-5e7d-8e3d-67cc571130e0,true,191,2023-08-08 08:00:00+00,2024-01-01 08:00:00+00,
ffbd8727-a090-5510-82cc-c3ffb99c2cbb,68ebdd66-e23f-5af8-a6e8-17fe8a7c06ac,05f60979-948c-56c4-8971-f733be532412,false,164,2023-05-24 08:00:00+00,2024-01-01 08:00:00+00,
4c2fb330-0bff-57ff-b535-859ea1bbff38,900b33f7-63e5-5b0e-a2e7-06200b51e600,05f60979-948c-56c4-8971-f733be532412,true,243,2022-03-17 08:00:00+00,2024-01-01 08:00:00+00,
18f5fe7b-11b7-50b0-b7e3-55cb5c0b4b7b,26d2bfe7-e054-5ba4-a46b-f95ccd639358,b0a7719d-51cd-5e7d-8e3d-67cc571130e0,true,56,2022-05-25 08:00:00+00,2024-01-01 08:00:00+00,
c4e80870-2646-5e86-a54b-6d7af7de3b26,26d2bfe7-e054-5ba4-a46b-f95ccd639358,3bd995d9-5386-5200-b14c-337fc57a8bb6,false,91,2022-04-12 08:00:00+00,2024-01-01 08:00:00+00,
9a494a16-da49-51e8-8f5c-e603963f4fa0,b0e38f26-6ae9-5624-b659-e07c137a7c4b,c981f5ef-8774-5129-b83a-c9448b008bfa,true,293,2023-08-13 08:00:00+00,2024-01-01 08:00:00+00,
7c608aec-38ed-5aa5-82ec-7b4070f7785d,b0e38f26-6ae9-5624-b659-e07c137a7c4b,8f2d7823-5353-55b7-99c5-837cbc771d58,false,84,2023-10-01 08:00:00+00,2024-01-01 08:00:00+00,
39cc327b-327f-595f-8697-3922ec78e17a,6a32cf49-91cd-5866-93e4-05aae301a78e,c981f5ef-8774-5129-b83a-c9448b008bfa,true,121,2022-10-10 08:00:00+00,2024-01-01 08:00:00+00,
50079bda-f4b1-5666-90a0-a6daff07e9c4,6a32cf49-91cd-5866-93e4-05aae301a78e,8f2d7823-5353-55b7-99c5-837cbc771d58,false,264,2022-07-29 08:00:00+00,2024-01-01 08:00:00+00,
889bb986-3c88-5865-b2f5-bd1e704f08fc,91752b67-d737-5052-ae5c-a98ff50f85f5,c981f5ef-8774-5129-b83a-c9448b008bfa,true,192,2022-12-03 08:00:00+00,2024-01-01 08:00:00+00,
c84e1190-12ab-5653-a4c9-693cfd8fcf77,91752b67-d737-5052-ae5c-a98ff50f85f5,8f2d7823-5353-55b7-99c5-837cbc771d58,false,147,2023-06-12 08:00:00+00,2024-01-01 08:00:00+00,
2e87d0d0-4d08-5c46-8b26-34cb994c7f08,397e3e4f-11a5-51cb-aefd-c27370bd624c,3bd995d9-5386-5200-b14c-337fc57a8bb6,true,285,2022-12-06 08:00:00+00,2024-01-01 08:00:00+00,
44253c1e-4d16-5113-bb39-f1a056e29b0b,397e3e4f-11a5-51cb-aefd-c27370bd624c,c981f5ef-8774-5129-b83a-c9448b008bfa,false,64,2023-09-14 08:00:00+00,2024-01-01 08:00:00+00,
6a7bdc64-c8f0-5669-b39b-8816de3615d3,2becbc72-25e2-5add-9d6a-7bfa42bae077,05f60979-948c-56c4-8971-f733be532412,true,141,2022-08-10 08:00:00+00,2024-01-01 08:00:00+00,
8cc598ec-3def-5526-83a4-12659c5694dd,2becbc72-25e2-5add-9d6a-7bfa42bae077,b0a7719d-51cd-5e7d-8e3d-67cc571130e0,false,275,2023-11-17 08:00:00+00,2024-01-01 08:00:00+00,
4d9070e7-2acd-570e-a9b9-fff02fb0bac2,fdb70fad-1e5a-5039-864a-d331c3c1c4e0,b0a7719d-51cd-5e7d-8e3d-67cc571130e0,true,160,2023-08-02 08:00:00+00,2024-01-01 08:00:00+00,
e4731a92-38de-5a44-8d55-1f6f33b30b93,c01646ec-5985-5e1f-8311-f228a269f386,05f60979-948c-56c4-8971-f733be532412,true,183,2022-12-15 08:00:00+00,2024-01-01 08:00:00+00,
e43e768b-ae29-562f-8292-eb800ffa2c9b,1470421e-1c5c-57ba-95e4-5a6607633880,3bd995d9-5386-5200-b14c-337fc57a8bb6,true,111,2022-06-09 08:00:00+00,2024-01-01 08:00:00+00,
a23d3c06-9921-5018-b482-ecce3a27194a,1470421e-1c5c-57ba-95e4-5a6607633880,c981f5ef-8774-5129-b83a-c9448b008bfa,false,223,2023-06-29 08:00:00+00,2024-01-01 08:00:00+00,
183802d6-a8be-57d8-97a6-2d28a007a306,68416d76-67e6-52cf-9642-a10ac0f82f57,c981f5ef-8774-5129-b83a-c9448b008bfa,true,52,2023-03-25 08:00:00+00,2024-01-01 08:00:00+00,
d0ce7d3f-e648-5955-be14-446758d3db98,68416d76-67e6-52cf-9642-a10ac0f82f57,05f60979-948c-56c4-8971-f733be532412,false,97,2022-05-27 08:00:00+00,2024-01-01 08:00:00+00,
7e2a1aae-855a-55c9-b1fc-32324774692d,ddf498cd-2f67-512e-b08a-8f88b8d2aa02,c981f5ef-8774-5129-b83a-c9448b008bfa,true,187,2023-07-30 08:00:00+00,2024-01-01 08:00:00+00,
a5b8e2b2-fe97-598e-ac80-ff723cbcf9dc,ddf498cd-2f67-512e-b08a-8f88b8d2aa02,3bd995d9-5386-5200-b14c-337fc57a8bb6,false,270,2022-05-05 08:00:00+00,2024-01-01 08:00:00+00,
c81dce72-8d62-521a-9c2d-efa6fe194426,1187b80c-a365-5a5b-9196-51dacb54d8fc,c981f5ef-8774-5129-b83a-c9448b008bfa,true,97,2022-06-08 08:00:00+00,2024-01-01 08:00:00+00,
5b93ebc1-ad30-54c0-a984-809ec14ca217,75c8ed5f-337d-54d4-b167-cb6d4af1efff,b0a7719d-51cd-5e7d-8e3d-67cc571130e0,true,247,2023-10-20 08:00:00+00,2024-01-01 08:00:00+00,
7eefcdb2-3790-5f92-9cf5-d5594b87315e,2844bc2d-ec47-5312-8481-1d4bf15a3d61,05f60979-948c-56c4-8971-f733be532412,true,298,2022-09-15 08:00:00+00,2024-01-01 08:00:00+00,
84bb1155-e198-5b6e-a405-0626b7a57fb6,2844bc2d-ec47-5312-8481-1d4bf15a3d61,3bd995d9-5386-5200-b14c-337fc57a8bb6,false,175,2023-04-22 08:00:00+00,2024-01-01 08:00:00+00,
d64a79d7-8a22-573a-a6a1-a153708205ef,0ff97018-c949-5175-9a06-ea42f60665fc,b0a7719d-51cd-5e7d-8e3d-67cc571130e0,true,107,2023-10-09 08:00:00+00,2024-01-01 08:00:00+00,
0c729d63-533e-56f4-9a96-436526371741,dbdb822d-62c6-5862-8628-4bf0f07408ab,b0a7719d-51cd-5e7d-8e3d-67cc571130e0,true,280,2022-06-11 08:00:00+00,2024-01-01 08:00:00+00,
57359e80-38ff-5912-bf6b-26de0708d8b1,5fba40b4-c37c-5ee1-b40b-d28d978ac60e,3bd995d9-5386-5200-b14c-337fc57a8bb6,true,238,2022-09-17 08:00:00+00,2024-01-01 08:00:00+00,
a34ebbe2-fc4e-58fb-9ed0-b10424789c17,5fba40b4-c37c-5ee1-b40b-d28d978ac60e,b0a7719d-51cd-5e7d-8e3d-67cc571130e0,false,213,2022-08-03 08:00:00+00,2024-01-01 08:00:00+00,
f515d967-f58e-5f2d-b963-5706139e27b1,89f8775d-b4ad-54eb-a5d1-1e6a30eb008a,8f2d7823-5353-55b7-99c5-837cbc771d58,true,228,2023-09-27 08:00:00+00,2024-01-01 08:00:00+00,
36c37c1f-20ae-5e37-a8e6-e72cce1767ee,89f8775d-b4ad-54eb-a5d1-1e6a30eb008a,05f60979-948c-56c4-8971-f733be532412,false,198,2022-02-08 08:00:00+00,2024-01-01 08:00:00+00,
a347cc3a-412f-53fb-9c30-46a271ed6a09,0cf4eeb7-2455-520d-bf09-d21a37b7cca2,3bd995d9-5386-5200-b14c-337fc57a8bb6,true,134,2023-11-19 08:00:00+00,2024-01-01 08:00:00+00,
a0e01d87-d8b6-5261-866c-a7608180506b,017e8ed9-60c1-5579-a6c3-43274cf7c0d2,3bd995d9-5386-5200-b14c-337fc57a8bb6,true,58,2022-03-26 08:00:00+00,2024-01-01 08:00:00+00,
e6dce789-21c6-528f-85fb-c07ef4bd79c8,017e8ed9-60c1-5579-a6c3-43274cf7c0d2,8f2d7823-5353-55b7-99c5-837cbc771d58,false,140,2022-07-24 08:00:00+00,2024-01-01 08:00:00+00,
a911b55c-b650-5c40-af95-9b81c66e2e96,643fdafe-abd6-5203-a073-2d6782211234,c981f5ef-8774-5129-b83a-c9448b008bfa,true,289,2023-02-21 08:00:00+00,2024-01-01 08:00:00+00,
09de3783-096f-5ab1-bbdd-1fd6eb7dd072,643fdafe-abd6-5203-a073-2d6782211234,b0a7719d-51cd-5e7d-8e3d-67cc571130e0,false,56,2022-09-12 08:00:00+00,2024-01-01 08:00:00+00,
d946743f-d39b-5d87-9736-2d0ae5ffff31,0a97eda5-d10e-55a4-a064-39d94807b208,c981f5ef-8774-5129-b83a-c9448b008bfa,true,113,2022-06-28 08:00:00+00,2024-01-01 08:00:00+00,
a545e86c-d58d-594e-b946-185de5de0325,b98bfb5b-1904-5608-8698-4c31ef406e11,8f2d7823-5353-55b7-99c5-837cbc771d58,true,103,2022-05-16 08:00:00+00,2024-01-01 08:00:00+00,
218d21b5-2dda-5de6-a4a6-6a96b668d6bc,b98bfb5b-1904-5608-8698-4c31ef406e11,b0a7719d-51cd-5e7d-8e3d-67cc571130e0,false,214,2023-01-24 08:00:00+00,2024-01-01 08:00:00+00,
8d2a3ac1-1111-5612-b009-67a816cb9215,9b3f609b-0c6b-5666-b1a0-3c5394007de6,3bd995d9-5386-5200-b14c-337fc57a8bb6,true,247,2022-02-22 08:00:00+00,2024-01-01 08:00:00+00,
8a726a22-b430-5a58-96e5-6c60ae3bc47a,cac2e7cc-ad45-5644-bb71-83656f0b04f1,c981f5ef-8774-5129-b83a-c9448b008bfa,true,176,2022-09-24 08:00:00+00,2024-01-01 08:00:00+00,
1de15971-b411-52f7-82d2-b21ddde994ab,cac2e7cc-ad45-5644-bb71-83656f0b04f1,8f2d7823-5353-55b7-99c5-837cbc771d58,false,205,2023-01-14 08:00:00+00,2024-01-01 08:00:00+00,
ab7f8478-e388-5d78-9909-4e9b94a09e44,41946964-0eed-5ebd-b9a2-76bf700b20ff,b0a7719d-51cd-5e7d-8e3d-67cc571130e0,true,194,2022-11-11 08:00:00+00,2024-01-01 08:00:00+00,
c5ebe7b5-8b5b-5e2c-9bc7-a9984eb587e0,41946964-0eed-5ebd-b9a2-76bf700b20ff,05f60979-948c-56c4-8971-f733be532412,false,96,2022-10-10 08:00:00+00,2024-01-01 08:00:00+00,
052d80df-868c-54f5-ab1f-3f0b77960096,c7a6d6e7-b546-5d03-b972-67ace855e0a8,05f60979-948c-56c4-8971-f733be532412,true,233,2022-08-02 08:00:00+00,2024-01-01 08:00:00+00,
dbc72dae-5b20-5d3e-890d-497a2ac2e0c8,ee5d7821-80a1-52df-84be-b9322f8f1c5e,05f60979-948c-56c4-8971-f733be532412,true,296,2023-03-07 08:00:00+00,2024-01-01 08:00:00+00,
e191a32c-4ff4-5c59-b9a4-aa62ef6e606d,baba487d-8d55-5b16-986c-1e9e677f434a,8f2d7823-5353-55b7-99c5-837cbc771d58,true,243,2023-10-20 08:00:00+00,2024-01-01 08:00:00+00,
de952fd0-de9f-5ab7-9dee-d78702ee3372,05e9ba54-8402-5810-930d-cb715cd077bb,b0a7719d-51cd-5e7d-8e3d-67cc571130e0,true,70,2022-04-27 08:00:00+00,2024-01-01 08:00:00+00,
e527c74f-a975-55ee-a7a7-c5dce7ba0057,9a309627-44cb-5537-9809-1b35a8efd1b3,c981f5ef-8774-5129-b83a-c9448b008bfa,true,154,2022-10-13 08:00:00+00,2024-01-01 08:00:00+00,
b121364d-2036-5dfe-9583-d0b5f10b075f,af1f1d22-cf48-5e5a-903e-9291f9a160d5,3bd995d9-5386-5200-b14c-337fc57a8bb6,true,66,2023-04-07 08:00:00+00,2024-01-01 08:00:00+00,
b38537cf-2781-5a19-bd23-43c1d157d17c,af1f1d22-cf48-5e5a-903e-9291f9a160d5,c981f5ef-8774-5129-b83a-c9448b008bfa,false,128,2023-05-21 08:00:00+00,2024-01-01 08:00:00+00,
d5a79afe-18ec-5a48-9302-13c4abc47cb5,0ee36746-6057-5e53-9444-ffb72cfa45a1,8f2d7823-5353-55b7-99c5-837cbc771d58,true,151,2022-06-20 08:00:00+00,2024-01-01 08:00:00+00,
49965437-cf5b-5950-9382-b417101c5b90,beadfa21-922c-52e4-a221-3b3d9baffcb8,05f60979-948c-56c4-8971-f733be532412,true,293,2022-04-20 08:00:00+00,2024-01-01 08:00:00+00,
28b4552c-9bfb-5e11-bdca-60578275e64e,32cea515-fccc-57d9-abeb-1adc3b9a2e0e,8f2d7823-5353-55b7-99c5-837cbc771d58,true,214,2022-02-22 08:00:00+00,2024-01-01 08:00:00+00,
e862a5d0-e075-5efe-92d3-add21e6d4c71,32cea515-fccc-57d9-abeb-1adc3b9a2e0e,3bd995d9-5386-5200-b14c-337fc57a8bb6,false,241,2022-09-17 08:00:00+00,2024-01-01 08:00:00+00,
343a4805-8fb2-5c25-be66-bb665e9eb726,556a16bf-079e-5791-ae04-0563ceccb9f6,c981f5ef-8774-5129-b83a-c9448b008bfa,true,257,2022-02-28 08:00:00+00,2024-01-01 08:00:00+00,
c489fab8-79ac-5cbc-9a12-b3b4861a2d57,febfb728-7014-5e6d-9b55-cd9089333990,b0a7719d-51cd-5e7d-8e3d-67cc571130e0,true,76,2022-08-07 08:00:00+00,2024-01-01 08:00:00+00,
b5e0d047-ee1e-5fba-9d3f-f1fb00880f28,57a102a5-4d08-5639-a2db-c89e31403f6c,05f60979-948c-56c4-8971-f733be532412,true,224,2023-03-03 08:00:00+00,2024-01-01 08:00:00+00,
adf1e8ec-e3a3-56e6-8713-9bb35ab864d9,1bd1d3e1-5ce3-5169-b1ce-e7b4e742c95a,05f60979-948c-56c4-8971-f733be532412,true,159,2023-03-31 08:00:00+00,2024-01-01 08:00:00+00,
fa6585c5-cc4d-5112-933b-0f1ec35107ee,507b79da-606e-544e-96e3-9fe6b5f741e3,c981f5ef-8774-5129-b83a-c9448b008bfa,true,168,2023-03-22 08:00:00+00,2024-01-01 08:00:00+00,
1fe80765-311a-55ef-b147-b5b8736078fc,507b79da-606e-544e-96e3-9fe6b5f741e3,05f60979-948c-56c4-8971-f733be532412,false,186,2023-10-17 08:00:00+00,2024-01-01 08:00:00+00,
5334201f-0499-562c-8400-553c1141c690,cd5bb918-82dd-57bf-b8ac-2d8f8aa4268f,05f60979-948c-56c4-8971-f733be532412,true,298,2023-09-16 08:00:00+00,2024-01-01 08:00:00+00,
31956328-4c53-5a67-8fe8-63d69cd5bb75,52419d35-298d-5cb3-9d8d-5ad624c0d8cb,05f60979-948c-56c4-8971-f733be532412,true,69,2023-05-24 08:00:00+00,2024-01-01 08:00:00+00,
65332649-c6da-5854-8468-acce8d28254b,52419d35-298d-5cb3-9d8d-5ad624c0d8cb,c981f5ef-8774-5129-b83a-c9448b008bfa,false,138,2022-07-27 08:00:00+00,2024-01-01 08:00:00+00,
f88557fb-64d5-54b4-9947-be4350ef0b00,834ac8cc-8210-5814-afe8-706809f20d68,8f2d7823-5353-55b7-99c5-837cbc771d58,true,241,2022-05-06 08:00:00+00,2024-01-01 08:00:00+00,
d70bd47e-1515-5a25-a6cd-db1f0efaf0ed,c8da0ee8-810c-5856-a9b0-c4fa233916f5,8f2d7823-5353-55b7-99c5-837cbc771d58,true,81,2023-09-27 08:00:00+00,2024-01-01 08:00:00+00,
1e349e41-3552-5e58-9569-5c72db4b0847,1980be95-6290-5958-99a7-f46ee318b195,c981f5ef-8774-5129-b83a-c9448b008bfa,true,168,2022-11-07 08:00:00+00,2024-01-01 08:00:00+00,
592f9667-fee9-52a6-b253-292b6f74e363,e79747e3-6ffe-5203-89ce-6ac88258ccbc,3bd995d9-5386-5200-b14c-337fc57a8bb6,true,163,2023-05-07 08:00:00+00,2024-01-01 08:00:00+00,
91d603b3-64e9-539e-bc8d-6d4bf65cc098,feb14639-263c-518d-b1bf-ff772c488478,8f2d7823-5353-55b7-99c5-837cbc771d58,true,276,2023-04-12 08:00:00+00,2024-01-01 08:00:00+00,
65363095-c1d8-52a9-862d-9f6d6421adff,feb14639-263c-518d-b1bf-ff772c488478,b0a7719d-51cd-5e7d-8e3d-67cc571130e0,false,237,2022-12-15 08:00:00+00,2024-01-01 08:00:00+00,
dc014fe2-cb5e-5a81-8f59-b7cca9660485,09b07d5c-6120-508a-90d6-d1874ce43f12,3bd995d9-5386-5200-b14c-337fc57a8bb6,true,261,2023-01-05 08:00:00+00,2024-01-01 08:00:00+00,
b13c449a-6095-5065-902d-f7a50d20b5b8,09b07d5c-6120-508a-90d6-d1874ce43f12,c981f5ef-8774-5129-b83a-c9448b008bfa,false,288,2022-12-10 08:00:00+00,2024-01-01 08:00:00+00,
e957a149-c072-5e22-ad5d-68a8a402afe0,37980c76-fdd2-54f0-b72e-732c28d91808,c981f5ef-8774-5129-b83a-c9448b008bfa,true,281,2023-05-18 08:00:00+00,2024-01-01 08:00:00+00,
02e0a2f6-b297-584d-a542-3deb37f38bc2,37980c76-fdd2-54f0-b72e-732c28d91808,8f2d7823-5353-55b7-99c5-837cbc771d58,false,66,2022-02-03 08:00:00+00,2024-01-01 08:00:00+00,
9862bdd1-1868-5d69-bacb-6bcc4d8b5ecb,0b71d991-0e3d-5911-9507-eddfcfe81bbc,8f2d7823-5353-55b7-99c5-837cbc771d58,true,181,2022-06-04 08:00:00+00,2024-01-01 08:00:00+00,
262389bd-a165-55c7-a533-908aa7539fed,91bed5db-4057-59bb-ac57-9a925990008c,b0a7719d-51cd-5e7d-8e3d-67cc571130e0,true,153,2022-10-16 08:00:00+00,2024-01-01 08:00:00+00,
c6717afb-d0f0-5f82-ac31-e0e3ecbb98ad,91bed5db-4057-59bb-ac57-9a925990008c,05f60979-948c-56c4-8971-f733be532412,false,109,2022-08-05 08:00:00+00,2024-01-01 08:00:00+00,
c2fb1821-5f2e-526a-855f-5a16e828e921,ccbba643-f025-5a47-836c-904723d42f38,3bd995d9-5386-5200-b14c-337fc57a8bb6,true,189,2022-02-08 08:00:00+00,2024-01-01 08:00:00+00,
