id,supplier_id,factory_id,warehouse_id,order_id,carrier,status,eta,dispatched_at,delivered_at,origin_location,created_at,updated_at
189a45f5-b5c0-54e3-a6c1-9cad1fa55c02,,05f60979-948c-56c4-8971-f733be532412,a71f4bf4-a78e-5fa3-a8bd-e34ee2c97dcd,be0000b5-335e-532f-9f40-75d0225fd948,FedEx Logistics,delivered,2024-09-19 18:35:17+00,2024-09-14 18:35:17+00,2024-09-27 19:09:39+00,"Monterrey, Mexico",2024-09-13 13:26:34+00,2025-01-02 09:10:21+00
9d0ed72d-d6c0-5f65-977d-932a5cb62efb,,05f60979-948c-56c4-8971-f733be532412,6400998a-1542-5bd0-baca-290648d04849,22f6a829-5117-5f9a-aeff-d1f197e49dad,DHL Freight,delivered,2024-08-31 02:28:34+00,2024-08-23 02:28:34+00,2024-08-30 07:00:27+00,"Monterrey, Mexico",2024-08-20 20:44:01+00,2025-01-02 09:00:41+00
3462435a-0cac-5940-b9bf-4429eecbd2c9,,c981f5ef-8774-5129-b83a-c9448b008bfa,915b9517-c3e0-56bb-9f5b-959c6c507cc4,4c3001d4-a99c-5ec6-aa8a-91b8ed1895e9,DHL Freight,delivered,2024-08-13 02:26:06+00,2024-08-10 02:26:06+00,2024-08-12 10:08:04+00,"Stuttgart, Germany",2024-08-08 22:55:34+00,2025-01-02 09:03:30+00
8f631bc2-c880-5b53-8c41-c593c6fe8d2d,,b0a7719d-51cd-5e7d-8e3d-67cc571130e0,42ad692d-b82d-5a13-91a1-a9fd0fcaf73b,eb228a30-2a14-57a1-87b7-cdfd30a631d4,DB Schenker,delivered,2024-01-17 04:38:49+00,2024-01-08 04:38:49+00,2024-01-16 21:58:51+00,"Austin, USA",2024-01-04 20:11:39+00,2025-01-02 09:05:24+00
3cdedf14-7e0c-50e9-9b11-dff5074e6eb2,,c981f5ef-8774-5129-b83a-c9448b008bfa,22113422-0935-5ebd-b323-7908c0e6bfd5,8cc54e90-d6dc-536c-960a-f855d27beef5,FedEx Logistics,delivered,2024-08-17 04:23:40+00,2024-08-13 04:23:40+00,2024-08-16 23:28:38+00,"Stuttgart, Germany",2024-08-11 18:46:53+00,2025-01-02 09:02:34+00
bc2bc3d0-5c15-534b-9a24-782acea0a7f9,,b0a7719d-51cd-5e7d-8e3d-67cc571130e0,915b9517-c3e0-56bb-9f5b-959c6c507cc4,c0286eb0-c752-59d4-b6b2-d464280657f8,DB Schenker,delivered,2024-08-09 04:29:29+00,2024-08-06 04:29:29+00,2024-08-08 07:12:51+00,"Austin, USA",2024-08-03 00:26:39+00,2025-01-02 09:15:11+00
c505934b-d68c-517c-99a4-82609db2d349,,8f2d7823-5353-55b7-99c5-837cbc771d58,8517ed2a-3738-5e12-a1bc-f0e872fd3d71,def79673-74dd-5c1d-a83a-3e4f5f59f31e,DHL Freight,delivered,2024-11-22 08:29:57+00,2024-11-17 08:29:57+00,2024-11-21 22:45:37+00,"Shenzhen, China",2024-11-16 02:47:21+00,2025-01-02 09:18:58+00
755862e9-0471-50a4-98fd-1607d65dc412,,8f2d7823-5353-55b7-99c5-837cbc771d58,915b9517-c3e0-56bb-9f5b-959c6c507cc4,9d7c77c3-d842-5f75-89dd-9b50b1f18b0c,DHL Freight,delivered,2024-10-16 01:41:47+00,2024-10-08 01:41:47+00,2024-10-14 21:46:21+00,"Shenzhen, China",2024-10-04 17:07:18+00,2025-01-02 09:11:41+00
713693e5-8566-5c8e-b8cd-a4e94cf678d3,,3bd995d9-5386-5200-b14c-337fc57a8bb6,915b9517-c3e0-56bb-9f5b-959c6c507cc4,bb98f3fb-ab3a-5dad-8025-e094f73f8f49,FedEx Logistics,delivered,2024-12-06 00:42:37+00,2024-12-01 00:42:37+00,2024-12-10 01:07:18+00,"Pune, India",2024-11-28 19:13:26+00,2025-01-02 09:14:29+00
8d8cbe11-0842-5f50-8725-ae5dff111401,,3bd995d9-5386-5200-b14c-337fc57a8bb6,22113422-0935-5ebd-b323-7908c0e6bfd5,31528371-ed59-5e61-8444-2458efc5e044,FedEx Logistics,delivered,2024-03-09 01:07:29+00,2024-03-01 01:07:29+00,2024-03-08 01:29:21+00,"Pune, India",2024-02-29 23:23:41+00,2025-01-02 09:24:09+00
a6ab7fa3-437a-5d27-b69e-dfb08010ebcc,,05f60979-948c-56c4-8971-f733be532412,915b9517-c3e0-56bb-9f5b-959c6c507cc4,af933771-6272-5f91-a23c-9f97cb37a3e9,DB Schenker,delivered,2024-10-28 09:36:35+00,2024-10-22 09:36:35+00,2024-10-27 16:16:07+00,"Monterrey, Mexico",2024-10-20 00:10:14+00,2025-01-02 09:21:50+00
9c88ad35-ea60-5cbb-aab6-10d56460bba1,,05f60979-948c-56c4-8971-f733be532412,81c0642e-2463-5abd-ae26-b4b567d51419,79cf3e69-539e-595b-bb99-51ab25c5eea5,DHL Freight,delivered,2024-05-23 02:10:52+00,2024-05-18 02:10:52+00,2024-05-22 00:41:32+00,"Monterrey, Mexico",2024-05-14 22:38:09+00,2025-01-02 09:29:46+00
ad3568e6-a2e0-55ed-acd1-fef475a34eff,,8f2d7823-5353-55b7-99c5-837cbc771d58,6400998a-1542-5bd0-baca-290648d04849,2a2d143f-ea13-5091-868a-b1083d38c42c,DHL Freight,delivered,2024-05-15 05:27:32+00,2024-05-12 05:27:32+00,2024-05-14 01:41:26+00,"Shenzhen, China",2024-05-09 00:15:36+00,2025-01-02 09:07:00+00
744449d6-f021-58c6-8ab9-47e15a404d53,,05f60979-948c-56c4-8971-f733be532412,6400998a-1542-5bd0-baca-290648d04849,1eb5df6c-2dc7-5f9b-8005-ac82bb9e2595,DB Schenker,delivered,2024-07-30 23:05:21+00,2024-07-26 23:05:21+00,2024-07-30 02:42:52+00,"Monterrey, Mexico",2024-07-26 19:57:40+00,2025-01-02 09:22:23+00
976c404b-cea6-5085-8cf5-733141224c9a,,b0a7719d-51cd-5e7d-8e3d-67cc571130e0,8517ed2a-3738-5e12-a1bc-f0e872fd3d71,a77452be-97b2-5936-9e09-da0ef96d6f93,DB Schenker,delivered,2024-03-13 01:00:13+00,2024-03-09 01:00:13+00,2024-03-12 22:03:16+00,"Austin, USA",2024-03-08 15:45:45+00,2025-01-02 09:25:49+00
02d5e75b-4f6b-5e62-a096-ba2f36c9e5ff,,3bd995d9-5386-5200-b14c-337fc57a8bb6,6d6d0a34-9f5e-59b5-8834-675b7c7c4f20,b10fb9c4-0c2a-50b1-ba97-f3ffb7abad16,DHL Freight,delivered,2024-08-05 01:59:16+00,2024-08-02 01:59:16+00,2024-08-05 01:01:18+00,"Pune, India",2024-07-29 17:29:39+00,2025-01-02 09:10:35+00
bf80116e-420c-5ad0-82b9-1bee7afe6ce3,,8f2d7823-5353-55b7-99c5-837cbc771d58,8517ed2a-3738-5e12-a1bc-f0e872fd3d71,0488136f-b4d4-5d57-80bc-ced79fb36a62,DHL Freight,delivered,2024-01-29 07:47:25+00,2024-01-26 07:47:25+00,2024-01-28 06:53:45+00,"Shenzhen, China",2024-01-26 02:34:30+00,2025-01-02 09:06:49+00
b69aafa6-5c1a-5a1e-9b81-7e4e552e9802,,3bd995d9-5386-5200-b14c-337fc57a8bb6,6400998a-1542-5bd0-baca-290648d04849,06d13ba8-7044-5ef9-a3cd-5f7de9e0c01d,FedEx Logistics,delivered,2024-11-03 03:14:26+00,2024-10-29 03:14:26+00,2024-11-03 02:47:22+00,"Pune, India",2024-10-28 00:34:11+00,2025-01-02 09:13:39+00
d3480ae5-3958-5c2a-a881-031401290b07,,05f60979-948c-56c4-8971-f733be532412,915b9517-c3e0-56bb-9f5b-959c6c507cc4,af436841-8680-5a51-9d84-2a66ddf46be7,FedEx Logistics,delivered,2024-12-03 14:02:13+00,2024-11-28 14:02:13+00,2024-12-06 14:14:40+00,"Monterrey, Mexico",2024-11-26 11:59:51+00,2025-01-02 09:02:22+00
313f72af-4ff8-5c75-a3bc-22a1f6edec06,,3bd995d9-5386-5200-b14c-337fc57a8bb6,42ad692d-b82d-5a13-91a1-a9fd0fcaf73b,65ec7fe3-137e-5f39-aaf7-3921466499bc,DB Schenker,delivered,2024-11-23 13:55:21+00,2024-11-16 13:55:21+00,2024-12-01 14:21:58+00,"Pune, India",2024-11-13 11:32:44+00,2025-01-02 09:09:20+00
1f67dce8-5f8d-5b7d-a72f-3183447b3bd1,,b0a7719d-51cd-5e7d-8e3d-67cc571130e0,915b9517-c3e0-56bb-9f5b-959c6c507cc4,a48cd40f-ebb3-59ab-ad97-bf7d348e59d0,DB Schenker,delivered,2024-10-09 23:01:11+00,2024-10-03 23:01:11+00,2024-10-08 19:16:31+00,"Austin, USA",2024-10-01 20:55:02+00,2025-01-02 09:11:30+00
4bba60ef-a8d0-537b-b07f-d9e7faf9f468,,3bd995d9-5386-5200-b14c-337fc57a8bb6,22113422-0935-5ebd-b323-7908c0e6bfd5,56eb6ac6-e2ea-538c-b62d-1a72a602cc2c,FedEx Logistics,delivered,2024-07-21 07:28:22+00,2024-07-18 07:28:22+00,2024-07-21 07:53:26+00,"Pune, India",2024-07-15 23:25:31+00,2025-01-02 09:12:26+00
d4196340-428d-536f-a0c9-a237d37e9c43,,3bd995d9-5386-5200-b14c-337fc57a8bb6,42ad692d-b82d-5a13-91a1-a9fd0fcaf73b,9abb3f44-6dd1-5ae9-9872-1678948af214,FedEx Logistics,delivered,2024-11-15 05:05:56+00,2024-11-08 05:05:56+00,2024-11-14 06:44:40+00,"Pune, India",2024-11-05 19:56:20+00,2025-01-02 09:28:07+00
2e9aa355-6593-58d7-9980-a9fc23b09fa2,,b0a7719d-51cd-5e7d-8e3d-67cc571130e0,6400998a-1542-5bd0-baca-290648d04849,17adbad6-1325-58ef-acc8-2661637fac09,FedEx Logistics,delivered,2024-03-11 08:17:13+00,2024-03-04 08:17:13+00,2024-03-10 15:55:08+00,"Austin, USA",2024-03-03 23:01:15+00,2025-01-02 09:01:06+00
fbb94b81-8198-5a9f-8fbc-b4766f53eb4f,,3bd995d9-5386-5200-b14c-337fc57a8bb6,42ad692d-b82d-5a13-91a1-a9fd0fcaf73b,89c3d099-4c5e-5695-9d7d-c8986a98d947,DHL Freight,delivered,2024-09-26 21:17:08+00,2024-09-20 21:17:08+00,2024-10-05 21:41:54+00,"Pune, India",2024-09-17 18:52:17+00,2025-01-02 09:02:53+00
e282003e-6b35-57d0-bfc4-f3cc0e2b04bf,,05f60979-948c-56c4-8971-f733be532412,6400998a-1542-5bd0-baca-290648d04849,0c9b3655-4244-5222-ab47-829f130d0060,DB Schenker,delivered,2024-03-29 12:26:23+00,2024-03-22 12:26:23+00,2024-03-28 08:50:51+00,"Monterrey, Mexico",2024-03-21 11:20:27+00,2025-01-02 09:05:20+00
ff2452c0-28c5-5bfc-8404-a5cfe1046a57,,b0a7719d-51cd-5e7d-8e3d-67cc571130e0,915b9517-c3e0-56bb-9f5b-959c6c507cc4,379f853d-e259-51d4-b20e-42fa4fc6a1ac,DHL Freight,delivered,2024-09-23 23:11:14+00,2024-09-18 23:11:14+00,2024-09-22 22:42:42+00,"Austin, USA",2024-09-18 17:01:44+00,2025-01-02 09:20:28+00
109f5b3d-e6be-5919-b607-49f0d01a552c,,3bd995d9-5386-5200-b14c-337fc57a8bb6,81c0642e-2463-5abd-ae26-b4b567d51419,748159c8-9192-5ffd-b33b-68a02b224f29,FedEx Logistics,delivered,2024-10-12 02:53:06+00,2024-10-06 02:53:06+00,2024-10-11 15:34:12+00,"Pune, India",2024-10-04 00:43:41+00,2025-01-02 09:00:32+00
d38eed94-676a-5523-b8f5-d6197dee1f00,,3bd995d9-5386-5200-b14c-337fc57a8bb6,8517ed2a-3738-5e12-a1bc-f0e872fd3d71,16ae57ff-d876-5e1f-bd67-e9131427ef6f,DB Schenker,delivered,2024-01-30 23:09:01+00,2024-01-22 23:09:01+00,2024-01-30 05:36:30+00,"Pune, India",2024-01-21 18:02:45+00,2025-01-02 09:08:34+00
93aef0f4-6f27-51ea-abce-05859badb612,,b0a7719d-51cd-5e7d-8e3d-67cc571130e0,915b9517-c3e0-56bb-9f5b-959c6c507cc4,d1bbbddd-b9f5-5dfb-bffc-becf61f50016,DHL Freight,delivered,2024-09-30 19:43:00+00,2024-09-23 19:43:00+00,2024-10-07 19:52:00+00,"Austin, USA",2024-09-21 10:02:54+00,2025-01-02 09:08:09+00
f2a821c7-d5fd-5b7e-ad89-a443350be3c1,,05f60979-948c-56c4-8971-f733be532412,8517ed2a-3738-5e12-a1bc-f0e872fd3d71,1b25bd3e-0b77-53b3-a106-7757517e2a95,FedEx Logistics,delivered,2024-10-16 18:41:46+00,2024-10-07 18:41:46+00,2024-10-15 16:21:13+00,"Monterrey, Mexico",2024-10-05 11:07:15+00,2025-01-02 09:02:49+00
3821cba7-6ccd-55cd-a87b-3d522798a14c,,c981f5ef-8774-5129-b83a-c9448b008bfa,81c0642e-2463-5abd-ae26-b4b567d51419,0891e84c-8c05-51c4-b39c-da5f1a400699,DHL Freight,delivered,2024-05-09 19:22:12+00,2024-05-01 19:22:12+00,2024-05-09 12:45:33+00,"Stuttgart, Germany",2024-05-01 18:17:53+00,2025-01-02 09:05:26+00
e33f565d-0197-5415-aa09-d9a0fc239e60,,05f60979-948c-56c4-8971-f733be532412,915b9517-c3e0-56bb-9f5b-959c6c507cc4,4e7ec53a-6724-5026-9d29-20cf03b43746,DHL Freight,delivered,2024-08-15 03:09:33+00,2024-08-11 03:09:33+00,2024-08-13 22:47:46+00,"Monterrey, Mexico",2024-08-08 18:57:26+00,2025-01-02 09:18:03+00
adce262b-c2e9-5226-8a81-0d1f03ce4c55,,8f2d7823-5353-55b7-99c5-837cbc771d58,8517ed2a-3738-5e12-a1bc-f0e872fd3d71,7483580b-2d0e-5c31-a673-693c7a68c8be,DHL Freight,delivered,2024-10-23 15:09:18+00,2024-10-20 15:09:18+00,2024-10-23 08:15:27+00,"Shenzhen, China",2024-10-19 11:51:26+00,2025-01-02 09:14:50+00
e7161f59-ba42-573f-af07-92756490db9c,,c981f5ef-8774-5129-b83a-c9448b008bfa,a71f4bf4-a78e-5fa3-a8bd-e34ee2c97dcd,01f6f5f5-359a-5390-baf4-c388eadb19e4,FedEx Logistics,delivered,2024-01-25 10:15:09+00,2024-01-18 10:15:09+00,2024-01-27 10:19:10+00,"Stuttgart, Germany",2024-01-18 02:10:40+00,2025-01-02 09:18:18+00
e4aeee7c-6f04-55d3-9a07-2567fd68511a,,05f60979-948c-56c4-8971-f733be532412,8517ed2a-3738-5e12-a1bc-f0e872fd3d71,b946cd70-3ab1-5966-841a-25e692f4891a,DB Schenker,delivered,2024-03-15 01:59:23+00,2024-03-11 01:59:23+00,2024-03-15 00:02:21+00,"Monterrey, Mexico",2024-03-10 23:37:53+00,2025-01-02 09:29:45+00
182ad202-5401-5a98-875c-296d4a34d75c,,b0a7719d-51cd-5e7d-8e3d-67cc571130e0,a71f4bf4-a78e-5fa3-a8bd-e34ee2c97dcd,9fcbb8ef-d4ca-58a1-b0d0-5c6e7c4c760b,DHL Freight,delivered,2024-11-16 20:36:24+00,2024-11-07 20:36:24+00,2024-11-17 20:57:49+00,"Austin, USA",2024-11-06 16:33:25+00,2025-01-02 09:14:30+00
8f286b88-74bb-54e1-8b0d-a221b5edbb62,,c981f5ef-8774-5129-b83a-c9448b008bfa,6400998a-1542-5bd0-baca-290648d04849,03a5ca49-97d2-5313-94e4-7a90756db51c,DB Schenker,delivered,2024-07-14 09:12:20+00,2024-07-05 09:12:20+00,2024-07-13 16:34:40+00,"Stuttgart, Germany",2024-07-04 23:33:09+00,2025-01-02 09:14:36+00
6d4bf5e7-5d83-5b4e-b968-d84d0dc8d748,,8f2d7823-5353-55b7-99c5-837cbc771d58,42ad692d-b82d-5a13-91a1-a9fd0fcaf73b,91cd85e0-fac3-51a0-8eab-b74af0d605aa,DHL Freight,delivered,2024-07-26 06:08:36+00,2024-07-17 06:08:36+00,2024-07-26 00:36:44+00,"Shenzhen, China",2024-07-13 22:28:07+00,2025-01-02 09:15:36+00
b55a5307-d4a9-54ed-882c-ad6e92ab8725,,05f60979-948c-56c4-8971-f733be532412,81c0642e-2463-5abd-ae26-b4b567d51419,2d612a5f-a8ca-53e4-8935-2e0bfd5e9d5e,FedEx Logistics,delivered,2024-10-18 13:20:16+00,2024-10-09 13:20:16+00,2024-10-17 21:29:54+00,"Monterrey, Mexico",2024-10-06 10:37:39+00,2025-01-02 09:14:58+00
d638aca7-5ff7-57af-a94e-057d8cb1699a,,8f2d7823-5353-55b7-99c5-837cbc771d58,8517ed2a-3738-5e12-a1bc-f0e872fd3d71,28a517f3-56a8-5e20-b7b9-a5b6fcbb2b80,DHL Freight,delivered,2024-03-21 22:16:32+00,2024-03-17 22:16:32+00,2024-03-23 22:58:13+00,"Shenzhen, China",2024-03-17 16:53:51+00,2025-01-02 09:11:47+00
8ff068c2-9897-51ff-b581-79f29e47adce,,b0a7719d-51cd-5e7d-8e3d-67cc571130e0,6400998a-1542-5bd0-baca-290648d04849,f711b489-618c-5bc0-89cf-db8fcd5c0bcf,FedEx Logistics,delivered,2024-10-16 23:17:43+00,2024-10-11 23:17:43+00,2024-10-15 19:34:14+00,"Austin, USA",2024-10-09 15:00:15+00,2025-01-02 09:13:05+00
2f71ede7-c87c-5878-b632-90f46aecb080,,b0a7719d-51cd-5e7d-8e3d-67cc571130e0,22113422-0935-5ebd-b323-7908c0e6bfd5,fe6a564e-3a7d-5044-8f17-e60a19a9a812,DB Schenker,delivered,2024-03-03 03:00:32+00,2024-02-29 03:00:32+00,2024-03-06 03:37:56+00,"Austin, USA",2024-02-26 17:30:49+00,2025-01-02 09:10:01+00
2d6413be-14b4-542c-a1af-ef9bb48369ed,,c981f5ef-8774-5129-b83a-c9448b008bfa,6400998a-1542-5bd0-baca-290648d04849,397bcb0c-e7f2-599c-a3d0-b7f78893eafc,DHL Freight,delivered,2024-10-19 06:29:14+00,2024-10-14 06:29:14+00,2024-10-18 13:32:28+00,"Stuttgart, Germany",2024-10-11 01:01:32+00,2025-01-02 09:13:37+00
d65c6694-d93d-5d90-a436-a4ecc17f2fa3,,3bd995d9-5386-5200-b14c-337fc57a8bb6,8517ed2a-3738-5e12-a1bc-f0e872fd3d71,44ec7a71-dfd5-51e2-8cd9-1857d33354d0,FedEx Logistics,in_transit,2025-01-03 01:39:10+00,2024-12-29 01:39:10+00,,"Pune, India",2024-12-25 19:08:31+00,2025-01-02 09:20:49+00
d004a254-530e-55dc-a37c-aba549a79682,,3bd995d9-5386-5200-b14c-337fc57a8bb6,22113422-0935-5ebd-b323-7908c0e6bfd5,e8f9d723-b31c-5244-ae20-89804e41ff5b,DHL Freight,delivered,2024-10-28 16:06:17+00,2024-10-21 16:06:17+00,2024-10-27 12:28:26+00,"Pune, India",2024-10-21 14:29:22+00,2025-01-02 09:27:37+00
509ffece-7342-5895-9646-119664c48239,,b0a7719d-51cd-5e7d-8e3d-67cc571130e0,6d6d0a34-9f5e-59b5-8834-675b7c7c4f20,e779d61b-8445-58ec-a125-e04d7c7f168c,DB Schenker,delivered,2024-09-29 21:55:31+00,2024-09-24 21:55:31+00,2024-09-29 19:27:06+00,"Austin, USA",2024-09-24 17:48:43+00,2025-01-02 09:27:51+00
e6dc767f-2e04-561e-bfed-fafb50b8d400,,b0a7719d-51cd-5e7d-8e3d-67cc571130e0,42ad692d-b82d-5a13-91a1-a9fd0fcaf73b,ed6d0c70-f43e-5a7e-bc9e-0bf5e772357d,DB Schenker,delivered,2024-01-30 03:27:55+00,2024-01-22 03:27:55+00,2024-01-29 13:54:28+00,"Austin, USA",2024-01-20 21:07:47+00,2025-01-02 09:17:07+00
75c9596a-398e-5276-9816-44181264cbe6,,b0a7719d-51cd-5e7d-8e3d-67cc571130e0,8517ed2a-3738-5e12-a1bc-f0e872fd3d71,bccb1699-6dbb-5bf0-8baa-81edf96fe0b6,DHL Freight,delivered,2024-06-03 01:42:55+00,2024-05-26 01:42:55+00,2024-06-01 21:01:12+00,"Austin, USA",2024-05-22 19:26:58+00,2025-01-02 09:26:20+00
071fc18e-7c20-5a97-bc8b-bf460315ec80,,05f60979-948c-56c4-8971-f733be532412,6400998a-1542-5bd0-baca-290648d04849,7102f4d4-6822-5cb0-95f6-9f55e4730b92,DHL Freight,delivered,2024-03-01 09:02:48+00,2024-02-27 09:02:48+00,2024-02-29 05:41:25+00,"Monterrey, Mexico",2024-02-26 00:41:23+00,2025-01-02 09:22:53+00
2c029560-8284-5355-95c1-1d8d8f86794b,,05f60979-948c-56c4-8971-f733be532412,6400998a-1542-5bd0-baca-290648d04849,40dfd21e-5c55-5693-a6f0-28d7e82fd0e6,DHL Freight,delivered,2024-11-01 18:31:04+00,2024-10-23 18:31:04+00,2024-11-03 18:43:33+00,"Monterrey, Mexico",2024-10-23 16:09:16+00,2025-01-02 09:06:52+00
186a6022-78d8-559f-8483-616bcc829d81,,05f60979-948c-56c4-8971-f733be532412,915b9517-c3e0-56bb-9f5b-959c6c507cc4,72b8c6eb-6ab1-512c-a38d-192980168da4,FedEx Logistics,delivered,2024-04-11 02:08:13+00,2024-04-05 02:08:13+00,2024-04-09 20:41:49+00,"Monterrey, Mexico",2024-04-03 00:38:19+00,2025-01-02 09:13:03+00
1018ba09-5ec9-598a-880d-11d00e4cee72,,b0a7719d-51cd-5e7d-8e3d-67cc571130e0,6d6d0a34-9f5e-59b5-8834-675b7c7c4f20,07e951bb-ffe7-5457-8d26-4e6fce876faa,DHL Freight,delivered,2024-03-19 17:41:11+00,2024-03-13 17:41:11+00,2024-03-18 21:43:05+00,"Austin, USA",2024-03-13 11:00:55+00,2025-01-02 09:08:15+00
a7c46a4b-9dd0-514a-b465-a6041492df7b,,8f2d7823-5353-55b7-99c5-837cbc771d58,42ad692d-b82d-5a13-91a1-a9fd0fcaf73b,af134852-f8b1-5902-b79c-9d1e9875acc7,DHL Freight,delivered,2024-10-27 14:45:57+00,2024-10-21 14:45:57+00,2024-10-26 11:25:28+00,"Shenzhen, China",2024-10-20 09:45:08+00,2025-01-02 09:07:02+00
064e3692-cf07-52eb-868d-fcb045a0aedc,,05f60979-948c-56c4-8971-f733be532412,6d6d0a34-9f5e-59b5-8834-675b7c7c4f20,e8e593ae-9ff1-5c8b-be78-85b5c739ab3e,DHL Freight,delivered,2024-04-12 01:41:34+00,2024-04-09 01:41:34+00,2024-04-11 02:00:58+00,"Monterrey, Mexico",2024-04-06 00:07:00+00,2025-01-02 09:26:03+00
3033bd88-3bb8-53fe-a848-489bd19ddcc2,,c981f5ef-8774-5129-b83a-c9448b008bfa,22113422-0935-5ebd-b323-7908c0e6bfd5,8a783f78-6f40-5ca0-8b05-d76373b9ad6d,DB Schenker,delivered,2024-07-24 02:19:04+00,2024-07-17 02:19:04+00,2024-07-23 21:56:18+00,"Stuttgart, Germany",2024-07-15 19:37:04+00,2025-01-02 09:05:08+00
fb2c044f-0ded-5764-b03d-a47f12d9cf07,,c981f5ef-8774-5129-b83a-c9448b008bfa,81c0642e-2463-5abd-ae26-b4b567d51419,b271869b-7008-5a4a-a8a4-6fa05a2005a8,DB Schenker,delivered,2024-12-28 20:30:46+00,2024-12-21 20:30:46+00,2024-12-28 19:34:48+00,"Stuttgart, Germany",2024-12-20 19:06:06+00,2025-01-02 09:01:11+00
fc21dd83-687f-5725-9a23-b7d3d6350cdb,,8f2d7823-5353-55b7-99c5-837cbc771d58,8517ed2a-3738-5e12-a1bc-f0e872fd3d71,6aa6395d-8245-59fb-80ed-be3e69a1f0db,DB Schenker,delivered,2024-11-11 04:46:10+00,2024-11-08 04:46:10+00,2024-11-10 00:23:32+00,"Shenzhen, China",2024-11-07 21:07:11+00,2025-01-02 09:19:24+00
0f912bae-134a-5170-8bf4-7fbf6149e59a,,b0a7719d-51cd-5e7d-8e3d-67cc571130e0,915b9517-c3e0-56bb-9f5b-959c6c507cc4,a8058652-6e91-5d45-bced-f93152640c51,DB Schenker,delivered,2024-03-24 20:38:29+00,2024-03-18 20:38:29+00,2024-03-24 04:56:42+00,"Austin, USA",2024-03-16 19:22:00+00,2025-01-02 09:09:38+00
97856edb-c44e-5aa5-a891-16c1c018a3e3,,b0a7719d-51cd-5e7d-8e3d-67cc571130e0,81c0642e-2463-5abd-ae26-b4b567d51419,81115d36-be86-506f-ac10-b53532a8bf79,DB Schenker,delivered,2024-07-12 08:04:10+00,2024-07-08 08:04:10+00,2024-07-11 21:19:31+00,"Austin, USA",2024-07-06 02:24:31+00,2025-01-02 09:17:50+00
ccf6bb3e-38dc-5b38-b2b5-f822a9da1902,,c981f5ef-8774-5129-b83a-c9448b008bfa,6d6d0a34-9f5e-59b5-8834-675b7c7c4f20,e96d7b27-e4f2-575d-8408-fef27e21e7e9,FedEx Logistics,delivered,2024-03-03 00:17:03+00,2024-02-26 00:17:03+00,2024-03-02 04:40:48+00,"Stuttgart, Germany",2024-02-23 18:16:31+00,2025-01-02 09:25:23+00
6268dc5a-de36-5e28-ae1e-e737d6bcc41f,,c981f5ef-8774-5129-b83a-c9448b008bfa,81c0642e-2463-5abd-ae26-b4b567d51419,232eaa90-1f1c-5a2f-bdf2-fa57d340b9d4,FedEx Logistics,delivered,2024-06-25 03:31:10+00,2024-06-20 03:31:10+00,2024-06-24 10:48:33+00,"Stuttgart, Germany",2024-06-17 00:11:40+00,2025-01-02 09:03:13+00
1be0828f-1237-5dc1-bde8-5d8b92546e00,,8f2d7823-5353-55b7-99c5-837cbc771d58,42ad692d-b82d-5a13-91a1-a9fd0fcaf73b,ef3f4feb-db26-5ec2-a186-01d750075877,DHL Freight,delivered,2024-12-04 06:00:44+00,2024-11-26 06:00:44+00,2024-12-03 03:07:14+00,"Shenzhen, China",2024-11-25 01:45:38+00,2025-01-02 09:13:52+00
32020f8c-cdf7-50b4-944a-3f4050fc1177,,b0a7719d-51cd-5e7d-8e3d-67cc571130e0,6400998a-1542-5bd0-baca-290648d04849,9bfc254f-33f2-52be-8f6d-67d28b61c460,DB Schenker,delivered,2024-10-07 18:43:56+00,2024-10-04 18:43:56+00,2024-10-06 23:20:51+00,"Austin, USA",2024-10-01 17:19:38+00,2025-01-02 09:17:19+00
712e91c7-9a87-55fe-9b21-574ba883737e,,8f2d7823-5353-55b7-99c5-837cbc771d58,22113422-0935-5ebd-b323-7908c0e6bfd5,4532b191-1d21-5bb1-a117-84714759cd2e,FedEx Logistics,delivered,2024-10-15 12:10:38+00,2024-10-11 12:10:38+00,2024-10-14 22:25:38+00,"Shenzhen, China",2024-10-10 10:04:36+00,2025-01-02 09:28:38+00
4e229a54-b507-539d-9a17-cdaf1c04ef94,,c981f5ef-8774-5129-b83a-c9448b008bfa,8517ed2a-3738-5e12-a1bc-f0e872fd3d71,dd4a3711-0b61-5a38-9ff8-f07c4fdc8f52,DB Schenker,delivered,2024-03-06 09:46:00+00,2024-03-01 09:46:00+00,2024-03-05 07:24:36+00,"Stuttgart, Germany",2024-02-28 00:08:56+00,2025-01-02 09:12:06+00
14b2a582-7b7b-5239-ba91-fc14ac31cfaf,,05f60979-948c-56c4-8971-f733be532412,8517ed2a-3738-5e12-a1bc-f0e872fd3d71,698b82ad-9ab8-5d0a-81e1-5a7067e51192,FedEx Logistics,delivered,2024-07-28 19:20:05+00,2024-07-23 19:20:05+00,2024-07-28 12:48:41+00,"Monterrey, Mexico",2024-07-20 18:04:20+00,2025-01-02 09:06:30+00
11498875-04bf-5049-94e1-238bed01784c,,05f60979-948c-56c4-8971-f733be532412,915b9517-c3e0-56bb-9f5b-959c6c507cc4,27756096-0b43-5441-8208-f841e7486d4a,DB Schenker,delivered,2024-10-23 21:28:38+00,2024-10-19 21:28:38+00,2024-10-23 14:00:10+00,"Monterrey, Mexico",2024-10-17 14:53:06+00,2025-01-02 09:02:54+00
dae2a26f-145c-5eee-b334-de1a4a9e95cc,,b0a7719d-51cd-5e7d-8e3d-67cc571130e0,6d6d0a34-9f5e-59b5-8834-675b7c7c4f20,7e6c0407-ff00-53ab-9340-49cb1f9468c1,FedEx Logistics,delivered,2024-11-22 20:05:40+00,2024-11-19 20:05:40+00,2024-11-22 03:06:05+00,"Austin, USA",2024-11-17 16:50:16+00,2025-01-02 09:19:52+00
8c1f72bc-3a4a-5a53-ab9b-3bc263469590,,3bd995d9-5386-5200-b14c-337fc57a8bb6,a71f4bf4-a78e-5fa3-a8bd-e34ee2c97dcd,6cd7caf1-ba8a-55a5-a468-b383efd01892,DHL Freight,delivered,2024-10-03 17:41:30+00,2024-09-25 17:41:30+00,2024-10-03 01:49:59+00,"Pune, India",2024-09-24 15:17:26+00,2025-01-02 09:19:45+00
4bef8f21-d8cb-5a23-ae83-09024d8b658a,,8f2d7823-5353-55b7-99c5-837cbc771d58,8517ed2a-3738-5e12-a1bc-f0e872fd3d71,7e9da82f-b170-5e39-9691-3dfb1489412d,DB Schenker,delivered,2024-11-09 08:22:23+00,2024-11-04 08:22:23+00,2024-11-08 16:52:11+00,"Shenzhen, China",2024-11-04 01:15:08+00,2025-01-02 09:22:31+00
07c80d35-1313-5463-a6fa-50b64df21e52,,05f60979-948c-56c4-8971-f733be532412,6400998a-1542-5bd0-baca-290648d04849,3797a0ec-8d8f-56c6-830a-fbc26e69bad0,DB Schenker,delivered,2024-11-24 04:04:40+00,2024-11-17 04:04:40+00,2024-11-23 06:11:05+00,"Monterrey, Mexico",2024-11-14 19:32:34+00,2025-01-02 09:20:21+00
268c69be-42c1-5591-94a6-c2a3c8a4dca3,,b0a7719d-51cd-5e7d-8e3d-67cc571130e0,915b9517-c3e0-56bb-9f5b-959c6c507cc4,fa08e56e-6efc-568a-8a38-123616fb447a,FedEx Logistics,delivered,2024-09-10 19:58:26+00,2024-09-06 19:58:26+00,2024-09-10 01:08:59+00,"Austin, USA",2024-09-05 17:21:04+00,2025-01-02 09:00:03+00
6fd15e67-124e-5e71-af61-254df588b823,,c981f5ef-8774-5129-b83a-c9448b008bfa,22113422-0935-5ebd-b323-7908c0e6bfd5,8230415c-a22d-5cfe-ab27-954cd177d8d3,DHL Freight,delivered,2024-12-07 06:04:35+00,2024-11-28 06:04:35+00,2024-12-06 09:11:08+00,"Stuttgart, Germany",2024-11-25 23:43:22+00,2025-01-02 09:23:28+00
6d6f45f5-761d-595e-841c-707441127b9a,,b0a7719d-51cd-5e7d-8e3d-67cc571130e0,8517ed2a-3738-5e12-a1bc-f0e872fd3d71,ef165ecf-da08-5841-9714-dc5e0d6ea331,DHL Freight,delivered,2024-10-02 22:20:34+00,2024-09-29 22:20:34+00,2024-10-01 17:36:10+00,"Austin, USA",2024-09-28 16:43:56+00,2025-01-02 09:17:55+00
19859fb0-0d42-5de9-8628-1c90df87b8c2,,3bd995d9-5386-5200-b14c-337fc57a8bb6,42ad692d-b82d-5a13-91a1-a9fd0fcaf73b,c8505929-97af-541e-8299-07e58047d4f5,FedEx Logistics,delivered,2024-07-23 04:26:49+00,2024-07-20 04:26:49+00,2024-07-22 05:35:48+00,"Pune, India",2024-07-17 20:07:48+00,2025-01-02 09:16:06+00
d602ee5a-12cf-5b46-a29c-7ce411fd6e31,,3bd995d9-5386-5200-b14c-337fc57a8bb6,22113422-0935-5ebd-b323-7908c0e6bfd5,318ac1c4-ea53-509a-8965-5fe2bd4e79ea,FedEx Logistics,delivered,2024-03-19 22:33:39+00,2024-03-12 22:33:39+00,2024-03-18 23:34:32+00,"Pune, India",2024-03-11 21:25:01+00,2025-01-02 09:27:44+00
9018cf85-fb02-51e3-a3d9-a0ede129d581,,05f60979-948c-56c4-8971-f733be532412,81c0642e-2463-5abd-ae26-b4b567d51419,51c1a199-00f2-502f-8542-4846e9a487e8,DHL Freight,delivered,2024-10-15 15:53:46+00,2024-10-10 15:53:46+00,2024-10-15 01:18:17+00,"Monterrey, Mexico",2024-10-09 12:44:52+00,2025-01-02 09:01:08+00
3ca3817b-8c2c-5d44-a806-d11f1a1931c7,,05f60979-948c-56c4-8971-f733be532412,6d6d0a34-9f5e-59b5-8834-675b7c7c4f20,c0b98686-6848-51ad-af7d-5334f711a65d,FedEx Logistics,delivered,2024-10-04 15:48:46+00,2024-09-26 15:48:46+00,2024-10-09 16:06:04+00,"Monterrey, Mexico",2024-09-26 12:14:25+00,2025-01-02 09:02:17+00
49d6a5fa-9afc-562c-baec-20930b45e441,,b0a7719d-51cd-5e7d-8e3d-67cc571130e0,81c0642e-2463-5abd-ae26-b4b567d51419,3ff9438f-60ee-5f4f-9974-226b530d039f,DB Schenker,delivered,2024-03-28 18:50:26+00,2024-03-19 18:50:26+00,2024-03-28 07:30:20+00,"Austin, USA",2024-03-18 10:19:15+00,2025-01-02 09:25:48+00
af6697f5-4667-52c8-809b-fc6777e325b4,,b0a7719d-51cd-5e7d-8e3d-67cc571130e0,915b9517-c3e0-56bb-9f5b-959c6c507cc4,4ba49f9c-0219-50eb-82f4-026538aacde0,DHL Freight,delivered,2024-08-03 00:35:13+00,2024-07-25 00:35:13+00,2024-08-02 03:40:16+00,"Austin, USA",2024-07-24 20:54:23+00,2025-01-02 09:10:23+00
6d124066-5405-5105-8ff9-2027a8a24799,,b0a7719d-51cd-5e7d-8e3d-67cc571130e0,6400998a-1542-5bd0-baca-290648d04849,57772de2-333f-59c0-8903-729cd8c31d09,DHL Freight,delivered,2024-10-26 04:30:07+00,2024-10-17 04:30:07+00,2024-11-28 04:48:57+00,"Austin, USA",2024-10-16 02:28:08+00,2025-01-02 09:12:59+00
6dcc947d-d6ae-5888-b9ee-591abd041357,,b0a7719d-51cd-5e7d-8e3d-67cc571130e0,6d6d0a34-9f5e-59b5-8834-675b7c7c4f20,5ae9b4cc-80b5-592b-97dc-f2f69b9cc98c,DHL Freight,delivered,2024-01-22 23:09:07+00,2024-01-15 23:09:07+00,2024-01-22 07:12:55+00,"Austin, USA",2024-01-14 20:40:28+00,2025-01-02 09:03:51+00
6c56c3d4-a745-5834-8581-4543b37e1289,,8f2d7823-5353-55b7-99c5-837cbc771d58,8517ed2a-3738-5e12-a1bc-f0e872fd3d71,47f7be99-927f-57e0-94d7-d2c11de3f9d2,FedEx Logistics,delivered,2024-03-30 22:01:52+00,2024-03-24 22:01:52+00,2024-03-30 20:40:48+00,"Shenzhen, China",2024-03-21 17:34:59+00,2025-01-02 09:17:35+00
a568e8e7-467f-5f67-9d74-abd38c05f34f,,c981f5ef-8774-5129-b83a-c9448b008bfa,8517ed2a-3738-5e12-a1bc-f0e872fd3d71,a842e933-68ef-58b4-aa79-6179d381f731,FedEx Logistics,delivered,2024-10-09 01:41:36+00,2024-10-06 01:41:36+00,2024-10-08 12:11:03+00,"Stuttgart, Germany",2024-10-03 20:21:06+00,2025-01-02 09:16:01+00
002c952b-393c-52cb-82d6-c73bf2272e6d,,8f2d7823-5353-55b7-99c5-837cbc771d58,915b9517-c3e0-56bb-9f5b-959c6c507cc4,21169911-4002-510b-ad30-814174d16090,DB Schenker,delivered,2024-02-12 04:39:25+00,2024-02-03 04:39:25+00,2024-02-16 05:10:23+00,"Shenzhen, China",2024-02-01 21:15:57+00,2025-01-02 09:01:56+00
aa898c3f-4bb4-59af-a4f9-2eee4237b9c6,,c981f5ef-8774-5129-b83a-c9448b008bfa,915b9517-c3e0-56bb-9f5b-959c6c507cc4,7efe7313-07c0-5cae-bd81-76f4b0bc1787,DHL Freight,delivered,2024-09-17 20:00:06+00,2024-09-11 20:00:06+00,2024-10-03 20:23:33+00,"Stuttgart, Germany",2024-09-11 14:50:05+00,2025-01-02 09:26:45+00
5ffdb81e-9ff5-54d1-ab15-c67bf18da798,,b0a7719d-51cd-5e7d-8e3d-67cc571130e0,81c0642e-2463-5abd-ae26-b4b567d51419,f85e6822-863e-5038-abf6-3dfc92011663,DB Schenker,delivered,2024-10-05 03:32:55+00,2024-10-01 03:32:55+00,2024-10-04 09:15:05+00,"Austin, USA",2024-09-30 17:59:16+00,2025-01-02 09:21:26+00
008c78e9-1914-53fd-a6f2-3b09658204b8,,b0a7719d-51cd-5e7d-8e3d-67cc571130e0,6d6d0a34-9f5e-59b5-8834-675b7c7c4f20,3910043d-c4e4-5d93-be8b-290544be7e24,DB Schenker,delivered,2024-06-11 05:00:00+00,2024-06-07 05:00:00+00,2024-06-10 12:23:07+00,"Austin, USA",2024-06-06 21:42:01+00,2025-01-02 09:24:04+00
f0e3dca7-d6d7-5ba3-a4a4-0b8bc42afa44,,05f60979-948c-56c4-8971-f733be532412,a71f4bf4-a78e-5fa3-a8bd-e34ee2c97dcd,92cc7a9a-e7f4-5f78-9e89-e52a9348c2ef,DHL Freight,delivered,2024-09-12 02:27:51+00,2024-09-07 02:27:51+00,2024-09-17 02:30:13+00,"Monterrey, Mexico",2024-09-04 17:11:45+00,2025-01-02 09:05:35+00
5c195cee-d045-5846-ad1a-8d884713c66d,,3bd995d9-5386-5200-b14c-337fc57a8bb6,81c0642e-2463-5abd-ae26-b4b567d51419,d5a124b0-7fb3-5c09-9157-1dcd42e895c0,FedEx Logistics,delivered,2024-12-02 02:16:03+00,2024-11-26 02:16:03+00,2024-12-01 02:42:42+00,"Pune, India",2024-11-23 20:50:49+00,2025-01-02 09:16:15+00
14306fb1-1ef6-5759-acae-743347e34758,,05f60979-948c-56c4-8971-f733be532412,915b9517-c3e0-56bb-9f5b-959c6c507cc4,664bf108-afb9-51a0-9798-72d8baed242c,FedEx Logistics,delivered,2024-10-21 18:02:22+00,2024-10-12 18:02:22+00,2024-10-28 18:20:51+00,"Monterrey, Mexico",2024-10-09 12:18:59+00,2025-01-02 09:23:48+00
8f2016fc-b73c-5124-b4ce-ec973ad4d867,,8f2d7823-5353-55b7-99c5-837cbc771d58,6400998a-1542-5bd0-baca-290648d04849,0b5eac4a-6f82-5bcf-800a-065497ad4d8b,DB Schenker,delivered,2024-11-20 06:39:54+00,2024-11-14 06:39:54+00,2024-11-20 02:03:19+00,"Shenzhen, China",2024-11-11 02:20:46+00,2025-01-02 09:28:02+00
b63d5ec1-221c-5168-a337-475f151b422b,,b0a7719d-51cd-5e7d-8e3d-67cc571130e0,915b9517-c3e0-56bb-9f5b-959c6c507cc4,671d70e5-731e-5537-aa03-2dad6e448aa6,DB Schenker,delivered,2024-01-29 02:17:18+00,2024-01-26 02:17:18+00,2024-01-28 16:29:57+00,"Austin, USA",2024-01-23 20:42:38+00,2025-01-02 09:07:47+00
714a11a2-006b-5057-8af6-53b61eae7537,,05f60979-948c-56c4-8971-f733be532412,a71f4bf4-a78e-5fa3-a8bd-e34ee2c97dcd,f281d982-d98c-5cb0-9a56-cc0f9871ccd6,FedEx Logistics,delivered,2024-06-16 02:47:23+00,2024-06-09 02:47:23+00,2024-06-15 00:03:44+00,"Monterrey, Mexico",2024-06-05 21:16:54+00,2025-01-02 09:21:12+00
55f09401-9952-59ff-afae-a6b05effe0f4,,c981f5ef-8774-5129-b83a-c9448b008bfa,42ad692d-b82d-5a13-91a1-a9fd0fcaf73b,d9c90b47-6547-560b-9d46-3fe8a70df90a,DHL Freight,delivered,2024-11-24 16:28:42+00,2024-11-19 16:28:42+00,2024-11-23 11:48:13+00,"Stuttgart, Germany",2024-11-19 11:16:19+00,2025-01-02 09:04:25+00
2d3edde9-b7d9-52d8-b29f-e83ffd1863fd,,05f60979-948c-56c4-8971-f733be532412,8517ed2a-3738-5e12-a1bc-f0e872fd3d71,bc0041bb-2bb3-54c8-a987-dbf07a791031,DB Schenker,delivered,2024-09-12 14:39:18+00,2024-09-05 14:39:18+00,2024-09-11 12:47:14+00,"Monterrey, Mexico",2024-09-04 10:28:34+00,2025-01-02 09:09:05+00
cafb77ac-d7ae-5bca-8c6c-cedeed6dcb91,,b0a7719d-51cd-5e7d-8e3d-67cc571130e0,6d6d0a34-9f5e-59b5-8834-675b7c7c4f20,71c9448d-68dd-563b-a3c1-754418fdcdad,DHL Freight,delivered,2024-04-14 00:01:01+00,2024-04-06 00:01:01+00,2024-04-13 10:16:26+00,"Austin, USA",2024-04-02 16:46:00+00,2025-01-02 09:27:16+00
136034db-4add-5c7f-b343-54ec0ae779c2,,b0a7719d-51cd-5e7d-8e3d-67cc571130e0,6d6d0a34-9f5e-59b5-8834-675b7c7c4f20,02eec6cd-1c32-5a22-b1b1-f4d849a95071,DB Schenker,delivered,2024-09-25 10:16:10+00,2024-09-17 10:16:10+00,2024-09-25 06:24:22+00,"Austin, USA",2024-09-14 00:51:51+00,2025-01-02 09:13:18+00
2d4ecfe0-63f5-537c-97d0-866aea3bb9fe,,8f2d7823-5353-55b7-99c5-837cbc771d58,8517ed2a-3738-5e12-a1bc-f0e872fd3d71,a84402f3-483f-5d70-9016-10ea8ca8af66,DB Schenker,delivered,2024-02-02 23:37:21+00,2024-01-28 23:37:21+00,2024-02-02 02:56:25+00,"Shenzhen, China",2024-01-27 19:12:36+00,2025-01-02 09:15:45+00
7e2dae9f-c847-566b-b2b9-9fc7e8ef1820,,8f2d7823-5353-55b7-99c5-837cbc771d58,915b9517-c3e0-56bb-9f5b-959c6c507cc4,5f1733f5-4105-59b2-a257-8f4695b0f65e,DB Schenker,in_transit,2025-01-06 08:23:45+00,2024-12-28 08:23:45+00,,"Shenzhen, China",2024-12-26 02:39:21+00,2025-01-02 09:18:22+00
6c966286-f1bd-5115-8b3d-adc4b3d94f25,,b0a7719d-51cd-5e7d-8e3d-67cc571130e0,81c0642e-2463-5abd-ae26-b4b567d51419,0ea1e92e-fc14-53f1-b01f-c52bc2c04e5c,DHL Freight,delivered,2024-10-19 04:05:20+00,2024-10-10 04:05:20+00,2024-10-18 00:15:24+00,"Austin, USA",2024-10-09 18:37:17+00,2025-01-02 09:26:38+00
7176cc0c-4d3a-54f6-bfb3-8b328f416692,,3bd995d9-5386-5200-b14c-337fc57a8bb6,a71f4bf4-a78e-5fa3-a8bd-e34ee2c97dcd,216572ae-8b79-5e68-90d1-3a55f890ffd0,FedEx Logistics,delivered,2024-10-06 02:14:22+00,2024-10-02 02:14:22+00,2024-10-05 20:46:19+00,"Pune, India",2024-09-28 18:52:16+00,2025-01-02 09:07:53+00
10bf0e4a-bd35-51ca-925d-bf00a73630a9,,c981f5ef-8774-5129-b83a-c9448b008bfa,22113422-0935-5ebd-b323-7908c0e6bfd5,94832821-89f5-55e1-9993-76b996b20199,DB Schenker,delivered,2024-12-02 02:49:39+00,2024-11-23 02:49:39+00,2024-12-02 00:51:19+00,"Stuttgart, Germany",2024-11-20 23:19:40+00,2025-01-02 09:03:02+00
2f3b18cd-b31e-50bb-b72a-d757ab863dbe,,b0a7719d-51cd-5e7d-8e3d-67cc571130e0,915b9517-c3e0-56bb-9f5b-959c6c507cc4,3ea92ec0-42d5-5d1b-ae77-39d6b657fd3d,DHL Freight,delivered,2024-06-13 00:02:04+00,2024-06-09 00:02:04+00,2024-06-12 14:33:40+00,"Austin, USA",2024-06-07 20:57:35+00,2025-01-02 09:10:24+00
9d0eacec-e63c-52eb-a6b0-eff37d03e6eb,,c981f5ef-8774-5129-b83a-c9448b008bfa,81c0642e-2463-5abd-ae26-b4b567d51419,6538d7a5-9ad6-5eef-890a-9b6fa8453b35,FedEx Logistics,delivered,2024-09-27 16:01:26+00,2024-09-24 16:01:26+00,2024-09-27 13:16:17+00,"Stuttgart, Germany",2024-09-22 11:22:17+00,2025-01-02 09:23:32+00
6ca343b0-ce00-5d18-8dd5-a385f52a5d59,,05f60979-948c-56c4-8971-f733be532412,8517ed2a-3738-5e12-a1bc-f0e872fd3d71,45a932e8-ec22-55b1-92a2-aa8045d8fd5b,DB Schenker,delivered,2024-10-17 03:09:31+00,2024-10-14 03:09:31+00,2024-10-24 03:20:02+00,"Monterrey, Mexico",2024-10-13 01:55:59+00,2025-01-02 09:26:43+00
b0d55459-02ba-5e96-a935-86ee3958291b,,b0a7719d-51cd-5e7d-8e3d-67cc571130e0,6400998a-1542-5bd0-baca-290648d04849,e79dd0b4-9046-5f0d-8081-7dd2fa0d8864,DB Schenker,delivered,2024-10-31 22:04:35+00,2024-10-23 22:04:35+00,2024-10-31 11:46:35+00,"Austin, USA",2024-10-20 17:41:07+00,2025-01-02 09:13:14+00
efc21aec-2c46-537f-9c19-63d467dafe3b,,3bd995d9-5386-5200-b14c-337fc57a8bb6,915b9517-c3e0-56bb-9f5b-959c6c507cc4,2f3e6150-2030-5312-b5be-7c952c956129,DHL Freight,delivered,2024-04-06 01:44:07+00,2024-04-02 01:44:07+00,2024-04-05 20:19:45+00,"Pune, India",2024-03-31 17:28:38+00,2025-01-02 09:09:33+00
737d99a8-86c2-50e7-b803-c0f4e6907619,,05f60979-948c-56c4-8971-f733be532412,81c0642e-2463-5abd-ae26-b4b567d51419,9394cb8e-5b2a-5fee-87de-ab0297ef1c3c,FedEx Logistics,delivered,2024-10-14 15:19:09+00,2024-10-09 15:19:09+00,2024-10-21 15:43:02+00,"Monterrey, Mexico",2024-10-08 09:03:46+00,2025-01-02 09:05:22+00
45a55f24-da31-5d98-8717-a6cc042c2496,,8f2d7823-5353-55b7-99c5-837cbc771d58,81c0642e-2463-5abd-ae26-b4b567d51419,d305d64d-19d9-5552-b52e-50ab7dc40aef,DB Schenker,delivered,2024-09-23 15:54:54+00,2024-09-17 15:54:54+00,2024-09-22 10:03:08+00,"Shenzhen, China",2024-09-16 08:13:28+00,2025-01-02 09:11:23+00
a7071a3e-c05f-55f1-9002-d2d990482b3c,,b0a7719d-51cd-5e7d-8e3d-67cc571130e0,a71f4bf4-a78e-5fa3-a8bd-e34ee2c97dcd,31ee60f7-196a-5b5f-8531-ae1be809eec4,FedEx Logistics,delivered,2024-08-18 01:39:37+00,2024-08-15 01:39:37+00,2024-08-19 02:17:24+00,"Austin, USA",2024-08-14 17:31:07+00,2025-01-02 09:26:20+00
942abe30-34ad-54d8-9d5a-9b0f2bb96a4b,,3bd995d9-5386-5200-b14c-337fc57a8bb6,6d6d0a34-9f5e-59b5-8834-675b7c7c4f20,cc28b926-0156-5a6d-b0f2-ffc85738c7a1,FedEx Logistics,delivered,2024-02-27 05:06:16+00,2024-02-19 05:06:16+00,2024-02-26 05:33:44+00,"Pune, India",2024-02-15 23:29:49+00,2025-01-02 09:00:59+00
01d09bc6-b19c-57d9-8122-c19ac2bfc9c9,,3bd995d9-5386-5200-b14c-337fc57a8bb6,6400998a-1542-5bd0-baca-290648d04849,0cbd664c-b630-5c41-b886-309ae359b9ec,FedEx Logistics,delivered,2024-12-30 04:11:42+00,2024-12-26 04:11:42+00,2024-12-29 23:46:24+00,"Pune, India",2024-12-25 00:01:17+00,2025-01-02 09:17:20+00
5b5b026b-2307-5aa5-be48-dabb5decdcea,,c981f5ef-8774-5129-b83a-c9448b008bfa,8517ed2a-3738-5e12-a1bc-f0e872fd3d71,d0add9b0-0aa6-51e4-80e7-7e8973495e0b,FedEx Logistics,delivered,2024-06-24 09:35:03+00,2024-06-19 09:35:03+00,2024-06-23 08:18:08+00,"Stuttgart, Germany",2024-06-16 23:56:25+00,2025-01-02 09:27:38+00
392b1a1b-e77f-5c50-b24d-b9a4bef81d0c,,b0a7719d-51cd-5e7d-8e3d-67cc571130e0,6d6d0a34-9f5e-59b5-8834-675b7c7c4f20,dcbba6a2-52be-5361-b09a-4e03ab6ad26d,DHL Freight,delivered,2024-12-31 06:35:12+00,2024-12-25 06:35:12+00,2024-12-30 03:01:47+00,"Austin, USA",2024-12-23 02:09:50+00,2025-01-02 09:17:39+00
3a78095f-ffc4-5054-8e62-4907481ea1a6,,b0a7719d-51cd-5e7d-8e3d-67cc571130e0,22113422-0935-5ebd-b323-7908c0e6bfd5,95f63cca-4eb9-54a9-b51e-6351e14db41c,DHL Freight,delivered,2024-11-04 11:58:34+00,2024-11-01 11:58:34+00,2024-11-14 12:05:42+00,"Austin, USA",2024-11-01 02:54:47+00,2025-01-02 09:25:03+00
fe4b0be1-ceda-5ba0-b417-5c7b13047084,,b0a7719d-51cd-5e7d-8e3d-67cc571130e0,22113422-0935-5ebd-b323-7908c0e6bfd5,99d03454-ee8a-5e5c-8fd8-c5e41a6ca335,DHL Freight,delivered,2024-02-13 20:53:44+00,2024-02-04 20:53:44+00,2024-02-13 16:54:39+00,"Austin, USA",2024-02-02 18:09:09+00,2025-01-02 09:05:59+00
45c12d19-3a6d-5a9d-b7a0-36a1726ea5f2,,05f60979-948c-56c4-8971-f733be532412,a71f4bf4-a78e-5fa3-a8bd-e34ee2c97dcd,8530166b-7df7-5eee-9214-83e4bf625657,FedEx Logistics,delivered,2024-11-21 07:40:08+00,2024-11-13 07:40:08+00,2024-11-20 09:12:27+00,"Monterrey, Mexico",2024-11-11 00:24:30+00,2025-01-02 09:08:06+00
0621f604-a371-5385-96b4-497f73db4448,,c981f5ef-8774-5129-b83a-c9448b008bfa,81c0642e-2463-5abd-ae26-b4b567d51419,c04542e4-e51e-5213-9104-b640654afff8,FedEx Logistics,delivered,2024-09-20 16:28:09+00,2024-09-12 16:28:09+00,2024-09-19 22:33:06+00,"Stuttgart, Germany",2024-09-09 15:03:29+00,2025-01-02 09:04:49+00
5deda827-22f1-5c6b-9ba1-c7d391d577a5,,3bd995d9-5386-5200-b14c-337fc57a8bb6,22113422-0935-5ebd-b323-7908c0e6bfd5,ab774023-46b5-5c93-b400-c94992c2d229,DHL Freight,delivered,2024-06-03 21:26:56+00,2024-05-28 21:26:56+00,2024-06-03 00:50:17+00,"Pune, India",2024-05-28 18:48:17+00,2025-01-02 09:26:24+00
59254d92-b495-59ab-8913-b9582d852c63,,3bd995d9-5386-5200-b14c-337fc57a8bb6,22113422-0935-5ebd-b323-7908c0e6bfd5,a4826422-e2ac-51f3-8624-efed44d212a6,DB Schenker,delivered,2024-08-31 03:00:24+00,2024-08-23 03:00:24+00,2024-08-30 10:34:18+00,"Pune, India",2024-08-19 22:20:04+00,2025-01-02 09:09:02+00
f3bcb17f-903e-509a-9b94-aabc3593698d,,b0a7719d-51cd-5e7d-8e3d-67cc571130e0,81c0642e-2463-5abd-ae26-b4b567d51419,a3dd3ec0-b0a3-5b4a-8a88-97696c52ceea,FedEx Logistics,delivered,2024-12-30 18:57:22+00,2024-12-21 18:57:22+00,2024-12-30 13:58:23+00,"Austin, USA",2024-12-20 17:40:04+00,2025-01-02 09:21:35+00
2512215f-d061-59ec-873d-d59e2a049d05,,8f2d7823-5353-55b7-99c5-837cbc771d58,8517ed2a-3738-5e12-a1bc-f0e872fd3d71,dadceaf8-7433-5bb5-acb5-01f35ace5d03,DHL Freight,delivered,2024-04-01 23:06:18+00,2024-03-28 23:06:18+00,2024-04-01 05:22:55+00,"Shenzhen, China",2024-03-27 18:01:18+00,2025-01-02 09:06:46+00
51a18b87-e1e5-55e3-99ec-cd79f977f1e9,,8f2d7823-5353-55b7-99c5-837cbc771d58,8517ed2a-3738-5e12-a1bc-f0e872fd3d71,9d977e3f-9c1c-5a77-ab4e-1a61e17cc978,FedEx Logistics,delivered,2024-10-22 20:40:50+00,2024-10-16 20:40:50+00,2024-10-22 05:13:13+00,"Shenzhen, China",2024-10-13 13:38:22+00,2025-01-02 09:21:18+00
c53a59d2-1328-5a5b-ac02-05b8fc887a59,,3bd995d9-5386-5200-b14c-337fc57a8bb6,6400998a-1542-5bd0-baca-290648d04849,601b3ffa-ec40-586b-86f3-36092e0f6902,FedEx Logistics,delivered,2024-11-22 19:59:30+00,2024-11-16 19:59:30+00,2024-11-22 08:01:25+00,"Pune, India",2024-11-16 16:50:30+00,2025-01-02 09:14:01+00
c958142a-b364-5f91-92e6-d6c0b539b72f,,05f60979-948c-56c4-8971-f733be532412,a71f4bf4-a78e-5fa3-a8bd-e34ee2c97dcd,9d1e46c9-77fa-5a23-9ce8-9c84375ffed2,DB Schenker,delivered,2024-03-30 10:02:27+00,2024-03-23 10:02:27+00,2024-03-29 08:45:57+00,"Monterrey, Mexico",2024-03-20 00:33:46+00,2025-01-02 09:28:28+00
d46be273-1081-5232-aec5-6bc13fc5ab6d,,3bd995d9-5386-5200-b14c-337fc57a8bb6,6400998a-1542-5bd0-baca-290648d04849,348f9f1a-6f9b-55f4-b008-61229b04ce89,DHL Freight,delivered,2024-09-15 20:42:51+00,2024-09-12 20:42:51+00,2024-09-15 21:17:50+00,"Pune, India",2024-09-12 13:20:25+00,2025-01-02 09:19:29+00
8fb21614-9515-5359-a289-a613e4a8ff17,,3bd995d9-5386-5200-b14c-337fc57a8bb6,81c0642e-2463-5abd-ae26-b4b567d51419,e6c331f9-abd6-5715-b915-3785c8ae09e2,DHL Freight,delivered,2024-09-18 13:06:22+00,2024-09-15 13:06:22+00,2024-09-18 02:07:58+00,"Pune, India",2024-09-15 09:58:07+00,2025-01-02 09:14:44+00
63ec453b-b802-5bef-b167-1aaeae165db7,,3bd995d9-5386-5200-b14c-337fc57a8bb6,22113422-0935-5ebd-b323-7908c0e6bfd5,1d9a3e42-a51f-555c-af4a-546d93169a72,FedEx Logistics,delivered,2024-11-10 02:20:32+00,2024-11-05 02:20:32+00,2024-11-27 02:41:26+00,"Pune, India",2024-11-01 20:47:47+00,2025-01-02 09:29:04+00
d4eaadbb-a8b4-50af-b628-130b7bcb60a9,,05f60979-948c-56c4-8971-f733be532412,915b9517-c3e0-56bb-9f5b-959c6c507cc4,5d3ceb6f-3436-5d6b-91f1-52528a2822bd,FedEx Logistics,delivered,2024-10-13 19:51:21+00,2024-10-08 19:51:21+00,2024-10-13 18:20:00+00,"Monterrey, Mexico",2024-10-05 11:30:14+00,2025-01-02 09:21:23+00
72504df8-af3d-5782-bd78-322f2af64023,,05f60979-948c-56c4-8971-f733be532412,42ad692d-b82d-5a13-91a1-a9fd0fcaf73b,35b7f346-916b-5258-b672-6cd6598104dd,DB Schenker,delivered,2024-01-24 19:05:19+00,2024-01-21 19:05:19+00,2024-01-24 08:26:48+00,"Monterrey, Mexico",2024-01-19 18:03:45+00,2025-01-02 09:24:39+00
b75b2668-8267-5181-a916-ff7a274a9467,,b0a7719d-51cd-5e7d-8e3d-67cc571130e0,81c0642e-2463-5abd-ae26-b4b567d51419,c4ad12b9-9500-5569-8e04-20c1e4a6a029,DHL Freight,delivered,2024-07-30 09:55:30+00,2024-07-23 09:55:30+00,2024-07-29 20:25:37+00,"Austin, USA",2024-07-21 02:13:25+00,2025-01-02 09:10:24+00
f9844f08-7239-596a-96d2-1a1a4c01a98e,,b0a7719d-51cd-5e7d-8e3d-67cc571130e0,81c0642e-2463-5abd-ae26-b4b567d51419,46d25c6f-c075-52a5-b59d-c1a8fee58f23,DB Schenker,delivered,2024-12-28 04:46:25+00,2024-12-23 04:46:25+00,2024-12-27 07:11:44+00,"Austin, USA",2024-12-20 00:24:30+00,2025-01-02 09:24:31+00
8ba31ada-10c7-5e07-8d4e-89f5b23def58,,05f60979-948c-56c4-8971-f733be532412,8517ed2a-3738-5e12-a1bc-f0e872fd3d71,f080bb27-f6fe-57d8-9171-a65bec5aef92,DHL Freight,delivered,2024-10-16 20:13:32+00,2024-10-11 20:13:32+00,2024-10-23 20:33:59+00,"Monterrey, Mexico",2024-10-11 16:37:26+00,2025-01-02 09:22:55+00
f34f55f2-d292-5e42-b925-59731db1eac6,,8f2d7823-5353-55b7-99c5-837cbc771d58,6400998a-1542-5bd0-baca-290648d04849,b2fd03eb-8496-5112-9126-eaa8506a9ef7,DB Schenker,delivered,2024-03-03 08:25:24+00,2024-02-23 08:25:24+00,2024-03-02 20:10:16+00,"Shenzhen, China",2024-02-21 01:01:36+00,2025-01-02 09:15:17+00
b5de7abb-7183-5645-9452-44d1ee88b4d5,,3bd995d9-5386-5200-b14c-337fc57a8bb6,22113422-0935-5ebd-b323-7908c0e6bfd5,bcc2cc4a-6a32-5ac4-af2b-8ef9258f4195,FedEx Logistics,delivered,2024-10-22 20:22:11+00,2024-10-13 20:22:11+00,2024-10-21 19:43:01+00,"Pune, India",2024-10-12 15:04:37+00,2025-01-02 09:23:08+00
51889e7f-6130-5209-b3bf-c017fb25bc2d,,3bd995d9-5386-5200-b14c-337fc57a8bb6,a71f4bf4-a78e-5fa3-a8bd-e34ee2c97dcd,1bd7f603-f604-53ab-b9b8-e07a1797ce05,DB Schenker,delivered,2024-04-08 03:33:03+00,2024-04-01 03:33:03+00,2024-04-07 18:48:30+00,"Pune, India",2024-03-30 22:14:14+00,2025-01-02 09:28:02+00
6afbf36d-41af-58ad-80e4-54304f8868e2,,b0a7719d-51cd-5e7d-8e3d-67cc571130e0,8517ed2a-3738-5e12-a1bc-f0e872fd3d71,4363009e-2614-5202-a043-f392bdf18485,FedEx Logistics,delivered,2024-01-15 03:19:40+00,2024-01-12 03:19:40+00,2024-01-17 04:00:59+00,"Austin, USA",2024-01-11 00:04:21+00,2025-01-02 09:16:44+00
8a19085b-c0b4-5ba6-ac5a-18ac1f82b2fb,,b0a7719d-51cd-5e7d-8e3d-67cc571130e0,6400998a-1542-5bd0-baca-290648d04849,44105cb6-996e-5950-a87e-501060d3da6c,DB Schenker,delivered,2024-08-31 01:44:34+00,2024-08-22 01:44:34+00,2024-09-10 01:48:44+00,"Austin, USA",2024-08-19 23:27:34+00,2025-01-02 09:07:16+00
1d162b50-5307-56df-9f63-1548ddd37218,,b0a7719d-51cd-5e7d-8e3d-67cc571130e0,42ad692d-b82d-5a13-91a1-a9fd0fcaf73b,974db00b-2468-510f-adb5-ad86b22e580d,FedEx Logistics,delivered,2024-10-21 00:19:17+00,2024-10-16 00:19:17+00,2024-10-19 23:47:27+00,"Austin, USA",2024-10-13 19:59:42+00,2025-01-02 09:05:04+00
ede419d3-ec3a-5569-b5bc-07f5f05b341e,,3bd995d9-5386-5200-b14c-337fc57a8bb6,6d6d0a34-9f5e-59b5-8834-675b7c7c4f20,b82376f9-2eb5-5521-b334-071b4236bd33,DHL Freight,delivered,2024-10-26 15:00:07+00,2024-10-17 15:00:07+00,2024-10-31 15:20:53+00,"Pune, India",2024-10-17 10:59:26+00,2025-01-02 09:08:30+00
a998b846-2362-5f68-9998-e7f9aa36d18b,,3bd995d9-5386-5200-b14c-337fc57a8bb6,22113422-0935-5ebd-b323-7908c0e6bfd5,3ca22fac-02ba-5554-a9be-6dbfda4ee841,DHL Freight,delivered,2024-09-19 16:03:59+00,2024-09-10 16:03:59+00,2024-09-24 16:28:18+00,"Pune, India",2024-09-09 09:56:43+00,2025-01-02 09:16:47+00
23639934-0ba3-5f45-8dd0-4777fbfba7e4,,3bd995d9-5386-5200-b14c-337fc57a8bb6,a71f4bf4-a78e-5fa3-a8bd-e34ee2c97dcd,f2623330-ed37-5948-8f64-94d3c280e864,FedEx Logistics,delivered,2024-03-22 01:57:02+00,2024-03-15 01:57:02+00,2024-03-21 01:02:25+00,"Pune, India",2024-03-12 00:19:08+00,2025-01-02 09:05:21+00
07613ffe-b419-5e10-916c-c7b976cff82a,,3bd995d9-5386-5200-b14c-337fc57a8bb6,81c0642e-2463-5abd-ae26-b4b567d51419,382daaa5-28f3-5f43-845f-722030d56939,DB Schenker,delivered,2024-04-29 06:44:49+00,2024-04-24 06:44:49+00,2024-04-28 19:11:17+00,"Pune, India",2024-04-22 02:27:07+00,2025-01-02 09:08:43+00
9f5dd2ee-0f9d-56ba-a0e3-6c3febeb84eb,,05f60979-948c-56c4-8971-f733be532412,8517ed2a-3738-5e12-a1bc-f0e872fd3d71,099bef06-50d9-5a01-bb68-87951ebaf379,DB Schenker,delivered,2024-10-28 21:03:46+00,2024-10-21 21:03:46+00,2024-10-28 15:31:34+00,"Monterrey, Mexico",2024-10-21 16:43:32+00,2025-01-02 09:29:31+00
995a5792-0046-5cb0-954c-4b7cbe7923b9,,3bd995d9-5386-5200-b14c-337fc57a8bb6,42ad692d-b82d-5a13-91a1-a9fd0fcaf73b,671cea47-287a-526d-a118-0e9c219c2e93,DHL Freight,in_transit,2025-01-02 23:13:51+00,2024-12-24 23:13:51+00,,"Pune, India",2024-12-23 17:42:38+00,2025-01-02 09:20:11+00
a8f970ec-6737-56ee-b0b6-6df28e02dfc5,,3bd995d9-5386-5200-b14c-337fc57a8bb6,22113422-0935-5ebd-b323-7908c0e6bfd5,a3b56ada-db0e-5a07-8b78-885d15041fbc,FedEx Logistics,delivered,2024-10-28 11:48:00+00,2024-10-24 11:48:00+00,2024-10-27 10:24:52+00,"Pune, India",2024-10-21 02:03:05+00,2025-01-02 09:24:20+00
24fc81ad-a8c0-51c8-a917-44b3f1afa7c1,,b0a7719d-51cd-5e7d-8e3d-67cc571130e0,42ad692d-b82d-5a13-91a1-a9fd0fcaf73b,5c12cff0-3bdd-587f-9d41-08fe215bbe18,DB Schenker,delivered,2024-02-09 19:10:57+00,2024-01-31 19:10:57+00,2024-02-08 23:17:04+00,"Austin, USA",2024-01-28 18:00:31+00,2025-01-02 09:24:25+00
39660fb6-1bf7-5079-84c1-0cb858dc886a,,05f60979-948c-56c4-8971-f733be532412,42ad692d-b82d-5a13-91a1-a9fd0fcaf73b,97101300-8687-56d0-80bb-c4a6b451abb6,FedEx Logistics,delivered,2024-05-09 05:36:53+00,2024-05-06 05:36:53+00,2024-05-08 03:58:37+00,"Monterrey, Mexico",2024-05-04 01:34:20+00,2025-01-02 09:05:37+00
3d20c7de-6310-5b63-8165-893e106d6923,,8f2d7823-5353-55b7-99c5-837cbc771d58,42ad692d-b82d-5a13-91a1-a9fd0fcaf73b,f15dc05e-6681-5034-b2a5-05eb127ab3bc,FedEx Logistics,delivered,2024-05-27 02:52:56+00,2024-05-24 02:52:56+00,2024-05-26 14:19:36+00,"Shenzhen, China",2024-05-22 17:11:20+00,2025-01-02 09:20:37+00
404da333-7af7-5ca5-9880-bd1c48da5d6b,,b0a7719d-51cd-5e7d-8e3d-67cc571130e0,915b9517-c3e0-56bb-9f5b-959c6c507cc4,fe661be7-0432-501d-a0bb-2f486a33c52a,DB Schenker,delivered,2024-10-11 01:08:05+00,2024-10-02 01:08:05+00,2024-10-10 21:50:39+00,"Austin, USA",2024-09-30 20:58:59+00,2025-01-02 09:05:39+00
ddb95e1d-3693-542d-b58b-4adf77e8fbec,,3bd995d9-5386-5200-b14c-337fc57a8bb6,6400998a-1542-5bd0-baca-290648d04849,cc8056d0-8e76-5c15-a3c7-5bd0711429a6,DHL Freight,delivered,2024-02-17 19:54:10+00,2024-02-13 19:54:10+00,2024-02-17 20:09:50+00,"Pune, India",2024-02-10 17:39:28+00,2025-01-02 09:22:09+00
1f11fa77-8652-5590-86e1-12961e38365b,,b0a7719d-51cd-5e7d-8e3d-67cc571130e0,6400998a-1542-5bd0-baca-290648d04849,d7940c68-c091-5965-ad91-fd896072d07e,FedEx Logistics,delivered,2024-03-16 02:46:54+00,2024-03-10 02:46:54+00,2024-03-15 15:47:37+00,"Austin, USA",2024-03-10 00:17:42+00,2025-01-02 09:02:57+00
ff1e9f71-de12-51b6-bcdd-e76a4adb4624,,3bd995d9-5386-5200-b14c-337fc57a8bb6,81c0642e-2463-5abd-ae26-b4b567d51419,b00bbc67-5f4a-5b9f-bc03-bb496ce695e6,FedEx Logistics,delivered,2024-12-07 04:31:43+00,2024-11-30 04:31:43+00,2024-12-07 03:43:33+00,"Pune, India",2024-11-27 22:14:43+00,2025-01-02 09:08:25+00
aea6897f-e8ee-59b8-923d-a45e41ec3fa8,,8f2d7823-5353-55b7-99c5-837cbc771d58,8517ed2a-3738-5e12-a1bc-f0e872fd3d71,0c815c59-2c43-52c4-aec0-ad21353e9995,DHL Freight,delivered,2024-05-02 09:03:28+00,2024-04-29 09:03:28+00,2024-05-02 04:19:30+00,"Shenzhen, China",2024-04-27 23:45:50+00,2025-01-02 09:07:52+00
69f502cc-b3a4-5958-ab51-ae4d89fcd172,,b0a7719d-51cd-5e7d-8e3d-67cc571130e0,42ad692d-b82d-5a13-91a1-a9fd0fcaf73b,b2b2b6f7-726b-5305-80da-9f63b4ec1dd5,DHL Freight,delivered,2024-12-28 02:58:27+00,2024-12-24 02:58:27+00,2024-12-27 02:38:08+00,"Austin, USA",2024-12-21 18:53:49+00,2025-01-02 09:04:43+00
eb9f9ed0-70a5-5f4a-a410-ca2cb229e631,,c981f5ef-8774-5129-b83a-c9448b008bfa,81c0642e-2463-5abd-ae26-b4b567d51419,90dcb7d7-cef3-517e-bded-2fc64000f7ab,FedEx Logistics,delivered,2024-09-02 01:14:34+00,2024-08-25 01:14:34+00,2024-09-07 01:42:48+00,"Stuttgart, Germany",2024-08-23 21:54:36+00,2025-01-02 09:10:26+00
c1a397b4-a253-5467-b171-2d1021f40c56,,3bd995d9-5386-5200-b14c-337fc57a8bb6,915b9517-c3e0-56bb-9f5b-959c6c507cc4,6011cf49-10df-5244-95c2-24ab3ff96e25,FedEx Logistics,delivered,2024-11-28 15:17:38+00,2024-11-20 15:17:38+00,2024-11-27 20:58:38+00,"Pune, India",2024-11-17 08:59:52+00,2025-01-02 09:00:10+00
595bbbff-c2d9-5158-bcbb-94d63652aa14,,8f2d7823-5353-55b7-99c5-837cbc771d58,6400998a-1542-5bd0-baca-290648d04849,99ff92a7-4297-518f-afea-47aa738fa706,FedEx Logistics,delivered,2024-10-15 01:38:50+00,2024-10-10 01:38:50+00,2024-10-29 02:02:00+00,"Shenzhen, China",2024-10-08 16:08:45+00,2025-01-02 09:13:25+00
dcbc0363-c88c-5cf0-99f7-4bd78096f98c,,8f2d7823-5353-55b7-99c5-837cbc771d58,42ad692d-b82d-5a13-91a1-a9fd0fcaf73b,9da0a9af-871b-5c5a-9c70-6b9903d2c275,DB Schenker,delivered,2024-11-05 06:56:23+00,2024-11-02 06:56:23+00,2024-11-04 22:13:46+00,"Shenzhen, China",2024-10-30 23:29:29+00,2025-01-02 09:02:27+00
534de6fa-d3c0-5177-b561-a9f6919db34b,,c981f5ef-8774-5129-b83a-c9448b008bfa,81c0642e-2463-5abd-ae26-b4b567d51419,61ff9a39-7b8f-5776-aa04-bedf9f053f25,FedEx Logistics,delivered,2024-06-03 08:22:51+00,2024-05-30 08:22:51+00,2024-06-03 06:35:34+00,"Stuttgart, Germany",2024-05-28 23:43:43+00,2025-01-02 09:17:38+00
f9e58d9a-dcc5-5fec-91c5-bb4f7a714feb,,c981f5ef-8774-5129-b83a-c9448b008bfa,915b9517-c3e0-56bb-9f5b-959c6c507cc4,a4b083f0-4781-51b9-992d-f8436f24a79e,DHL Freight,delivered,2024-10-29 01:56:04+00,2024-10-26 01:56:04+00,2024-10-28 15:33:48+00,"Stuttgart, Germany",2024-10-22 16:53:13+00,2025-01-02 09:13:45+00
646eed59-582d-5fd9-a941-994216feef5e,,c981f5ef-8774-5129-b83a-c9448b008bfa,22113422-0935-5ebd-b323-7908c0e6bfd5,78e8db0b-1f88-5d48-a512-6d7595d1bb89,DHL Freight,delivered,2024-10-02 21:32:32+00,2024-09-24 21:32:32+00,2024-10-02 21:15:29+00,"Stuttgart, Germany",2024-09-21 19:59:27+00,2025-01-02 09:23:23+00
ea6be57a-84be-513e-af57-b703b27446b1,,05f60979-948c-56c4-8971-f733be532412,6400998a-1542-5bd0-baca-290648d04849,9228e01b-34ce-5ed5-b2ff-5602d49c100e,DB Schenker,delivered,2024-10-07 07:09:07+00,2024-09-30 07:09:07+00,2024-10-06 08:16:35+00,"Monterrey, Mexico",2024-09-28 00:56:58+00,2025-01-02 09:20:58+00
8f9065d6-86c5-55dc-893e-c8719a072910,,c981f5ef-8774-5129-b83a-c9448b008bfa,81c0642e-2463-5abd-ae26-b4b567d51419,f1c9ba74-7d22-540f-aa6f-4b8e0e391a40,DHL Freight,delivered,2024-06-18 02:23:38+00,2024-06-12 02:23:38+00,2024-06-17 21:34:47+00,"Stuttgart, Germany",2024-06-09 22:08:36+00,2025-01-02 09:22:02+00
1ba338a5-3c9d-57a2-bd37-02211a67b8a0,,8f2d7823-5353-55b7-99c5-837cbc771d58,8517ed2a-3738-5e12-a1bc-f0e872fd3d71,d4608ae1-e217-5cb5-8961-1a03e9878af5,DHL Freight,delivered,2024-09-10 19:06:35+00,2024-09-07 19:06:35+00,2024-09-10 11:46:56+00,"Shenzhen, China",2024-09-06 11:44:43+00,2025-01-02 09:09:51+00
1fb6cdfc-b011-501e-a063-095680241844,,b0a7719d-51cd-5e7d-8e3d-67cc571130e0,8517ed2a-3738-5e12-a1bc-f0e872fd3d71,b14c898c-d9cf-5a48-bc56-d9a9629b5d2a,DB Schenker,delivered,2024-09-13 14:52:08+00,2024-09-05 14:52:08+00,2024-09-16 14:53:23+00,"Austin, USA",2024-09-04 10:32:21+00,2025-01-02 09:13:47+00
98e2318d-10c7-5ad8-90a0-a40c303e6c15,,05f60979-948c-56c4-8971-f733be532412,a71f4bf4-a78e-5fa3-a8bd-e34ee2c97dcd,c4798969-465a-5804-9426-c2d4570d3354,DB Schenker,delivered,2024-11-04 18:32:26+00,2024-10-28 18:32:26+00,2024-11-03 17:43:46+00,"Monterrey, Mexico",2024-10-26 17:13:57+00,2025-01-02 09:00:41+00
41218459-47f4-512d-b1b5-5a2c862d67fd,,8f2d7823-5353-55b7-99c5-837cbc771d58,8517ed2a-3738-5e12-a1bc-f0e872fd3d71,d16ff1b3-6671-54d2-99d7-8ca035cfa459,DB Schenker,delivered,2024-05-06 02:19:46+00,2024-04-30 02:19:46+00,2024-05-05 16:32:42+00,"Shenzhen, China",2024-04-27 23:37:59+00,2025-01-02 09:12:12+00
94288484-a926-55be-9509-bfe82f936e8d,,8f2d7823-5353-55b7-99c5-837cbc771d58,22113422-0935-5ebd-b323-7908c0e6bfd5,2fb96f12-d16d-5fea-a8fc-844a779013de,FedEx Logistics,delivered,2024-02-24 05:55:54+00,2024-02-17 05:55:54+00,2024-02-24 01:36:42+00,"Shenzhen, China",2024-02-13 22:12:35+00,2025-01-02 09:13:31+00
5d5918ed-6d6f-5461-a7b8-6cd007733fb7,,c981f5ef-8774-5129-b83a-c9448b008bfa,22113422-0935-5ebd-b323-7908c0e6bfd5,4b0eb397-b7d4-5fce-b70c-87039e9776a4,FedEx Logistics,delivered,2024-12-22 06:42:06+00,2024-12-18 06:42:06+00,2024-12-22 02:06:35+00,"Stuttgart, Germany",2024-12-14 22:20:20+00,2025-01-02 09:20:05+00
0d9a5886-912e-511b-b5ec-75bdc84389fa,,3bd995d9-5386-5200-b14c-337fc57a8bb6,8517ed2a-3738-5e12-a1bc-f0e872fd3d71,3e2bcc14-dfbe-5ae5-94d9-0ab3b1fe4f79,DHL Freight,delivered,2024-11-13 13:58:28+00,2024-11-07 13:58:28+00,2024-11-12 18:23:38+00,"Pune, India",2024-11-07 10:17:12+00,2025-01-02 09:27:45+00
98a64169-2eae-5b0b-914e-a5007a42f6b2,,b0a7719d-51cd-5e7d-8e3d-67cc571130e0,22113422-0935-5ebd-b323-7908c0e6bfd5,8488968d-d525-5a48-8687-d49efb87ce06,DB Schenker,delivered,2024-03-15 17:17:20+00,2024-03-10 17:17:20+00,2024-03-15 13:57:42+00,"Austin, USA",2024-03-10 10:49:19+00,2025-01-02 09:05:06+00
5000a0ab-83f5-5669-b524-bdd867fb589a,,b0a7719d-51cd-5e7d-8e3d-67cc571130e0,81c0642e-2463-5abd-ae26-b4b567d51419,fb6e6fd3-a389-56ff-a4e2-72ac0265f08f,FedEx Logistics,delivered,2024-06-23 02:41:46+00,2024-06-19 02:41:46+00,2024-06-22 04:02:01+00,"Austin, USA",2024-06-17 19:30:01+00,2025-01-02 09:15:17+00
fa3427d7-d0f7-571e-b0d9-be5eb41ac004,,b0a7719d-51cd-5e7d-8e3d-67cc571130e0,22113422-0935-5ebd-b323-7908c0e6bfd5,af08c6c4-22ac-58b1-81f5-78314bb951ed,FedEx Logistics,delivered,2024-09-22 21:12:07+00,2024-09-16 21:12:07+00,2024-09-22 01:49:44+00,"Austin, USA",2024-09-14 15:29:34+00,2025-01-02 09:08:36+00
6148c15a-e4c7-5760-bc91-a29d5a73dd32,,c981f5ef-8774-5129-b83a-c9448b008bfa,81c0642e-2463-5abd-ae26-b4b567d51419,a28871ad-c697-5c1a-baa6-b5649c0bd5e2,DB Schenker,delivered,2024-06-08 19:56:57+00,2024-06-05 19:56:57+00,2024-06-07 17:12:16+00,"Stuttgart, Germany",2024-06-05 18:38:21+00,2025-01-02 09:12:39+00
60cb77c5-440a-5f4d-8e0e-22b43bbb3b57,,b0a7719d-51cd-5e7d-8e3d-67cc571130e0,22113422-0935-5ebd-b323-7908c0e6bfd5,800fdc6b-2f4e-5c44-9f3b-a64b8a631a1f,DB Schenker,delivered,2024-10-16 03:00:44+00,2024-10-13 03:00:44+00,2024-10-15 16:20:56+00,"Austin, USA",2024-10-12 00:48:56+00,2025-01-02 09:00:55+00
366c7ca8-c886-5a2e-a957-898474fbacb5,,8f2d7823-5353-55b7-99c5-837cbc771d58,81c0642e-2463-5abd-ae26-b4b567d51419,61032a99-bcdb-55e3-8fed-420216bdf36d,DB Schenker,delivered,2024-09-19 18:31:08+00,2024-09-15 18:31:08+00,2024-09-19 09:31:42+00,"Shenzhen, China",2024-09-12 08:57:03+00,2025-01-02 09:12:30+00
0b6db9be-2eee-5a81-a846-097e12f51685,,3bd995d9-5386-5200-b14c-337fc57a8bb6,915b9517-c3e0-56bb-9f5b-959c6c507cc4,508afed6-8ed9-56f6-8ebb-7af0aa62633a,DB Schenker,delivered,2024-02-05 03:30:42+00,2024-01-31 03:30:42+00,2024-02-04 03:39:49+00,"Pune, India",2024-01-30 20:09:36+00,2025-01-02 09:24:37+00
bcb6329c-2abd-5e48-8461-cfae7fd0d025,,3bd995d9-5386-5200-b14c-337fc57a8bb6,a71f4bf4-a78e-5fa3-a8bd-e34ee2c97dcd,685690bf-716b-5d02-8f5b-d26c69af6d7d,DHL Freight,delivered,2024-03-04 05:18:41+00,2024-02-26 05:18:41+00,2024-03-03 22:40:05+00,"Pune, India",2024-02-22 20:35:07+00,2025-01-02 09:23:58+00
aeba088e-6eeb-525d-bae2-9e0e3f1f46b9,,c981f5ef-8774-5129-b83a-c9448b008bfa,a71f4bf4-a78e-5fa3-a8bd-e34ee2c97dcd,bf6289f9-fd21-598d-a2b9-ecf47267efb0,FedEx Logistics,delivered,2024-06-10 05:06:52+00,2024-06-05 05:06:52+00,2024-06-10 01:21:43+00,"Stuttgart, Germany",2024-06-03 02:26:12+00,2025-01-02 09:13:52+00
d6a8c959-9ad5-5df0-ba66-70a5ef9eb49b,,3bd995d9-5386-5200-b14c-337fc57a8bb6,8517ed2a-3738-5e12-a1bc-f0e872fd3d71,38d0153b-dd9b-5e86-8bf9-28c90a9f342f,DB Schenker,delivered,2024-10-24 03:56:49+00,2024-10-20 03:56:49+00,2024-10-24 04:17:40+00,"Pune, India",2024-10-19 00:51:42+00,2025-01-02 09:21:04+00
1d557e10-5b9f-5744-8e2f-be155f25ccd0,,b0a7719d-51cd-5e7d-8e3d-67cc571130e0,22113422-0935-5ebd-b323-7908c0e6bfd5,3da54528-8a5d-5ec6-a125-a22483ac75f1,DHL Freight,delivered,2024-08-30 02:57:08+00,2024-08-23 02:57:08+00,2024-08-28 21:32:01+00,"Austin, USA",2024-08-22 00:37:56+00,2025-01-02 09:12:14+00
0936f7c4-cffa-5216-b488-879d48629ea4,,3bd995d9-5386-5200-b14c-337fc57a8bb6,915b9517-c3e0-56bb-9f5b-959c6c507cc4,63100499-9a93-5231-aa81-d525cb04fc63,DHL Freight,delivered,2024-12-06 22:58:23+00,2024-11-30 22:58:23+00,2024-12-06 04:40:13+00,"Pune, India",2024-11-27 19:30:39+00,2025-01-02 09:22:44+00
451af695-376f-5cbc-a870-a9a7ed403e82,,8f2d7823-5353-55b7-99c5-837cbc771d58,42ad692d-b82d-5a13-91a1-a9fd0fcaf73b,54789c96-0aeb-5829-803d-5fb5968348ff,DHL Freight,delivered,2024-09-15 20:18:02+00,2024-09-08 20:18:02+00,2024-09-22 20:19:27+00,"Shenzhen, China",2024-09-08 11:16:41+00,2025-01-02 09:17:52+00
cdf62f45-5b32-5f10-bba5-22de5d12a480,,b0a7719d-51cd-5e7d-8e3d-67cc571130e0,81c0642e-2463-5abd-ae26-b4b567d51419,beeb9af3-bf3c-501c-a487-45c1d94b392b,FedEx Logistics,delivered,2024-10-19 14:15:35+00,2024-10-15 14:15:35+00,2024-10-18 11:22:09+00,"Austin, USA",2024-10-13 09:38:27+00,2025-01-02 09:05:43+00
e4d65ab2-b1dd-5430-9706-e6973863fced,,05f60979-948c-56c4-8971-f733be532412,915b9517-c3e0-56bb-9f5b-959c6c507cc4,9e1b5a0c-a3b6-59eb-9d59-4176f4bd7c88,FedEx Logistics,delivered,2024-03-15 05:31:10+00,2024-03-06 05:31:10+00,2024-03-14 12:31:17+00,"Monterrey, Mexico",2024-03-04 00:55:02+00,2025-01-02 09:13:03+00
7ffd20c5-8165-56f3-a383-5ce64a0076e5,,3bd995d9-5386-5200-b14c-337fc57a8bb6,22113422-0935-5ebd-b323-7908c0e6bfd5,904522a4-eb16-5e26-9b9e-7eb7d967dbfc,DB Schenker,delivered,2024-03-04 00:10:15+00,2024-02-29 00:10:15+00,2024-03-03 02:39:45+00,"Pune, India",2024-02-28 22:39:28+00,2025-01-02 09:02:50+00
e5397198-b103-58e2-83e4-26153ead310e,,b0a7719d-51cd-5e7d-8e3d-67cc571130e0,6400998a-1542-5bd0-baca-290648d04849,a26e6138-b8ec-528d-86e9-eb19f9c39f15,DHL Freight,delivered,2024-12-07 18:15:44+00,2024-11-28 18:15:44+00,2024-12-07 02:57:20+00,"Austin, USA",2024-11-27 09:01:37+00,2025-01-02 09:29:13+00
525ab9c2-7cbb-58e7-8212-30b663b5170a,,8f2d7823-5353-55b7-99c5-837cbc771d58,6d6d0a34-9f5e-59b5-8834-675b7c7c4f20,be600d36-50fd-5877-b68f-f896aa88e9b0,FedEx Logistics,delivered,2024-05-23 03:32:07+00,2024-05-17 03:32:07+00,2024-05-21 22:59:35+00,"Shenzhen, China",2024-05-15 00:49:02+00,2025-01-02 09:14:39+00
86a5fefd-2e1c-5e1e-8d59-8072d2d3ccb4,,05f60979-948c-56c4-8971-f733be532412,6400998a-1542-5bd0-baca-290648d04849,04e0c28d-2d64-5115-8bfa-1e8da27d876e,DHL Freight,delivered,2024-01-12 01:05:44+00,2024-01-06 01:05:44+00,2024-01-11 19:16:19+00,"Monterrey, Mexico",2024-01-03 23:05:41+00,2025-01-02 09:25:08+00
3a074fb7-aa74-50c8-9d6d-097a85af850e,,05f60979-948c-56c4-8971-f733be532412,6400998a-1542-5bd0-baca-290648d04849,78efb9eb-fbbd-5958-8a3b-83f5e6c0c5f8,DHL Freight,delivered,2024-08-09 00:41:16+00,2024-08-01 00:41:16+00,2024-08-08 01:56:32+00,"Monterrey, Mexico",2024-07-30 22:04:22+00,2025-01-02 09:19:53+00
8bf9915a-8556-517b-8283-ee6c71a57293,,8f2d7823-5353-55b7-99c5-837cbc771d58,915b9517-c3e0-56bb-9f5b-959c6c507cc4,b6cd5f60-08b9-5d97-9902-d16957429158,DB Schenker,delivered,2024-04-02 00:19:54+00,2024-03-26 00:19:54+00,2024-03-31 20:52:49+00,"Shenzhen, China",2024-03-22 18:18:33+00,2025-01-02 09:03:14+00
cbb2a7ee-54d9-59fd-afb9-ee0dd03f5e8b,,c981f5ef-8774-5129-b83a-c9448b008bfa,915b9517-c3e0-56bb-9f5b-959c6c507cc4,68968463-4afa-50ca-b026-f2e74af6fdd4,DHL Freight,delivered,2024-11-13 00:52:53+00,2024-11-07 00:52:53+00,2024-11-11 20:29:37+00,"Stuttgart, Germany",2024-11-04 21:52:28+00,2025-01-02 09:06:48+00
70e30344-8825-5d6e-9f20-608f47a99816,,8f2d7823-5353-55b7-99c5-837cbc771d58,8517ed2a-3738-5e12-a1bc-f0e872fd3d71,8b7b29b8-6763-532a-a128-e486fb26abc4,DHL Freight,delivered,2024-09-01 08:07:24+00,2024-08-25 08:07:24+00,2024-09-05 08:46:57+00,"Shenzhen, China",2024-08-21 23:39:26+00,2025-01-02 09:09:26+00
1831706c-3b85-53a2-b932-93715f316de2,,3bd995d9-5386-5200-b14c-337fc57a8bb6,22113422-0935-5ebd-b323-7908c0e6bfd5,2c0d2d34-0be3-5347-b902-cba6dd8a92bf,DB Schenker,delivered,2024-08-09 22:12:39+00,2024-08-03 22:12:39+00,2024-08-09 00:39:54+00,"Pune, India",2024-08-03 18:45:59+00,2025-01-02 09:07:35+00
fa268232-d631-5d67-b698-a3767f5e3904,,3bd995d9-5386-5200-b14c-337fc57a8bb6,42ad692d-b82d-5a13-91a1-a9fd0fcaf73b,0a9fbe9e-8ba9-52e4-a823-dfdd94e8f293,FedEx Logistics,delivered,2024-09-01 00:27:50+00,2024-08-25 00:27:50+00,2024-09-09 00:38:55+00,"Pune, India",2024-08-23 17:57:15+00,2025-01-02 09:21:27+00
aab54ef7-0f3c-5ae5-8dff-cb0183a4aaf0,,05f60979-948c-56c4-8971-f733be532412,a71f4bf4-a78e-5fa3-a8bd-e34ee2c97dcd,62666195-f2c5-593e-81e0-25cf536fd890,DB Schenker,delivered,2024-10-24 21:55:38+00,2024-10-16 21:55:38+00,2024-10-24 02:57:10+00,"Monterrey, Mexico",2024-10-13 16:46:19+00,2025-01-02 09:25:55+00
88dbcd19-290a-561e-b006-a12a4d7d0b5f,,3bd995d9-5386-5200-b14c-337fc57a8bb6,a71f4bf4-a78e-5fa3-a8bd-e34ee2c97dcd,a65165b3-43b0-57a1-bec2-304d8484dfdc,DB Schenker,delivered,2024-11-21 13:46:40+00,2024-11-15 13:46:40+00,2024-11-21 02:19:44+00,"Pune, India",2024-11-13 11:16:47+00,2025-01-02 09:17:49+00
9e4948d5-4f67-59b5-8eed-804b92112733,,8f2d7823-5353-55b7-99c5-837cbc771d58,6d6d0a34-9f5e-59b5-8834-675b7c7c4f20,ab07ef73-fe16-5f89-a692-44a21d76361d,DB Schenker,delivered,2024-10-09 04:44:51+00,2024-10-03 04:44:51+00,2024-10-08 10:23:49+00,"Shenzhen, China",2024-09-29 23:06:41+00,2025-01-02 09:23:02+00
c84a1971-23be-58ac-866d-96ec4b14bbb5,,05f60979-948c-56c4-8971-f733be532412,6400998a-1542-5bd0-baca-290648d04849,de192c85-4c7a-5f78-92fe-8092b3000869,DB Schenker,delivered,2024-09-15 21:59:34+00,2024-09-11 21:59:34+00,2024-09-15 13:30:51+00,"Monterrey, Mexico",2024-09-09 19:31:31+00,2025-01-02 09:25:40+00
bb5ea020-c8a4-5996-af0b-8ed6c32bd8e7,,8f2d7823-5353-55b7-99c5-837cbc771d58,a71f4bf4-a78e-5fa3-a8bd-e34ee2c97dcd,10148c2c-fff1-5efd-980a-b84f92a80fd8,FedEx Logistics,delivered,2024-09-06 06:47:31+00,2024-08-29 06:47:31+00,2024-09-05 13:49:25+00,"Shenzhen, China",2024-08-28 23:27:32+00,2025-01-02 09:02:24+00
7e083760-7892-5d68-93b4-04850adc513b,,c981f5ef-8774-5129-b83a-c9448b008bfa,6d6d0a34-9f5e-59b5-8834-675b7c7c4f20,a1ce540f-1d75-524f-848f-737b19224582,DB Schenker,delivered,2024-03-15 19:06:55+00,2024-03-11 19:06:55+00,2024-03-15 16:09:03+00,"Stuttgart, Germany",2024-03-08 17:44:37+00,2025-01-02 09:05:19+00
5ad29632-619b-5f6c-8ee9-5245a2036dfb,,3bd995d9-5386-5200-b14c-337fc57a8bb6,22113422-0935-5ebd-b323-7908c0e6bfd5,0dff966e-7e1f-5b8f-8d3b-5a84a94eb6e8,DHL Freight,delivered,2024-01-25 04:12:27+00,2024-01-19 04:12:27+00,2024-01-25 04:49:36+00,"Pune, India",2024-01-16 18:31:22+00,2025-01-02 09:26:06+00
7d49f1e5-4ac2-5bae-9bb3-73e2be8fe9c3,,05f60979-948c-56c4-8971-f733be532412,a71f4bf4-a78e-5fa3-a8bd-e34ee2c97dcd,5eae3233-cf6e-50d7-8529-fb7d0b0775bf,FedEx Logistics,delivered,2024-12-05 19:11:08+00,2024-11-28 19:11:08+00,2024-12-05 01:49:03+00,"Monterrey, Mexico",2024-11-27 17:33:10+00,2025-01-02 09:11:34+00
b146e075-1412-5401-86dc-4c69b93363fc,,3bd995d9-5386-5200-b14c-337fc57a8bb6,915b9517-c3e0-56bb-9f5b-959c6c507cc4,5833c3ea-a842-5c0d-a03a-1398cc8c38f8,FedEx Logistics,delivered,2024-10-11 16:55:41+00,2024-10-05 16:55:41+00,2024-10-10 18:02:55+00,"Pune, India",2024-10-04 08:37:49+00,2025-01-02 09:19:07+00
c66130da-2cec-55cd-9da7-6e7ea74a701e,,3bd995d9-5386-5200-b14c-337fc57a8bb6,915b9517-c3e0-56bb-9f5b-959c6c507cc4,39239819-8cf5-5089-9dc9-7da0fc8ad87b,DHL Freight,delivered,2024-03-14 17:20:16+00,2024-03-10 17:20:16+00,2024-03-15 17:46:54+00,"Pune, India",2024-03-08 16:17:03+00,2025-01-02 09:01:36+00
bcb9f72e-7e61-5295-97bd-8b6cd13e138d,,05f60979-948c-56c4-8971-f733be532412,6400998a-1542-5bd0-baca-290648d04849,1ad1f1af-b33d-57db-96cc-3a8763ea8e1d,DHL Freight,delivered,2024-03-28 22:20:46+00,2024-03-25 22:20:46+00,2024-03-27 22:59:21+00,"Monterrey, Mexico",2024-03-22 17:14:09+00,2025-01-02 09:06:19+00
a03dc675-f392-512a-b9d6-047f05de7836,,3bd995d9-5386-5200-b14c-337fc57a8bb6,a71f4bf4-a78e-5fa3-a8bd-e34ee2c97dcd,7f9aafac-086d-5745-a169-3c377c5989a2,DB Schenker,delivered,2024-10-03 03:04:05+00,2024-09-24 03:04:05+00,2024-10-20 03:40:19+00,"Pune, India",2024-09-20 18:25:13+00,2025-01-02 09:10:55+00
ef2f0e3b-dc53-5fc8-b3a9-be8573c939e5,,c981f5ef-8774-5129-b83a-c9448b008bfa,8517ed2a-3738-5e12-a1bc-f0e872fd3d71,8ea67f61-a267-53d6-b251-bf32fb3ae238,DHL Freight,delivered,2024-08-01 22:44:44+00,2024-07-24 22:44:44+00,2024-08-03 23:01:56+00,"Stuttgart, Germany",2024-07-21 16:36:21+00,2025-01-02 09:29:30+00
d821e50e-ec75-517b-9657-1329c98b6c6e,,b0a7719d-51cd-5e7d-8e3d-67cc571130e0,22113422-0935-5ebd-b323-7908c0e6bfd5,c1e9a742-7208-5c79-9ea1-41789de1e931,FedEx Logistics,delivered,2024-01-13 08:29:19+00,2024-01-08 08:29:19+00,2024-01-12 21:40:34+00,"Austin, USA",2024-01-04 23:01:58+00,2025-01-02 09:13:22+00
928e5a88-534e-511a-a131-a0aa1f0a1472,,b0a7719d-51cd-5e7d-8e3d-67cc571130e0,a71f4bf4-a78e-5fa3-a8bd-e34ee2c97dcd,c9e74f4c-ff53-5132-9107-2a383d0f8189,DHL Freight,delivered,2024-03-16 01:05:30+00,2024-03-07 01:05:30+00,2024-03-15 12:38:06+00,"Austin, USA",2024-03-06 18:42:01+00,2025-01-02 09:05:46+00
3195aacd-7e94-54d1-b8e4-ca2715f0b840,,8f2d7823-5353-55b7-99c5-837cbc771d58,42ad692d-b82d-5a13-91a1-a9fd0fcaf73b,0ee49796-fbcf-53a4-9b23-8af3b6881af7,DHL Freight,delivered,2024-12-08 21:29:52+00,2024-11-29 21:29:52+00,2024-12-07 17:13:13+00,"Shenzhen, China",2024-11-29 20:07:14+00,2025-01-02 09:02:50+00
32702e93-0e76-5a6d-97a3-ed883a5d3770,,3bd995d9-5386-5200-b14c-337fc57a8bb6,a71f4bf4-a78e-5fa3-a8bd-e34ee2c97dcd,b152ba7d-936c-5930-9c63-efcc3f829e4f,DHL Freight,delivered,2024-10-10 22:31:07+00,2024-10-05 22:31:07+00,2024-10-13 22:56:32+00,"Pune, India",2024-10-03 14:04:35+00,2025-01-02 09:20:27+00
fd301496-dbb2-5e73-8c55-0f574e769824,,05f60979-948c-56c4-8971-f733be532412,42ad692d-b82d-5a13-91a1-a9fd0fcaf73b,cdf20679-9986-56d1-b47d-9fb7b6129a09,DHL Freight,delivered,2024-11-15 05:42:38+00,2024-11-12 05:42:38+00,2024-11-15 03:51:59+00,"Monterrey, Mexico",2024-11-10 23:42:13+00,2025-01-02 09:15:06+00
38fce9e3-c296-586e-a71a-00d433f56ccd,,05f60979-948c-56c4-8971-f733be532412,42ad692d-b82d-5a13-91a1-a9fd0fcaf73b,09ebac59-9bee-5ec6-b9b7-1ba1f96385dd,DHL Freight,delivered,2024-12-28 00:11:43+00,2024-12-25 00:11:43+00,2024-12-27 03:24:20+00,"Monterrey, Mexico",2024-12-24 22:54:43+00,2025-01-02 09:09:13+00
42d09a61-5bfe-5c46-935c-8ce5ee3bf38a,,8f2d7823-5353-55b7-99c5-837cbc771d58,8517ed2a-3738-5e12-a1bc-f0e872fd3d71,63a98f64-c707-55b1-8d96-d012c7f87331,DB Schenker,delivered,2024-02-02 09:20:26+00,2024-01-29 09:20:26+00,2024-02-02 01:57:01+00,"Shenzhen, China",2024-01-26 01:09:43+00,2025-01-02 09:16:13+00
6a402437-f20d-5c79-8ea1-350a3b9c2beb,,b0a7719d-51cd-5e7d-8e3d-67cc571130e0,a71f4bf4-a78e-5fa3-a8bd-e34ee2c97dcd,a6ea28c5-86b2-57e7-81e4-38bb9b137879,FedEx Logistics,delivered,2024-04-05 20:04:36+00,2024-03-29 20:04:36+00,2024-04-05 02:25:26+00,"Austin, USA",2024-03-27 10:42:26+00,2025-01-02 09:14:52+00
fab5d684-dd20-55f1-b0da-ad76787840fb,,c981f5ef-8774-5129-b83a-c9448b008bfa,42ad692d-b82d-5a13-91a1-a9fd0fcaf73b,5b6be6a5-8d1a-58bf-9632-7c0577a46486,DB Schenker,delivered,2024-11-03 16:49:17+00,2024-10-25 16:49:17+00,2024-11-03 07:22:40+00,"Stuttgart, Germany",2024-10-25 09:41:24+00,2025-01-02 09:01:37+00
7f9af929-da95-57af-8d39-65c2a9ab018c,,05f60979-948c-56c4-8971-f733be532412,8517ed2a-3738-5e12-a1bc-f0e872fd3d71,6a1a31b2-b53d-512d-9d32-291e021f2513,DHL Freight,delivered,2024-10-15 23:11:29+00,2024-10-12 23:11:29+00,2024-10-22 23:42:04+00,"Monterrey, Mexico",2024-10-12 13:28:01+00,2025-01-02 09:10:13+00
d522e6f1-0090-5541-887a-7abba72125b0,,b0a7719d-51cd-5e7d-8e3d-67cc571130e0,915b9517-c3e0-56bb-9f5b-959c6c507cc4,32422e51-896f-5bd6-8eda-0c3363da4cae,FedEx Logistics,delivered,2024-09-12 19:00:36+00,2024-09-04 19:00:36+00,2024-09-12 03:20:47+00,"Austin, USA",2024-09-02 15:40:18+00,2025-01-02 09:25:00+00
80ee83f8-4fa1-558c-87e9-8dcbbebfcb37,,b0a7719d-51cd-5e7d-8e3d-67cc571130e0,42ad692d-b82d-5a13-91a1-a9fd0fcaf73b,145fdf11-be5c-598e-a0f1-dca7623d84b5,FedEx Logistics,delivered,2024-04-06 02:48:51+00,2024-03-30 02:48:51+00,2024-04-04 23:30:01+00,"Austin, USA",2024-03-26 22:31:07+00,2025-01-02 09:10:08+00
351d5b77-c73e-5ad2-81d2-b58ef93c875c,,b0a7719d-51cd-5e7d-8e3d-67cc571130e0,81c0642e-2463-5abd-ae26-b4b567d51419,31cc11d0-0240-51df-8b5c-90b1eff1d89d,FedEx Logistics,delivered,2024-12-02 18:29:03+00,2024-11-25 18:29:03+00,2024-12-02 12:57:48+00,"Austin, USA",2024-11-25 14:15:44+00,2025-01-02 09:01:59+00
3f9255f7-1f26-5316-b77b-43a1d9fb3f4d,,05f60979-948c-56c4-8971-f733be532412,81c0642e-2463-5abd-ae26-b4b567d51419,b8324651-e5ed-5808-b52d-cdabf9af16d5,DHL Freight,delivered,2024-12-11 07:44:32+00,2024-12-02 07:44:32+00,2024-12-10 16:21:03+00,"Monterrey, Mexico",2024-12-01 00:41:59+00,2025-01-02 09:10:08+00
851e0ad3-59bf-5c6c-8708-e89b16d7fa1a,,b0a7719d-51cd-5e7d-8e3d-67cc571130e0,6d6d0a34-9f5e-59b5-8834-675b7c7c4f20,2c418c81-2bcb-55db-87e5-4a6a662c75b6,FedEx Logistics,delivered,2024-03-14 01:04:08+00,2024-03-07 01:04:08+00,2024-03-13 12:16:41+00,"Austin, USA",2024-03-05 23:44:40+00,2025-01-02 09:05:01+00
6ab0eff8-eaae-5d04-bef5-6c312f3d456a,,8f2d7823-5353-55b7-99c5-837cbc771d58,6d6d0a34-9f5e-59b5-8834-675b7c7c4f20,ac3ad94b-96a5-517a-923f-bd80bdbd96a4,DHL Freight,delivered,2024-09-18 00:53:49+00,2024-09-15 00:53:49+00,2024-09-17 19:16:10+00,"Shenzhen, China",2024-09-12 17:31:31+00,2025-01-02 09:09:05+00
aa32a3c7-6cdb-5295-aef9-3a70806e47a2,,3bd995d9-5386-5200-b14c-337fc57a8bb6,a71f4bf4-a78e-5fa3-a8bd-e34ee2c97dcd,7f793eef-8982-55e0-abc5-0c6d446a8d2c,DHL Freight,delivered,2024-10-01 06:14:17+00,2024-09-28 06:14:17+00,2024-10-01 00:34:15+00,"Pune, India",2024-09-27 23:45:17+00,2025-01-02 09:03:42+00
99434451-49fc-538a-81fc-e836b5744077,,b0a7719d-51cd-5e7d-8e3d-67cc571130e0,8517ed2a-3738-5e12-a1bc-f0e872fd3d71,ad97aa28-1590-5216-b5dd-dbc4abfaa769,DHL Freight,delivered,2024-10-05 19:48:45+00,2024-09-27 19:48:45+00,2024-10-05 08:28:56+00,"Austin, USA",2024-09-24 12:37:40+00,2025-01-02 09:09:51+00
e7a712fa-7409-5b10-9489-eb60624697ed,,05f60979-948c-56c4-8971-f733be532412,42ad692d-b82d-5a13-91a1-a9fd0fcaf73b,607c465b-02c2-50e0-b4e4-e93992f2ff02,DB Schenker,delivered,2024-09-26 08:02:11+00,2024-09-19 08:02:11+00,2024-09-26 00:25:29+00,"Monterrey, Mexico",2024-09-17 00:19:15+00,2025-01-02 09:04:59+00
084e6310-83c6-503f-bbd4-c044c011bd8b,,3bd995d9-5386-5200-b14c-337fc57a8bb6,915b9517-c3e0-56bb-9f5b-959c6c507cc4,ac48c80e-23db-5f4c-a758-79997ba8dd43,DB Schenker,delivered,2024-09-28 11:14:44+00,2024-09-19 11:14:44+00,2024-09-27 18:37:57+00,"Pune, India",2024-09-19 09:11:27+00,2025-01-02 09:23:39+00
f834128f-6ed5-5cb0-990a-cc4b4a4d7d91,,c981f5ef-8774-5129-b83a-c9448b008bfa,6400998a-1542-5bd0-baca-290648d04849,041c6a48-cc4b-5a9f-9b5a-79c59a0c7501,DB Schenker,delivered,2024-12-02 03:12:25+00,2024-11-28 03:12:25+00,2024-12-01 14:48:03+00,"Stuttgart, Germany",2024-11-27 01:06:37+00,2025-01-02 09:23:07+00
697435bd-7ab1-58f4-90e0-d0ea65fdfc1a,,3bd995d9-5386-5200-b14c-337fc57a8bb6,915b9517-c3e0-56bb-9f5b-959c6c507cc4,854cc2d9-0243-5de1-a692-5868a28cf26c,DB Schenker,delivered,2024-04-11 02:27:31+00,2024-04-06 02:27:31+00,2024-04-10 03:09:30+00,"Pune, India",2024-04-03 16:52:15+00,2025-01-02 09:14:12+00
52c705ef-8854-558a-97c8-b752c7f81b47,,05f60979-948c-56c4-8971-f733be532412,6400998a-1542-5bd0-baca-290648d04849,82a67d84-6f78-55d1-aaf7-1f981544a580,DHL Freight,delivered,2024-01-25 07:56:07+00,2024-01-18 07:56:07+00,2024-01-24 21:31:36+00,"Monterrey, Mexico",2024-01-15 01:12:46+00,2025-01-02 09:10:45+00
631a98fa-1fdf-547a-9f23-991b987b9cf2,,c981f5ef-8774-5129-b83a-c9448b008bfa,6400998a-1542-5bd0-baca-290648d04849,edc6ae4b-ad10-5f29-8e99-b17a4132b71e,DB Schenker,delivered,2024-08-01 21:12:06+00,2024-07-29 21:12:06+00,2024-08-01 07:48:52+00,"Stuttgart, Germany",2024-07-28 18:42:00+00,2025-01-02 09:12:48+00
ea098078-9e9c-5428-b955-d6b7acab1547,,05f60979-948c-56c4-8971-f733be532412,915b9517-c3e0-56bb-9f5b-959c6c507cc4,0602f783-289f-5f2c-a649-71aae44af0d2,FedEx Logistics,delivered,2024-11-11 10:26:34+00,2024-11-04 10:26:34+00,2024-11-10 05:48:58+00,"Monterrey, Mexico",2024-11-03 02:20:59+00,2025-01-02 09:05:17+00
b044ada5-fe45-5dfc-9b54-5d8fd30cdb8d,,b0a7719d-51cd-5e7d-8e3d-67cc571130e0,915b9517-c3e0-56bb-9f5b-959c6c507cc4,d144e99c-2303-5a65-a28c-c5c6060c7309,FedEx Logistics,delivered,2024-01-23 01:33:42+00,2024-01-14 01:33:42+00,2024-01-21 22:44:36+00,"Austin, USA",2024-01-11 21:04:40+00,2025-01-02 09:14:25+00
c9358ab3-5cff-51bf-a71d-8cbb5f3b227a,,05f60979-948c-56c4-8971-f733be532412,915b9517-c3e0-56bb-9f5b-959c6c507cc4,ae875f22-38af-54f0-8685-69546b3e43c5,DHL Freight,delivered,2024-04-19 20:13:56+00,2024-04-16 20:13:56+00,2024-04-19 10:43:35+00,"Monterrey, Mexico",2024-04-15 18:59:37+00,2025-01-02 09:02:24+00
fd889fcd-73e3-54c9-8f90-c82ce197af3a,,b0a7719d-51cd-5e7d-8e3d-67cc571130e0,42ad692d-b82d-5a13-91a1-a9fd0fcaf73b,c30bee7c-8743-5fd7-846c-9ed000fff4ff,DHL Freight,delivered,2024-03-12 00:55:02+00,2024-03-05 00:55:02+00,2024-03-10 20:56:34+00,"Austin, USA",2024-03-04 19:32:04+00,2025-01-02 09:29:43+00
6047193b-2797-582d-b95b-24fd1d37a523,,b0a7719d-51cd-5e7d-8e3d-67cc571130e0,81c0642e-2463-5abd-ae26-b4b567d51419,2b533ab4-f4b5-5e96-afca-ecb2ede940ee,FedEx Logistics,delivered,2024-11-10 04:17:13+00,2024-11-04 04:17:13+00,2024-11-09 01:46:14+00,"Austin, USA",2024-11-03 21:55:41+00,2025-01-02 09:13:29+00
13bb53ad-81e1-5561-a354-7d46190d03a0,,05f60979-948c-56c4-8971-f733be532412,81c0642e-2463-5abd-ae26-b4b567d51419,e8eda72c-5e4d-517d-8077-8663aa48eb3c,DHL Freight,delivered,2024-11-23 21:53:14+00,2024-11-15 21:53:14+00,2024-11-22 22:24:57+00,"Monterrey, Mexico",2024-11-13 12:16:29+00,2025-01-02 09:01:52+00
b9e6db5a-e4f7-54a6-9e59-c6d0a68a5318,,8f2d7823-5353-55b7-99c5-837cbc771d58,8517ed2a-3738-5e12-a1bc-f0e872fd3d71,06c2f149-7885-57fd-8eda-4bbff05dd415,DHL Freight,delivered,2024-04-02 15:01:39+00,2024-03-25 15:01:39+00,2024-04-01 14:41:33+00,"Shenzhen, China",2024-03-25 12:53:20+00,2025-01-02 09:08:45+00
fcdf127f-1916-5ff3-9dfe-7bf366e5dd55,,3bd995d9-5386-5200-b14c-337fc57a8bb6,81c0642e-2463-5abd-ae26-b4b567d51419,d8d686a5-da2f-501e-b0e7-bf3a91bd1980,DHL Freight,delivered,2024-08-10 03:00:02+00,2024-08-01 03:00:02+00,2024-08-09 17:23:53+00,"Pune, India",2024-07-28 21:50:52+00,2025-01-02 09:13:47+00
13fca1e6-3375-5916-92aa-635a968836bb,,3bd995d9-5386-5200-b14c-337fc57a8bb6,6d6d0a34-9f5e-59b5-8834-675b7c7c4f20,9ec203c5-0363-5bd5-9c4f-254956181f68,DHL Freight,delivered,2024-08-14 09:40:22+00,2024-08-07 09:40:22+00,2024-08-13 11:48:45+00,"Pune, India",2024-08-05 00:33:29+00,2025-01-02 09:10:08+00
a7b1128a-4a0f-5220-8936-4a4cf306fceb,,3bd995d9-5386-5200-b14c-337fc57a8bb6,81c0642e-2463-5abd-ae26-b4b567d51419,0f998c81-1136-553b-8912-346a8b17d85b,DHL Freight,delivered,2024-02-18 00:08:26+00,2024-02-13 00:08:26+00,2024-02-20 00:44:40+00,"Pune, India",2024-02-09 19:41:06+00,2025-01-02 09:08:24+00
c6c3066b-bf90-577c-94ff-763aade87048,,3bd995d9-5386-5200-b14c-337fc57a8bb6,6400998a-1542-5bd0-baca-290648d04849,47c35b61-29b1-595d-b926-bb8ea17765b9,FedEx Logistics,delivered,2024-10-03 22:22:07+00,2024-09-30 22:22:07+00,2024-10-03 15:36:23+00,"Pune, India",2024-09-28 12:41:12+00,2025-01-02 09:00:54+00
0a32c55a-b32e-5a1d-9e76-c68484b81c22,,8f2d7823-5353-55b7-99c5-837cbc771d58,42ad692d-b82d-5a13-91a1-a9fd0fcaf73b,44e3239b-dab2-5862-82d5-d1606151a1c9,DB Schenker,delivered,2024-02-16 08:50:20+00,2024-02-11 08:50:20+00,2024-02-15 03:10:15+00,"Shenzhen, China",2024-02-09 01:44:10+00,2025-01-02 09:29:59+00
b606b6d8-9f33-5d5e-8f07-1c2fce50683d,,c981f5ef-8774-5129-b83a-c9448b008bfa,8517ed2a-3738-5e12-a1bc-f0e872fd3d71,4e68dfd5-66c5-5970-b389-18dc76b304bd,DB Schenker,delivered,2024-10-05 20:15:51+00,2024-09-30 20:15:51+00,2024-10-05 15:40:13+00,"Stuttgart, Germany",2024-09-27 15:35:56+00,2025-01-02 09:24:32+00
ab56585d-ff05-5001-ba41-0876a8eb33b9,,3bd995d9-5386-5200-b14c-337fc57a8bb6,22113422-0935-5ebd-b323-7908c0e6bfd5,924c3e08-ddf3-5305-8be9-b1160d5dd21d,FedEx Logistics,delivered,2024-10-13 19:00:53+00,2024-10-08 19:00:53+00,2024-10-12 14:17:15+00,"Pune, India",2024-10-05 17:51:45+00,2025-01-02 09:00:55+00
c056dd77-0870-5b84-9126-9edfb74df225,,b0a7719d-51cd-5e7d-8e3d-67cc571130e0,915b9517-c3e0-56bb-9f5b-959c6c507cc4,cc517f64-7f32-579e-b389-a1c5ed19952f,DHL Freight,delivered,2024-08-21 09:33:08+00,2024-08-12 09:33:08+00,2024-08-29 10:08:42+00,"Austin, USA",2024-08-09 02:05:10+00,2025-01-02 09:14:58+00
af5d41ab-5338-5ae5-a90c-4b17eb5452a9,,05f60979-948c-56c4-8971-f733be532412,6400998a-1542-5bd0-baca-290648d04849,fc3950c4-1f71-5df6-b848-caa141dfd9ff,DHL Freight,delivered,2024-09-27 22:25:38+00,2024-09-18 22:25:38+00,2024-09-27 00:57:09+00,"Monterrey, Mexico",2024-09-18 21:18:29+00,2025-01-02 09:05:28+00
4ac3b3c0-949c-52d2-b28f-f48b133a2a67,,3bd995d9-5386-5200-b14c-337fc57a8bb6,6d6d0a34-9f5e-59b5-8834-675b7c7c4f20,5c4c9cf7-79c9-5024-aaf9-69fa7ad3b2e5,DB Schenker,delivered,2024-10-26 00:37:38+00,2024-10-17 00:37:38+00,2024-11-02 00:50:31+00,"Pune, India",2024-10-14 17:19:31+00,2025-01-02 09:10:25+00
d71ffef4-7af7-5d45-bf89-1591f30f128e,,8f2d7823-5353-55b7-99c5-837cbc771d58,8517ed2a-3738-5e12-a1bc-f0e872fd3d71,345d0c25-e291-5869-8530-e27ee66add5d,DHL Freight,delivered,2024-12-27 08:42:44+00,2024-12-24 08:42:44+00,2024-12-27 05:17:29+00,"Shenzhen, China",2024-12-23 00:14:05+00,2025-01-02 09:15:48+00
f90b2710-1649-581b-8a8b-3fdc5c8247ac,,3bd995d9-5386-5200-b14c-337fc57a8bb6,81c0642e-2463-5abd-ae26-b4b567d51419,62d008d8-47d8-57d6-87b1-d2536327995a,FedEx Logistics,delivered,2024-03-19 03:52:04+00,2024-03-16 03:52:04+00,2024-03-18 10:20:10+00,"Pune, India",2024-03-14 21:37:39+00,2025-01-02 09:13:25+00
c90af736-0e5d-5d50-b6be-f6751f889f23,,8f2d7823-5353-55b7-99c5-837cbc771d58,42ad692d-b82d-5a13-91a1-a9fd0fcaf73b,b6dc1e62-fca4-54b4-8f1c-624ecd6efc08,FedEx Logistics,delivered,2024-11-13 17:35:58+00,2024-11-07 17:35:58+00,2024-11-12 17:54:57+00,"Shenzhen, China",2024-11-07 14:24:09+00,2025-01-02 09:13:12+00
aaf30505-6c74-5a23-9068-cc853f6f4b49,,05f60979-948c-56c4-8971-f733be532412,6400998a-1542-5bd0-baca-290648d04849,1a4d02d5-651b-5dca-b6e1-8b9d5b7fa99c,FedEx Logistics,delivered,2024-03-25 21:45:32+00,2024-03-22 21:45:32+00,2024-03-25 06:53:56+00,"Monterrey, Mexico",2024-03-20 12:14:34+00,2025-01-02 09:23:32+00
cb42aa87-3e05-5681-810b-7a85727beb0d,,8f2d7823-5353-55b7-99c5-837cbc771d58,6d6d0a34-9f5e-59b5-8834-675b7c7c4f20,b2701f20-0642-5459-9c9a-b51b2104b5af,DB Schenker,delivered,2024-11-03 02:10:55+00,2024-10-28 02:10:55+00,2024-11-02 00:29:24+00,"Shenzhen, China",2024-10-27 23:44:44+00,2025-01-02 09:00:20+00
65196e52-df4b-58b7-ab1d-051562864a0c,,3bd995d9-5386-5200-b14c-337fc57a8bb6,8517ed2a-3738-5e12-a1bc-f0e872fd3d71,cb7c6acc-accd-5261-964e-39240431592a,FedEx Logistics,delivered,2024-12-02 11:03:16+00,2024-11-28 11:03:16+00,2024-12-01 20:33:31+00,"Pune, India",2024-11-28 01:29:35+00,2025-01-02 09:12:11+00
c4bf59bb-ca18-5b29-a65d-b4c0a65f0190,,b0a7719d-51cd-5e7d-8e3d-67cc571130e0,6d6d0a34-9f5e-59b5-8834-675b7c7c4f20,45e97d30-c6e6-5e8a-b16f-02c73da998f7,DHL Freight,delivered,2024-11-05 00:24:09+00,2024-10-28 00:24:09+00,2024-11-04 10:25:06+00,"Austin, USA",2024-10-26 17:04:46+00,2025-01-02 09:26:27+00
74650df4-2238-544f-9ce2-427d4a33d0c3,,b0a7719d-51cd-5e7d-8e3d-67cc571130e0,6400998a-1542-5bd0-baca-290648d04849,787fbb2f-146b-5e54-bcac-b68ddd739d53,DHL Freight,delivered,2024-07-18 04:50:04+00,2024-07-11 04:50:04+00,2024-07-17 02:18:40+00,"Austin, USA",2024-07-09 00:15:05+00,2025-01-02 09:24:31+00
ff9c5281-124d-5af1-b309-54c1b5722380,,b0a7719d-51cd-5e7d-8e3d-67cc571130e0,6400998a-1542-5bd0-baca-290648d04849,5a5a8067-deff-5274-93db-24a8ce9cf652,DHL Freight,delivered,2024-10-12 22:23:23+00,2024-10-07 22:23:23+00,2024-10-14 22:25:45+00,"Austin, USA",2024-10-06 21:05:30+00,2025-01-02 09:07:26+00
8aab5f8b-e8f3-57dc-a770-a6acc5ef65bb,,3bd995d9-5386-5200-b14c-337fc57a8bb6,42ad692d-b82d-5a13-91a1-a9fd0fcaf73b,bde9edb5-5629-5fd0-ad20-11f2696a13d6,DHL Freight,delivered,2024-09-05 21:09:46+00,2024-08-31 21:09:46+00,2024-09-05 06:50:09+00,"Pune, India",2024-08-31 20:05:55+00,2025-01-02 09:02:26+00
911a277e-884c-5515-b234-270f09de9413,,3bd995d9-5386-5200-b14c-337fc57a8bb6,22113422-0935-5ebd-b323-7908c0e6bfd5,a46a8f2d-0e0a-502b-9c47-4b33c148db4c,FedEx Logistics,delivered,2024-07-06 23:38:44+00,2024-07-01 23:38:44+00,2024-07-06 04:59:51+00,"Pune, India",2024-07-01 21:56:19+00,2025-01-02 09:28:41+00
a2043dd2-e7be-56a5-8b58-68617887bb65,,8f2d7823-5353-55b7-99c5-837cbc771d58,8517ed2a-3738-5e12-a1bc-f0e872fd3d71,e62ee65a-f5fe-509c-8793-535d397d5709,DHL Freight,delivered,2024-11-18 03:35:31+00,2024-11-09 03:35:31+00,2024-11-17 11:07:55+00,"Shenzhen, China",2024-11-06 01:55:26+00,2025-01-02 09:07:26+00
4799a05e-fa15-557d-94cb-c91785ede43e,,05f60979-948c-56c4-8971-f733be532412,6400998a-1542-5bd0-baca-290648d04849,e7cd76f0-2a70-57ff-9f0e-3bd56dd46c5f,DB Schenker,delivered,2024-03-05 01:27:42+00,2024-02-28 01:27:42+00,2024-03-09 01:37:32+00,"Monterrey, Mexico",2024-02-26 22:02:14+00,2025-01-02 09:21:03+00
6ee92775-c2da-55ee-a94d-c7ee5d28a32a,,b0a7719d-51cd-5e7d-8e3d-67cc571130e0,6400998a-1542-5bd0-baca-290648d04849,5f40649a-c564-55a5-8f1e-f97a8c27c3f9,DB Schenker,delivered,2024-09-15 19:07:55+00,2024-09-11 19:07:55+00,2024-09-15 00:11:26+00,"Austin, USA",2024-09-08 17:00:34+00,2025-01-02 09:24:00+00
0e93a16c-4d09-5ef2-b116-e820066b54fa,,8f2d7823-5353-55b7-99c5-837cbc771d58,915b9517-c3e0-56bb-9f5b-959c6c507cc4,56d98837-91f0-5f86-b256-bb5ef8cea516,DB Schenker,delivered,2024-10-28 19:08:56+00,2024-10-22 19:08:56+00,2024-10-28 15:46:13+00,"Shenzhen, China",2024-10-19 15:05:31+00,2025-01-02 09:16:24+00
a5b37a0b-676c-5d24-8b37-b9093c5d6f0d,,b0a7719d-51cd-5e7d-8e3d-67cc571130e0,81c0642e-2463-5abd-ae26-b4b567d51419,4893eaf0-dfb6-5585-a736-2db82173d2e9,DHL Freight,delivered,2024-06-18 07:53:39+00,2024-06-09 07:53:39+00,2024-06-17 07:21:55+00,"Austin, USA",2024-06-09 01:37:31+00,2025-01-02 09:25:49+00
530bc949-60d1-5928-bfca-4459e611a44d,,b0a7719d-51cd-5e7d-8e3d-67cc571130e0,22113422-0935-5ebd-b323-7908c0e6bfd5,42121a1d-9447-5560-8570-89599def6164,FedEx Logistics,delivered,2024-06-02 01:50:21+00,2024-05-29 01:50:21+00,2024-06-01 07:11:43+00,"Austin, USA",2024-05-29 00:27:13+00,2025-01-02 09:18:03+00
15921616-59e3-5ff9-8927-8b5970222169,,05f60979-948c-56c4-8971-f733be532412,915b9517-c3e0-56bb-9f5b-959c6c507cc4,f6df1ccd-4df5-5f76-bf7b-ac3fbd2202ee,DHL Freight,delivered,2024-05-07 21:10:54+00,2024-05-03 21:10:54+00,2024-05-07 07:17:00+00,"Monterrey, Mexico",2024-05-03 19:39:25+00,2025-01-02 09:07:09+00
f7af5318-2aa0-5644-9586-a9aa6a0b302d,,3bd995d9-5386-5200-b14c-337fc57a8bb6,6400998a-1542-5bd0-baca-290648d04849,04aa960a-dd57-56ce-9192-97916b746398,FedEx Logistics,delivered,2024-02-14 20:31:47+00,2024-02-10 20:31:47+00,2024-02-14 09:10:26+00,"Pune, India",2024-02-10 18:17:51+00,2025-01-02 09:15:46+00
5988b59b-1edc-5a16-9f41-357f60d50488,,3bd995d9-5386-5200-b14c-337fc57a8bb6,42ad692d-b82d-5a13-91a1-a9fd0fcaf73b,3d357a77-1233-5bc3-8ea5-b81d4e960fec,DHL Freight,delivered,2024-09-06 02:38:46+00,2024-08-29 02:38:46+00,2024-09-16 02:57:50+00,"Pune, India",2024-08-25 23:26:06+00,2025-01-02 09:09:41+00
272a5b91-1b3b-5991-8b30-b342bdf58ec7,,b0a7719d-51cd-5e7d-8e3d-67cc571130e0,8517ed2a-3738-5e12-a1bc-f0e872fd3d71,139ee614-d792-593b-b5e0-883d537c6977,DB Schenker,delivered,2024-10-13 04:15:12+00,2024-10-09 04:15:12+00,2024-10-12 19:31:55+00,"Austin, USA",2024-10-08 20:14:47+00,2025-01-02 09:16:18+00
ec9ee006-995c-585d-8086-6d9e25b2b58b,,8f2d7823-5353-55b7-99c5-837cbc771d58,915b9517-c3e0-56bb-9f5b-959c6c507cc4,df90a4c6-7ffb-5199-93bf-753da446a138,FedEx Logistics,delivered,2024-10-08 04:34:57+00,2024-10-03 04:34:57+00,2024-10-11 04:47:18+00,"Shenzhen, China",2024-10-01 22:25:07+00,2025-01-02 09:12:50+00
755e85f1-4695-54a8-9e7d-3935e93b7aa8,,b0a7719d-51cd-5e7d-8e3d-67cc571130e0,915b9517-c3e0-56bb-9f5b-959c6c507cc4,eab894dc-1a7a-5bf4-86bf-d07c9f526b71,DB Schenker,delivered,2024-10-14 14:10:04+00,2024-10-06 14:10:04+00,2024-10-13 23:22:22+00,"Austin, USA",2024-10-04 08:39:37+00,2025-01-02 09:12:57+00
9a8315cc-fd9a-5528-a7c0-80b6c35a35fb,,b0a7719d-51cd-5e7d-8e3d-67cc571130e0,22113422-0935-5ebd-b323-7908c0e6bfd5,27a51ada-bd52-57f9-9e78-51c0aae6b42a,DB Schenker,delivered,2024-09-21 22:56:42+00,2024-09-17 22:56:42+00,2024-09-21 19:28:48+00,"Austin, USA",2024-09-15 16:50:16+00,2025-01-02 09:27:04+00
36c03012-9dfc-57f6-971b-0ff5eeffc19f,,05f60979-948c-56c4-8971-f733be532412,42ad692d-b82d-5a13-91a1-a9fd0fcaf73b,8e6ad690-9b0a-5894-886b-ff83fb86a838,DB Schenker,delivered,2024-04-29 21:22:34+00,2024-04-20 21:22:34+00,2024-04-28 19:47:04+00,"Monterrey, Mexico",2024-04-20 18:04:07+00,2025-01-02 09:24:38+00
78a56e44-006e-5a90-844d-052282ea1765,,05f60979-948c-56c4-8971-f733be532412,6400998a-1542-5bd0-baca-290648d04849,8daeac10-fbb2-55e0-befd-2b48986995d3,FedEx Logistics,delivered,2024-09-06 12:10:46+00,2024-09-03 12:10:46+00,2024-09-06 02:47:25+00,"Monterrey, Mexico",2024-09-03 09:31:31+00,2025-01-02 09:20:35+00
3a32960e-cd30-5c5d-823f-680496787153,,8f2d7823-5353-55b7-99c5-837cbc771d58,42ad692d-b82d-5a13-91a1-a9fd0fcaf73b,8b243bb7-04f4-5290-9ad9-159e63e7ed96,FedEx Logistics,delivered,2025-01-01 04:50:52+00,2024-12-25 04:50:52+00,2024-12-31 12:20:04+00,"Shenzhen, China",2024-12-22 19:22:38+00,2025-01-02 09:26:41+00
af3bb6bf-b784-51a8-b8a6-ac4af24739d4,,8f2d7823-5353-55b7-99c5-837cbc771d58,22113422-0935-5ebd-b323-7908c0e6bfd5,a88fa986-a878-5994-b2a2-75a13f1abfdf,DHL Freight,delivered,2024-03-11 22:37:55+00,2024-03-05 22:37:55+00,2024-03-11 14:09:03+00,"Shenzhen, China",2024-03-05 21:03:47+00,2025-01-02 09:07:39+00
ab64355a-05a5-5ecd-81d3-6afc593973e0,,3bd995d9-5386-5200-b14c-337fc57a8bb6,6400998a-1542-5bd0-baca-290648d04849,54566af7-194d-5281-95a2-ad4a35355893,DB Schenker,delivered,2024-04-21 20:53:15+00,2024-04-14 20:53:15+00,2024-04-20 18:31:58+00,"Pune, India",2024-04-14 19:19:46+00,2025-01-02 09:16:49+00
79eb4cd1-2cfc-506e-be51-817710fff255,,b0a7719d-51cd-5e7d-8e3d-67cc571130e0,42ad692d-b82d-5a13-91a1-a9fd0fcaf73b,af8df386-612b-5b41-b9a9-bf957384c072,DHL Freight,delivered,2024-06-24 06:06:23+00,2024-06-21 06:06:23+00,2024-06-23 10:15:06+00,"Austin, USA",2024-06-19 22:24:53+00,2025-01-02 09:16:07+00
0de4b368-989e-5334-ad11-fbef9d20fb45,,b0a7719d-51cd-5e7d-8e3d-67cc571130e0,6d6d0a34-9f5e-59b5-8834-675b7c7c4f20,66b6c336-aa2a-56a0-be38-4d5a828e78cd,DB Schenker,delivered,2024-04-24 01:53:33+00,2024-04-19 01:53:33+00,2024-04-24 01:27:58+00,"Austin, USA",2024-04-15 20:22:54+00,2025-01-02 09:24:50+00
4ec62196-7235-57bd-9187-14fbf5066b29,,05f60979-948c-56c4-8971-f733be532412,6400998a-1542-5bd0-baca-290648d04849,1cc9406e-0f07-50de-bb2d-8b99248c2f8d,DB Schenker,delivered,2024-08-27 03:46:32+00,2024-08-21 03:46:32+00,2024-09-05 03:57:53+00,"Monterrey, Mexico",2024-08-18 20:33:45+00,2025-01-02 09:16:26+00
0dfba5ae-3bf1-5d9c-9098-dff71a3973c2,,8f2d7823-5353-55b7-99c5-837cbc771d58,915b9517-c3e0-56bb-9f5b-959c6c507cc4,2ba4ada2-2a17-55f1-bc6e-5ef8f4fce01b,DHL Freight,delivered,2024-09-26 20:57:50+00,2024-09-21 20:57:50+00,2024-09-28 21:25:21+00,"Shenzhen, China",2024-09-21 16:42:58+00,2025-01-02 09:26:54+00
234b6375-594b-54a9-a985-7d9b2c41ca0d,,05f60979-948c-56c4-8971-f733be532412,81c0642e-2463-5abd-ae26-b4b567d51419,51571f04-3b5d-5a11-bbf6-dd0429c51001,DHL Freight,delivered,2024-04-11 20:08:23+00,2024-04-08 20:08:23+00,2024-04-10 19:08:33+00,"Monterrey, Mexico",2024-04-08 17:51:11+00,2025-01-02 09:06:19+00
5bdfb105-214f-52af-abec-bdd70d41d8f2,,05f60979-948c-56c4-8971-f733be532412,a71f4bf4-a78e-5fa3-a8bd-e34ee2c97dcd,f9b0e01f-2caa-530f-be90-30220fe45fc3,DB Schenker,delivered,2024-10-27 23:48:20+00,2024-10-18 23:48:20+00,2024-10-27 18:19:30+00,"Monterrey, Mexico",2024-10-17 19:38:52+00,2025-01-02 09:10:24+00
32bbc82e-0b2f-57b9-abe8-af72ff72a87a,,b0a7719d-51cd-5e7d-8e3d-67cc571130e0,22113422-0935-5ebd-b323-7908c0e6bfd5,1082ba17-9e62-5db5-95f3-3821bb861c5b,DB Schenker,delivered,2024-05-14 07:32:57+00,2024-05-06 07:32:57+00,2024-05-13 08:55:56+00,"Austin, USA",2024-05-06 00:32:21+00,2025-01-02 09:26:20+00
c8052cf8-e5df-53dd-8a02-9e2cb97aa6f8,,05f60979-948c-56c4-8971-f733be532412,22113422-0935-5ebd-b323-7908c0e6bfd5,bba20bc2-c8b2-53ff-bf42-c803433ef901,FedEx Logistics,delivered,2024-11-02 23:04:03+00,2024-10-27 23:04:03+00,2024-11-12 23:19:00+00,"Monterrey, Mexico",2024-10-24 19:01:17+00,2025-01-02 09:25:26+00
16617d34-f367-52b2-b422-5a6307a135eb,,c981f5ef-8774-5129-b83a-c9448b008bfa,8517ed2a-3738-5e12-a1bc-f0e872fd3d71,1343e246-c255-52d5-a03a-7712ba7ec40c,FedEx Logistics,delivered,2024-07-19 07:57:36+00,2024-07-16 07:57:36+00,2024-07-18 15:41:41+00,"Stuttgart, Germany",2024-07-16 01:51:18+00,2025-01-02 09:06:00+00
4d526e48-4d80-5cc5-9846-48683761fefd,,8f2d7823-5353-55b7-99c5-837cbc771d58,a71f4bf4-a78e-5fa3-a8bd-e34ee2c97dcd,cac99288-24c5-55ef-88d9-8c0668039d37,DB Schenker,delivered,2024-07-02 22:17:10+00,2024-06-28 22:17:10+00,2024-07-02 14:17:59+00,"Shenzhen, China",2024-06-26 19:15:56+00,2025-01-02 09:08:46+00
b661ab5d-e6cd-5c75-90dc-450ae6650233,,c981f5ef-8774-5129-b83a-c9448b008bfa,915b9517-c3e0-56bb-9f5b-959c6c507cc4,0eb6026d-5a12-5a0f-a72f-fc0adbab5683,DHL Freight,delivered,2024-10-26 17:05:25+00,2024-10-21 17:05:25+00,2024-10-25 11:44:39+00,"Stuttgart, Germany",2024-10-18 15:34:57+00,2025-01-02 09:05:45+00
bbf21213-8856-5749-af9c-17e020fd7cda,,05f60979-948c-56c4-8971-f733be532412,a71f4bf4-a78e-5fa3-a8bd-e34ee2c97dcd,bccd890f-6672-521e-92c4-ee185254f941,DB Schenker,delivered,2024-03-10 07:22:37+00,2024-03-02 07:22:37+00,2024-03-10 06:29:08+00,"Monterrey, Mexico",2024-02-27 23:52:29+00,2025-01-02 09:16:28+00
0e423ec5-0c36-52f1-9afd-1646cc9fec2b,,8f2d7823-5353-55b7-99c5-837cbc771d58,42ad692d-b82d-5a13-91a1-a9fd0fcaf73b,08dd21c6-1df1-5673-b73a-38c034821940,DB Schenker,delivered,2024-10-13 21:31:24+00,2024-10-05 21:31:24+00,2024-10-13 17:40:48+00,"Shenzhen, China",2024-10-04 12:25:09+00,2025-01-02 09:17:24+00
6def08a0-ca5c-55dc-bc95-a71d85631751,,3bd995d9-5386-5200-b14c-337fc57a8bb6,a71f4bf4-a78e-5fa3-a8bd-e34ee2c97dcd,f3521edf-0978-5ee4-b82e-b06420cdbcae,DB Schenker,delivered,2024-09-14 15:52:32+00,2024-09-05 15:52:32+00,2024-09-21 15:57:18+00,"Pune, India",2024-09-05 12:25:51+00,2025-01-02 09:10:38+00
d7f37709-fe59-5f06-b51e-86af51ec3359,,3bd995d9-5386-5200-b14c-337fc57a8bb6,6d6d0a34-9f5e-59b5-8834-675b7c7c4f20,f9487762-39f6-57a6-83b9-26923f7276ab,FedEx Logistics,delivered,2024-07-10 05:58:54+00,2024-07-06 05:58:54+00,2024-07-09 01:14:04+00,"Pune, India",2024-07-04 22:37:38+00,2025-01-02 09:26:42+00
e253a7c9-b182-5da0-912c-36dcb17066f0,,b0a7719d-51cd-5e7d-8e3d-67cc571130e0,6d6d0a34-9f5e-59b5-8834-675b7c7c4f20,850e12e8-fd41-51ad-baac-1504c67ded2e,DHL Freight,delivered,2024-03-19 19:21:34+00,2024-03-14 19:21:34+00,2024-03-19 02:44:13+00,"Austin, USA",2024-03-13 16:43:21+00,2025-01-02 09:23:36+00
546a2aa6-b8b7-5da6-a47c-3fb091e60c44,,8f2d7823-5353-55b7-99c5-837cbc771d58,81c0642e-2463-5abd-ae26-b4b567d51419,3529d45f-243d-5fd4-9e28-60a38ac51da9,DHL Freight,delivered,2024-10-07 20:49:28+00,2024-09-29 20:49:28+00,2024-10-29 20:57:16+00,"Shenzhen, China",2024-09-27 14:10:56+00,2025-01-02 09:02:27+00
d708caf5-668a-59d3-9d14-1c66ba887457,,05f60979-948c-56c4-8971-f733be532412,22113422-0935-5ebd-b323-7908c0e6bfd5,47042fb1-bdf4-5616-bb96-a53bf19573d1,DHL Freight,delivered,2024-09-29 12:57:29+00,2024-09-24 12:57:29+00,2024-10-06 13:28:46+00,"Monterrey, Mexico",2024-09-21 11:53:49+00,2025-01-02 09:06:00+00
1231bd77-fe86-5423-88ee-30445a2383a2,,05f60979-948c-56c4-8971-f733be532412,a71f4bf4-a78e-5fa3-a8bd-e34ee2c97dcd,84e3b06e-07e3-5949-b84a-844c1d6c70b2,DHL Freight,delivered,2024-10-17 18:28:19+00,2024-10-10 18:28:19+00,2024-10-24 18:45:58+00,"Monterrey, Mexico",2024-10-07 16:04:22+00,2025-01-02 09:28:53+00
9767a6f8-bd4c-50e9-bb19-14d7ca537614,,8f2d7823-5353-55b7-99c5-837cbc771d58,42ad692d-b82d-5a13-91a1-a9fd0fcaf73b,22553629-c6cf-571b-bc0b-4a6d96fedcad,DB Schenker,delivered,2024-09-21 20:00:40+00,2024-09-17 20:00:40+00,2024-09-21 11:26:48+00,"Shenzhen, China",2024-09-14 12:45:44+00,2025-01-02 09:18:23+00
a645e651-1a66-5904-83fd-5347389cbaaf,,05f60979-948c-56c4-8971-f733be532412,a71f4bf4-a78e-5fa3-a8bd-e34ee2c97dcd,cf6b5df8-67c6-54f4-975f-6283b034936b,DHL Freight,delivered,2024-11-02 16:24:02+00,2024-10-30 16:24:02+00,2024-11-02 12:41:44+00,"Monterrey, Mexico",2024-10-27 12:02:56+00,2025-01-02 09:22:46+00
2c7a3a1c-4abf-55e6-bdcd-6cfb2e1e18d8,,3bd995d9-5386-5200-b14c-337fc57a8bb6,915b9517-c3e0-56bb-9f5b-959c6c507cc4,aedcc769-4555-5b9c-9fbb-5147ff6819ef,DHL Freight,delivered,2024-04-14 21:27:07+00,2024-04-08 21:27:07+00,2024-04-13 22:35:43+00,"Pune, India",2024-04-07 18:05:26+00,2025-01-02 09:16:46+00
ea957819-bcf0-5963-964e-51aa4ba120ae,,3bd995d9-5386-5200-b14c-337fc57a8bb6,42ad692d-b82d-5a13-91a1-a9fd0fcaf73b,15d48fd0-7ab6-527a-9252-cf029a69753b,FedEx Logistics,delivered,2024-06-08 03:59:12+00,2024-06-05 03:59:12+00,2024-06-06 23:26:31+00,"Pune, India",2024-06-01 20:32:46+00,2025-01-02 09:21:51+00
aed3c621-9da9-5f09-b29f-75b546b45991,,c981f5ef-8774-5129-b83a-c9448b008bfa,6d6d0a34-9f5e-59b5-8834-675b7c7c4f20,b84f6e13-7145-5a1b-b914-5b1a3e6b1b9b,FedEx Logistics,delivered,2024-10-03 23:09:18+00,2024-09-27 23:09:18+00,2024-10-03 14:41:36+00,"Stuttgart, Germany",2024-09-24 13:50:54+00,2025-01-02 09:14:04+00
f0e11302-9e94-5801-84b4-5c51047e8c70,,05f60979-948c-56c4-8971-f733be532412,a71f4bf4-a78e-5fa3-a8bd-e34ee2c97dcd,a7ee03db-ca72-5be2-a532-3b45980a3ead,DB Schenker,delivered,2024-02-28 01:24:40+00,2024-02-25 01:24:40+00,2024-03-02 01:57:39+00,"Monterrey, Mexico",2024-02-23 19:23:39+00,2025-01-02 09:26:17+00
9b59973e-351b-5101-b4bc-0e41dbec5908,,05f60979-948c-56c4-8971-f733be532412,8517ed2a-3738-5e12-a1bc-f0e872fd3d71,92d5d588-8724-5669-aca4-f9d70611526d,DHL Freight,delivered,2024-04-07 06:32:58+00,2024-04-02 06:32:58+00,2024-04-06 00:40:30+00,"Monterrey, Mexico",2024-03-30 23:07:09+00,2025-01-02 09:26:47+00
ba87a494-6fe0-5ebc-8ab9-1a3a77c5722b,,8f2d7823-5353-55b7-99c5-837cbc771d58,8517ed2a-3738-5e12-a1bc-f0e872fd3d71,391e82ff-dd9d-50c8-a159-1d3daf184f28,FedEx Logistics,delivered,2024-11-02 05:31:32+00,2024-10-24 05:31:32+00,2024-11-01 04:43:16+00,"Shenzhen, China",2024-10-22 02:07:11+00,2025-01-02 09:03:37+00
04349d45-d6a4-5985-b826-556d034708c7,,b0a7719d-51cd-5e7d-8e3d-67cc571130e0,42ad692d-b82d-5a13-91a1-a9fd0fcaf73b,aacc5c64-c675-5f14-aeec-56a0780cbf9a,FedEx Logistics,delivered,2024-10-11 03:42:05+00,2024-10-03 03:42:05+00,2024-10-10 22:19:24+00,"Austin, USA",2024-10-03 01:00:17+00,2025-01-02 09:04:33+00
2a025639-e267-5243-ab0f-f3ecdbd29246,,05f60979-948c-56c4-8971-f733be532412,8517ed2a-3738-5e12-a1bc-f0e872fd3d71,1a2807a3-1823-57ac-b733-8a893a029fc4,FedEx Logistics,delivered,2024-09-26 19:52:34+00,2024-09-22 19:52:34+00,2024-10-14 20:26:43+00,"Monterrey, Mexico",2024-09-19 15:31:38+00,2025-01-02 09:25:44+00
2447c18e-d3a1-5876-8126-c45b40ab16b7,,b0a7719d-51cd-5e7d-8e3d-67cc571130e0,81c0642e-2463-5abd-ae26-b4b567d51419,d65387b1-2a5b-5cb2-aa9b-583590f2b964,FedEx Logistics,delivered,2024-10-04 04:29:43+00,2024-09-27 04:29:43+00,2024-10-04 04:53:25+00,"Austin, USA",2024-09-23 21:12:00+00,2025-01-02 09:25:07+00
2d82674c-1c49-5420-bbb3-25403444feeb,,c981f5ef-8774-5129-b83a-c9448b008bfa,6d6d0a34-9f5e-59b5-8834-675b7c7c4f20,5526b65f-f972-5e21-b128-42d550edd098,FedEx Logistics,delivered,2024-05-25 21:00:17+00,2024-05-21 21:00:17+00,2024-05-25 21:08:22+00,"Stuttgart, Germany",2024-05-19 18:47:34+00,2025-01-02 09:17:13+00
351630fe-7a69-50e8-9ef7-dc32b0f216a3,,3bd995d9-5386-5200-b14c-337fc57a8bb6,8517ed2a-3738-5e12-a1bc-f0e872fd3d71,361b5b89-f2ce-5aa6-bf82-c67b81dfec98,DB Schenker,delivered,2024-03-27 21:20:17+00,2024-03-19 21:20:17+00,2024-03-27 19:04:06+00,"Pune, India",2024-03-16 20:03:56+00,2025-01-02 09:04:56+00
e292f42c-5cf3-56ee-93fe-f2c18cc3f953,,05f60979-948c-56c4-8971-f733be532412,81c0642e-2463-5abd-ae26-b4b567d51419,5303c392-1d52-5ddf-b805-3f31f9060e71,DHL Freight,delivered,2024-07-30 08:22:50+00,2024-07-27 08:22:50+00,2024-07-29 14:04:05+00,"Monterrey, Mexico",2024-07-26 23:45:15+00,2025-01-02 09:14:33+00
4d506d3e-790a-52ce-b6cd-bfd1f3661923,,b0a7719d-51cd-5e7d-8e3d-67cc571130e0,81c0642e-2463-5abd-ae26-b4b567d51419,a25605ef-a1eb-5ce4-9a96-728644e5475c,DHL Freight,delivered,2024-02-21 05:02:27+00,2024-02-18 05:02:27+00,2024-02-20 05:36:20+00,"Austin, USA",2024-02-15 20:54:29+00,2025-01-02 09:03:36+00
ed3a84c2-d4ac-535d-93c2-eec7b6ac02d7,,8f2d7823-5353-55b7-99c5-837cbc771d58,8517ed2a-3738-5e12-a1bc-f0e872fd3d71,34ee6f66-c4a9-5569-acf6-5258c41e0c4c,DB Schenker,delivered,2024-09-17 20:12:07+00,2024-09-10 20:12:07+00,2024-09-16 16:22:44+00,"Shenzhen, China",2024-09-10 17:29:06+00,2025-01-02 09:05:26+00
a03ce4c2-3920-501f-9af5-41cd5f8cfac2,,3bd995d9-5386-5200-b14c-337fc57a8bb6,22113422-0935-5ebd-b323-7908c0e6bfd5,dde47e5f-0fd3-5735-b549-ec142ab04dfa,DHL Freight,delivered,2024-01-20 04:56:56+00,2024-01-12 04:56:56+00,2024-01-19 02:40:21+00,"Pune, India",2024-01-10 02:17:13+00,2025-01-02 09:09:32+00
ac7da3f9-9321-5d81-9735-a552e5cdcf4a,,c981f5ef-8774-5129-b83a-c9448b008bfa,6400998a-1542-5bd0-baca-290648d04849,980937b8-4365-556d-80c9-678fa658e933,FedEx Logistics,delivered,2024-10-07 16:28:30+00,2024-10-04 16:28:30+00,2024-10-07 06:43:45+00,"Stuttgart, Germany",2024-10-04 14:14:27+00,2025-01-02 09:28:29+00
443aca7b-4424-5a05-bc93-323e75973905,,3bd995d9-5386-5200-b14c-337fc57a8bb6,6d6d0a34-9f5e-59b5-8834-675b7c7c4f20,54438693-595e-5779-89e8-015747d5ed4a,DHL Freight,delivered,2024-06-10 06:02:48+00,2024-06-04 06:02:48+00,2024-06-09 06:34:44+00,"Pune, India",2024-05-31 21:02:34+00,2025-01-02 09:24:22+00
408b0f46-b978-540c-9be8-9fa3d937593c,,8f2d7823-5353-55b7-99c5-837cbc771d58,81c0642e-2463-5abd-ae26-b4b567d51419,b8e24065-58b4-5073-8c32-66e6cc7a4556,FedEx Logistics,delivered,2024-02-04 05:17:06+00,2024-02-01 05:17:06+00,2024-02-03 13:24:40+00,"Shenzhen, China",2024-01-31 22:15:14+00,2025-01-02 09:19:54+00
af726b07-b87b-59c9-a829-ec88472478b5,,05f60979-948c-56c4-8971-f733be532412,a71f4bf4-a78e-5fa3-a8bd-e34ee2c97dcd,b826d4d3-53fe-5b2d-9519-7c15fb47d408,DHL Freight,delivered,2024-07-08 22:57:38+00,2024-07-04 22:57:38+00,2024-07-08 20:34:11+00,"Monterrey, Mexico",2024-07-01 17:24:48+00,2025-01-02 09:20:54+00
5273b90b-e421-5d33-a716-84f3b770dd36,,b0a7719d-51cd-5e7d-8e3d-67cc571130e0,915b9517-c3e0-56bb-9f5b-959c6c507cc4,55a347d8-26c8-52c9-b688-8ce2ef9ffe0d,DHL Freight,delivered,2024-05-15 21:22:03+00,2024-05-09 21:22:03+00,2024-05-15 04:23:04+00,"Austin, USA",2024-05-09 20:09:38+00,2025-01-02 09:29:34+00
169ec913-1735-5e13-a285-066ed8015daf,,c981f5ef-8774-5129-b83a-c9448b008bfa,6400998a-1542-5bd0-baca-290648d04849,ecf1c61d-ccac-5f5b-93f1-cdb1f5f62984,FedEx Logistics,delivered,2024-04-25 03:06:21+00,2024-04-16 03:06:21+00,2024-04-30 03:26:21+00,"Stuttgart, Germany",2024-04-12 18:04:13+00,2025-01-02 09:28:38+00
e58f22f7-4e9d-58d0-8c0b-e4623f3c4c37,,05f60979-948c-56c4-8971-f733be532412,81c0642e-2463-5abd-ae26-b4b567d51419,dfc690ea-2b99-5851-9612-facbc9ace238,FedEx Logistics,delivered,2024-09-16 02:32:50+00,2024-09-12 02:32:50+00,2024-09-28 03:03:57+00,"Monterrey, Mexico",2024-09-11 18:52:54+00,2025-01-02 09:18:53+00
82bdcee2-5b2d-59a3-a2a7-8ef5e6ce51ba,,b0a7719d-51cd-5e7d-8e3d-67cc571130e0,8517ed2a-3738-5e12-a1bc-f0e872fd3d71,5b351462-c4a7-5e0c-8d4f-fe2aa4efa0ca,FedEx Logistics,delivered,2024-11-13 17:34:08+00,2024-11-04 17:34:08+00,2024-11-13 14:50:55+00,"Austin, USA",2024-11-02 15:04:19+00,2025-01-02 09:15:45+00
c82a9fb1-fde7-5705-b328-7db15d577410,,05f60979-948c-56c4-8971-f733be532412,6400998a-1542-5bd0-baca-290648d04849,dbb06fe8-f825-50aa-abda-6be2fabfe165,DHL Freight,delivered,2024-09-30 00:15:29+00,2024-09-25 00:15:29+00,2024-09-29 12:20:26+00,"Monterrey, Mexico",2024-09-24 16:55:08+00,2025-01-02 09:15:18+00
472114bf-4181-5025-a0f9-3b3d80fe19a3,,8f2d7823-5353-55b7-99c5-837cbc771d58,915b9517-c3e0-56bb-9f5b-959c6c507cc4,4f123db4-3834-5f80-b94f-bd19d06b3291,DHL Freight,delivered,2024-03-24 01:50:53+00,2024-03-19 01:50:53+00,2024-03-23 03:58:33+00,"Shenzhen, China",2024-03-16 22:31:38+00,2025-01-02 09:20:47+00
a003ccf5-7584-5a9b-af94-b2d49e745b7e,,b0a7719d-51cd-5e7d-8e3d-67cc571130e0,42ad692d-b82d-5a13-91a1-a9fd0fcaf73b,d6325876-740a-5c15-b01d-e0bc363b9f0d,DHL Freight,delivered,2024-11-22 21:42:46+00,2024-11-17 21:42:46+00,2024-11-22 22:03:20+00,"Austin, USA",2024-11-15 12:38:16+00,2025-01-02 09:19:21+00
9ec1eb96-11fd-5723-ae43-b0552fb00788,,b0a7719d-51cd-5e7d-8e3d-67cc571130e0,915b9517-c3e0-56bb-9f5b-959c6c507cc4,48eab87b-1552-59b1-a9c8-74d0bedcc18e,FedEx Logistics,delivered,2024-07-15 04:48:54+00,2024-07-06 04:48:54+00,2024-07-15 03:14:38+00,"Austin, USA",2024-07-06 01:42:01+00,2025-01-02 09:20:29+00
6cb5224b-0eb4-50e5-9583-303b9d2efd41,,05f60979-948c-56c4-8971-f733be532412,6400998a-1542-5bd0-baca-290648d04849,f5a9e076-58ac-5f6c-877e-448472652f0f,FedEx Logistics,delivered,2024-11-25 02:45:32+00,2024-11-17 02:45:32+00,2024-11-23 22:27:28+00,"Monterrey, Mexico",2024-11-13 22:29:46+00,2025-01-02 09:28:48+00
7d38b73c-3467-5c88-af4f-50f67d069a9a,,c981f5ef-8774-5129-b83a-c9448b008bfa,22113422-0935-5ebd-b323-7908c0e6bfd5,16ba7d05-9412-5ec7-9458-b6bba3cc6f1c,DHL Freight,delivered,2024-09-18 19:05:58+00,2024-09-15 19:05:58+00,2024-09-18 06:23:41+00,"Stuttgart, Germany",2024-09-15 16:47:07+00,2025-01-02 09:09:46+00
5fb8edf4-2d1a-58bf-ac97-c354df743b3c,,c981f5ef-8774-5129-b83a-c9448b008bfa,915b9517-c3e0-56bb-9f5b-959c6c507cc4,63bfc2e8-b244-5958-b493-fa7d78d00f18,DB Schenker,delivered,2024-10-29 20:10:19+00,2024-10-20 20:10:19+00,2024-10-29 03:33:19+00,"Stuttgart, Germany",2024-10-17 17:48:29+00,2025-01-02 09:22:29+00
efe35a26-3fa3-59ff-99c3-46d39587527d,,b0a7719d-51cd-5e7d-8e3d-67cc571130e0,22113422-0935-5ebd-b323-7908c0e6bfd5,d73e5a9b-c13f-56cc-8d47-009b05409d61,DB Schenker,delivered,2024-10-03 08:12:51+00,2024-09-24 08:12:51+00,2024-10-03 04:28:50+00,"Austin, USA",2024-09-20 23:50:22+00,2025-01-02 09:28:22+00
20cd10f7-8ca1-5287-a77a-f3f8c65a33cf,,05f60979-948c-56c4-8971-f733be532412,a71f4bf4-a78e-5fa3-a8bd-e34ee2c97dcd,640791d0-84ee-5620-81a4-6fc66bb475d3,DHL Freight,delivered,2024-05-30 22:28:30+00,2024-05-25 22:28:30+00,2024-05-30 02:31:36+00,"Monterrey, Mexico",2024-05-23 19:02:49+00,2025-01-02 09:28:42+00
f50c935a-f9f9-5199-91c1-7dc71c798c17,,8f2d7823-5353-55b7-99c5-837cbc771d58,81c0642e-2463-5abd-ae26-b4b567d51419,2fcbec41-d2e6-5054-be28-abd6b2db9f18,DHL Freight,delivered,2024-11-15 01:34:47+00,2024-11-07 01:34:47+00,2024-11-14 13:00:01+00,"Shenzhen, China",2024-11-06 22:14:37+00,2025-01-02 09:17:14+00
a10dc853-7680-59e0-902f-02274a06081f,,b0a7719d-51cd-5e7d-8e3d-67cc571130e0,42ad692d-b82d-5a13-91a1-a9fd0fcaf73b,53b0e055-68cc-55d9-bc89-216b08455038,FedEx Logistics,delivered,2024-03-11 17:48:50+00,2024-03-07 17:48:50+00,2024-03-11 04:02:43+00,"Austin, USA",2024-03-05 15:18:42+00,2025-01-02 09:02:30+00
6c8a561c-f098-500b-ade4-3680e50e021a,,8f2d7823-5353-55b7-99c5-837cbc771d58,6400998a-1542-5bd0-baca-290648d04849,9d813b13-a5a3-5b18-8a22-78e52c41188b,DHL Freight,delivered,2024-07-30 04:03:46+00,2024-07-25 04:03:46+00,2024-07-29 04:19:27+00,"Shenzhen, China",2024-07-22 19:27:29+00,2025-01-02 09:19:53+00
4ab8dab8-6a59-5e00-829c-5588973d887c,,3bd995d9-5386-5200-b14c-337fc57a8bb6,6400998a-1542-5bd0-baca-290648d04849,0bb1f78f-459e-520c-a025-fcfc8e9448a6,DHL Freight,delivered,2024-04-10 00:24:57+00,2024-04-04 00:24:57+00,2024-04-12 00:29:55+00,"Pune, India",2024-04-01 19:48:46+00,2025-01-02 09:10:38+00
c9073cb1-68fe-5de4-835c-631869111900,,05f60979-948c-56c4-8971-f733be532412,6400998a-1542-5bd0-baca-290648d04849,dfac908d-ef95-51d3-bc82-aa132ee6f9d1,DB Schenker,delivered,2024-02-12 03:19:56+00,2024-02-08 03:19:56+00,2024-02-11 19:46:51+00,"Monterrey, Mexico",2024-02-07 23:41:32+00,2025-01-02 09:23:39+00
5bfc662f-8e4f-56ce-853a-0bca5905d4ac,,8f2d7823-5353-55b7-99c5-837cbc771d58,6400998a-1542-5bd0-baca-290648d04849,d2add22e-e9c5-584a-aae6-89e6a5207e01,FedEx Logistics,delivered,2024-01-14 18:24:16+00,2024-01-10 18:24:16+00,2024-01-14 10:33:33+00,"Shenzhen, China",2024-01-08 16:53:39+00,2025-01-02 09:29:09+00
2d103baf-1f58-59c8-84e6-11bee2cbc7eb,,b0a7719d-51cd-5e7d-8e3d-67cc571130e0,6400998a-1542-5bd0-baca-290648d04849,f9dff388-283a-5428-8e0f-42281e292e7c,DB Schenker,delivered,2024-06-30 20:22:26+00,2024-06-26 20:22:26+00,2024-06-30 14:59:52+00,"Austin, USA",2024-06-23 18:08:21+00,2025-01-02 09:01:16+00
8e326bb5-0378-589c-87a6-ec566fa66980,,3bd995d9-5386-5200-b14c-337fc57a8bb6,22113422-0935-5ebd-b323-7908c0e6bfd5,cdc6d9de-aa5f-5ce3-95f5-0b79b4f5ef66,FedEx Logistics,delivered,2024-03-08 08:54:56+00,2024-03-01 08:54:56+00,2024-03-07 07:27:22+00,"Pune, India",2024-02-28 23:25:30+00,2025-01-02 09:13:53+00
c33709ca-7782-54ff-b970-cedb64a8ab87,,3bd995d9-5386-5200-b14c-337fc57a8bb6,22113422-0935-5ebd-b323-7908c0e6bfd5,25f1c7d5-a91b-52bb-a8b3-b3b6708fe0c3,FedEx Logistics,delivered,2024-10-10 02:18:49+00,2024-10-03 02:18:49+00,2024-10-13 02:34:52+00,"Pune, India",2024-09-29 22:06:47+00,2025-01-02 09:24:07+00
58392ec4-150a-5e70-85df-57aeed7f40f9,,05f60979-948c-56c4-8971-f733be532412,a71f4bf4-a78e-5fa3-a8bd-e34ee2c97dcd,1cd6cc68-831e-58e3-a28e-6c8599a1a73f,DB Schenker,delivered,2024-11-07 15:46:59+00,2024-10-29 15:46:59+00,2024-11-07 14:09:19+00,"Monterrey, Mexico",2024-10-26 11:07:33+00,2025-01-02 09:18:49+00
a72e7eff-f836-5574-95f2-1aa5b339dada,,8f2d7823-5353-55b7-99c5-837cbc771d58,22113422-0935-5ebd-b323-7908c0e6bfd5,82ca1312-edf7-5753-a449-81aa2bf6fc85,FedEx Logistics,delivered,2024-09-16 03:58:07+00,2024-09-07 03:58:07+00,2024-09-15 15:28:51+00,"Shenzhen, China",2024-09-04 23:13:20+00,2025-01-02 09:04:09+00
1e6fc755-d704-5490-b8cf-893bd0ea7173,,b0a7719d-51cd-5e7d-8e3d-67cc571130e0,42ad692d-b82d-5a13-91a1-a9fd0fcaf73b,c430ef7b-fba8-5ee6-9381-a0192786a720,DB Schenker,delivered,2024-10-11 03:05:17+00,2024-10-05 03:05:17+00,2024-10-10 00:10:32+00,"Austin, USA",2024-10-02 20:47:54+00,2025-01-02 09:06:03+00
83758787-e6bd-5ac7-a1d9-c8f9a2fb6b7f,,05f60979-948c-56c4-8971-f733be532412,915b9517-c3e0-56bb-9f5b-959c6c507cc4,a0e3bb9a-ee6c-5b79-a08c-af8f7328804f,DB Schenker,delivered,2024-10-20 07:48:21+00,2024-10-15 07:48:21+00,2024-10-19 08:57:14+00,"Monterrey, Mexico",2024-10-13 23:34:01+00,2025-01-02 09:28:54+00
79dc6690-20f8-5694-8207-6b43a5e3885b,,3bd995d9-5386-5200-b14c-337fc57a8bb6,42ad692d-b82d-5a13-91a1-a9fd0fcaf73b,19144981-82fe-5875-8063-320fbe2a1e22,DHL Freight,delivered,2024-10-03 14:22:59+00,2024-09-25 14:22:59+00,2024-10-20 14:56:26+00,"Pune, India",2024-09-24 10:50:05+00,2025-01-02 09:15:38+00
41889be7-638f-53c0-a464-b426e034fddc,,c981f5ef-8774-5129-b83a-c9448b008bfa,8517ed2a-3738-5e12-a1bc-f0e872fd3d71,302f8722-ce2b-5d05-a9d6-abdd36a5eadc,FedEx Logistics,delivered,2024-07-13 21:58:31+00,2024-07-09 21:58:31+00,2024-07-13 11:06:18+00,"Stuttgart, Germany",2024-07-07 18:16:25+00,2025-01-02 09:11:50+00
942aa84a-83d1-5dbc-ab95-c47cc0227357,,3bd995d9-5386-5200-b14c-337fc57a8bb6,22113422-0935-5ebd-b323-7908c0e6bfd5,1692d212-023e-5acb-973e-75785f1feccc,DB Schenker,delivered,2024-11-02 12:08:13+00,2024-10-29 12:08:13+00,2024-11-01 06:47:42+00,"Pune, India",2024-10-27 09:01:09+00,2025-01-02 09:13:42+00
4706db1d-673a-51a5-826b-898fb76300f6,,05f60979-948c-56c4-8971-f733be532412,81c0642e-2463-5abd-ae26-b4b567d51419,57a35fba-3f08-5ade-a3c8-112789935369,DHL Freight,delivered,2024-03-28 19:28:03+00,2024-03-24 19:28:03+00,2024-04-01 19:33:20+00,"Monterrey, Mexico",2024-03-24 17:09:53+00,2025-01-02 09:03:04+00
0a477893-5fff-5bd7-90b9-91980923af76,,3bd995d9-5386-5200-b14c-337fc57a8bb6,6d6d0a34-9f5e-59b5-8834-675b7c7c4f20,31cdacd3-f93a-55d2-9096-6523e323c862,FedEx Logistics,delivered,2024-03-13 21:37:18+00,2024-03-07 21:37:18+00,2024-03-13 07:39:59+00,"Pune, India",2024-03-06 19:10:00+00,2025-01-02 09:24:41+00
ce223512-d9c3-5ba8-ae68-aa9c45dcf38f,,3bd995d9-5386-5200-b14c-337fc57a8bb6,22113422-0935-5ebd-b323-7908c0e6bfd5,598d3ba2-1b0c-5a35-9581-9d4c9e755902,DB Schenker,delivered,2024-06-27 00:16:31+00,2024-06-23 00:16:31+00,2024-06-25 19:35:36+00,"Pune, India",2024-06-21 16:45:12+00,2025-01-02 09:00:21+00
a1fd0ed7-386a-5639-946a-b9f267858649,,c981f5ef-8774-5129-b83a-c9448b008bfa,915b9517-c3e0-56bb-9f5b-959c6c507cc4,dca2fdee-d1c5-580a-ad55-da5ca3640a94,FedEx Logistics,delivered,2024-11-30 01:21:31+00,2024-11-26 01:21:31+00,2024-11-28 20:59:25+00,"Stuttgart, Germany",2024-11-23 16:51:57+00,2025-01-02 09:10:02+00
e26d601f-0e0a-5c4a-a1c4-363346071934,,c981f5ef-8774-5129-b83a-c9448b008bfa,915b9517-c3e0-56bb-9f5b-959c6c507cc4,f07d17b8-31a0-5dbc-9b3b-b8b6eec03563,DHL Freight,delivered,2024-09-22 20:44:04+00,2024-09-14 20:44:04+00,2024-09-25 21:21:36+00,"Stuttgart, Germany",2024-09-12 15:39:55+00,2025-01-02 09:01:15+00
d1bf7978-1850-583a-acac-6790b6c07ea8,,b0a7719d-51cd-5e7d-8e3d-67cc571130e0,6400998a-1542-5bd0-baca-290648d04849,c57226d5-c180-5624-a097-e1087ecf1590,DHL Freight,delivered,2024-11-03 01:35:26+00,2024-10-30 01:35:26+00,2024-11-02 23:46:21+00,"Austin, USA",2024-10-28 17:23:08+00,2025-01-02 09:19:04+00
44560638-cce9-5149-bae3-23373bd2c035,,c981f5ef-8774-5129-b83a-c9448b008bfa,42ad692d-b82d-5a13-91a1-a9fd0fcaf73b,66c3551f-7427-51cd-ab0f-3b5eb975b886,FedEx Logistics,delivered,2024-12-27 06:04:08+00,2024-12-19 06:04:08+00,2024-12-26 17:32:47+00,"Stuttgart, Germany",2024-12-16 23:00:05+00,2025-01-02 09:14:31+00
bcd971db-fd0b-5995-81a6-c11899beddd4,,c981f5ef-8774-5129-b83a-c9448b008bfa,22113422-0935-5ebd-b323-7908c0e6bfd5,fa497c33-174e-5827-aa48-ac031a48945e,DHL Freight,delivered,2024-04-02 00:12:45+00,2024-03-27 00:12:45+00,2024-04-01 16:55:18+00,"Stuttgart, Germany",2024-03-24 17:58:44+00,2025-01-02 09:16:07+00
b71aa6e0-2f5b-57eb-a5c1-08e918389675,,05f60979-948c-56c4-8971-f733be532412,a71f4bf4-a78e-5fa3-a8bd-e34ee2c97dcd,d39f1c32-8d35-5fae-a96a-24063ba15da8,FedEx Logistics,delivered,2024-10-27 18:36:47+00,2024-10-19 18:36:47+00,2024-10-27 04:01:35+00,"Monterrey, Mexico",2024-10-16 13:36:36+00,2025-01-02 09:28:26+00
dcb1050f-efe5-571c-91f6-d5d55e578eb8,,05f60979-948c-56c4-8971-f733be532412,6d6d0a34-9f5e-59b5-8834-675b7c7c4f20,3a727ee6-9553-5634-8aed-f908b939e352,DHL Freight,delivered,2024-12-23 20:36:49+00,2024-12-16 20:36:49+00,2024-12-24 20:57:14+00,"Monterrey, Mexico",2024-12-16 16:56:12+00,2025-01-02 09:06:24+00
c38ed352-6558-5663-839a-96a586e5ad67,,8f2d7823-5353-55b7-99c5-837cbc771d58,6d6d0a34-9f5e-59b5-8834-675b7c7c4f20,75187e96-6e5a-5e05-b9cc-884cbc17f332,DB Schenker,delivered,2024-07-20 21:35:42+00,2024-07-13 21:35:42+00,2024-07-20 15:52:34+00,"Shenzhen, China",2024-07-12 18:25:00+00,2025-01-02 09:04:53+00
9e6b8bee-e1f4-52d0-9ba3-505b93c41306,,8f2d7823-5353-55b7-99c5-837cbc771d58,42ad692d-b82d-5a13-91a1-a9fd0fcaf73b,c4ac4ad0-a4e0-5436-a2cb-45dc7f35e545,DHL Freight,delivered,2024-10-07 02:53:52+00,2024-10-02 02:53:52+00,2024-10-06 02:16:29+00,"Shenzhen, China",2024-10-01 23:28:20+00,2025-01-02 09:11:02+00
0f74401a-8a3b-5f04-85d5-3b58718ec885,,3bd995d9-5386-5200-b14c-337fc57a8bb6,42ad692d-b82d-5a13-91a1-a9fd0fcaf73b,050cbe83-721d-5cf4-a2ca-40c95d81fc67,DB Schenker,delivered,2024-02-01 06:17:39+00,2024-01-24 06:17:39+00,2024-01-31 09:19:55+00,"Pune, India",2024-01-22 00:55:14+00,2025-01-02 09:27:00+00
b5eb467f-452f-536e-9374-3739af5e8535,,8f2d7823-5353-55b7-99c5-837cbc771d58,42ad692d-b82d-5a13-91a1-a9fd0fcaf73b,645aadb3-213d-5d76-b493-da5bc0a873cd,DB Schenker,delivered,2024-10-14 17:01:37+00,2024-10-05 17:01:37+00,2024-10-13 17:18:22+00,"Shenzhen, China",2024-10-03 12:19:02+00,2025-01-02 09:17:47+00
cd349fe3-7702-5c3b-a346-182d4afa58d3,,3bd995d9-5386-5200-b14c-337fc57a8bb6,8517ed2a-3738-5e12-a1bc-f0e872fd3d71,5d23ebc2-ef05-53aa-b7e2-a5bdfd60f18a,DHL Freight,delivered,2024-04-29 23:35:23+00,2024-04-23 23:35:23+00,2024-04-29 23:59:03+00,"Pune, India",2024-04-20 20:34:54+00,2025-01-02 09:13:24+00
f3c8f27e-6ec7-537b-9056-f350bc1cd853,,3bd995d9-5386-5200-b14c-337fc57a8bb6,8517ed2a-3738-5e12-a1bc-f0e872fd3d71,dc2cad1d-1814-573d-a6dd-c0ab9fc5207f,DB Schenker,delivered,2024-12-27 07:04:12+00,2024-12-23 07:04:12+00,2024-12-26 03:43:46+00,"Pune, India",2024-12-22 01:45:46+00,2025-01-02 09:17:10+00
217f401a-b389-5ae5-b4a5-c8ab1300df60,,05f60979-948c-56c4-8971-f733be532412,a71f4bf4-a78e-5fa3-a8bd-e34ee2c97dcd,b105c22a-7c3d-5867-b29f-7d4b02bc2280,FedEx Logistics,delivered,2024-06-18 19:01:56+00,2024-06-13 19:01:56+00,2024-06-17 13:35:49+00,"Monterrey, Mexico",2024-06-12 17:53:54+00,2025-01-02 09:09:05+00
f50c45be-e940-53fd-97d5-62866dd12c9b,,8f2d7823-5353-55b7-99c5-837cbc771d58,6d6d0a34-9f5e-59b5-8834-675b7c7c4f20,dadd1427-119a-5990-96a8-291f030aa78d,FedEx Logistics,delivered,2024-10-29 22:07:30+00,2024-10-24 22:07:30+00,2024-11-09 22:13:50+00,"Shenzhen, China",2024-10-22 16:56:35+00,2025-01-02 09:17:46+00
d7536a0c-bbcb-5e80-b4c2-f1eb464fc9fb,,8f2d7823-5353-55b7-99c5-837cbc771d58,42ad692d-b82d-5a13-91a1-a9fd0fcaf73b,0477f7da-c1be-5c17-a27e-24492b12abee,DB Schenker,delivered,2024-11-30 12:22:16+00,2024-11-21 12:22:16+00,2024-11-29 14:37:54+00,"Shenzhen, China",2024-11-20 08:55:16+00,2025-01-02 09:02:26+00
3e7d6d6e-906c-507d-8905-e4708269849e,,b0a7719d-51cd-5e7d-8e3d-67cc571130e0,915b9517-c3e0-56bb-9f5b-959c6c507cc4,f7a42ff5-5eed-5f4d-9de8-6073ee459bbe,DB Schenker,delivered,2024-08-10 04:33:54+00,2024-08-04 04:33:54+00,2024-08-09 08:08:37+00,"Austin, USA",2024-07-31 23:01:35+00,2025-01-02 09:01:01+00
85242cb6-93eb-5a24-a983-f85c3718424c,,3bd995d9-5386-5200-b14c-337fc57a8bb6,a71f4bf4-a78e-5fa3-a8bd-e34ee2c97dcd,16e285db-2353-5599-b860-266d7775b885,FedEx Logistics,delivered,2024-04-05 08:12:08+00,2024-04-02 08:12:08+00,2024-04-04 08:27:44+00,"Pune, India",2024-04-02 01:03:55+00,2025-01-02 09:12:55+00
c5367b3a-806f-5f64-9e8d-183b1a76edb3,,c981f5ef-8774-5129-b83a-c9448b008bfa,22113422-0935-5ebd-b323-7908c0e6bfd5,53688ab6-27c3-590d-a52e-f8cc03f47e60,DHL Freight,delivered,2024-11-27 07:56:33+00,2024-11-19 07:56:33+00,2024-11-27 02:07:53+00,"Stuttgart, Germany",2024-11-17 01:47:11+00,2025-01-02 09:29:02+00
008adf5f-4310-51cc-a4f6-75efd1e9f9b1,,3bd995d9-5386-5200-b14c-337fc57a8bb6,6400998a-1542-5bd0-baca-290648d04849,5b0824c3-31bb-5fc0-bec4-40ec62646187,DB Schenker,delivered,2024-10-21 16:09:00+00,2024-10-17 16:09:00+00,2024-10-23 16:15:51+00,"Pune, India",2024-10-15 14:47:19+00,2025-01-02 09:05:27+00
98e54503-691c-53a1-88c9-d62b6ea138e4,,05f60979-948c-56c4-8971-f733be532412,a71f4bf4-a78e-5fa3-a8bd-e34ee2c97dcd,455e1f52-6e79-5150-9c14-2f38c0b0e2c8,DB Schenker,delivered,2024-04-10 02:21:36+00,2024-04-01 02:21:36+00,2024-04-09 22:39:24+00,"Monterrey, Mexico",2024-03-28 17:41:15+00,2025-01-02 09:09:25+00
498fe866-e125-5949-9f85-31845450aab6,,05f60979-948c-56c4-8971-f733be532412,22113422-0935-5ebd-b323-7908c0e6bfd5,106cf738-0815-5f80-950e-181692682235,DB Schenker,delivered,2024-07-28 22:10:47+00,2024-07-20 22:10:47+00,2024-07-28 15:28:08+00,"Monterrey, Mexico",2024-07-19 19:04:25+00,2025-01-02 09:15:42+00
11552c62-f5ea-5416-af48-68f65179a4ba,,c981f5ef-8774-5129-b83a-c9448b008bfa,a71f4bf4-a78e-5fa3-a8bd-e34ee2c97dcd,fee68de5-e1e6-524c-9286-e631809b05e0,DHL Freight,delivered,2024-10-31 05:09:00+00,2024-10-24 05:09:00+00,2024-10-31 04:38:27+00,"Stuttgart, Germany",2024-10-23 23:31:57+00,2025-01-02 09:02:32+00
eb1e8421-aa24-5965-8e4f-1941dea350aa,,b0a7719d-51cd-5e7d-8e3d-67cc571130e0,8517ed2a-3738-5e12-a1bc-f0e872fd3d71,de4443f5-e693-5633-841b-828b66d97627,DHL Freight,delivered,2024-10-12 03:26:17+00,2024-10-08 03:26:17+00,2024-10-11 17:08:26+00,"Austin, USA",2024-10-06 17:56:56+00,2025-01-02 09:13:12+00
8e4adb0b-bc34-509a-a343-5e7ea50ec9d4,,3bd995d9-5386-5200-b14c-337fc57a8bb6,81c0642e-2463-5abd-ae26-b4b567d51419,9abeeaa0-173d-5bb1-8764-c58a1cdaf990,DB Schenker,delivered,2024-03-11 19:59:58+00,2024-03-06 19:59:58+00,2024-03-11 04:24:29+00,"Pune, India",2024-03-04 18:24:30+00,2025-01-02 09:11:51+00
d2a3e1d6-8b33-5bf7-8855-e5233df39198,,c981f5ef-8774-5129-b83a-c9448b008bfa,6400998a-1542-5bd0-baca-290648d04849,b79e6c06-cf11-5196-8cf9-b02b04f5a013,DB Schenker,delivered,2024-11-05 18:09:42+00,2024-10-29 18:09:42+00,2024-11-12 18:18:15+00,"Stuttgart, Germany",2024-10-27 10:37:05+00,2025-01-02 09:13:22+00
e1322f3a-e486-5efb-b37a-9a0414cbb5c1,,b0a7719d-51cd-5e7d-8e3d-67cc571130e0,915b9517-c3e0-56bb-9f5b-959c6c507cc4,38b1ff31-39f0-58c2-8ea3-bc562d5db6e4,FedEx Logistics,delivered,2024-09-12 08:14:03+00,2024-09-08 08:14:03+00,2024-09-11 20:25:34+00,"Austin, USA",2024-09-06 02:08:35+00,2025-01-02 09:21:00+00
ebf54d5a-eef9-562d-ab3e-2918bf489d32,,b0a7719d-51cd-5e7d-8e3d-67cc571130e0,81c0642e-2463-5abd-ae26-b4b567d51419,cc70fbb7-7afe-5334-b223-723411920704,FedEx Logistics,delivered,2024-01-18 07:13:33+00,2024-01-15 07:13:33+00,2024-01-17 07:34:01+00,"Austin, USA",2024-01-14 00:30:10+00,2025-01-02 09:06:37+00
12be2cfa-1582-5610-aa82-42a58e2806a7,,b0a7719d-51cd-5e7d-8e3d-67cc571130e0,6d6d0a34-9f5e-59b5-8834-675b7c7c4f20,e1030ea5-5ae9-5056-a6cd-9b504a065b88,DB Schenker,delivered,2024-03-16 21:49:50+00,2024-03-07 21:49:50+00,2024-03-16 17:00:55+00,"Austin, USA",2024-03-06 20:43:39+00,2025-01-02 09:21:28+00
0d291aea-4ee4-51dd-803e-54a163ea07fb,,c981f5ef-8774-5129-b83a-c9448b008bfa,42ad692d-b82d-5a13-91a1-a9fd0fcaf73b,502e754f-9bdf-5646-8775-846a3b27f349,FedEx Logistics,delivered,2024-09-28 19:07:16+00,2024-09-21 19:07:16+00,2024-09-27 23:35:46+00,"Stuttgart, Germany",2024-09-20 18:06:21+00,2025-01-02 09:29:11+00
50f4a9b0-38c6-5373-8801-bbe60e118646,,05f60979-948c-56c4-8971-f733be532412,81c0642e-2463-5abd-ae26-b4b567d51419,2a55ef9c-9827-532a-9cf2-3df7b92bad33,DHL Freight,delivered,2024-11-26 22:55:35+00,2024-11-20 22:55:35+00,2024-11-26 22:35:13+00,"Monterrey, Mexico",2024-11-20 17:32:12+00,2025-01-02 09:25:49+00
fd313ca2-4541-5bbf-a4de-8dad434571f5,,8f2d7823-5353-55b7-99c5-837cbc771d58,42ad692d-b82d-5a13-91a1-a9fd0fcaf73b,fdf0e5a6-17e3-538c-b40a-43ea2d81fead,DHL Freight,delivered,2024-08-14 19:52:50+00,2024-08-08 19:52:50+00,2024-08-14 18:58:35+00,"Shenzhen, China",2024-08-08 18:37:02+00,2025-01-02 09:23:50+00
809587f0-4362-52d6-94b4-f565fef010c1,,3bd995d9-5386-5200-b14c-337fc57a8bb6,6400998a-1542-5bd0-baca-290648d04849,412360b2-4e5e-5d7d-b85a-85931561a0fe,DHL Freight,delivered,2024-10-27 13:44:49+00,2024-10-20 13:44:49+00,2024-11-04 14:25:13+00,"Pune, India",2024-10-19 10:33:53+00,2025-01-02 09:26:47+00
d81c9599-e7ac-5115-8a6c-3adfda5a509a,,05f60979-948c-56c4-8971-f733be532412,a71f4bf4-a78e-5fa3-a8bd-e34ee2c97dcd,c842c570-4078-5409-8f52-7c3c8a5598c7,FedEx Logistics,delivered,2024-10-27 23:34:08+00,2024-10-24 23:34:08+00,2024-10-27 14:01:26+00,"Monterrey, Mexico",2024-10-23 15:00:58+00,2025-01-02 09:26:42+00
870124b4-9cc7-5bd5-b257-6eed83ab33c6,,8f2d7823-5353-55b7-99c5-837cbc771d58,81c0642e-2463-5abd-ae26-b4b567d51419,c9430a57-3cb4-56fa-89f9-11d1e323821e,DHL Freight,delivered,2024-03-09 23:36:53+00,2024-03-03 23:36:53+00,2024-03-09 08:01:02+00,"Shenzhen, China",2024-03-02 16:17:41+00,2025-01-02 09:18:16+00
1c085f40-9e56-5211-bf81-59dd238a041e,,b0a7719d-51cd-5e7d-8e3d-67cc571130e0,915b9517-c3e0-56bb-9f5b-959c6c507cc4,6ba7f62e-3cfe-550b-bbf6-09d6eddda1fd,DHL Freight,delivered,2024-12-04 22:09:27+00,2024-11-28 22:09:27+00,2024-12-03 20:38:30+00,"Austin, USA",2024-11-27 16:40:32+00,2025-01-02 09:25:13+00
f4adb23a-b27c-5b12-9112-6089f82f855f,,8f2d7823-5353-55b7-99c5-837cbc771d58,42ad692d-b82d-5a13-91a1-a9fd0fcaf73b,e034cdd7-263d-592a-a0af-d85a62b0599c,DHL Freight,delivered,2024-10-10 16:04:07+00,2024-10-01 16:04:07+00,2024-10-09 15:46:15+00,"Shenzhen, China",2024-09-28 14:03:17+00,2025-01-02 09:14:18+00
4552fa69-da96-591c-9084-119441a13a1b,,8f2d7823-5353-55b7-99c5-837cbc771d58,915b9517-c3e0-56bb-9f5b-959c6c507cc4,14108c0d-99e1-53e1-9f38-ea435bff8ef1,FedEx Logistics,delivered,2024-12-24 06:13:10+00,2024-12-20 06:13:10+00,2024-12-23 04:32:48+00,"Shenzhen, China",2024-12-19 22:49:21+00,2025-01-02 09:10:49+00
d26e07fd-f1d2-5d4c-af77-7a7d83907636,,b0a7719d-51cd-5e7d-8e3d-67cc571130e0,a71f4bf4-a78e-5fa3-a8bd-e34ee2c97dcd,4d769c2c-d3c0-5fb5-97d3-eef541228e56,FedEx Logistics,delivered,2024-02-01 01:41:34+00,2024-01-28 01:41:34+00,2024-01-30 20:10:15+00,"Austin, USA",2024-01-24 18:05:51+00,2025-01-02 09:02:22+00
4144696a-b95e-52bf-8c51-84bb048143dd,,3bd995d9-5386-5200-b14c-337fc57a8bb6,81c0642e-2463-5abd-ae26-b4b567d51419,cb71da84-a16b-5be9-a490-1c5dcb699c45,FedEx Logistics,delivered,2024-09-25 10:07:36+00,2024-09-18 10:07:36+00,2024-09-24 09:12:20+00,"Pune, India",2024-09-17 08:48:40+00,2025-01-02 09:06:13+00
49cb9d27-6ec8-550d-8988-d532467607ff,,b0a7719d-51cd-5e7d-8e3d-67cc571130e0,6d6d0a34-9f5e-59b5-8834-675b7c7c4f20,8807af84-54d9-54c4-876e-907a991de295,DB Schenker,delivered,2024-03-28 03:19:33+00,2024-03-21 03:19:33+00,2024-03-27 09:32:26+00,"Austin, USA",2024-03-21 00:45:48+00,2025-01-02 09:00:52+00
8273c233-dabf-5802-9d16-0a7e93018064,,b0a7719d-51cd-5e7d-8e3d-67cc571130e0,22113422-0935-5ebd-b323-7908c0e6bfd5,c506122d-0465-587d-ab24-62f1207fd3d5,DHL Freight,delivered,2024-10-09 00:14:49+00,2024-10-04 00:14:49+00,2024-10-08 16:20:07+00,"Austin, USA",2024-10-02 15:53:49+00,2025-01-02 09:11:28+00
7ddc71e8-b9cf-5333-a10b-f9295e82baa1,,3bd995d9-5386-5200-b14c-337fc57a8bb6,42ad692d-b82d-5a13-91a1-a9fd0fcaf73b,327178ee-9a94-5157-8663-d9c87620bba6,FedEx Logistics,delivered,2024-08-22 01:21:44+00,2024-08-17 01:21:44+00,2024-08-21 07:39:10+00,"Pune, India",2024-08-14 20:47:32+00,2025-01-02 09:08:58+00
376d15ab-64d7-5768-b86a-6b6c3b8eaf45,,b0a7719d-51cd-5e7d-8e3d-67cc571130e0,81c0642e-2463-5abd-ae26-b4b567d51419,cfcaf8b4-0dc7-57c7-ad7c-e8a1ff085826,FedEx Logistics,delivered,2024-09-22 05:00:32+00,2024-09-13 05:00:32+00,2024-09-22 01:29:04+00,"Austin, USA",2024-09-11 00:34:42+00,2025-01-02 09:03:47+00
9318da7f-e89a-59f6-91f2-9480ada56ccc,,3bd995d9-5386-5200-b14c-337fc57a8bb6,42ad692d-b82d-5a13-91a1-a9fd0fcaf73b,ff0ecd0c-43f3-5187-998e-5d58cd852eeb,DB Schenker,delivered,2024-10-08 03:42:55+00,2024-10-02 03:42:55+00,2024-10-07 19:47:13+00,"Pune, India",2024-09-30 18:13:18+00,2025-01-02 09:12:06+00
d116878d-519d-5adf-a4b4-1fc0334e1a8b,,8f2d7823-5353-55b7-99c5-837cbc771d58,6d6d0a34-9f5e-59b5-8834-675b7c7c4f20,55765b64-9503-5079-b345-3f96054e994b,FedEx Logistics,delivered,2024-02-26 02:30:11+00,2024-02-22 02:30:11+00,2024-02-25 18:42:05+00,"Shenzhen, China",2024-02-19 19:57:18+00,2025-01-02 09:27:01+00
f5e6a0bc-8507-50d9-9ec9-cf891b63fdf9,,8f2d7823-5353-55b7-99c5-837cbc771d58,a71f4bf4-a78e-5fa3-a8bd-e34ee2c97dcd,9772c52a-0493-5c8e-84dc-632d56df5ba1,FedEx Logistics,delivered,2024-11-26 16:58:46+00,2024-11-17 16:58:46+00,2024-11-26 02:35:11+00,"Shenzhen, China",2024-11-17 15:19:04+00,2025-01-02 09:04:23+00
453479b9-91a6-51a6-9fbf-23ef1713975a,,b0a7719d-51cd-5e7d-8e3d-67cc571130e0,22113422-0935-5ebd-b323-7908c0e6bfd5,67661e05-896d-503a-8f1d-53192515b811,DHL Freight,delivered,2024-01-15 04:54:53+00,2024-01-10 04:54:53+00,2024-01-14 13:30:33+00,"Austin, USA",2024-01-07 02:34:51+00,2025-01-02 09:17:08+00
608135ff-33cd-59e8-bd75-37b8e3cc99b8,,b0a7719d-51cd-5e7d-8e3d-67cc571130e0,81c0642e-2463-5abd-ae26-b4b567d51419,cb51078a-813a-5738-bac7-9a5fd4f6f5b3,DHL Freight,delivered,2024-06-28 09:51:32+00,2024-06-22 09:51:32+00,2024-06-27 04:15:31+00,"Austin, USA",2024-06-22 00:20:44+00,2025-01-02 09:00:53+00
8b82e4c2-4474-5578-978f-02f54ce1ddd8,,3bd995d9-5386-5200-b14c-337fc57a8bb6,6400998a-1542-5bd0-baca-290648d04849,39e3e931-f0eb-59a6-a072-88ce58f33f9f,DHL Freight,delivered,2024-10-31 17:54:49+00,2024-10-23 17:54:49+00,2024-10-30 13:59:24+00,"Pune, India",2024-10-22 10:17:03+00,2025-01-02 09:24:53+00
f7e48d13-be67-5f5e-bda1-2d35d6f3609f,,b0a7719d-51cd-5e7d-8e3d-67cc571130e0,915b9517-c3e0-56bb-9f5b-959c6c507cc4,bf9b7866-b5aa-5934-bc3e-9a25e931f2e4,DB Schenker,delivered,2024-05-27 22:30:58+00,2024-05-22 22:30:58+00,2024-05-26 17:42:21+00,"Austin, USA",2024-05-22 21:20:48+00,2025-01-02 09:16:30+00
e45008e2-705a-5ebd-a83b-7ff3499f4cf9,,b0a7719d-51cd-5e7d-8e3d-67cc571130e0,22113422-0935-5ebd-b323-7908c0e6bfd5,76f1a202-d816-5acf-a608-7e1059dfac13,DB Schenker,delivered,2024-07-03 05:08:30+00,2024-06-28 05:08:30+00,2024-07-02 12:34:47+00,"Austin, USA",2024-06-27 20:24:09+00,2025-01-02 09:17:06+00
3d976c26-7923-5811-9af6-a144e45e8cf8,,8f2d7823-5353-55b7-99c5-837cbc771d58,915b9517-c3e0-56bb-9f5b-959c6c507cc4,b757480f-240f-5892-bc5e-49c7bb3b75d7,FedEx Logistics,delivered,2024-09-12 22:17:23+00,2024-09-03 22:17:23+00,2024-09-17 22:46:23+00,"Shenzhen, China",2024-09-03 16:14:54+00,2025-01-02 09:14:22+00
ccc6ab23-3c8c-5d5c-9d6f-f10750f84f3a,,05f60979-948c-56c4-8971-f733be532412,a71f4bf4-a78e-5fa3-a8bd-e34ee2c97dcd,49c1bb26-a44a-5983-855f-e883a8ea33d8,FedEx Logistics,delivered,2024-03-15 14:05:49+00,2024-03-09 14:05:49+00,2024-03-14 23:14:01+00,"Monterrey, Mexico",2024-03-06 10:04:18+00,2025-01-02 09:25:37+00
b70185ae-bd84-5810-9c12-a5f33689a415,,05f60979-948c-56c4-8971-f733be532412,915b9517-c3e0-56bb-9f5b-959c6c507cc4,f786cca1-28a3-55f7-bfb2-75fad1296951,DB Schenker,delivered,2024-03-18 19:58:53+00,2024-03-14 19:58:53+00,2024-03-17 20:04:25+00,"Monterrey, Mexico",2024-03-11 11:19:40+00,2025-01-02 09:10:13+00
9e5b426a-1893-5628-81ba-7f3be672092f,,3bd995d9-5386-5200-b14c-337fc57a8bb6,a71f4bf4-a78e-5fa3-a8bd-e34ee2c97dcd,1cf7bb92-df16-53a9-9e8d-43bc50da36d1,DB Schenker,delivered,2024-02-24 02:21:15+00,2024-02-17 02:21:15+00,2024-02-23 06:02:03+00,"Pune, India",2024-02-14 21:46:58+00,2025-01-02 09:15:51+00
da7eaab6-8202-544b-b44f-ba64519cba3f,,3bd995d9-5386-5200-b14c-337fc57a8bb6,6400998a-1542-5bd0-baca-290648d04849,bdc591e4-8f89-58a8-97ab-2ea166518620,DB Schenker,delivered,2024-10-14 18:03:30+00,2024-10-08 18:03:30+00,2024-10-13 15:37:53+00,"Pune, India",2024-10-06 14:28:21+00,2025-01-02 09:26:09+00
d790b380-b890-595b-9b7b-496763f9cc7b,,c981f5ef-8774-5129-b83a-c9448b008bfa,42ad692d-b82d-5a13-91a1-a9fd0fcaf73b,0b5380ab-1df3-51e7-8142-061ffd7b8340,DB Schenker,delivered,2024-11-08 02:10:12+00,2024-10-30 02:10:12+00,2024-11-07 22:19:41+00,"Stuttgart, Germany",2024-10-28 00:26:44+00,2025-01-02 09:16:30+00
c4677cd1-4161-5ca0-bb0c-19f1b1377283,,b0a7719d-51cd-5e7d-8e3d-67cc571130e0,6400998a-1542-5bd0-baca-290648d04849,a939c191-085a-56aa-bf2e-36d0149f2e9e,DB Schenker,delivered,2024-03-17 17:43:22+00,2024-03-08 17:43:22+00,2024-03-16 21:13:35+00,"Austin, USA",2024-03-05 15:06:10+00,2025-01-02 09:00:15+00
c3193556-e191-56fd-8227-a805caa5a2d2,,b0a7719d-51cd-5e7d-8e3d-67cc571130e0,81c0642e-2463-5abd-ae26-b4b567d51419,19bd82bf-dd9b-553e-bae3-03665c5a48fc,DHL Freight,delivered,2024-03-26 20:48:07+00,2024-03-17 20:48:07+00,2024-03-25 14:49:07+00,"Austin, USA",2024-03-17 13:37:00+00,2025-01-02 09:03:52+00
20e0e85a-11c6-52ab-9b77-1c51e60a3240,,c981f5ef-8774-5129-b83a-c9448b008bfa,915b9517-c3e0-56bb-9f5b-959c6c507cc4,9ce16cd4-f8f7-5e72-b48f-3b41503483bf,DB Schenker,delivered,2024-12-08 10:45:47+00,2024-12-05 10:45:47+00,2024-12-07 22:07:49+00,"Stuttgart, Germany",2024-12-04 02:37:36+00,2025-01-02 09:14:20+00
75672cac-b7bd-5281-be36-a47919a26b4a,,8f2d7823-5353-55b7-99c5-837cbc771d58,42ad692d-b82d-5a13-91a1-a9fd0fcaf73b,61d19152-f6ea-51a2-a0e7-7952dd73e1f5,DHL Freight,delivered,2024-09-27 06:35:51+00,2024-09-21 06:35:51+00,2024-09-26 19:15:56+00,"Shenzhen, China",2024-09-18 00:54:10+00,2025-01-02 09:19:50+00
a6dcb6f7-b1e4-5365-834c-c6be2a6a61d2,,05f60979-948c-56c4-8971-f733be532412,81c0642e-2463-5abd-ae26-b4b567d51419,219b5bfd-3f3d-5cba-b1c1-0cd2efe48f8e,DB Schenker,delivered,2024-11-03 17:39:18+00,2024-10-26 17:39:18+00,2024-11-03 09:22:58+00,"Monterrey, Mexico",2024-10-25 15:23:06+00,2025-01-02 09:12:48+00
b2e10746-0f93-5ab2-87dd-110f2676c08e,,8f2d7823-5353-55b7-99c5-837cbc771d58,81c0642e-2463-5abd-ae26-b4b567d51419,83bafacb-ba3b-58a1-a70b-3f996f0e7b6f,FedEx Logistics,delivered,2024-08-24 05:50:07+00,2024-08-19 05:50:07+00,2024-08-23 11:02:22+00,"Shenzhen, China",2024-08-15 21:48:18+00,2025-01-02 09:04:43+00
171d39dc-c758-5e65-a867-c7aeea027269,,05f60979-948c-56c4-8971-f733be532412,a71f4bf4-a78e-5fa3-a8bd-e34ee2c97dcd,2b944574-fb78-5e52-ad51-5551ce2424b5,FedEx Logistics,delivered,2024-10-10 23:20:00+00,2024-10-06 23:20:00+00,2024-10-09 17:38:32+00,"Monterrey, Mexico",2024-10-04 17:38:33+00,2025-01-02 09:00:33+00
66475e2c-3ea9-53f0-89b1-89637709f8d5,,8f2d7823-5353-55b7-99c5-837cbc771d58,8517ed2a-3738-5e12-a1bc-f0e872fd3d71,ee826936-6472-5e38-8947-668c1989b12c,DB Schenker,delivered,2024-10-28 04:04:05+00,2024-10-19 04:04:05+00,2024-10-27 11:11:42+00,"Shenzhen, China",2024-10-19 00:58:57+00,2025-01-02 09:25:25+00
4d0b6466-00a2-58f6-b35d-adb1bbf81426,,05f60979-948c-56c4-8971-f733be532412,a71f4bf4-a78e-5fa3-a8bd-e34ee2c97dcd,b7bc18f0-7fcb-503c-9022-57e7d0eef12d,DB Schenker,delivered,2024-07-20 22:26:33+00,2024-07-14 22:26:33+00,2024-07-20 03:02:34+00,"Monterrey, Mexico",2024-07-12 18:18:47+00,2025-01-02 09:05:09+00
4e76488a-d3c2-5068-95af-59ee7ae4d555,,b0a7719d-51cd-5e7d-8e3d-67cc571130e0,915b9517-c3e0-56bb-9f5b-959c6c507cc4,96d6960f-2a4f-52a2-81df-debc2fcd27a3,FedEx Logistics,delivered,2024-04-01 06:09:52+00,2024-03-24 06:09:52+00,2024-04-01 00:40:30+00,"Austin, USA",2024-03-22 21:03:31+00,2025-01-02 09:22:38+00
341e6fd2-758c-5bac-82e2-d1bf669f1b19,,05f60979-948c-56c4-8971-f733be532412,81c0642e-2463-5abd-ae26-b4b567d51419,97d8d5c6-dafc-5558-8497-95d649389bb8,DHL Freight,delivered,2024-07-04 04:08:52+00,2024-06-27 04:08:52+00,2024-07-04 03:22:45+00,"Monterrey, Mexico",2024-06-23 23:05:58+00,2025-01-02 09:08:10+00
792fd0ea-50e6-511f-b82a-a9dc0d0e2bbf,,8f2d7823-5353-55b7-99c5-837cbc771d58,6400998a-1542-5bd0-baca-290648d04849,4fe31a60-7722-5260-8dd3-00505fcbf2b2,DHL Freight,delivered,2024-09-27 00:40:14+00,2024-09-20 00:40:14+00,2024-09-26 08:51:32+00,"Shenzhen, China",2024-09-19 16:29:22+00,2025-01-02 09:06:35+00
f2351798-edfa-5c5d-9da9-5e97e0e44755,,8f2d7823-5353-55b7-99c5-837cbc771d58,8517ed2a-3738-5e12-a1bc-f0e872fd3d71,95a4bc5a-b46d-556c-af03-533ab2166a95,DHL Freight,delivered,2024-07-10 08:35:33+00,2024-07-02 08:35:33+00,2024-07-10 08:36:51+00,"Shenzhen, China",2024-06-29 23:13:17+00,2025-01-02 09:12:58+00
89389a66-7fb5-5749-b413-c44a929c4864,,c981f5ef-8774-5129-b83a-c9448b008bfa,a71f4bf4-a78e-5fa3-a8bd-e34ee2c97dcd,a79b9873-71c0-5d68-ac97-5385f25ef265,DHL Freight,delivered,2024-11-04 21:06:16+00,2024-10-27 21:06:16+00,2024-11-08 21:46:42+00,"Stuttgart, Germany",2024-10-24 16:00:13+00,2025-01-02 09:04:17+00
21f05bc7-dbf3-5638-a0d6-b033293fdd65,,8f2d7823-5353-55b7-99c5-837cbc771d58,a71f4bf4-a78e-5fa3-a8bd-e34ee2c97dcd,6ec405f8-0fbf-5446-b139-a2f41c38f957,DHL Freight,delivered,2024-10-15 08:49:48+00,2024-10-06 08:49:48+00,2024-10-22 09:01:45+00,"Shenzhen, China",2024-10-03 01:40:46+00,2025-01-02 09:16:46+00
b9c4755b-c793-5564-ade7-e9157c680a59,,c981f5ef-8774-5129-b83a-c9448b008bfa,22113422-0935-5ebd-b323-7908c0e6bfd5,8915ec11-0b1e-5670-a187-96db8fbf0552,FedEx Logistics,delivered,2024-06-01 21:06:20+00,2024-05-28 21:06:20+00,2024-06-01 05:39:24+00,"Stuttgart, Germany",2024-05-25 17:22:31+00,2025-01-02 09:01:02+00
ba9e03da-7740-50a9-bad2-87164e803b1f,,05f60979-948c-56c4-8971-f733be532412,915b9517-c3e0-56bb-9f5b-959c6c507cc4,ae8aa1c1-7add-53fb-b9ef-44e5ec2a49b5,DB Schenker,delivered,2024-03-05 20:42:48+00,2024-02-26 20:42:48+00,2024-03-05 15:10:38+00,"Monterrey, Mexico",2024-02-24 16:57:55+00,2025-01-02 09:13:39+00
f2861959-a373-5c1e-9c03-dda863af1a95,,3bd995d9-5386-5200-b14c-337fc57a8bb6,8517ed2a-3738-5e12-a1bc-f0e872fd3d71,9d27f48b-b0b7-52d5-a9e3-433f8f7e3a36,DHL Freight,delivered,2024-11-22 19:45:49+00,2024-11-18 19:45:49+00,2024-12-07 20:13:28+00,"Pune, India",2024-11-16 15:45:13+00,2025-01-02 09:12:40+00
ee1e43e7-4d92-59d5-b8e5-1462c44b5922,,3bd995d9-5386-5200-b14c-337fc57a8bb6,915b9517-c3e0-56bb-9f5b-959c6c507cc4,f3907868-26f5-5bc7-b2cb-821ab8dcff3f,FedEx Logistics,delivered,2024-07-21 03:34:14+00,2024-07-18 03:34:14+00,2024-07-20 00:55:16+00,"Pune, India",2024-07-15 23:08:37+00,2025-01-02 09:26:13+00
abff1bfc-9ec1-5028-a80c-a2f7b2845592,,8f2d7823-5353-55b7-99c5-837cbc771d58,22113422-0935-5ebd-b323-7908c0e6bfd5,f79d64be-bd20-53dc-916d-84d029cc3d56,DB Schenker,delivered,2024-11-11 05:12:50+00,2024-11-02 05:12:50+00,2024-11-10 03:42:50+00,"Shenzhen, China",2024-10-30 20:07:26+00,2025-01-02 09:08:19+00
acc89605-5380-5748-af1d-0196994e3495,,8f2d7823-5353-55b7-99c5-837cbc771d58,81c0642e-2463-5abd-ae26-b4b567d51419,39c468d2-aabc-5bbf-a6c2-68ea9d90ad70,DHL Freight,delivered,2024-10-30 10:31:44+00,2024-10-21 10:31:44+00,2024-10-30 00:10:38+00,"Shenzhen, China",2024-10-19 00:54:25+00,2025-01-02 09:22:59+00
d345e3bf-ab36-5a58-8cf9-f708ad8aaf3f,,c981f5ef-8774-5129-b83a-c9448b008bfa,6400998a-1542-5bd0-baca-290648d04849,07ff71d9-ffc9-5747-9c70-50a7913f1d62,DB Schenker,delivered,2024-10-14 04:13:09+00,2024-10-09 04:13:09+00,2024-10-12 22:21:49+00,"Stuttgart, Germany",2024-10-05 21:02:46+00,2025-01-02 09:19:06+00
b151356d-64ef-5765-a8bf-065b48da47b1,,b0a7719d-51cd-5e7d-8e3d-67cc571130e0,81c0642e-2463-5abd-ae26-b4b567d51419,acbe0982-0cdf-51ab-bb32-3f2320c8c15d,FedEx Logistics,delivered,2024-05-29 00:38:46+00,2024-05-20 00:38:46+00,2024-06-01 01:11:50+00,"Austin, USA",2024-05-16 18:58:49+00,2025-01-02 09:02:27+00
cd7da45b-e5a8-5526-83b6-93e751b21b1b,,8f2d7823-5353-55b7-99c5-837cbc771d58,915b9517-c3e0-56bb-9f5b-959c6c507cc4,e58815fd-32c1-5b4b-8f07-58e8e2a987fd,DHL Freight,delivered,2024-10-21 01:34:41+00,2024-10-14 01:34:41+00,2024-10-20 08:17:00+00,"Shenzhen, China",2024-10-10 22:23:22+00,2025-01-02 09:07:06+00
498d81eb-ae56-5a52-acb3-5dc13f74cff2,,3bd995d9-5386-5200-b14c-337fc57a8bb6,22113422-0935-5ebd-b323-7908c0e6bfd5,8ef1f422-1fab-5310-b164-6cac258c73fd,FedEx Logistics,delivered,2024-10-26 17:15:10+00,2024-10-23 17:15:10+00,2024-10-26 05:56:49+00,"Pune, India",2024-10-20 14:02:16+00,2025-01-02 09:27:43+00
4d0f2160-ce82-528b-969c-c440e35ffae5,,c981f5ef-8774-5129-b83a-c9448b008bfa,915b9517-c3e0-56bb-9f5b-959c6c507cc4,20784b93-9be3-5b6f-bf5d-baf02922f8b8,DB Schenker,delivered,2024-10-28 22:18:38+00,2024-10-21 22:18:38+00,2024-10-27 23:51:13+00,"Stuttgart, Germany",2024-10-20 17:56:45+00,2025-01-02 09:16:07+00
fc641094-d13f-5c9d-a485-6757b1be13af,,05f60979-948c-56c4-8971-f733be532412,a71f4bf4-a78e-5fa3-a8bd-e34ee2c97dcd,85abcf04-84df-5772-8b04-084dd13121ee,FedEx Logistics,delivered,2024-08-08 05:25:41+00,2024-08-01 05:25:41+00,2024-08-07 22:43:04+00,"Monterrey, Mexico",2024-07-29 22:24:51+00,2025-01-02 09:18:26+00
01f4c943-afe3-55bb-ab9c-e2f510114e0a,,8f2d7823-5353-55b7-99c5-837cbc771d58,42ad692d-b82d-5a13-91a1-a9fd0fcaf73b,249bade3-67c3-535c-bfbc-916a177a7317,FedEx Logistics,delivered,2024-03-20 08:25:48+00,2024-03-13 08:25:48+00,2024-03-19 09:38:44+00,"Shenzhen, China",2024-03-13 02:12:09+00,2025-01-02 09:20:14+00
92cc36ca-89a8-5acb-8731-0478d678b325,,05f60979-948c-56c4-8971-f733be532412,a71f4bf4-a78e-5fa3-a8bd-e34ee2c97dcd,51461c53-fee9-5f1f-bfa2-aab236410264,FedEx Logistics,delivered,2024-07-04 21:08:23+00,2024-07-01 21:08:23+00,2024-07-04 01:53:19+00,"Monterrey, Mexico",2024-07-01 18:48:37+00,2025-01-02 09:11:17+00
3e033767-83ca-56ed-95ce-52e9b4ba108c,,05f60979-948c-56c4-8971-f733be532412,8517ed2a-3738-5e12-a1bc-f0e872fd3d71,60eb6619-dae4-5d62-b01a-d43e214c16b5,DB Schenker,delivered,2024-11-30 03:46:38+00,2024-11-22 03:46:38+00,2024-11-29 05:25:08+00,"Monterrey, Mexico",2024-11-19 23:44:20+00,2025-01-02 09:13:12+00
e224660e-0b8b-56e8-bdb4-b980a7787058,,b0a7719d-51cd-5e7d-8e3d-67cc571130e0,8517ed2a-3738-5e12-a1bc-f0e872fd3d71,9444e6a4-8704-5a66-8c4c-604265c965fc,DHL Freight,delivered,2024-01-13 08:38:01+00,2024-01-09 08:38:01+00,2024-01-12 07:15:07+00,"Austin, USA",2024-01-06 02:27:38+00,2025-01-02 09:23:32+00
8105f65a-fafb-5449-891e-52ddc084de2b,,b0a7719d-51cd-5e7d-8e3d-67cc571130e0,a71f4bf4-a78e-5fa3-a8bd-e34ee2c97dcd,3ef880af-4c0d-55e9-96ce-4d569ffe4dad,DB Schenker,delivered,2024-07-04 01:06:10+00,2024-06-27 01:06:10+00,2024-07-03 00:15:24+00,"Austin, USA",2024-06-24 17:45:53+00,2025-01-02 09:04:41+00
df1076d9-98d1-5e2a-825c-4264b6f008da,,b0a7719d-51cd-5e7d-8e3d-67cc571130e0,915b9517-c3e0-56bb-9f5b-959c6c507cc4,76415e7e-8485-5f41-977a-41e392896b0a,DB Schenker,delivered,2024-11-01 04:05:53+00,2024-10-24 04:05:53+00,2024-11-07 04:44:48+00,"Austin, USA",2024-10-23 02:30:29+00,2025-01-02 09:06:53+00
bb8d973d-043f-5bd7-b926-29ed84373df8,,b0a7719d-51cd-5e7d-8e3d-67cc571130e0,81c0642e-2463-5abd-ae26-b4b567d51419,97d19fc4-3727-583a-a599-285aa0215256,FedEx Logistics,delivered,2024-10-15 05:04:05+00,2024-10-08 05:04:05+00,2024-10-14 03:41:18+00,"Austin, USA",2024-10-05 01:25:17+00,2025-01-02 09:11:11+00
699e339f-a323-5e19-8dbf-64f2cebfe9fa,,3bd995d9-5386-5200-b14c-337fc57a8bb6,a71f4bf4-a78e-5fa3-a8bd-e34ee2c97dcd,6875fcc4-f739-5d91-a383-a99f3756841d,DB Schenker,delivered,2024-04-28 04:23:02+00,2024-04-24 04:23:02+00,2024-04-27 08:23:13+00,"Pune, India",2024-04-23 19:38:04+00,2025-01-02 09:10:03+00
9ea1e536-2d41-520c-880a-7d406adb92bf,,3bd995d9-5386-5200-b14c-337fc57a8bb6,915b9517-c3e0-56bb-9f5b-959c6c507cc4,7440ecb0-dbd7-582d-9791-8b00b7b2bfd5,DHL Freight,delivered,2024-04-12 01:25:41+00,2024-04-05 01:25:41+00,2024-04-11 06:09:30+00,"Pune, India",2024-04-02 17:15:15+00,2025-01-02 09:29:26+00
db5222cf-2a8f-52c4-acbc-958878efd17a,,8f2d7823-5353-55b7-99c5-837cbc771d58,42ad692d-b82d-5a13-91a1-a9fd0fcaf73b,a61c74cb-3969-5308-b4c9-9bd3823aa427,DHL Freight,delivered,2024-06-25 23:17:29+00,2024-06-16 23:17:29+00,2024-06-25 13:32:52+00,"Shenzhen, China",2024-06-13 18:09:16+00,2025-01-02 09:07:42+00
1acc77e5-eba3-50e9-b13b-6e79f1bb00dd,,8f2d7823-5353-55b7-99c5-837cbc771d58,8517ed2a-3738-5e12-a1bc-f0e872fd3d71,4a00dc54-46a8-5df9-9fb2-232c61e4c31d,FedEx Logistics,delivered,2024-10-11 21:20:54+00,2024-10-02 21:20:54+00,2024-10-11 06:34:18+00,"Shenzhen, China",2024-10-02 20:17:22+00,2025-01-02 09:12:28+00
6b795259-d21c-51fc-862c-f27e5df307ea,,b0a7719d-51cd-5e7d-8e3d-67cc571130e0,6400998a-1542-5bd0-baca-290648d04849,3878ce0f-5e77-5d85-9437-44b483e8bf3d,FedEx Logistics,delivered,2024-03-10 12:03:57+00,2024-03-07 12:03:57+00,2024-03-10 07:07:01+00,"Austin, USA",2024-03-04 09:24:40+00,2025-01-02 09:22:10+00
14265dd7-d12c-5897-9e98-69008366ac87,,8f2d7823-5353-55b7-99c5-837cbc771d58,8517ed2a-3738-5e12-a1bc-f0e872fd3d71,55a697d5-1714-5398-ae7f-d600b7b9cb6b,DB Schenker,delivered,2024-07-21 03:35:14+00,2024-07-12 03:35:14+00,2024-07-20 22:06:36+00,"Shenzhen, China",2024-07-11 23:00:02+00,2025-01-02 09:02:18+00
8727d556-9b3b-54ee-9271-2122d61b260d,,b0a7719d-51cd-5e7d-8e3d-67cc571130e0,6d6d0a34-9f5e-59b5-8834-675b7c7c4f20,8bf4913b-a196-5edd-83e2-d99126adc622,FedEx Logistics,delivered,2024-03-06 09:26:23+00,2024-02-26 09:26:23+00,2024-03-06 09:44:52+00,"Austin, USA",2024-02-24 01:06:50+00,2025-01-02 09:05:33+00
74c4a0bc-852f-50cd-a053-90d853e68106,,b0a7719d-51cd-5e7d-8e3d-67cc571130e0,6400998a-1542-5bd0-baca-290648d04849,4c82d6a2-442f-5659-ac31-216b5ddf1168,DB Schenker,delivered,2024-05-15 21:28:38+00,2024-05-08 21:28:38+00,2024-05-14 16:28:59+00,"Austin, USA",2024-05-07 17:07:07+00,2025-01-02 09:20:05+00
2e2e2210-7941-535a-a743-02a60dedd8f4,,b0a7719d-51cd-5e7d-8e3d-67cc571130e0,81c0642e-2463-5abd-ae26-b4b567d51419,f6fca5b6-e14e-5762-94f8-6ed87447fd1c,FedEx Logistics,delivered,2024-11-01 03:14:01+00,2024-10-29 03:14:01+00,2024-11-11 03:38:24+00,"Austin, USA",2024-10-28 18:31:02+00,2025-01-02 09:00:39+00
0aa18637-dc9a-5510-b8b9-320ffa56cd06,,8f2d7823-5353-55b7-99c5-837cbc771d58,81c0642e-2463-5abd-ae26-b4b567d51419,f27fc8cc-12c6-54e6-a297-4df952975661,DHL Freight,delivered,2024-03-28 17:59:45+00,2024-03-19 17:59:45+00,2024-03-28 12:17:12+00,"Shenzhen, China",2024-03-17 15:41:28+00,2025-01-02 09:10:37+00
1983f6c9-28d7-52e7-9998-f73ec0f2d49d,,b0a7719d-51cd-5e7d-8e3d-67cc571130e0,81c0642e-2463-5abd-ae26-b4b567d51419,c5ea70df-a2b4-5d45-9ede-ad0da0f27dc9,FedEx Logistics,delivered,2024-10-19 00:17:02+00,2024-10-12 00:17:02+00,2024-10-18 01:23:32+00,"Austin, USA",2024-10-09 17:39:52+00,2025-01-02 09:12:16+00
04356460-0137-5b15-922c-52921d606ca5,,05f60979-948c-56c4-8971-f733be532412,a71f4bf4-a78e-5fa3-a8bd-e34ee2c97dcd,1a4e08c0-4709-55dc-9417-7a3fa8a7f616,FedEx Logistics,delivered,2024-04-29 06:22:45+00,2024-04-21 06:22:45+00,2024-04-29 03:49:56+00,"Monterrey, Mexico",2024-04-18 00:05:46+00,2025-01-02 09:18:36+00
10dd869c-661f-5888-bbdd-54d261ccad9e,,05f60979-948c-56c4-8971-f733be532412,6d6d0a34-9f5e-59b5-8834-675b7c7c4f20,82d233a8-d9cf-53ee-b7d3-2f37c3cdb152,DHL Freight,delivered,2024-03-22 21:31:09+00,2024-03-19 21:31:09+00,2024-03-22 11:52:25+00,"Monterrey, Mexico",2024-03-19 17:30:18+00,2025-01-02 09:27:17+00
56e7895f-8aef-537b-a2ee-e3297be6c928,,05f60979-948c-56c4-8971-f733be532412,81c0642e-2463-5abd-ae26-b4b567d51419,a37559b6-2485-5f5d-a2f7-eb21f6bb9443,DHL Freight,delivered,2024-09-14 03:49:37+00,2024-09-07 03:49:37+00,2024-09-14 04:03:53+00,"Monterrey, Mexico",2024-09-06 00:44:04+00,2025-01-02 09:19:18+00
730b17a1-a067-5439-bbe4-489287b945e9,,3bd995d9-5386-5200-b14c-337fc57a8bb6,22113422-0935-5ebd-b323-7908c0e6bfd5,c232d91c-e6d8-57b9-9033-2a247991e3d2,DB Schenker,delivered,2024-09-21 04:14:49+00,2024-09-13 04:14:49+00,2024-09-20 11:52:40+00,"Pune, India",2024-09-11 18:49:27+00,2025-01-02 09:27:43+00
a8f01ce0-b90f-5c69-800b-ef01495e1f0b,,8f2d7823-5353-55b7-99c5-837cbc771d58,22113422-0935-5ebd-b323-7908c0e6bfd5,4a2c5e89-2bb1-5b23-ad10-ad9ede5efc51,DB Schenker,delivered,2024-03-26 06:35:09+00,2024-03-18 06:35:09+00,2024-03-29 06:58:13+00,"Shenzhen, China",2024-03-14 20:58:16+00,2025-01-02 09:14:11+00
edeb1fe4-eb38-5e23-8d29-2aaac88d387c,,05f60979-948c-56c4-8971-f733be532412,a71f4bf4-a78e-5fa3-a8bd-e34ee2c97dcd,30213c96-8ff6-526c-8b89-68ab7f4ea9eb,DHL Freight,delivered,2024-04-02 01:01:32+00,2024-03-24 01:01:32+00,2024-04-13 01:02:56+00,"Monterrey, Mexico",2024-03-22 18:33:02+00,2025-01-02 09:07:28+00
63ab22c5-b0d4-554b-a164-d53e6086e52c,,8f2d7823-5353-55b7-99c5-837cbc771d58,915b9517-c3e0-56bb-9f5b-959c6c507cc4,6bf2fa1b-2d4b-53a9-b25d-6f2242d458cb,DHL Freight,delivered,2024-11-21 21:27:44+00,2024-11-14 21:27:44+00,2024-11-21 00:35:45+00,"Shenzhen, China",2024-11-11 19:47:01+00,2025-01-02 09:24:09+00
62ac7822-e683-513f-be2a-99444ac6cc05,,3bd995d9-5386-5200-b14c-337fc57a8bb6,8517ed2a-3738-5e12-a1bc-f0e872fd3d71,ccd1f40c-aab3-5314-8bd6-8c3781e3417f,DB Schenker,delivered,2024-03-14 00:20:24+00,2024-03-05 00:20:24+00,2024-03-13 03:30:18+00,"Pune, India",2024-03-02 20:15:01+00,2025-01-02 09:18:49+00
0b128f93-3e3c-5f8d-b757-60cb280e6672,,b0a7719d-51cd-5e7d-8e3d-67cc571130e0,915b9517-c3e0-56bb-9f5b-959c6c507cc4,d472e072-caf3-5102-99bf-4a8d1ac07484,DB Schenker,delivered,2024-04-16 08:04:35+00,2024-04-11 08:04:35+00,2024-04-15 07:31:50+00,"Austin, USA",2024-04-08 23:01:23+00,2025-01-02 09:12:05+00
91dd14d5-6e4e-524e-bb47-a2471ed24db3,,8f2d7823-5353-55b7-99c5-837cbc771d58,8517ed2a-3738-5e12-a1bc-f0e872fd3d71,ad2782c4-7813-5f73-9198-c247e1b6303b,DHL Freight,delivered,2024-09-25 18:15:21+00,2024-09-18 18:15:21+00,2024-09-24 17:26:11+00,"Shenzhen, China",2024-09-15 16:55:12+00,2025-01-02 09:28:38+00
90e3b334-5090-5207-a7bd-d527306bc801,,3bd995d9-5386-5200-b14c-337fc57a8bb6,22113422-0935-5ebd-b323-7908c0e6bfd5,e63c5b82-2e89-51ca-bad5-798a37e404e4,DB Schenker,delivered,2024-09-19 03:18:41+00,2024-09-13 03:18:41+00,2024-09-18 19:38:54+00,"Pune, India",2024-09-09 19:00:05+00,2025-01-02 09:20:35+00
d9bc133a-7c2a-59b5-b633-afcd09f43177,,c981f5ef-8774-5129-b83a-c9448b008bfa,915b9517-c3e0-56bb-9f5b-959c6c507cc4,ec8fbe26-fb38-5e8f-8779-3acf131e6a08,DB Schenker,delivered,2024-10-13 17:24:07+00,2024-10-05 17:24:07+00,2024-10-13 08:50:46+00,"Stuttgart, Germany",2024-10-04 14:53:50+00,2025-01-02 09:12:25+00
85864b73-dd62-5527-964a-376a5afc92d0,,8f2d7823-5353-55b7-99c5-837cbc771d58,a71f4bf4-a78e-5fa3-a8bd-e34ee2c97dcd,f5947793-661f-512d-9763-2c7ea53fc70f,DB Schenker,delivered,2024-11-10 21:34:50+00,2024-11-05 21:34:50+00,2024-11-16 22:14:10+00,"Shenzhen, China",2024-11-02 14:06:59+00,2025-01-02 09:04:42+00
9425ad29-f11f-579c-9aa3-2f3fb88e6ac3,,05f60979-948c-56c4-8971-f733be532412,a71f4bf4-a78e-5fa3-a8bd-e34ee2c97dcd,8ad2f30b-a487-5818-a843-7181a6b30f77,DB Schenker,delivered,2024-07-07 19:02:03+00,2024-07-01 19:02:03+00,2024-07-06 17:39:58+00,"Monterrey, Mexico",2024-06-29 17:53:12+00,2025-01-02 09:09:54+00
b9673c33-b1d7-581c-92f8-a580fcfc78e8,,b0a7719d-51cd-5e7d-8e3d-67cc571130e0,6d6d0a34-9f5e-59b5-8834-675b7c7c4f20,f007d71a-699a-507f-9b43-7a89e9b30266,FedEx Logistics,delivered,2024-11-29 03:23:02+00,2024-11-26 03:23:02+00,2024-12-02 03:23:36+00,"Austin, USA",2024-11-25 20:06:54+00,2025-01-02 09:27:53+00
912adfe6-e474-5351-bb9c-0f4e0a45e55e,,8f2d7823-5353-55b7-99c5-837cbc771d58,6d6d0a34-9f5e-59b5-8834-675b7c7c4f20,2f347449-87b4-5e36-8229-9418742d3fe1,DB Schenker,delivered,2024-04-08 07:12:26+00,2024-04-02 07:12:26+00,2024-04-19 07:52:52+00,"Shenzhen, China",2024-04-01 21:32:19+00,2025-01-02 09:29:19+00
31757fbd-ae5e-521d-9f1f-796c0d218138,,b0a7719d-51cd-5e7d-8e3d-67cc571130e0,22113422-0935-5ebd-b323-7908c0e6bfd5,41b6c4c0-afb3-54a4-ad67-0da6e7fd5743,DB Schenker,delivered,2024-04-23 23:45:20+00,2024-04-20 23:45:20+00,2024-04-23 13:56:07+00,"Austin, USA",2024-04-18 20:43:45+00,2025-01-02 09:01:38+00
b2875083-556e-5cd9-9325-43a3a0d0ae86,,b0a7719d-51cd-5e7d-8e3d-67cc571130e0,8517ed2a-3738-5e12-a1bc-f0e872fd3d71,c9e8ed40-9a71-572c-9a15-742d0799b812,DB Schenker,delivered,2024-10-02 14:56:43+00,2024-09-26 14:56:43+00,2024-10-01 13:09:27+00,"Austin, USA",2024-09-24 10:49:04+00,2025-01-02 09:11:35+00
5f52b516-d55d-5279-9de5-694e5fc2f53c,,c981f5ef-8774-5129-b83a-c9448b008bfa,22113422-0935-5ebd-b323-7908c0e6bfd5,de4c166e-9fd0-5781-b529-eb5d037dd16d,FedEx Logistics,delivered,2024-03-11 21:48:11+00,2024-03-08 21:48:11+00,2024-03-11 01:10:08+00,"Stuttgart, Germany",2024-03-05 15:14:32+00,2025-01-02 09:29:00+00
6872e7af-7056-5fb6-b9e3-3d02ac4b8627,,b0a7719d-51cd-5e7d-8e3d-67cc571130e0,915b9517-c3e0-56bb-9f5b-959c6c507cc4,cc74909e-45a9-5329-b89e-2b1d7985d686,DB Schenker,delivered,2024-09-10 18:33:39+00,2024-09-06 18:33:39+00,2024-09-10 09:53:07+00,"Austin, USA",2024-09-04 12:55:39+00,2025-01-02 09:01:20+00
172a10de-3e46-5802-a5ef-45491898aeb0,,3bd995d9-5386-5200-b14c-337fc57a8bb6,81c0642e-2463-5abd-ae26-b4b567d51419,a1ec78ee-3a63-522a-ba55-9d9f96031c5d,DB Schenker,delivered,2024-05-29 09:08:37+00,2024-05-26 09:08:37+00,2024-05-28 13:32:32+00,"Pune, India",2024-05-25 23:27:59+00,2025-01-02 09:01:57+00
bd7229cd-d400-5bc9-ab6f-2ccde2e791a4,,b0a7719d-51cd-5e7d-8e3d-67cc571130e0,6d6d0a34-9f5e-59b5-8834-675b7c7c4f20,c9e31584-2d77-5296-ba1e-20c03a524d9e,FedEx Logistics,delivered,2024-05-09 02:02:00+00,2024-05-03 02:02:00+00,2024-05-08 15:12:11+00,"Austin, USA",2024-05-01 22:21:15+00,2025-01-02 09:09:28+00
72f650c8-466f-5df2-8414-901a29e612ed,,b0a7719d-51cd-5e7d-8e3d-67cc571130e0,42ad692d-b82d-5a13-91a1-a9fd0fcaf73b,6117af60-06ba-58e9-b926-9cb02bea2d94,FedEx Logistics,delivered,2024-02-04 20:53:43+00,2024-01-27 20:53:43+00,2024-02-04 08:00:43+00,"Austin, USA",2024-01-24 19:37:42+00,2025-01-02 09:28:15+00
63e23f92-d7cc-5255-8941-6109525a97ec,,3bd995d9-5386-5200-b14c-337fc57a8bb6,a71f4bf4-a78e-5fa3-a8bd-e34ee2c97dcd,63780745-f4ae-5f49-8f2f-cc10d8bf0289,FedEx Logistics,delivered,2024-11-06 00:33:00+00,2024-11-03 00:33:00+00,2024-11-05 12:34:05+00,"Pune, India",2024-10-30 21:04:14+00,2025-01-02 09:10:47+00
de5c78e1-ea3d-52aa-bf3c-6f4a9a0f2546,,05f60979-948c-56c4-8971-f733be532412,8517ed2a-3738-5e12-a1bc-f0e872fd3d71,f3b6376f-6615-5943-b352-8c7e33895f96,FedEx Logistics,delivered,2024-09-16 02:35:39+00,2024-09-09 02:35:39+00,2024-09-15 05:35:56+00,"Monterrey, Mexico",2024-09-09 00:10:06+00,2025-01-02 09:26:55+00
867def41-5540-5526-809a-56b27ced8c5f,,b0a7719d-51cd-5e7d-8e3d-67cc571130e0,915b9517-c3e0-56bb-9f5b-959c6c507cc4,7a9f890e-fcaf-5830-9e25-5d2dcbd79355,DHL Freight,delivered,2024-03-11 20:48:37+00,2024-03-05 20:48:37+00,2024-03-15 21:14:06+00,"Austin, USA",2024-03-05 14:19:44+00,2025-01-02 09:02:59+00
1c407738-3ae1-5aab-92ee-f72bc0c2e609,,b0a7719d-51cd-5e7d-8e3d-67cc571130e0,915b9517-c3e0-56bb-9f5b-959c6c507cc4,86c5c457-174e-5c1f-bc76-afbcd03420ca,DHL Freight,delivered,2024-11-27 17:51:21+00,2024-11-23 17:51:21+00,2024-11-27 17:16:58+00,"Austin, USA",2024-11-21 12:21:10+00,2025-01-02 09:25:29+00
537268b8-6b4b-543f-a55e-058109531364,,3bd995d9-5386-5200-b14c-337fc57a8bb6,22113422-0935-5ebd-b323-7908c0e6bfd5,38ac07a4-4ef5-515a-8bd4-ec28a09c75f8,DHL Freight,delivered,2024-10-31 22:40:13+00,2024-10-23 22:40:13+00,2024-10-31 20:19:18+00,"Pune, India",2024-10-20 21:18:26+00,2025-01-02 09:27:07+00
4754521e-182a-5b9d-bd1d-32e8d86a4884,,3bd995d9-5386-5200-b14c-337fc57a8bb6,8517ed2a-3738-5e12-a1bc-f0e872fd3d71,f673bf1a-d9a9-5879-b3e4-db3b43df27f6,DB Schenker,delivered,2024-11-14 05:47:56+00,2024-11-07 05:47:56+00,2024-11-13 18:27:34+00,"Pune, India",2024-11-03 22:27:26+00,2025-01-02 09:00:44+00
0b9ba928-23e1-5461-825e-956c3c311b84,,8f2d7823-5353-55b7-99c5-837cbc771d58,42ad692d-b82d-5a13-91a1-a9fd0fcaf73b,69bcddbf-d205-5c1c-a7fd-7d5c95a705db,DHL Freight,delivered,2024-11-17 07:07:19+00,2024-11-10 07:07:19+00,2024-11-16 11:45:30+00,"Shenzhen, China",2024-11-09 00:25:52+00,2025-01-02 09:25:00+00
9c281d3a-b72a-5aa2-89c8-322fb0de7ba9,,3bd995d9-5386-5200-b14c-337fc57a8bb6,6400998a-1542-5bd0-baca-290648d04849,cb37fed3-5df3-524c-a40b-5db51155ecf6,DB Schenker,delivered,2024-04-06 03:03:43+00,2024-03-31 03:03:43+00,2024-04-05 02:09:46+00,"Pune, India",2024-03-29 22:31:05+00,2025-01-02 09:13:37+00
5fecc72b-9242-5df9-86e4-2eb011fe37b4,,05f60979-948c-56c4-8971-f733be532412,22113422-0935-5ebd-b323-7908c0e6bfd5,43b0cea3-6166-57c5-9c12-0f576a423232,DB Schenker,delivered,2024-04-01 05:10:03+00,2024-03-29 05:10:03+00,2024-03-31 16:43:25+00,"Monterrey, Mexico",2024-03-28 02:08:19+00,2025-01-02 09:21:56+00
3998a6b1-c83d-5de9-9c14-d15a331186b2,,3bd995d9-5386-5200-b14c-337fc57a8bb6,a71f4bf4-a78e-5fa3-a8bd-e34ee2c97dcd,3303bb8e-3944-5164-a5e9-237c2d0138b8,DB Schenker,delivered,2024-03-16 22:14:30+00,2024-03-08 22:14:30+00,2024-03-15 19:42:08+00,"Pune, India",2024-03-05 18:05:25+00,2025-01-02 09:13:00+00
6d90c10e-8c5b-50dc-8a47-560353d63fa2,,8f2d7823-5353-55b7-99c5-837cbc771d58,81c0642e-2463-5abd-ae26-b4b567d51419,4ba1edc5-f745-5752-af8f-c8081ca1737c,DB Schenker,delivered,2024-11-10 17:35:55+00,2024-11-06 17:35:55+00,2024-11-09 14:07:19+00,"Shenzhen, China",2024-11-05 14:08:58+00,2025-01-02 09:26:04+00
91784ab2-c08d-5b55-a322-7c24e2d0c2c2,,3bd995d9-5386-5200-b14c-337fc57a8bb6,8517ed2a-3738-5e12-a1bc-f0e872fd3d71,c1187c6b-5855-5286-bbf3-47e8d1bd03f1,DHL Freight,delivered,2024-09-23 02:56:34+00,2024-09-18 02:56:34+00,2024-09-22 05:07:27+00,"Pune, India",2024-09-14 18:40:25+00,2025-01-02 09:13:54+00
e88956a1-4eb5-569b-9d9e-a6c2423cef5e,,05f60979-948c-56c4-8971-f733be532412,6400998a-1542-5bd0-baca-290648d04849,8eb329bc-de77-58bc-a9fb-3e7907b5190d,DHL Freight,delivered,2024-02-17 05:23:10+00,2024-02-14 05:23:10+00,2024-02-16 21:23:10+00,"Monterrey, Mexico",2024-02-13 02:21:42+00,2025-01-02 09:00:25+00
f072c164-7c0c-55fa-8122-673c74182eae,,c981f5ef-8774-5129-b83a-c9448b008bfa,22113422-0935-5ebd-b323-7908c0e6bfd5,b23b79d9-9a90-5ccd-9eb4-d311e5708f1b,DHL Freight,delivered,2024-11-16 03:47:26+00,2024-11-07 03:47:26+00,2024-11-15 19:21:12+00,"Stuttgart, Germany",2024-11-04 22:38:00+00,2025-01-02 09:12:44+00
18750897-264a-541e-a871-52838edde868,,3bd995d9-5386-5200-b14c-337fc57a8bb6,42ad692d-b82d-5a13-91a1-a9fd0fcaf73b,3991eda5-d4c5-5dd1-949e-c610087eb937,DB Schenker,delivered,2024-02-09 02:15:55+00,2024-02-05 02:15:55+00,2024-02-07 23:21:39+00,"Pune, India",2024-02-04 17:53:18+00,2025-01-02 09:18:59+00
f239e896-921f-5bed-8682-3d2c38ae8d01,,8f2d7823-5353-55b7-99c5-837cbc771d58,a71f4bf4-a78e-5fa3-a8bd-e34ee2c97dcd,6288efa2-1339-5999-9155-9d989be840a1,DHL Freight,delivered,2024-12-02 21:32:31+00,2024-11-26 21:32:31+00,2024-12-02 03:15:00+00,"Shenzhen, China",2024-11-23 15:02:44+00,2025-01-02 09:17:31+00
b1abccbf-fc3c-599e-80b6-4003a09a892f,,c981f5ef-8774-5129-b83a-c9448b008bfa,8517ed2a-3738-5e12-a1bc-f0e872fd3d71,aff10c08-e223-5bfc-b44e-8c2ccf071b9b,DHL Freight,delivered,2024-01-28 02:24:49+00,2024-01-25 02:24:49+00,2024-01-27 21:54:20+00,"Stuttgart, Germany",2024-01-22 22:10:15+00,2025-01-02 09:01:30+00
f4226fcf-0543-549e-a9d3-9a3fef2052a7,,3bd995d9-5386-5200-b14c-337fc57a8bb6,6400998a-1542-5bd0-baca-290648d04849,664b5939-a45b-5a98-8820-412109ea1c17,FedEx Logistics,delivered,2024-09-21 17:24:54+00,2024-09-15 17:24:54+00,2024-09-21 04:59:27+00,"Pune, India",2024-09-12 13:11:00+00,2025-01-02 09:19:45+00
ef49095d-55a5-529a-9147-cae71f6abb3f,,05f60979-948c-56c4-8971-f733be532412,22113422-0935-5ebd-b323-7908c0e6bfd5,f04a5480-848e-5f39-b60b-afb4ef68b842,FedEx Logistics,delivered,2024-10-22 06:20:59+00,2024-10-17 06:20:59+00,2024-10-29 06:23:20+00,"Monterrey, Mexico",2024-10-16 22:20:45+00,2025-01-02 09:10:46+00
872b0785-8cc6-513e-8266-e397b2a3ba6c,,8f2d7823-5353-55b7-99c5-837cbc771d58,6d6d0a34-9f5e-59b5-8834-675b7c7c4f20,94578889-1871-53cf-9355-4eb5453835d3,DB Schenker,delivered,2024-09-18 23:29:48+00,2024-09-09 23:29:48+00,2024-09-18 23:13:30+00,"Shenzhen, China",2024-09-08 18:24:01+00,2025-01-02 09:19:24+00
daf98124-da0f-5396-944f-36ad8000c5e6,,05f60979-948c-56c4-8971-f733be532412,a71f4bf4-a78e-5fa3-a8bd-e34ee2c97dcd,f605b185-64ea-5dd1-b51c-81e6817c2269,DB Schenker,delivered,2024-11-04 05:56:07+00,2024-11-01 05:56:07+00,2024-11-03 03:25:46+00,"Monterrey, Mexico",2024-10-29 00:54:52+00,2025-01-02 09:05:20+00
b5a036eb-0c33-5680-a41c-dd01179430a8,,c981f5ef-8774-5129-b83a-c9448b008bfa,42ad692d-b82d-5a13-91a1-a9fd0fcaf73b,1df50dc8-32b3-59af-b7c6-d5b4ea99639b,DHL Freight,delivered,2024-02-14 01:44:55+00,2024-02-08 01:44:55+00,2024-02-14 02:14:15+00,"Stuttgart, Germany",2024-02-04 22:19:35+00,2025-01-02 09:21:53+00
8d0ee7c3-fba8-58a7-a14d-5b42ddf669ef,,8f2d7823-5353-55b7-99c5-837cbc771d58,42ad692d-b82d-5a13-91a1-a9fd0fcaf73b,056f5275-86fb-5dfc-8c76-645643aa73d9,DB Schenker,delivered,2024-06-27 08:25:24+00,2024-06-21 08:25:24+00,2024-06-26 09:30:14+00,"Shenzhen, China",2024-06-19 01:07:30+00,2025-01-02 09:08:54+00
2c08f3ce-05b0-5fff-be22-ffcecd109446,,3bd995d9-5386-5200-b14c-337fc57a8bb6,22113422-0935-5ebd-b323-7908c0e6bfd5,1b6fd9d0-54b6-5411-a7a1-91d8cd29470c,FedEx Logistics,delivered,2024-05-15 22:39:32+00,2024-05-08 22:39:32+00,2024-05-15 05:18:29+00,"Pune, India",2024-05-07 20:03:51+00,2025-01-02 09:07:12+00
ab5dc5ae-c99f-5fc6-97a1-87e780ac8f0a,,8f2d7823-5353-55b7-99c5-837cbc771d58,22113422-0935-5ebd-b323-7908c0e6bfd5,1b762eb0-0abd-5d2d-bb15-49c06a82711f,DHL Freight,delivered,2024-09-14 19:22:35+00,2024-09-09 19:22:35+00,2024-09-13 15:44:05+00,"Shenzhen, China",2024-09-06 17:42:22+00,2025-01-02 09:19:46+00
6bd5325a-c8ef-5bf3-a124-e11d1cd5ffaa,,b0a7719d-51cd-5e7d-8e3d-67cc571130e0,42ad692d-b82d-5a13-91a1-a9fd0fcaf73b,9f731382-e0a3-5be1-b5d7-bf86604e074a,DB Schenker,delivered,2024-11-15 04:36:46+00,2024-11-06 04:36:46+00,2024-11-15 00:45:45+00,"Austin, USA",2024-11-04 21:06:59+00,2025-01-02 09:21:50+00
008c8680-144f-5610-bff6-ca1fb191b543,,b0a7719d-51cd-5e7d-8e3d-67cc571130e0,6d6d0a34-9f5e-59b5-8834-675b7c7c4f20,225efd03-a52d-5b48-90cd-40e8adb16021,FedEx Logistics,delivered,2024-10-20 12:25:39+00,2024-10-17 12:25:39+00,2024-10-19 08:02:04+00,"Austin, USA",2024-10-17 08:48:15+00,2025-01-02 09:22:17+00
36e1f70b-cb85-545e-84cc-1d5459b114d2,,b0a7719d-51cd-5e7d-8e3d-67cc571130e0,42ad692d-b82d-5a13-91a1-a9fd0fcaf73b,75aa1f81-4e17-58ab-8d42-795578f7268b,DB Schenker,delivered,2024-06-11 06:28:35+00,2024-06-06 06:28:35+00,2024-06-16 06:59:19+00,"Austin, USA",2024-06-04 02:11:25+00,2025-01-02 09:17:11+00
76edcdfa-80bd-5e64-b7b0-cc2cbeaec9cc,,8f2d7823-5353-55b7-99c5-837cbc771d58,6d6d0a34-9f5e-59b5-8834-675b7c7c4f20,e242005d-519b-5180-b488-c0fbbe51a6bb,DHL Freight,delivered,2024-11-21 20:28:11+00,2024-11-12 20:28:11+00,2024-11-20 17:11:40+00,"Shenzhen, China",2024-11-10 12:07:42+00,2025-01-02 09:02:54+00
44b4125d-c58e-598c-8033-bc23c39b2621,,c981f5ef-8774-5129-b83a-c9448b008bfa,42ad692d-b82d-5a13-91a1-a9fd0fcaf73b,1bacc0ca-4d3b-54f0-a2a8-47ce30c4d435,DB Schenker,delivered,2024-07-29 09:06:48+00,2024-07-22 09:06:48+00,2024-07-28 04:15:35+00,"Stuttgart, Germany",2024-07-21 23:32:36+00,2025-01-02 09:11:29+00
7cc3a9e3-1845-5599-a56a-ab71dcbb06a3,,8f2d7823-5353-55b7-99c5-837cbc771d58,81c0642e-2463-5abd-ae26-b4b567d51419,25df2949-6a0b-5442-b267-a32119a9b75e,FedEx Logistics,delivered,2024-09-22 17:33:49+00,2024-09-14 17:33:49+00,2024-09-22 05:39:04+00,"Shenzhen, China",2024-09-12 15:07:21+00,2025-01-02 09:17:58+00
840b6919-dadb-5941-8fe0-4c92af076b40,,b0a7719d-51cd-5e7d-8e3d-67cc571130e0,6d6d0a34-9f5e-59b5-8834-675b7c7c4f20,f12e6fee-58dd-5c53-a53f-c9b492360789,DB Schenker,delivered,2024-06-03 02:50:56+00,2024-05-29 02:50:56+00,2024-06-02 00:09:26+00,"Austin, USA",2024-05-26 18:11:41+00,2025-01-02 09:21:22+00
545a69e1-05d4-5f4d-bd4f-85cec9ad8ccc,,b0a7719d-51cd-5e7d-8e3d-67cc571130e0,6d6d0a34-9f5e-59b5-8834-675b7c7c4f20,b68eb099-ddcd-5d2b-94ae-0a55dc469d21,FedEx Logistics,delivered,2024-05-25 08:38:29+00,2024-05-17 08:38:29+00,2024-05-24 15:54:57+00,"Austin, USA",2024-05-15 01:25:20+00,2025-01-02 09:17:27+00
71687765-afcc-52dd-aad6-4ff301cd8b6f,,05f60979-948c-56c4-8971-f733be532412,8517ed2a-3738-5e12-a1bc-f0e872fd3d71,f0aaaa46-1805-5162-9fba-229287fc5445,DHL Freight,delivered,2024-03-23 02:16:42+00,2024-03-20 02:16:42+00,2024-03-28 02:45:16+00,"Monterrey, Mexico",2024-03-19 22:48:14+00,2025-01-02 09:08:24+00
34ac0d2b-0568-5316-b48a-3550d3e145b4,,b0a7719d-51cd-5e7d-8e3d-67cc571130e0,8517ed2a-3738-5e12-a1bc-f0e872fd3d71,8d0cf19a-ca3c-5e78-bc7b-1ad2527fffed,DB Schenker,delivered,2024-09-28 23:17:06+00,2024-09-21 23:17:06+00,2024-09-28 07:44:18+00,"Austin, USA",2024-09-19 16:43:02+00,2025-01-02 09:05:33+00
46e38cfa-a36f-5313-980d-625d0564838b,,05f60979-948c-56c4-8971-f733be532412,42ad692d-b82d-5a13-91a1-a9fd0fcaf73b,b78bcc15-1f15-5cf2-b33a-744b9d809b71,FedEx Logistics,delivered,2024-01-28 03:19:34+00,2024-01-25 03:19:34+00,2024-01-28 03:23:08+00,"Monterrey, Mexico",2024-01-22 18:50:09+00,2025-01-02 09:05:17+00
33bb98c8-4b1a-53c7-b4e7-3bf0f752ce6e,,8f2d7823-5353-55b7-99c5-837cbc771d58,22113422-0935-5ebd-b323-7908c0e6bfd5,bcc18423-b2dd-510f-ade5-5779c2dae9fc,DB Schenker,delivered,2024-05-03 03:25:16+00,2024-04-24 03:25:16+00,2024-05-02 14:51:23+00,"Shenzhen, China",2024-04-22 22:21:21+00,2025-01-02 09:12:47+00
38c73d5a-4021-5c89-849f-224145c1669d,,05f60979-948c-56c4-8971-f733be532412,6400998a-1542-5bd0-baca-290648d04849,05496d1b-81f5-5ffa-9dfb-0d1d8569486e,DHL Freight,delivered,2024-04-24 03:59:24+00,2024-04-20 03:59:24+00,2024-04-23 10:41:09+00,"Monterrey, Mexico",2024-04-17 22:54:43+00,2025-01-02 09:28:12+00
39353d92-f58d-5382-a979-c69e6abb0713,,05f60979-948c-56c4-8971-f733be532412,915b9517-c3e0-56bb-9f5b-959c6c507cc4,f57ee370-b2e8-52c7-93eb-b9a8665e4c62,DHL Freight,delivered,2024-11-04 09:56:09+00,2024-10-26 09:56:09+00,2024-11-03 20:57:18+00,"Monterrey, Mexico",2024-10-25 00:28:24+00,2025-01-02 09:16:41+00
dedf9338-6399-5273-9db6-2f83d7df6030,,b0a7719d-51cd-5e7d-8e3d-67cc571130e0,6400998a-1542-5bd0-baca-290648d04849,b3fc32c4-dd28-54f2-9896-322df5086f3e,FedEx Logistics,delivered,2024-09-01 00:54:35+00,2024-08-23 00:54:35+00,2024-08-31 12:07:49+00,"Austin, USA",2024-08-22 16:53:14+00,2025-01-02 09:01:54+00
aa77d6db-7300-599a-935b-10eea0cda4a1,,05f60979-948c-56c4-8971-f733be532412,6400998a-1542-5bd0-baca-290648d04849,ae56733f-20fe-50fd-b664-41e6d452be40,DHL Freight,delivered,2024-09-17 15:08:10+00,2024-09-13 15:08:10+00,2024-09-30 15:45:04+00,"Monterrey, Mexico",2024-09-10 13:56:20+00,2025-01-02 09:05:45+00
86df7ab7-6eaf-5941-a03d-37e682d90a8d,,05f60979-948c-56c4-8971-f733be532412,a71f4bf4-a78e-5fa3-a8bd-e34ee2c97dcd,5e2d1f14-299d-5a46-a8f3-5665315b3117,DB Schenker,delivered,2024-09-30 15:59:24+00,2024-09-21 15:59:24+00,2024-09-30 16:39:15+00,"Monterrey, Mexico",2024-09-21 11:41:02+00,2025-01-02 09:03:46+00
df756f22-9593-5dfa-8de8-9c4ade130dd6,,b0a7719d-51cd-5e7d-8e3d-67cc571130e0,22113422-0935-5ebd-b323-7908c0e6bfd5,90cd43f8-4622-5aa2-8be9-dd43304c78b3,DB Schenker,delivered,2024-09-22 04:37:06+00,2024-09-16 04:37:06+00,2024-09-21 18:47:32+00,"Austin, USA",2024-09-12 20:27:54+00,2025-01-02 09:03:39+00
12803765-493d-503b-a337-402afc54b9f7,,3bd995d9-5386-5200-b14c-337fc57a8bb6,6400998a-1542-5bd0-baca-290648d04849,979bb180-74d4-50b8-bf7f-37c4f5ca507e,FedEx Logistics,delivered,2024-10-15 18:57:49+00,2024-10-09 18:57:49+00,2024-11-03 19:21:58+00,"Pune, India",2024-10-07 09:56:56+00,2025-01-02 09:14:03+00
f12505e1-ace5-5708-87ab-a1112fed0426,,b0a7719d-51cd-5e7d-8e3d-67cc571130e0,6d6d0a34-9f5e-59b5-8834-675b7c7c4f20,a6626fa2-21d7-551a-a7a0-642aebc55ec8,DB Schenker,delivered,2024-06-15 09:00:46+00,2024-06-12 09:00:46+00,2024-06-15 02:39:53+00,"Austin, USA",2024-06-10 00:17:04+00,2025-01-02 09:18:31+00
429205e8-9eb7-591c-a80e-7352a7826224,,3bd995d9-5386-5200-b14c-337fc57a8bb6,8517ed2a-3738-5e12-a1bc-f0e872fd3d71,3e66a839-352e-56f1-8c3c-dfe10256d830,DB Schenker,delivered,2024-09-30 23:00:29+00,2024-09-21 23:00:29+00,2024-09-30 23:11:59+00,"Pune, India",2024-09-21 19:15:35+00,2025-01-02 09:25:33+00
2ede8bc3-77ef-5afd-bbbc-ef15c1dde893,,b0a7719d-51cd-5e7d-8e3d-67cc571130e0,8517ed2a-3738-5e12-a1bc-f0e872fd3d71,6f0c1c47-d0aa-59cb-be73-b61365b73560,DHL Freight,delivered,2024-03-04 21:58:13+00,2024-02-25 21:58:13+00,2024-03-04 03:07:46+00,"Austin, USA",2024-02-24 19:34:04+00,2025-01-02 09:13:19+00
c457337a-77aa-5f79-9025-a138608ce034,,05f60979-948c-56c4-8971-f733be532412,915b9517-c3e0-56bb-9f5b-959c6c507cc4,70d8a591-1ea3-580a-b849-d65366d45aa0,DHL Freight,delivered,2024-10-15 12:07:15+00,2024-10-09 12:07:15+00,2024-10-24 12:38:38+00,"Monterrey, Mexico",2024-10-07 09:04:28+00,2025-01-02 09:13:44+00
50c16309-e3e0-51dc-8d50-6372281c9d4e,,3bd995d9-5386-5200-b14c-337fc57a8bb6,a71f4bf4-a78e-5fa3-a8bd-e34ee2c97dcd,7e1bb23e-d065-589c-b14c-7be68bd851d0,FedEx Logistics,delivered,2024-04-15 07:15:33+00,2024-04-08 07:15:33+00,2024-04-14 18:33:47+00,"Pune, India",2024-04-08 02:11:00+00,2025-01-02 09:22:40+00
5c90ce46-9731-5b3b-bf18-912fefe14c61,,05f60979-948c-56c4-8971-f733be532412,22113422-0935-5ebd-b323-7908c0e6bfd5,446925d2-0bb3-5d03-8472-09b6c178890f,DHL Freight,delivered,2024-09-01 00:53:21+00,2024-08-25 00:53:21+00,2024-08-31 13:28:27+00,"Monterrey, Mexico",2024-08-23 18:09:34+00,2025-01-02 09:27:55+00
e2c051e1-28db-57bc-9e87-a8a9fe330b90,,3bd995d9-5386-5200-b14c-337fc57a8bb6,8517ed2a-3738-5e12-a1bc-f0e872fd3d71,9c820ff2-ff70-5151-89a6-608293d9673f,DHL Freight,delayed,2024-12-28 04:52:57+00,2024-12-24 04:52:57+00,,"Pune, India",2024-12-23 01:23:39+00,2025-01-02 09:01:28+00
bd8a12f5-e714-5d66-84eb-f6d16deb0608,,b0a7719d-51cd-5e7d-8e3d-67cc571130e0,6d6d0a34-9f5e-59b5-8834-675b7c7c4f20,556f57ec-b50c-594f-bbf1-c258be53f7f3,FedEx Logistics,delivered,2024-10-23 00:54:05+00,2024-10-14 00:54:05+00,2024-10-26 01:34:23+00,"Austin, USA",2024-10-11 15:39:46+00,2025-01-02 09:05:29+00
4307c903-f596-5563-b6c7-c01f8e955fbf,,3bd995d9-5386-5200-b14c-337fc57a8bb6,22113422-0935-5ebd-b323-7908c0e6bfd5,9c0a1417-0c4b-5767-b5dc-fc08232a7473,FedEx Logistics,delivered,2024-09-29 23:28:32+00,2024-09-26 23:28:32+00,2024-09-29 14:38:32+00,"Pune, India",2024-09-26 14:51:37+00,2025-01-02 09:27:55+00
a3ef1a2c-eb42-5c54-8829-250e1e694ad7,,05f60979-948c-56c4-8971-f733be532412,8517ed2a-3738-5e12-a1bc-f0e872fd3d71,69b7a683-781c-5ee8-9f2d-b3aee08c7020,DB Schenker,delivered,2024-08-21 02:07:20+00,2024-08-14 02:07:20+00,2024-08-27 02:39:40+00,"Monterrey, Mexico",2024-08-10 22:51:16+00,2025-01-02 09:18:23+00
6f4dedae-d49f-52e6-a3e3-9a4825394ac3,,3bd995d9-5386-5200-b14c-337fc57a8bb6,42ad692d-b82d-5a13-91a1-a9fd0fcaf73b,b6b3a063-00f4-595f-89b9-9021cc335ba2,DHL Freight,delivered,2024-09-12 04:45:26+00,2024-09-08 04:45:26+00,2024-10-02 05:14:40+00,"Pune, India",2024-09-06 20:06:19+00,2025-01-02 09:20:47+00
b51cffc3-efaf-573e-9d8d-e1b38d525800,,b0a7719d-51cd-5e7d-8e3d-67cc571130e0,6d6d0a34-9f5e-59b5-8834-675b7c7c4f20,14266595-dce3-569e-9f84-469f5af8196b,DB Schenker,delivered,2024-09-24 23:04:20+00,2024-09-17 23:04:20+00,2024-09-24 15:09:09+00,"Austin, USA",2024-09-14 14:24:41+00,2025-01-02 09:22:46+00
f2e46484-75c8-5cc5-b431-e0e5473efc7b,,3bd995d9-5386-5200-b14c-337fc57a8bb6,915b9517-c3e0-56bb-9f5b-959c6c507cc4,bcc1d9d3-0f5b-51cc-839c-8827f61ad736,FedEx Logistics,delivered,2024-10-17 00:58:40+00,2024-10-12 00:58:40+00,2024-10-15 21:35:50+00,"Pune, India",2024-10-10 15:53:23+00,2025-01-02 09:23:54+00
f12a6882-4a88-52a3-a359-e33320a45168,,05f60979-948c-56c4-8971-f733be532412,81c0642e-2463-5abd-ae26-b4b567d51419,178cfcf5-f39b-54fd-a20a-a0bdfab9bf55,DB Schenker,delivered,2024-09-18 01:19:00+00,2024-09-14 01:19:00+00,2024-09-24 01:58:39+00,"Monterrey, Mexico",2024-09-13 18:39:12+00,2025-01-02 09:06:12+00
bf017bae-d6ed-5c79-91ba-8fe1589e7ffe,,05f60979-948c-56c4-8971-f733be532412,915b9517-c3e0-56bb-9f5b-959c6c507cc4,a97bcb3e-f206-503f-90f5-088255edd7bf,FedEx Logistics,delivered,2024-07-26 05:40:05+00,2024-07-17 05:40:05+00,2024-07-25 16:08:08+00,"Monterrey, Mexico",2024-07-15 20:22:06+00,2025-01-02 09:17:54+00
e81086aa-31d4-55ee-a3ae-0b5684cbf45a,,05f60979-948c-56c4-8971-f733be532412,a71f4bf4-a78e-5fa3-a8bd-e34ee2c97dcd,13e483c8-8b64-5064-8f7e-90a11dade26d,DHL Freight,delivered,2024-06-13 03:20:46+00,2024-06-05 03:20:46+00,2024-06-12 15:28:11+00,"Monterrey, Mexico",2024-06-02 01:10:28+00,2025-01-02 09:29:59+00
61c3865e-cfc1-5f25-96a5-b4fdd3159f6d,,b0a7719d-51cd-5e7d-8e3d-67cc571130e0,81c0642e-2463-5abd-ae26-b4b567d51419,f0252cae-f4da-5f35-a835-e93ae2e45437,DHL Freight,delivered,2024-11-02 00:17:35+00,2024-10-25 00:17:35+00,2024-10-31 19:56:17+00,"Austin, USA",2024-10-24 14:40:16+00,2025-01-02 09:29:05+00
4caff299-48bf-5295-a571-0b81e1086ab9,,8f2d7823-5353-55b7-99c5-837cbc771d58,6400998a-1542-5bd0-baca-290648d04849,445a4364-d606-52ec-8adb-a0e926441496,DB Schenker,delivered,2024-11-03 18:46:22+00,2024-10-28 18:46:22+00,2024-11-03 19:30:39+00,"Shenzhen, China",2024-10-28 09:37:14+00,2025-01-02 09:03:11+00
91ab7561-8f0c-5140-91a0-820ddd5b92ec,,8f2d7823-5353-55b7-99c5-837cbc771d58,22113422-0935-5ebd-b323-7908c0e6bfd5,b3b4ca30-ebc6-5fa6-8fce-77dcd0932364,DB Schenker,delivered,2024-07-15 23:35:15+00,2024-07-06 23:35:15+00,2024-07-15 19:50:13+00,"Shenzhen, China",2024-07-06 21:32:03+00,2025-01-02 09:08:46+00
8b87e3e5-cccc-52e7-844b-b9ca647a4d3a,,3bd995d9-5386-5200-b14c-337fc57a8bb6,6400998a-1542-5bd0-baca-290648d04849,674cd470-0a29-59af-a2b1-4b4a8bf085f7,DB Schenker,delivered,2024-03-11 15:00:04+00,2024-03-07 15:00:04+00,2024-03-10 23:29:52+00,"Pune, India",2024-03-06 10:41:19+00,2025-01-02 09:20:58+00
544a7303-e5b6-5543-ae2d-15673d20e9a8,,8f2d7823-5353-55b7-99c5-837cbc771d58,6d6d0a34-9f5e-59b5-8834-675b7c7c4f20,75b2fe56-7e63-5524-830b-40d9c05dbb92,DHL Freight,delivered,2024-10-24 20:37:26+00,2024-10-16 20:37:26+00,2024-10-24 05:19:21+00,"Shenzhen, China",2024-10-16 13:03:56+00,2025-01-02 09:17:16+00
2ffa1071-2eaa-5821-b821-4825ea6ce263,,3bd995d9-5386-5200-b14c-337fc57a8bb6,42ad692d-b82d-5a13-91a1-a9fd0fcaf73b,3a8d54cd-8be3-5db2-991b-8196351c1aba,FedEx Logistics,delivered,2024-03-23 02:18:07+00,2024-03-18 02:18:07+00,2024-03-22 23:29:46+00,"Pune, India",2024-03-17 17:47:56+00,2025-01-02 09:20:41+00
e435b26b-d1e7-55fa-a4fb-1376a0cdfedb,,c981f5ef-8774-5129-b83a-c9448b008bfa,915b9517-c3e0-56bb-9f5b-959c6c507cc4,14e8a518-68ac-533c-ad36-36755e8376cf,FedEx Logistics,delivered,2024-01-11 08:24:32+00,2024-01-06 08:24:32+00,2024-01-11 07:48:56+00,"Stuttgart, Germany",2024-01-06 01:54:30+00,2025-01-02 09:13:26+00
69c3a799-9699-53b3-ad9a-c3720fe73c0d,,3bd995d9-5386-5200-b14c-337fc57a8bb6,22113422-0935-5ebd-b323-7908c0e6bfd5,d9cfef3e-2e72-5e05-a3e9-87e5e4328c06,FedEx Logistics,delivered,2024-11-05 20:37:41+00,2024-10-29 20:37:41+00,2024-11-05 12:55:39+00,"Pune, India",2024-10-28 11:19:00+00,2025-01-02 09:11:56+00
f692a173-ff4e-5159-86a0-0fc8775f85d0,,b0a7719d-51cd-5e7d-8e3d-67cc571130e0,915b9517-c3e0-56bb-9f5b-959c6c507cc4,9054b283-98d7-598a-ab1f-02c4c922978a,DB Schenker,delivered,2024-11-18 20:12:15+00,2024-11-14 20:12:15+00,2024-11-18 05:15:45+00,"Austin, USA",2024-11-14 15:07:54+00,2025-01-02 09:14:49+00
ad47d544-d0e3-5dea-b65f-7318f6bd81db,,3bd995d9-5386-5200-b14c-337fc57a8bb6,a71f4bf4-a78e-5fa3-a8bd-e34ee2c97dcd,7be83914-ff41-5632-be1c-17cd6b1af240,DHL Freight,delivered,2024-04-11 22:20:13+00,2024-04-07 22:20:13+00,2024-04-11 08:27:59+00,"Pune, India",2024-04-05 21:06:41+00,2025-01-02 09:29:21+00
8b8eefd0-7a66-5579-b6d2-77105f541714,,05f60979-948c-56c4-8971-f733be532412,6400998a-1542-5bd0-baca-290648d04849,4c228464-faae-5861-9fa3-9faeb1e4cad4,DB Schenker,delivered,2024-10-03 06:02:31+00,2024-09-30 06:02:31+00,2024-10-03 05:12:13+00,"Monterrey, Mexico",2024-09-26 21:20:21+00,2025-01-02 09:22:25+00
6bedf862-d11f-5832-9ab5-9a732c4ab8d8,,b0a7719d-51cd-5e7d-8e3d-67cc571130e0,915b9517-c3e0-56bb-9f5b-959c6c507cc4,287f3b8f-3cf6-55a3-882f-44affa6245ed,FedEx Logistics,delivered,2024-10-26 07:44:47+00,2024-10-21 07:44:47+00,2024-10-25 14:04:48+00,"Austin, USA",2024-10-19 02:16:40+00,2025-01-02 09:20:07+00
4f1aaac7-b830-5c21-8ed2-3d185a888d64,,3bd995d9-5386-5200-b14c-337fc57a8bb6,22113422-0935-5ebd-b323-7908c0e6bfd5,0865b8ba-39fa-51b6-ab98-3e5828e56a29,DB Schenker,delivered,2024-04-13 02:32:57+00,2024-04-04 02:32:57+00,2024-04-11 20:42:08+00,"Pune, India",2024-04-02 01:28:26+00,2025-01-02 09:22:35+00
11dc5aee-2f62-5ccf-ac53-c39b6aef9946,,05f60979-948c-56c4-8971-f733be532412,6400998a-1542-5bd0-baca-290648d04849,c9e56a7d-1b47-505a-bee8-5393b82a5dc6,FedEx Logistics,delivered,2024-12-24 01:20:18+00,2024-12-17 01:20:18+00,2024-12-23 14:51:13+00,"Monterrey, Mexico",2024-12-16 18:40:33+00,2025-01-02 09:29:06+00
eeebc90a-e6bd-568d-9ca8-6dbf2782d839,,05f60979-948c-56c4-8971-f733be532412,6400998a-1542-5bd0-baca-290648d04849,83827514-7797-5061-860d-a0ecd6cebe43,DB Schenker,delivered,2024-09-23 16:23:10+00,2024-09-15 16:23:10+00,2024-09-22 11:01:21+00,"Monterrey, Mexico",2024-09-12 12:16:03+00,2025-01-02 09:03:13+00
4289cbf8-b347-5a89-8ee9-88362ab73544,,05f60979-948c-56c4-8971-f733be532412,8517ed2a-3738-5e12-a1bc-f0e872fd3d71,05cf489c-7ba3-5dd7-99ce-6c3e4a8ecf09,DHL Freight,delivered,2024-12-14 11:09:14+00,2024-12-07 11:09:14+00,2024-12-13 14:30:00+00,"Monterrey, Mexico",2024-12-05 01:44:06+00,2025-01-02 09:28:12+00
b5d402d2-f046-5ce1-9591-56608149010d,,b0a7719d-51cd-5e7d-8e3d-67cc571130e0,915b9517-c3e0-56bb-9f5b-959c6c507cc4,b7de97ca-c810-5c59-8d99-e3c77b865b28,DHL Freight,delivered,2024-02-22 05:33:27+00,2024-02-17 05:33:27+00,2024-02-21 09:50:48+00,"Austin, USA",2024-02-13 23:28:45+00,2025-01-02 09:24:21+00
ca7c42e4-5c46-5542-a71d-9c1a18c8349d,,8f2d7823-5353-55b7-99c5-837cbc771d58,8517ed2a-3738-5e12-a1bc-f0e872fd3d71,a7fb18e8-c60a-5d99-aa99-064a98bd2388,DHL Freight,delivered,2024-11-06 07:50:41+00,2024-10-31 07:50:41+00,2024-11-05 10:08:03+00,"Shenzhen, China",2024-10-29 02:24:27+00,2025-01-02 09:16:27+00
f29388a9-4a7f-5316-b564-743cc0f59675,,3bd995d9-5386-5200-b14c-337fc57a8bb6,6d6d0a34-9f5e-59b5-8834-675b7c7c4f20,5e9993f8-1ccb-5971-b726-e7df7bf71476,FedEx Logistics,delivered,2024-07-11 10:40:26+00,2024-07-03 10:40:26+00,2024-07-10 06:23:14+00,"Pune, India",2024-07-01 01:21:06+00,2025-01-02 09:18:50+00
8f6d0a2a-9635-579a-9c67-01749685acdb,,05f60979-948c-56c4-8971-f733be532412,915b9517-c3e0-56bb-9f5b-959c6c507cc4,902c3ad3-fac4-52b1-b4d9-180bee0cc78c,DHL Freight,delivered,2024-09-12 16:22:59+00,2024-09-06 16:22:59+00,2024-09-16 16:58:02+00,"Monterrey, Mexico",2024-09-03 15:00:00+00,2025-01-02 09:03:46+00
7f2d33eb-acf2-5f58-95e8-91daab2c87a6,,05f60979-948c-56c4-8971-f733be532412,81c0642e-2463-5abd-ae26-b4b567d51419,aab0803e-ff5b-5747-9828-5b642bc0e5a2,FedEx Logistics,delivered,2024-10-18 20:35:24+00,2024-10-15 20:35:24+00,2024-10-17 16:39:23+00,"Monterrey, Mexico",2024-10-13 15:02:40+00,2025-01-02 09:26:07+00
8ccb179e-6302-5227-a66f-3aa03c89879f,,b0a7719d-51cd-5e7d-8e3d-67cc571130e0,6400998a-1542-5bd0-baca-290648d04849,d502b6ac-f88d-54c7-a3db-b98bd6dd8029,DHL Freight,delivered,2024-08-13 04:26:18+00,2024-08-05 04:26:18+00,2024-08-13 01:06:40+00,"Austin, USA",2024-08-01 23:24:33+00,2025-01-02 09:12:29+00
0ee28e0d-8dec-5594-9400-99ca29855c12,,8f2d7823-5353-55b7-99c5-837cbc771d58,22113422-0935-5ebd-b323-7908c0e6bfd5,28ab1027-a87b-577e-9cd0-f4359b482d81,DHL Freight,delivered,2024-04-20 02:02:42+00,2024-04-16 02:02:42+00,2024-04-18 21:04:43+00,"Shenzhen, China",2024-04-14 18:19:24+00,2025-01-02 09:08:48+00
efaee699-ec24-5518-838e-f5e920eb023b,,b0a7719d-51cd-5e7d-8e3d-67cc571130e0,6d6d0a34-9f5e-59b5-8834-675b7c7c4f20,5066bfcb-e50d-536b-9196-6b2b0069b853,DHL Freight,delivered,2024-10-31 16:30:53+00,2024-10-24 16:30:53+00,2024-10-30 21:56:39+00,"Austin, USA",2024-10-21 09:00:00+00,2025-01-02 09:23:03+00
c9809f22-bdef-5627-84c0-1adad491cbb8,,05f60979-948c-56c4-8971-f733be532412,81c0642e-2463-5abd-ae26-b4b567d51419,a456f34a-e633-5fa4-8bda-a6f31bd0bcda,DHL Freight,delivered,2024-02-13 00:58:30+00,2024-02-08 00:58:30+00,2024-02-11 20:00:41+00,"Monterrey, Mexico",2024-02-06 19:46:38+00,2025-01-02 09:25:36+00
d330ada0-091f-5ff2-bfa3-d3782ae126cc,,c981f5ef-8774-5129-b83a-c9448b008bfa,81c0642e-2463-5abd-ae26-b4b567d51419,a8177c40-414f-532e-9301-4cde3cc494bf,DB Schenker,delivered,2024-06-25 06:33:55+00,2024-06-17 06:33:55+00,2024-06-25 01:03:47+00,"Stuttgart, Germany",2024-06-14 21:31:13+00,2025-01-02 09:18:51+00
3488b00b-d9f8-5b73-8c47-5926550e0ba9,,c981f5ef-8774-5129-b83a-c9448b008bfa,81c0642e-2463-5abd-ae26-b4b567d51419,29fd7775-af1a-57f9-a9da-997438824d35,FedEx Logistics,delivered,2024-06-02 10:21:30+00,2024-05-26 10:21:30+00,2024-06-02 00:31:43+00,"Stuttgart, Germany",2024-05-26 01:50:38+00,2025-01-02 09:23:50+00
c9a1d7b2-8f63-51fd-9cea-0fecda7e4269,,b0a7719d-51cd-5e7d-8e3d-67cc571130e0,81c0642e-2463-5abd-ae26-b4b567d51419,b1fe0c18-009e-5ce1-ab23-ec1fe87ecd78,DHL Freight,delivered,2024-10-15 14:27:08+00,2024-10-10 14:27:08+00,2024-10-14 11:51:03+00,"Austin, USA",2024-10-10 11:12:43+00,2025-01-02 09:06:25+00
4a1cbbe8-00bb-5b67-9d6a-750c9edfcc23,,b0a7719d-51cd-5e7d-8e3d-67cc571130e0,8517ed2a-3738-5e12-a1bc-f0e872fd3d71,3b40acea-805a-58ff-8aae-982fb40cfb25,FedEx Logistics,delivered,2024-03-14 05:19:14+00,2024-03-08 05:19:14+00,2024-03-13 17:36:02+00,"Austin, USA",2024-03-06 22:15:39+00,2025-01-02 09:13:06+00
f91aa49e-5217-5ecf-87c0-975ad40ebc5a,,05f60979-948c-56c4-8971-f733be532412,81c0642e-2463-5abd-ae26-b4b567d51419,e902affb-6827-5870-beb1-2456577ff011,DHL Freight,delivered,2024-10-25 04:31:26+00,2024-10-22 04:31:26+00,2024-10-24 18:11:12+00,"Monterrey, Mexico",2024-10-19 20:49:38+00,2025-01-02 09:27:24+00
4beef72b-d6ce-5339-8b7b-ae5c2ea00e47,,c981f5ef-8774-5129-b83a-c9448b008bfa,22113422-0935-5ebd-b323-7908c0e6bfd5,9d68e289-58e9-5133-8287-c8830035cf90,FedEx Logistics,delivered,2024-05-04 02:59:24+00,2024-04-26 02:59:24+00,2024-05-04 02:01:11+00,"Stuttgart, Germany",2024-04-22 21:53:05+00,2025-01-02 09:02:57+00
40fe7b9d-20e4-5b87-b957-e0947beee898,,3bd995d9-5386-5200-b14c-337fc57a8bb6,8517ed2a-3738-5e12-a1bc-f0e872fd3d71,0c9ce289-97c9-507b-8442-64f110190d1c,DHL Freight,delivered,2024-10-12 17:20:43+00,2024-10-08 17:20:43+00,2024-10-11 16:39:13+00,"Pune, India",2024-10-06 15:06:30+00,2025-01-02 09:25:16+00
64c8902b-5537-5f3f-9b67-603b865cf628,,c981f5ef-8774-5129-b83a-c9448b008bfa,22113422-0935-5ebd-b323-7908c0e6bfd5,a8583cd2-710c-5c07-a106-92a8f4cc4665,DB Schenker,delivered,2024-09-09 12:30:17+00,2024-09-03 12:30:17+00,2024-09-09 06:09:22+00,"Stuttgart, Germany",2024-09-02 08:53:53+00,2025-01-02 09:26:39+00
868c5ae5-4397-52b8-9d6f-788982fb1a57,,8f2d7823-5353-55b7-99c5-837cbc771d58,22113422-0935-5ebd-b323-7908c0e6bfd5,2afafb99-5ac3-5313-8b57-e4550b3c0c0e,DHL Freight,delivered,2024-11-01 05:11:27+00,2024-10-29 05:11:27+00,2024-10-31 07:17:09+00,"Shenzhen, China",2024-10-26 23:45:39+00,2025-01-02 09:02:21+00
a48b720d-1eed-5e86-a20e-3d69fef76c39,,b0a7719d-51cd-5e7d-8e3d-67cc571130e0,8517ed2a-3738-5e12-a1bc-f0e872fd3d71,00b94139-76a9-54e5-a73c-9c456d14a0ff,DB Schenker,delivered,2024-10-26 06:58:58+00,2024-10-17 06:58:58+00,2024-10-25 09:39:07+00,"Austin, USA",2024-10-16 00:52:38+00,2025-01-02 09:10:47+00
8c55d692-af9f-53c7-880b-dc888cc0ca65,,c981f5ef-8774-5129-b83a-c9448b008bfa,22113422-0935-5ebd-b323-7908c0e6bfd5,97ed0c42-613f-52e8-bcb7-82e3a3320f0e,DB Schenker,delivered,2024-10-24 18:14:14+00,2024-10-15 18:14:14+00,2024-10-24 18:33:59+00,"Stuttgart, Germany",2024-10-14 16:05:06+00,2025-01-02 09:08:14+00
0b70ce0d-c734-52fb-8b41-dd62553b3bb5,,c981f5ef-8774-5129-b83a-c9448b008bfa,42ad692d-b82d-5a13-91a1-a9fd0fcaf73b,2b78ace0-2c94-5888-ab4e-76c04f24e07a,DHL Freight,delivered,2024-02-24 05:08:58+00,2024-02-18 05:08:58+00,2024-02-24 04:45:02+00,"Stuttgart, Germany",2024-02-14 22:02:30+00,2025-01-02 09:19:02+00
1e24f031-0d0e-5a07-aa86-29353afa625f,,c981f5ef-8774-5129-b83a-c9448b008bfa,915b9517-c3e0-56bb-9f5b-959c6c507cc4,ecafba38-b9ac-545b-81d3-88531d3d852d,DB Schenker,in_transit,2025-01-06 01:18:48+00,2024-12-29 01:18:48+00,,"Stuttgart, Germany",2024-12-25 21:12:57+00,2025-01-02 09:07:31+00
a6d4564d-3706-559c-a615-0f1b467a7b49,,8f2d7823-5353-55b7-99c5-837cbc771d58,6d6d0a34-9f5e-59b5-8834-675b7c7c4f20,bc2d6400-c7c9-5db9-91ea-692e90efe1a6,DHL Freight,delivered,2024-09-22 21:01:58+00,2024-09-16 21:01:58+00,2024-10-03 21:39:24+00,"Shenzhen, China",2024-09-13 17:18:53+00,2025-01-02 09:07:35+00
3d6311c4-cd9b-525e-aa6c-c17c581f3cd2,,05f60979-948c-56c4-8971-f733be532412,6d6d0a34-9f5e-59b5-8834-675b7c7c4f20,9c724be5-a01b-54f5-83ff-bc6b97d1c028,DB Schenker,delivered,2024-09-12 17:58:36+00,2024-09-04 17:58:36+00,2024-09-17 17:58:45+00,"Monterrey, Mexico",2024-09-02 10:38:03+00,2025-01-02 09:12:53+00
98bc126a-b299-593a-a1ee-ad844f745d30,,8f2d7823-5353-55b7-99c5-837cbc771d58,42ad692d-b82d-5a13-91a1-a9fd0fcaf73b,f7060bf5-61b5-5c24-85e5-c5b2ed8b5ade,FedEx Logistics,delivered,2024-02-23 18:00:38+00,2024-02-18 18:00:38+00,2024-03-03 18:23:31+00,"Shenzhen, China",2024-02-17 16:33:03+00,2025-01-02 09:13:15+00
b8add1b0-74dd-5d8e-870e-0ea9ba112160,,3bd995d9-5386-5200-b14c-337fc57a8bb6,81c0642e-2463-5abd-ae26-b4b567d51419,b4604d3e-52f4-5d9a-910b-352824cbdb8c,DB Schenker,delivered,2024-11-06 21:51:52+00,2024-11-01 21:51:52+00,2024-11-12 22:13:22+00,"Pune, India",2024-10-31 16:45:21+00,2025-01-02 09:26:00+00
b15d9623-69f3-54be-b656-a7dcdec47b3f,,05f60979-948c-56c4-8971-f733be532412,81c0642e-2463-5abd-ae26-b4b567d51419,44f610c1-21f1-574d-a6d6-636009346431,DHL Freight,delivered,2024-06-27 00:26:07+00,2024-06-18 00:26:07+00,2024-06-26 08:35:43+00,"Monterrey, Mexico",2024-06-14 20:12:05+00,2025-01-02 09:21:49+00
951f1bdb-ba82-5ff5-b2f1-9041b6b398e1,,8f2d7823-5353-55b7-99c5-837cbc771d58,6d6d0a34-9f5e-59b5-8834-675b7c7c4f20,8e9ba21d-ff23-5f72-a6a2-8f17ddf10ac9,DHL Freight,delivered,2024-12-21 00:04:20+00,2024-12-18 00:04:20+00,2024-12-20 23:29:45+00,"Shenzhen, China",2024-12-16 20:51:46+00,2025-01-02 09:28:57+00
2a9a862d-c934-5b14-bcca-a0e14adad285,,c981f5ef-8774-5129-b83a-c9448b008bfa,22113422-0935-5ebd-b323-7908c0e6bfd5,c9bd6978-c1bd-5f65-a58b-767f32ddf713,DHL Freight,delivered,2024-12-20 20:16:12+00,2024-12-12 20:16:12+00,2024-12-20 12:52:40+00,"Stuttgart, Germany",2024-12-12 18:08:26+00,2025-01-02 09:26:23+00
322b249d-3198-5e34-a607-f7241269fbbf,,05f60979-948c-56c4-8971-f733be532412,a71f4bf4-a78e-5fa3-a8bd-e34ee2c97dcd,ad25f8bd-6f0e-5b88-a5d7-2aca5fc70ccb,DHL Freight,delivered,2024-06-19 06:40:01+00,2024-06-15 06:40:01+00,2024-06-18 00:47:59+00,"Monterrey, Mexico",2024-06-14 00:27:38+00,2025-01-02 09:10:25+00
95ea8570-ef0e-50e7-a91e-3b331e875442,,b0a7719d-51cd-5e7d-8e3d-67cc571130e0,22113422-0935-5ebd-b323-7908c0e6bfd5,26ef73c8-4a98-5eb0-94cc-1b3d4508a60a,DB Schenker,delivered,2024-10-25 23:24:09+00,2024-10-18 23:24:09+00,2024-10-25 17:44:55+00,"Austin, USA",2024-10-16 16:04:49+00,2025-01-02 09:09:43+00
1f415512-08a8-5641-9d82-52ff9e5e7e76,,05f60979-948c-56c4-8971-f733be532412,6400998a-1542-5bd0-baca-290648d04849,cac19e91-65a7-5512-a1eb-3faa25ac4306,FedEx Logistics,delivered,2024-04-09 20:14:57+00,2024-04-02 20:14:57+00,2024-04-09 04:44:18+00,"Monterrey, Mexico",2024-03-30 19:03:08+00,2025-01-02 09:20:08+00
cafedd32-11f7-538b-ac5c-7fafd86803c5,,b0a7719d-51cd-5e7d-8e3d-67cc571130e0,42ad692d-b82d-5a13-91a1-a9fd0fcaf73b,2b636e10-d68d-58ac-b5c3-3fc84f5bef2b,DB Schenker,delivered,2024-09-13 06:51:04+00,2024-09-10 06:51:04+00,2024-09-12 11:23:23+00,"Austin, USA",2024-09-08 02:21:13+00,2025-01-02 09:06:42+00
f4f996cc-72f1-5f97-a4bc-19efa0357994,,3bd995d9-5386-5200-b14c-337fc57a8bb6,6d6d0a34-9f5e-59b5-8834-675b7c7c4f20,62cc763f-8bad-50d8-bd55-e03d7fd623dc,DB Schenker,delivered,2024-08-12 03:59:54+00,2024-08-05 03:59:54+00,2024-08-11 21:24:13+00,"Pune, India",2024-08-03 00:17:27+00,2025-01-02 09:09:39+00
465d66c0-72e3-5b8a-b59c-9ea3982bb8f6,,b0a7719d-51cd-5e7d-8e3d-67cc571130e0,81c0642e-2463-5abd-ae26-b4b567d51419,80d9dc60-f0b6-58f7-b353-77affe03f61f,DB Schenker,delivered,2024-12-27 01:44:01+00,2024-12-23 01:44:01+00,2024-12-27 00:02:16+00,"Austin, USA",2024-12-19 19:21:20+00,2025-01-02 09:15:55+00
29aa52cb-3920-56d4-bb9e-54d679689942,,b0a7719d-51cd-5e7d-8e3d-67cc571130e0,6400998a-1542-5bd0-baca-290648d04849,8f6b87c3-766c-52c1-905c-d8cca88a9026,FedEx Logistics,delivered,2024-03-19 01:37:34+00,2024-03-10 01:37:34+00,2024-03-18 18:09:50+00,"Austin, USA",2024-03-09 18:09:09+00,2025-01-02 09:23:55+00
e05d0d0d-768b-5da6-81b3-4994fd175745,,8f2d7823-5353-55b7-99c5-837cbc771d58,915b9517-c3e0-56bb-9f5b-959c6c507cc4,061799a9-0414-59d4-aeaf-0c47b3702bcf,DHL Freight,delivered,2024-11-18 13:45:01+00,2024-11-12 13:45:01+00,2024-11-17 14:03:30+00,"Shenzhen, China",2024-11-10 10:25:20+00,2025-01-02 09:09:37+00
562f72cb-ea11-546a-9474-4251a4634683,,b0a7719d-51cd-5e7d-8e3d-67cc571130e0,6d6d0a34-9f5e-59b5-8834-675b7c7c4f20,a87504a5-063c-5637-85ce-0813fa1fa8d3,DB Schenker,delivered,2024-10-24 02:43:38+00,2024-10-20 02:43:38+00,2024-10-23 05:11:28+00,"Austin, USA",2024-10-18 17:04:01+00,2025-01-02 09:07:48+00
4d4f6a51-f649-51e6-9ceb-d6534e706cd4,,3bd995d9-5386-5200-b14c-337fc57a8bb6,6d6d0a34-9f5e-59b5-8834-675b7c7c4f20,f3705e05-7edd-5b2d-a69c-515cde8015ad,DHL Freight,delivered,2024-06-10 01:55:15+00,2024-06-05 01:55:15+00,2024-06-09 23:18:22+00,"Pune, India",2024-06-01 17:14:49+00,2025-01-02 09:01:47+00
4fac7087-0012-5759-8837-6cb11abc5a6d,,8f2d7823-5353-55b7-99c5-837cbc771d58,915b9517-c3e0-56bb-9f5b-959c6c507cc4,9f9543cc-dfff-507a-93c8-636fbcdb760d,FedEx Logistics,delivered,2024-11-20 05:50:29+00,2024-11-11 05:50:29+00,2024-11-19 23:12:36+00,"Shenzhen, China",2024-11-08 01:07:48+00,2025-01-02 09:07:56+00
8b22ce60-1374-571e-8d8b-bd8bbbe3fcc1,,c981f5ef-8774-5129-b83a-c9448b008bfa,22113422-0935-5ebd-b323-7908c0e6bfd5,963619c7-3382-5cc5-b5fa-3ef805e37b51,FedEx Logistics,delivered,2024-09-13 02:47:00+00,2024-09-06 02:47:00+00,2024-09-24 03:23:45+00,"Stuttgart, Germany",2024-09-02 22:07:34+00,2025-01-02 09:10:03+00
0911d4e1-c12c-5650-bdd4-c318dffdc966,,05f60979-948c-56c4-8971-f733be532412,6d6d0a34-9f5e-59b5-8834-675b7c7c4f20,d49f6d7f-b869-5ea4-b53a-0a58bbee3d07,DB Schenker,delivered,2024-09-24 00:37:52+00,2024-09-20 00:37:52+00,2024-09-23 18:12:00+00,"Monterrey, Mexico",2024-09-19 17:31:19+00,2025-01-02 09:21:56+00
fa07663b-0a70-53ef-abd3-be44398516c8,,c981f5ef-8774-5129-b83a-c9448b008bfa,8517ed2a-3738-5e12-a1bc-f0e872fd3d71,53c00fd4-3ea7-5631-8ae2-78cd99af4ee4,DB Schenker,delivered,2024-07-06 23:46:50+00,2024-07-02 23:46:50+00,2024-07-14 00:12:44+00,"Stuttgart, Germany",2024-07-02 22:30:08+00,2025-01-02 09:04:50+00
52b1e1f7-6e5a-5325-9a13-f981a9e7bb6f,,3bd995d9-5386-5200-b14c-337fc57a8bb6,81c0642e-2463-5abd-ae26-b4b567d51419,886a27c1-7203-54de-b0c1-a0a90a1334d0,DHL Freight,delivered,2024-07-31 03:20:46+00,2024-07-26 03:20:46+00,2024-07-31 03:58:43+00,"Pune, India",2024-07-22 18:42:58+00,2025-01-02 09:14:41+00
da14392a-5595-543c-837e-e0d56dceb801,,05f60979-948c-56c4-8971-f733be532412,a71f4bf4-a78e-5fa3-a8bd-e34ee2c97dcd,7c7461fa-0b8d-5bf7-b269-283800be922e,DHL Freight,delivered,2024-05-02 07:39:11+00,2024-04-29 07:39:11+00,2024-05-01 13:59:30+00,"Monterrey, Mexico",2024-04-29 02:12:00+00,2025-01-02 09:15:53+00
5071d823-55ca-5106-826b-29cc2122e2af,,8f2d7823-5353-55b7-99c5-837cbc771d58,8517ed2a-3738-5e12-a1bc-f0e872fd3d71,8d8c624d-510c-5e2e-8096-33cbb4e5a21b,DHL Freight,delivered,2024-06-02 01:25:16+00,2024-05-28 01:25:16+00,2024-06-01 05:36:29+00,"Shenzhen, China",2024-05-25 21:45:48+00,2025-01-02 09:18:40+00
38f312a3-1474-5ac7-b273-9553df560626,,b0a7719d-51cd-5e7d-8e3d-67cc571130e0,42ad692d-b82d-5a13-91a1-a9fd0fcaf73b,ef0d49aa-9557-5fa8-9648-54753c43da8c,FedEx Logistics,delivered,2024-11-10 08:59:59+00,2024-11-06 08:59:59+00,2024-11-09 15:40:10+00,"Austin, USA",2024-11-06 00:50:31+00,2025-01-02 09:25:30+00
822dec27-cd25-5a75-b7b3-c98675e26f05,,3bd995d9-5386-5200-b14c-337fc57a8bb6,6400998a-1542-5bd0-baca-290648d04849,7628ea56-7cd4-5309-ab57-140d9fe264b6,DHL Freight,delivered,2024-09-22 00:49:00+00,2024-09-16 00:49:00+00,2024-09-21 22:01:23+00,"Pune, India",2024-09-13 15:43:33+00,2025-01-02 09:26:30+00
20033a61-de20-50f0-8a8b-9b8c92ec039f,,8f2d7823-5353-55b7-99c5-837cbc771d58,8517ed2a-3738-5e12-a1bc-f0e872fd3d71,c15a5615-ccc1-5359-89f8-e83fd09818a3,DB Schenker,delivered,2024-07-28 05:54:22+00,2024-07-22 05:54:22+00,2024-07-27 02:31:57+00,"Shenzhen, China",2024-07-18 21:52:38+00,2025-01-02 09:09:09+00
3a3b9380-db12-5c5c-bb0e-b707612be7ca,,8f2d7823-5353-55b7-99c5-837cbc771d58,8517ed2a-3738-5e12-a1bc-f0e872fd3d71,5ea89052-3b0f-569f-8a9f-1876a3322e41,DB Schenker,delivered,2024-05-24 23:50:39+00,2024-05-21 23:50:39+00,2024-06-05 23:58:24+00,"Shenzhen, China",2024-05-21 16:43:19+00,2025-01-02 09:27:43+00
a6c9076e-5fe3-53a4-8b48-066daf0e70c1,,b0a7719d-51cd-5e7d-8e3d-67cc571130e0,6400998a-1542-5bd0-baca-290648d04849,9a4c4206-371d-57f3-8c7f-6a99d99917d3,DB Schenker,delivered,2024-09-09 16:00:28+00,2024-09-04 16:00:28+00,2024-09-14 16:32:58+00,"Austin, USA",2024-09-04 13:47:11+00,2025-01-02 09:11:38+00
98fa099b-9205-5ceb-97e5-e142533d9a7e,,8f2d7823-5353-55b7-99c5-837cbc771d58,915b9517-c3e0-56bb-9f5b-959c6c507cc4,5d1cd81c-ffed-5284-a4d6-681e2b8623d5,DB Schenker,delivered,2024-10-28 01:14:25+00,2024-10-19 01:14:25+00,2024-10-27 03:32:31+00,"Shenzhen, China",2024-10-16 23:35:58+00,2025-01-02 09:27:21+00
d90f7eaa-649e-5153-852b-64908588fa9a,,b0a7719d-51cd-5e7d-8e3d-67cc571130e0,a71f4bf4-a78e-5fa3-a8bd-e34ee2c97dcd,7711f8e1-af9e-578c-bb5a-e9500c78173f,FedEx Logistics,delivered,2024-06-02 01:09:06+00,2024-05-27 01:09:06+00,2024-05-31 20:46:15+00,"Austin, USA",2024-05-26 00:04:04+00,2025-01-02 09:13:30+00
c62e0446-6490-58b2-aa0d-0d4818a35aa4,,3bd995d9-5386-5200-b14c-337fc57a8bb6,22113422-0935-5ebd-b323-7908c0e6bfd5,56402a1d-e7d2-5481-866b-3b8aea134e85,FedEx Logistics,delivered,2024-11-03 12:51:49+00,2024-10-27 12:51:49+00,2024-11-02 17:02:50+00,"Pune, India",2024-10-27 11:48:35+00,2025-01-02 09:14:49+00
8032319a-7b31-5ae8-823d-f38382c58e7a,,3bd995d9-5386-5200-b14c-337fc57a8bb6,42ad692d-b82d-5a13-91a1-a9fd0fcaf73b,ad00ff76-0184-5d7c-9cbd-25520e97c0a3,FedEx Logistics,delivered,2024-07-14 07:01:15+00,2024-07-05 07:01:15+00,2024-07-13 08:06:11+00,"Pune, India",2024-07-04 23:24:06+00,2025-01-02 09:24:58+00
1f75fbb5-3efb-56d4-aa43-40dcc61de53a,,05f60979-948c-56c4-8971-f733be532412,915b9517-c3e0-56bb-9f5b-959c6c507cc4,ebfb80fe-1f22-5c3a-a4d8-ff9ddb95b0d9,DHL Freight,delivered,2024-10-15 04:18:55+00,2024-10-12 04:18:55+00,2024-10-14 20:29:33+00,"Monterrey, Mexico",2024-10-09 18:56:27+00,2025-01-02 09:29:34+00
e38cab54-a87b-59e9-a4ea-a4ef0b445043,,8f2d7823-5353-55b7-99c5-837cbc771d58,915b9517-c3e0-56bb-9f5b-959c6c507cc4,bab424ab-c619-5d79-8838-1b1c09d9ced2,FedEx Logistics,delivered,2024-10-05 17:20:13+00,2024-10-02 17:20:13+00,2024-10-04 12:57:19+00,"Shenzhen, China",2024-10-02 08:39:50+00,2025-01-02 09:02:12+00
1d165ef7-b836-5795-9f80-b7a2dfae8266,,05f60979-948c-56c4-8971-f733be532412,6400998a-1542-5bd0-baca-290648d04849,b3cca1f6-9e74-5a55-ae58-866ffa186470,FedEx Logistics,delivered,2024-11-20 11:22:38+00,2024-11-17 11:22:38+00,2024-11-19 10:29:18+00,"Monterrey, Mexico",2024-11-14 09:08:46+00,2025-01-02 09:03:43+00
ee70cd96-97ce-51b7-b478-34c38f056f12,,05f60979-948c-56c4-8971-f733be532412,a71f4bf4-a78e-5fa3-a8bd-e34ee2c97dcd,0c651d85-84d9-5086-a134-53f2a8f54d5e,DHL Freight,delivered,2024-10-17 17:10:26+00,2024-10-12 17:10:26+00,2024-10-16 21:16:27+00,"Monterrey, Mexico",2024-10-12 13:34:53+00,2025-01-02 09:26:11+00
307cea50-4e6c-5a4b-a769-e0c6d8cd0217,,b0a7719d-51cd-5e7d-8e3d-67cc571130e0,6d6d0a34-9f5e-59b5-8834-675b7c7c4f20,32501eee-ae55-5c06-aa45-eb049bde1953,DB Schenker,delivered,2024-10-11 22:07:24+00,2024-10-05 22:07:24+00,2024-10-10 17:12:31+00,"Austin, USA",2024-10-03 15:58:05+00,2025-01-02 09:11:13+00
07d29e54-a4bf-5342-8533-0ed8b7ecd213,,b0a7719d-51cd-5e7d-8e3d-67cc571130e0,22113422-0935-5ebd-b323-7908c0e6bfd5,a60379da-a868-5006-a04e-f422b8ae3c3b,FedEx Logistics,delivered,2024-11-29 02:38:20+00,2024-11-23 02:38:20+00,2024-11-28 13:51:08+00,"Austin, USA",2024-11-20 18:12:22+00,2025-01-02 09:11:57+00
663d94a8-8b68-5c81-9eda-cdbc5fc49d2b,,05f60979-948c-56c4-8971-f733be532412,22113422-0935-5ebd-b323-7908c0e6bfd5,42dc4750-5636-50e7-80de-0e43a02591d9,DHL Freight,in_transit,2025-01-03 06:31:16+00,2024-12-31 06:31:16+00,,"Monterrey, Mexico",2024-12-28 00:49:19+00,2025-01-02 09:13:37+00
1be256c8-45c9-57f0-90d8-dee43d9139b4,,b0a7719d-51cd-5e7d-8e3d-67cc571130e0,6d6d0a34-9f5e-59b5-8834-675b7c7c4f20,799521e3-ed86-5ceb-96dd-ecf2afc6ddcf,DHL Freight,delivered,2024-04-12 06:19:51+00,2024-04-04 06:19:51+00,2024-04-12 04:36:03+00,"Austin, USA",2024-04-04 00:00:28+00,2025-01-02 09:19:11+00
37bd89a5-fac2-5c2e-ae48-0c8330c59614,,05f60979-948c-56c4-8971-f733be532412,915b9517-c3e0-56bb-9f5b-959c6c507cc4,93765e49-4252-5449-aa3c-665310838cf7,FedEx Logistics,delivered,2024-09-29 03:40:16+00,2024-09-26 03:40:16+00,2024-10-07 04:03:16+00,"Monterrey, Mexico",2024-09-23 00:13:45+00,2025-01-02 09:22:01+00
08c1bcb8-8b71-5c2a-bb84-cf25e164aa38,,05f60979-948c-56c4-8971-f733be532412,a71f4bf4-a78e-5fa3-a8bd-e34ee2c97dcd,647f1c70-ec58-5dc8-820e-abd84449c427,DHL Freight,delivered,2024-09-18 03:33:19+00,2024-09-15 03:33:19+00,2024-09-18 02:05:09+00,"Monterrey, Mexico",2024-09-12 22:00:07+00,2025-01-02 09:02:37+00
b75060d2-72d6-5a58-b50f-ab494bd28def,,3bd995d9-5386-5200-b14c-337fc57a8bb6,81c0642e-2463-5abd-ae26-b4b567d51419,3f5b8bde-2a61-528e-a4b6-3cbb9fdf9ae4,DB Schenker,delivered,2024-05-24 04:13:48+00,2024-05-19 04:13:48+00,2024-05-22 22:54:36+00,"Pune, India",2024-05-15 22:39:13+00,2025-01-02 09:13:57+00
ddcab2d2-1c31-5432-9515-fff481a4dda0,,3bd995d9-5386-5200-b14c-337fc57a8bb6,42ad692d-b82d-5a13-91a1-a9fd0fcaf73b,b95c5a35-07ec-50ae-acdc-93936636b6bf,FedEx Logistics,delivered,2024-04-12 03:50:30+00,2024-04-09 03:50:30+00,2024-04-11 07:17:56+00,"Pune, India",2024-04-06 20:19:41+00,2025-01-02 09:00:06+00
f34fd775-90a7-58e7-a9ce-a87afaec8fb8,,b0a7719d-51cd-5e7d-8e3d-67cc571130e0,81c0642e-2463-5abd-ae26-b4b567d51419,14431419-9904-51fd-9205-5e06b4902b0e,FedEx Logistics,delivered,2024-10-21 19:28:10+00,2024-10-17 19:28:10+00,2024-10-21 07:37:15+00,"Austin, USA",2024-10-14 16:57:04+00,2025-01-02 09:20:21+00
fb6417b1-ab00-5c80-ba31-7d0f11c4aa6d,,8f2d7823-5353-55b7-99c5-837cbc771d58,22113422-0935-5ebd-b323-7908c0e6bfd5,654d35c2-f4b8-5867-8df5-b85334ffef45,FedEx Logistics,delivered,2024-10-29 17:50:29+00,2024-10-26 17:50:29+00,2024-10-30 18:35:07+00,"Shenzhen, China",2024-10-23 16:17:58+00,2025-01-02 09:13:04+00
8f7acf0a-f3a3-599a-a7cc-422c36325e10,,b0a7719d-51cd-5e7d-8e3d-67cc571130e0,42ad692d-b82d-5a13-91a1-a9fd0fcaf73b,7ad1eeda-7f70-5c0c-9a5f-269ff2ab95af,FedEx Logistics,delivered,2024-02-19 05:45:09+00,2024-02-12 05:45:09+00,2024-02-24 05:52:09+00,"Austin, USA",2024-02-09 02:27:22+00,2025-01-02 09:10:29+00
4e934a73-b05c-5fe4-af05-a240a04f8e13,,8f2d7823-5353-55b7-99c5-837cbc771d58,8517ed2a-3738-5e12-a1bc-f0e872fd3d71,c0bdafaa-e6a3-526e-a687-e40de4963ab8,DB Schenker,delivered,2024-04-19 00:46:29+00,2024-04-12 00:46:29+00,2024-04-18 20:47:00+00,"Shenzhen, China",2024-04-09 22:13:19+00,2025-01-02 09:22:55+00
999993ec-7995-58a9-88db-6baaf2a0dc31,,3bd995d9-5386-5200-b14c-337fc57a8bb6,915b9517-c3e0-56bb-9f5b-959c6c507cc4,cc92f77f-9e59-5ff0-a276-588d144704e4,DB Schenker,delivered,2024-08-19 07:36:13+00,2024-08-11 07:36:13+00,2024-08-19 04:13:54+00,"Pune, India",2024-08-11 01:25:13+00,2025-01-02 09:01:57+00
fb3b30f4-c7ad-5f3e-b329-6f6263593c80,,b0a7719d-51cd-5e7d-8e3d-67cc571130e0,81c0642e-2463-5abd-ae26-b4b567d51419,f27d93d8-ce05-5d15-bd95-76cc25a0b578,DHL Freight,delivered,2024-09-03 06:37:40+00,2024-08-29 06:37:40+00,2024-09-02 14:50:48+00,"Austin, USA",2024-08-26 22:15:22+00,2025-01-02 09:12:37+00
6ea2900f-b472-5aef-a1de-49ca06cc459b,,c981f5ef-8774-5129-b83a-c9448b008bfa,22113422-0935-5ebd-b323-7908c0e6bfd5,f2690aa6-ae4e-5f56-8939-9c96c162852b,DB Schenker,delivered,2024-03-23 23:31:53+00,2024-03-18 23:31:53+00,2024-03-31 00:13:12+00,"Stuttgart, Germany",2024-03-18 18:25:36+00,2025-01-02 09:14:58+00
cc140748-e86a-5a92-82df-b0bb38cfc0dc,,b0a7719d-51cd-5e7d-8e3d-67cc571130e0,22113422-0935-5ebd-b323-7908c0e6bfd5,45a30b98-4be9-5247-b6c7-1b892db138bf,DHL Freight,delivered,2024-03-30 18:50:38+00,2024-03-25 18:50:38+00,2024-03-29 13:20:52+00,"Austin, USA",2024-03-23 14:28:53+00,2025-01-02 09:17:27+00
6a16d6ec-904b-5ed8-9501-e58026afeeb9,,05f60979-948c-56c4-8971-f733be532412,a71f4bf4-a78e-5fa3-a8bd-e34ee2c97dcd,197954a3-fdc6-5d61-b7bf-b3783fc790e7,DB Schenker,delivered,2024-11-11 03:28:57+00,2024-11-07 03:28:57+00,2024-11-09 22:53:29+00,"Monterrey, Mexico",2024-11-03 22:20:56+00,2025-01-02 09:16:50+00
4ff7cae4-2719-5372-83db-be9ebf368abd,,8f2d7823-5353-55b7-99c5-837cbc771d58,915b9517-c3e0-56bb-9f5b-959c6c507cc4,50dd30bb-70c4-5580-9a38-ac025b7fb841,FedEx Logistics,delivered,2024-08-20 02:43:41+00,2024-08-13 02:43:41+00,2024-08-22 03:06:10+00,"Shenzhen, China",2024-08-12 23:06:48+00,2025-01-02 09:28:59+00
05825c4b-e6b9-522b-a027-9b6c7e07bdde,,c981f5ef-8774-5129-b83a-c9448b008bfa,22113422-0935-5ebd-b323-7908c0e6bfd5,e72f6c52-87ad-5c8b-8396-16c0b9ed31c4,DHL Freight,delivered,2024-10-12 02:23:45+00,2024-10-03 02:23:45+00,2024-10-11 13:54:45+00,"Stuttgart, Germany",2024-10-02 21:04:06+00,2025-01-02 09:14:36+00
d17c0cb2-7b78-5027-b822-e11cb8251e1a,,c981f5ef-8774-5129-b83a-c9448b008bfa,915b9517-c3e0-56bb-9f5b-959c6c507cc4,c69dc29c-594b-56cb-be02-56e7562ce1fc,DHL Freight,delivered,2024-09-20 13:25:26+00,2024-09-16 13:25:26+00,2024-09-27 13:27:08+00,"Stuttgart, Germany",2024-09-15 11:59:07+00,2025-01-02 09:14:15+00
6f782008-e03d-5b0f-a725-e9caa89550ba,,3bd995d9-5386-5200-b14c-337fc57a8bb6,8517ed2a-3738-5e12-a1bc-f0e872fd3d71,9dd371d7-5ccb-591b-9ab6-5f44f02aa4c5,DB Schenker,delivered,2024-07-22 03:32:47+00,2024-07-18 03:32:47+00,2024-07-20 23:49:08+00,"Pune, India",2024-07-16 19:15:41+00,2025-01-02 09:00:56+00
83fe3b44-b467-5ce5-8cc4-682ab72d1883,,b0a7719d-51cd-5e7d-8e3d-67cc571130e0,22113422-0935-5ebd-b323-7908c0e6bfd5,85f2c325-cb19-5150-a154-4faa9251e22c,FedEx Logistics,delivered,2024-07-25 23:15:46+00,2024-07-16 23:15:46+00,2024-07-25 05:54:49+00,"Austin, USA",2024-07-14 16:42:07+00,2025-01-02 09:26:01+00
51f1d571-0b6a-5c46-a814-27a692cb5190,,c981f5ef-8774-5129-b83a-c9448b008bfa,81c0642e-2463-5abd-ae26-b4b567d51419,72ef29bb-e185-5693-a5df-ebf971e24159,FedEx Logistics,delivered,2024-12-29 07:25:11+00,2024-12-25 07:25:11+00,2024-12-28 14:08:42+00,"Stuttgart, Germany",2024-12-24 23:44:03+00,2025-01-02 09:26:23+00
e8a1fe08-67e7-5641-af2e-781ca120b0b7,,8f2d7823-5353-55b7-99c5-837cbc771d58,a71f4bf4-a78e-5fa3-a8bd-e34ee2c97dcd,3d323ffa-991f-5555-8172-ca87d4ff182d,DHL Freight,delivered,2024-09-24 19:55:18+00,2024-09-17 19:55:18+00,2024-09-26 20:26:40+00,"Shenzhen, China",2024-09-14 18:29:33+00,2025-01-02 09:24:59+00
d5d57518-64ac-5f2b-a2d8-e8bee366351f,,b0a7719d-51cd-5e7d-8e3d-67cc571130e0,6d6d0a34-9f5e-59b5-8834-675b7c7c4f20,10537d64-44c3-5687-995e-d1c48d9c9f5b,FedEx Logistics,delivered,2024-12-04 06:54:09+00,2024-12-01 06:54:09+00,2024-12-04 05:09:21+00,"Austin, USA",2024-11-28 00:44:20+00,2025-01-02 09:02:35+00
a452df8c-3d84-5bbb-8020-fc59b567abec,,3bd995d9-5386-5200-b14c-337fc57a8bb6,6400998a-1542-5bd0-baca-290648d04849,0f253c3a-b78a-58ee-ae46-fb0b9f2d80d1,FedEx Logistics,delivered,2024-03-30 21:44:32+00,2024-03-23 21:44:32+00,2024-03-30 22:19:29+00,"Pune, India",2024-03-23 18:20:07+00,2025-01-02 09:16:04+00
3fba3f37-6b98-5c21-96cd-0afed0a12475,,05f60979-948c-56c4-8971-f733be532412,a71f4bf4-a78e-5fa3-a8bd-e34ee2c97dcd,fbe7646b-c5ef-55eb-8d24-9aa16ab02ec8,DB Schenker,delivered,2024-04-07 06:02:50+00,2024-03-31 06:02:50+00,2024-04-06 06:36:53+00,"Monterrey, Mexico",2024-03-28 00:44:27+00,2025-01-02 09:18:35+00
d2b35ad4-9d6a-5f41-9cb5-3779d341a967,,3bd995d9-5386-5200-b14c-337fc57a8bb6,915b9517-c3e0-56bb-9f5b-959c6c507cc4,401a650c-d9be-5320-a997-fad1942edac1,FedEx Logistics,delivered,2024-03-27 12:32:50+00,2024-03-19 12:32:50+00,2024-03-27 04:07:48+00,"Pune, India",2024-03-18 09:15:44+00,2025-01-02 09:05:22+00
d6a4deae-c16a-5429-be45-469f1c28956f,,8f2d7823-5353-55b7-99c5-837cbc771d58,915b9517-c3e0-56bb-9f5b-959c6c507cc4,e57a8f4c-982d-5ccd-b8ae-693e28efcd0b,DHL Freight,delivered,2024-09-02 21:57:22+00,2024-08-27 21:57:22+00,2024-09-01 16:24:33+00,"Shenzhen, China",2024-08-25 19:34:47+00,2025-01-02 09:23:04+00
2a2592bc-ae63-5462-b031-c438e21b795a,,3bd995d9-5386-5200-b14c-337fc57a8bb6,915b9517-c3e0-56bb-9f5b-959c6c507cc4,209f97db-6e1a-5770-84a8-44de07157bb5,FedEx Logistics,delivered,2024-06-05 02:07:26+00,2024-05-31 02:07:26+00,2024-06-04 11:45:52+00,"Pune, India",2024-05-29 00:41:13+00,2025-01-02 09:21:15+00
a4322ade-8db6-5057-91a1-2bd56c43c544,,3bd995d9-5386-5200-b14c-337fc57a8bb6,22113422-0935-5ebd-b323-7908c0e6bfd5,f7ba502d-1c7f-597b-a2fb-a7260c1431f8,FedEx Logistics,delivered,2024-10-21 16:56:01+00,2024-10-15 16:56:01+00,2024-10-20 22:19:05+00,"Pune, India",2024-10-14 12:40:54+00,2025-01-02 09:13:00+00
87ec5b97-678e-530c-abe3-04f115c2521a,,8f2d7823-5353-55b7-99c5-837cbc771d58,8517ed2a-3738-5e12-a1bc-f0e872fd3d71,d2574cfa-78bc-533a-b8d7-4a2d372dac67,DHL Freight,delivered,2024-11-12 22:06:40+00,2024-11-08 22:06:40+00,2024-11-12 15:09:48+00,"Shenzhen, China",2024-11-06 12:57:10+00,2025-01-02 09:29:07+00
03abe299-220b-52f2-acec-406d80acd86b,,b0a7719d-51cd-5e7d-8e3d-67cc571130e0,915b9517-c3e0-56bb-9f5b-959c6c507cc4,e216e7b1-7d6d-51b4-8367-40e8807a5327,FedEx Logistics,delivered,2024-12-01 02:08:13+00,2024-11-25 02:08:13+00,2024-11-30 17:18:55+00,"Austin, USA",2024-11-24 17:57:27+00,2025-01-02 09:03:16+00
b542db57-b3aa-5c13-9457-80dba701083b,,b0a7719d-51cd-5e7d-8e3d-67cc571130e0,42ad692d-b82d-5a13-91a1-a9fd0fcaf73b,c9c896f8-fa64-54df-acbf-39d03287573b,FedEx Logistics,delivered,2024-11-01 02:00:04+00,2024-10-29 02:00:04+00,2024-10-31 15:16:30+00,"Austin, USA",2024-10-25 16:48:00+00,2025-01-02 09:29:33+00
df3bb769-43b0-5f72-af30-f08beb48038b,,05f60979-948c-56c4-8971-f733be532412,6400998a-1542-5bd0-baca-290648d04849,209e8281-99c6-57f8-ad93-67c924cf4ace,DB Schenker,delivered,2024-09-27 09:43:31+00,2024-09-23 09:43:31+00,2024-09-26 08:07:44+00,"Monterrey, Mexico",2024-09-23 02:28:25+00,2025-01-02 09:29:14+00
6778b3e0-0486-51aa-8f80-7ea46a363d65,,b0a7719d-51cd-5e7d-8e3d-67cc571130e0,a71f4bf4-a78e-5fa3-a8bd-e34ee2c97dcd,1fc90f99-4616-5cd7-b4d9-eae9eb7b7d64,DHL Freight,delivered,2024-09-24 23:05:43+00,2024-09-17 23:05:43+00,2024-09-23 21:30:10+00,"Austin, USA",2024-09-17 17:29:26+00,2025-01-02 09:09:42+00
1d558743-657a-58c6-918f-b478d95f5c2a,,05f60979-948c-56c4-8971-f733be532412,6400998a-1542-5bd0-baca-290648d04849,745299c5-abbb-5c6e-a94b-eea2914ce109,FedEx Logistics,delivered,2024-03-13 22:35:34+00,2024-03-10 22:35:34+00,2024-03-13 15:50:00+00,"Monterrey, Mexico",2024-03-10 19:56:13+00,2025-01-02 09:25:33+00
2d52d30c-154a-543c-8945-da4282a99a64,,c981f5ef-8774-5129-b83a-c9448b008bfa,915b9517-c3e0-56bb-9f5b-959c6c507cc4,66c1162b-ff49-5c18-a1db-e0a541773665,DB Schenker,delivered,2024-10-11 11:14:31+00,2024-10-05 11:14:31+00,2024-10-11 06:54:13+00,"Stuttgart, Germany",2024-10-05 10:10:33+00,2025-01-02 09:21:26+00
7e831639-004c-5b26-9346-83eb14c4f246,,b0a7719d-51cd-5e7d-8e3d-67cc571130e0,6d6d0a34-9f5e-59b5-8834-675b7c7c4f20,2302f13f-2606-5123-85cd-574e364d28be,FedEx Logistics,delivered,2024-11-08 02:40:02+00,2024-11-04 02:40:02+00,2024-11-08 01:15:07+00,"Austin, USA",2024-11-01 19:20:52+00,2025-01-02 09:16:04+00
fdce2ec3-3f50-509a-8709-49370fd802f8,,b0a7719d-51cd-5e7d-8e3d-67cc571130e0,81c0642e-2463-5abd-ae26-b4b567d51419,c706e399-ed2c-50e7-9b69-c7259fdf7852,FedEx Logistics,delivered,2024-10-17 00:26:34+00,2024-10-14 00:26:34+00,2024-10-16 00:50:03+00,"Austin, USA",2024-10-12 20:26:33+00,2025-01-02 09:07:45+00
1070e3b4-a5e4-5f43-814b-553d4547b9ea,,3bd995d9-5386-5200-b14c-337fc57a8bb6,6400998a-1542-5bd0-baca-290648d04849,5689d695-8118-5fba-b1f6-e7654289d822,DB Schenker,delivered,2024-08-01 07:07:09+00,2024-07-28 07:07:09+00,2024-07-31 14:12:18+00,"Pune, India",2024-07-24 22:35:23+00,2025-01-02 09:00:34+00
5210ba53-09b5-57ad-bb07-7ed1a5a7dd2d,,b0a7719d-51cd-5e7d-8e3d-67cc571130e0,915b9517-c3e0-56bb-9f5b-959c6c507cc4,2e997509-ecd5-5b60-a38d-02ae58c3f845,FedEx Logistics,delivered,2024-03-12 05:13:51+00,2024-03-04 05:13:51+00,2024-03-12 02:55:49+00,"Austin, USA",2024-03-02 21:12:59+00,2025-01-02 09:15:26+00
ae9cbcb0-2eb4-50cd-acf6-24122d7380e5,,05f60979-948c-56c4-8971-f733be532412,6400998a-1542-5bd0-baca-290648d04849,03bcf78a-eb44-5421-83c7-6599d1d11988,DB Schenker,delivered,2024-01-14 03:28:09+00,2024-01-07 03:28:09+00,2024-01-13 14:57:22+00,"Monterrey, Mexico",2024-01-06 18:54:06+00,2025-01-02 09:09:58+00
5abbcbdc-ed38-54e1-9912-581e1138f6b9,,b0a7719d-51cd-5e7d-8e3d-67cc571130e0,81c0642e-2463-5abd-ae26-b4b567d51419,8af152a1-45ea-56ec-9b2b-8c4d5f5f3122,DB Schenker,delivered,2024-09-12 13:25:58+00,2024-09-06 13:25:58+00,2024-09-20 14:10:12+00,"Austin, USA",2024-09-03 11:17:26+00,2025-01-02 09:18:28+00
7675dd70-310c-584c-8048-75ec269799a4,,3bd995d9-5386-5200-b14c-337fc57a8bb6,6d6d0a34-9f5e-59b5-8834-675b7c7c4f20,b306b436-240b-5a86-8d9e-f4fc6ca766b4,DB Schenker,delivered,2024-10-08 16:59:55+00,2024-10-05 16:59:55+00,2024-10-19 17:42:39+00,"Pune, India",2024-10-05 13:50:55+00,2025-01-02 09:24:33+00
500ccbdb-7c63-5f40-9735-8d2e5f7f45dc,,8f2d7823-5353-55b7-99c5-837cbc771d58,42ad692d-b82d-5a13-91a1-a9fd0fcaf73b,658de619-74b7-5535-b678-dd845b7ea9aa,FedEx Logistics,delivered,2024-11-02 21:03:41+00,2024-10-25 21:03:41+00,2024-11-02 17:17:13+00,"Shenzhen, China",2024-10-22 16:40:48+00,2025-01-02 09:00:58+00
d2dd04e4-6dd8-5933-b1e9-246f9f2c346b,,8f2d7823-5353-55b7-99c5-837cbc771d58,6d6d0a34-9f5e-59b5-8834-675b7c7c4f20,fcd4a6ec-38a0-5c55-b79a-6c9e8caf2212,FedEx Logistics,delivered,2024-10-22 15:34:20+00,2024-10-15 15:34:20+00,2024-10-21 23:53:45+00,"Shenzhen, China",2024-10-15 12:08:30+00,2025-01-02 09:05:06+00
750a00c6-2303-5e8b-8533-18ae10d3ebcd,,05f60979-948c-56c4-8971-f733be532412,6400998a-1542-5bd0-baca-290648d04849,08f5b2c3-6888-5786-895c-16edc40fd6d8,DHL Freight,delivered,2024-11-18 23:00:41+00,2024-11-12 23:00:41+00,2024-11-18 17:02:09+00,"Monterrey, Mexico",2024-11-12 17:50:18+00,2025-01-02 09:15:34+00
a65a8c21-8e1e-55d1-9583-6d3d0c88c0bd,,b0a7719d-51cd-5e7d-8e3d-67cc571130e0,22113422-0935-5ebd-b323-7908c0e6bfd5,30683e1d-71d7-5fbd-83c6-3540e3f8cee8,FedEx Logistics,delivered,2024-09-18 00:31:16+00,2024-09-09 00:31:16+00,2024-09-17 20:47:52+00,"Austin, USA",2024-09-07 14:52:44+00,2025-01-02 09:20:25+00
93fff335-80d8-5217-ac51-672bef72763e,,3bd995d9-5386-5200-b14c-337fc57a8bb6,8517ed2a-3738-5e12-a1bc-f0e872fd3d71,bd7b99d7-fab2-5e67-a263-ef09034f7225,DHL Freight,delivered,2024-03-31 20:10:25+00,2024-03-26 20:10:25+00,2024-03-31 14:19:04+00,"Pune, India",2024-03-24 10:44:29+00,2025-01-02 09:16:59+00
a3213a3b-a573-5cac-b4fc-d30883790e29,,05f60979-948c-56c4-8971-f733be532412,915b9517-c3e0-56bb-9f5b-959c6c507cc4,7604adb2-eb6a-5fd5-b064-b93f0af07563,FedEx Logistics,delivered,2024-11-21 06:20:09+00,2024-11-13 06:20:09+00,2024-11-21 04:43:25+00,"Monterrey, Mexico",2024-11-11 21:51:59+00,2025-01-02 09:24:56+00
c3fad2e5-d768-56d6-b09f-e32c40f8ec15,,05f60979-948c-56c4-8971-f733be532412,81c0642e-2463-5abd-ae26-b4b567d51419,93c6b63b-978b-5424-9321-2819e7908863,FedEx Logistics,delivered,2024-09-07 07:41:26+00,2024-08-30 07:41:26+00,2024-09-06 20:01:25+00,"Monterrey, Mexico",2024-08-27 01:30:16+00,2025-01-02 09:24:19+00
d83caf32-cce8-549d-8288-d6f160500ece,,3bd995d9-5386-5200-b14c-337fc57a8bb6,81c0642e-2463-5abd-ae26-b4b567d51419,42e046dc-9b7f-5e3a-b2ea-caf986dbd0b7,FedEx Logistics,delivered,2024-05-01 02:44:07+00,2024-04-28 02:44:07+00,2024-04-30 15:59:10+00,"Pune, India",2024-04-24 23:25:02+00,2025-01-02 09:23:53+00
757986d1-f90c-5b35-8901-7aae3de99729,,05f60979-948c-56c4-8971-f733be532412,915b9517-c3e0-56bb-9f5b-959c6c507cc4,8f2d1a4e-aff2-5ac9-916f-7f6dddc62ad5,FedEx Logistics,delivered,2024-10-08 20:23:04+00,2024-09-29 20:23:04+00,2024-10-08 04:43:06+00,"Monterrey, Mexico",2024-09-26 13:05:19+00,2025-01-02 09:04:34+00
08ec5365-b48b-5fa0-82dd-e16e74df9724,,8f2d7823-5353-55b7-99c5-837cbc771d58,81c0642e-2463-5abd-ae26-b4b567d51419,10c69885-f324-5884-89ad-84621ec0f263,FedEx Logistics,delivered,2024-10-13 06:31:43+00,2024-10-04 06:31:43+00,2024-10-16 06:32:06+00,"Shenzhen, China",2024-10-02 00:23:31+00,2025-01-02 09:16:56+00
fef3a158-6ac8-571c-ac86-84a248b8f42b,,3bd995d9-5386-5200-b14c-337fc57a8bb6,81c0642e-2463-5abd-ae26-b4b567d51419,927e52fe-7474-5d4f-815d-e77aa2ce04e5,FedEx Logistics,delivered,2024-02-22 21:12:09+00,2024-02-15 21:12:09+00,2024-02-21 21:20:46+00,"Pune, India",2024-02-15 18:08:27+00,2025-01-02 09:06:54+00
24ce49ec-c539-5e42-a208-a69439a1baee,,b0a7719d-51cd-5e7d-8e3d-67cc571130e0,6d6d0a34-9f5e-59b5-8834-675b7c7c4f20,83b9ad65-6555-59c8-a3cf-eef3ce219434,DHL Freight,delivered,2024-10-17 12:44:15+00,2024-10-10 12:44:15+00,2024-10-16 12:58:57+00,"Austin, USA",2024-10-08 11:02:21+00,2025-01-02 09:00:25+00
a984839d-b88f-51a6-b63e-9c12ab19330a,,05f60979-948c-56c4-8971-f733be532412,6400998a-1542-5bd0-baca-290648d04849,a9385b49-dc76-50fb-aa34-eac82a7d713b,DHL Freight,delivered,2024-09-16 06:45:00+00,2024-09-12 06:45:00+00,2024-09-15 10:10:20+00,"Monterrey, Mexico",2024-09-12 01:15:10+00,2025-01-02 09:03:49+00
fe7fdffa-8535-552c-a4e9-fd00b9532d33,,c981f5ef-8774-5129-b83a-c9448b008bfa,915b9517-c3e0-56bb-9f5b-959c6c507cc4,d4eff244-504d-579a-8552-7f2b43b0d114,FedEx Logistics,delivered,2024-03-16 23:59:22+00,2024-03-10 23:59:22+00,2024-03-16 01:38:05+00,"Stuttgart, Germany",2024-03-10 18:35:50+00,2025-01-02 09:28:07+00
b8121257-fc41-534a-b483-fc3671524fa8,,05f60979-948c-56c4-8971-f733be532412,6d6d0a34-9f5e-59b5-8834-675b7c7c4f20,9df4d0a4-14b9-5dfa-92d2-d19d06d0eab8,DHL Freight,delivered,2024-08-17 22:39:33+00,2024-08-08 22:39:33+00,2024-08-19 22:48:41+00,"Monterrey, Mexico",2024-08-06 21:08:14+00,2025-01-02 09:20:03+00
885c68e6-f82a-5458-a20d-55bb37b0e40d,,8f2d7823-5353-55b7-99c5-837cbc771d58,81c0642e-2463-5abd-ae26-b4b567d51419,fdf859b3-0dce-5327-9485-337b3055bfe5,DHL Freight,delivered,2024-09-11 18:00:24+00,2024-09-05 18:00:24+00,2024-09-11 10:22:01+00,"Shenzhen, China",2024-09-04 16:21:40+00,2025-01-02 09:20:57+00
d2056987-8d4d-58ca-a256-1a54669b7f58,,b0a7719d-51cd-5e7d-8e3d-67cc571130e0,6d6d0a34-9f5e-59b5-8834-675b7c7c4f20,15ee16ae-b9a8-5ec7-a6e1-7903f7e45e50,FedEx Logistics,delivered,2024-03-30 17:41:53+00,2024-03-21 17:41:53+00,2024-03-30 10:51:28+00,"Austin, USA",2024-03-21 10:28:26+00,2025-01-02 09:14:35+00
7fa7ef5e-9cbf-5d11-bfd9-5f4763af6428,,8f2d7823-5353-55b7-99c5-837cbc771d58,8517ed2a-3738-5e12-a1bc-f0e872fd3d71,9ef3cf6f-f2ec-5bd6-a672-a4d269c50bf6,DHL Freight,delivered,2024-10-07 13:27:17+00,2024-10-04 13:27:17+00,2024-10-20 13:47:13+00,"Shenzhen, China",2024-10-04 10:16:57+00,2025-01-02 09:21:19+00
7d1885e0-474a-5d29-8101-1c4d125c6814,,05f60979-948c-56c4-8971-f733be532412,8517ed2a-3738-5e12-a1bc-f0e872fd3d71,f13063ed-8649-51f2-b793-176684099004,DHL Freight,delivered,2024-10-27 02:32:02+00,2024-10-23 02:32:02+00,2024-10-25 21:06:48+00,"Monterrey, Mexico",2024-10-19 17:52:42+00,2025-01-02 09:26:57+00
ca9aefc9-acf3-586c-9455-f410df4394c1,,c981f5ef-8774-5129-b83a-c9448b008bfa,8517ed2a-3738-5e12-a1bc-f0e872fd3d71,b38143b8-ad2a-540d-9927-58223c489f6f,DB Schenker,delivered,2024-04-04 17:17:13+00,2024-03-27 17:17:13+00,2024-04-06 17:58:37+00,"Stuttgart, Germany",2024-03-27 12:51:12+00,2025-01-02 09:29:38+00
c9e3d6b4-a940-5318-8bad-092fc1d5feab,,8f2d7823-5353-55b7-99c5-837cbc771d58,42ad692d-b82d-5a13-91a1-a9fd0fcaf73b,8c999ff4-d091-522b-ad65-eed3b80d1dee,FedEx Logistics,delivered,2024-10-15 11:15:13+00,2024-10-09 11:15:13+00,2024-10-29 11:21:36+00,"Shenzhen, China",2024-10-09 09:02:24+00,2025-01-02 09:19:57+00
354b3517-290d-5e87-b938-1fea71786e69,,8f2d7823-5353-55b7-99c5-837cbc771d58,81c0642e-2463-5abd-ae26-b4b567d51419,e094caa4-d096-5d07-ada1-8bbd4e2394ae,DHL Freight,delivered,2024-12-14 22:16:19+00,2024-12-09 22:16:19+00,2024-12-13 18:52:32+00,"Shenzhen, China",2024-12-06 19:43:53+00,2025-01-02 09:10:24+00
fe990304-9a41-5aec-9a8b-ab4f2c4b1a47,,05f60979-948c-56c4-8971-f733be532412,42ad692d-b82d-5a13-91a1-a9fd0fcaf73b,11a546c3-e34c-5329-b3e8-5b40e19a88dc,DHL Freight,delivered,2024-04-10 08:54:14+00,2024-04-03 08:54:14+00,2024-04-09 08:56:40+00,"Monterrey, Mexico",2024-04-01 23:19:27+00,2025-01-02 09:13:29+00
d52e63dd-d008-5927-a179-7c8b5c09d7c5,,b0a7719d-51cd-5e7d-8e3d-67cc571130e0,81c0642e-2463-5abd-ae26-b4b567d51419,fd813cb3-474a-5119-80d0-2ec39f2c7eca,FedEx Logistics,delivered,2024-09-30 14:30:32+00,2024-09-27 14:30:32+00,2024-09-29 11:05:16+00,"Austin, USA",2024-09-26 12:06:45+00,2025-01-02 09:28:40+00
4a56ec28-bf07-5ceb-81ca-65abba0e8b1e,,b0a7719d-51cd-5e7d-8e3d-67cc571130e0,6d6d0a34-9f5e-59b5-8834-675b7c7c4f20,77a98dc3-1b43-51ba-8ad8-d110587fbe77,DHL Freight,delivered,2024-11-21 14:45:16+00,2024-11-14 14:45:16+00,2024-11-21 00:06:26+00,"Austin, USA",2024-11-14 09:10:07+00,2025-01-02 09:12:43+00
67e623d6-0d62-5a58-a07c-5befd3f4980e,,c981f5ef-8774-5129-b83a-c9448b008bfa,6d6d0a34-9f5e-59b5-8834-675b7c7c4f20,95a2b458-5175-5812-8154-11ed534ddf29,DHL Freight,delivered,2024-10-03 21:40:58+00,2024-09-29 21:40:58+00,2024-10-03 12:07:00+00,"Stuttgart, Germany",2024-09-29 19:13:27+00,2025-01-02 09:27:08+00
f226f311-4219-5710-a402-0993901371cd,,3bd995d9-5386-5200-b14c-337fc57a8bb6,6d6d0a34-9f5e-59b5-8834-675b7c7c4f20,79de9a58-2223-5916-8357-ae07062b8990,FedEx Logistics,delivered,2024-09-27 15:15:34+00,2024-09-20 15:15:34+00,2024-10-04 15:56:57+00,"Pune, India",2024-09-20 12:34:03+00,2025-01-02 09:26:42+00
94ff63d1-1e83-5e32-ab95-cfaf738c5b37,,c981f5ef-8774-5129-b83a-c9448b008bfa,8517ed2a-3738-5e12-a1bc-f0e872fd3d71,50622025-5bcb-52db-a93d-33e5003c30d9,DB Schenker,delivered,2024-05-08 03:43:16+00,2024-05-05 03:43:16+00,2024-05-07 16:12:13+00,"Stuttgart, Germany",2024-05-05 01:18:18+00,2025-01-02 09:27:29+00
fe50a14b-8bef-5488-90c2-f46394c3b0eb,,b0a7719d-51cd-5e7d-8e3d-67cc571130e0,81c0642e-2463-5abd-ae26-b4b567d51419,dac6f59c-9f1e-5c39-9a46-d0305e84a2fe,DHL Freight,delivered,2024-10-14 21:32:46+00,2024-10-07 21:32:46+00,2024-10-13 23:08:21+00,"Austin, USA",2024-10-04 14:02:50+00,2025-01-02 09:05:12+00
229e1fe0-a324-593c-895f-ae2d42472571,,8f2d7823-5353-55b7-99c5-837cbc771d58,81c0642e-2463-5abd-ae26-b4b567d51419,e632f6ac-d301-5358-b3ad-13e9263a415c,FedEx Logistics,delivered,2024-10-31 18:13:26+00,2024-10-28 18:13:26+00,2024-10-31 01:27:35+00,"Shenzhen, China",2024-10-28 12:11:31+00,2025-01-02 09:03:36+00
6f67947d-95df-5819-a8d0-bf53bf2f2fc8,,b0a7719d-51cd-5e7d-8e3d-67cc571130e0,915b9517-c3e0-56bb-9f5b-959c6c507cc4,6c27ec77-8d97-5a63-bdf4-6ba20ee18196,DB Schenker,delivered,2024-10-22 01:57:53+00,2024-10-15 01:57:53+00,2024-10-21 22:35:07+00,"Austin, USA",2024-10-12 18:35:33+00,2025-01-02 09:16:13+00
b2bfebc9-6582-5f85-9062-2eb47958640b,,b0a7719d-51cd-5e7d-8e3d-67cc571130e0,42ad692d-b82d-5a13-91a1-a9fd0fcaf73b,5e17017e-f582-5952-ad0d-683d199bf846,DHL Freight,delivered,2024-04-21 00:16:09+00,2024-04-14 00:16:09+00,2024-04-20 03:25:50+00,"Austin, USA",2024-04-12 19:05:17+00,2025-01-02 09:09:58+00
8ea717bf-5c14-5e20-b0f4-5398f5540ae9,,3bd995d9-5386-5200-b14c-337fc57a8bb6,22113422-0935-5ebd-b323-7908c0e6bfd5,c9faaab6-6fdf-5957-8ebf-425c022a2c09,FedEx Logistics,delivered,2024-06-11 05:16:59+00,2024-06-04 05:16:59+00,2024-06-10 00:46:01+00,"Pune, India",2024-06-03 22:40:10+00,2025-01-02 09:29:51+00
c2d05689-7aed-5677-b7cd-ed489cd975a3,,b0a7719d-51cd-5e7d-8e3d-67cc571130e0,42ad692d-b82d-5a13-91a1-a9fd0fcaf73b,89d107eb-ee86-5e4a-85dd-1e41a5202099,DHL Freight,delivered,2024-03-25 23:58:37+00,2024-03-22 23:58:37+00,2024-03-25 19:30:09+00,"Austin, USA",2024-03-22 20:23:26+00,2025-01-02 09:12:41+00
4c06793e-00ba-5596-adf2-59901087fc9f,,8f2d7823-5353-55b7-99c5-837cbc771d58,22113422-0935-5ebd-b323-7908c0e6bfd5,6c298532-5c57-55a6-8300-a064def7e670,DB Schenker,delivered,2024-11-08 08:06:04+00,2024-11-01 08:06:04+00,2024-11-10 08:10:14+00,"Shenzhen, China",2024-10-31 02:44:27+00,2025-01-02 09:22:16+00
396162ed-59b6-5a98-8b3a-b2c7a6cf0657,,b0a7719d-51cd-5e7d-8e3d-67cc571130e0,a71f4bf4-a78e-5fa3-a8bd-e34ee2c97dcd,5f76e8a1-8d18-56a6-b29b-49d8ea4d0b8a,FedEx Logistics,delivered,2024-09-15 16:29:53+00,2024-09-09 16:29:53+00,2024-09-15 10:30:24+00,"Austin, USA",2024-09-08 14:52:44+00,2025-01-02 09:13:21+00
b1ebcecb-6d35-53d5-b5c8-a28fc2ad55a3,,b0a7719d-51cd-5e7d-8e3d-67cc571130e0,6d6d0a34-9f5e-59b5-8834-675b7c7c4f20,54847498-9de7-539e-bd64-1dffcdbeaf55,DB Schenker,delivered,2024-03-18 21:23:24+00,2024-03-09 21:23:24+00,2024-03-17 18:34:47+00,"Austin, USA",2024-03-06 16:45:29+00,2025-01-02 09:10:43+00
d9b053fb-e3d4-56f7-9199-b0710725546e,,b0a7719d-51cd-5e7d-8e3d-67cc571130e0,42ad692d-b82d-5a13-91a1-a9fd0fcaf73b,b8ebb498-ff48-5dc3-b5d8-7a4a4046f1e1,DB Schenker,delivered,2024-03-21 04:32:28+00,2024-03-12 04:32:28+00,2024-03-21 01:05:17+00,"Austin, USA",2024-03-11 19:12:30+00,2025-01-02 09:18:58+00
6d87595f-3034-538e-b7c9-451b7d48a639,,05f60979-948c-56c4-8971-f733be532412,6400998a-1542-5bd0-baca-290648d04849,8a115e99-0299-5d69-86f7-9dbd8474cd7e,DHL Freight,delivered,2024-03-13 15:56:19+00,2024-03-04 15:56:19+00,2024-03-13 12:01:18+00,"Monterrey, Mexico",2024-03-04 14:26:07+00,2025-01-02 09:19:51+00
3134986b-10b8-5a54-a168-eb601f8ee04a,,b0a7719d-51cd-5e7d-8e3d-67cc571130e0,81c0642e-2463-5abd-ae26-b4b567d51419,a06319e6-0985-52ed-8ca2-aae576b1bf8a,DHL Freight,delivered,2024-11-08 18:15:57+00,2024-11-04 18:15:57+00,2024-11-07 12:19:29+00,"Austin, USA",2024-11-02 10:01:10+00,2025-01-02 09:23:38+00
65dcd28c-53d3-51fd-88b7-1e7268cde25b,,05f60979-948c-56c4-8971-f733be532412,8517ed2a-3738-5e12-a1bc-f0e872fd3d71,2e35537b-4952-551a-b588-01261db814fe,DB Schenker,delivered,2024-04-02 16:49:40+00,2024-03-25 16:49:40+00,2024-04-01 16:18:49+00,"Monterrey, Mexico",2024-03-22 14:07:25+00,2025-01-02 09:18:38+00
166309f3-da3e-5522-9e86-aed3ee3b3752,,3bd995d9-5386-5200-b14c-337fc57a8bb6,22113422-0935-5ebd-b323-7908c0e6bfd5,b155b2ba-a8ad-58e4-9d9d-15273417c652,FedEx Logistics,delivered,2024-02-19 01:35:57+00,2024-02-14 01:35:57+00,2024-02-18 12:03:42+00,"Pune, India",2024-02-10 19:08:44+00,2025-01-02 09:18:16+00
ef95d148-da4a-5a0e-955d-9af31e278f15,,05f60979-948c-56c4-8971-f733be532412,8517ed2a-3738-5e12-a1bc-f0e872fd3d71,1533003e-02ec-505f-a385-19db792cd7d9,DB Schenker,delivered,2024-05-24 01:10:26+00,2024-05-16 01:10:26+00,2024-05-24 01:11:37+00,"Monterrey, Mexico",2024-05-14 20:50:49+00,2025-01-02 09:09:05+00
18e8f0fb-d15c-5a01-a49d-fe2f3d4bd67e,,3bd995d9-5386-5200-b14c-337fc57a8bb6,a71f4bf4-a78e-5fa3-a8bd-e34ee2c97dcd,569e714f-9d64-578c-8628-04f8bc00f82e,DHL Freight,delivered,2024-05-08 04:57:49+00,2024-04-29 04:57:49+00,2024-05-07 15:40:25+00,"Pune, India",2024-04-27 21:32:56+00,2025-01-02 09:06:40+00
07f20dda-fe81-52d2-b9ec-aecc70b7c5ff,,b0a7719d-51cd-5e7d-8e3d-67cc571130e0,915b9517-c3e0-56bb-9f5b-959c6c507cc4,4d44b682-478f-5cc8-b5cb-6f84d73bc8a1,DHL Freight,delivered,2024-11-27 15:43:40+00,2024-11-18 15:43:40+00,2024-11-26 17:44:34+00,"Austin, USA",2024-11-18 10:27:02+00,2025-01-02 09:27:24+00
0a1d4b0a-9adf-5914-8bbb-b2cbc73b62b9,,b0a7719d-51cd-5e7d-8e3d-67cc571130e0,8517ed2a-3738-5e12-a1bc-f0e872fd3d71,6c504887-c1bd-5077-98e6-6e06f5df6ca7,FedEx Logistics,delivered,2024-11-13 14:26:30+00,2024-11-05 14:26:30+00,2024-11-12 14:10:13+00,"Austin, USA",2024-11-02 13:18:43+00,2025-01-02 09:18:52+00
c018715a-4ace-5d1d-9f8d-159a58607ca7,,8f2d7823-5353-55b7-99c5-837cbc771d58,81c0642e-2463-5abd-ae26-b4b567d51419,b262771a-b464-5ff4-b888-f120445b9482,DHL Freight,delivered,2024-10-18 14:06:38+00,2024-10-10 14:06:38+00,2024-10-17 09:16:58+00,"Shenzhen, China",2024-10-10 11:39:33+00,2025-01-02 09:14:27+00
a45fb3bb-d504-5831-b3af-d0e05e688754,,05f60979-948c-56c4-8971-f733be532412,a71f4bf4-a78e-5fa3-a8bd-e34ee2c97dcd,7ef78b33-9cea-5652-a261-c79c0332096e,DHL Freight,delivered,2024-03-15 08:16:53+00,2024-03-11 08:16:53+00,2024-03-14 11:34:44+00,"Monterrey, Mexico",2024-03-08 22:37:51+00,2025-01-02 09:19:11+00
43278da2-957d-5e4b-8f0c-471c4e259603,,3bd995d9-5386-5200-b14c-337fc57a8bb6,a71f4bf4-a78e-5fa3-a8bd-e34ee2c97dcd,00742862-a4f9-54ba-a8d0-1653ced9152e,DHL Freight,delivered,2024-03-13 19:29:48+00,2024-03-08 19:29:48+00,2024-03-13 00:42:33+00,"Pune, India",2024-03-07 12:56:13+00,2025-01-02 09:10:05+00
78909216-d4e5-507c-9ee9-63cfecdf9be1,,c981f5ef-8774-5129-b83a-c9448b008bfa,6400998a-1542-5bd0-baca-290648d04849,2008e03b-47db-5476-b517-5d5a066296e0,FedEx Logistics,delivered,2024-09-18 19:05:01+00,2024-09-11 19:05:01+00,2024-09-17 21:39:30+00,"Stuttgart, Germany",2024-09-09 11:48:28+00,2025-01-02 09:28:13+00
f4c84d75-b130-5d33-add5-952b090b70d2,,3bd995d9-5386-5200-b14c-337fc57a8bb6,a71f4bf4-a78e-5fa3-a8bd-e34ee2c97dcd,81508dba-70ba-589c-a222-4adee89945ec,DHL Freight,delivered,2024-03-30 01:13:55+00,2024-03-27 01:13:55+00,2024-03-29 12:42:48+00,"Pune, India",2024-03-26 17:04:27+00,2025-01-02 09:10:21+00
477fb9ac-096d-5576-9d5c-59e7b79018cc,,c981f5ef-8774-5129-b83a-c9448b008bfa,915b9517-c3e0-56bb-9f5b-959c6c507cc4,1af94455-fbc3-5c07-bd6f-915cd9c79df4,FedEx Logistics,delivered,2024-10-20 04:18:38+00,2024-10-13 04:18:38+00,2024-10-19 19:18:48+00,"Stuttgart, Germany",2024-10-11 00:44:38+00,2025-01-02 09:28:45+00
9215d7b3-e632-5590-b274-3673ed74427d,,3bd995d9-5386-5200-b14c-337fc57a8bb6,6400998a-1542-5bd0-baca-290648d04849,c2356a2a-e40e-5b0f-94b0-8fe5b4c7c1f2,DHL Freight,delivered,2024-08-07 20:08:49+00,2024-08-04 20:08:49+00,2024-08-06 21:34:33+00,"Pune, India",2024-08-01 19:02:56+00,2025-01-02 09:07:43+00
bec8bba6-8dde-5014-ba99-d07ef42fe4bc,,3bd995d9-5386-5200-b14c-337fc57a8bb6,81c0642e-2463-5abd-ae26-b4b567d51419,ef65e9c3-61b3-5cb0-87db-0aef4754d228,DB Schenker,delivered,2024-12-21 01:39:53+00,2024-12-18 01:39:53+00,2024-12-20 10:47:42+00,"Pune, India",2024-12-15 20:25:40+00,2025-01-02 09:23:30+00
88e4be09-a228-5351-93d4-b1f6fa320786,,3bd995d9-5386-5200-b14c-337fc57a8bb6,a71f4bf4-a78e-5fa3-a8bd-e34ee2c97dcd,6ac40b03-209d-5e71-98fb-e5e6a3a45e90,DB Schenker,delivered,2024-03-10 05:58:58+00,2024-03-07 05:58:58+00,2024-03-09 03:43:42+00,"Pune, India",2024-03-06 01:37:07+00,2025-01-02 09:19:01+00
0e09343f-ba5f-55ea-87c4-920d9aa4b9ab,,c981f5ef-8774-5129-b83a-c9448b008bfa,22113422-0935-5ebd-b323-7908c0e6bfd5,2df19e24-f043-5b4b-b7f6-4f85433f2c47,DHL Freight,delivered,2024-11-28 14:06:45+00,2024-11-25 14:06:45+00,2024-12-09 14:11:15+00,"Stuttgart, Germany",2024-11-25 12:26:32+00,2025-01-02 09:00:46+00
64e7c4eb-6d20-5a58-8dac-7ed5dbaff6d4,,b0a7719d-51cd-5e7d-8e3d-67cc571130e0,81c0642e-2463-5abd-ae26-b4b567d51419,29de65b0-2373-5768-893f-c89bb23003e3,FedEx Logistics,delivered,2024-07-01 23:39:27+00,2024-06-22 23:39:27+00,2024-06-30 17:55:11+00,"Austin, USA",2024-06-22 20:03:30+00,2025-01-02 09:22:47+00
e33a922d-8df0-563e-bf37-0092213f9e66,,3bd995d9-5386-5200-b14c-337fc57a8bb6,22113422-0935-5ebd-b323-7908c0e6bfd5,b31cf5b7-2abe-590a-b5d0-95129613549c,FedEx Logistics,delivered,2024-03-16 00:29:01+00,2024-03-09 00:29:01+00,2024-03-15 23:46:56+00,"Pune, India",2024-03-07 22:46:35+00,2025-01-02 09:13:22+00
bb5b6e8c-610d-5535-a76f-755896b32c1f,,b0a7719d-51cd-5e7d-8e3d-67cc571130e0,6d6d0a34-9f5e-59b5-8834-675b7c7c4f20,cca1bd01-a61d-5be1-884d-f8ec7804448e,FedEx Logistics,delivered,2024-01-22 06:27:44+00,2024-01-19 06:27:44+00,2024-01-21 10:29:25+00,"Austin, USA",2024-01-15 23:16:07+00,2025-01-02 09:17:50+00
aea0755a-40c7-5325-864c-0debd57a30f1,,b0a7719d-51cd-5e7d-8e3d-67cc571130e0,a71f4bf4-a78e-5fa3-a8bd-e34ee2c97dcd,61b9872f-3f70-5718-9bf0-0d6516d53201,DHL Freight,delivered,2024-08-21 10:27:14+00,2024-08-13 10:27:14+00,2024-08-20 08:06:17+00,"Austin, USA",2024-08-10 01:22:41+00,2025-01-02 09:09:20+00
1c559e12-afd8-5e67-9b48-64b732bc2858,,05f60979-948c-56c4-8971-f733be532412,6400998a-1542-5bd0-baca-290648d04849,94e30120-6036-5445-9b29-6421bb7231c0,FedEx Logistics,delivered,2024-10-22 20:53:18+00,2024-10-13 20:53:18+00,2024-10-21 17:59:19+00,"Monterrey, Mexico",2024-10-11 16:48:17+00,2025-01-02 09:03:37+00
75692997-46b6-5e30-baea-d8b0c96e0d7c,,8f2d7823-5353-55b7-99c5-837cbc771d58,8517ed2a-3738-5e12-a1bc-f0e872fd3d71,406dd2ec-6774-5437-9b90-121fd40ed717,DHL Freight,delivered,2024-03-20 06:44:00+00,2024-03-12 06:44:00+00,2024-03-19 12:14:34+00,"Shenzhen, China",2024-03-11 23:10:04+00,2025-01-02 09:28:10+00
25fa4b1b-3419-5543-bc44-18cec5fb2e85,,b0a7719d-51cd-5e7d-8e3d-67cc571130e0,8517ed2a-3738-5e12-a1bc-f0e872fd3d71,ad624a49-0856-50e9-a106-1a0a6fae4043,DHL Freight,delivered,2024-08-27 22:02:12+00,2024-08-20 22:02:12+00,2024-08-27 03:18:05+00,"Austin, USA",2024-08-20 16:52:39+00,2025-01-02 09:10:21+00
9e8fef8e-abda-522f-b42f-645ef93d80ec,,3bd995d9-5386-5200-b14c-337fc57a8bb6,6d6d0a34-9f5e-59b5-8834-675b7c7c4f20,57930a38-2071-590d-a3c6-4c907ad4e219,DB Schenker,delivered,2024-04-02 19:28:02+00,2024-03-30 19:28:02+00,2024-04-01 16:34:44+00,"Pune, India",2024-03-27 10:58:53+00,2025-01-02 09:12:45+00
800013b2-cd24-582e-9f2e-d7d729e37452,,b0a7719d-51cd-5e7d-8e3d-67cc571130e0,8517ed2a-3738-5e12-a1bc-f0e872fd3d71,4c54561c-05b9-5be8-85b0-d68390bf6253,DHL Freight,delivered,2024-06-11 02:44:30+00,2024-06-03 02:44:30+00,2024-06-10 11:08:54+00,"Austin, USA",2024-06-01 19:28:23+00,2025-01-02 09:15:54+00
38c0a283-47b8-5c78-aa6e-10816dcb0994,,b0a7719d-51cd-5e7d-8e3d-67cc571130e0,915b9517-c3e0-56bb-9f5b-959c6c507cc4,f8ce734a-b891-570d-a3d9-5e39af41f7b5,DHL Freight,delivered,2024-06-16 05:36:53+00,2024-06-10 05:36:53+00,2024-06-15 17:07:11+00,"Austin, USA",2024-06-09 02:24:20+00,2025-01-02 09:19:38+00
6e4788ad-0c94-5019-8995-17e4247b6b9c,,3bd995d9-5386-5200-b14c-337fc57a8bb6,22113422-0935-5ebd-b323-7908c0e6bfd5,5f2685c5-4a4e-519c-ab99-77b1c293e8b2,DB Schenker,delivered,2024-02-11 05:59:35+00,2024-02-03 05:59:35+00,2024-02-10 04:21:45+00,"Pune, India",2024-01-30 22:53:45+00,2025-01-02 09:12:04+00
706cda17-48ba-5ff6-8281-e5605b0e468b,,3bd995d9-5386-5200-b14c-337fc57a8bb6,6400998a-1542-5bd0-baca-290648d04849,73bafeb5-cb19-5205-9610-896d8460f11e,FedEx Logistics,delivered,2024-01-26 07:04:49+00,2024-01-19 07:04:49+00,2024-01-26 03:26:53+00,"Pune, India",2024-01-18 00:26:13+00,2025-01-02 09:11:51+00
9d8b9859-5cfb-57bd-a74d-68761e8c34c2,,8f2d7823-5353-55b7-99c5-837cbc771d58,6d6d0a34-9f5e-59b5-8834-675b7c7c4f20,9388875f-ae81-5636-9bc9-047e523b19e0,FedEx Logistics,delivered,2024-10-01 04:06:38+00,2024-09-27 04:06:38+00,2024-09-30 11:19:27+00,"Shenzhen, China",2024-09-24 19:40:41+00,2025-01-02 09:25:08+00
22329310-00a1-5c71-9f52-d9911c6ed5ee,,b0a7719d-51cd-5e7d-8e3d-67cc571130e0,81c0642e-2463-5abd-ae26-b4b567d51419,a03c6d9f-b01d-5c43-8b7a-18424fc3f273,DHL Freight,delivered,2024-10-06 01:21:49+00,2024-10-03 01:21:49+00,2024-10-05 01:48:16+00,"Austin, USA",2024-10-02 17:14:22+00,2025-01-02 09:27:43+00
5b65ed48-33e8-5c60-9c4f-87a8bcb17404,,05f60979-948c-56c4-8971-f733be532412,81c0642e-2463-5abd-ae26-b4b567d51419,5f10b721-1071-539a-b1c9-15f02a2ed3bc,DHL Freight,delivered,2024-09-26 00:22:37+00,2024-09-17 00:22:37+00,2024-09-25 07:58:59+00,"Monterrey, Mexico",2024-09-14 16:58:40+00,2025-01-02 09:29:23+00
9f3766e4-ca4f-56c5-8790-47d6d8926a9c,,05f60979-948c-56c4-8971-f733be532412,a71f4bf4-a78e-5fa3-a8bd-e34ee2c97dcd,3ffd0667-5e61-5dd0-b6b3-28f8b8a24af0,FedEx Logistics,delivered,2024-09-29 00:48:04+00,2024-09-22 00:48:04+00,2024-09-28 23:48:21+00,"Monterrey, Mexico",2024-09-21 23:03:36+00,2025-01-02 09:24:38+00
b588bbe6-db52-5344-ba6e-1a5a012f4f28,,c981f5ef-8774-5129-b83a-c9448b008bfa,915b9517-c3e0-56bb-9f5b-959c6c507cc4,2e2524c9-4137-52ef-8a40-dbf3b26638bd,FedEx Logistics,delivered,2024-12-07 07:14:57+00,2024-11-30 07:14:57+00,2024-12-06 03:48:29+00,"Stuttgart, Germany",2024-11-28 21:44:26+00,2025-01-02 09:27:15+00
121f4337-90c0-53de-8c05-3c85663f148a,,05f60979-948c-56c4-8971-f733be532412,a71f4bf4-a78e-5fa3-a8bd-e34ee2c97dcd,90ec8c7b-f3b8-50fe-a1e4-ebe28cf56e5d,DB Schenker,delivered,2024-09-29 17:42:32+00,2024-09-25 17:42:32+00,2024-09-29 14:49:28+00,"Monterrey, Mexico",2024-09-25 14:02:17+00,2025-01-02 09:27:07+00
d9692db4-a2c7-5e9c-abc4-b25082dbddbc,,8f2d7823-5353-55b7-99c5-837cbc771d58,81c0642e-2463-5abd-ae26-b4b567d51419,6e72070c-21d6-59dd-97cd-8ae586d321fb,DB Schenker,delivered,2024-03-18 23:07:30+00,2024-03-15 23:07:30+00,2024-03-18 05:09:04+00,"Shenzhen, China",2024-03-12 21:33:50+00,2025-01-02 09:15:30+00
c2810aae-3165-5172-bc80-6b8b8dd4f798,,05f60979-948c-56c4-8971-f733be532412,6400998a-1542-5bd0-baca-290648d04849,28f585ae-ca69-5e70-bf1d-15bed2a3dfc4,DHL Freight,delivered,2024-12-18 08:20:16+00,2024-12-14 08:20:16+00,2024-12-18 06:03:32+00,"Monterrey, Mexico",2024-12-13 00:39:00+00,2025-01-02 09:06:43+00
559baf5c-2133-5279-9c10-f91748779712,,05f60979-948c-56c4-8971-f733be532412,81c0642e-2463-5abd-ae26-b4b567d51419,f1f66c33-a4ff-5f7b-9b38-a7674a44e5bd,DHL Freight,delivered,2024-04-02 21:22:09+00,2024-03-30 21:22:09+00,2024-04-01 20:33:56+00,"Monterrey, Mexico",2024-03-29 20:12:52+00,2025-01-02 09:18:52+00
bfa6f724-a29d-571f-9377-80d4e9619e13,,c981f5ef-8774-5129-b83a-c9448b008bfa,6d6d0a34-9f5e-59b5-8834-675b7c7c4f20,dc62a98d-337d-5e74-a698-e0ce0c56f4f6,FedEx Logistics,delivered,2024-09-29 15:11:25+00,2024-09-21 15:11:25+00,2024-09-28 14:54:46+00,"Stuttgart, Germany",2024-09-18 08:55:06+00,2025-01-02 09:29:30+00
57369a41-9c41-5a58-99b1-a502366b2321,,3bd995d9-5386-5200-b14c-337fc57a8bb6,8517ed2a-3738-5e12-a1bc-f0e872fd3d71,354dc7d7-68ad-5087-84e1-42be57dc591b,FedEx Logistics,delivered,2024-12-08 21:30:16+00,2024-11-29 21:30:16+00,2024-12-07 16:11:03+00,"Pune, India",2024-11-27 16:03:35+00,2025-01-02 09:02:14+00
56092f95-6905-594a-b598-d34b7ff8d21a,,05f60979-948c-56c4-8971-f733be532412,a71f4bf4-a78e-5fa3-a8bd-e34ee2c97dcd,27a73e01-e24f-5323-aafa-48e8d214c703,FedEx Logistics,delivered,2024-09-16 06:36:58+00,2024-09-13 06:36:58+00,2024-09-15 23:02:24+00,"Monterrey, Mexico",2024-09-10 02:12:16+00,2025-01-02 09:11:41+00
bc319c40-584b-51cc-bf96-73d61414b51d,,05f60979-948c-56c4-8971-f733be532412,a71f4bf4-a78e-5fa3-a8bd-e34ee2c97dcd,745bb239-47b0-5db1-85c2-4360af6b6d93,FedEx Logistics,delivered,2024-10-14 06:00:59+00,2024-10-08 06:00:59+00,2024-10-13 17:25:08+00,"Monterrey, Mexico",2024-10-04 20:24:22+00,2025-01-02 09:21:36+00
0f4e1622-9b13-53cb-882e-0de31a39bd24,,3bd995d9-5386-5200-b14c-337fc57a8bb6,42ad692d-b82d-5a13-91a1-a9fd0fcaf73b,fc97ddda-821b-574a-a934-f855bbb48441,DB Schenker,delivered,2024-07-11 23:33:01+00,2024-07-07 23:33:01+00,2024-07-11 11:16:01+00,"Pune, India",2024-07-06 16:48:19+00,2025-01-02 09:14:28+00
9c6f804b-6aa8-5cc7-a4ce-db364c3ad267,,b0a7719d-51cd-5e7d-8e3d-67cc571130e0,915b9517-c3e0-56bb-9f5b-959c6c507cc4,de7810e8-4668-5522-bd33-102af03e79ff,DHL Freight,delivered,2024-12-23 07:44:43+00,2024-12-17 07:44:43+00,2024-12-23 08:16:10+00,"Austin, USA",2024-12-14 22:23:21+00,2025-01-02 09:24:28+00
580a9e97-7373-5dc0-a88b-288231e2a615,,8f2d7823-5353-55b7-99c5-837cbc771d58,8517ed2a-3738-5e12-a1bc-f0e872fd3d71,b84ee9a5-58d6-51a0-b207-500364ea057e,DB Schenker,delivered,2024-03-22 01:35:42+00,2024-03-15 01:35:42+00,2024-03-21 01:17:20+00,"Shenzhen, China",2024-03-13 21:51:18+00,2025-01-02 09:15:25+00
fb22ffae-747e-54e9-a4f8-0cb41ba3cc76,,3bd995d9-5386-5200-b14c-337fc57a8bb6,8517ed2a-3738-5e12-a1bc-f0e872fd3d71,11e2fc3f-0373-5b94-b910-6ce9f7f98346,FedEx Logistics,delivered,2024-04-01 19:14:29+00,2024-03-27 19:14:29+00,2024-04-02 19:39:08+00,"Pune, India",2024-03-24 12:37:56+00,2025-01-02 09:19:43+00
1dbb88dc-32e7-5fc4-9c18-f616a1c17674,,8f2d7823-5353-55b7-99c5-837cbc771d58,22113422-0935-5ebd-b323-7908c0e6bfd5,b411bf26-2cb9-5604-aabc-423239d836f1,FedEx Logistics,delivered,2024-02-09 02:12:12+00,2024-02-05 02:12:12+00,2024-02-07 21:53:23+00,"Shenzhen, China",2024-02-04 17:58:45+00,2025-01-02 09:20:19+00
4e4af7ce-4991-508a-a0cf-2f25d28bf689,,05f60979-948c-56c4-8971-f733be532412,a71f4bf4-a78e-5fa3-a8bd-e34ee2c97dcd,95585700-2298-5d0f-82a9-51cefe0f69f0,DB Schenker,delivered,2024-10-23 23:15:54+00,2024-10-17 23:15:54+00,2024-10-23 05:37:23+00,"Monterrey, Mexico",2024-10-16 15:06:13+00,2025-01-02 09:16:00+00
0739f4a7-5f11-59ec-8616-f623b12b7137,,c981f5ef-8774-5129-b83a-c9448b008bfa,42ad692d-b82d-5a13-91a1-a9fd0fcaf73b,d42fabcc-cade-5891-a9a8-1dfbe9939e0a,DB Schenker,delivered,2024-11-14 20:59:40+00,2024-11-11 20:59:40+00,2024-11-20 21:23:51+00,"Stuttgart, Germany",2024-11-11 18:30:53+00,2025-01-02 09:21:57+00
80c6fb73-1d18-57a0-986d-754299d9d762,,c981f5ef-8774-5129-b83a-c9448b008bfa,22113422-0935-5ebd-b323-7908c0e6bfd5,5c8c9be8-6044-5ae8-934d-2d2c690a68ca,DHL Freight,delivered,2024-09-15 21:21:33+00,2024-09-10 21:21:33+00,2024-09-19 21:25:58+00,"Stuttgart, Germany",2024-09-10 17:43:10+00,2025-01-02 09:04:28+00
9969fb40-0cec-5298-b307-4cdd3129760b,,3bd995d9-5386-5200-b14c-337fc57a8bb6,8517ed2a-3738-5e12-a1bc-f0e872fd3d71,86564726-1503-5259-908d-56e737022254,DHL Freight,delivered,2024-09-21 15:30:31+00,2024-09-12 15:30:31+00,2024-09-20 16:37:22+00,"Pune, India",2024-09-10 11:25:09+00,2025-01-02 09:18:04+00
838a8d01-2fa5-5629-a3ac-4f2702533bfa,,3bd995d9-5386-5200-b14c-337fc57a8bb6,6d6d0a34-9f5e-59b5-8834-675b7c7c4f20,ab8ced86-045f-5e2b-8ad0-448f0ad51c88,FedEx Logistics,delivered,2024-11-29 16:40:54+00,2024-11-22 16:40:54+00,2024-11-28 13:12:21+00,"Pune, India",2024-11-20 13:13:32+00,2025-01-02 09:02:44+00
a4eec5e0-9ff8-550b-80de-248f018ba00a,,b0a7719d-51cd-5e7d-8e3d-67cc571130e0,6400998a-1542-5bd0-baca-290648d04849,84009cd6-97c7-5cff-9bc8-c3e650f7a856,DHL Freight,delivered,2024-11-07 21:40:19+00,2024-10-29 21:40:19+00,2024-11-07 15:16:23+00,"Austin, USA",2024-10-29 20:04:35+00,2025-01-02 09:11:44+00
cc63d7ef-5d23-5d72-96af-60bef7a91f4f,,3bd995d9-5386-5200-b14c-337fc57a8bb6,915b9517-c3e0-56bb-9f5b-959c6c507cc4,64f49749-badb-539e-9ce1-0863fc3254b4,FedEx Logistics,delivered,2024-12-03 05:56:44+00,2024-11-28 05:56:44+00,2024-12-03 05:37:56+00,"Pune, India",2024-11-28 00:13:36+00,2025-01-02 09:14:29+00
ef255e71-b20b-561e-a546-5d9b177ee829,,3bd995d9-5386-5200-b14c-337fc57a8bb6,8517ed2a-3738-5e12-a1bc-f0e872fd3d71,c913b05d-a70e-5f60-b096-71e0b05dbdc7,FedEx Logistics,delivered,2024-10-20 17:50:41+00,2024-10-17 17:50:41+00,2024-10-20 08:05:41+00,"Pune, India",2024-10-14 12:27:12+00,2025-01-02 09:02:51+00
a0e0aee1-eafb-58ac-98ae-0f78e1ee8302,,05f60979-948c-56c4-8971-f733be532412,81c0642e-2463-5abd-ae26-b4b567d51419,8811a92f-f97d-534a-9470-60a9f517d120,DHL Freight,delivered,2024-10-03 01:41:25+00,2024-09-27 01:41:25+00,2024-10-02 11:58:29+00,"Monterrey, Mexico",2024-09-26 18:10:19+00,2025-01-02 09:06:25+00
aa2c18a6-7f1b-5dc3-89f5-d3f189f133de,,05f60979-948c-56c4-8971-f733be532412,22113422-0935-5ebd-b323-7908c0e6bfd5,62883194-2758-5d58-9160-9979e56019fa,DB Schenker,delivered,2024-03-26 00:55:42+00,2024-03-21 00:55:42+00,2024-03-25 17:02:37+00,"Monterrey, Mexico",2024-03-18 17:44:19+00,2025-01-02 09:22:08+00
e5ceb27c-ecaa-52b9-a32d-26dfd9c055a1,,b0a7719d-51cd-5e7d-8e3d-67cc571130e0,6400998a-1542-5bd0-baca-290648d04849,04dac953-c5f7-5d9d-81e5-b97a28cdcd57,DB Schenker,delivered,2024-05-26 07:57:38+00,2024-05-21 07:57:38+00,2024-05-26 02:58:35+00,"Austin, USA",2024-05-20 22:12:56+00,2025-01-02 09:00:43+00
70fe647a-d131-599c-b23d-10e6434639fa,,05f60979-948c-56c4-8971-f733be532412,22113422-0935-5ebd-b323-7908c0e6bfd5,f7ff9d69-a4ab-5b66-8eae-75e5dcecd09c,DB Schenker,delivered,2024-09-25 03:06:43+00,2024-09-21 03:06:43+00,2024-09-24 20:48:56+00,"Monterrey, Mexico",2024-09-17 23:05:21+00,2025-01-02 09:04:16+00
740841c5-f853-5681-abf3-f3865457485c,,c981f5ef-8774-5129-b83a-c9448b008bfa,81c0642e-2463-5abd-ae26-b4b567d51419,6051fa12-76d1-5762-a2b4-8e14a1334ce3,DB Schenker,delivered,2024-12-18 02:59:10+00,2024-12-12 02:59:10+00,2024-12-17 04:41:11+00,"Stuttgart, Germany",2024-12-09 20:56:57+00,2025-01-02 09:26:57+00
10ddc0ef-1576-567e-8a15-f775586c255e,,b0a7719d-51cd-5e7d-8e3d-67cc571130e0,915b9517-c3e0-56bb-9f5b-959c6c507cc4,9cd7b761-91d6-5a31-8d5f-8a68d28bb57f,FedEx Logistics,delivered,2024-09-13 13:16:39+00,2024-09-09 13:16:39+00,2024-09-12 11:52:54+00,"Austin, USA",2024-09-08 08:57:31+00,2025-01-02 09:21:24+00
eb8c600b-e819-5f5a-826d-1f42fed317fe,,c981f5ef-8774-5129-b83a-c9448b008bfa,8517ed2a-3738-5e12-a1bc-f0e872fd3d71,a6163050-a1e7-5cb5-9df1-e35a650299e9,DB Schenker,delivered,2024-12-01 13:56:17+00,2024-11-26 13:56:17+00,2024-12-07 14:16:36+00,"Stuttgart, Germany",2024-11-24 10:52:23+00,2025-01-02 09:07:44+00
79beec09-20cc-5f60-9238-7cdacf51a18c,,8f2d7823-5353-55b7-99c5-837cbc771d58,42ad692d-b82d-5a13-91a1-a9fd0fcaf73b,642d9802-7938-590e-9c67-19fd210220ae,DHL Freight,delivered,2024-02-12 23:21:07+00,2024-02-03 23:21:07+00,2024-02-12 12:46:26+00,"Shenzhen, China",2024-02-03 19:03:42+00,2025-01-02 09:29:14+00
ca70eea2-50b4-596a-9e4e-e2d0e2fa546c,,3bd995d9-5386-5200-b14c-337fc57a8bb6,915b9517-c3e0-56bb-9f5b-959c6c507cc4,2806aadd-ccae-55f2-9c55-9f46e724ce5f,DB Schenker,delivered,2024-02-25 06:54:50+00,2024-02-18 06:54:50+00,2024-02-24 08:14:18+00,"Pune, India",2024-02-18 00:34:51+00,2025-01-02 09:05:30+00
8f24eb35-3df4-5008-b49d-cde7692f5a81,,b0a7719d-51cd-5e7d-8e3d-67cc571130e0,42ad692d-b82d-5a13-91a1-a9fd0fcaf73b,f8541dfd-c088-5323-b8d4-8bafc4fc2c1b,DB Schenker,delivered,2024-09-30 17:22:25+00,2024-09-21 17:22:25+00,2024-09-30 06:37:46+00,"Austin, USA",2024-09-19 12:52:40+00,2025-01-02 09:26:43+00
d9a5a0aa-2dfa-5a1f-af2e-8a05d488b274,,05f60979-948c-56c4-8971-f733be532412,8517ed2a-3738-5e12-a1bc-f0e872fd3d71,a4cc2517-0a26-57f2-a307-0f6d01596053,DHL Freight,delivered,2024-11-08 17:54:52+00,2024-10-31 17:54:52+00,2024-11-08 15:16:45+00,"Monterrey, Mexico",2024-10-28 09:46:46+00,2025-01-02 09:16:25+00
e0d880c7-9bca-516c-b55a-c54ea6069531,,b0a7719d-51cd-5e7d-8e3d-67cc571130e0,6d6d0a34-9f5e-59b5-8834-675b7c7c4f20,6c1e706c-8ae2-5b5c-8ddf-1d70d3f7a9f9,DHL Freight,delivered,2024-11-06 01:51:07+00,2024-10-29 01:51:07+00,2024-11-04 21:21:58+00,"Austin, USA",2024-10-27 18:27:56+00,2025-01-02 09:29:47+00
9c336a0f-a00b-5e9a-9e3d-90cd334a2586,,b0a7719d-51cd-5e7d-8e3d-67cc571130e0,81c0642e-2463-5abd-ae26-b4b567d51419,73be41df-9573-57c2-af28-fc8710760aa9,DHL Freight,delivered,2024-10-14 22:28:35+00,2024-10-05 22:28:35+00,2024-10-14 07:44:11+00,"Austin, USA",2024-10-04 20:24:56+00,2025-01-02 09:13:44+00
e633cf30-09b2-52b2-a588-edfd4fbe3ff2,,b0a7719d-51cd-5e7d-8e3d-67cc571130e0,915b9517-c3e0-56bb-9f5b-959c6c507cc4,1515a34d-a588-5389-a931-f3a4331ac94c,DB Schenker,delivered,2024-09-17 01:00:08+00,2024-09-13 01:00:08+00,2024-09-22 01:07:54+00,"Austin, USA",2024-09-12 18:29:55+00,2025-01-02 09:07:21+00
a7f74bda-5992-5890-8ea3-c02f1a6ec604,,b0a7719d-51cd-5e7d-8e3d-67cc571130e0,42ad692d-b82d-5a13-91a1-a9fd0fcaf73b,b9642ea9-3483-5e22-82e5-4126720a8f26,DHL Freight,delivered,2024-08-01 00:09:36+00,2024-07-26 00:09:36+00,2024-07-30 22:15:07+00,"Austin, USA",2024-07-23 17:29:00+00,2025-01-02 09:20:18+00
8efea0a8-59ff-5d48-bcaf-6f2d0888a6e7,,c981f5ef-8774-5129-b83a-c9448b008bfa,915b9517-c3e0-56bb-9f5b-959c6c507cc4,79c68532-7004-5f32-b175-10b6bab5a28a,FedEx Logistics,delivered,2024-09-12 13:21:09+00,2024-09-07 13:21:09+00,2024-09-23 13:56:41+00,"Stuttgart, Germany",2024-09-07 12:09:02+00,2025-01-02 09:03:04+00
3a7c5310-2c77-5206-b3ee-e3b75bc1c8e9,,05f60979-948c-56c4-8971-f733be532412,8517ed2a-3738-5e12-a1bc-f0e872fd3d71,dd37dd1e-5699-5252-b84a-5a15464c5835,DHL Freight,delivered,2024-11-10 19:53:44+00,2024-11-06 19:53:44+00,2024-11-10 04:21:01+00,"Monterrey, Mexico",2024-11-04 18:42:08+00,2025-01-02 09:13:27+00
601b37ff-d2c2-51d1-a842-155e57bc9db4,,05f60979-948c-56c4-8971-f733be532412,a71f4bf4-a78e-5fa3-a8bd-e34ee2c97dcd,5f0f0eb4-4ef7-5df5-967d-7f2885c83949,DHL Freight,delivered,2024-11-07 22:54:01+00,2024-10-30 22:54:01+00,2024-11-06 22:08:03+00,"Monterrey, Mexico",2024-10-28 21:12:45+00,2025-01-02 09:24:16+00
c6b655a8-74ef-53e4-a3f4-c3446dcee0a3,,05f60979-948c-56c4-8971-f733be532412,8517ed2a-3738-5e12-a1bc-f0e872fd3d71,82d91df2-bd3a-5cd9-8096-71493560b0d8,DB Schenker,delivered,2024-09-04 03:42:07+00,2024-08-30 03:42:07+00,2024-09-10 03:45:09+00,"Monterrey, Mexico",2024-08-29 18:32:09+00,2025-01-02 09:21:33+00
9b7bf52c-8e09-5486-b0fd-b922a6aa7ab8,,b0a7719d-51cd-5e7d-8e3d-67cc571130e0,42ad692d-b82d-5a13-91a1-a9fd0fcaf73b,c74213d4-0292-53f9-86ea-157dc77b0218,DHL Freight,delivered,2024-11-30 17:25:24+00,2024-11-27 17:25:24+00,2024-11-30 16:32:15+00,"Austin, USA",2024-11-27 13:08:43+00,2025-01-02 09:26:30+00
2fd8ebb8-9106-5e09-9a70-f7c08440c892,,8f2d7823-5353-55b7-99c5-837cbc771d58,81c0642e-2463-5abd-ae26-b4b567d51419,54d1f75b-8a7f-5bf2-b404-bb5ee4b3353e,DHL Freight,delivered,2024-10-01 00:42:52+00,2024-09-28 00:42:52+00,2024-09-30 01:20:25+00,"Shenzhen, China",2024-09-26 18:26:46+00,2025-01-02 09:21:08+00
e47bc8a1-558a-5296-8408-c3f7bc944010,,b0a7719d-51cd-5e7d-8e3d-67cc571130e0,a71f4bf4-a78e-5fa3-a8bd-e34ee2c97dcd,99291f2d-f4c9-5271-a36f-bd936695ffc7,DB Schenker,delivered,2024-10-01 22:00:36+00,2024-09-25 22:00:36+00,2024-10-01 22:16:49+00,"Austin, USA",2024-09-25 14:45:26+00,2025-01-02 09:09:41+00
6e836cd8-aa1a-5492-a26c-d6d515f6abb4,,b0a7719d-51cd-5e7d-8e3d-67cc571130e0,8517ed2a-3738-5e12-a1bc-f0e872fd3d71,a09e7196-3845-5013-af26-5b18072d69e2,DB Schenker,delivered,2024-09-15 20:32:32+00,2024-09-07 20:32:32+00,2024-09-28 20:53:26+00,"Austin, USA",2024-09-06 12:51:34+00,2025-01-02 09:26:34+00
804b3d80-2132-519f-afdb-2906e14da6f5,,8f2d7823-5353-55b7-99c5-837cbc771d58,81c0642e-2463-5abd-ae26-b4b567d51419,28812907-5872-586a-9962-3ac6ae21f2c4,DHL Freight,delivered,2024-03-26 19:52:31+00,2024-03-23 19:52:31+00,2024-03-25 21:59:19+00,"Shenzhen, China",2024-03-21 16:47:01+00,2025-01-02 09:20:33+00
8eab60f2-a4a6-5fa4-aba8-fbbe60e795fb,,05f60979-948c-56c4-8971-f733be532412,a71f4bf4-a78e-5fa3-a8bd-e34ee2c97dcd,a7caf828-7dc2-5395-b596-be6057fd4b16,FedEx Logistics,delivered,2024-11-18 22:14:17+00,2024-11-15 22:14:17+00,2024-11-17 21:16:09+00,"Monterrey, Mexico",2024-11-14 16:36:01+00,2025-01-02 09:17:02+00
bc7157d0-f0e4-5bf5-aba1-e6d89d6b0015,,3bd995d9-5386-5200-b14c-337fc57a8bb6,6d6d0a34-9f5e-59b5-8834-675b7c7c4f20,27efd56b-d0e5-54d7-8192-1739f02329ed,DB Schenker,delivered,2024-09-18 18:32:37+00,2024-09-13 18:32:37+00,2024-09-21 19:12:29+00,"Pune, India",2024-09-12 14:01:18+00,2025-01-02 09:07:02+00
0352cadf-66d8-5532-b69b-3a7610634747,,8f2d7823-5353-55b7-99c5-837cbc771d58,22113422-0935-5ebd-b323-7908c0e6bfd5,ae8d00ba-169a-5e14-8303-f0791108e1db,FedEx Logistics,delivered,2024-06-04 20:43:58+00,2024-05-30 20:43:58+00,2024-06-04 11:10:33+00,"Shenzhen, China",2024-05-27 17:01:52+00,2025-01-02 09:26:19+00
d8bf30b7-c965-5740-8a56-c099d8ccc636,,b0a7719d-51cd-5e7d-8e3d-67cc571130e0,42ad692d-b82d-5a13-91a1-a9fd0fcaf73b,17e6e2fe-552d-5b67-8912-98887cea929f,FedEx Logistics,delivered,2024-03-09 09:07:23+00,2024-03-06 09:07:23+00,2024-03-08 12:41:35+00,"Austin, USA",2024-03-03 00:59:27+00,2025-01-02 09:28:03+00
b2d2e00e-4721-530d-bcfc-9332dd8e1be6,,c981f5ef-8774-5129-b83a-c9448b008bfa,8517ed2a-3738-5e12-a1bc-f0e872fd3d71,9f21d7ea-92d2-522c-9e6c-4dd2f474e1d5,DHL Freight,delivered,2024-10-02 20:27:24+00,2024-09-25 20:27:24+00,2024-10-01 20:53:27+00,"Stuttgart, Germany",2024-09-22 18:18:14+00,2025-01-02 09:19:43+00
36a9ea75-f344-5086-9966-5dd57e41351e,,8f2d7823-5353-55b7-99c5-837cbc771d58,81c0642e-2463-5abd-ae26-b4b567d51419,4e4d5167-134e-5f1b-9f3f-c9fdd7bcbe75,FedEx Logistics,delivered,2024-09-20 01:00:59+00,2024-09-15 01:00:59+00,2024-10-03 01:20:32+00,"Shenzhen, China",2024-09-13 16:54:16+00,2025-01-02 09:15:23+00
b9417e91-739a-5d8e-94b3-da9c2fb58cd7,,8f2d7823-5353-55b7-99c5-837cbc771d58,6d6d0a34-9f5e-59b5-8834-675b7c7c4f20,6f1afbfd-3068-5074-86a5-ef74cc3eefc6,DB Schenker,delivered,2024-11-24 18:24:12+00,2024-11-16 18:24:12+00,2024-11-24 06:50:13+00,"Shenzhen, China",2024-11-13 16:03:36+00,2025-01-02 09:13:25+00
2bd28c74-32a3-5852-87b7-911ca9d0053e,,c981f5ef-8774-5129-b83a-c9448b008bfa,a71f4bf4-a78e-5fa3-a8bd-e34ee2c97dcd,ec166581-0dc6-5b0e-b38d-a111facf5461,DB Schenker,delivered,2024-09-19 19:23:16+00,2024-09-15 19:23:16+00,2024-09-19 06:29:52+00,"Stuttgart, Germany",2024-09-13 17:18:23+00,2025-01-02 09:17:51+00
573c1f9b-13bd-568e-953e-efae6d3bf58f,,8f2d7823-5353-55b7-99c5-837cbc771d58,81c0642e-2463-5abd-ae26-b4b567d51419,0faa31ca-df21-561c-a17e-4dd978a311e8,DB Schenker,delivered,2024-03-05 23:16:21+00,2024-03-02 23:16:21+00,2024-03-05 04:43:26+00,"Shenzhen, China",2024-03-01 17:41:27+00,2025-01-02 09:15:49+00
08d55e42-4151-5341-8ef3-7d31bf09dac8,,c981f5ef-8774-5129-b83a-c9448b008bfa,81c0642e-2463-5abd-ae26-b4b567d51419,9ed997dd-a48e-5152-a316-b8acf61ef0f0,FedEx Logistics,delivered,2024-09-23 00:11:54+00,2024-09-17 00:11:54+00,2024-09-22 06:38:21+00,"Stuttgart, Germany",2024-09-14 16:50:32+00,2025-01-02 09:23:12+00
9708c8a7-24fa-53ac-a9cf-b0e3f77b6bef,,8f2d7823-5353-55b7-99c5-837cbc771d58,8517ed2a-3738-5e12-a1bc-f0e872fd3d71,8191cd36-6459-5c94-9154-61f679d3b940,DHL Freight,delivered,2024-11-13 01:47:59+00,2024-11-07 01:47:59+00,2024-11-12 19:21:11+00,"Shenzhen, China",2024-11-06 00:46:04+00,2025-01-02 09:23:42+00
d69edf95-9501-5e0e-99a6-62daa9223490,,b0a7719d-51cd-5e7d-8e3d-67cc571130e0,81c0642e-2463-5abd-ae26-b4b567d51419,e15bf89c-07cd-5bbd-9785-0a116d87dbc0,FedEx Logistics,delivered,2024-05-26 02:22:16+00,2024-05-18 02:22:16+00,2024-05-25 03:32:09+00,"Austin, USA",2024-05-17 19:42:55+00,2025-01-02 09:13:05+00
436a2ecb-e386-53c6-ab11-3e482b6e8e47,,8f2d7823-5353-55b7-99c5-837cbc771d58,42ad692d-b82d-5a13-91a1-a9fd0fcaf73b,d55aa43f-5902-559b-a21b-2ab157cb251e,DHL Freight,delivered,2024-03-10 08:29:43+00,2024-03-04 08:29:43+00,2024-03-10 06:32:41+00,"Shenzhen, China",2024-03-01 01:48:53+00,2025-01-02 09:12:30+00
07251df0-f49a-5513-99e3-33e22eea8502,,b0a7719d-51cd-5e7d-8e3d-67cc571130e0,81c0642e-2463-5abd-ae26-b4b567d51419,585259d1-6c60-52a9-9e29-17f5039e056b,DB Schenker,delivered,2024-01-23 00:01:29+00,2024-01-20 00:01:29+00,2024-01-22 16:34:14+00,"Austin, USA",2024-01-16 20:52:44+00,2025-01-02 09:19:54+00
a0628202-3662-56c9-b937-1ff0d384830a,,05f60979-948c-56c4-8971-f733be532412,22113422-0935-5ebd-b323-7908c0e6bfd5,01ccddf0-e3cd-5240-9a3d-5d97b67a07d8,DHL Freight,delivered,2024-09-22 00:03:06+00,2024-09-15 00:03:06+00,2024-10-02 00:33:41+00,"Monterrey, Mexico",2024-09-11 16:18:36+00,2025-01-02 09:13:56+00
61da6130-6fc5-549f-bc7a-b48e81607e96,,3bd995d9-5386-5200-b14c-337fc57a8bb6,915b9517-c3e0-56bb-9f5b-959c6c507cc4,c69872e2-7e22-55be-a20f-57637fd465e8,FedEx Logistics,delivered,2024-01-16 02:42:21+00,2024-01-11 02:42:21+00,2024-01-14 23:51:33+00,"Pune, India",2024-01-08 01:20:48+00,2025-01-02 09:10:05+00
85652bea-63d9-52f2-a94f-60d91f1814c7,,b0a7719d-51cd-5e7d-8e3d-67cc571130e0,8517ed2a-3738-5e12-a1bc-f0e872fd3d71,a38d334f-8635-56b4-afe9-fbb2e901220e,FedEx Logistics,delivered,2024-03-27 01:18:12+00,2024-03-20 01:18:12+00,2024-03-26 22:55:56+00,"Austin, USA",2024-03-17 17:53:55+00,2025-01-02 09:29:18+00
a3f2ec1a-563f-59a2-9d35-418c205c9bb8,,8f2d7823-5353-55b7-99c5-837cbc771d58,6400998a-1542-5bd0-baca-290648d04849,5ce85508-f806-5fcf-94fb-29754ace0650,DHL Freight,delivered,2024-09-11 21:35:31+00,2024-09-05 21:35:31+00,2024-09-10 18:56:54+00,"Shenzhen, China",2024-09-02 16:52:23+00,2025-01-02 09:17:03+00
c8874800-a004-5815-b57b-a10e453bcecc,,b0a7719d-51cd-5e7d-8e3d-67cc571130e0,a71f4bf4-a78e-5fa3-a8bd-e34ee2c97dcd,74bd7563-7086-55b5-8e0d-feb2a592ffb4,FedEx Logistics,delivered,2024-04-07 08:15:38+00,2024-04-03 08:15:38+00,2024-04-06 18:27:47+00,"Austin, USA",2024-04-01 23:50:37+00,2025-01-02 09:03:43+00
45cecee8-497e-5aad-a287-50f4d3a762f1,,c981f5ef-8774-5129-b83a-c9448b008bfa,6d6d0a34-9f5e-59b5-8834-675b7c7c4f20,5f397f46-936f-531c-9cd7-d49b2706bdc1,FedEx Logistics,delivered,2024-10-24 21:18:08+00,2024-10-17 21:18:08+00,2024-10-24 05:22:58+00,"Stuttgart, Germany",2024-10-14 16:44:50+00,2025-01-02 09:18:12+00
165a3579-2020-596a-856c-a008d8dc6ec0,,05f60979-948c-56c4-8971-f733be532412,22113422-0935-5ebd-b323-7908c0e6bfd5,50a54607-86e8-5b92-baf2-3a580d6e6a5c,DB Schenker,delivered,2024-11-23 21:29:22+00,2024-11-15 21:29:22+00,2024-11-23 16:32:35+00,"Monterrey, Mexico",2024-11-15 13:53:10+00,2025-01-02 09:26:58+00
2472fcb2-8432-5ec4-b320-b4594e2772e4,,b0a7719d-51cd-5e7d-8e3d-67cc571130e0,6d6d0a34-9f5e-59b5-8834-675b7c7c4f20,c258ab2c-d938-5145-8677-5e85ad18f217,DHL Freight,delivered,2024-10-26 19:48:51+00,2024-10-20 19:48:51+00,2024-10-25 23:00:34+00,"Austin, USA",2024-10-17 11:25:06+00,2025-01-02 09:28:42+00
89f33c73-171d-584b-b32e-7a0bba4b977d,,3bd995d9-5386-5200-b14c-337fc57a8bb6,8517ed2a-3738-5e12-a1bc-f0e872fd3d71,0d265547-2f36-5849-9bc2-4fc37cc4c93d,FedEx Logistics,delivered,2024-10-27 23:19:03+00,2024-10-24 23:19:03+00,2024-10-27 13:37:19+00,"Pune, India",2024-10-24 14:37:09+00,2025-01-02 09:02:44+00
cd824c20-afe2-5ccc-9e29-881cc0cad436,,05f60979-948c-56c4-8971-f733be532412,8517ed2a-3738-5e12-a1bc-f0e872fd3d71,b8062227-b859-5f28-a8f6-fb49e518f953,DB Schenker,delivered,2024-09-18 21:09:59+00,2024-09-11 21:09:59+00,2024-09-17 22:30:10+00,"Monterrey, Mexico",2024-09-10 12:58:50+00,2025-01-02 09:23:00+00
9ae6c864-e0d8-5997-ab43-520fc2f0a5ed,,b0a7719d-51cd-5e7d-8e3d-67cc571130e0,81c0642e-2463-5abd-ae26-b4b567d51419,5fc02678-32a4-5e17-863f-59a3adf526b7,DHL Freight,delivered,2024-04-16 06:50:15+00,2024-04-11 06:50:15+00,2024-04-15 04:09:15+00,"Austin, USA",2024-04-09 21:41:49+00,2025-01-02 09:16:27+00
28a18179-068f-5a0d-be03-1dfbe1aa4442,,8f2d7823-5353-55b7-99c5-837cbc771d58,6d6d0a34-9f5e-59b5-8834-675b7c7c4f20,8989c96a-7652-51e2-858f-56ca022eb93a,FedEx Logistics,delivered,2024-03-16 23:34:36+00,2024-03-07 23:34:36+00,2024-03-22 23:56:37+00,"Shenzhen, China",2024-03-07 15:16:01+00,2025-01-02 09:12:09+00
f99de9b0-1c89-5b2b-a964-3f1162dc1c31,,8f2d7823-5353-55b7-99c5-837cbc771d58,8517ed2a-3738-5e12-a1bc-f0e872fd3d71,ce916797-9f0f-54ae-a0f2-76c7c1263810,FedEx Logistics,delivered,2024-09-13 00:24:32+00,2024-09-04 00:24:32+00,2024-09-12 12:27:04+00,"Shenzhen, China",2024-09-02 22:12:06+00,2025-01-02 09:07:44+00
52bf7846-1aff-5e48-8d74-fdc1cf963398,,8f2d7823-5353-55b7-99c5-837cbc771d58,8517ed2a-3738-5e12-a1bc-f0e872fd3d71,6e6905e9-a7c4-59d2-8f6a-c96d217c5a7c,DB Schenker,delivered,2024-04-04 22:07:21+00,2024-03-28 22:07:21+00,2024-04-03 23:45:13+00,"Shenzhen, China",2024-03-26 17:00:41+00,2025-01-02 09:09:05+00
481b6bb8-6626-5e10-ad18-eda7403e6be3,,8f2d7823-5353-55b7-99c5-837cbc771d58,22113422-0935-5ebd-b323-7908c0e6bfd5,885a6ac4-dd14-5031-949a-2d1751b3c4a3,FedEx Logistics,delivered,2024-12-07 05:31:06+00,2024-12-01 05:31:06+00,2024-12-06 05:03:12+00,"Shenzhen, China",2024-12-01 01:30:31+00,2025-01-02 09:01:19+00
ed18eb12-758e-51a5-afc6-ea0748c1325c,,c981f5ef-8774-5129-b83a-c9448b008bfa,22113422-0935-5ebd-b323-7908c0e6bfd5,aefd6602-c2d8-51de-a3a5-932ac4b3d3f7,DB Schenker,delivered,2024-10-20 08:06:08+00,2024-10-17 08:06:08+00,2024-10-19 14:42:53+00,"Stuttgart, Germany",2024-10-14 02:41:24+00,2025-01-02 09:19:49+00
1a3f68f5-ee4c-5100-bd78-0409248b1636,,05f60979-948c-56c4-8971-f733be532412,a71f4bf4-a78e-5fa3-a8bd-e34ee2c97dcd,6d5e9bd9-c4ab-58dd-9565-555a23ab3ca2,DB Schenker,delivered,2024-03-25 15:37:07+00,2024-03-17 15:37:07+00,2024-03-24 15:49:57+00,"Monterrey, Mexico",2024-03-16 13:05:40+00,2025-01-02 09:14:45+00
00875d58-990c-59f0-8ccd-e24585a399da,,b0a7719d-51cd-5e7d-8e3d-67cc571130e0,6400998a-1542-5bd0-baca-290648d04849,15f7b83c-b582-59a3-a821-50b8cebdf0a3,FedEx Logistics,delivered,2024-11-03 15:30:54+00,2024-10-27 15:30:54+00,2024-11-03 00:44:00+00,"Austin, USA",2024-10-27 11:16:11+00,2025-01-02 09:03:40+00
25a86518-2239-59d8-950b-34a9efac98a3,,b0a7719d-51cd-5e7d-8e3d-67cc571130e0,915b9517-c3e0-56bb-9f5b-959c6c507cc4,b6935570-a0c6-546b-ab76-17e06d856090,DHL Freight,delivered,2024-06-17 04:16:26+00,2024-06-11 04:16:26+00,2024-06-16 23:37:17+00,"Austin, USA",2024-06-09 23:15:41+00,2025-01-02 09:21:37+00
7b773c0a-5481-58fb-856a-d6062c693ce5,,05f60979-948c-56c4-8971-f733be532412,6400998a-1542-5bd0-baca-290648d04849,67228a89-fcad-5eff-9aba-03dedd7c95b9,DHL Freight,delivered,2024-03-02 03:52:35+00,2024-02-23 03:52:35+00,2024-03-02 03:20:41+00,"Monterrey, Mexico",2024-02-22 18:36:55+00,2025-01-02 09:19:36+00
c8de9a15-730e-5e3f-8a6b-b13718267b86,,05f60979-948c-56c4-8971-f733be532412,8517ed2a-3738-5e12-a1bc-f0e872fd3d71,3532c0de-1d4d-5b4c-9dd0-b056c502974e,DB Schenker,delivered,2024-10-20 23:48:37+00,2024-10-16 23:48:37+00,2024-10-30 00:09:46+00,"Monterrey, Mexico",2024-10-14 18:47:38+00,2025-01-02 09:21:48+00
7a64b6f2-8878-5bc9-bade-b8ba7b75eac3,,8f2d7823-5353-55b7-99c5-837cbc771d58,22113422-0935-5ebd-b323-7908c0e6bfd5,3221345b-58f0-5ac2-9f29-c4c175329e5a,FedEx Logistics,delivered,2024-03-04 00:32:37+00,2024-02-29 00:32:37+00,2024-03-03 00:57:43+00,"Shenzhen, China",2024-02-27 19:15:55+00,2025-01-02 09:21:04+00
abd4ea3a-3459-5da8-b0fa-e4ac3744e4af,224ca423-2c12-5113-bbd1-50eab06cf470,,6400998a-1542-5bd0-baca-290648d04849,,DB Schenker,delivered,2024-01-19 14:35:03+00,2024-01-01 14:35:03+00,2024-01-18 20:11:51+00,Vietnam,2024-01-01 09:01:16+00,2025-01-02 09:15:03+00
3d4f95cb-b5ae-5742-b514-040d2a6b6810,ce3f1829-b358-52a7-bd0e-9eb3d2d95666,,8517ed2a-3738-5e12-a1bc-f0e872fd3d71,,DB Schenker,delivered,2024-01-16 14:39:33+00,2024-01-04 14:39:33+00,2024-01-16 08:17:55+00,Germany,2024-01-01 08:19:54+00,2025-01-02 09:26:21+00
ebba83b3-6258-5498-94c0-2a4456808450,80102db8-d5d3-5b2c-9e54-5b4fbebca6eb,,6d6d0a34-9f5e-59b5-8834-675b7c7c4f20,,DHL Freight,delivered,2024-01-16 12:40:48+00,2024-01-03 12:40:48+00,2024-01-15 08:16:30+00,Mexico,2024-01-01 09:02:37+00,2025-01-02 09:21:31+00
41a7efb2-1075-515f-a8fd-c4d55c78841a,afa15ef0-34ab-58ff-ad47-8060502e5f84,,22113422-0935-5ebd-b323-7908c0e6bfd5,,DB Schenker,delivered,2024-01-29 16:38:42+00,2024-01-04 16:38:42+00,2024-01-29 04:09:25+00,China,2024-01-01 09:03:28+00,2025-01-02 09:28:36+00
e8ea40d7-756f-5e76-a32d-72f75da275b9,d6589668-bf03-550c-93d5-57ece0241efc,,6d6d0a34-9f5e-59b5-8834-675b7c7c4f20,,FedEx Logistics,delivered,2024-01-09 15:02:21+00,2024-01-04 15:02:21+00,2024-01-09 05:02:21+00,USA,2024-01-01 08:33:46+00,2025-01-02 09:11:44+00
61f0899d-236a-5994-8363-cfb26c79e1d2,bed19e03-5ade-5692-8a4e-81fb3e8f965d,,8517ed2a-3738-5e12-a1bc-f0e872fd3d71,,FedEx Logistics,delivered,2024-02-05 14:28:00+00,2024-01-03 14:28:00+00,2024-02-05 06:02:17+00,India,2024-01-01 08:43:38+00,2025-01-02 09:03:52+00
75bddd2c-b08e-54b4-b60c-637bb3c60b99,960f8f6e-5384-5c35-bfda-77ba61e7822e,,915b9517-c3e0-56bb-9f5b-959c6c507cc4,,Maersk Line,delivered,2024-01-30 16:05:29+00,2024-01-04 16:05:29+00,2024-01-30 01:24:41+00,India,2024-01-01 08:33:42+00,2025-01-02 09:02:58+00
766043ef-8c7d-5702-bdf0-b33742f14c33,224ca423-2c12-5113-bbd1-50eab06cf470,,81c0642e-2463-5abd-ae26-b4b567d51419,,EverGreen Marine,delivered,2024-01-29 15:31:36+00,2024-01-11 15:31:36+00,2024-01-29 16:07:33+00,Vietnam,2024-01-08 08:50:37+00,2025-01-02 09:27:25+00
fbbc25c3-9aef-5462-84fa-14c05c13a59f,afa15ef0-34ab-58ff-ad47-8060502e5f84,,81c0642e-2463-5abd-ae26-b4b567d51419,,FedEx Logistics,delivered,2024-02-03 18:17:55+00,2024-01-09 18:17:55+00,2024-02-03 10:48:53+00,China,2024-01-08 08:37:36+00,2025-01-02 09:16:34+00
b9f97ed1-154a-5f55-a5fc-29ab4b189f4f,6e4b4b02-c6c9-56a6-899b-544e87e288d9,,915b9517-c3e0-56bb-9f5b-959c6c507cc4,,DHL Freight,delivered,2024-02-12 14:01:11+00,2024-01-10 14:01:11+00,2024-02-13 14:35:37+00,China,2024-01-08 08:54:09+00,2025-01-02 09:10:47+00
01a9c888-a1b4-51e4-8ae9-c9de9f4ecd5b,80102db8-d5d3-5b2c-9e54-5b4fbebca6eb,,6d6d0a34-9f5e-59b5-8834-675b7c7c4f20,,DB Schenker,delivered,2024-01-21 12:11:34+00,2024-01-08 12:11:34+00,2024-01-21 06:29:49+00,Mexico,2024-01-08 08:47:19+00,2025-01-02 09:14:18+00
c8483d44-ba82-57e7-b9bb-c0f3781ac43d,bed19e03-5ade-5692-8a4e-81fb3e8f965d,,22113422-0935-5ebd-b323-7908c0e6bfd5,,EverGreen Marine,delivered,2024-02-13 18:14:07+00,2024-01-11 18:14:07+00,2024-02-12 14:56:37+00,India,2024-01-08 08:33:00+00,2025-01-02 09:07:26+00
5f647d34-f674-5208-847d-e3130b109d2a,3dffa708-7186-5ce1-9e9c-96972e56f8bf,,915b9517-c3e0-56bb-9f5b-959c6c507cc4,,FedEx Logistics,delivered,2024-01-28 13:25:59+00,2024-01-09 13:25:59+00,2024-01-27 10:32:36+00,Germany,2024-01-08 08:49:16+00,2025-01-02 09:28:02+00
987d7041-2414-50d9-8694-bfef4ac9348d,d6589668-bf03-550c-93d5-57ece0241efc,,a71f4bf4-a78e-5fa3-a8bd-e34ee2c97dcd,,DHL Freight,delivered,2024-01-13 12:00:56+00,2024-01-08 12:00:56+00,2024-01-13 08:33:10+00,USA,2024-01-08 08:56:37+00,2025-01-02 09:27:19+00
fb6b5964-2b09-509d-814b-fdda3001473e,43b32e98-5a29-5473-b8a5-4357668f5f74,,22113422-0935-5ebd-b323-7908c0e6bfd5,,DB Schenker,delivered,2024-01-19 13:04:36+00,2024-01-08 13:04:36+00,2024-01-18 09:48:22+00,Mexico,2024-01-08 08:47:35+00,2025-01-02 09:09:39+00
aae6d472-26fd-5daa-85bc-5902caaab6ee,f478ae52-7c2a-5617-95bb-5f296860910f,,8517ed2a-3738-5e12-a1bc-f0e872fd3d71,,DB Schenker,delivered,2024-01-15 12:20:37+00,2024-01-08 12:20:37+00,2024-01-14 10:01:26+00,Mexico,2024-01-08 08:52:52+00,2025-01-02 09:28:01+00
a3e2f636-de5f-56e3-a6b8-b0e652ecf85d,d6589668-bf03-550c-93d5-57ece0241efc,,6d6d0a34-9f5e-59b5-8834-675b7c7c4f20,,DB Schenker,delivered,2024-01-13 09:56:05+00,2024-01-08 09:56:05+00,2024-01-12 06:32:01+00,USA,2024-01-08 08:52:04+00,2025-01-02 09:09:32+00
ea3be402-400b-591a-9bcf-fb441816ac2a,afa15ef0-34ab-58ff-ad47-8060502e5f84,,81c0642e-2463-5abd-ae26-b4b567d51419,,FedEx Logistics,delivered,2024-02-03 11:56:07+00,2024-01-09 11:56:07+00,2024-02-09 12:19:18+00,China,2024-01-08 08:46:10+00,2025-01-02 09:01:59+00
64ce4839-811f-5279-b1d6-617a68fca374,224ca423-2c12-5113-bbd1-50eab06cf470,,a71f4bf4-a78e-5fa3-a8bd-e34ee2c97dcd,,Maersk Line,delivered,2024-01-28 16:27:38+00,2024-01-10 16:27:38+00,2024-01-28 08:41:34+00,Vietnam,2024-01-08 09:00:52+00,2025-01-02 09:14:04+00
3a95e98b-6640-5b1e-9118-d59f92f553cb,d6589668-bf03-550c-93d5-57ece0241efc,,22113422-0935-5ebd-b323-7908c0e6bfd5,,FedEx Logistics,delivered,2024-01-14 14:17:51+00,2024-01-09 14:17:51+00,2024-01-19 14:49:13+00,USA,2024-01-08 08:56:50+00,2025-01-02 09:01:42+00
1ae1b046-b414-5341-a2b8-0bdfb9749169,7910ac44-1e40-56bb-9ab8-d9ba56ac335c,,6d6d0a34-9f5e-59b5-8834-675b7c7c4f20,,FedEx Logistics,delivered,2024-01-19 17:01:10+00,2024-01-11 17:01:10+00,2024-01-18 15:39:41+00,USA,2024-01-08 08:46:30+00,2025-01-02 09:05:12+00
3db37883-a78a-53b3-b785-4f1613b216fa,b3288dd6-e3cd-5ec3-a951-39986285505b,,8517ed2a-3738-5e12-a1bc-f0e872fd3d71,,FedEx Logistics,delivered,2024-01-31 15:12:31+00,2024-01-10 15:12:31+00,2024-01-31 11:17:56+00,Vietnam,2024-01-08 08:33:17+00,2025-01-02 09:04:01+00
ef6f3d1c-1d26-5665-a6d0-5381047fae60,b3288dd6-e3cd-5ec3-a951-39986285505b,,8517ed2a-3738-5e12-a1bc-f0e872fd3d71,,Maersk Line,delivered,2024-01-31 18:15:41+00,2024-01-10 18:15:41+00,2024-01-30 13:26:21+00,Vietnam,2024-01-08 08:49:21+00,2025-01-02 09:01:11+00
0ed8db10-1548-58d6-b1bf-8a78d5d7b8b6,43b5c255-48c1-5b61-ab8b-8bc95266bb1f,,a71f4bf4-a78e-5fa3-a8bd-e34ee2c97dcd,,DHL Freight,delivered,2024-02-10 11:01:30+00,2024-01-16 11:01:30+00,2024-02-09 12:45:48+00,China,2024-01-15 08:37:07+00,2025-01-02 09:20:04+00
f682fc7f-a129-5104-9948-a5bec56a4f09,7126e422-addd-5f29-b3f2-b752caf2e66c,,81c0642e-2463-5abd-ae26-b4b567d51419,,DHL Freight,delivered,2024-02-16 11:11:31+00,2024-01-16 11:11:31+00,2024-02-15 22:29:15+00,China,2024-01-15 09:00:41+00,2025-01-02 09:03:27+00
3774ab1b-100d-5db9-9dc2-98410c7e13d3,7126e422-addd-5f29-b3f2-b752caf2e66c,,6400998a-1542-5bd0-baca-290648d04849,,FedEx Logistics,delivered,2024-02-18 18:01:27+00,2024-01-18 18:01:27+00,2024-02-18 18:34:15+00,China,2024-01-15 08:19:51+00,2025-01-02 09:13:04+00
64d4a6ca-6abc-58fe-82d1-53269d13d913,afa15ef0-34ab-58ff-ad47-8060502e5f84,,22113422-0935-5ebd-b323-7908c0e6bfd5,,Maersk Line,delivered,2024-02-11 13:42:16+00,2024-01-17 13:42:16+00,2024-02-10 18:53:32+00,China,2024-01-15 08:35:43+00,2025-01-02 09:27:45+00
94fc8953-7c13-55cb-b3f3-27ead23949db,960f8f6e-5384-5c35-bfda-77ba61e7822e,,a71f4bf4-a78e-5fa3-a8bd-e34ee2c97dcd,,Maersk Line,delivered,2024-02-10 15:34:51+00,2024-01-15 15:34:51+00,2024-02-09 20:52:49+00,India,2024-01-15 09:12:36+00,2025-01-02 09:26:53+00
377e0a40-249a-502c-a9fc-f20e91dc9f7f,6bfe9d03-1d68-5349-a2e7-d2c71322d817,,915b9517-c3e0-56bb-9f5b-959c6c507cc4,,DB Schenker,delivered,2024-02-11 09:43:00+00,2024-01-17 09:43:00+00,2024-02-10 03:59:27+00,USA,2024-01-15 08:09:46+00,2025-01-02 09:29:34+00
32cc60e3-e660-5bac-8cb6-599efa5eb466,3dffa708-7186-5ce1-9e9c-96972e56f8bf,,915b9517-c3e0-56bb-9f5b-959c6c507cc4,,DB Schenker,delivered,2024-02-04 11:22:34+00,2024-01-16 11:22:34+00,2024-02-03 18:55:35+00,Germany,2024-01-15 08:37:34+00,2025-01-02 09:06:13+00
82c039f2-405d-5028-85fb-eafcf579e6aa,b518e4a1-8b14-5e0f-a7c6-0b6631fe0a5a,,a71f4bf4-a78e-5fa3-a8bd-e34ee2c97dcd,,Maersk Line,delivered,2024-02-12 15:19:51+00,2024-01-17 15:19:51+00,2024-02-11 18:41:17+00,China,2024-01-15 08:47:56+00,2025-01-02 09:14:47+00
03e90434-6353-5a6f-a59a-a575a05998a4,b1482d47-285e-53ab-995d-cc9a8165b52c,,a71f4bf4-a78e-5fa3-a8bd-e34ee2c97dcd,,DB Schenker,delivered,2024-02-07 15:27:58+00,2024-01-18 15:27:58+00,2024-02-07 02:55:26+00,India,2024-01-15 08:53:44+00,2025-01-02 09:20:59+00
91e5fee7-6d64-566b-834b-2fdd980a6733,8c61a3ad-eb5d-59bc-9d10-16ddbfa7f8b0,,6d6d0a34-9f5e-59b5-8834-675b7c7c4f20,,FedEx Logistics,delivered,2024-01-27 16:48:39+00,2024-01-18 16:48:39+00,2024-01-27 09:27:52+00,Germany,2024-01-15 08:09:33+00,2025-01-02 09:14:10+00
50b1a571-3e6f-5b24-8dfa-cff82536861b,afa15ef0-34ab-58ff-ad47-8060502e5f84,,81c0642e-2463-5abd-ae26-b4b567d51419,,DHL Freight,delivered,2024-02-12 11:35:29+00,2024-01-18 11:35:29+00,2024-02-12 01:14:57+00,China,2024-01-15 08:28:00+00,2025-01-02 09:21:11+00
3495b87d-9022-5fc4-8df5-0d6804dedcd9,d6589668-bf03-550c-93d5-57ece0241efc,,915b9517-c3e0-56bb-9f5b-959c6c507cc4,,FedEx Logistics,delivered,2024-01-23 13:34:25+00,2024-01-18 13:34:25+00,2024-01-22 13:03:39+00,USA,2024-01-15 09:10:20+00,2025-01-02 09:14:19+00
c4af6839-a11c-5cf3-b20b-14234782a341,224ca423-2c12-5113-bbd1-50eab06cf470,,6d6d0a34-9f5e-59b5-8834-675b7c7c4f20,,DB Schenker,delivered,2024-02-02 13:26:39+00,2024-01-15 13:26:39+00,2024-02-04 13:37:54+00,Vietnam,2024-01-15 08:13:43+00,2025-01-02 09:16:23+00
3b2bb193-51ba-5b40-a907-abc16f69788f,d21da0bc-d1b2-5971-a037-be72ab2d0b0f,,a71f4bf4-a78e-5fa3-a8bd-e34ee2c97dcd,,EverGreen Marine,delivered,2024-02-22 11:10:07+00,2024-01-17 11:10:07+00,2024-02-21 08:45:49+00,China,2024-01-15 09:00:28+00,2025-01-02 09:05:32+00
d5ec890b-5f05-5f3e-96d5-a9f74cd5423c,b518e4a1-8b14-5e0f-a7c6-0b6631fe0a5a,,6400998a-1542-5bd0-baca-290648d04849,,DHL Freight,delivered,2024-02-12 14:23:30+00,2024-01-17 14:23:30+00,2024-02-11 16:38:09+00,China,2024-01-15 08:57:44+00,2025-01-02 09:26:20+00
668b42dc-bf69-5d3f-b924-912a9bdbedcf,43b32e98-5a29-5473-b8a5-4357668f5f74,,42ad692d-b82d-5a13-91a1-a9fd0fcaf73b,,DB Schenker,delivered,2024-01-28 10:28:42+00,2024-01-17 10:28:42+00,2024-01-27 20:41:30+00,Mexico,2024-01-15 08:14:07+00,2025-01-02 09:26:28+00
d43bb513-52bf-548d-a028-015d838b57ef,224ca423-2c12-5113-bbd1-50eab06cf470,,81c0642e-2463-5abd-ae26-b4b567d51419,,Maersk Line,delivered,2024-02-05 16:15:18+00,2024-01-18 16:15:18+00,2024-02-05 09:47:02+00,Vietnam,2024-01-15 09:07:54+00,2025-01-02 09:15:31+00
0e3978d9-b700-599e-8edd-f9b8f020885d,80102db8-d5d3-5b2c-9e54-5b4fbebca6eb,,22113422-0935-5ebd-b323-7908c0e6bfd5,,DB Schenker,delivered,2024-01-31 10:07:54+00,2024-01-18 10:07:54+00,2024-01-30 13:23:38+00,Mexico,2024-01-15 08:45:52+00,2025-01-02 09:26:54+00
2a283ac3-ebd8-5f19-b73e-e1fc077b916f,224ca423-2c12-5113-bbd1-50eab06cf470,,81c0642e-2463-5abd-ae26-b4b567d51419,,DB Schenker,delivered,2024-02-04 14:43:45+00,2024-01-17 14:43:45+00,2024-02-05 15:08:52+00,Vietnam,2024-01-15 09:08:39+00,2025-01-02 09:17:12+00
f2d2e3a9-84da-5bbe-9cd4-b56949040220,224ca423-2c12-5113-bbd1-50eab06cf470,,a71f4bf4-a78e-5fa3-a8bd-e34ee2c97dcd,,DHL Freight,delivered,2024-02-10 15:04:14+00,2024-01-23 15:04:14+00,2024-02-10 05:21:33+00,Vietnam,2024-01-22 08:58:29+00,2025-01-02 09:23:46+00
7789c34f-1d35-5467-a2e6-1e6ed932ac40,ea95a540-f662-5975-8a79-88352e65c9c4,,6400998a-1542-5bd0-baca-290648d04849,,DB Schenker,delivered,2024-02-10 15:20:36+00,2024-01-23 15:20:36+00,2024-02-10 00:54:15+00,Germany,2024-01-22 08:39:27+00,2025-01-02 09:28:28+00
51f0f2ef-edbb-54c8-bc12-dbaa0d6ee18b,9df2da2e-507c-507e-b146-3af5cb0eb852,,8517ed2a-3738-5e12-a1bc-f0e872fd3d71,,DHL Freight,delivered,2024-02-24 10:09:22+00,2024-01-25 10:09:22+00,2024-02-24 06:26:40+00,China,2024-01-22 08:30:15+00,2025-01-02 09:28:25+00
905f4c4e-3731-59dc-aa58-29461c948405,afa15ef0-34ab-58ff-ad47-8060502e5f84,,6400998a-1542-5bd0-baca-290648d04849,,Maersk Line,delivered,2024-02-18 12:51:46+00,2024-01-24 12:51:46+00,2024-02-17 07:36:33+00,China,2024-01-22 08:30:36+00,2025-01-02 09:08:09+00
1e959c90-48ff-572f-945b-5a73cf543fb9,9981b718-1ab2-586a-ac86-82ab2f6f445c,,6400998a-1542-5bd0-baca-290648d04849,,DB Schenker,delivered,2024-01-31 10:40:11+00,2024-01-25 10:40:11+00,2024-01-30 17:07:55+00,Mexico,2024-01-22 08:55:32+00,2025-01-02 09:07:19+00
b97a47ef-20f6-5436-aebf-044e66e91b79,f478ae52-7c2a-5617-95bb-5f296860910f,,81c0642e-2463-5abd-ae26-b4b567d51419,,DHL Freight,delivered,2024-01-31 11:12:14+00,2024-01-24 11:12:14+00,2024-01-31 04:45:09+00,Mexico,2024-01-22 09:02:55+00,2025-01-02 09:05:58+00
048162b6-2ea8-55db-a5e8-67c8926313af,80102db8-d5d3-5b2c-9e54-5b4fbebca6eb,,6400998a-1542-5bd0-baca-290648d04849,,DHL Freight,delivered,2024-02-05 17:26:15+00,2024-01-23 17:26:15+00,2024-02-05 08:35:15+00,Mexico,2024-01-22 08:58:15+00,2025-01-02 09:27:38+00
b1c0217c-f9bc-5bfa-aaad-206c932896eb,f478ae52-7c2a-5617-95bb-5f296860910f,,915b9517-c3e0-56bb-9f5b-959c6c507cc4,,FedEx Logistics,delivered,2024-01-30 09:54:37+00,2024-01-23 09:54:37+00,2024-01-29 04:03:29+00,Mexico,2024-01-22 08:39:01+00,2025-01-02 09:27:40+00
ae86139e-6dbd-572c-835f-852f38276dd8,d21da0bc-d1b2-5971-a037-be72ab2d0b0f,,6d6d0a34-9f5e-59b5-8834-675b7c7c4f20,,FedEx Logistics,delivered,2024-02-28 12:43:23+00,2024-01-23 12:43:23+00,2024-02-27 19:19:11+00,China,2024-01-22 09:06:32+00,2025-01-02 09:06:04+00
c75971a9-1b36-50c0-954f-4abb83d07fa0,d6589668-bf03-550c-93d5-57ece0241efc,,81c0642e-2463-5abd-ae26-b4b567d51419,,FedEx Logistics,delivered,2024-01-27 17:15:59+00,2024-01-22 17:15:59+00,2024-01-27 08:23:49+00,USA,2024-01-22 08:36:34+00,2025-01-02 09:12:56+00
a4d0d391-62da-559f-ab26-a7c411a03a79,80102db8-d5d3-5b2c-9e54-5b4fbebca6eb,,6400998a-1542-5bd0-baca-290648d04849,,DHL Freight,delivered,2024-02-07 14:01:53+00,2024-01-25 14:01:53+00,2024-02-07 10:03:19+00,Mexico,2024-01-22 08:38:47+00,2025-01-02 09:07:05+00
3b5ab360-4eaa-50bf-992f-191bc3bbfe74,b3288dd6-e3cd-5ec3-a951-39986285505b,,915b9517-c3e0-56bb-9f5b-959c6c507cc4,,DB Schenker,delivered,2024-02-13 10:11:55+00,2024-01-23 10:11:55+00,2024-02-12 18:45:36+00,Vietnam,2024-01-22 08:32:49+00,2025-01-02 09:16:47+00
4fdcf671-f206-5aab-b77e-92467ffa224a,afa15ef0-34ab-58ff-ad47-8060502e5f84,,6400998a-1542-5bd0-baca-290648d04849,,EverGreen Marine,delivered,2024-02-19 16:24:48+00,2024-01-25 16:24:48+00,2024-02-18 20:01:05+00,China,2024-01-22 08:19:39+00,2025-01-02 09:06:48+00
1dcbe556-f43e-5d65-beb9-021547d44f4d,960f8f6e-5384-5c35-bfda-77ba61e7822e,,81c0642e-2463-5abd-ae26-b4b567d51419,,DB Schenker,delivered,2024-02-18 10:54:48+00,2024-01-23 10:54:48+00,2024-02-17 17:26:52+00,India,2024-01-22 08:42:40+00,2025-01-02 09:02:13+00
52b18792-e183-5992-ad36-b066950a989f,bed19e03-5ade-5692-8a4e-81fb3e8f965d,,a71f4bf4-a78e-5fa3-a8bd-e34ee2c97dcd,,FedEx Logistics,delivered,2024-02-27 15:19:10+00,2024-01-25 15:19:10+00,2024-02-26 11:46:53+00,India,2024-01-22 08:46:39+00,2025-01-02 09:19:16+00
0b279f67-0cf5-5f75-af4b-434107af45cd,c809308b-6bd0-5e7f-8fed-63aa0be429db,,6d6d0a34-9f5e-59b5-8834-675b7c7c4f20,,EverGreen Marine,delivered,2024-03-09 15:43:42+00,2024-01-25 15:43:42+00,2024-03-08 16:47:06+00,China,2024-01-22 08:40:15+00,2025-01-02 09:14:05+00
6b29ac06-1d9b-5610-8752-40329fbd3c58,80102db8-d5d3-5b2c-9e54-5b4fbebca6eb,,a71f4bf4-a78e-5fa3-a8bd-e34ee2c97dcd,,FedEx Logistics,delivered,2024-02-11 14:07:10+00,2024-01-29 14:07:10+00,2024-02-11 04:35:54+00,Mexico,2024-01-29 08:33:38+00,2025-01-02 09:27:11+00
cad0c801-16fb-5cd1-ad7e-d5f6a4f958ce,ea95a540-f662-5975-8a79-88352e65c9c4,,8517ed2a-3738-5e12-a1bc-f0e872fd3d71,,DHL Freight,delivered,2024-02-18 16:58:37+00,2024-01-31 16:58:37+00,2024-02-17 23:35:23+00,Germany,2024-01-29 08:37:43+00,2025-01-02 09:17:38+00
be567d3f-9d9a-56e4-8e73-78e77dd0a0ce,b518e4a1-8b14-5e0f-a7c6-0b6631fe0a5a,,a71f4bf4-a78e-5fa3-a8bd-e34ee2c97dcd,,FedEx Logistics,delivered,2024-02-26 13:19:05+00,2024-01-31 13:19:05+00,2024-02-27 13:30:14+00,China,2024-01-29 08:38:28+00,2025-01-02 09:05:57+00
f86e8ee5-cd94-53ba-9c12-8d2d33cb8bcf,224ca423-2c12-5113-bbd1-50eab06cf470,,22113422-0935-5ebd-b323-7908c0e6bfd5,,EverGreen Marine,delivered,2024-02-17 16:43:25+00,2024-01-30 16:43:25+00,2024-02-19 17:23:41+00,Vietnam,2024-01-29 09:03:19+00,2025-01-02 09:10:23+00
a8e98c07-d85d-5de6-af34-a085ec3b879b,960f8f6e-5384-5c35-bfda-77ba61e7822e,,6400998a-1542-5bd0-baca-290648d04849,,EverGreen Marine,delivered,2024-02-27 13:17:50+00,2024-02-01 13:17:50+00,2024-02-26 11:52:42+00,India,2024-01-29 09:00:54+00,2025-01-02 09:06:36+00
e634225d-98ce-5226-9563-fab6a8445c61,43b32e98-5a29-5473-b8a5-4357668f5f74,,42ad692d-b82d-5a13-91a1-a9fd0fcaf73b,,FedEx Logistics,delivered,2024-02-12 10:27:12+00,2024-02-01 10:27:12+00,2024-02-12 03:10:29+00,Mexico,2024-01-29 08:47:05+00,2025-01-02 09:14:21+00
015eb694-be63-5733-932e-f1302c8084da,3dffa708-7186-5ce1-9e9c-96972e56f8bf,,22113422-0935-5ebd-b323-7908c0e6bfd5,,DHL Freight,delivered,2024-02-17 17:32:01+00,2024-01-29 17:32:01+00,2024-02-17 15:49:02+00,Germany,2024-01-29 08:56:44+00,2025-01-02 09:19:51+00
7767df60-7064-550a-862d-6ff9623cd2e9,b1482d47-285e-53ab-995d-cc9a8165b52c,,6d6d0a34-9f5e-59b5-8834-675b7c7c4f20,,FedEx Logistics,delivered,2024-02-21 15:48:26+00,2024-02-01 15:48:26+00,2024-02-21 00:31:33+00,India,2024-01-29 08:32:42+00,2025-01-02 09:17:04+00
92d6534f-21c8-5fa2-a8fe-144faaa06769,960f8f6e-5384-5c35-bfda-77ba61e7822e,,6400998a-1542-5bd0-baca-290648d04849,,FedEx Logistics,delivered,2024-02-26 09:55:59+00,2024-01-31 09:55:59+00,2024-02-26 00:37:25+00,India,2024-01-29 08:36:15+00,2025-01-02 09:02:26+00
4f8c9382-e7a8-5265-8926-05e2290ad56d,6bfe9d03-1d68-5349-a2e7-d2c71322d817,,8517ed2a-3738-5e12-a1bc-f0e872fd3d71,,DHL Freight,delivered,2024-02-24 16:56:22+00,2024-01-30 16:56:22+00,2024-02-24 00:03:04+00,USA,2024-01-29 08:21:19+00,2025-01-02 09:25:44+00
6630bc44-de35-506f-ad24-2b8acab5c7f8,d6589668-bf03-550c-93d5-57ece0241efc,,42ad692d-b82d-5a13-91a1-a9fd0fcaf73b,,FedEx Logistics,delivered,2024-02-04 17:45:56+00,2024-01-30 17:45:56+00,2024-02-09 18:05:45+00,USA,2024-01-29 08:43:36+00,2025-01-02 09:04:18+00
a907d309-4a74-508c-bc4d-d465e917d0f5,224ca423-2c12-5113-bbd1-50eab06cf470,,6d6d0a34-9f5e-59b5-8834-675b7c7c4f20,,FedEx Logistics,delivered,2024-02-18 16:06:20+00,2024-01-31 16:06:20+00,2024-02-18 15:36:00+00,Vietnam,2024-01-29 08:33:31+00,2025-01-02 09:01:34+00
968ccfcc-336c-52d3-861f-2fa5279c0338,b3288dd6-e3cd-5ec3-a951-39986285505b,,915b9517-c3e0-56bb-9f5b-959c6c507cc4,,Maersk Line,delivered,2024-02-21 15:05:18+00,2024-01-31 15:05:18+00,2024-03-01 15:32:45+00,Vietnam,2024-01-29 08:35:53+00,2025-01-02 09:01:31+00
2fdc40d8-956c-54bc-831b-29d7db088cbf,d6589668-bf03-550c-93d5-57ece0241efc,,6400998a-1542-5bd0-baca-290648d04849,,FedEx Logistics,delivered,2024-02-03 12:55:51+00,2024-01-29 12:55:51+00,2024-02-02 15:33:53+00,USA,2024-01-29 08:49:04+00,2025-01-02 09:14:41+00
26dc9457-ba57-5115-8272-890b1dee6127,b3288dd6-e3cd-5ec3-a951-39986285505b,,8517ed2a-3738-5e12-a1bc-f0e872fd3d71,,DB Schenker,delivered,2024-02-19 17:36:34+00,2024-01-29 17:36:34+00,2024-02-19 03:03:58+00,Vietnam,2024-01-29 08:22:19+00,2025-01-02 09:16:08+00
e2e3f8bf-3a1e-527e-bce5-29ca605bc53e,bed19e03-5ade-5692-8a4e-81fb3e8f965d,,a71f4bf4-a78e-5fa3-a8bd-e34ee2c97dcd,,Maersk Line,delivered,2024-03-05 15:07:21+00,2024-02-01 15:07:21+00,2024-03-05 03:17:46+00,India,2024-01-29 08:48:50+00,2025-01-02 09:18:59+00
a2faa2f0-3375-5b08-a8d7-15b571c4e193,afa15ef0-34ab-58ff-ad47-8060502e5f84,,42ad692d-b82d-5a13-91a1-a9fd0fcaf73b,,DB Schenker,delivered,2024-02-26 11:58:03+00,2024-02-01 11:58:03+00,2024-02-25 22:20:23+00,China,2024-01-29 08:48:08+00,2025-01-02 09:23:29+00
a9f4151e-6e1f-5d72-9d2f-f49bcd845d10,035f03a2-0aa4-54ab-b965-ffe92a15c554,,8517ed2a-3738-5e12-a1bc-f0e872fd3d71,,FedEx Logistics,delivered,2024-02-16 17:56:26+00,2024-01-31 17:56:26+00,2024-02-15 16:14:20+00,Mexico,2024-01-29 08:17:57+00,2025-01-02 09:20:59+00
6943563f-86f2-5ad2-86a3-710fd6796a55,3dffa708-7186-5ce1-9e9c-96972e56f8bf,,915b9517-c3e0-56bb-9f5b-959c6c507cc4,,DHL Freight,delivered,2024-02-19 14:46:00+00,2024-01-31 14:46:00+00,2024-02-19 14:25:50+00,Germany,2024-01-29 09:12:50+00,2025-01-02 09:15:19+00
fdaf669a-9083-57f5-8461-3846dc615b1e,d6589668-bf03-550c-93d5-57ece0241efc,,81c0642e-2463-5abd-ae26-b4b567d51419,,FedEx Logistics,delivered,2024-02-04 09:49:46+00,2024-01-30 09:49:46+00,2024-02-04 02:27:40+00,USA,2024-01-29 08:39:54+00,2025-01-02 09:05:23+00
4c695f44-72f9-5d0d-a806-db5b6e93a55d,b9aec7bd-f7f9-55cb-b673-5177ddff5e0d,,8517ed2a-3738-5e12-a1bc-f0e872fd3d71,,FedEx Logistics,delivered,2024-02-24 14:24:05+00,2024-01-31 14:24:05+00,2024-02-24 12:31:35+00,China,2024-01-29 08:21:15+00,2025-01-02 09:14:24+00
f5bac97c-04f1-50dc-a8ee-8f0132884cc7,7126e422-addd-5f29-b3f2-b752caf2e66c,,42ad692d-b82d-5a13-91a1-a9fd0fcaf73b,,DB Schenker,delivered,2024-02-29 12:04:12+00,2024-01-29 12:04:12+00,2024-02-29 00:49:06+00,China,2024-01-29 08:42:41+00,2025-01-02 09:15:39+00
1249c7f4-d231-56cf-b95b-1aee51173695,b3288dd6-e3cd-5ec3-a951-39986285505b,,a71f4bf4-a78e-5fa3-a8bd-e34ee2c97dcd,,DB Schenker,delivered,2024-02-19 15:49:46+00,2024-01-29 15:49:46+00,2024-02-18 19:24:07+00,Vietnam,2024-01-29 08:18:50+00,2025-01-02 09:04:06+00
b0774270-1baf-5f5c-a21a-c9406a16bf2d,d6589668-bf03-550c-93d5-57ece0241efc,,81c0642e-2463-5abd-ae26-b4b567d51419,,FedEx Logistics,delivered,2024-02-12 11:10:15+00,2024-02-07 11:10:15+00,2024-02-11 23:30:45+00,USA,2024-02-05 08:57:34+00,2025-01-02 09:12:38+00
733ba767-33d6-53f9-9b01-084065c92cfd,224ca423-2c12-5113-bbd1-50eab06cf470,,915b9517-c3e0-56bb-9f5b-959c6c507cc4,,FedEx Logistics,delivered,2024-02-24 11:37:08+00,2024-02-06 11:37:08+00,2024-02-24 01:10:30+00,Vietnam,2024-02-05 08:53:03+00,2025-01-02 09:14:24+00
b3bf85dd-1b18-59a8-b026-da5a31118c5d,c809308b-6bd0-5e7f-8fed-63aa0be429db,,8517ed2a-3738-5e12-a1bc-f0e872fd3d71,,FedEx Logistics,delivered,2024-03-20 09:55:12+00,2024-02-05 09:55:12+00,2024-03-20 10:00:06+00,China,2024-02-05 08:24:05+00,2025-01-02 09:19:57+00
03dca6ae-2000-5261-b095-886cbaab2281,224ca423-2c12-5113-bbd1-50eab06cf470,,8517ed2a-3738-5e12-a1bc-f0e872fd3d71,,DHL Freight,delivered,2024-02-26 15:39:29+00,2024-02-08 15:39:29+00,2024-02-26 09:18:13+00,Vietnam,2024-02-05 09:13:57+00,2025-01-02 09:02:56+00
cddeaa84-2784-57df-9155-d82417e08fea,b518e4a1-8b14-5e0f-a7c6-0b6631fe0a5a,,6400998a-1542-5bd0-baca-290648d04849,,DB Schenker,delivered,2024-03-05 11:54:06+00,2024-02-08 11:54:06+00,2024-03-04 14:04:29+00,China,2024-02-05 08:35:28+00,2025-01-02 09:21:47+00
e727c3bb-cfdd-55b6-84f3-6b83a420abf8,b3288dd6-e3cd-5ec3-a951-39986285505b,,6d6d0a34-9f5e-59b5-8834-675b7c7c4f20,,DHL Freight,delivered,2024-02-27 17:27:15+00,2024-02-06 17:27:15+00,2024-02-27 00:58:11+00,Vietnam,2024-02-05 08:42:17+00,2025-01-02 09:10:17+00
48afce68-58f9-5f8c-ab8b-b9ca32de99ad,224ca423-2c12-5113-bbd1-50eab06cf470,,42ad692d-b82d-5a13-91a1-a9fd0fcaf73b,,Maersk Line,delivered,2024-02-25 18:38:04+00,2024-02-07 18:38:04+00,2024-02-24 15:53:41+00,Vietnam,2024-02-05 08:54:19+00,2025-01-02 09:24:43+00
331436d8-a03c-51b3-871a-0041e57ad246,f478ae52-7c2a-5617-95bb-5f296860910f,,a71f4bf4-a78e-5fa3-a8bd-e34ee2c97dcd,,DHL Freight,delivered,2024-02-12 09:41:36+00,2024-02-05 09:41:36+00,2024-02-11 17:50:07+00,Mexico,2024-02-05 08:23:36+00,2025-01-02 09:24:21+00
068ea316-41eb-5068-8d76-5d66d4e197c1,bed19e03-5ade-5692-8a4e-81fb3e8f965d,,42ad692d-b82d-5a13-91a1-a9fd0fcaf73b,,EverGreen Marine,delivered,2024-03-12 13:19:59+00,2024-02-08 13:19:59+00,2024-03-11 21:21:39+00,India,2024-02-05 08:18:20+00,2025-01-02 09:15:59+00
d20dccf4-5166-5b92-b9a2-c1dc0edbb963,b3288dd6-e3cd-5ec3-a951-39986285505b,,42ad692d-b82d-5a13-91a1-a9fd0fcaf73b,,DHL Freight,delivered,2024-03-07 10:08:22+00,2024-02-15 10:08:22+00,2024-03-07 01:28:10+00,Vietnam,2024-02-12 09:06:17+00,2025-01-02 09:27:30+00
a22d253d-642f-5ea5-b70d-b8118c0676b4,b3288dd6-e3cd-5ec3-a951-39986285505b,,a71f4bf4-a78e-5fa3-a8bd-e34ee2c97dcd,,FedEx Logistics,delivered,2024-03-06 12:13:52+00,2024-02-14 12:13:52+00,2024-03-05 10:25:28+00,Vietnam,2024-02-12 08:34:16+00,2025-01-02 09:00:30+00
ad2a68f5-1498-5640-bed1-90ea6233574b,035f03a2-0aa4-54ab-b965-ffe92a15c554,,6d6d0a34-9f5e-59b5-8834-675b7c7c4f20,,DB Schenker,delivered,2024-02-29 17:43:46+00,2024-02-13 17:43:46+00,2024-02-29 08:59:48+00,Mexico,2024-02-12 08:59:33+00,2025-01-02 09:02:29+00
6b5c2158-941a-50a4-a32a-c16fb9351a0a,b3288dd6-e3cd-5ec3-a951-39986285505b,,42ad692d-b82d-5a13-91a1-a9fd0fcaf73b,,DB Schenker,delivered,2024-03-05 17:21:55+00,2024-02-13 17:21:55+00,2024-03-05 00:58:39+00,Vietnam,2024-02-12 08:51:31+00,2025-01-02 09:05:22+00
a056ee84-c4eb-5e7b-9da6-082418d6dcf6,7126e422-addd-5f29-b3f2-b752caf2e66c,,22113422-0935-5ebd-b323-7908c0e6bfd5,,EverGreen Marine,delivered,2024-03-16 15:22:15+00,2024-02-14 15:22:15+00,2024-03-16 05:52:37+00,China,2024-02-12 08:43:47+00,2025-01-02 09:21:07+00
7d36dfb9-ec40-598d-bc4f-78911526e3c2,80102db8-d5d3-5b2c-9e54-5b4fbebca6eb,,22113422-0935-5ebd-b323-7908c0e6bfd5,,DB Schenker,delivered,2024-02-28 17:17:39+00,2024-02-15 17:17:39+00,2024-02-27 13:01:07+00,Mexico,2024-02-12 08:51:11+00,2025-01-02 09:28:12+00
5a9daae0-f639-5ff5-a329-83382464c732,7910ac44-1e40-56bb-9ab8-d9ba56ac335c,,81c0642e-2463-5abd-ae26-b4b567d51419,,DHL Freight,delivered,2024-03-01 11:59:56+00,2024-02-22 11:59:56+00,2024-03-01 11:12:47+00,USA,2024-02-19 08:42:01+00,2025-01-02 09:18:32+00
4ee216f7-b4f3-5bd9-a379-8a628b2d8afa,c809308b-6bd0-5e7f-8fed-63aa0be429db,,8517ed2a-3738-5e12-a1bc-f0e872fd3d71,,FedEx Logistics,delivered,2024-04-06 14:13:03+00,2024-02-22 14:13:03+00,2024-04-06 02:20:06+00,China,2024-02-19 08:11:02+00,2025-01-02 09:07:12+00
8e834e93-a876-5cef-a26a-53cb1a3a5ef3,d6589668-bf03-550c-93d5-57ece0241efc,,6d6d0a34-9f5e-59b5-8834-675b7c7c4f20,,FedEx Logistics,delivered,2024-02-24 12:00:39+00,2024-02-19 12:00:39+00,2024-02-23 18:30:58+00,USA,2024-02-19 08:48:07+00,2025-01-02 09:23:03+00
8af1f8bb-79cd-5001-b36a-f3baf1043f78,d6589668-bf03-550c-93d5-57ece0241efc,,8517ed2a-3738-5e12-a1bc-f0e872fd3d71,,DB Schenker,delivered,2024-02-24 15:34:29+00,2024-02-19 15:34:29+00,2024-02-23 18:09:52+00,USA,2024-02-19 08:21:17+00,2025-01-02 09:26:12+00
5241314b-96b0-5f62-96a2-87745b92b25e,afa15ef0-34ab-58ff-ad47-8060502e5f84,,42ad692d-b82d-5a13-91a1-a9fd0fcaf73b,,FedEx Logistics,delivered,2024-03-18 12:02:15+00,2024-02-22 12:02:15+00,2024-03-17 10:25:38+00,China,2024-02-19 08:19:25+00,2025-01-02 09:20:02+00
439dc833-7ab1-5a1b-8fb9-a9e487f3dc6b,d6589668-bf03-550c-93d5-57ece0241efc,,22113422-0935-5ebd-b323-7908c0e6bfd5,,DHL Freight,delivered,2024-02-24 17:58:26+00,2024-02-19 17:58:26+00,2024-02-24 02:28:28+00,USA,2024-02-19 08:40:35+00,2025-01-02 09:25:32+00
d2a38d2d-07f3-5ac5-9881-ba1290c8290a,afa15ef0-34ab-58ff-ad47-8060502e5f84,,915b9517-c3e0-56bb-9f5b-959c6c507cc4,,EverGreen Marine,delivered,2024-03-18 12:52:55+00,2024-02-22 12:52:55+00,2024-03-17 12:19:54+00,China,2024-02-19 08:22:36+00,2025-01-02 09:26:14+00
4c874488-1c85-51f8-850d-303cb6697af4,b1482d47-285e-53ab-995d-cc9a8165b52c,,6400998a-1542-5bd0-baca-290648d04849,,FedEx Logistics,delivered,2024-03-12 14:43:31+00,2024-02-21 14:43:31+00,2024-03-11 21:21:35+00,India,2024-02-19 08:41:42+00,2025-01-02 09:08:43+00
d6bb0062-f607-5382-8a0a-38b9a75f00a9,bda40a80-19c9-5fe0-b729-308b0f59ad25,,81c0642e-2463-5abd-ae26-b4b567d51419,,DB Schenker,delivered,2024-03-11 10:53:40+00,2024-02-27 10:53:40+00,2024-03-10 17:21:47+00,Mexico,2024-02-26 08:37:06+00,2025-01-02 09:23:24+00
af290ce0-7229-5010-91f8-8ad8c07b1240,960f8f6e-5384-5c35-bfda-77ba61e7822e,,915b9517-c3e0-56bb-9f5b-959c6c507cc4,,Maersk Line,delivered,2024-03-24 11:38:15+00,2024-02-27 11:38:15+00,2024-03-23 14:55:41+00,India,2024-02-26 09:19:01+00,2025-01-02 09:12:10+00
dd3c3988-50ab-5664-94ac-03c700407c7e,afa15ef0-34ab-58ff-ad47-8060502e5f84,,42ad692d-b82d-5a13-91a1-a9fd0fcaf73b,,EverGreen Marine,delivered,2024-03-22 11:05:20+00,2024-02-26 11:05:20+00,2024-03-22 07:45:00+00,China,2024-02-26 08:23:40+00,2025-01-02 09:09:59+00
ed78bfe0-d37b-5946-86d9-d0dd967a2b51,7126e422-addd-5f29-b3f2-b752caf2e66c,,915b9517-c3e0-56bb-9f5b-959c6c507cc4,,Maersk Line,delivered,2024-03-31 15:58:30+00,2024-02-29 15:58:30+00,2024-03-31 16:20:04+00,China,2024-02-26 09:16:38+00,2025-01-02 09:02:40+00
19067d50-52f0-5793-931c-2666e1eba414,d6589668-bf03-550c-93d5-57ece0241efc,,22113422-0935-5ebd-b323-7908c0e6bfd5,,FedEx Logistics,delivered,2024-03-03 12:55:00+00,2024-02-27 12:55:00+00,2024-03-03 07:24:31+00,USA,2024-02-26 08:44:08+00,2025-01-02 09:29:59+00
67d36b6d-59b2-5af3-94ae-d9b032bff7ce,7910ac44-1e40-56bb-9ab8-d9ba56ac335c,,22113422-0935-5ebd-b323-7908c0e6bfd5,,FedEx Logistics,delivered,2024-03-07 16:21:13+00,2024-02-28 16:21:13+00,2024-03-06 15:36:26+00,USA,2024-02-26 08:45:39+00,2025-01-02 09:26:43+00
d87e0315-d4cd-5c3b-b518-b1cd1b2b59f4,960f8f6e-5384-5c35-bfda-77ba61e7822e,,6d6d0a34-9f5e-59b5-8834-675b7c7c4f20,,Maersk Line,delivered,2024-03-23 11:32:41+00,2024-02-26 11:32:41+00,2024-03-22 19:09:22+00,India,2024-02-26 09:04:19+00,2025-01-02 09:13:02+00
85857b4f-ca79-5056-bc4a-167f66310aca,afa15ef0-34ab-58ff-ad47-8060502e5f84,,6d6d0a34-9f5e-59b5-8834-675b7c7c4f20,,DHL Freight,delivered,2024-03-22 14:11:37+00,2024-02-26 14:11:37+00,2024-03-21 09:29:40+00,China,2024-02-26 08:52:37+00,2025-01-02 09:09:24+00
bfa48d75-b24b-5b16-b10e-5bf262b30f81,b518e4a1-8b14-5e0f-a7c6-0b6631fe0a5a,,8517ed2a-3738-5e12-a1bc-f0e872fd3d71,,FedEx Logistics,delivered,2024-03-23 16:57:46+00,2024-02-26 16:57:46+00,2024-03-26 17:01:48+00,China,2024-02-26 08:29:37+00,2025-01-02 09:13:11+00
c6e36e76-e516-5dd3-8f90-8a3051cb69a5,80102db8-d5d3-5b2c-9e54-5b4fbebca6eb,,81c0642e-2463-5abd-ae26-b4b567d51419,,FedEx Logistics,delivered,2024-03-11 16:42:00+00,2024-02-27 16:42:00+00,2024-03-11 11:04:15+00,Mexico,2024-02-26 08:22:53+00,2025-01-02 09:00:55+00
b3f3a691-af18-5fa5-ab90-3f946fb1b350,d6589668-bf03-550c-93d5-57ece0241efc,,6d6d0a34-9f5e-59b5-8834-675b7c7c4f20,,FedEx Logistics,delivered,2024-03-04 15:35:42+00,2024-02-28 15:35:42+00,2024-03-04 04:37:26+00,USA,2024-02-26 08:53:57+00,2025-01-02 09:16:38+00
4fa241da-5093-5967-a17d-459282554e84,960f8f6e-5384-5c35-bfda-77ba61e7822e,,6d6d0a34-9f5e-59b5-8834-675b7c7c4f20,,DB Schenker,delivered,2024-03-25 11:41:43+00,2024-02-28 11:41:43+00,2024-03-24 09:06:46+00,India,2024-02-26 08:20:22+00,2025-01-02 09:23:24+00
6f3c23d5-3611-523f-a4a2-7d6ee2833925,d6589668-bf03-550c-93d5-57ece0241efc,,81c0642e-2463-5abd-ae26-b4b567d51419,,FedEx Logistics,delivered,2024-03-09 14:06:02+00,2024-03-04 14:06:02+00,2024-03-08 16:12:04+00,USA,2024-03-04 08:59:53+00,2025-01-02 09:03:40+00
a4e3ea0c-ef5f-58b4-8390-d212a36ffd10,f478ae52-7c2a-5617-95bb-5f296860910f,,42ad692d-b82d-5a13-91a1-a9fd0fcaf73b,,DHL Freight,delivered,2024-03-13 15:38:52+00,2024-03-06 15:38:52+00,2024-03-12 12:19:26+00,Mexico,2024-03-04 08:38:19+00,2025-01-02 09:11:59+00
f3bb666d-c58c-59bd-b699-460192e3e97e,9981b718-1ab2-586a-ac86-82ab2f6f445c,,8517ed2a-3738-5e12-a1bc-f0e872fd3d71,,DHL Freight,delivered,2024-03-10 12:58:51+00,2024-03-04 12:58:51+00,2024-03-09 19:19:41+00,Mexico,2024-03-04 08:56:10+00,2025-01-02 09:01:26+00
f145df67-4cba-510a-ba2d-3413abd7593e,afa15ef0-34ab-58ff-ad47-8060502e5f84,,22113422-0935-5ebd-b323-7908c0e6bfd5,,Maersk Line,delivered,2024-03-29 18:21:15+00,2024-03-04 18:21:15+00,2024-03-29 13:36:00+00,China,2024-03-04 08:52:32+00,2025-01-02 09:00:02+00
b7c16dae-857e-583e-992c-f68b9f9cd8de,960f8f6e-5384-5c35-bfda-77ba61e7822e,,8517ed2a-3738-5e12-a1bc-f0e872fd3d71,,DB Schenker,delivered,2024-04-01 14:33:30+00,2024-03-06 14:33:30+00,2024-03-31 21:46:39+00,India,2024-03-04 08:56:32+00,2025-01-02 09:14:43+00
8efec8cd-d0fc-5915-bd58-e33d416e0e43,8c61a3ad-eb5d-59bc-9d10-16ddbfa7f8b0,,6400998a-1542-5bd0-baca-290648d04849,,FedEx Logistics,delivered,2024-03-14 18:14:20+00,2024-03-05 18:14:20+00,2024-03-13 16:23:59+00,Germany,2024-03-04 08:52:09+00,2025-01-02 09:21:50+00
8c206cb1-74eb-54fe-9a61-e18cb9baa58f,b3288dd6-e3cd-5ec3-a951-39986285505b,,915b9517-c3e0-56bb-9f5b-959c6c507cc4,,EverGreen Marine,delivered,2024-03-28 18:18:47+00,2024-03-07 18:18:47+00,2024-03-28 01:52:10+00,Vietnam,2024-03-04 08:40:30+00,2025-01-02 09:23:43+00
0807c9c3-761f-5b28-9a6f-8664208828fd,224ca423-2c12-5113-bbd1-50eab06cf470,,6400998a-1542-5bd0-baca-290648d04849,,EverGreen Marine,delivered,2024-03-24 17:10:32+00,2024-03-06 17:10:32+00,2024-03-24 04:39:16+00,Vietnam,2024-03-04 08:45:41+00,2025-01-02 09:23:08+00
af38dfa3-4b72-5df8-9cdd-581aa2abcd3d,afa15ef0-34ab-58ff-ad47-8060502e5f84,,22113422-0935-5ebd-b323-7908c0e6bfd5,,FedEx Logistics,delivered,2024-04-01 10:31:20+00,2024-03-07 10:31:20+00,2024-04-03 10:54:53+00,China,2024-03-04 08:22:27+00,2025-01-02 09:13:25+00
ddc5f7aa-d45b-5f0f-869c-92a2bae02263,d6589668-bf03-550c-93d5-57ece0241efc,,915b9517-c3e0-56bb-9f5b-959c6c507cc4,,FedEx Logistics,delivered,2024-03-12 16:56:28+00,2024-03-07 16:56:28+00,2024-03-11 15:58:19+00,USA,2024-03-04 08:50:22+00,2025-01-02 09:11:51+00
078aa6c7-4050-5fd4-8dd6-7c8647de9ba4,43b32e98-5a29-5473-b8a5-4357668f5f74,,915b9517-c3e0-56bb-9f5b-959c6c507cc4,,DB Schenker,delivered,2024-03-18 14:49:19+00,2024-03-07 14:49:19+00,2024-03-18 13:02:13+00,Mexico,2024-03-04 08:47:04+00,2025-01-02 09:05:39+00
792a3751-2583-5ff4-a97f-257b2d80938b,b518e4a1-8b14-5e0f-a7c6-0b6631fe0a5a,,42ad692d-b82d-5a13-91a1-a9fd0fcaf73b,,DHL Freight,delivered,2024-04-01 13:40:17+00,2024-03-06 13:40:17+00,2024-04-01 02:09:29+00,China,2024-03-04 08:20:50+00,2025-01-02 09:18:43+00
98c501e4-8b43-5547-9ee2-63c87576b0f9,b9aec7bd-f7f9-55cb-b673-5177ddff5e0d,,915b9517-c3e0-56bb-9f5b-959c6c507cc4,,DHL Freight,delivered,2024-03-31 13:56:37+00,2024-03-07 13:56:37+00,2024-03-31 07:17:59+00,China,2024-03-04 08:34:51+00,2025-01-02 09:11:19+00
fca51e91-b0ba-5303-9394-8ba5c685af97,09b007da-c3cd-5c90-912c-64f13e0cb7eb,,6400998a-1542-5bd0-baca-290648d04849,,Maersk Line,delivered,2024-03-27 17:11:57+00,2024-03-04 17:11:57+00,2024-03-27 14:20:30+00,China,2024-03-04 08:33:59+00,2025-01-02 09:06:50+00
43524503-5c35-537a-bf05-d723674997ce,ea95a540-f662-5975-8a79-88352e65c9c4,,6400998a-1542-5bd0-baca-290648d04849,,DHL Freight,delivered,2024-03-23 15:26:19+00,2024-03-05 15:26:19+00,2024-03-22 15:03:18+00,Germany,2024-03-04 09:02:23+00,2025-01-02 09:01:42+00
ae735c76-6af5-54eb-a6a4-6f1e12bc07b1,d6589668-bf03-550c-93d5-57ece0241efc,,81c0642e-2463-5abd-ae26-b4b567d51419,,FedEx Logistics,delivered,2024-03-12 18:17:57+00,2024-03-07 18:17:57+00,2024-03-12 17:27:24+00,USA,2024-03-04 09:09:27+00,2025-01-02 09:01:04+00
a7b2b8fb-23c9-5273-b33a-c7dd70deaa12,224ca423-2c12-5113-bbd1-50eab06cf470,,42ad692d-b82d-5a13-91a1-a9fd0fcaf73b,,DB Schenker,delivered,2024-03-22 17:21:00+00,2024-03-04 17:21:00+00,2024-03-22 12:41:36+00,Vietnam,2024-03-04 08:56:13+00,2025-01-02 09:08:53+00
b4c4ad7d-f61c-5392-ad4a-58f7a07a5be7,b518e4a1-8b14-5e0f-a7c6-0b6631fe0a5a,,42ad692d-b82d-5a13-91a1-a9fd0fcaf73b,,FedEx Logistics,delivered,2024-04-08 18:23:13+00,2024-03-13 18:23:13+00,2024-04-08 17:55:13+00,China,2024-03-11 08:49:24+00,2025-01-02 09:11:11+00
9ef5e67b-aaf4-5ece-a4f9-f715404ae94a,960f8f6e-5384-5c35-bfda-77ba61e7822e,,8517ed2a-3738-5e12-a1bc-f0e872fd3d71,,DB Schenker,delivered,2024-04-07 11:35:43+00,2024-03-12 11:35:43+00,2024-04-06 17:39:50+00,India,2024-03-11 08:08:00+00,2025-01-02 09:12:46+00
625a8331-e65d-58a9-a028-100e6d229429,b518e4a1-8b14-5e0f-a7c6-0b6631fe0a5a,,6d6d0a34-9f5e-59b5-8834-675b7c7c4f20,,FedEx Logistics,delivered,2024-04-07 12:10:31+00,2024-03-12 12:10:31+00,2024-04-06 10:12:54+00,China,2024-03-11 09:08:02+00,2025-01-02 09:16:01+00
41c07e41-4fd5-5ec0-b0f1-bbdbfc496943,afa15ef0-34ab-58ff-ad47-8060502e5f84,,915b9517-c3e0-56bb-9f5b-959c6c507cc4,,DB Schenker,delivered,2024-04-07 10:12:22+00,2024-03-13 10:12:22+00,2024-04-06 13:30:43+00,China,2024-03-11 08:39:58+00,2025-01-02 09:23:43+00
b7ed7d56-8cb1-53bc-a916-6a7a2bd98c96,960f8f6e-5384-5c35-bfda-77ba61e7822e,,22113422-0935-5ebd-b323-7908c0e6bfd5,,DHL Freight,delivered,2024-04-07 15:20:22+00,2024-03-12 15:20:22+00,2024-04-07 16:02:07+00,India,2024-03-11 08:50:07+00,2025-01-02 09:22:18+00
101400e9-eebc-5b86-a0c9-bb534c755d6e,d6589668-bf03-550c-93d5-57ece0241efc,,a71f4bf4-a78e-5fa3-a8bd-e34ee2c97dcd,,DHL Freight,delivered,2024-03-17 14:49:30+00,2024-03-12 14:49:30+00,2024-03-17 04:59:30+00,USA,2024-03-11 08:43:36+00,2025-01-02 09:17:22+00
f5e581e5-315a-593b-b254-a5924f3b315b,d6589668-bf03-550c-93d5-57ece0241efc,,42ad692d-b82d-5a13-91a1-a9fd0fcaf73b,,DB Schenker,delivered,2024-03-16 14:55:14+00,2024-03-11 14:55:14+00,2024-03-15 10:23:05+00,USA,2024-03-11 08:40:55+00,2025-01-02 09:13:39+00
09af07e4-8ed6-5adc-a875-5f26906c1e5c,d6589668-bf03-550c-93d5-57ece0241efc,,6d6d0a34-9f5e-59b5-8834-675b7c7c4f20,,DHL Freight,delivered,2024-03-19 18:12:54+00,2024-03-14 18:12:54+00,2024-03-19 10:44:37+00,USA,2024-03-11 08:30:11+00,2025-01-02 09:18:13+00
9db592ed-22c0-5dc3-98b9-6b40952904dc,bed19e03-5ade-5692-8a4e-81fb3e8f965d,,6400998a-1542-5bd0-baca-290648d04849,,DHL Freight,delivered,2024-04-15 16:34:44+00,2024-03-13 16:34:44+00,2024-04-15 15:06:48+00,India,2024-03-11 08:50:10+00,2025-01-02 09:29:26+00
13291fb7-c49f-5c20-aa76-3418ff4d1dc0,b518e4a1-8b14-5e0f-a7c6-0b6631fe0a5a,,a71f4bf4-a78e-5fa3-a8bd-e34ee2c97dcd,,FedEx Logistics,delivered,2024-04-07 12:03:32+00,2024-03-12 12:03:32+00,2024-04-06 15:35:01+00,China,2024-03-11 08:39:35+00,2025-01-02 09:27:19+00
495d64f1-6018-5c4f-8e5b-f8c5bb47e47c,80102db8-d5d3-5b2c-9e54-5b4fbebca6eb,,22113422-0935-5ebd-b323-7908c0e6bfd5,,DB Schenker,delivered,2024-03-27 10:37:02+00,2024-03-14 10:37:02+00,2024-03-26 07:47:33+00,Mexico,2024-03-11 09:06:51+00,2025-01-02 09:11:27+00
8525ea52-d4d4-5839-a10c-7021e0938e5b,960f8f6e-5384-5c35-bfda-77ba61e7822e,,6400998a-1542-5bd0-baca-290648d04849,,DB Schenker,delivered,2024-04-07 16:12:09+00,2024-03-12 16:12:09+00,2024-04-07 07:56:59+00,India,2024-03-11 08:05:33+00,2025-01-02 09:21:06+00
160caf77-1656-581e-849a-b383dba039a8,960f8f6e-5384-5c35-bfda-77ba61e7822e,,81c0642e-2463-5abd-ae26-b4b567d51419,,Maersk Line,delivered,2024-04-09 18:27:22+00,2024-03-14 18:27:22+00,2024-04-09 02:30:08+00,India,2024-03-11 09:05:36+00,2025-01-02 09:06:13+00
65cd332d-1bd7-5b8e-8308-a6343f25063a,7910ac44-1e40-56bb-9ab8-d9ba56ac335c,,22113422-0935-5ebd-b323-7908c0e6bfd5,,FedEx Logistics,delivered,2024-03-21 16:32:47+00,2024-03-13 16:32:47+00,2024-03-22 16:47:15+00,USA,2024-03-11 09:03:38+00,2025-01-02 09:05:07+00
76f9b916-6412-5136-bf9b-ca1c605095b6,b3288dd6-e3cd-5ec3-a951-39986285505b,,8517ed2a-3738-5e12-a1bc-f0e872fd3d71,,EverGreen Marine,delivered,2024-04-04 15:06:12+00,2024-03-14 15:06:12+00,2024-04-04 02:40:31+00,Vietnam,2024-03-11 08:42:14+00,2025-01-02 09:05:10+00
16fa0f6e-26cb-5aba-8fea-93bd1f324c12,ea95a540-f662-5975-8a79-88352e65c9c4,,6400998a-1542-5bd0-baca-290648d04849,,DB Schenker,delivered,2024-04-05 09:18:37+00,2024-03-18 09:18:37+00,2024-04-05 00:42:46+00,Germany,2024-03-18 08:13:57+00,2025-01-02 09:29:25+00
394d2b1e-5655-5567-b1bb-86c5db496552,ea95a540-f662-5975-8a79-88352e65c9c4,,8517ed2a-3738-5e12-a1bc-f0e872fd3d71,,DHL Freight,delivered,2024-04-08 14:54:53+00,2024-03-21 14:54:53+00,2024-04-08 05:03:07+00,Germany,2024-03-18 08:52:25+00,2025-01-02 09:04:18+00
14605973-16b5-5795-ad6a-21978742d05e,960f8f6e-5384-5c35-bfda-77ba61e7822e,,22113422-0935-5ebd-b323-7908c0e6bfd5,,FedEx Logistics,delivered,2024-04-13 13:47:24+00,2024-03-18 13:47:24+00,2024-04-12 19:01:19+00,India,2024-03-18 08:05:45+00,2025-01-02 09:29:32+00
9c45e71b-2ab0-59a3-9a18-64f746b5540e,b3288dd6-e3cd-5ec3-a951-39986285505b,,a71f4bf4-a78e-5fa3-a8bd-e34ee2c97dcd,,EverGreen Marine,delivered,2024-04-10 09:17:33+00,2024-03-20 09:17:33+00,2024-04-09 07:32:06+00,Vietnam,2024-03-18 08:14:00+00,2025-01-02 09:25:13+00
25661c92-b990-5e59-9e5e-de580c39ffa4,b518e4a1-8b14-5e0f-a7c6-0b6631fe0a5a,,6400998a-1542-5bd0-baca-290648d04849,,DHL Freight,delivered,2024-04-15 16:20:01+00,2024-03-20 16:20:01+00,2024-04-15 08:56:56+00,China,2024-03-18 09:09:29+00,2025-01-02 09:01:47+00
5dc7742d-f388-5bdf-ac5e-4181be84b078,afa15ef0-34ab-58ff-ad47-8060502e5f84,,6d6d0a34-9f5e-59b5-8834-675b7c7c4f20,,DB Schenker,delivered,2024-04-12 10:32:25+00,2024-03-18 10:32:25+00,2024-04-11 14:39:46+00,China,2024-03-18 08:52:39+00,2025-01-02 09:00:37+00
a97151cc-7039-5d45-b3d6-4978cbf5b146,b3288dd6-e3cd-5ec3-a951-39986285505b,,915b9517-c3e0-56bb-9f5b-959c6c507cc4,,DHL Freight,delivered,2024-04-08 13:57:26+00,2024-03-18 13:57:26+00,2024-04-07 09:41:50+00,Vietnam,2024-03-18 08:15:06+00,2025-01-02 09:26:15+00
285ff04b-2ff3-50f2-b8cf-bd64e3642581,8c61a3ad-eb5d-59bc-9d10-16ddbfa7f8b0,,6d6d0a34-9f5e-59b5-8834-675b7c7c4f20,,DB Schenker,delivered,2024-03-28 17:02:06+00,2024-03-19 17:02:06+00,2024-03-27 17:28:44+00,Germany,2024-03-18 08:35:37+00,2025-01-02 09:13:08+00
a85483cb-f75c-5cce-96ce-1253dd81561c,b518e4a1-8b14-5e0f-a7c6-0b6631fe0a5a,,42ad692d-b82d-5a13-91a1-a9fd0fcaf73b,,EverGreen Marine,delivered,2024-04-15 10:44:14+00,2024-03-20 10:44:14+00,2024-04-14 10:20:58+00,China,2024-03-18 08:25:03+00,2025-01-02 09:27:06+00
d2d98038-628c-58d1-b27a-468fc6e3b294,b518e4a1-8b14-5e0f-a7c6-0b6631fe0a5a,,22113422-0935-5ebd-b323-7908c0e6bfd5,,FedEx Logistics,delivered,2024-04-14 13:49:23+00,2024-03-19 13:49:23+00,2024-04-14 10:57:13+00,China,2024-03-18 08:46:19+00,2025-01-02 09:11:49+00
4d7864be-6c8e-5091-ae0f-b7ad98a17c1c,b3288dd6-e3cd-5ec3-a951-39986285505b,,915b9517-c3e0-56bb-9f5b-959c6c507cc4,,EverGreen Marine,delivered,2024-04-09 15:04:44+00,2024-03-19 15:04:44+00,2024-04-09 10:13:29+00,Vietnam,2024-03-18 08:43:31+00,2025-01-02 09:24:36+00
d20706fc-0338-5fc7-b5ba-091ae9b2458d,d6589668-bf03-550c-93d5-57ece0241efc,,42ad692d-b82d-5a13-91a1-a9fd0fcaf73b,,FedEx Logistics,delivered,2024-03-26 11:04:31+00,2024-03-21 11:04:31+00,2024-03-29 11:19:12+00,USA,2024-03-18 08:55:42+00,2025-01-02 09:23:10+00
43a39060-f2b1-5d92-a16c-11abc88d1861,bed19e03-5ade-5692-8a4e-81fb3e8f965d,,22113422-0935-5ebd-b323-7908c0e6bfd5,,Maersk Line,delivered,2024-04-21 12:47:55+00,2024-03-19 12:47:55+00,2024-04-20 12:27:33+00,India,2024-03-18 08:31:20+00,2025-01-02 09:21:17+00
33178e11-077a-5800-baa7-7bb6b63d00c6,7126e422-addd-5f29-b3f2-b752caf2e66c,,915b9517-c3e0-56bb-9f5b-959c6c507cc4,,Maersk Line,delivered,2024-04-20 12:35:52+00,2024-03-20 12:35:52+00,2024-04-19 18:09:44+00,China,2024-03-18 08:15:46+00,2025-01-02 09:16:19+00
84f55e2e-ce83-53b8-8433-1d5ecb5ef43d,feeb172c-57c6-5067-97db-54ddf632027a,,a71f4bf4-a78e-5fa3-a8bd-e34ee2c97dcd,,Maersk Line,delivered,2024-04-29 17:39:22+00,2024-03-18 17:39:22+00,2024-04-28 11:48:17+00,China,2024-03-18 09:04:26+00,2025-01-02 09:22:04+00
6436b31a-31e2-5206-9768-0937d91d829e,b3288dd6-e3cd-5ec3-a951-39986285505b,,81c0642e-2463-5abd-ae26-b4b567d51419,,DHL Freight,delivered,2024-04-18 09:49:24+00,2024-03-28 09:49:24+00,2024-04-17 21:13:30+00,Vietnam,2024-03-25 08:34:19+00,2025-01-02 09:15:25+00
283b0028-63e2-53ec-9a44-621be562632d,afa15ef0-34ab-58ff-ad47-8060502e5f84,,81c0642e-2463-5abd-ae26-b4b567d51419,,DB Schenker,delivered,2024-04-20 10:21:26+00,2024-03-26 10:21:26+00,2024-04-19 04:48:32+00,China,2024-03-25 08:53:59+00,2025-01-02 09:10:26+00
7deff847-30a2-5a01-bb57-693db0ab72a7,43b5c255-48c1-5b61-ab8b-8bc95266bb1f,,81c0642e-2463-5abd-ae26-b4b567d51419,,EverGreen Marine,delivered,2024-04-19 15:41:56+00,2024-03-25 15:41:56+00,2024-04-18 18:47:57+00,China,2024-03-25 08:25:54+00,2025-01-02 09:21:54+00
934a8038-4e02-5d9f-adc8-c2f6ebecda81,afa15ef0-34ab-58ff-ad47-8060502e5f84,,6400998a-1542-5bd0-baca-290648d04849,,DHL Freight,delivered,2024-04-21 14:12:57+00,2024-03-27 14:12:57+00,2024-04-21 07:47:03+00,China,2024-03-25 09:01:34+00,2025-01-02 09:03:56+00
27b6777a-82d8-58c0-9a92-2b9d5002a12f,6bfe9d03-1d68-5349-a2e7-d2c71322d817,,a71f4bf4-a78e-5fa3-a8bd-e34ee2c97dcd,,FedEx Logistics,delivered,2024-04-19 18:39:28+00,2024-03-25 18:39:28+00,2024-04-19 09:51:41+00,USA,2024-03-25 08:54:56+00,2025-01-02 09:10:08+00
5c2a0eb3-c694-5f54-9c25-4a52319359e1,f478ae52-7c2a-5617-95bb-5f296860910f,,a71f4bf4-a78e-5fa3-a8bd-e34ee2c97dcd,,DHL Freight,delivered,2024-04-01 18:14:00+00,2024-03-25 18:14:00+00,2024-03-31 13:40:14+00,Mexico,2024-03-25 08:47:08+00,2025-01-02 09:09:17+00
cfe01c26-9835-59ec-b831-5e666038793a,d6589668-bf03-550c-93d5-57ece0241efc,,6d6d0a34-9f5e-59b5-8834-675b7c7c4f20,,DHL Freight,delivered,2024-03-31 16:32:48+00,2024-03-26 16:32:48+00,2024-03-31 09:44:38+00,USA,2024-03-25 08:20:26+00,2025-01-02 09:04:37+00
da5890c4-e523-5e4a-b471-7020c449a569,afa15ef0-34ab-58ff-ad47-8060502e5f84,,8517ed2a-3738-5e12-a1bc-f0e872fd3d71,,FedEx Logistics,delivered,2024-04-19 10:56:45+00,2024-03-25 10:56:45+00,2024-04-18 16:03:17+00,China,2024-03-25 08:33:51+00,2025-01-02 09:21:47+00
22d1c052-d323-5cd8-b3fb-a1668181737e,6bfe9d03-1d68-5349-a2e7-d2c71322d817,,81c0642e-2463-5abd-ae26-b4b567d51419,,DHL Freight,delivered,2024-04-19 16:45:35+00,2024-03-25 16:45:35+00,2024-04-19 01:23:15+00,USA,2024-03-25 09:10:55+00,2025-01-02 09:01:55+00
81072767-6583-5615-9f65-4fe4c498f889,960f8f6e-5384-5c35-bfda-77ba61e7822e,,915b9517-c3e0-56bb-9f5b-959c6c507cc4,,FedEx Logistics,delivered,2024-04-23 14:31:41+00,2024-03-28 14:31:41+00,2024-04-22 18:58:07+00,India,2024-03-25 09:08:50+00,2025-01-02 09:02:49+00
fb310c20-805a-55e6-8f29-8027125ad174,b9aec7bd-f7f9-55cb-b673-5177ddff5e0d,,6d6d0a34-9f5e-59b5-8834-675b7c7c4f20,,DB Schenker,delivered,2024-04-19 13:20:12+00,2024-03-26 13:20:12+00,2024-04-18 23:39:23+00,China,2024-03-25 09:00:19+00,2025-01-02 09:17:19+00
c78d9261-f946-5c3c-af03-e09894b6aec8,b3288dd6-e3cd-5ec3-a951-39986285505b,,6400998a-1542-5bd0-baca-290648d04849,,Maersk Line,delivered,2024-04-15 14:02:25+00,2024-03-25 14:02:25+00,2024-04-15 04:32:56+00,Vietnam,2024-03-25 08:45:15+00,2025-01-02 09:22:28+00
33de7689-3b83-58d6-bfbd-bebf1d768463,ce3f1829-b358-52a7-bd0e-9eb3d2d95666,,22113422-0935-5ebd-b323-7908c0e6bfd5,,DHL Freight,delivered,2024-04-08 10:11:08+00,2024-03-27 10:11:08+00,2024-04-11 10:47:51+00,Germany,2024-03-25 08:37:17+00,2025-01-02 09:00:05+00
ad97db1d-b528-5b56-91ba-50c7573a58bc,7126e422-addd-5f29-b3f2-b752caf2e66c,,81c0642e-2463-5abd-ae26-b4b567d51419,,DHL Freight,delivered,2024-05-02 12:47:20+00,2024-04-01 12:47:20+00,2024-05-01 17:27:49+00,China,2024-04-01 08:45:20+00,2025-01-02 09:07:11+00
f31b7b79-8e1f-5b4f-9f8f-d482b69434b6,6bfe9d03-1d68-5349-a2e7-d2c71322d817,,22113422-0935-5ebd-b323-7908c0e6bfd5,,DB Schenker,delivered,2024-04-27 11:45:38+00,2024-04-02 11:45:38+00,2024-05-10 12:10:01+00,USA,2024-04-01 08:43:53+00,2025-01-02 09:09:44+00
a0af9eb7-8220-5c9c-b17e-34f05e2ae145,3dffa708-7186-5ce1-9e9c-96972e56f8bf,,8517ed2a-3738-5e12-a1bc-f0e872fd3d71,,DB Schenker,delivered,2024-04-20 12:32:50+00,2024-04-01 12:32:50+00,2024-04-20 01:53:07+00,Germany,2024-04-01 08:29:01+00,2025-01-02 09:04:54+00
9c663c2f-a81d-5376-930c-5a31090ea507,c27afee2-997d-5290-a74e-2530422664f5,,915b9517-c3e0-56bb-9f5b-959c6c507cc4,,Maersk Line,delivered,2024-05-07 12:23:24+00,2024-04-03 12:23:24+00,2024-05-06 22:51:59+00,China,2024-04-01 08:58:40+00,2025-01-02 09:00:02+00
ea5b3611-5424-5021-9742-14c7677ea077,b1482d47-285e-53ab-995d-cc9a8165b52c,,81c0642e-2463-5abd-ae26-b4b567d51419,,Maersk Line,delivered,2024-04-21 18:41:11+00,2024-04-01 18:41:11+00,2024-04-21 11:00:51+00,India,2024-04-01 09:02:08+00,2025-01-02 09:24:29+00
981b9756-79ca-5578-82b1-db2d8361c6b1,7910ac44-1e40-56bb-9ab8-d9ba56ac335c,,81c0642e-2463-5abd-ae26-b4b567d51419,,DB Schenker,delivered,2024-04-09 10:38:41+00,2024-04-01 10:38:41+00,2024-04-11 11:03:32+00,USA,2024-04-01 09:05:00+00,2025-01-02 09:12:55+00
98b5ec75-8265-57e8-85ae-60a53b728e2c,960f8f6e-5384-5c35-bfda-77ba61e7822e,,81c0642e-2463-5abd-ae26-b4b567d51419,,FedEx Logistics,delivered,2024-04-27 16:15:36+00,2024-04-01 16:15:36+00,2024-04-26 19:54:04+00,India,2024-04-01 08:46:30+00,2025-01-02 09:25:02+00
2dde8170-109d-5f3b-9628-93829448b476,7126e422-addd-5f29-b3f2-b752caf2e66c,,6400998a-1542-5bd0-baca-290648d04849,,Maersk Line,delivered,2024-05-04 17:35:47+00,2024-04-03 17:35:47+00,2024-05-04 12:42:09+00,China,2024-04-01 08:57:37+00,2025-01-02 09:18:45+00
9f11ed85-6c42-520d-91ae-31dba8c2bd59,960f8f6e-5384-5c35-bfda-77ba61e7822e,,8517ed2a-3738-5e12-a1bc-f0e872fd3d71,,FedEx Logistics,delivered,2024-04-29 09:13:07+00,2024-04-03 09:13:07+00,2024-05-01 09:26:33+00,India,2024-04-01 08:07:07+00,2025-01-02 09:15:56+00
f8f535c2-70b7-5a71-b7b4-0ea0e824a43d,960f8f6e-5384-5c35-bfda-77ba61e7822e,,22113422-0935-5ebd-b323-7908c0e6bfd5,,DB Schenker,delivered,2024-04-28 14:23:45+00,2024-04-02 14:23:45+00,2024-04-27 17:29:46+00,India,2024-04-01 08:57:16+00,2025-01-02 09:28:56+00
f087d367-45d7-5c77-9d67-c0608b148e2d,80102db8-d5d3-5b2c-9e54-5b4fbebca6eb,,42ad692d-b82d-5a13-91a1-a9fd0fcaf73b,,FedEx Logistics,delivered,2024-04-21 15:13:22+00,2024-04-08 15:13:22+00,2024-04-20 17:25:40+00,Mexico,2024-04-08 09:04:19+00,2025-01-02 09:05:54+00
0c443d0f-d94e-5de1-b314-fc8577fee20c,224ca423-2c12-5113-bbd1-50eab06cf470,,6400998a-1542-5bd0-baca-290648d04849,,DHL Freight,delivered,2024-04-26 11:50:01+00,2024-04-08 11:50:01+00,2024-04-25 10:55:57+00,Vietnam,2024-04-08 08:19:45+00,2025-01-02 09:02:18+00
cd8d69b8-060b-5a48-897b-924c396da496,b3288dd6-e3cd-5ec3-a951-39986285505b,,6400998a-1542-5bd0-baca-290648d04849,,DHL Freight,delivered,2024-05-01 12:22:20+00,2024-04-10 12:22:20+00,2024-05-01 08:26:01+00,Vietnam,2024-04-08 08:53:36+00,2025-01-02 09:17:03+00
f58f671c-8ab9-5da9-9c0d-a1bbc3b5d8c8,d6589668-bf03-550c-93d5-57ece0241efc,,81c0642e-2463-5abd-ae26-b4b567d51419,,DHL Freight,delivered,2024-04-13 10:37:25+00,2024-04-08 10:37:25+00,2024-04-13 02:04:07+00,USA,2024-04-08 08:56:00+00,2025-01-02 09:00:56+00
14d79a43-90d8-568e-9090-de791e7b6c9f,afa15ef0-34ab-58ff-ad47-8060502e5f84,,22113422-0935-5ebd-b323-7908c0e6bfd5,,FedEx Logistics,delivered,2024-05-03 18:17:17+00,2024-04-08 18:17:17+00,2024-05-02 15:18:38+00,China,2024-04-08 08:47:31+00,2025-01-02 09:09:34+00
563accd7-f64a-51b9-a7d5-dce35ae7412d,80102db8-d5d3-5b2c-9e54-5b4fbebca6eb,,81c0642e-2463-5abd-ae26-b4b567d51419,,DB Schenker,delivered,2024-04-21 15:14:56+00,2024-04-08 15:14:56+00,2024-04-20 13:48:26+00,Mexico,2024-04-08 08:39:11+00,2025-01-02 09:28:29+00
84eb5518-8e8e-57f8-8f7c-9dc7d8c308c2,9df2da2e-507c-507e-b146-3af5cb0eb852,,81c0642e-2463-5abd-ae26-b4b567d51419,,DHL Freight,delivered,2024-05-09 15:10:38+00,2024-04-09 15:10:38+00,2024-05-11 15:28:46+00,China,2024-04-08 09:07:35+00,2025-01-02 09:24:43+00
dfe89815-ab76-596e-ac22-bb1c642a0667,8c61a3ad-eb5d-59bc-9d10-16ddbfa7f8b0,,a71f4bf4-a78e-5fa3-a8bd-e34ee2c97dcd,,FedEx Logistics,delivered,2024-04-25 11:22:58+00,2024-04-16 11:22:58+00,2024-04-24 07:54:24+00,Germany,2024-04-15 08:55:12+00,2025-01-02 09:14:38+00
21c86fef-e8e2-5717-a8e9-c24b7f5cd522,b1482d47-285e-53ab-995d-cc9a8165b52c,,81c0642e-2463-5abd-ae26-b4b567d51419,,DHL Freight,delivered,2024-05-06 10:32:15+00,2024-04-16 10:32:15+00,2024-05-05 18:37:05+00,India,2024-04-15 08:32:10+00,2025-01-02 09:14:15+00
a060ab26-edfd-5cc2-b07b-74e3f363cbed,c809308b-6bd0-5e7f-8fed-63aa0be429db,,22113422-0935-5ebd-b323-7908c0e6bfd5,,Maersk Line,delivered,2024-05-29 15:15:16+00,2024-04-15 15:15:16+00,2024-05-29 09:35:43+00,China,2024-04-15 08:41:11+00,2025-01-02 09:17:55+00
cf6b73d9-08ec-5804-bfc0-ac40e075a529,b3288dd6-e3cd-5ec3-a951-39986285505b,,81c0642e-2463-5abd-ae26-b4b567d51419,,DB Schenker,delivered,2024-05-08 11:49:19+00,2024-04-17 11:49:19+00,2024-05-08 11:57:33+00,Vietnam,2024-04-15 08:21:11+00,2025-01-02 09:16:07+00
dbae88c8-0867-5348-92cd-d2d0820bea3e,4140807d-c496-53ae-8f87-15c93cde916b,,a71f4bf4-a78e-5fa3-a8bd-e34ee2c97dcd,,DB Schenker,delivered,2024-05-06 14:07:48+00,2024-04-17 14:07:48+00,2024-05-05 22:42:51+00,China,2024-04-15 08:38:03+00,2025-01-02 09:21:54+00
4ea91dbd-ac37-57b4-bfff-e1c481119488,d6589668-bf03-550c-93d5-57ece0241efc,,22113422-0935-5ebd-b323-7908c0e6bfd5,,FedEx Logistics,delivered,2024-04-20 16:09:56+00,2024-04-15 16:09:56+00,2024-04-19 18:53:34+00,USA,2024-04-15 08:48:38+00,2025-01-02 09:27:00+00
9d4d0ab0-9d04-5305-b57e-e6b7efe45549,b3288dd6-e3cd-5ec3-a951-39986285505b,,81c0642e-2463-5abd-ae26-b4b567d51419,,EverGreen Marine,delivered,2024-05-15 12:24:17+00,2024-04-24 12:24:17+00,2024-05-15 10:01:55+00,Vietnam,2024-04-22 09:09:18+00,2025-01-02 09:00:56+00
f0d61cbd-e682-5f01-a2b5-9920a3077281,ea344b5b-a6fa-5c52-a82d-6aca1e325dfd,,915b9517-c3e0-56bb-9f5b-959c6c507cc4,,DHL Freight,delivered,2024-04-29 18:04:29+00,2024-04-23 18:04:29+00,2024-04-29 02:05:56+00,USA,2024-04-22 09:27:00+00,2025-01-02 09:22:35+00
df5498c7-98dd-58b6-a666-0760a3e5123e,afa15ef0-34ab-58ff-ad47-8060502e5f84,,42ad692d-b82d-5a13-91a1-a9fd0fcaf73b,,Maersk Line,delivered,2024-05-18 12:32:50+00,2024-04-23 12:32:50+00,2024-05-17 20:07:13+00,China,2024-04-22 08:25:40+00,2025-01-02 09:27:25+00
3b1d317e-ead2-544b-bc60-9f1ec0b9cd9e,b3288dd6-e3cd-5ec3-a951-39986285505b,,81c0642e-2463-5abd-ae26-b4b567d51419,,DB Schenker,delivered,2024-05-16 09:16:45+00,2024-04-25 09:16:45+00,2024-05-15 20:21:01+00,Vietnam,2024-04-22 08:07:34+00,2025-01-02 09:24:29+00
1c9bc141-3395-5145-8908-aee442ea4be0,d21da0bc-d1b2-5971-a037-be72ab2d0b0f,,6d6d0a34-9f5e-59b5-8834-675b7c7c4f20,,EverGreen Marine,delivered,2024-05-29 14:40:51+00,2024-04-23 14:40:51+00,2024-05-28 16:11:55+00,China,2024-04-22 08:15:51+00,2025-01-02 09:22:53+00
114645a3-4707-59d1-9f0c-6578981e1fd2,afa15ef0-34ab-58ff-ad47-8060502e5f84,,a71f4bf4-a78e-5fa3-a8bd-e34ee2c97dcd,,EverGreen Marine,delivered,2024-05-19 15:57:32+00,2024-04-24 15:57:32+00,2024-05-19 14:30:55+00,China,2024-04-22 08:25:51+00,2025-01-02 09:19:02+00
1abe38ce-ac88-5707-aced-56d8f97c62c6,d6589668-bf03-550c-93d5-57ece0241efc,,22113422-0935-5ebd-b323-7908c0e6bfd5,,FedEx Logistics,delivered,2024-04-30 17:25:12+00,2024-04-25 17:25:12+00,2024-04-30 11:59:20+00,USA,2024-04-22 08:59:53+00,2025-01-02 09:04:07+00
ef7f40d3-0e58-5e24-bafd-901087ee377f,80102db8-d5d3-5b2c-9e54-5b4fbebca6eb,,6d6d0a34-9f5e-59b5-8834-675b7c7c4f20,,DHL Freight,delivered,2024-05-05 15:27:35+00,2024-04-22 15:27:35+00,2024-05-07 15:56:17+00,Mexico,2024-04-22 09:10:25+00,2025-01-02 09:27:17+00
83901798-5023-5a09-ac3d-31ff9412c2c8,bed19e03-5ade-5692-8a4e-81fb3e8f965d,,8517ed2a-3738-5e12-a1bc-f0e872fd3d71,,DHL Freight,delivered,2024-05-28 16:48:03+00,2024-04-25 16:48:03+00,2024-05-28 16:56:04+00,India,2024-04-22 08:42:27+00,2025-01-02 09:16:41+00
0d7e3c86-789d-5c12-a457-5b9602a95886,c809308b-6bd0-5e7f-8fed-63aa0be429db,,a71f4bf4-a78e-5fa3-a8bd-e34ee2c97dcd,,DB Schenker,delivered,2024-06-06 09:39:23+00,2024-04-23 09:39:23+00,2024-06-06 03:14:25+00,China,2024-04-22 08:21:35+00,2025-01-02 09:20:50+00
7b0343ff-da74-525d-9998-8d0745a255fa,c809308b-6bd0-5e7f-8fed-63aa0be429db,,8517ed2a-3738-5e12-a1bc-f0e872fd3d71,,DB Schenker,delivered,2024-06-12 10:05:57+00,2024-04-29 10:05:57+00,2024-06-12 05:11:05+00,China,2024-04-29 08:41:21+00,2025-01-02 09:13:14+00
c32f8ea6-b89d-56a7-a307-1f73450a3936,d6589668-bf03-550c-93d5-57ece0241efc,,915b9517-c3e0-56bb-9f5b-959c6c507cc4,,FedEx Logistics,delivered,2024-05-07 11:07:21+00,2024-05-02 11:07:21+00,2024-05-06 09:29:50+00,USA,2024-04-29 08:30:54+00,2025-01-02 09:04:50+00
ce9cd06d-21fe-5673-9499-d1f112f04b7d,224ca423-2c12-5113-bbd1-50eab06cf470,,6d6d0a34-9f5e-59b5-8834-675b7c7c4f20,,DB Schenker,delivered,2024-05-17 18:16:12+00,2024-04-29 18:16:12+00,2024-05-16 23:55:49+00,Vietnam,2024-04-29 09:08:56+00,2025-01-02 09:04:14+00
86463338-89d7-5ba8-99d6-06c131226551,7126e422-addd-5f29-b3f2-b752caf2e66c,,22113422-0935-5ebd-b323-7908c0e6bfd5,,DHL Freight,delivered,2024-06-01 09:34:46+00,2024-05-01 09:34:46+00,2024-05-31 22:13:33+00,China,2024-04-29 08:31:27+00,2025-01-02 09:02:45+00
ce0d945f-972f-5900-99e2-d46076a1f39e,afa15ef0-34ab-58ff-ad47-8060502e5f84,,6400998a-1542-5bd0-baca-290648d04849,,FedEx Logistics,delivered,2024-05-26 14:38:05+00,2024-05-01 14:38:05+00,2024-05-25 11:02:16+00,China,2024-04-29 08:56:49+00,2025-01-02 09:14:48+00
a0936666-11e7-51df-9324-fefa6d013693,afa15ef0-34ab-58ff-ad47-8060502e5f84,,a71f4bf4-a78e-5fa3-a8bd-e34ee2c97dcd,,FedEx Logistics,delivered,2024-05-25 16:34:22+00,2024-04-30 16:34:22+00,2024-05-25 12:44:16+00,China,2024-04-29 08:27:06+00,2025-01-02 09:16:30+00
9ee8ffd3-19c7-5b9e-a2ca-fee30c48773b,224ca423-2c12-5113-bbd1-50eab06cf470,,8517ed2a-3738-5e12-a1bc-f0e872fd3d71,,FedEx Logistics,delivered,2024-05-17 13:52:43+00,2024-04-29 13:52:43+00,2024-05-16 09:19:18+00,Vietnam,2024-04-29 08:49:58+00,2025-01-02 09:03:42+00
bacd0aea-9520-5b1e-b4e1-f78750028a5a,8c61a3ad-eb5d-59bc-9d10-16ddbfa7f8b0,,22113422-0935-5ebd-b323-7908c0e6bfd5,,DB Schenker,delivered,2024-05-09 10:22:40+00,2024-04-30 10:22:40+00,2024-05-09 02:06:06+00,Germany,2024-04-29 08:50:07+00,2025-01-02 09:05:00+00
9b68e4cf-9d9e-54a0-8f79-badbfd485853,bed19e03-5ade-5692-8a4e-81fb3e8f965d,,915b9517-c3e0-56bb-9f5b-959c6c507cc4,,DHL Freight,delivered,2024-06-01 09:23:01+00,2024-04-29 09:23:01+00,2024-05-31 18:53:07+00,India,2024-04-29 08:13:36+00,2025-01-02 09:08:01+00
b64e663a-f408-5683-8589-6230298dbe42,ea95a540-f662-5975-8a79-88352e65c9c4,,8517ed2a-3738-5e12-a1bc-f0e872fd3d71,,DB Schenker,delivered,2024-05-24 15:59:03+00,2024-05-06 15:59:03+00,2024-05-23 10:01:20+00,Germany,2024-05-06 08:33:17+00,2025-01-02 09:01:23+00
0c29624a-0df1-52a3-8796-51c50acde60a,224ca423-2c12-5113-bbd1-50eab06cf470,,6d6d0a34-9f5e-59b5-8834-675b7c7c4f20,,DB Schenker,delivered,2024-05-26 16:20:18+00,2024-05-08 16:20:18+00,2024-05-25 13:01:24+00,Vietnam,2024-05-06 08:43:43+00,2025-01-02 09:09:03+00
18bad3be-9519-5ec9-9c0b-5d83457b6d2e,035f03a2-0aa4-54ab-b965-ffe92a15c554,,915b9517-c3e0-56bb-9f5b-959c6c507cc4,,DHL Freight,delivered,2024-05-25 13:56:31+00,2024-05-09 13:56:31+00,2024-05-25 06:12:52+00,Mexico,2024-05-06 08:30:46+00,2025-01-02 09:13:17+00
75302db4-49ab-5783-92be-05b662db018b,b1482d47-285e-53ab-995d-cc9a8165b52c,,6d6d0a34-9f5e-59b5-8834-675b7c7c4f20,,Maersk Line,delivered,2024-05-29 13:47:43+00,2024-05-09 13:47:43+00,2024-05-29 00:17:31+00,India,2024-05-06 09:13:20+00,2025-01-02 09:23:46+00
718e83ab-8b24-5bd2-95f8-1ad7d90f5274,afa15ef0-34ab-58ff-ad47-8060502e5f84,,915b9517-c3e0-56bb-9f5b-959c6c507cc4,,EverGreen Marine,delivered,2024-06-03 14:46:13+00,2024-05-09 14:46:13+00,2024-06-02 09:58:50+00,China,2024-05-06 09:23:44+00,2025-01-02 09:11:42+00
c184ed03-1fa8-5711-a447-0415d80156c0,d6589668-bf03-550c-93d5-57ece0241efc,,42ad692d-b82d-5a13-91a1-a9fd0fcaf73b,,DB Schenker,delivered,2024-05-14 13:54:07+00,2024-05-09 13:54:07+00,2024-05-19 14:22:26+00,USA,2024-05-06 08:51:45+00,2025-01-02 09:17:19+00
f1a05aa9-6fde-50d8-88e0-e532b8d62916,43b32e98-5a29-5473-b8a5-4357668f5f74,,42ad692d-b82d-5a13-91a1-a9fd0fcaf73b,,DHL Freight,delivered,2024-05-19 09:40:21+00,2024-05-08 09:40:21+00,2024-05-18 18:16:39+00,Mexico,2024-05-06 08:13:01+00,2025-01-02 09:07:42+00
c22e46e7-847e-59a5-bdbe-9471d8415edf,afa15ef0-34ab-58ff-ad47-8060502e5f84,,8517ed2a-3738-5e12-a1bc-f0e872fd3d71,,EverGreen Marine,delivered,2024-06-03 11:26:35+00,2024-05-09 11:26:35+00,2024-06-03 05:54:42+00,China,2024-05-06 09:03:08+00,2025-01-02 09:13:33+00
e0ed87f4-b310-514c-abdf-8885f2ce743f,4140807d-c496-53ae-8f87-15c93cde916b,,8517ed2a-3738-5e12-a1bc-f0e872fd3d71,,DB Schenker,delivered,2024-05-25 13:37:55+00,2024-05-06 13:37:55+00,2024-05-25 02:06:52+00,China,2024-05-06 09:15:31+00,2025-01-02 09:27:31+00
9e6fab25-ae05-5f0d-9900-24e73e872e6b,afa15ef0-34ab-58ff-ad47-8060502e5f84,,6400998a-1542-5bd0-baca-290648d04849,,FedEx Logistics,delivered,2024-06-03 13:17:52+00,2024-05-09 13:17:52+00,2024-06-02 14:59:15+00,China,2024-05-06 08:48:14+00,2025-01-02 09:12:27+00
9b733456-95bc-57dd-b5e2-dbfe3f77a4c9,7910ac44-1e40-56bb-9ab8-d9ba56ac335c,,42ad692d-b82d-5a13-91a1-a9fd0fcaf73b,,FedEx Logistics,delivered,2024-05-15 09:37:21+00,2024-05-07 09:37:21+00,2024-05-14 21:05:12+00,USA,2024-05-06 08:30:57+00,2025-01-02 09:20:36+00
f6ea3ce4-e08b-55f9-8b4a-acea6b5b5fe8,7126e422-addd-5f29-b3f2-b752caf2e66c,,6d6d0a34-9f5e-59b5-8834-675b7c7c4f20,,DHL Freight,delivered,2024-06-16 11:19:51+00,2024-05-16 11:19:51+00,2024-06-16 09:25:57+00,China,2024-05-13 09:00:13+00,2025-01-02 09:20:47+00
545d2b61-f28e-5324-a2fb-7f76c50da0c4,f478ae52-7c2a-5617-95bb-5f296860910f,,42ad692d-b82d-5a13-91a1-a9fd0fcaf73b,,DB Schenker,delivered,2024-05-20 15:07:54+00,2024-05-13 15:07:54+00,2024-05-19 16:21:36+00,Mexico,2024-05-13 08:47:39+00,2025-01-02 09:18:24+00
3c3e8182-8c35-5ca3-9f39-6db3e11126b7,d6589668-bf03-550c-93d5-57ece0241efc,,81c0642e-2463-5abd-ae26-b4b567d51419,,DHL Freight,delivered,2024-05-19 13:15:07+00,2024-05-14 13:15:07+00,2024-05-19 09:27:33+00,USA,2024-05-13 08:44:34+00,2025-01-02 09:00:04+00
8d762bbd-9b3a-5c2a-a7bc-f4c14e8142c2,b3288dd6-e3cd-5ec3-a951-39986285505b,,6400998a-1542-5bd0-baca-290648d04849,,EverGreen Marine,delivered,2024-06-05 09:58:38+00,2024-05-15 09:58:38+00,2024-06-04 13:19:29+00,Vietnam,2024-05-13 08:52:42+00,2025-01-02 09:25:31+00
cbb9bb47-f839-57c8-8b00-2fa1acd427db,80102db8-d5d3-5b2c-9e54-5b4fbebca6eb,,6d6d0a34-9f5e-59b5-8834-675b7c7c4f20,,FedEx Logistics,delivered,2024-05-27 16:20:08+00,2024-05-14 16:20:08+00,2024-05-26 23:03:23+00,Mexico,2024-05-13 09:19:49+00,2025-01-02 09:25:21+00
1928d12e-15c3-517b-840a-19de81769d6d,b518e4a1-8b14-5e0f-a7c6-0b6631fe0a5a,,8517ed2a-3738-5e12-a1bc-f0e872fd3d71,,DB Schenker,delivered,2024-06-09 17:13:16+00,2024-05-14 17:13:16+00,2024-06-09 09:45:10+00,China,2024-05-13 09:09:32+00,2025-01-02 09:23:01+00
f0748d0e-0ce2-57ff-846b-059d2cf3505c,224ca423-2c12-5113-bbd1-50eab06cf470,,81c0642e-2463-5abd-ae26-b4b567d51419,,EverGreen Marine,delivered,2024-06-07 15:09:34+00,2024-05-20 15:09:34+00,2024-06-06 10:22:52+00,Vietnam,2024-05-20 08:59:12+00,2025-01-02 09:21:34+00
7b636b61-63c0-5bb0-9271-5c7708ba48a0,80102db8-d5d3-5b2c-9e54-5b4fbebca6eb,,915b9517-c3e0-56bb-9f5b-959c6c507cc4,,DB Schenker,delivered,2024-06-03 15:59:42+00,2024-05-21 15:59:42+00,2024-06-03 13:05:23+00,Mexico,2024-05-20 08:25:59+00,2025-01-02 09:24:38+00
36ff02bf-680f-5905-b5fa-d8b94e4681fc,f478ae52-7c2a-5617-95bb-5f296860910f,,8517ed2a-3738-5e12-a1bc-f0e872fd3d71,,FedEx Logistics,delivered,2024-05-30 16:54:36+00,2024-05-23 16:54:36+00,2024-05-30 12:06:16+00,Mexico,2024-05-20 08:38:39+00,2025-01-02 09:03:16+00
b516ae5c-3c7b-5024-97a8-c5a231fc8449,afa15ef0-34ab-58ff-ad47-8060502e5f84,,22113422-0935-5ebd-b323-7908c0e6bfd5,,DHL Freight,delivered,2024-06-14 11:12:10+00,2024-05-20 11:12:10+00,2024-06-13 21:23:34+00,China,2024-05-20 08:38:13+00,2025-01-02 09:13:52+00
8639c041-d0b2-5faa-9401-9e6d7f91a39f,224ca423-2c12-5113-bbd1-50eab06cf470,,81c0642e-2463-5abd-ae26-b4b567d51419,,EverGreen Marine,delivered,2024-06-07 15:35:05+00,2024-05-20 15:35:05+00,2024-06-06 22:37:12+00,Vietnam,2024-05-20 08:21:45+00,2025-01-02 09:22:52+00
9122fd71-e237-578d-9b5f-3b384b5edb08,80102db8-d5d3-5b2c-9e54-5b4fbebca6eb,,915b9517-c3e0-56bb-9f5b-959c6c507cc4,,FedEx Logistics,delivered,2024-06-05 16:18:12+00,2024-05-23 16:18:12+00,2024-06-04 12:23:03+00,Mexico,2024-05-20 08:46:29+00,2025-01-02 09:14:10+00
70be6fe7-0aa8-5765-9c07-4eba5e04fe54,80102db8-d5d3-5b2c-9e54-5b4fbebca6eb,,42ad692d-b82d-5a13-91a1-a9fd0fcaf73b,,FedEx Logistics,delivered,2024-06-03 15:27:50+00,2024-05-21 15:27:50+00,2024-06-03 15:09:58+00,Mexico,2024-05-20 09:14:54+00,2025-01-02 09:12:13+00
915540d2-2114-5e4e-a8a0-2206f1b34887,b518e4a1-8b14-5e0f-a7c6-0b6631fe0a5a,,8517ed2a-3738-5e12-a1bc-f0e872fd3d71,,DHL Freight,delivered,2024-06-16 15:51:16+00,2024-05-21 15:51:16+00,2024-06-15 15:27:19+00,China,2024-05-20 08:36:49+00,2025-01-02 09:18:37+00
ff69ef1c-8c94-59ae-b4c7-2a74c1778cb3,80102db8-d5d3-5b2c-9e54-5b4fbebca6eb,,42ad692d-b82d-5a13-91a1-a9fd0fcaf73b,,FedEx Logistics,delivered,2024-06-02 10:35:43+00,2024-05-20 10:35:43+00,2024-06-02 03:15:01+00,Mexico,2024-05-20 08:28:32+00,2025-01-02 09:27:51+00
ab8663e2-28b2-5a0a-a8ba-067d7eb00e32,224ca423-2c12-5113-bbd1-50eab06cf470,,a71f4bf4-a78e-5fa3-a8bd-e34ee2c97dcd,,EverGreen Marine,delivered,2024-06-14 16:46:17+00,2024-05-27 16:46:17+00,2024-06-14 09:11:26+00,Vietnam,2024-05-27 08:24:43+00,2025-01-02 09:23:20+00
6e5befe8-7d59-5214-8aa1-ce8934f4895a,09b007da-c3cd-5c90-912c-64f13e0cb7eb,,6400998a-1542-5bd0-baca-290648d04849,,DB Schenker,delivered,2024-06-20 13:35:36+00,2024-05-28 13:35:36+00,2024-06-19 09:51:53+00,China,2024-05-27 08:08:00+00,2025-01-02 09:03:28+00
3fa026a1-ca71-5f10-a175-a293e98cd1c3,f478ae52-7c2a-5617-95bb-5f296860910f,,a71f4bf4-a78e-5fa3-a8bd-e34ee2c97dcd,,FedEx Logistics,delivered,2024-06-03 16:28:41+00,2024-05-27 16:28:41+00,2024-06-03 09:59:07+00,Mexico,2024-05-27 08:48:05+00,2025-01-02 09:28:23+00
75486011-303b-5bab-a5ed-61e5fd28eaa3,43b5c255-48c1-5b61-ab8b-8bc95266bb1f,,a71f4bf4-a78e-5fa3-a8bd-e34ee2c97dcd,,EverGreen Marine,delivered,2024-06-24 18:26:22+00,2024-05-30 18:26:22+00,2024-06-24 15:38:09+00,China,2024-05-27 09:10:53+00,2025-01-02 09:07:40+00
b181423d-a2a2-5a57-b008-2c841be49f4e,d6589668-bf03-550c-93d5-57ece0241efc,,8517ed2a-3738-5e12-a1bc-f0e872fd3d71,,FedEx Logistics,delivered,2024-06-03 14:52:35+00,2024-05-29 14:52:35+00,2024-06-02 10:14:34+00,USA,2024-05-27 08:41:01+00,2025-01-02 09:14:24+00
fa51bcdd-32a2-5d3a-b798-2b78bcc83828,960f8f6e-5384-5c35-bfda-77ba61e7822e,,6d6d0a34-9f5e-59b5-8834-675b7c7c4f20,,Maersk Line,delivered,2024-06-22 17:35:26+00,2024-05-27 17:35:26+00,2024-06-22 12:44:46+00,India,2024-05-27 08:15:35+00,2025-01-02 09:27:15+00
51bf522b-0d52-5ba8-ad33-c2ddaa319c53,b3288dd6-e3cd-5ec3-a951-39986285505b,,6400998a-1542-5bd0-baca-290648d04849,,DHL Freight,delivered,2024-06-18 11:38:19+00,2024-05-28 11:38:19+00,2024-06-17 13:15:55+00,Vietnam,2024-05-27 08:15:44+00,2025-01-02 09:13:54+00
38dcc1ea-77d2-5dd6-9d6f-625e9b1edb5b,b3288dd6-e3cd-5ec3-a951-39986285505b,,42ad692d-b82d-5a13-91a1-a9fd0fcaf73b,,DB Schenker,delivered,2024-06-19 12:02:10+00,2024-05-29 12:02:10+00,2024-06-19 00:36:03+00,Vietnam,2024-05-27 08:47:54+00,2025-01-02 09:23:58+00
b571365f-d566-5752-a866-9f057766b333,1439fed7-3f86-5a06-ae10-6169b01a836b,,22113422-0935-5ebd-b323-7908c0e6bfd5,,DHL Freight,delivered,2024-06-10 16:28:22+00,2024-05-27 16:28:22+00,2024-06-10 13:50:12+00,Germany,2024-05-27 08:58:20+00,2025-01-02 09:05:35+00
59f2fc94-c62b-5ae7-93ee-e26ecc73e505,b518e4a1-8b14-5e0f-a7c6-0b6631fe0a5a,,6d6d0a34-9f5e-59b5-8834-675b7c7c4f20,,FedEx Logistics,delivered,2024-06-22 16:02:48+00,2024-05-27 16:02:48+00,2024-06-22 09:20:12+00,China,2024-05-27 08:43:18+00,2025-01-02 09:05:42+00
3452204d-95c7-5837-a290-e7870d5f99b6,d6589668-bf03-550c-93d5-57ece0241efc,,6400998a-1542-5bd0-baca-290648d04849,,DB Schenker,delivered,2024-06-02 17:38:30+00,2024-05-28 17:38:30+00,2024-06-02 13:04:02+00,USA,2024-05-27 09:06:58+00,2025-01-02 09:25:59+00
cf0a88e6-6c00-58f1-9393-ee673d135dff,d6589668-bf03-550c-93d5-57ece0241efc,,6d6d0a34-9f5e-59b5-8834-675b7c7c4f20,,DB Schenker,delivered,2024-06-10 15:12:18+00,2024-06-05 15:12:18+00,2024-06-10 05:37:12+00,USA,2024-06-03 08:40:21+00,2025-01-02 09:05:13+00
b51ee2b5-ea03-5656-8e96-f00c000005eb,d6589668-bf03-550c-93d5-57ece0241efc,,a71f4bf4-a78e-5fa3-a8bd-e34ee2c97dcd,,DB Schenker,delivered,2024-06-10 10:46:38+00,2024-06-05 10:46:38+00,2024-06-09 06:02:56+00,USA,2024-06-03 09:08:02+00,2025-01-02 09:29:21+00
01ade522-6171-5344-9edd-ce2d7de10561,960f8f6e-5384-5c35-bfda-77ba61e7822e,,22113422-0935-5ebd-b323-7908c0e6bfd5,,DHL Freight,delivered,2024-06-29 16:08:10+00,2024-06-03 16:08:10+00,2024-06-29 14:23:07+00,India,2024-06-03 09:00:13+00,2025-01-02 09:28:33+00
abd19fb4-39f3-5a87-b686-2c1228e85b7a,b3288dd6-e3cd-5ec3-a951-39986285505b,,42ad692d-b82d-5a13-91a1-a9fd0fcaf73b,,DB Schenker,delivered,2024-06-27 18:08:30+00,2024-06-06 18:08:30+00,2024-06-27 00:43:08+00,Vietnam,2024-06-03 08:47:45+00,2025-01-02 09:01:18+00
3bbcb878-848d-5f12-b5b7-21b6293ac6b9,8c61a3ad-eb5d-59bc-9d10-16ddbfa7f8b0,,6d6d0a34-9f5e-59b5-8834-675b7c7c4f20,,DHL Freight,delivered,2024-06-13 16:56:42+00,2024-06-04 16:56:42+00,2024-06-13 05:10:49+00,Germany,2024-06-03 08:35:55+00,2025-01-02 09:18:32+00
afa44858-0ed2-59e2-9cdb-a1d92abf30da,8c61a3ad-eb5d-59bc-9d10-16ddbfa7f8b0,,915b9517-c3e0-56bb-9f5b-959c6c507cc4,,DHL Freight,delivered,2024-06-13 12:47:15+00,2024-06-04 12:47:15+00,2024-06-13 03:26:56+00,Germany,2024-06-03 09:18:59+00,2025-01-02 09:12:50+00
4ad6ea84-bbf0-589f-b8ad-5359a8795d49,b3288dd6-e3cd-5ec3-a951-39986285505b,,a71f4bf4-a78e-5fa3-a8bd-e34ee2c97dcd,,DHL Freight,delivered,2024-06-25 10:08:10+00,2024-06-04 10:08:10+00,2024-06-24 20:46:05+00,Vietnam,2024-06-03 08:42:58+00,2025-01-02 09:29:28+00
1526b23d-8f53-5e9f-8ed2-feb3b19a5f73,afa15ef0-34ab-58ff-ad47-8060502e5f84,,81c0642e-2463-5abd-ae26-b4b567d51419,,DHL Freight,delivered,2024-06-28 11:08:53+00,2024-06-03 11:08:53+00,2024-06-27 12:36:12+00,China,2024-06-03 08:43:48+00,2025-01-02 09:02:08+00
60b28d9e-2982-54a1-a01e-f49d7dbdb806,f478ae52-7c2a-5617-95bb-5f296860910f,,6400998a-1542-5bd0-baca-290648d04849,,DHL Freight,delivered,2024-06-19 16:25:05+00,2024-06-12 16:25:05+00,2024-06-19 09:30:15+00,Mexico,2024-06-10 08:54:20+00,2025-01-02 09:23:22+00
e3e13ae9-543a-5277-aab2-65ccb33a2642,b3288dd6-e3cd-5ec3-a951-39986285505b,,81c0642e-2463-5abd-ae26-b4b567d51419,,Maersk Line,delivered,2024-07-04 17:49:06+00,2024-06-13 17:49:06+00,2024-07-06 17:55:33+00,Vietnam,2024-06-10 08:40:36+00,2025-01-02 09:00:56+00
0d993747-7ab0-57ec-8071-20897081f1fc,d6589668-bf03-550c-93d5-57ece0241efc,,81c0642e-2463-5abd-ae26-b4b567d51419,,FedEx Logistics,delivered,2024-06-18 17:30:36+00,2024-06-13 17:30:36+00,2024-06-17 23:52:58+00,USA,2024-06-10 08:27:17+00,2025-01-02 09:04:45+00
d62cb0c7-2b84-52e6-a4dc-045a740b38eb,f478ae52-7c2a-5617-95bb-5f296860910f,,42ad692d-b82d-5a13-91a1-a9fd0fcaf73b,,DHL Freight,delivered,2024-06-18 18:09:07+00,2024-06-11 18:09:07+00,2024-06-18 10:35:54+00,Mexico,2024-06-10 08:34:33+00,2025-01-02 09:03:25+00
aa5fca6c-f92f-5f2f-8f7a-cdbd70b37425,6e4b4b02-c6c9-56a6-899b-544e87e288d9,,915b9517-c3e0-56bb-9f5b-959c6c507cc4,,EverGreen Marine,delivered,2024-07-13 12:46:25+00,2024-06-10 12:46:25+00,2024-07-13 09:23:23+00,China,2024-06-10 08:45:31+00,2025-01-02 09:08:06+00
41d13553-cdcd-5d2b-9cdc-fe1f5ade8548,224ca423-2c12-5113-bbd1-50eab06cf470,,6400998a-1542-5bd0-baca-290648d04849,,DB Schenker,delivered,2024-07-01 16:25:49+00,2024-06-13 16:25:49+00,2024-07-01 03:28:17+00,Vietnam,2024-06-10 08:53:52+00,2025-01-02 09:29:16+00
15ee0729-b50f-5aa6-90cd-8ce668ee68a8,6bfe9d03-1d68-5349-a2e7-d2c71322d817,,8517ed2a-3738-5e12-a1bc-f0e872fd3d71,,DHL Freight,delivered,2024-07-08 14:08:51+00,2024-06-13 14:08:51+00,2024-07-07 08:44:13+00,USA,2024-06-10 08:48:34+00,2025-01-02 09:00:42+00
5e883185-f208-5540-b634-b7c4b0f0d9bd,d6589668-bf03-550c-93d5-57ece0241efc,,915b9517-c3e0-56bb-9f5b-959c6c507cc4,,DB Schenker,delivered,2024-06-15 15:10:44+00,2024-06-10 15:10:44+00,2024-06-14 16:39:26+00,USA,2024-06-10 08:39:21+00,2025-01-02 09:24:12+00
62f8fd96-b53d-54a9-b295-20c62f421140,224ca423-2c12-5113-bbd1-50eab06cf470,,6d6d0a34-9f5e-59b5-8834-675b7c7c4f20,,DB Schenker,delivered,2024-06-29 14:06:57+00,2024-06-11 14:06:57+00,2024-06-29 04:12:12+00,Vietnam,2024-06-10 08:45:03+00,2025-01-02 09:23:49+00
09e1aef9-e48c-5c60-b642-4c69838c7ed9,afa15ef0-34ab-58ff-ad47-8060502e5f84,,42ad692d-b82d-5a13-91a1-a9fd0fcaf73b,,DB Schenker,delivered,2024-07-08 17:11:13+00,2024-06-13 17:11:13+00,2024-07-07 18:23:29+00,China,2024-06-10 08:54:06+00,2025-01-02 09:12:24+00
50615071-c996-5e6a-9dd8-403aaec25bae,960f8f6e-5384-5c35-bfda-77ba61e7822e,,915b9517-c3e0-56bb-9f5b-959c6c507cc4,,DB Schenker,delivered,2024-07-08 16:51:50+00,2024-06-12 16:51:50+00,2024-07-07 20:06:24+00,India,2024-06-10 09:19:58+00,2025-01-02 09:00:50+00
d4b54d45-9ea9-5b6e-b87d-91fc2ca26185,035f03a2-0aa4-54ab-b965-ffe92a15c554,,8517ed2a-3738-5e12-a1bc-f0e872fd3d71,,FedEx Logistics,delivered,2024-07-05 15:53:14+00,2024-06-19 15:53:14+00,2024-07-07 16:16:08+00,Mexico,2024-06-17 08:12:53+00,2025-01-02 09:29:48+00
7f1302e8-350a-57a6-86fd-1b9d8c443181,6bfe9d03-1d68-5349-a2e7-d2c71322d817,,22113422-0935-5ebd-b323-7908c0e6bfd5,,FedEx Logistics,delivered,2024-07-12 14:36:18+00,2024-06-17 14:36:18+00,2024-07-11 09:51:28+00,USA,2024-06-17 08:59:23+00,2025-01-02 09:19:29+00
27e74995-4fc7-5d8b-8944-2d939f916998,6bfe9d03-1d68-5349-a2e7-d2c71322d817,,6400998a-1542-5bd0-baca-290648d04849,,FedEx Logistics,delivered,2024-07-14 15:14:03+00,2024-06-19 15:14:03+00,2024-07-14 13:25:42+00,USA,2024-06-17 08:56:37+00,2025-01-02 09:13:00+00
a005c70e-9b81-5c28-b5a6-5c5056617437,80102db8-d5d3-5b2c-9e54-5b4fbebca6eb,,22113422-0935-5ebd-b323-7908c0e6bfd5,,DHL Freight,delivered,2024-06-30 12:24:51+00,2024-06-17 12:24:51+00,2024-06-29 09:02:19+00,Mexico,2024-06-17 08:50:12+00,2025-01-02 09:28:20+00
c67362ad-9507-5c22-8d6b-730cfe3eb0b7,afa15ef0-34ab-58ff-ad47-8060502e5f84,,22113422-0935-5ebd-b323-7908c0e6bfd5,,DB Schenker,delivered,2024-07-12 11:55:29+00,2024-06-17 11:55:29+00,2024-07-12 07:18:17+00,China,2024-06-17 08:27:01+00,2025-01-02 09:08:03+00
64b6fa3f-1b05-5886-baa1-940bdcf08c76,224ca423-2c12-5113-bbd1-50eab06cf470,,a71f4bf4-a78e-5fa3-a8bd-e34ee2c97dcd,,DHL Freight,delivered,2024-07-07 09:55:08+00,2024-06-19 09:55:08+00,2024-07-06 18:28:57+00,Vietnam,2024-06-17 08:36:33+00,2025-01-02 09:20:33+00
0ac46665-2b41-5774-9876-2278afbf86b1,035f03a2-0aa4-54ab-b965-ffe92a15c554,,22113422-0935-5ebd-b323-7908c0e6bfd5,,DHL Freight,delivered,2024-07-04 15:08:31+00,2024-06-18 15:08:31+00,2024-07-04 11:35:32+00,Mexico,2024-06-17 09:00:32+00,2025-01-02 09:19:34+00
07c5194e-be91-57c4-b43e-b0a654eafd96,80102db8-d5d3-5b2c-9e54-5b4fbebca6eb,,a71f4bf4-a78e-5fa3-a8bd-e34ee2c97dcd,,DHL Freight,delivered,2024-07-03 13:54:44+00,2024-06-20 13:54:44+00,2024-07-03 06:28:08+00,Mexico,2024-06-17 08:23:40+00,2025-01-02 09:08:52+00
cbcf500e-68ce-58f1-9aff-c352614d610d,d6589668-bf03-550c-93d5-57ece0241efc,,a71f4bf4-a78e-5fa3-a8bd-e34ee2c97dcd,,DHL Freight,delivered,2024-06-22 13:49:28+00,2024-06-17 13:49:28+00,2024-06-21 23:10:53+00,USA,2024-06-17 08:42:00+00,2025-01-02 09:16:33+00
be2046df-8a20-5b95-9a9a-b6d753c361e2,80102db8-d5d3-5b2c-9e54-5b4fbebca6eb,,915b9517-c3e0-56bb-9f5b-959c6c507cc4,,DB Schenker,delivered,2024-07-03 16:46:04+00,2024-06-20 16:46:04+00,2024-07-03 04:25:24+00,Mexico,2024-06-17 08:41:25+00,2025-01-02 09:18:47+00
8ac67f29-0649-5f1c-b1bb-d1d26a721acb,b518e4a1-8b14-5e0f-a7c6-0b6631fe0a5a,,81c0642e-2463-5abd-ae26-b4b567d51419,,FedEx Logistics,delivered,2024-07-16 13:27:18+00,2024-06-20 13:27:18+00,2024-07-15 08:33:49+00,China,2024-06-17 08:09:53+00,2025-01-02 09:06:37+00
b94e4196-eb5b-52d9-a2a9-20fab0a2532a,d21da0bc-d1b2-5971-a037-be72ab2d0b0f,,6400998a-1542-5bd0-baca-290648d04849,,EverGreen Marine,delivered,2024-07-25 13:59:51+00,2024-06-19 13:59:51+00,2024-07-25 08:18:06+00,China,2024-06-17 08:49:21+00,2025-01-02 09:10:03+00
851d8333-12f4-55ad-8cdb-4d59c9396578,c809308b-6bd0-5e7f-8fed-63aa0be429db,,6d6d0a34-9f5e-59b5-8834-675b7c7c4f20,,DHL Freight,delivered,2024-08-07 16:24:15+00,2024-06-24 16:24:15+00,2024-08-07 10:03:28+00,China,2024-06-24 08:40:33+00,2025-01-02 09:18:04+00
ab7882a1-11bb-5d4b-82a0-b92d11402d43,7126e422-addd-5f29-b3f2-b752caf2e66c,,81c0642e-2463-5abd-ae26-b4b567d51419,,DHL Freight,delivered,2024-07-28 17:40:38+00,2024-06-27 17:40:38+00,2024-07-28 16:54:34+00,China,2024-06-24 08:29:53+00,2025-01-02 09:18:40+00
224b6703-8dc4-552d-89a8-1d9830f5cf0f,80102db8-d5d3-5b2c-9e54-5b4fbebca6eb,,a71f4bf4-a78e-5fa3-a8bd-e34ee2c97dcd,,FedEx Logistics,delivered,2024-07-08 15:57:16+00,2024-06-25 15:57:16+00,2024-07-08 16:27:20+00,Mexico,2024-06-24 08:49:45+00,2025-01-02 09:02:27+00
3e66a70f-5f63-5fdd-86ec-eb3bbc3f0e8c,b1482d47-285e-53ab-995d-cc9a8165b52c,,6d6d0a34-9f5e-59b5-8834-675b7c7c4f20,,DB Schenker,delivered,2024-07-17 12:39:02+00,2024-06-27 12:39:02+00,2024-07-16 17:49:18+00,India,2024-06-24 09:17:20+00,2025-01-02 09:23:43+00
65a84bec-3613-56af-8a18-08c76d672a90,f478ae52-7c2a-5617-95bb-5f296860910f,,915b9517-c3e0-56bb-9f5b-959c6c507cc4,,DB Schenker,delivered,2024-07-01 12:32:15+00,2024-06-24 12:32:15+00,2024-06-30 22:13:18+00,Mexico,2024-06-24 09:04:50+00,2025-01-02 09:09:04+00
e22476a5-38d1-5b0f-92f3-4e513a703726,80102db8-d5d3-5b2c-9e54-5b4fbebca6eb,,22113422-0935-5ebd-b323-7908c0e6bfd5,,FedEx Logistics,delivered,2024-07-09 15:02:38+00,2024-06-26 15:02:38+00,2024-07-09 10:29:10+00,Mexico,2024-06-24 08:21:46+00,2025-01-02 09:13:32+00
ce447c15-3e44-50e7-9713-7097b43d4275,d6589668-bf03-550c-93d5-57ece0241efc,,6d6d0a34-9f5e-59b5-8834-675b7c7c4f20,,FedEx Logistics,delivered,2024-07-02 15:56:31+00,2024-06-27 15:56:31+00,2024-07-01 13:31:29+00,USA,2024-06-24 08:32:20+00,2025-01-02 09:00:12+00
d17dbabd-3b2d-5632-a94b-d4dca9238716,b3288dd6-e3cd-5ec3-a951-39986285505b,,8517ed2a-3738-5e12-a1bc-f0e872fd3d71,,DB Schenker,delivered,2024-07-17 10:05:46+00,2024-06-26 10:05:46+00,2024-07-17 02:49:00+00,Vietnam,2024-06-24 08:30:24+00,2025-01-02 09:25:50+00
46a7f424-0c0f-577e-8846-b12095c19393,d6589668-bf03-550c-93d5-57ece0241efc,,a71f4bf4-a78e-5fa3-a8bd-e34ee2c97dcd,,DHL Freight,delivered,2024-07-06 10:51:01+00,2024-07-01 10:51:01+00,2024-07-05 18:06:44+00,USA,2024-07-01 08:46:50+00,2025-01-02 09:22:56+00
2bc41aad-e0eb-5f5b-b946-b606de9c013f,224ca423-2c12-5113-bbd1-50eab06cf470,,915b9517-c3e0-56bb-9f5b-959c6c507cc4,,DB Schenker,delivered,2024-07-22 17:18:40+00,2024-07-04 17:18:40+00,2024-07-21 21:33:48+00,Vietnam,2024-07-01 08:36:17+00,2025-01-02 09:25:42+00
a7749e14-640a-5f71-a788-fb4d8a26e2bf,ea344b5b-a6fa-5c52-a82d-6aca1e325dfd,,8517ed2a-3738-5e12-a1bc-f0e872fd3d71,,DB Schenker,delivered,2024-07-08 11:47:52+00,2024-07-02 11:47:52+00,2024-07-07 08:21:29+00,USA,2024-07-01 08:29:52+00,2025-01-02 09:19:03+00
ff67ba47-1dc1-5c8f-a1cf-7c21bf32c313,9981b718-1ab2-586a-ac86-82ab2f6f445c,,6400998a-1542-5bd0-baca-290648d04849,,DB Schenker,delivered,2024-07-10 18:20:22+00,2024-07-04 18:20:22+00,2024-07-09 17:29:35+00,Mexico,2024-07-01 08:37:34+00,2025-01-02 09:04:57+00
21d4896a-7341-5d5d-897d-c7feeb3ffd85,b3288dd6-e3cd-5ec3-a951-39986285505b,,6400998a-1542-5bd0-baca-290648d04849,,DHL Freight,delivered,2024-07-24 11:30:37+00,2024-07-03 11:30:37+00,2024-07-23 11:33:32+00,Vietnam,2024-07-01 09:13:20+00,2025-01-02 09:08:52+00
ea77ac2d-46fa-51fb-9168-3c73a66f2ff2,d6589668-bf03-550c-93d5-57ece0241efc,,6d6d0a34-9f5e-59b5-8834-675b7c7c4f20,,DB Schenker,delivered,2024-07-08 17:22:16+00,2024-07-03 17:22:16+00,2024-07-07 18:50:36+00,USA,2024-07-01 08:55:55+00,2025-01-02 09:23:45+00
f0554dca-9791-525f-a3f3-256a276dc7e2,960f8f6e-5384-5c35-bfda-77ba61e7822e,,915b9517-c3e0-56bb-9f5b-959c6c507cc4,,Maersk Line,delivered,2024-07-30 12:45:40+00,2024-07-04 12:45:40+00,2024-07-29 07:53:43+00,India,2024-07-01 08:19:03+00,2025-01-02 09:15:09+00
61ef55a2-1ccf-52a3-b63f-014c27d0cf87,7126e422-addd-5f29-b3f2-b752caf2e66c,,81c0642e-2463-5abd-ae26-b4b567d51419,,DB Schenker,delivered,2024-08-04 09:35:49+00,2024-07-04 09:35:49+00,2024-08-03 15:52:41+00,China,2024-07-01 08:32:26+00,2025-01-02 09:10:18+00
3a394389-e137-5811-a201-11d123bf5f0d,3a67adbf-5513-5a16-82f1-1ee2075f84a5,,6400998a-1542-5bd0-baca-290648d04849,,DHL Freight,delivered,2024-07-31 18:07:40+00,2024-07-11 18:07:40+00,2024-07-31 07:20:54+00,China,2024-07-08 08:25:52+00,2025-01-02 09:00:31+00
ebd3c9fe-bb8c-5a52-aef2-6cda0e1af232,bed19e03-5ade-5692-8a4e-81fb3e8f965d,,81c0642e-2463-5abd-ae26-b4b567d51419,,DB Schenker,delivered,2024-08-12 18:50:47+00,2024-07-10 18:50:47+00,2024-08-12 03:31:26+00,India,2024-07-08 09:20:03+00,2025-01-02 09:25:16+00
fcf28ec8-ec39-55d5-849e-f4fadfcce52b,b3288dd6-e3cd-5ec3-a951-39986285505b,,8517ed2a-3738-5e12-a1bc-f0e872fd3d71,,DHL Freight,delivered,2024-08-01 11:28:37+00,2024-07-11 11:28:37+00,2024-07-31 17:50:28+00,Vietnam,2024-07-08 08:58:55+00,2025-01-02 09:15:59+00
169ffce8-204a-5125-b254-e6295c831169,ea344b5b-a6fa-5c52-a82d-6aca1e325dfd,,22113422-0935-5ebd-b323-7908c0e6bfd5,,DHL Freight,delivered,2024-07-15 12:58:04+00,2024-07-09 12:58:04+00,2024-07-14 08:01:50+00,USA,2024-07-08 08:41:13+00,2025-01-02 09:19:20+00
b83c1ada-721a-5cbe-a314-4ddfa7589ac5,afa15ef0-34ab-58ff-ad47-8060502e5f84,,6d6d0a34-9f5e-59b5-8834-675b7c7c4f20,,DB Schenker,delivered,2024-08-04 17:58:45+00,2024-07-10 17:58:45+00,2024-08-03 17:09:25+00,China,2024-07-08 08:57:23+00,2025-01-02 09:23:34+00
0f5d3d3d-83ee-5fc0-a7fe-f6b6d85e61e9,3dffa708-7186-5ce1-9e9c-96972e56f8bf,,22113422-0935-5ebd-b323-7908c0e6bfd5,,FedEx Logistics,delivered,2024-07-29 10:33:05+00,2024-07-10 10:33:05+00,2024-07-28 16:00:22+00,Germany,2024-07-08 09:02:48+00,2025-01-02 09:29:14+00
ab9dbd65-81dd-5808-9d8f-5a712d09758c,3dffa708-7186-5ce1-9e9c-96972e56f8bf,,6400998a-1542-5bd0-baca-290648d04849,,DHL Freight,delivered,2024-07-28 11:45:46+00,2024-07-09 11:45:46+00,2024-07-28 08:16:23+00,Germany,2024-07-08 08:35:42+00,2025-01-02 09:10:19+00
f81010e4-c2e9-5e78-af78-369d8a5d29b7,afa15ef0-34ab-58ff-ad47-8060502e5f84,,a71f4bf4-a78e-5fa3-a8bd-e34ee2c97dcd,,EverGreen Marine,delivered,2024-08-04 10:48:49+00,2024-07-10 10:48:49+00,2024-08-04 11:12:39+00,China,2024-07-08 09:17:52+00,2025-01-02 09:07:05+00
80d00535-d92d-52ec-853b-df897cb31dee,6bfe9d03-1d68-5349-a2e7-d2c71322d817,,6400998a-1542-5bd0-baca-290648d04849,,DB Schenker,delivered,2024-08-05 09:55:31+00,2024-07-11 09:55:31+00,2024-08-04 04:31:03+00,USA,2024-07-08 08:43:01+00,2025-01-02 09:10:36+00
4d67d0c8-f289-5fb4-a85e-23541a6ee240,7126e422-addd-5f29-b3f2-b752caf2e66c,,6d6d0a34-9f5e-59b5-8834-675b7c7c4f20,,FedEx Logistics,delivered,2024-08-09 14:55:23+00,2024-07-09 14:55:23+00,2024-08-09 10:17:47+00,China,2024-07-08 08:54:35+00,2025-01-02 09:10:38+00
22dbbd9f-887e-5166-b68f-4aec5afc463d,960f8f6e-5384-5c35-bfda-77ba61e7822e,,8517ed2a-3738-5e12-a1bc-f0e872fd3d71,,DB Schenker,delivered,2024-08-13 14:02:30+00,2024-07-18 14:02:30+00,2024-08-13 09:23:16+00,India,2024-07-15 08:29:15+00,2025-01-02 09:09:43+00
fdfe42cd-50c2-55c3-ad15-2771e848ca5c,b3288dd6-e3cd-5ec3-a951-39986285505b,,42ad692d-b82d-5a13-91a1-a9fd0fcaf73b,,EverGreen Marine,delivered,2024-08-08 14:40:14+00,2024-07-18 14:40:14+00,2024-08-07 18:19:22+00,Vietnam,2024-07-15 09:15:03+00,2025-01-02 09:27:14+00
d0642a2f-a182-5cb4-a413-0be16028eb73,8c61a3ad-eb5d-59bc-9d10-16ddbfa7f8b0,,6400998a-1542-5bd0-baca-290648d04849,,DB Schenker,delivered,2024-07-25 15:29:45+00,2024-07-16 15:29:45+00,2024-07-25 10:06:09+00,Germany,2024-07-15 08:19:21+00,2025-01-02 09:03:51+00
a92788e4-bdc8-537d-9ca2-05a5a7ba364f,224ca423-2c12-5113-bbd1-50eab06cf470,,81c0642e-2463-5abd-ae26-b4b567d51419,,FedEx Logistics,delivered,2024-08-05 10:21:53+00,2024-07-18 10:21:53+00,2024-08-05 04:42:49+00,Vietnam,2024-07-15 08:11:34+00,2025-01-02 09:22:53+00
503b0e2d-42bf-5bf0-aa17-e116b47f0ce4,d6589668-bf03-550c-93d5-57ece0241efc,,6400998a-1542-5bd0-baca-290648d04849,,FedEx Logistics,delivered,2024-07-21 11:55:38+00,2024-07-16 11:55:38+00,2024-07-20 22:24:57+00,USA,2024-07-15 08:27:41+00,2025-01-02 09:15:56+00
7bb9202e-ef88-5a7b-92ab-c82f179c73d4,6bfe9d03-1d68-5349-a2e7-d2c71322d817,,81c0642e-2463-5abd-ae26-b4b567d51419,,DHL Freight,delivered,2024-08-10 15:56:52+00,2024-07-16 15:56:52+00,2024-08-09 13:05:00+00,USA,2024-07-15 08:47:39+00,2025-01-02 09:28:04+00
b01d8e51-74ea-535d-8f8d-266d634fbb0c,035f03a2-0aa4-54ab-b965-ffe92a15c554,,42ad692d-b82d-5a13-91a1-a9fd0fcaf73b,,FedEx Logistics,delivered,2024-08-01 17:03:29+00,2024-07-16 17:03:29+00,2024-08-01 06:36:34+00,Mexico,2024-07-15 08:26:21+00,2025-01-02 09:12:35+00
d44fa37a-f653-5b0a-9014-9d997707f6af,960f8f6e-5384-5c35-bfda-77ba61e7822e,,42ad692d-b82d-5a13-91a1-a9fd0fcaf73b,,FedEx Logistics,delivered,2024-08-13 11:42:41+00,2024-07-18 11:42:41+00,2024-08-13 00:46:45+00,India,2024-07-15 08:26:36+00,2025-01-02 09:12:51+00
f9491538-24c2-5c94-a6cb-200dc95b280b,afa15ef0-34ab-58ff-ad47-8060502e5f84,,22113422-0935-5ebd-b323-7908c0e6bfd5,,Maersk Line,delivered,2024-08-10 10:55:31+00,2024-07-16 10:55:31+00,2024-08-10 10:00:47+00,China,2024-07-15 08:51:24+00,2025-01-02 09:14:39+00
5257ca6f-a3ad-5b59-83ce-c8b65ad752ac,d6589668-bf03-550c-93d5-57ece0241efc,,81c0642e-2463-5abd-ae26-b4b567d51419,,FedEx Logistics,delivered,2024-07-27 10:49:38+00,2024-07-22 10:49:38+00,2024-07-26 08:06:37+00,USA,2024-07-22 08:29:23+00,2025-01-02 09:28:56+00
eb1db99f-8451-5427-9008-b2bb74146b0e,b3288dd6-e3cd-5ec3-a951-39986285505b,,6400998a-1542-5bd0-baca-290648d04849,,Maersk Line,delivered,2024-08-14 18:20:01+00,2024-07-24 18:20:01+00,2024-08-14 07:22:39+00,Vietnam,2024-07-22 09:03:22+00,2025-01-02 09:13:09+00
66813410-3283-54ab-87a9-183ccaef9d92,9981b718-1ab2-586a-ac86-82ab2f6f445c,,6d6d0a34-9f5e-59b5-8834-675b7c7c4f20,,FedEx Logistics,delivered,2024-07-29 14:47:51+00,2024-07-23 14:47:51+00,2024-07-29 08:32:22+00,Mexico,2024-07-22 08:35:26+00,2025-01-02 09:03:02+00
7202a5d9-758b-5244-8c18-ecbf4d2ec932,d6589668-bf03-550c-93d5-57ece0241efc,,6d6d0a34-9f5e-59b5-8834-675b7c7c4f20,,FedEx Logistics,delivered,2024-07-29 10:38:58+00,2024-07-24 10:38:58+00,2024-07-28 11:39:18+00,USA,2024-07-22 09:01:55+00,2025-01-02 09:28:22+00
31140d47-2f6f-55c2-aad8-e86a12e71a00,bed19e03-5ade-5692-8a4e-81fb3e8f965d,,6400998a-1542-5bd0-baca-290648d04849,,EverGreen Marine,delivered,2024-08-24 17:24:47+00,2024-07-22 17:24:47+00,2024-08-24 13:44:38+00,India,2024-07-22 08:47:03+00,2025-01-02 09:20:29+00
a85a2173-4883-59c1-9177-fd407646c3ff,b3288dd6-e3cd-5ec3-a951-39986285505b,,42ad692d-b82d-5a13-91a1-a9fd0fcaf73b,,EverGreen Marine,delivered,2024-08-12 10:56:28+00,2024-07-22 10:56:28+00,2024-08-11 20:18:06+00,Vietnam,2024-07-22 08:39:10+00,2025-01-02 09:13:35+00
204aacdb-b8d5-512a-bc56-43ab54d6a000,960f8f6e-5384-5c35-bfda-77ba61e7822e,,81c0642e-2463-5abd-ae26-b4b567d51419,,Maersk Line,delivered,2024-08-19 13:04:50+00,2024-07-24 13:04:50+00,2024-08-26 13:29:01+00,India,2024-07-22 09:26:18+00,2025-01-02 09:06:20+00
86362f4d-a42c-56ac-baa5-a97cb482c7c7,80102db8-d5d3-5b2c-9e54-5b4fbebca6eb,,915b9517-c3e0-56bb-9f5b-959c6c507cc4,,DHL Freight,delivered,2024-08-14 14:57:32+00,2024-08-01 14:57:32+00,2024-08-13 22:07:40+00,Mexico,2024-07-29 08:16:24+00,2025-01-02 09:02:59+00
3644f34b-2367-5f1c-a4d1-6723e8eebab9,960f8f6e-5384-5c35-bfda-77ba61e7822e,,a71f4bf4-a78e-5fa3-a8bd-e34ee2c97dcd,,Maersk Line,delivered,2024-08-26 12:04:39+00,2024-07-31 12:04:39+00,2024-08-25 21:17:31+00,India,2024-07-29 08:30:45+00,2025-01-02 09:07:35+00
385201f5-9336-525f-a78a-4c1ae967b198,bed19e03-5ade-5692-8a4e-81fb3e8f965d,,6d6d0a34-9f5e-59b5-8834-675b7c7c4f20,,DHL Freight,delivered,2024-09-03 17:43:42+00,2024-08-01 17:43:42+00,2024-09-02 20:25:07+00,India,2024-07-29 09:02:13+00,2025-01-02 09:05:48+00
c671b845-cb99-5c2b-9ce5-c45abe367d6d,3a67adbf-5513-5a16-82f1-1ee2075f84a5,,22113422-0935-5ebd-b323-7908c0e6bfd5,,EverGreen Marine,delivered,2024-08-19 11:36:43+00,2024-07-30 11:36:43+00,2024-08-18 06:38:59+00,China,2024-07-29 08:21:09+00,2025-01-02 09:08:02+00
8fe096d1-782d-5258-a189-e2c70f100985,6bfe9d03-1d68-5349-a2e7-d2c71322d817,,22113422-0935-5ebd-b323-7908c0e6bfd5,,DB Schenker,delivered,2024-08-25 10:03:41+00,2024-07-31 10:03:41+00,2024-08-24 17:22:49+00,USA,2024-07-29 08:54:23+00,2025-01-02 09:19:55+00
c28a4aeb-f3d4-56fb-9ca1-ee8aec2f290d,b3288dd6-e3cd-5ec3-a951-39986285505b,,8517ed2a-3738-5e12-a1bc-f0e872fd3d71,,EverGreen Marine,delivered,2024-08-22 11:44:58+00,2024-08-01 11:44:58+00,2024-08-21 10:03:25+00,Vietnam,2024-07-29 08:38:23+00,2025-01-02 09:06:09+00
aa56fc9a-0f1e-53e4-8459-decb5c4aeb8b,d6589668-bf03-550c-93d5-57ece0241efc,,915b9517-c3e0-56bb-9f5b-959c6c507cc4,,DHL Freight,delivered,2024-08-05 09:59:37+00,2024-07-31 09:59:37+00,2024-08-04 15:27:54+00,USA,2024-07-29 08:22:57+00,2025-01-02 09:21:10+00
464b534e-2c64-55d4-873f-8a2a54afc31c,960f8f6e-5384-5c35-bfda-77ba61e7822e,,81c0642e-2463-5abd-ae26-b4b567d51419,,DHL Freight,delivered,2024-08-27 16:43:05+00,2024-08-01 16:43:05+00,2024-08-27 08:19:38+00,India,2024-07-29 09:07:01+00,2025-01-02 09:12:44+00
bfa45ce3-c93b-5aa2-b2cd-745dc0195eb5,c809308b-6bd0-5e7f-8fed-63aa0be429db,,8517ed2a-3738-5e12-a1bc-f0e872fd3d71,,DHL Freight,delivered,2024-09-11 15:27:37+00,2024-07-29 15:27:37+00,2024-09-11 15:48:39+00,China,2024-07-29 08:48:59+00,2025-01-02 09:00:20+00
a3da2f95-eb9d-507c-b761-a47d83387099,224ca423-2c12-5113-bbd1-50eab06cf470,,42ad692d-b82d-5a13-91a1-a9fd0fcaf73b,,DHL Freight,delivered,2024-08-19 14:11:37+00,2024-08-01 14:11:37+00,2024-08-18 23:38:03+00,Vietnam,2024-07-29 08:38:47+00,2025-01-02 09:03:54+00
d0e6f4e0-d06c-507e-b837-c277695e3eae,b1482d47-285e-53ab-995d-cc9a8165b52c,,6400998a-1542-5bd0-baca-290648d04849,,DB Schenker,delivered,2024-08-26 14:46:24+00,2024-08-06 14:46:24+00,2024-08-25 18:23:25+00,India,2024-08-05 09:25:22+00,2025-01-02 09:23:03+00
c5c77a79-08ca-5db3-b2cf-566a519de3bf,960f8f6e-5384-5c35-bfda-77ba61e7822e,,42ad692d-b82d-5a13-91a1-a9fd0fcaf73b,,Maersk Line,delivered,2024-09-02 17:26:22+00,2024-08-07 17:26:22+00,2024-09-01 12:33:56+00,India,2024-08-05 08:53:47+00,2025-01-02 09:29:01+00
0f0e97c2-c922-551a-b9aa-8ecb6e5a72d1,b3288dd6-e3cd-5ec3-a951-39986285505b,,81c0642e-2463-5abd-ae26-b4b567d51419,,FedEx Logistics,delivered,2024-08-26 13:06:14+00,2024-08-05 13:06:14+00,2024-08-25 12:47:53+00,Vietnam,2024-08-05 08:38:16+00,2025-01-02 09:20:02+00
5e62fa60-cfd4-553b-9b49-5c5e6bc29d3c,80102db8-d5d3-5b2c-9e54-5b4fbebca6eb,,915b9517-c3e0-56bb-9f5b-959c6c507cc4,,FedEx Logistics,delivered,2024-08-19 16:27:47+00,2024-08-06 16:27:47+00,2024-08-19 11:46:48+00,Mexico,2024-08-05 08:48:36+00,2025-01-02 09:16:29+00
25104a0d-d542-5009-83e5-ebc7efeac606,b518e4a1-8b14-5e0f-a7c6-0b6631fe0a5a,,22113422-0935-5ebd-b323-7908c0e6bfd5,,EverGreen Marine,delivered,2024-08-31 17:17:57+00,2024-08-05 17:17:57+00,2024-08-30 22:24:23+00,China,2024-08-05 08:07:20+00,2025-01-02 09:27:38+00
00b50e1f-baef-5f75-8e23-0d80fef0f777,afa15ef0-34ab-58ff-ad47-8060502e5f84,,6d6d0a34-9f5e-59b5-8834-675b7c7c4f20,,FedEx Logistics,delivered,2024-09-01 12:14:44+00,2024-08-07 12:14:44+00,2024-09-01 00:31:16+00,China,2024-08-05 08:38:34+00,2025-01-02 09:13:07+00
5466074c-8ce4-532d-9db7-41581423d9d7,b3288dd6-e3cd-5ec3-a951-39986285505b,,6400998a-1542-5bd0-baca-290648d04849,,FedEx Logistics,delivered,2024-08-26 10:38:56+00,2024-08-05 10:38:56+00,2024-08-27 10:50:13+00,Vietnam,2024-08-05 09:18:50+00,2025-01-02 09:02:48+00
ac8e67ed-ef7d-5cf2-9bff-86a97bb30fef,b3288dd6-e3cd-5ec3-a951-39986285505b,,81c0642e-2463-5abd-ae26-b4b567d51419,,EverGreen Marine,delivered,2024-08-26 15:13:47+00,2024-08-05 15:13:47+00,2024-08-25 18:48:51+00,Vietnam,2024-08-05 08:40:37+00,2025-01-02 09:01:21+00
f942b033-f79c-5db6-8d92-84a8db41a46f,b518e4a1-8b14-5e0f-a7c6-0b6631fe0a5a,,6400998a-1542-5bd0-baca-290648d04849,,FedEx Logistics,delivered,2024-09-08 14:38:31+00,2024-08-13 14:38:31+00,2024-09-08 06:55:33+00,China,2024-08-12 08:32:43+00,2025-01-02 09:26:04+00
f4e6e695-3563-5829-9270-ebd3f28b78ee,6e4b4b02-c6c9-56a6-899b-544e87e288d9,,81c0642e-2463-5abd-ae26-b4b567d51419,,DHL Freight,delivered,2024-09-14 10:46:54+00,2024-08-12 10:46:54+00,2024-09-13 05:51:40+00,China,2024-08-12 08:25:21+00,2025-01-02 09:06:37+00
45510bbf-f73e-50eb-9a79-0a6ecd7db860,ce3f1829-b358-52a7-bd0e-9eb3d2d95666,,8517ed2a-3738-5e12-a1bc-f0e872fd3d71,,FedEx Logistics,delivered,2024-08-27 16:18:34+00,2024-08-15 16:18:34+00,2024-08-27 08:52:51+00,Germany,2024-08-12 09:15:11+00,2025-01-02 09:04:35+00
303213fb-4542-5cd1-9aca-3c8b398d7f8c,ce3f1829-b358-52a7-bd0e-9eb3d2d95666,,a71f4bf4-a78e-5fa3-a8bd-e34ee2c97dcd,,DB Schenker,delivered,2024-08-26 16:59:28+00,2024-08-14 16:59:28+00,2024-08-26 05:33:02+00,Germany,2024-08-12 08:56:36+00,2025-01-02 09:27:24+00
250c32ca-70c6-5c50-aac1-df34db5a6009,afa15ef0-34ab-58ff-ad47-8060502e5f84,,a71f4bf4-a78e-5fa3-a8bd-e34ee2c97dcd,,DHL Freight,delivered,2024-09-07 13:35:09+00,2024-08-13 13:35:09+00,2024-09-06 23:18:06+00,China,2024-08-12 08:25:16+00,2025-01-02 09:03:29+00
3371ece0-f579-5fc6-96b4-f5fbbaa9715b,960f8f6e-5384-5c35-bfda-77ba61e7822e,,8517ed2a-3738-5e12-a1bc-f0e872fd3d71,,Maersk Line,delivered,2024-09-07 16:14:04+00,2024-08-12 16:14:04+00,2024-09-07 07:49:14+00,India,2024-08-12 08:47:29+00,2025-01-02 09:13:22+00
ff29bdbf-97a7-5a6e-adad-5fd3aa6ac683,b3288dd6-e3cd-5ec3-a951-39986285505b,,6d6d0a34-9f5e-59b5-8834-675b7c7c4f20,,DB Schenker,delivered,2024-09-04 09:52:29+00,2024-08-14 09:52:29+00,2024-09-04 00:07:45+00,Vietnam,2024-08-12 08:22:09+00,2025-01-02 09:11:35+00
951de9eb-3a39-50c2-ad4e-280b8df41c18,c809308b-6bd0-5e7f-8fed-63aa0be429db,,a71f4bf4-a78e-5fa3-a8bd-e34ee2c97dcd,,Maersk Line,delivered,2024-09-27 09:54:25+00,2024-08-14 09:54:25+00,2024-09-27 05:11:40+00,China,2024-08-12 08:46:26+00,2025-01-02 09:29:03+00
27d814aa-a1a9-5cc5-b1b1-702ebd20ac79,ea344b5b-a6fa-5c52-a82d-6aca1e325dfd,,8517ed2a-3738-5e12-a1bc-f0e872fd3d71,,DB Schenker,delivered,2024-08-27 17:33:37+00,2024-08-21 17:33:37+00,2024-08-26 16:15:22+00,USA,2024-08-19 09:18:11+00,2025-01-02 09:27:28+00
38d99bdb-be1d-5d8a-ba7d-9a257461a9b4,d6589668-bf03-550c-93d5-57ece0241efc,,6400998a-1542-5bd0-baca-290648d04849,,FedEx Logistics,delivered,2024-08-26 09:13:13+00,2024-08-21 09:13:13+00,2024-08-26 02:50:30+00,USA,2024-08-19 08:11:34+00,2025-01-02 09:17:08+00
02c5ac14-3a0b-5c4b-91c8-ccb0a7086576,8c61a3ad-eb5d-59bc-9d10-16ddbfa7f8b0,,a71f4bf4-a78e-5fa3-a8bd-e34ee2c97dcd,,DHL Freight,delivered,2024-08-31 09:23:02+00,2024-08-22 09:23:02+00,2024-08-30 16:00:02+00,Germany,2024-08-19 08:16:40+00,2025-01-02 09:24:06+00
7a62a28e-b902-5260-9181-3308e74a7ffe,d6589668-bf03-550c-93d5-57ece0241efc,,6d6d0a34-9f5e-59b5-8834-675b7c7c4f20,,FedEx Logistics,delivered,2024-08-25 18:28:32+00,2024-08-20 18:28:32+00,2024-08-24 14:57:27+00,USA,2024-08-19 08:44:15+00,2025-01-02 09:00:09+00
123a66c6-fc82-55ad-af53-2d536d37a281,afa15ef0-34ab-58ff-ad47-8060502e5f84,,42ad692d-b82d-5a13-91a1-a9fd0fcaf73b,,DB Schenker,delivered,2024-09-16 17:28:43+00,2024-08-22 17:28:43+00,2024-09-15 22:37:52+00,China,2024-08-19 08:23:36+00,2025-01-02 09:18:59+00
e660d0f1-ac58-526d-953b-76b3f3a96941,3dffa708-7186-5ce1-9e9c-96972e56f8bf,,22113422-0935-5ebd-b323-7908c0e6bfd5,,DHL Freight,delivered,2024-09-07 18:17:53+00,2024-08-19 18:17:53+00,2024-09-07 10:35:27+00,Germany,2024-08-19 08:54:17+00,2025-01-02 09:15:41+00
955446d7-eded-521a-b49c-e1da36ffd632,1439fed7-3f86-5a06-ae10-6169b01a836b,,a71f4bf4-a78e-5fa3-a8bd-e34ee2c97dcd,,FedEx Logistics,delivered,2024-09-03 15:06:39+00,2024-08-20 15:06:39+00,2024-09-03 11:35:12+00,Germany,2024-08-19 08:50:12+00,2025-01-02 09:05:07+00
17981d3c-a7e7-5f65-b625-9c7619d9b595,afa15ef0-34ab-58ff-ad47-8060502e5f84,,42ad692d-b82d-5a13-91a1-a9fd0fcaf73b,,FedEx Logistics,delivered,2024-09-13 14:22:18+00,2024-08-19 14:22:18+00,2024-09-18 14:38:13+00,China,2024-08-19 08:04:34+00,2025-01-02 09:12:55+00
c2f1a7dd-fa4b-5609-9da6-23634a76bd86,b3288dd6-e3cd-5ec3-a951-39986285505b,,a71f4bf4-a78e-5fa3-a8bd-e34ee2c97dcd,,EverGreen Marine,delivered,2024-09-11 11:29:32+00,2024-08-21 11:29:32+00,2024-09-10 15:07:04+00,Vietnam,2024-08-19 08:20:38+00,2025-01-02 09:22:49+00
36b9b943-a958-55b4-a647-149e87ccdf31,ce3f1829-b358-52a7-bd0e-9eb3d2d95666,,22113422-0935-5ebd-b323-7908c0e6bfd5,,DB Schenker,delivered,2024-08-31 16:38:33+00,2024-08-19 16:38:33+00,2024-08-30 20:06:07+00,Germany,2024-08-19 08:34:31+00,2025-01-02 09:16:14+00
a0c79769-e9a0-5e27-80bb-f9f1af0f1b58,afa15ef0-34ab-58ff-ad47-8060502e5f84,,81c0642e-2463-5abd-ae26-b4b567d51419,,Maersk Line,delivered,2024-09-21 14:20:12+00,2024-08-27 14:20:12+00,2024-09-20 17:38:10+00,China,2024-08-26 08:46:08+00,2025-01-02 09:23:09+00
b268cd0a-6fa5-534c-afa5-2f540d1478c8,b3288dd6-e3cd-5ec3-a951-39986285505b,,8517ed2a-3738-5e12-a1bc-f0e872fd3d71,,DB Schenker,delivered,2024-09-17 18:26:15+00,2024-08-27 18:26:15+00,2024-09-17 08:50:46+00,Vietnam,2024-08-26 08:49:34+00,2025-01-02 09:01:09+00
93addc54-1284-57b4-9a75-0ab68eedb374,960f8f6e-5384-5c35-bfda-77ba61e7822e,,22113422-0935-5ebd-b323-7908c0e6bfd5,,DHL Freight,delivered,2024-09-23 13:06:55+00,2024-08-28 13:06:55+00,2024-09-23 09:47:24+00,India,2024-08-26 08:51:22+00,2025-01-02 09:29:47+00
7e3c17cf-f9b2-50a0-a6ce-d0ef0db9da7d,224ca423-2c12-5113-bbd1-50eab06cf470,,81c0642e-2463-5abd-ae26-b4b567d51419,,Maersk Line,delivered,2024-09-16 18:02:06+00,2024-08-29 18:02:06+00,2024-09-19 18:41:37+00,Vietnam,2024-08-26 08:42:12+00,2025-01-02 09:23:42+00
80485067-15bf-5fab-bc53-ed0b34eee898,afa15ef0-34ab-58ff-ad47-8060502e5f84,,915b9517-c3e0-56bb-9f5b-959c6c507cc4,,DHL Freight,delivered,2024-09-20 15:52:02+00,2024-08-26 15:52:02+00,2024-09-20 09:10:05+00,China,2024-08-26 09:15:57+00,2025-01-02 09:11:19+00
483b1343-cb9f-5ee4-8560-7fbf934f35cc,80102db8-d5d3-5b2c-9e54-5b4fbebca6eb,,6d6d0a34-9f5e-59b5-8834-675b7c7c4f20,,FedEx Logistics,delivered,2024-09-10 13:44:00+00,2024-08-28 13:44:00+00,2024-09-09 21:28:46+00,Mexico,2024-08-26 09:21:59+00,2025-01-02 09:22:29+00
52412086-1ba7-58bd-95bd-f9095096bd05,80102db8-d5d3-5b2c-9e54-5b4fbebca6eb,,6d6d0a34-9f5e-59b5-8834-675b7c7c4f20,,DB Schenker,delivered,2024-09-09 18:01:00+00,2024-08-27 18:01:00+00,2024-09-09 17:34:17+00,Mexico,2024-08-26 09:17:37+00,2025-01-02 09:02:35+00
2fc69057-25d5-5aac-b9d6-c9d9cfbd3fd8,b1482d47-285e-53ab-995d-cc9a8165b52c,,81c0642e-2463-5abd-ae26-b4b567d51419,,EverGreen Marine,delivered,2024-09-18 17:34:43+00,2024-08-29 17:34:43+00,2024-09-25 18:17:08+00,India,2024-08-26 08:31:08+00,2025-01-02 09:24:53+00
a7b9b494-f9e6-5ad7-942e-818e31fb932e,960f8f6e-5384-5c35-bfda-77ba61e7822e,,81c0642e-2463-5abd-ae26-b4b567d51419,,DB Schenker,delivered,2024-09-21 16:59:06+00,2024-08-26 16:59:06+00,2024-09-21 16:08:49+00,India,2024-08-26 08:33:12+00,2025-01-02 09:03:54+00
7ced93cd-9209-5414-9272-9129e5389a44,afa15ef0-34ab-58ff-ad47-8060502e5f84,,a71f4bf4-a78e-5fa3-a8bd-e34ee2c97dcd,,EverGreen Marine,delivered,2024-09-20 14:38:51+00,2024-08-26 14:38:51+00,2024-09-19 14:52:56+00,China,2024-08-26 08:27:42+00,2025-01-02 09:21:09+00
5b5a1f4f-abf9-5fd2-a23f-862d821e2bf1,1439fed7-3f86-5a06-ae10-6169b01a836b,,a71f4bf4-a78e-5fa3-a8bd-e34ee2c97dcd,,DHL Freight,delivered,2024-09-10 18:22:53+00,2024-08-27 18:22:53+00,2024-09-13 19:06:13+00,Germany,2024-08-26 08:42:11+00,2025-01-02 09:07:39+00
1ee1a0e1-d6ee-5f72-8d23-7bf07c8e5547,7910ac44-1e40-56bb-9ab8-d9ba56ac335c,,81c0642e-2463-5abd-ae26-b4b567d51419,,FedEx Logistics,delivered,2024-09-11 12:28:03+00,2024-09-03 12:28:03+00,2024-09-10 20:42:59+00,USA,2024-09-02 08:46:45+00,2025-01-02 09:28:50+00
8a4c9316-2d75-5597-882c-5933ea2a5625,ea95a540-f662-5975-8a79-88352e65c9c4,,915b9517-c3e0-56bb-9f5b-959c6c507cc4,,DB Schenker,delivered,2024-09-23 12:24:45+00,2024-09-05 12:24:45+00,2024-09-22 07:59:02+00,Germany,2024-09-02 08:54:15+00,2025-01-02 09:17:53+00
1ab9e35b-45a4-58ae-a5b3-3c25650d26b7,6bfe9d03-1d68-5349-a2e7-d2c71322d817,,22113422-0935-5ebd-b323-7908c0e6bfd5,,DB Schenker,delivered,2024-09-29 16:05:36+00,2024-09-04 16:05:36+00,2024-09-28 23:11:27+00,USA,2024-09-02 08:22:00+00,2025-01-02 09:18:16+00
c147afd8-87b3-5eb3-898d-0ca60dd2ccc6,035f03a2-0aa4-54ab-b965-ffe92a15c554,,6400998a-1542-5bd0-baca-290648d04849,,FedEx Logistics,delivered,2024-09-18 10:14:53+00,2024-09-02 10:14:53+00,2024-09-17 15:18:10+00,Mexico,2024-09-02 08:56:04+00,2025-01-02 09:07:18+00
d3b12502-b45e-545b-b0ef-2ae65f50b6b0,3dffa708-7186-5ce1-9e9c-96972e56f8bf,,8517ed2a-3738-5e12-a1bc-f0e872fd3d71,,DHL Freight,delivered,2024-09-23 12:57:06+00,2024-09-04 12:57:06+00,2024-09-22 09:03:27+00,Germany,2024-09-02 09:23:21+00,2025-01-02 09:23:11+00
33a6d65d-b5c1-500e-bc3e-b0dca497e215,80102db8-d5d3-5b2c-9e54-5b4fbebca6eb,,915b9517-c3e0-56bb-9f5b-959c6c507cc4,,DB Schenker,delivered,2024-09-17 17:28:58+00,2024-09-04 17:28:58+00,2024-09-17 09:29:45+00,Mexico,2024-09-02 08:05:27+00,2025-01-02 09:02:06+00
107d2a77-3b47-5d48-a911-87392ec8abe9,224ca423-2c12-5113-bbd1-50eab06cf470,,22113422-0935-5ebd-b323-7908c0e6bfd5,,DHL Freight,delivered,2024-09-23 12:21:09+00,2024-09-05 12:21:09+00,2024-09-22 17:41:53+00,Vietnam,2024-09-02 09:10:46+00,2025-01-02 09:20:34+00
58f3c8ce-122d-5f1c-a288-7f0c5abcacaf,afa15ef0-34ab-58ff-ad47-8060502e5f84,,915b9517-c3e0-56bb-9f5b-959c6c507cc4,,DB Schenker,delivered,2024-09-28 15:05:54+00,2024-09-03 15:05:54+00,2024-10-07 15:18:18+00,China,2024-09-02 08:40:36+00,2025-01-02 09:00:37+00
834b231c-d1fd-507e-bb3e-e078e43032d6,3dffa708-7186-5ce1-9e9c-96972e56f8bf,,81c0642e-2463-5abd-ae26-b4b567d51419,,DHL Freight,delivered,2024-09-24 13:24:02+00,2024-09-05 13:24:02+00,2024-09-23 09:35:25+00,Germany,2024-09-02 09:16:02+00,2025-01-02 09:09:14+00
b00c465c-18ce-5c78-8426-eb9235407c94,960f8f6e-5384-5c35-bfda-77ba61e7822e,,6400998a-1542-5bd0-baca-290648d04849,,DHL Freight,delivered,2024-09-30 11:32:36+00,2024-09-04 11:32:36+00,2024-09-29 17:56:27+00,India,2024-09-02 08:26:03+00,2025-01-02 09:11:39+00
409a10f6-5442-56d4-bc12-43b0bc917b09,f478ae52-7c2a-5617-95bb-5f296860910f,,6d6d0a34-9f5e-59b5-8834-675b7c7c4f20,,DB Schenker,delivered,2024-09-12 12:26:57+00,2024-09-05 12:26:57+00,2024-09-12 12:55:38+00,Mexico,2024-09-02 08:11:45+00,2025-01-02 09:21:23+00
871a53b0-4ca4-5d00-8311-146de04978ba,224ca423-2c12-5113-bbd1-50eab06cf470,,915b9517-c3e0-56bb-9f5b-959c6c507cc4,,DHL Freight,delivered,2024-09-23 17:55:33+00,2024-09-05 17:55:33+00,2024-09-23 13:20:29+00,Vietnam,2024-09-02 08:44:41+00,2025-01-02 09:17:25+00
475e03f4-bb45-526b-9d96-618dca97f3fe,afa15ef0-34ab-58ff-ad47-8060502e5f84,,6400998a-1542-5bd0-baca-290648d04849,,DB Schenker,delivered,2024-09-29 14:42:11+00,2024-09-04 14:42:11+00,2024-10-09 14:56:01+00,China,2024-09-02 08:05:26+00,2025-01-02 09:02:59+00
3d808f98-4ad8-53d4-a4ba-43c4d91eb4db,224ca423-2c12-5113-bbd1-50eab06cf470,,a71f4bf4-a78e-5fa3-a8bd-e34ee2c97dcd,,FedEx Logistics,delivered,2024-09-22 16:29:12+00,2024-09-04 16:29:12+00,2024-09-21 19:57:58+00,Vietnam,2024-09-02 08:52:01+00,2025-01-02 09:13:28+00
3c47c2e1-db9a-56bc-92ad-53e9b8365c6b,960f8f6e-5384-5c35-bfda-77ba61e7822e,,8517ed2a-3738-5e12-a1bc-f0e872fd3d71,,DHL Freight,delivered,2024-09-29 12:19:22+00,2024-09-03 12:19:22+00,2024-10-25 12:36:52+00,India,2024-09-02 09:08:55+00,2025-01-02 09:22:42+00
d214a3fd-d0ee-55ac-b974-6be45ce1566c,80102db8-d5d3-5b2c-9e54-5b4fbebca6eb,,22113422-0935-5ebd-b323-7908c0e6bfd5,,DHL Freight,delivered,2024-09-16 16:22:09+00,2024-09-03 16:22:09+00,2024-09-16 16:46:44+00,Mexico,2024-09-02 08:37:43+00,2025-01-02 09:16:02+00
baada0db-839c-5d2b-bf81-b974078c2247,035f03a2-0aa4-54ab-b965-ffe92a15c554,,22113422-0935-5ebd-b323-7908c0e6bfd5,,FedEx Logistics,delivered,2024-09-18 18:35:58+00,2024-09-02 18:35:58+00,2024-09-18 02:10:28+00,Mexico,2024-09-02 08:51:35+00,2025-01-02 09:28:35+00
9434018d-a534-59d0-8976-027c9a59aa1d,b1482d47-285e-53ab-995d-cc9a8165b52c,,42ad692d-b82d-5a13-91a1-a9fd0fcaf73b,,FedEx Logistics,delivered,2024-09-25 18:19:13+00,2024-09-05 18:19:13+00,2024-10-03 18:21:27+00,India,2024-09-02 09:01:23+00,2025-01-02 09:06:22+00
2e722e2d-d5d0-5003-96bb-b0412b7da7ec,6e4b4b02-c6c9-56a6-899b-544e87e288d9,,81c0642e-2463-5abd-ae26-b4b567d51419,,Maersk Line,delivered,2024-10-05 11:07:18+00,2024-09-02 11:07:18+00,2024-10-05 00:49:33+00,China,2024-09-02 08:56:25+00,2025-01-02 09:20:30+00
c0710672-9094-528c-b9bf-6fec4be96e91,b1482d47-285e-53ab-995d-cc9a8165b52c,,6400998a-1542-5bd0-baca-290648d04849,,DHL Freight,delivered,2024-09-25 14:18:28+00,2024-09-05 14:18:28+00,2024-09-25 09:45:31+00,India,2024-09-02 08:09:35+00,2025-01-02 09:29:21+00
ce18d44a-6e1e-5e3a-8ae1-d6f61300a2fa,09b007da-c3cd-5c90-912c-64f13e0cb7eb,,81c0642e-2463-5abd-ae26-b4b567d51419,,DHL Freight,delivered,2024-10-02 14:07:33+00,2024-09-09 14:07:33+00,2024-10-02 12:23:40+00,China,2024-09-09 08:41:04+00,2025-01-02 09:02:48+00
35367180-4cf6-5670-a9a4-e40be89027a5,035f03a2-0aa4-54ab-b965-ffe92a15c554,,81c0642e-2463-5abd-ae26-b4b567d51419,,DB Schenker,delivered,2024-09-28 11:13:00+00,2024-09-12 11:13:00+00,2024-09-27 07:37:47+00,Mexico,2024-09-09 08:39:53+00,2025-01-02 09:20:30+00
b42f8ea0-ae94-56ac-9a13-951cd06800b5,9981b718-1ab2-586a-ac86-82ab2f6f445c,,8517ed2a-3738-5e12-a1bc-f0e872fd3d71,,DHL Freight,delivered,2024-09-18 16:29:38+00,2024-09-12 16:29:38+00,2024-09-17 22:33:02+00,Mexico,2024-09-09 09:06:36+00,2025-01-02 09:08:17+00
190f2af5-5188-53f9-b706-0495fd493601,43b5c255-48c1-5b61-ab8b-8bc95266bb1f,,a71f4bf4-a78e-5fa3-a8bd-e34ee2c97dcd,,DB Schenker,delivered,2024-10-06 17:23:19+00,2024-09-11 17:23:19+00,2024-10-06 18:01:02+00,China,2024-09-09 08:22:00+00,2025-01-02 09:00:20+00
b6782073-b133-5825-8e30-ab85b5b73869,afa15ef0-34ab-58ff-ad47-8060502e5f84,,a71f4bf4-a78e-5fa3-a8bd-e34ee2c97dcd,,DB Schenker,delivered,2024-10-06 16:19:32+00,2024-09-11 16:19:32+00,2024-10-05 14:02:58+00,China,2024-09-09 08:42:49+00,2025-01-02 09:09:15+00
39411679-08ec-5cd0-92e1-779477264822,d6589668-bf03-550c-93d5-57ece0241efc,,6400998a-1542-5bd0-baca-290648d04849,,DHL Freight,delivered,2024-09-17 16:02:43+00,2024-09-12 16:02:43+00,2024-09-20 16:34:44+00,USA,2024-09-09 08:42:34+00,2025-01-02 09:04:24+00
f7a47b00-f978-50e4-a0af-44a9c59a11b9,b3288dd6-e3cd-5ec3-a951-39986285505b,,8517ed2a-3738-5e12-a1bc-f0e872fd3d71,,FedEx Logistics,delivered,2024-10-02 12:46:52+00,2024-09-11 12:46:52+00,2024-10-02 12:28:31+00,Vietnam,2024-09-09 08:18:42+00,2025-01-02 09:26:36+00
b2475bfa-d024-5a21-b66f-47a4350a4292,224ca423-2c12-5113-bbd1-50eab06cf470,,81c0642e-2463-5abd-ae26-b4b567d51419,,FedEx Logistics,delivered,2024-09-30 13:21:35+00,2024-09-12 13:21:35+00,2024-09-29 12:50:47+00,Vietnam,2024-09-09 08:13:55+00,2025-01-02 09:01:07+00
a5f3dd31-f581-5dc8-b4a7-0f6cf93e7578,80102db8-d5d3-5b2c-9e54-5b4fbebca6eb,,42ad692d-b82d-5a13-91a1-a9fd0fcaf73b,,DHL Freight,delivered,2024-09-22 17:28:27+00,2024-09-09 17:28:27+00,2024-09-22 12:10:09+00,Mexico,2024-09-09 09:15:38+00,2025-01-02 09:02:59+00
d52e3443-94fb-52c1-b636-58a2855bc112,bed19e03-5ade-5692-8a4e-81fb3e8f965d,,6400998a-1542-5bd0-baca-290648d04849,,Maersk Line,delivered,2024-10-12 18:17:33+00,2024-09-09 18:17:33+00,2024-10-12 13:53:44+00,India,2024-09-09 09:15:09+00,2025-01-02 09:19:09+00
3ef26a23-6edf-5c55-b7e2-51c155ff557c,d6589668-bf03-550c-93d5-57ece0241efc,,6400998a-1542-5bd0-baca-290648d04849,,DB Schenker,delivered,2024-09-14 10:10:59+00,2024-09-09 10:10:59+00,2024-09-17 10:42:15+00,USA,2024-09-09 08:48:34+00,2025-01-02 09:12:28+00
1b5ab2c1-9b1f-5654-a0c3-c6b25f51fe34,d6589668-bf03-550c-93d5-57ece0241efc,,8517ed2a-3738-5e12-a1bc-f0e872fd3d71,,FedEx Logistics,delivered,2024-09-14 15:26:07+00,2024-09-09 15:26:07+00,2024-09-14 03:07:38+00,USA,2024-09-09 09:00:41+00,2025-01-02 09:19:59+00
c70041b4-7a03-5f64-8441-d1be7b58fe96,960f8f6e-5384-5c35-bfda-77ba61e7822e,,6400998a-1542-5bd0-baca-290648d04849,,FedEx Logistics,delivered,2024-10-07 11:08:04+00,2024-09-11 11:08:04+00,2024-10-11 11:38:40+00,India,2024-09-09 08:49:57+00,2025-01-02 09:02:05+00
a9412ddf-4888-5826-a849-b197282656fe,224ca423-2c12-5113-bbd1-50eab06cf470,,915b9517-c3e0-56bb-9f5b-959c6c507cc4,,Maersk Line,delivered,2024-09-29 11:59:16+00,2024-09-11 11:59:16+00,2024-09-29 05:29:24+00,Vietnam,2024-09-09 08:43:03+00,2025-01-02 09:26:20+00
02cd7965-3945-5020-988e-90049ecf9ca9,d6589668-bf03-550c-93d5-57ece0241efc,,8517ed2a-3738-5e12-a1bc-f0e872fd3d71,,DHL Freight,delivered,2024-09-14 17:35:53+00,2024-09-09 17:35:53+00,2024-09-14 15:48:44+00,USA,2024-09-09 08:17:57+00,2025-01-02 09:11:56+00
1930bfac-e417-5d19-87cf-1f73c7169983,80102db8-d5d3-5b2c-9e54-5b4fbebca6eb,,22113422-0935-5ebd-b323-7908c0e6bfd5,,DHL Freight,delivered,2024-09-22 16:32:40+00,2024-09-09 16:32:40+00,2024-09-21 22:44:41+00,Mexico,2024-09-09 08:57:44+00,2025-01-02 09:05:27+00
2593e3a6-d27e-5c1b-a86a-e0ac672b8cb1,ea95a540-f662-5975-8a79-88352e65c9c4,,8517ed2a-3738-5e12-a1bc-f0e872fd3d71,,FedEx Logistics,delivered,2024-10-04 11:21:51+00,2024-09-16 11:21:51+00,2024-10-03 22:39:15+00,Germany,2024-09-16 08:54:26+00,2025-01-02 09:16:19+00
e350231a-41a1-5f02-87c0-b4f33c5f076f,ce3f1829-b358-52a7-bd0e-9eb3d2d95666,,a71f4bf4-a78e-5fa3-a8bd-e34ee2c97dcd,,DB Schenker,delivered,2024-09-30 13:03:17+00,2024-09-18 13:03:17+00,2024-09-29 09:13:52+00,Germany,2024-09-16 08:59:20+00,2025-01-02 09:07:45+00
3cb106b7-ab0f-5604-a140-ca25d3fe8a09,f94dbc7c-8aca-554e-ad3f-4e1fa92c88e7,,915b9517-c3e0-56bb-9f5b-959c6c507cc4,,DHL Freight,delivered,2024-09-25 16:52:07+00,2024-09-19 16:52:07+00,2024-09-29 17:25:39+00,USA,2024-09-16 08:14:24+00,2025-01-02 09:03:47+00
d77c4f84-5746-5128-af56-466aea90c1dc,d6589668-bf03-550c-93d5-57ece0241efc,,42ad692d-b82d-5a13-91a1-a9fd0fcaf73b,,DHL Freight,delivered,2024-09-22 15:57:54+00,2024-09-17 15:57:54+00,2024-09-22 02:18:53+00,USA,2024-09-16 08:49:10+00,2025-01-02 09:02:40+00
0da847ee-c168-5ba5-a410-147731e0d76d,b518e4a1-8b14-5e0f-a7c6-0b6631fe0a5a,,8517ed2a-3738-5e12-a1bc-f0e872fd3d71,,Maersk Line,delivered,2024-10-13 15:39:54+00,2024-09-17 15:39:54+00,2024-10-15 16:19:38+00,China,2024-09-16 08:56:11+00,2025-01-02 09:26:06+00
dbd56065-0a08-5899-b205-fd9e024443a6,d6589668-bf03-550c-93d5-57ece0241efc,,6400998a-1542-5bd0-baca-290648d04849,,FedEx Logistics,delivered,2024-09-22 14:37:22+00,2024-09-17 14:37:22+00,2024-09-22 01:42:23+00,USA,2024-09-16 09:14:13+00,2025-01-02 09:18:46+00
5dd07ff3-b469-5761-800a-5f6b625348fa,bda40a80-19c9-5fe0-b729-308b0f59ad25,,915b9517-c3e0-56bb-9f5b-959c6c507cc4,,FedEx Logistics,delivered,2024-10-02 13:22:50+00,2024-09-19 13:22:50+00,2024-10-02 01:04:32+00,Mexico,2024-09-16 08:16:42+00,2025-01-02 09:14:58+00
d4e06d1e-8251-5338-a043-d9dee2d9cacb,035f03a2-0aa4-54ab-b965-ffe92a15c554,,81c0642e-2463-5abd-ae26-b4b567d51419,,FedEx Logistics,delivered,2024-10-04 15:19:56+00,2024-09-18 15:19:56+00,2024-10-03 23:45:44+00,Mexico,2024-09-16 08:58:08+00,2025-01-02 09:29:56+00
2ea6665f-fcd8-5f37-a765-a70d196d3dc6,b3288dd6-e3cd-5ec3-a951-39986285505b,,a71f4bf4-a78e-5fa3-a8bd-e34ee2c97dcd,,EverGreen Marine,delivered,2024-10-10 15:12:13+00,2024-09-19 15:12:13+00,2024-10-09 14:36:55+00,Vietnam,2024-09-16 08:40:57+00,2025-01-02 09:13:26+00
d74ff358-7062-5fb1-a0f7-e2f8b66baf19,9981b718-1ab2-586a-ac86-82ab2f6f445c,,8517ed2a-3738-5e12-a1bc-f0e872fd3d71,,FedEx Logistics,delivered,2024-09-22 12:09:02+00,2024-09-16 12:09:02+00,2024-09-21 08:50:29+00,Mexico,2024-09-16 08:58:15+00,2025-01-02 09:11:59+00
30acf5a6-cee5-58f2-8ca4-cdce6142e030,afa15ef0-34ab-58ff-ad47-8060502e5f84,,81c0642e-2463-5abd-ae26-b4b567d51419,,Maersk Line,delivered,2024-10-13 11:17:56+00,2024-09-18 11:17:56+00,2024-10-13 04:45:10+00,China,2024-09-16 09:14:21+00,2025-01-02 09:29:39+00
f6ea8444-c588-5f4c-b176-2c01723665b6,b518e4a1-8b14-5e0f-a7c6-0b6631fe0a5a,,22113422-0935-5ebd-b323-7908c0e6bfd5,,DHL Freight,delivered,2024-10-13 12:30:01+00,2024-09-17 12:30:01+00,2024-10-12 17:56:09+00,China,2024-09-16 09:20:58+00,2025-01-02 09:14:01+00
b631263f-6d80-5398-bdf4-3fc0a8fa3f3c,960f8f6e-5384-5c35-bfda-77ba61e7822e,,915b9517-c3e0-56bb-9f5b-959c6c507cc4,,DB Schenker,delivered,2024-10-14 13:24:32+00,2024-09-18 13:24:32+00,2024-10-13 21:07:10+00,India,2024-09-16 08:22:55+00,2025-01-02 09:16:46+00
fa27128a-c02a-52ee-a60f-eec9d2017c19,b518e4a1-8b14-5e0f-a7c6-0b6631fe0a5a,,6d6d0a34-9f5e-59b5-8834-675b7c7c4f20,,DB Schenker,delivered,2024-10-15 10:45:48+00,2024-09-19 10:45:48+00,2024-10-14 19:14:44+00,China,2024-09-16 09:10:21+00,2025-01-02 09:06:20+00
cdb7411c-addc-5a83-8e19-af8d4a508eb1,d6589668-bf03-550c-93d5-57ece0241efc,,6400998a-1542-5bd0-baca-290648d04849,,DB Schenker,delivered,2024-09-28 10:55:31+00,2024-09-23 10:55:31+00,2024-09-28 00:32:02+00,USA,2024-09-23 09:17:18+00,2025-01-02 09:06:20+00
9fa47101-c4c0-55c7-b86c-3aaf211a675b,8c61a3ad-eb5d-59bc-9d10-16ddbfa7f8b0,,42ad692d-b82d-5a13-91a1-a9fd0fcaf73b,,FedEx Logistics,delivered,2024-10-05 14:35:33+00,2024-09-26 14:35:33+00,2024-10-05 13:08:15+00,Germany,2024-09-23 09:08:38+00,2025-01-02 09:09:22+00
1bc6a3d3-3e2e-5b28-afa5-7f0c12cf0374,7126e422-addd-5f29-b3f2-b752caf2e66c,,81c0642e-2463-5abd-ae26-b4b567d51419,,EverGreen Marine,delivered,2024-10-26 13:42:54+00,2024-09-25 13:42:54+00,2024-10-25 18:14:38+00,China,2024-09-23 08:35:52+00,2025-01-02 09:03:40+00
f5c9ffc9-0930-5e39-9332-e37f8f5a3cfc,afa15ef0-34ab-58ff-ad47-8060502e5f84,,22113422-0935-5ebd-b323-7908c0e6bfd5,,EverGreen Marine,delivered,2024-10-19 18:00:02+00,2024-09-24 18:00:02+00,2024-10-18 17:40:15+00,China,2024-09-23 08:59:25+00,2025-01-02 09:05:20+00
489dc309-1fce-5c3c-919b-c3f30bf70195,3dffa708-7186-5ce1-9e9c-96972e56f8bf,,22113422-0935-5ebd-b323-7908c0e6bfd5,,DHL Freight,delivered,2024-10-13 11:17:30+00,2024-09-24 11:17:30+00,2024-10-13 02:18:29+00,Germany,2024-09-23 08:55:56+00,2025-01-02 09:17:25+00
e7e12583-28b9-51b1-ad64-4ab3ad16ff32,ce3f1829-b358-52a7-bd0e-9eb3d2d95666,,6d6d0a34-9f5e-59b5-8834-675b7c7c4f20,,FedEx Logistics,delivered,2024-10-07 12:37:46+00,2024-09-25 12:37:46+00,2024-10-06 23:44:07+00,Germany,2024-09-23 09:06:13+00,2025-01-02 09:13:17+00
cb5312f1-559a-5287-b2b9-82dc7f43b768,224ca423-2c12-5113-bbd1-50eab06cf470,,8517ed2a-3738-5e12-a1bc-f0e872fd3d71,,EverGreen Marine,delivered,2024-10-13 16:14:49+00,2024-09-25 16:14:49+00,2024-10-13 12:16:10+00,Vietnam,2024-09-23 08:32:48+00,2025-01-02 09:11:26+00
d3f2d676-c3c2-54a7-93de-23f87c7b48d4,b518e4a1-8b14-5e0f-a7c6-0b6631fe0a5a,,42ad692d-b82d-5a13-91a1-a9fd0fcaf73b,,EverGreen Marine,delivered,2024-10-22 15:09:56+00,2024-09-26 15:09:56+00,2024-10-30 15:34:38+00,China,2024-09-23 09:00:21+00,2025-01-02 09:24:50+00
d49cdd57-47d1-5977-a35b-c352886678c8,3dffa708-7186-5ce1-9e9c-96972e56f8bf,,915b9517-c3e0-56bb-9f5b-959c6c507cc4,,FedEx Logistics,delivered,2024-10-12 11:31:28+00,2024-09-23 11:31:28+00,2024-10-11 12:06:29+00,Germany,2024-09-23 08:50:23+00,2025-01-02 09:00:48+00
2ddbb324-b4a8-5528-a9e7-1fa7101831ba,d6589668-bf03-550c-93d5-57ece0241efc,,6d6d0a34-9f5e-59b5-8834-675b7c7c4f20,,DB Schenker,delivered,2024-09-30 11:07:06+00,2024-09-25 11:07:06+00,2024-09-30 03:10:03+00,USA,2024-09-23 08:50:24+00,2025-01-02 09:23:52+00
1dfb36f9-3df9-5fcd-8b54-f8552caa5d43,b3288dd6-e3cd-5ec3-a951-39986285505b,,915b9517-c3e0-56bb-9f5b-959c6c507cc4,,EverGreen Marine,delivered,2024-10-15 14:07:06+00,2024-09-24 14:07:06+00,2024-10-21 14:43:55+00,Vietnam,2024-09-23 08:52:56+00,2025-01-02 09:08:28+00
1caa97f2-221b-5666-a1cb-5a70a7479ebc,b518e4a1-8b14-5e0f-a7c6-0b6631fe0a5a,,42ad692d-b82d-5a13-91a1-a9fd0fcaf73b,,FedEx Logistics,delivered,2024-10-21 16:17:44+00,2024-09-25 16:17:44+00,2024-10-20 12:32:00+00,China,2024-09-23 08:34:02+00,2025-01-02 09:28:53+00
88f9fe84-133b-5976-8bf9-667212df8372,43b32e98-5a29-5473-b8a5-4357668f5f74,,6d6d0a34-9f5e-59b5-8834-675b7c7c4f20,,DHL Freight,delivered,2024-10-06 11:45:16+00,2024-09-25 11:45:16+00,2024-10-05 11:25:13+00,Mexico,2024-09-23 08:42:10+00,2025-01-02 09:17:37+00
b6b9f3ab-092e-55a5-8b88-9b8967b17d08,afa15ef0-34ab-58ff-ad47-8060502e5f84,,6d6d0a34-9f5e-59b5-8834-675b7c7c4f20,,DHL Freight,delivered,2024-10-18 17:17:21+00,2024-09-23 17:17:21+00,2024-10-17 23:50:22+00,China,2024-09-23 09:01:17+00,2025-01-02 09:10:39+00
fed2cadf-73b8-5744-8c98-85f24bc50422,6e4b4b02-c6c9-56a6-899b-544e87e288d9,,6400998a-1542-5bd0-baca-290648d04849,,EverGreen Marine,delivered,2024-10-29 16:54:06+00,2024-09-26 16:54:06+00,2024-10-28 14:14:37+00,China,2024-09-23 08:44:32+00,2025-01-02 09:04:15+00
1b946a41-8a74-574b-845d-f1ab8d495de6,960f8f6e-5384-5c35-bfda-77ba61e7822e,,22113422-0935-5ebd-b323-7908c0e6bfd5,,FedEx Logistics,delivered,2024-10-20 11:27:03+00,2024-09-24 11:27:03+00,2024-10-22 12:01:26+00,India,2024-09-23 09:09:36+00,2025-01-02 09:01:51+00
7a57c95b-a875-5bdb-b6e3-80446960d860,f478ae52-7c2a-5617-95bb-5f296860910f,,81c0642e-2463-5abd-ae26-b4b567d51419,,FedEx Logistics,delivered,2024-10-07 10:40:02+00,2024-09-30 10:40:02+00,2024-10-06 13:22:16+00,Mexico,2024-09-30 09:00:14+00,2025-01-02 09:03:16+00
0c05368a-309f-54fb-b23d-277b78e3bd78,7126e422-addd-5f29-b3f2-b752caf2e66c,,a71f4bf4-a78e-5fa3-a8bd-e34ee2c97dcd,,FedEx Logistics,delivered,2024-10-31 16:16:16+00,2024-09-30 16:16:16+00,2024-10-31 06:21:46+00,China,2024-09-30 09:01:53+00,2025-01-02 09:23:05+00
78885443-699f-5880-8e7a-c7ce89eeae13,d6589668-bf03-550c-93d5-57ece0241efc,,a71f4bf4-a78e-5fa3-a8bd-e34ee2c97dcd,,DHL Freight,delivered,2024-10-08 13:04:42+00,2024-10-03 13:04:42+00,2024-10-07 11:25:55+00,USA,2024-09-30 08:40:49+00,2025-01-02 09:19:21+00
b29f648b-1856-5ac4-ae99-72451bd6ed7d,b3288dd6-e3cd-5ec3-a951-39986285505b,,a71f4bf4-a78e-5fa3-a8bd-e34ee2c97dcd,,FedEx Logistics,delivered,2024-10-21 13:20:12+00,2024-09-30 13:20:12+00,2024-10-21 03:04:19+00,Vietnam,2024-09-30 08:19:03+00,2025-01-02 09:12:04+00
d3cb4ee8-e6fb-5573-90f1-b99da30c9be9,f0aa8198-c2d3-59dc-b748-7bbb43f72614,,42ad692d-b82d-5a13-91a1-a9fd0fcaf73b,,FedEx Logistics,delivered,2024-10-11 09:46:59+00,2024-10-03 09:46:59+00,2024-10-19 10:10:58+00,Germany,2024-09-30 08:33:49+00,2025-01-02 09:27:28+00
5f37f582-b298-5323-b910-56638da2f694,d6589668-bf03-550c-93d5-57ece0241efc,,6d6d0a34-9f5e-59b5-8834-675b7c7c4f20,,DHL Freight,delivered,2024-10-06 14:56:34+00,2024-10-01 14:56:34+00,2024-10-05 18:34:49+00,USA,2024-09-30 08:21:00+00,2025-01-02 09:19:49+00
15f64395-60ac-5e21-aa56-6205b5cdbd04,afa15ef0-34ab-58ff-ad47-8060502e5f84,,8517ed2a-3738-5e12-a1bc-f0e872fd3d71,,DB Schenker,delivered,2024-10-27 14:09:13+00,2024-10-02 14:09:13+00,2024-10-26 16:21:38+00,China,2024-09-30 08:37:18+00,2025-01-02 09:20:37+00
7480bfad-7661-50c4-8d22-30e18dca706f,afa15ef0-34ab-58ff-ad47-8060502e5f84,,915b9517-c3e0-56bb-9f5b-959c6c507cc4,,DB Schenker,delivered,2024-10-27 11:08:06+00,2024-10-02 11:08:06+00,2024-10-27 04:16:13+00,China,2024-09-30 08:52:41+00,2025-01-02 09:21:26+00
01008c32-d750-52e6-9a74-b3bac8af1de4,b3288dd6-e3cd-5ec3-a951-39986285505b,,22113422-0935-5ebd-b323-7908c0e6bfd5,,DHL Freight,delivered,2024-10-24 11:08:04+00,2024-10-03 11:08:04+00,2024-10-30 11:15:31+00,Vietnam,2024-09-30 08:50:11+00,2025-01-02 09:24:17+00
1bea43b3-cb05-5233-8424-2c04cab9dd83,960f8f6e-5384-5c35-bfda-77ba61e7822e,,6d6d0a34-9f5e-59b5-8834-675b7c7c4f20,,DB Schenker,delivered,2024-10-26 12:38:18+00,2024-09-30 12:38:18+00,2024-10-25 16:54:21+00,India,2024-09-30 08:58:55+00,2025-01-02 09:06:22+00
af371e04-4524-57f3-b6bd-ebf415be7fb3,960f8f6e-5384-5c35-bfda-77ba61e7822e,,915b9517-c3e0-56bb-9f5b-959c6c507cc4,,DHL Freight,delivered,2024-10-28 10:28:25+00,2024-10-02 10:28:25+00,2024-11-01 11:07:04+00,India,2024-09-30 08:52:30+00,2025-01-02 09:05:26+00
2dd78c87-e8f5-5841-8e9d-688bb445f385,d6589668-bf03-550c-93d5-57ece0241efc,,915b9517-c3e0-56bb-9f5b-959c6c507cc4,,DHL Freight,delivered,2024-10-08 14:45:51+00,2024-10-03 14:45:51+00,2024-10-08 01:48:50+00,USA,2024-09-30 08:17:12+00,2025-01-02 09:06:11+00
d3ed8682-47c0-5c58-800f-fda028ef323a,b518e4a1-8b14-5e0f-a7c6-0b6631fe0a5a,,8517ed2a-3738-5e12-a1bc-f0e872fd3d71,,EverGreen Marine,delivered,2024-10-27 10:40:43+00,2024-10-01 10:40:43+00,2024-11-08 11:09:40+00,China,2024-09-30 09:27:43+00,2025-01-02 09:09:01+00
90153bdc-e9ef-5c0c-a364-b96ae8dea6ee,960f8f6e-5384-5c35-bfda-77ba61e7822e,,a71f4bf4-a78e-5fa3-a8bd-e34ee2c97dcd,,DB Schenker,delivered,2024-11-03 14:21:46+00,2024-10-08 14:21:46+00,2024-11-02 18:56:58+00,India,2024-10-07 08:54:28+00,2025-01-02 09:19:58+00
e7f98624-7ad6-50ed-a919-56794b5e94c8,b3288dd6-e3cd-5ec3-a951-39986285505b,,81c0642e-2463-5abd-ae26-b4b567d51419,,EverGreen Marine,delivered,2024-10-28 12:59:00+00,2024-10-07 12:59:00+00,2024-10-27 08:33:40+00,Vietnam,2024-10-07 09:27:19+00,2025-01-02 09:06:04+00
8ebbd27e-d5fc-5921-a09e-19ace58c76e5,c27afee2-997d-5290-a74e-2530422664f5,,6d6d0a34-9f5e-59b5-8834-675b7c7c4f20,,Maersk Line,delivered,2024-11-13 10:13:17+00,2024-10-10 10:13:17+00,2024-11-12 19:32:45+00,China,2024-10-07 09:07:48+00,2025-01-02 09:23:34+00
e28fe0ed-9887-5240-a1fd-0676697db8a8,1439fed7-3f86-5a06-ae10-6169b01a836b,,915b9517-c3e0-56bb-9f5b-959c6c507cc4,,FedEx Logistics,delivered,2024-10-24 12:34:18+00,2024-10-10 12:34:18+00,2024-10-23 21:54:01+00,Germany,2024-10-07 09:14:42+00,2025-01-02 09:29:52+00
460d8e43-f616-5950-b464-6028492ee19b,b3288dd6-e3cd-5ec3-a951-39986285505b,,8517ed2a-3738-5e12-a1bc-f0e872fd3d71,,FedEx Logistics,delivered,2024-10-30 16:49:41+00,2024-10-09 16:49:41+00,2024-10-29 18:18:46+00,Vietnam,2024-10-07 09:12:47+00,2025-01-02 09:09:15+00
5ecfe8bc-c33d-5b82-a184-598b4242f381,3dffa708-7186-5ce1-9e9c-96972e56f8bf,,8517ed2a-3738-5e12-a1bc-f0e872fd3d71,,DB Schenker,delivered,2024-10-28 14:49:09+00,2024-10-09 14:49:09+00,2024-11-05 15:10:24+00,Germany,2024-10-07 09:18:05+00,2025-01-02 09:08:41+00
2d41cd85-1ac1-55ca-87b3-aeffb3228321,6bfe9d03-1d68-5349-a2e7-d2c71322d817,,6400998a-1542-5bd0-baca-290648d04849,,DHL Freight,delivered,2024-11-01 17:35:26+00,2024-10-07 17:35:26+00,2024-11-01 16:10:55+00,USA,2024-10-07 09:03:54+00,2025-01-02 09:27:01+00
4349e121-a6d6-517f-bb69-d9eb3eea59b4,d6589668-bf03-550c-93d5-57ece0241efc,,6d6d0a34-9f5e-59b5-8834-675b7c7c4f20,,DB Schenker,delivered,2024-10-15 16:10:09+00,2024-10-10 16:10:09+00,2024-10-15 10:44:40+00,USA,2024-10-07 08:34:53+00,2025-01-02 09:29:15+00
6f89ac50-70cb-5227-b7af-8ba190532bf1,afa15ef0-34ab-58ff-ad47-8060502e5f84,,6d6d0a34-9f5e-59b5-8834-675b7c7c4f20,,DHL Freight,delivered,2024-11-02 12:50:30+00,2024-10-08 12:50:30+00,2024-11-01 15:25:44+00,China,2024-10-07 08:38:28+00,2025-01-02 09:08:59+00
7d5cd7ee-5b59-513b-90de-f1a65ce15313,43b5c255-48c1-5b61-ab8b-8bc95266bb1f,,81c0642e-2463-5abd-ae26-b4b567d51419,,FedEx Logistics,delivered,2024-11-02 12:19:40+00,2024-10-08 12:19:40+00,2024-11-01 16:21:56+00,China,2024-10-07 08:12:52+00,2025-01-02 09:00:56+00
58c2114f-3bca-56e0-9285-f465403d8019,3a67adbf-5513-5a16-82f1-1ee2075f84a5,,81c0642e-2463-5abd-ae26-b4b567d51419,,DB Schenker,delivered,2024-11-05 18:38:20+00,2024-10-16 18:38:20+00,2024-11-05 17:41:19+00,China,2024-10-14 09:11:45+00,2025-01-02 09:24:28+00
580e4cf9-be35-581d-8502-c5d2e965738a,035f03a2-0aa4-54ab-b965-ffe92a15c554,,8517ed2a-3738-5e12-a1bc-f0e872fd3d71,,DB Schenker,delivered,2024-11-02 15:40:05+00,2024-10-17 15:40:05+00,2024-11-02 06:40:46+00,Mexico,2024-10-14 08:40:02+00,2025-01-02 09:25:20+00
8fa65247-0a40-54cf-8c5b-d109608f4042,ea95a540-f662-5975-8a79-88352e65c9c4,,8517ed2a-3738-5e12-a1bc-f0e872fd3d71,,FedEx Logistics,delivered,2024-11-01 16:10:50+00,2024-10-14 16:10:50+00,2024-11-01 04:51:09+00,Germany,2024-10-14 08:48:47+00,2025-01-02 09:13:39+00
82490ee6-9bf1-5d44-ab13-58fc2d9009b4,960f8f6e-5384-5c35-bfda-77ba61e7822e,,915b9517-c3e0-56bb-9f5b-959c6c507cc4,,DB Schenker,delivered,2024-11-09 13:38:35+00,2024-10-14 13:38:35+00,2024-11-08 11:49:05+00,India,2024-10-14 08:28:33+00,2025-01-02 09:14:44+00
62c344bd-8ea5-52f9-b090-6f26e1cc807e,6bfe9d03-1d68-5349-a2e7-d2c71322d817,,6400998a-1542-5bd0-baca-290648d04849,,DHL Freight,delivered,2024-11-09 11:38:09+00,2024-10-15 11:38:09+00,2024-11-08 16:49:50+00,USA,2024-10-14 08:07:36+00,2025-01-02 09:02:55+00
e55a5bcc-2e4d-5058-b63c-62c4f11eb18b,960f8f6e-5384-5c35-bfda-77ba61e7822e,,8517ed2a-3738-5e12-a1bc-f0e872fd3d71,,DB Schenker,delivered,2024-11-12 17:24:05+00,2024-10-17 17:24:05+00,2024-11-12 11:49:44+00,India,2024-10-14 08:44:30+00,2025-01-02 09:29:05+00
9b269607-acf1-5c82-ae38-8e11dac9e867,6bfe9d03-1d68-5349-a2e7-d2c71322d817,,22113422-0935-5ebd-b323-7908c0e6bfd5,,DHL Freight,delivered,2024-11-10 16:13:30+00,2024-10-16 16:13:30+00,2024-11-10 11:42:16+00,USA,2024-10-14 08:41:26+00,2025-01-02 09:11:47+00
d9267489-11c3-58ad-9784-3f511e137223,afa15ef0-34ab-58ff-ad47-8060502e5f84,,6d6d0a34-9f5e-59b5-8834-675b7c7c4f20,,DB Schenker,delivered,2024-11-10 14:49:41+00,2024-10-16 14:49:41+00,2024-11-10 15:25:20+00,China,2024-10-14 08:23:13+00,2025-01-02 09:19:34+00
0d4834cd-9172-55ce-888d-65c93bb2e0a0,960f8f6e-5384-5c35-bfda-77ba61e7822e,,81c0642e-2463-5abd-ae26-b4b567d51419,,EverGreen Marine,delivered,2024-11-10 13:54:04+00,2024-10-15 13:54:04+00,2024-11-10 06:01:46+00,India,2024-10-14 09:10:12+00,2025-01-02 09:21:29+00
d0863612-704f-58bf-953f-5e4fd57a2b61,d6589668-bf03-550c-93d5-57ece0241efc,,22113422-0935-5ebd-b323-7908c0e6bfd5,,FedEx Logistics,delivered,2024-10-19 13:41:13+00,2024-10-14 13:41:13+00,2024-10-19 03:20:09+00,USA,2024-10-14 08:18:00+00,2025-01-02 09:06:02+00
f9b6ee02-3b3a-55ef-b755-b0aded179443,960f8f6e-5384-5c35-bfda-77ba61e7822e,,8517ed2a-3738-5e12-a1bc-f0e872fd3d71,,DB Schenker,delivered,2024-11-09 17:58:47+00,2024-10-14 17:58:47+00,2024-11-09 09:33:07+00,India,2024-10-14 08:29:03+00,2025-01-02 09:23:40+00
b3712e8d-140e-56ad-8c5f-31023b6a9bc4,960f8f6e-5384-5c35-bfda-77ba61e7822e,,81c0642e-2463-5abd-ae26-b4b567d51419,,Maersk Line,delivered,2024-11-10 15:44:46+00,2024-10-15 15:44:46+00,2024-11-10 04:47:35+00,India,2024-10-14 09:00:39+00,2025-01-02 09:04:22+00
1b519c9d-2cf1-5290-bd17-5f68257e1324,d6589668-bf03-550c-93d5-57ece0241efc,,22113422-0935-5ebd-b323-7908c0e6bfd5,,DB Schenker,delivered,2024-10-21 11:37:00+00,2024-10-16 11:37:00+00,2024-10-20 15:55:02+00,USA,2024-10-14 08:11:49+00,2025-01-02 09:04:34+00
edbeeb2a-6005-5ad5-9819-4a03f17638d9,d6589668-bf03-550c-93d5-57ece0241efc,,22113422-0935-5ebd-b323-7908c0e6bfd5,,DB Schenker,delivered,2024-10-19 17:29:06+00,2024-10-14 17:29:06+00,2024-10-19 04:04:53+00,USA,2024-10-14 08:44:07+00,2025-01-02 09:01:47+00
28e62b69-6d4e-5bc0-8eda-25562179ba73,960f8f6e-5384-5c35-bfda-77ba61e7822e,,8517ed2a-3738-5e12-a1bc-f0e872fd3d71,,FedEx Logistics,delivered,2024-11-11 12:11:52+00,2024-10-16 12:11:52+00,2024-11-12 12:26:40+00,India,2024-10-14 08:06:45+00,2025-01-02 09:29:53+00
06ce9e3b-b972-5c71-ab3b-a55906795f6d,b518e4a1-8b14-5e0f-a7c6-0b6631fe0a5a,,42ad692d-b82d-5a13-91a1-a9fd0fcaf73b,,FedEx Logistics,delivered,2024-11-09 16:01:21+00,2024-10-14 16:01:21+00,2024-11-09 05:45:33+00,China,2024-10-14 08:30:59+00,2025-01-02 09:20:10+00
e78d9d04-19c2-5cc7-899f-a26f3481d819,7126e422-addd-5f29-b3f2-b752caf2e66c,,42ad692d-b82d-5a13-91a1-a9fd0fcaf73b,,DHL Freight,delivered,2024-11-17 10:27:17+00,2024-10-17 10:27:17+00,2024-11-17 07:35:18+00,China,2024-10-14 08:20:09+00,2025-01-02 09:16:44+00
05bc0308-58ce-56df-b7c7-5091316209d8,7126e422-addd-5f29-b3f2-b752caf2e66c,,6d6d0a34-9f5e-59b5-8834-675b7c7c4f20,,FedEx Logistics,delivered,2024-11-17 10:28:51+00,2024-10-17 10:28:51+00,2024-11-16 20:38:45+00,China,2024-10-14 08:16:06+00,2025-01-02 09:28:13+00
4b7a8992-99f0-57f0-a8c6-d8e16484c6d1,7126e422-addd-5f29-b3f2-b752caf2e66c,,915b9517-c3e0-56bb-9f5b-959c6c507cc4,,DB Schenker,delivered,2024-11-15 11:59:19+00,2024-10-15 11:59:19+00,2024-11-14 06:17:40+00,China,2024-10-14 09:19:00+00,2025-01-02 09:13:08+00
0e5cbb99-92b2-5e40-be5b-dea811f081b6,035f03a2-0aa4-54ab-b965-ffe92a15c554,,42ad692d-b82d-5a13-91a1-a9fd0fcaf73b,,DB Schenker,delivered,2024-11-02 11:33:56+00,2024-10-17 11:33:56+00,2024-11-25 11:46:32+00,Mexico,2024-10-14 08:53:51+00,2025-01-02 09:23:55+00
cbd7cef9-7e4f-511c-b283-0bfe35ccf618,b3288dd6-e3cd-5ec3-a951-39986285505b,,a71f4bf4-a78e-5fa3-a8bd-e34ee2c97dcd,,EverGreen Marine,delivered,2024-11-07 14:14:39+00,2024-10-17 14:14:39+00,2024-11-07 07:51:00+00,Vietnam,2024-10-14 08:30:39+00,2025-01-02 09:23:02+00
c003125d-75f6-5861-88ac-41167131da7f,960f8f6e-5384-5c35-bfda-77ba61e7822e,,81c0642e-2463-5abd-ae26-b4b567d51419,,Maersk Line,delivered,2024-11-09 14:47:54+00,2024-10-14 14:47:54+00,2024-11-09 10:26:30+00,India,2024-10-14 08:43:07+00,2025-01-02 09:09:28+00
6d051106-701e-5433-8646-83662e918295,afa15ef0-34ab-58ff-ad47-8060502e5f84,,81c0642e-2463-5abd-ae26-b4b567d51419,,DB Schenker,delivered,2024-11-15 16:36:03+00,2024-10-21 16:36:03+00,2024-11-14 12:45:14+00,China,2024-10-21 08:35:51+00,2025-01-02 09:27:57+00
70c6bd52-8a3f-5488-b368-d59643d75a6f,ea95a540-f662-5975-8a79-88352e65c9c4,,915b9517-c3e0-56bb-9f5b-959c6c507cc4,,DB Schenker,delivered,2024-11-08 11:08:04+00,2024-10-21 11:08:04+00,2024-11-07 06:18:22+00,Germany,2024-10-21 08:37:37+00,2025-01-02 09:18:26+00
9cb149ef-3d4a-57d0-8778-07f76efeee8c,80102db8-d5d3-5b2c-9e54-5b4fbebca6eb,,8517ed2a-3738-5e12-a1bc-f0e872fd3d71,,DB Schenker,delivered,2024-11-03 13:02:29+00,2024-10-21 13:02:29+00,2024-11-07 13:35:04+00,Mexico,2024-10-21 08:19:50+00,2025-01-02 09:13:11+00
b1d3aea5-5b92-534b-b8d9-736086a74d12,b518e4a1-8b14-5e0f-a7c6-0b6631fe0a5a,,a71f4bf4-a78e-5fa3-a8bd-e34ee2c97dcd,,FedEx Logistics,delivered,2024-11-16 15:20:59+00,2024-10-21 15:20:59+00,2024-11-28 15:44:10+00,China,2024-10-21 08:56:49+00,2025-01-02 09:02:14+00
7a494fd3-d476-5e03-94fc-c636c1cf82d8,c27afee2-997d-5290-a74e-2530422664f5,,8517ed2a-3738-5e12-a1bc-f0e872fd3d71,,Maersk Line,delivered,2024-11-26 16:18:35+00,2024-10-23 16:18:35+00,2024-11-26 14:58:31+00,China,2024-10-21 08:58:27+00,2025-01-02 09:18:49+00
06a6c0c5-f741-502f-a155-e3e40749340b,feeb172c-57c6-5067-97db-54ddf632027a,,6400998a-1542-5bd0-baca-290648d04849,,Maersk Line,delivered,2024-12-03 16:29:18+00,2024-10-22 16:29:18+00,2024-12-02 21:30:16+00,China,2024-10-21 08:55:38+00,2025-01-02 09:06:25+00
37ea601d-6cd2-56e1-a6fb-2757dd56ec97,80102db8-d5d3-5b2c-9e54-5b4fbebca6eb,,6d6d0a34-9f5e-59b5-8834-675b7c7c4f20,,FedEx Logistics,delivered,2024-11-04 09:55:07+00,2024-10-22 09:55:07+00,2024-11-04 01:33:01+00,Mexico,2024-10-21 08:40:35+00,2025-01-02 09:25:33+00
5aba7f67-8884-5080-9d87-3e80d55ee2f9,80102db8-d5d3-5b2c-9e54-5b4fbebca6eb,,6d6d0a34-9f5e-59b5-8834-675b7c7c4f20,,DHL Freight,delivered,2024-11-04 17:15:50+00,2024-10-22 17:15:50+00,2024-11-04 17:23:43+00,Mexico,2024-10-21 08:39:00+00,2025-01-02 09:19:08+00
3cf258cb-b76a-54d7-8ec9-4dc9a823beb1,035f03a2-0aa4-54ab-b965-ffe92a15c554,,a71f4bf4-a78e-5fa3-a8bd-e34ee2c97dcd,,FedEx Logistics,delivered,2024-11-08 14:32:43+00,2024-10-23 14:32:43+00,2024-11-12 14:59:55+00,Mexico,2024-10-21 08:51:49+00,2025-01-02 09:05:44+00
4e24860d-4496-5330-af19-de3eed59e7c7,b3288dd6-e3cd-5ec3-a951-39986285505b,,915b9517-c3e0-56bb-9f5b-959c6c507cc4,,DB Schenker,delivered,2024-11-13 16:29:54+00,2024-10-23 16:29:54+00,2024-11-12 18:01:50+00,Vietnam,2024-10-21 08:06:44+00,2025-01-02 09:11:53+00
c7eb5897-4b28-5674-8c39-f7719a9263cc,80102db8-d5d3-5b2c-9e54-5b4fbebca6eb,,22113422-0935-5ebd-b323-7908c0e6bfd5,,FedEx Logistics,delivered,2024-11-05 12:34:20+00,2024-10-23 12:34:20+00,2024-11-04 14:19:17+00,Mexico,2024-10-21 09:20:30+00,2025-01-02 09:27:25+00
e68cfa15-cfdd-5c36-8246-232c5a331542,8c61a3ad-eb5d-59bc-9d10-16ddbfa7f8b0,,22113422-0935-5ebd-b323-7908c0e6bfd5,,FedEx Logistics,delivered,2024-10-30 14:15:12+00,2024-10-21 14:15:12+00,2024-10-30 14:31:04+00,Germany,2024-10-21 08:55:06+00,2025-01-02 09:11:31+00
ec320f19-516d-563a-a764-c63e222e49b6,80102db8-d5d3-5b2c-9e54-5b4fbebca6eb,,42ad692d-b82d-5a13-91a1-a9fd0fcaf73b,,DB Schenker,delivered,2024-11-03 14:53:49+00,2024-10-21 14:53:49+00,2024-11-02 11:14:48+00,Mexico,2024-10-21 09:09:25+00,2025-01-02 09:23:30+00
087f5364-1c70-5ffa-bdf8-12f661ef098c,43b5c255-48c1-5b61-ab8b-8bc95266bb1f,,6400998a-1542-5bd0-baca-290648d04849,,DHL Freight,delivered,2024-11-15 17:19:21+00,2024-10-21 17:19:21+00,2024-11-15 03:42:04+00,China,2024-10-21 08:44:39+00,2025-01-02 09:20:04+00
92ac0f3f-939c-5f51-ad3b-549faf807fbc,afa15ef0-34ab-58ff-ad47-8060502e5f84,,81c0642e-2463-5abd-ae26-b4b567d51419,,FedEx Logistics,delivered,2024-11-17 17:44:51+00,2024-10-23 17:44:51+00,2024-11-17 10:29:23+00,China,2024-10-21 08:34:11+00,2025-01-02 09:04:03+00
fa4bc3f5-8a99-528c-bf65-84cc88c4aa0e,bed19e03-5ade-5692-8a4e-81fb3e8f965d,,8517ed2a-3738-5e12-a1bc-f0e872fd3d71,,FedEx Logistics,delivered,2024-11-25 13:58:42+00,2024-10-23 13:58:42+00,2024-11-25 05:30:51+00,India,2024-10-21 08:58:42+00,2025-01-02 09:10:03+00
926049a8-d95c-57e9-a008-bec333d71162,b1482d47-285e-53ab-995d-cc9a8165b52c,,6400998a-1542-5bd0-baca-290648d04849,,DB Schenker,delivered,2024-11-18 18:33:18+00,2024-10-29 18:33:18+00,2024-11-30 18:52:26+00,India,2024-10-28 09:11:36+00,2025-01-02 09:07:29+00
52ec7f6a-47e3-5150-a775-9639f9f3b4ca,9981b718-1ab2-586a-ac86-82ab2f6f445c,,915b9517-c3e0-56bb-9f5b-959c6c507cc4,,DB Schenker,delivered,2024-11-06 18:32:58+00,2024-10-31 18:32:58+00,2024-11-06 02:03:46+00,Mexico,2024-10-28 08:49:32+00,2025-01-02 09:06:01+00
eb3c5d7d-49db-57c6-9b1c-fb3b8d055a64,afa15ef0-34ab-58ff-ad47-8060502e5f84,,6400998a-1542-5bd0-baca-290648d04849,,Maersk Line,delivered,2024-11-22 14:56:07+00,2024-10-28 14:56:07+00,2024-11-21 14:37:19+00,China,2024-10-28 08:50:22+00,2025-01-02 09:27:28+00
c80ad25e-c509-5a3f-a12f-eda903ecbe41,960f8f6e-5384-5c35-bfda-77ba61e7822e,,81c0642e-2463-5abd-ae26-b4b567d51419,,EverGreen Marine,delivered,2024-11-24 13:26:26+00,2024-10-29 13:26:26+00,2024-11-24 08:50:14+00,India,2024-10-28 08:59:07+00,2025-01-02 09:02:32+00
64192724-99dc-5ac1-9579-6079710f9db5,960f8f6e-5384-5c35-bfda-77ba61e7822e,,22113422-0935-5ebd-b323-7908c0e6bfd5,,DB Schenker,delivered,2024-11-25 15:06:01+00,2024-10-30 15:06:01+00,2024-11-24 15:36:40+00,India,2024-10-28 08:27:03+00,2025-01-02 09:27:08+00
9da24c22-ad84-5aef-b494-451a3e026710,960f8f6e-5384-5c35-bfda-77ba61e7822e,,6400998a-1542-5bd0-baca-290648d04849,,DB Schenker,delivered,2024-11-24 09:43:11+00,2024-10-29 09:43:11+00,2024-11-23 08:57:57+00,India,2024-10-28 08:38:37+00,2025-01-02 09:03:54+00
5c2601ba-84e4-59d9-8932-37a014824b89,f478ae52-7c2a-5617-95bb-5f296860910f,,6d6d0a34-9f5e-59b5-8834-675b7c7c4f20,,DB Schenker,delivered,2024-11-05 16:51:24+00,2024-10-29 16:51:24+00,2024-11-05 04:34:35+00,Mexico,2024-10-28 09:17:14+00,2025-01-02 09:24:10+00
42f54958-7082-5391-ac41-469fa9634584,afa15ef0-34ab-58ff-ad47-8060502e5f84,,81c0642e-2463-5abd-ae26-b4b567d51419,,Maersk Line,delivered,2024-11-25 12:45:44+00,2024-10-31 12:45:44+00,2024-11-24 10:16:20+00,China,2024-10-28 08:36:43+00,2025-01-02 09:16:28+00
e174bd95-a4b5-5435-841d-5c4c34dd45a4,bed19e03-5ade-5692-8a4e-81fb3e8f965d,,a71f4bf4-a78e-5fa3-a8bd-e34ee2c97dcd,,FedEx Logistics,delivered,2024-12-01 10:57:21+00,2024-10-29 10:57:21+00,2024-12-01 05:31:39+00,India,2024-10-28 09:18:03+00,2025-01-02 09:05:49+00
249b42d7-06d4-5574-ba36-2a00104c9512,035f03a2-0aa4-54ab-b965-ffe92a15c554,,22113422-0935-5ebd-b323-7908c0e6bfd5,,DB Schenker,delivered,2024-11-15 17:18:00+00,2024-10-30 17:18:00+00,2024-11-24 18:00:52+00,Mexico,2024-10-28 08:48:56+00,2025-01-02 09:09:32+00
55945b62-1f32-543c-8997-6cc0a964dea9,80102db8-d5d3-5b2c-9e54-5b4fbebca6eb,,22113422-0935-5ebd-b323-7908c0e6bfd5,,DHL Freight,delivered,2024-11-10 14:38:10+00,2024-10-28 14:38:10+00,2024-11-09 20:21:16+00,Mexico,2024-10-28 08:20:01+00,2025-01-02 09:11:56+00
6fa9fcf2-9f96-5f4b-9a91-fd1ec99c3ebe,3dffa708-7186-5ce1-9e9c-96972e56f8bf,,915b9517-c3e0-56bb-9f5b-959c6c507cc4,,DHL Freight,delivered,2024-11-19 17:44:54+00,2024-10-31 17:44:54+00,2024-11-19 16:08:07+00,Germany,2024-10-28 08:43:59+00,2025-01-02 09:12:53+00
49fd4580-4e9f-5d6b-96d3-d71a2602a836,80102db8-d5d3-5b2c-9e54-5b4fbebca6eb,,a71f4bf4-a78e-5fa3-a8bd-e34ee2c97dcd,,DHL Freight,delivered,2024-11-11 10:12:42+00,2024-10-29 10:12:42+00,2024-11-10 09:36:10+00,Mexico,2024-10-28 08:48:13+00,2025-01-02 09:25:07+00
093d451b-67e0-5c66-b30f-5d2ad9743c39,960f8f6e-5384-5c35-bfda-77ba61e7822e,,81c0642e-2463-5abd-ae26-b4b567d51419,,DB Schenker,delivered,2024-11-25 18:29:18+00,2024-10-30 18:29:18+00,2024-11-25 02:42:56+00,India,2024-10-28 08:46:00+00,2025-01-02 09:02:04+00
3e13e501-1356-5d95-8f4b-ecef23c9941b,224ca423-2c12-5113-bbd1-50eab06cf470,,22113422-0935-5ebd-b323-7908c0e6bfd5,,Maersk Line,delivered,2024-11-17 11:16:36+00,2024-10-30 11:16:36+00,2024-11-21 11:18:53+00,Vietnam,2024-10-28 08:57:55+00,2025-01-02 09:26:37+00
9a0ed486-b850-54b7-a13e-76883871cac9,ce3f1829-b358-52a7-bd0e-9eb3d2d95666,,6400998a-1542-5bd0-baca-290648d04849,,DB Schenker,delivered,2024-11-09 12:18:44+00,2024-10-28 12:18:44+00,2024-11-08 20:25:48+00,Germany,2024-10-28 09:05:37+00,2025-01-02 09:11:44+00
5039e53f-781c-5a05-83e4-5c0c4f81fc79,b3288dd6-e3cd-5ec3-a951-39986285505b,,8517ed2a-3738-5e12-a1bc-f0e872fd3d71,,FedEx Logistics,delivered,2024-11-20 13:36:53+00,2024-10-30 13:36:53+00,2024-11-19 17:15:23+00,Vietnam,2024-10-28 08:29:59+00,2025-01-02 09:02:37+00
af7ed262-8201-5393-8215-116d20cd23cc,d6589668-bf03-550c-93d5-57ece0241efc,,6400998a-1542-5bd0-baca-290648d04849,,DHL Freight,delivered,2024-11-12 15:52:05+00,2024-11-07 15:52:05+00,2024-11-12 14:35:34+00,USA,2024-11-04 08:13:37+00,2025-01-02 09:17:28+00
b9201807-ae68-58e2-a00c-9f2ae1a94cd9,d6589668-bf03-550c-93d5-57ece0241efc,,a71f4bf4-a78e-5fa3-a8bd-e34ee2c97dcd,,DHL Freight,delivered,2024-11-12 15:53:13+00,2024-11-07 15:53:13+00,2024-11-11 20:19:51+00,USA,2024-11-04 08:30:12+00,2025-01-02 09:05:58+00
358b1387-6e22-5051-b982-1cb5565c69c6,6bfe9d03-1d68-5349-a2e7-d2c71322d817,,22113422-0935-5ebd-b323-7908c0e6bfd5,,FedEx Logistics,delivered,2024-11-29 15:14:39+00,2024-11-04 15:14:39+00,2024-11-28 21:49:23+00,USA,2024-11-04 08:43:13+00,2025-01-02 09:01:53+00
d76202c2-96b0-5172-b7fb-e51ea645188a,7126e422-addd-5f29-b3f2-b752caf2e66c,,a71f4bf4-a78e-5fa3-a8bd-e34ee2c97dcd,,DHL Freight,delivered,2024-12-07 13:46:03+00,2024-11-06 13:46:03+00,2024-12-07 07:17:47+00,China,2024-11-04 08:33:26+00,2025-01-02 09:17:59+00
fc21259f-f3a9-54ce-a670-8178ec975fab,b3288dd6-e3cd-5ec3-a951-39986285505b,,6d6d0a34-9f5e-59b5-8834-675b7c7c4f20,,EverGreen Marine,delivered,2024-11-25 14:09:13+00,2024-11-04 14:09:13+00,2024-11-24 19:53:37+00,Vietnam,2024-11-04 08:30:46+00,2025-01-02 09:21:47+00
7d6ad2c3-9c90-51b6-8475-df5b9fe17284,d6589668-bf03-550c-93d5-57ece0241efc,,6d6d0a34-9f5e-59b5-8834-675b7c7c4f20,,FedEx Logistics,delivered,2024-11-12 13:45:20+00,2024-11-07 13:45:20+00,2024-11-13 14:14:59+00,USA,2024-11-04 08:40:02+00,2025-01-02 09:01:18+00
52f05e7a-9208-58d7-a40d-7067f658c4eb,b9aec7bd-f7f9-55cb-b673-5177ddff5e0d,,915b9517-c3e0-56bb-9f5b-959c6c507cc4,,Maersk Line,delivered,2024-12-01 10:44:30+00,2024-11-07 10:44:30+00,2024-12-01 02:18:34+00,China,2024-11-04 08:37:16+00,2025-01-02 09:18:51+00
93876abb-cafa-5b43-b7a1-7f2c0373ded6,7910ac44-1e40-56bb-9ab8-d9ba56ac335c,,81c0642e-2463-5abd-ae26-b4b567d51419,,DHL Freight,delivered,2024-11-15 17:18:09+00,2024-11-07 17:18:09+00,2024-11-14 12:46:21+00,USA,2024-11-04 08:57:10+00,2025-01-02 09:14:07+00
a1a9e6e7-c6a4-5165-9321-8126934dd316,d6589668-bf03-550c-93d5-57ece0241efc,,22113422-0935-5ebd-b323-7908c0e6bfd5,,DB Schenker,delivered,2024-11-12 13:26:37+00,2024-11-07 13:26:37+00,2024-11-14 14:00:32+00,USA,2024-11-04 08:56:11+00,2025-01-02 09:03:53+00
68a5c355-3e08-57c4-9467-c1d9525d8933,f478ae52-7c2a-5617-95bb-5f296860910f,,915b9517-c3e0-56bb-9f5b-959c6c507cc4,,FedEx Logistics,delivered,2024-11-13 14:22:35+00,2024-11-06 14:22:35+00,2024-11-12 15:55:51+00,Mexico,2024-11-04 09:19:14+00,2025-01-02 09:27:34+00
755e7cc0-bc69-530e-9831-fba2bfb4a64a,ea95a540-f662-5975-8a79-88352e65c9c4,,81c0642e-2463-5abd-ae26-b4b567d51419,,DHL Freight,delivered,2024-11-22 15:44:04+00,2024-11-04 15:44:04+00,2024-11-21 17:17:30+00,Germany,2024-11-04 08:39:27+00,2025-01-02 09:15:25+00
ab821d64-e058-569f-bb6a-fa43f4aab4b0,d6589668-bf03-550c-93d5-57ece0241efc,,6400998a-1542-5bd0-baca-290648d04849,,DB Schenker,delivered,2024-11-12 17:29:00+00,2024-11-07 17:29:00+00,2024-11-14 17:52:01+00,USA,2024-11-04 08:45:11+00,2025-01-02 09:17:31+00
60a22d09-f175-5029-bffd-de47822ac8f0,b518e4a1-8b14-5e0f-a7c6-0b6631fe0a5a,,22113422-0935-5ebd-b323-7908c0e6bfd5,,EverGreen Marine,delivered,2024-12-01 15:19:22+00,2024-11-05 15:19:22+00,2024-12-10 15:57:12+00,China,2024-11-04 08:39:15+00,2025-01-02 09:00:04+00
e38858c7-05f7-5a02-99ea-dc1f2fb53049,3dffa708-7186-5ce1-9e9c-96972e56f8bf,,22113422-0935-5ebd-b323-7908c0e6bfd5,,DHL Freight,delivered,2024-11-25 16:32:32+00,2024-11-06 16:32:32+00,2024-11-25 11:36:34+00,Germany,2024-11-04 08:50:04+00,2025-01-02 09:17:57+00
50588cc7-5e49-5d98-b4c8-46d912039e20,b3288dd6-e3cd-5ec3-a951-39986285505b,,81c0642e-2463-5abd-ae26-b4b567d51419,,DHL Freight,delivered,2024-11-28 11:23:01+00,2024-11-07 11:23:01+00,2024-11-28 08:47:46+00,Vietnam,2024-11-04 08:06:18+00,2025-01-02 09:16:52+00
8aeae1e8-5420-5456-8127-a8817df9721f,b518e4a1-8b14-5e0f-a7c6-0b6631fe0a5a,,6d6d0a34-9f5e-59b5-8834-675b7c7c4f20,,FedEx Logistics,delivered,2024-12-08 11:03:05+00,2024-11-12 11:03:05+00,2024-12-08 09:29:24+00,China,2024-11-11 08:42:46+00,2025-01-02 09:03:47+00
b53ddbe6-62b8-5a71-90eb-db4337411d4c,afa15ef0-34ab-58ff-ad47-8060502e5f84,,42ad692d-b82d-5a13-91a1-a9fd0fcaf73b,,Maersk Line,delivered,2024-12-06 17:23:53+00,2024-11-11 17:23:53+00,2024-12-06 12:47:36+00,China,2024-11-11 08:49:10+00,2025-01-02 09:06:49+00
3647e63f-5042-51f5-bf05-7eb0f869d89c,6bfe9d03-1d68-5349-a2e7-d2c71322d817,,a71f4bf4-a78e-5fa3-a8bd-e34ee2c97dcd,,DB Schenker,delivered,2024-12-07 11:56:27+00,2024-11-12 11:56:27+00,2024-12-06 17:06:08+00,USA,2024-11-11 08:47:32+00,2025-01-02 09:11:36+00
7dbaa413-7811-5798-9210-9f49178fb9db,9981b718-1ab2-586a-ac86-82ab2f6f445c,,6400998a-1542-5bd0-baca-290648d04849,,DB Schenker,delivered,2024-11-17 18:02:56+00,2024-11-11 18:02:56+00,2024-11-17 07:31:24+00,Mexico,2024-11-11 09:01:26+00,2025-01-02 09:07:38+00
573a8493-48e9-5c85-a95e-9bee5fcc7783,b3288dd6-e3cd-5ec3-a951-39986285505b,,6d6d0a34-9f5e-59b5-8834-675b7c7c4f20,,DB Schenker,delivered,2024-12-03 15:27:34+00,2024-11-12 15:27:34+00,2024-12-03 07:48:11+00,Vietnam,2024-11-11 08:15:30+00,2025-01-02 09:17:41+00
1e8724d9-d1bc-58c5-bdb0-38c6de6a361c,80102db8-d5d3-5b2c-9e54-5b4fbebca6eb,,6400998a-1542-5bd0-baca-290648d04849,,DB Schenker,delivered,2024-11-27 10:05:53+00,2024-11-14 10:05:53+00,2024-11-27 00:16:03+00,Mexico,2024-11-11 08:42:37+00,2025-01-02 09:24:31+00
0f41a13b-afa3-54f7-9122-e4e6982b3785,43b32e98-5a29-5473-b8a5-4357668f5f74,,42ad692d-b82d-5a13-91a1-a9fd0fcaf73b,,DB Schenker,delivered,2024-11-24 16:08:14+00,2024-11-13 16:08:14+00,2024-11-23 13:11:56+00,Mexico,2024-11-11 08:45:44+00,2025-01-02 09:10:28+00
dc017880-4d0d-5e72-af34-1692c8f070d3,4140807d-c496-53ae-8f87-15c93cde916b,,a71f4bf4-a78e-5fa3-a8bd-e34ee2c97dcd,,FedEx Logistics,delivered,2024-12-03 13:58:45+00,2024-11-14 13:58:45+00,2024-12-03 10:05:29+00,China,2024-11-11 08:40:06+00,2025-01-02 09:15:05+00
d3880466-21a5-53b3-ab3b-066c55182ffb,b3288dd6-e3cd-5ec3-a951-39986285505b,,42ad692d-b82d-5a13-91a1-a9fd0fcaf73b,,DB Schenker,delivered,2024-12-03 17:46:24+00,2024-11-12 17:46:24+00,2024-12-02 15:25:44+00,Vietnam,2024-11-11 08:40:05+00,2025-01-02 09:29:25+00
ca52d128-111a-542f-932a-9a6ec38cf1f7,b3288dd6-e3cd-5ec3-a951-39986285505b,,22113422-0935-5ebd-b323-7908c0e6bfd5,,Maersk Line,delivered,2024-12-02 11:11:21+00,2024-11-11 11:11:21+00,2024-12-01 10:24:42+00,Vietnam,2024-11-11 08:45:22+00,2025-01-02 09:06:41+00
3317e8a9-2b1e-5a8d-bef7-7a43cc8c7044,960f8f6e-5384-5c35-bfda-77ba61e7822e,,22113422-0935-5ebd-b323-7908c0e6bfd5,,DB Schenker,delivered,2024-12-09 15:30:42+00,2024-11-13 15:30:42+00,2024-12-09 11:05:40+00,India,2024-11-11 08:53:05+00,2025-01-02 09:05:06+00
1674d8cf-2def-5638-ba65-47d24f8226d9,09b007da-c3cd-5c90-912c-64f13e0cb7eb,,81c0642e-2463-5abd-ae26-b4b567d51419,,Maersk Line,delivered,2024-12-13 10:09:18+00,2024-11-20 10:09:18+00,2024-12-12 20:18:53+00,China,2024-11-18 08:42:50+00,2025-01-02 09:09:03+00
42fa39cd-2738-5024-a12b-f12490d78f3b,960f8f6e-5384-5c35-bfda-77ba61e7822e,,915b9517-c3e0-56bb-9f5b-959c6c507cc4,,DB Schenker,delivered,2024-12-15 11:01:39+00,2024-11-19 11:01:39+00,2024-12-14 16:30:50+00,India,2024-11-18 08:47:19+00,2025-01-02 09:05:17+00
7126c768-f71c-5e72-83d3-7c5e3b512281,3dffa708-7186-5ce1-9e9c-96972e56f8bf,,6d6d0a34-9f5e-59b5-8834-675b7c7c4f20,,FedEx Logistics,delivered,2024-12-10 12:32:23+00,2024-11-21 12:32:23+00,2024-12-09 19:57:00+00,Germany,2024-11-18 09:11:08+00,2025-01-02 09:02:01+00
087c5f28-124a-595f-bd2c-bba590a6ee25,afa15ef0-34ab-58ff-ad47-8060502e5f84,,a71f4bf4-a78e-5fa3-a8bd-e34ee2c97dcd,,DB Schenker,delivered,2024-12-13 15:16:21+00,2024-11-18 15:16:21+00,2024-12-13 08:49:13+00,China,2024-11-18 08:51:05+00,2025-01-02 09:23:35+00
bd5d1ed6-cfae-52be-b241-6331fd15e938,f478ae52-7c2a-5617-95bb-5f296860910f,,a71f4bf4-a78e-5fa3-a8bd-e34ee2c97dcd,,DHL Freight,delivered,2024-11-27 13:13:16+00,2024-11-20 13:13:16+00,2024-11-27 10:46:23+00,Mexico,2024-11-18 08:53:26+00,2025-01-02 09:12:13+00
1d5c99f0-b7dd-5557-9faf-db0223d2965b,d6589668-bf03-550c-93d5-57ece0241efc,,42ad692d-b82d-5a13-91a1-a9fd0fcaf73b,,DHL Freight,delivered,2024-11-23 10:28:40+00,2024-11-18 10:28:40+00,2024-11-22 19:44:07+00,USA,2024-11-18 09:02:32+00,2025-01-02 09:15:50+00
ec20e35b-d3d7-5078-9394-d170f36f397e,d6589668-bf03-550c-93d5-57ece0241efc,,6d6d0a34-9f5e-59b5-8834-675b7c7c4f20,,DB Schenker,delivered,2024-11-26 18:29:04+00,2024-11-21 18:29:04+00,2024-11-26 13:45:08+00,USA,2024-11-18 08:47:02+00,2025-01-02 09:02:01+00
509fbbbd-0c55-5329-8bc0-8de1c10c561c,9df2da2e-507c-507e-b146-3af5cb0eb852,,42ad692d-b82d-5a13-91a1-a9fd0fcaf73b,,FedEx Logistics,delivered,2024-12-18 12:16:45+00,2024-11-18 12:16:45+00,2024-12-17 13:59:33+00,China,2024-11-18 08:53:15+00,2025-01-02 09:25:29+00
c22bd5e6-a90f-540b-b94a-856a5875f2a3,f478ae52-7c2a-5617-95bb-5f296860910f,,42ad692d-b82d-5a13-91a1-a9fd0fcaf73b,,DB Schenker,delivered,2024-12-03 16:19:43+00,2024-11-26 16:19:43+00,2024-12-03 14:23:27+00,Mexico,2024-11-25 08:10:46+00,2025-01-02 09:07:37+00
21d8ccb6-7125-51e5-9891-5fdea7c0d3cc,ea344b5b-a6fa-5c52-a82d-6aca1e325dfd,,8517ed2a-3738-5e12-a1bc-f0e872fd3d71,,DB Schenker,delivered,2024-12-02 11:23:32+00,2024-11-26 11:23:32+00,2024-12-01 22:34:28+00,USA,2024-11-25 09:12:20+00,2025-01-02 09:14:42+00
2f85392e-2242-56de-947d-b714fdc1bc03,960f8f6e-5384-5c35-bfda-77ba61e7822e,,a71f4bf4-a78e-5fa3-a8bd-e34ee2c97dcd,,DB Schenker,delivered,2024-12-24 14:18:03+00,2024-11-28 14:18:03+00,2024-12-23 20:42:29+00,India,2024-11-25 08:44:05+00,2025-01-02 09:12:25+00
52568bb6-27c4-505e-b39b-c528069028ab,7126e422-addd-5f29-b3f2-b752caf2e66c,,81c0642e-2463-5abd-ae26-b4b567d51419,,DB Schenker,delivered,2024-12-28 10:02:50+00,2024-11-27 10:02:50+00,2024-12-27 11:42:30+00,China,2024-11-25 08:35:47+00,2025-01-02 09:19:24+00
8d65461f-2cd8-5a34-98fd-5fb6090df055,6bfe9d03-1d68-5349-a2e7-d2c71322d817,,22113422-0935-5ebd-b323-7908c0e6bfd5,,FedEx Logistics,delivered,2024-12-23 14:57:55+00,2024-11-28 14:57:55+00,2024-12-22 22:01:07+00,USA,2024-11-25 08:54:46+00,2025-01-02 09:26:09+00
99838961-c529-5e90-a188-2db657cff140,d6589668-bf03-550c-93d5-57ece0241efc,,6d6d0a34-9f5e-59b5-8834-675b7c7c4f20,,DB Schenker,delivered,2024-11-30 13:44:49+00,2024-11-25 13:44:49+00,2024-11-29 14:16:32+00,USA,2024-11-25 08:37:51+00,2025-01-02 09:12:46+00
d17a86f1-719c-59c2-b3c0-f84b6a2eeec9,d6589668-bf03-550c-93d5-57ece0241efc,,42ad692d-b82d-5a13-91a1-a9fd0fcaf73b,,DB Schenker,delivered,2024-12-02 13:37:47+00,2024-11-27 13:37:47+00,2024-12-02 07:00:24+00,USA,2024-11-25 08:54:39+00,2025-01-02 09:19:48+00
9f5ab6b9-6ccb-58ae-b434-d5ee94482694,224ca423-2c12-5113-bbd1-50eab06cf470,,42ad692d-b82d-5a13-91a1-a9fd0fcaf73b,,DB Schenker,delivered,2024-12-14 15:37:19+00,2024-11-26 15:37:19+00,2024-12-13 18:00:30+00,Vietnam,2024-11-25 08:53:17+00,2025-01-02 09:06:22+00
eb7320d0-d9bf-55c3-9a47-8c47cf728f86,035f03a2-0aa4-54ab-b965-ffe92a15c554,,81c0642e-2463-5abd-ae26-b4b567d51419,,DB Schenker,delivered,2024-12-14 13:49:51+00,2024-11-28 13:49:51+00,2024-12-13 13:54:10+00,Mexico,2024-11-25 08:10:36+00,2025-01-02 09:10:47+00
5331da00-e06d-50c5-b10a-cd9f7eeb16ea,d6589668-bf03-550c-93d5-57ece0241efc,,42ad692d-b82d-5a13-91a1-a9fd0fcaf73b,,DB Schenker,delivered,2024-11-30 16:02:24+00,2024-11-25 16:02:24+00,2024-11-30 03:42:28+00,USA,2024-11-25 08:56:05+00,2025-01-02 09:16:19+00
ae79ddd4-3dd7-5ee9-96ad-a221adff221b,afa15ef0-34ab-58ff-ad47-8060502e5f84,,6400998a-1542-5bd0-baca-290648d04849,,DHL Freight,delivered,2024-12-21 17:48:28+00,2024-11-26 17:48:28+00,2024-12-20 20:16:24+00,China,2024-11-25 09:16:52+00,2025-01-02 09:00:52+00
2e310adc-959d-5d80-9ef9-754676affe1a,d6589668-bf03-550c-93d5-57ece0241efc,,915b9517-c3e0-56bb-9f5b-959c6c507cc4,,DHL Freight,delivered,2024-12-03 13:20:27+00,2024-11-28 13:20:27+00,2024-12-02 09:33:44+00,USA,2024-11-25 09:02:39+00,2025-01-02 09:16:48+00
56f41fe4-8c3e-5873-ade6-caa51db02f5f,6bfe9d03-1d68-5349-a2e7-d2c71322d817,,6d6d0a34-9f5e-59b5-8834-675b7c7c4f20,,DHL Freight,delivered,2024-12-21 11:18:52+00,2024-11-26 11:18:52+00,2024-12-20 19:38:55+00,USA,2024-11-25 08:15:11+00,2025-01-02 09:24:50+00
2d951305-c363-54d0-8cd3-afefccfb07f5,afa15ef0-34ab-58ff-ad47-8060502e5f84,,915b9517-c3e0-56bb-9f5b-959c6c507cc4,,DHL Freight,delivered,2024-12-20 10:32:19+00,2024-11-25 10:32:19+00,2024-12-19 13:55:34+00,China,2024-11-25 09:12:28+00,2025-01-02 09:06:22+00
3c3d9f8f-4853-59ff-a8e4-eed4c17c2fa1,6bfe9d03-1d68-5349-a2e7-d2c71322d817,,915b9517-c3e0-56bb-9f5b-959c6c507cc4,,FedEx Logistics,delivered,2024-12-20 17:54:14+00,2024-11-25 17:54:14+00,2024-12-20 11:37:01+00,USA,2024-11-25 08:09:38+00,2025-01-02 09:26:56+00
dc31e8b2-5442-5de3-bd14-089b247ebdc2,bed19e03-5ade-5692-8a4e-81fb3e8f965d,,81c0642e-2463-5abd-ae26-b4b567d51419,,EverGreen Marine,delivered,2024-12-28 12:40:25+00,2024-11-25 12:40:25+00,2024-12-27 14:12:42+00,India,2024-11-25 08:36:23+00,2025-01-02 09:16:21+00
beb05651-5605-5853-aa3d-672dee42e9f0,b3288dd6-e3cd-5ec3-a951-39986285505b,,6400998a-1542-5bd0-baca-290648d04849,,DHL Freight,delivered,2024-12-18 13:39:31+00,2024-11-27 13:39:31+00,2024-12-17 19:48:14+00,Vietnam,2024-11-25 09:12:59+00,2025-01-02 09:28:44+00
2809e229-62f1-56c1-ba8b-6b0c872882a8,8c61a3ad-eb5d-59bc-9d10-16ddbfa7f8b0,,6400998a-1542-5bd0-baca-290648d04849,,FedEx Logistics,delivered,2024-12-11 18:23:42+00,2024-12-02 18:23:42+00,2024-12-11 18:40:46+00,Germany,2024-12-02 08:42:02+00,2025-01-02 09:22:19+00
b00e8383-3f87-5ee7-989b-21f771946c04,960f8f6e-5384-5c35-bfda-77ba61e7822e,,915b9517-c3e0-56bb-9f5b-959c6c507cc4,,EverGreen Marine,delivered,2024-12-30 10:39:29+00,2024-12-04 10:39:29+00,2024-12-29 10:39:35+00,India,2024-12-02 08:28:17+00,2025-01-02 09:25:20+00
7bf1ff9b-c1b5-5e8f-b440-cf941f259083,f478ae52-7c2a-5617-95bb-5f296860910f,,915b9517-c3e0-56bb-9f5b-959c6c507cc4,,DHL Freight,delivered,2024-12-09 12:23:07+00,2024-12-02 12:23:07+00,2024-12-09 00:33:33+00,Mexico,2024-12-02 08:17:13+00,2025-01-02 09:19:38+00
aa7af29e-aab7-5203-9c8c-568532a6df53,b3288dd6-e3cd-5ec3-a951-39986285505b,,a71f4bf4-a78e-5fa3-a8bd-e34ee2c97dcd,,FedEx Logistics,delivered,2024-12-25 17:07:50+00,2024-12-04 17:07:50+00,2024-12-25 15:37:21+00,Vietnam,2024-12-02 08:42:10+00,2025-01-02 09:05:21+00
330691ad-01a5-5142-9077-37ef04f667fd,80102db8-d5d3-5b2c-9e54-5b4fbebca6eb,,8517ed2a-3738-5e12-a1bc-f0e872fd3d71,,DB Schenker,delivered,2024-12-15 15:12:30+00,2024-12-02 15:12:30+00,2024-12-15 07:22:33+00,Mexico,2024-12-02 08:31:44+00,2025-01-02 09:20:31+00
b50fc235-1493-58e9-8566-f0fc8a5a9526,b3288dd6-e3cd-5ec3-a951-39986285505b,,8517ed2a-3738-5e12-a1bc-f0e872fd3d71,,Maersk Line,delivered,2024-12-24 14:46:14+00,2024-12-03 14:46:14+00,2024-12-23 10:01:23+00,Vietnam,2024-12-02 09:11:19+00,2025-01-02 09:00:03+00
1e45e856-52a0-595f-8864-e1f0bd30c647,80102db8-d5d3-5b2c-9e54-5b4fbebca6eb,,915b9517-c3e0-56bb-9f5b-959c6c507cc4,,DB Schenker,delivered,2024-12-25 11:47:18+00,2024-12-12 11:47:18+00,2024-12-26 12:10:25+00,Mexico,2024-12-09 09:10:10+00,2025-01-02 09:23:53+00
089e728a-1b55-5fac-b02d-b74fd88bf89d,224ca423-2c12-5113-bbd1-50eab06cf470,,22113422-0935-5ebd-b323-7908c0e6bfd5,,Maersk Line,delivered,2024-12-27 15:46:18+00,2024-12-09 15:46:18+00,2024-12-27 08:26:26+00,Vietnam,2024-12-09 08:07:39+00,2025-01-02 09:08:56+00
b8cb6b2d-41a0-5cfe-8be5-4e6370ec2e4d,d6589668-bf03-550c-93d5-57ece0241efc,,81c0642e-2463-5abd-ae26-b4b567d51419,,FedEx Logistics,delivered,2024-12-16 14:37:35+00,2024-12-11 14:37:35+00,2024-12-16 10:12:25+00,USA,2024-12-09 09:02:14+00,2025-01-02 09:24:10+00
dbc4e6e4-6f01-54a8-902f-e4603c51638a,d6589668-bf03-550c-93d5-57ece0241efc,,6400998a-1542-5bd0-baca-290648d04849,,DB Schenker,delivered,2024-12-17 13:54:28+00,2024-12-12 13:54:28+00,2024-12-16 09:37:58+00,USA,2024-12-09 08:12:50+00,2025-01-02 09:14:41+00
102aed88-6f7b-5fbb-9fb5-8aff0e3e275d,48e2fe7c-35ad-5935-824d-697bfa8226f3,,8517ed2a-3738-5e12-a1bc-f0e872fd3d71,,FedEx Logistics,delivered,2024-12-30 14:37:31+00,2024-12-11 14:37:31+00,2024-12-30 11:11:37+00,China,2024-12-09 09:01:03+00,2025-01-02 09:25:27+00
60873ac0-2af0-5552-b275-788bbdcdc565,7910ac44-1e40-56bb-9ab8-d9ba56ac335c,,6d6d0a34-9f5e-59b5-8834-675b7c7c4f20,,DB Schenker,delivered,2024-12-18 10:24:26+00,2024-12-10 10:24:26+00,2024-12-17 21:46:42+00,USA,2024-12-09 08:03:57+00,2025-01-02 09:19:39+00
e3a7ecd0-b572-5574-9a9c-4334a2125fe9,035f03a2-0aa4-54ab-b965-ffe92a15c554,,8517ed2a-3738-5e12-a1bc-f0e872fd3d71,,DHL Freight,delivered,2024-12-25 15:42:38+00,2024-12-09 15:42:38+00,2024-12-25 04:59:14+00,Mexico,2024-12-09 08:32:09+00,2025-01-02 09:25:25+00
1eeeab9f-70de-521a-a1e2-deb23ab56643,7910ac44-1e40-56bb-9ab8-d9ba56ac335c,,81c0642e-2463-5abd-ae26-b4b567d51419,,DHL Freight,delivered,2024-12-25 17:59:00+00,2024-12-17 17:59:00+00,2024-12-24 19:33:33+00,USA,2024-12-16 08:45:14+00,2025-01-02 09:21:00+00
e034506e-dfbc-5a0e-a300-e5a0243360d7,7126e422-addd-5f29-b3f2-b752caf2e66c,,6400998a-1542-5bd0-baca-290648d04849,,FedEx Logistics,in_transit,2025-01-17 12:39:33+00,2024-12-17 12:39:33+00,,China,2024-12-16 09:19:55+00,2025-01-02 09:18:21+00
f981d60d-0f52-5d0e-a270-d84619020878,960f8f6e-5384-5c35-bfda-77ba61e7822e,,81c0642e-2463-5abd-ae26-b4b567d51419,,EverGreen Marine,in_transit,2025-01-12 15:11:43+00,2024-12-17 15:11:43+00,,India,2024-12-16 08:55:15+00,2025-01-02 09:25:48+00
08d9c438-0a10-5d56-b207-d8c71ca0feec,afa15ef0-34ab-58ff-ad47-8060502e5f84,,6d6d0a34-9f5e-59b5-8834-675b7c7c4f20,,EverGreen Marine,in_transit,2025-01-11 14:44:32+00,2024-12-17 14:44:32+00,,China,2024-12-16 09:06:06+00,2025-01-02 09:27:36+00
c7bb27fc-c33e-5619-92ba-602238828cb8,b3288dd6-e3cd-5ec3-a951-39986285505b,,22113422-0935-5ebd-b323-7908c0e6bfd5,,DB Schenker,in_transit,2025-01-08 12:57:17+00,2024-12-18 12:57:17+00,,Vietnam,2024-12-16 08:43:30+00,2025-01-02 09:02:27+00
4380bbcc-80cc-5f14-9d90-50b148140fd3,afa15ef0-34ab-58ff-ad47-8060502e5f84,,42ad692d-b82d-5a13-91a1-a9fd0fcaf73b,,Maersk Line,in_transit,2025-01-10 14:45:46+00,2024-12-16 14:45:46+00,,China,2024-12-16 08:19:44+00,2025-01-02 09:28:23+00
f2ea8c2f-4485-59f3-a4e0-32018a7e63e6,6bfe9d03-1d68-5349-a2e7-d2c71322d817,,42ad692d-b82d-5a13-91a1-a9fd0fcaf73b,,DHL Freight,in_transit,2025-01-12 15:04:28+00,2024-12-18 15:04:28+00,,USA,2024-12-16 08:33:42+00,2025-01-02 09:02:22+00
c982bf10-9317-5b88-bc14-ab996d1c153e,f478ae52-7c2a-5617-95bb-5f296860910f,,6400998a-1542-5bd0-baca-290648d04849,,DHL Freight,delivered,2024-12-24 11:25:15+00,2024-12-17 11:25:15+00,2024-12-23 11:37:11+00,Mexico,2024-12-16 08:57:51+00,2025-01-02 09:24:51+00
5b7840b8-cb61-50a4-8414-5eeac3a71433,d21da0bc-d1b2-5971-a037-be72ab2d0b0f,,6d6d0a34-9f5e-59b5-8834-675b7c7c4f20,,FedEx Logistics,in_transit,2025-01-24 15:30:40+00,2024-12-19 15:30:40+00,,China,2024-12-16 08:27:38+00,2025-01-02 09:14:56+00
bb912630-5786-5529-b8a2-1cba39a82886,d6589668-bf03-550c-93d5-57ece0241efc,,915b9517-c3e0-56bb-9f5b-959c6c507cc4,,DHL Freight,delivered,2024-12-23 16:59:04+00,2024-12-18 16:59:04+00,2024-12-22 21:16:47+00,USA,2024-12-16 08:40:34+00,2025-01-02 09:04:53+00
f6b79122-4b9f-54a2-a07b-d38b359a99aa,1439fed7-3f86-5a06-ae10-6169b01a836b,,6400998a-1542-5bd0-baca-290648d04849,,DHL Freight,in_transit,2025-01-02 10:04:28+00,2024-12-19 10:04:28+00,,Germany,2024-12-16 08:32:09+00,2025-01-02 09:02:55+00
6d54bc3e-749c-5530-9222-de2c712d6180,d6589668-bf03-550c-93d5-57ece0241efc,,81c0642e-2463-5abd-ae26-b4b567d51419,,FedEx Logistics,delivered,2024-12-23 14:18:29+00,2024-12-18 14:18:29+00,2024-12-22 22:51:49+00,USA,2024-12-16 08:41:42+00,2025-01-02 09:22:10+00
885be1d0-b841-5fa1-bc57-ea4828a505f3,d6589668-bf03-550c-93d5-57ece0241efc,,22113422-0935-5ebd-b323-7908c0e6bfd5,,FedEx Logistics,delivered,2024-12-24 13:34:09+00,2024-12-19 13:34:09+00,2024-12-24 05:54:09+00,USA,2024-12-16 08:56:55+00,2025-01-02 09:07:46+00
a9ec80cf-2163-5a73-9af5-50e853b29b21,9df2da2e-507c-507e-b146-3af5cb0eb852,,6400998a-1542-5bd0-baca-290648d04849,,FedEx Logistics,in_transit,2025-01-25 17:02:08+00,2024-12-26 17:02:08+00,,China,2024-12-23 08:44:40+00,2025-01-02 09:16:23+00
ef36d9d7-b1f8-5fe9-8f8d-524f87210530,ea95a540-f662-5975-8a79-88352e65c9c4,,915b9517-c3e0-56bb-9f5b-959c6c507cc4,,DHL Freight,in_transit,2025-01-12 10:01:05+00,2024-12-25 10:01:05+00,,Germany,2024-12-23 08:18:37+00,2025-01-02 09:01:44+00
2b9d4630-a8eb-5d80-8b05-ffa7cdd40b85,035f03a2-0aa4-54ab-b965-ffe92a15c554,,a71f4bf4-a78e-5fa3-a8bd-e34ee2c97dcd,,DHL Freight,in_transit,2025-01-11 15:42:04+00,2024-12-26 15:42:04+00,,Mexico,2024-12-23 08:15:08+00,2025-01-02 09:06:10+00
d5321ee2-fc6b-5c68-b677-08974cb904ff,c809308b-6bd0-5e7f-8fed-63aa0be429db,,22113422-0935-5ebd-b323-7908c0e6bfd5,,DB Schenker,in_transit,2025-02-07 15:40:03+00,2024-12-25 15:40:03+00,,China,2024-12-23 09:05:53+00,2025-01-02 09:23:58+00
fd1b0bf1-aa95-5dba-81a6-a89ccaf73002,bed19e03-5ade-5692-8a4e-81fb3e8f965d,,81c0642e-2463-5abd-ae26-b4b567d51419,,DB Schenker,in_transit,2025-01-28 11:23:37+00,2024-12-26 11:23:37+00,,India,2024-12-23 08:08:15+00,2025-01-02 09:14:42+00
df3fdff6-deed-5925-8136-ef40807f87c0,035f03a2-0aa4-54ab-b965-ffe92a15c554,,6400998a-1542-5bd0-baca-290648d04849,,FedEx Logistics,in_transit,2025-01-08 13:10:29+00,2024-12-23 13:10:29+00,,Mexico,2024-12-23 08:55:45+00,2025-01-02 09:24:42+00
65fb60af-62fc-5522-9350-61cc3351fcab,afa15ef0-34ab-58ff-ad47-8060502e5f84,,8517ed2a-3738-5e12-a1bc-f0e872fd3d71,,Maersk Line,in_transit,2025-01-17 10:12:38+00,2024-12-23 10:12:38+00,,China,2024-12-23 09:00:40+00,2025-01-02 09:02:26+00
2385f785-59cf-5f4e-a1b6-2fe620010ac1,d6589668-bf03-550c-93d5-57ece0241efc,,6d6d0a34-9f5e-59b5-8834-675b7c7c4f20,,DHL Freight,delivered,2024-12-31 17:13:17+00,2024-12-26 17:13:17+00,2024-12-30 20:33:22+00,USA,2024-12-23 08:31:57+00,2025-01-02 09:13:04+00
d80cfbc4-eb95-5081-a0e7-231ffe92daf5,b3288dd6-e3cd-5ec3-a951-39986285505b,,8517ed2a-3738-5e12-a1bc-f0e872fd3d71,,FedEx Logistics,in_transit,2025-01-16 12:45:33+00,2024-12-26 12:45:33+00,,Vietnam,2024-12-23 08:40:05+00,2025-01-02 09:16:41+00
66aa0629-051a-5b98-b993-dad887fb1965,3dffa708-7186-5ce1-9e9c-96972e56f8bf,,915b9517-c3e0-56bb-9f5b-959c6c507cc4,,DB Schenker,in_transit,2025-01-12 12:19:47+00,2024-12-24 12:19:47+00,,Germany,2024-12-23 08:53:59+00,2025-01-02 09:03:09+00
12f03068-8183-5d25-bef7-0bbdd1f057df,c27afee2-997d-5290-a74e-2530422664f5,,6400998a-1542-5bd0-baca-290648d04849,,EverGreen Marine,in_transit,2025-01-27 13:50:59+00,2024-12-24 13:50:59+00,,China,2024-12-23 08:22:25+00,2025-01-02 09:13:11+00
7867a8c5-9acc-5c5a-8c8b-c0a752790a99,80102db8-d5d3-5b2c-9e54-5b4fbebca6eb,,81c0642e-2463-5abd-ae26-b4b567d51419,,DHL Freight,in_transit,2025-01-08 18:15:33+00,2024-12-26 18:15:33+00,,Mexico,2024-12-23 09:08:34+00,2025-01-02 09:23:33+00
15c59ff6-c362-5cc6-b860-b95629763ab1,d6589668-bf03-550c-93d5-57ece0241efc,,915b9517-c3e0-56bb-9f5b-959c6c507cc4,,DB Schenker,delivered,2024-12-30 12:06:46+00,2024-12-25 12:06:46+00,2024-12-29 20:08:28+00,USA,2024-12-23 08:59:00+00,2025-01-02 09:16:12+00
90b8e17d-4f2b-544d-adb7-e24524afd697,960f8f6e-5384-5c35-bfda-77ba61e7822e,,8517ed2a-3738-5e12-a1bc-f0e872fd3d71,,EverGreen Marine,in_transit,2025-01-28 16:48:23+00,2025-01-02 16:48:23+00,,India,2024-12-30 08:35:34+00,2025-01-02 09:06:10+00
7b68f764-fbe8-5405-a10f-7bcdd9654d70,b3288dd6-e3cd-5ec3-a951-39986285505b,,81c0642e-2463-5abd-ae26-b4b567d51419,,DB Schenker,in_transit,2025-01-22 17:01:33+00,2025-01-01 17:01:33+00,,Vietnam,2024-12-30 08:51:30+00,2025-01-02 09:27:53+00
7f13944f-1a0e-548f-839b-0d1de619db88,ea95a540-f662-5975-8a79-88352e65c9c4,,8517ed2a-3738-5e12-a1bc-f0e872fd3d71,,DHL Freight,in_transit,2025-01-19 17:55:38+00,2025-01-01 17:55:38+00,,Germany,2024-12-30 08:55:05+00,2025-01-02 09:16:58+00
69757598-2a62-5b05-903c-8e44738c9c94,6bfe9d03-1d68-5349-a2e7-d2c71322d817,,42ad692d-b82d-5a13-91a1-a9fd0fcaf73b,,FedEx Logistics,in_transit,2025-01-24 17:02:42+00,2024-12-30 17:02:42+00,,USA,2024-12-30 08:34:04+00,2025-01-02 09:01:49+00
2fde22a7-4f43-5e9d-bb59-6f34ee9a4c65,7126e422-addd-5f29-b3f2-b752caf2e66c,,6d6d0a34-9f5e-59b5-8834-675b7c7c4f20,,Maersk Line,in_transit,2025-02-01 13:35:06+00,2025-01-01 13:35:06+00,,China,2024-12-30 08:29:23+00,2025-01-02 09:05:09+00
a9adb22b-f439-576c-9419-6bd664d6405d,b3288dd6-e3cd-5ec3-a951-39986285505b,,915b9517-c3e0-56bb-9f5b-959c6c507cc4,,EverGreen Marine,in_transit,2025-01-23 18:38:26+00,2025-01-02 18:38:26+00,,Vietnam,2024-12-30 08:58:39+00,2025-01-02 09:04:56+00
b6f9d055-f049-551a-9e87-3e44092c6bb8,960f8f6e-5384-5c35-bfda-77ba61e7822e,,81c0642e-2463-5abd-ae26-b4b567d51419,,Maersk Line,in_transit,2025-01-25 12:36:28+00,2024-12-30 12:36:28+00,,India,2024-12-30 08:51:55+00,2025-01-02 09:24:56+00
e5cbd271-0013-5b6c-af6b-b422e819aa79,3dffa708-7186-5ce1-9e9c-96972e56f8bf,,8517ed2a-3738-5e12-a1bc-f0e872fd3d71,,DB Schenker,in_transit,2025-01-18 18:14:11+00,2024-12-30 18:14:11+00,,Germany,2024-12-30 08:55:38+00,2025-01-02 09:09:58+00
e6b19501-a9b9-54d5-9812-86a6209f0dbb,8c61a3ad-eb5d-59bc-9d10-16ddbfa7f8b0,,81c0642e-2463-5abd-ae26-b4b567d51419,,FedEx Logistics,in_transit,2025-01-11 14:36:24+00,2025-01-02 14:36:24+00,,Germany,2024-12-30 09:00:16+00,2025-01-02 09:02:42+00
d90ee04e-1eb5-5087-a274-f2cac529b3e6,7126e422-addd-5f29-b3f2-b752caf2e66c,,915b9517-c3e0-56bb-9f5b-959c6c507cc4,,FedEx Logistics,in_transit,2025-02-01 09:32:34+00,2025-01-01 09:32:34+00,,China,2024-12-30 08:25:56+00,2025-01-02 09:01:17+00
f80fdfbc-2440-5e14-9578-b1b93533d0d9,afa15ef0-34ab-58ff-ad47-8060502e5f84,,42ad692d-b82d-5a13-91a1-a9fd0fcaf73b,,Maersk Line,in_transit,2025-01-24 15:17:54+00,2024-12-30 15:17:54+00,,China,2024-12-30 08:39:56+00,2025-01-02 09:26:49+00
2edfa4a3-cd0c-5dec-b72e-1d2e4f772c0f,b518e4a1-8b14-5e0f-a7c6-0b6631fe0a5a,,8517ed2a-3738-5e12-a1bc-f0e872fd3d71,,Maersk Line,in_transit,2025-01-25 15:44:50+00,2024-12-30 15:44:50+00,,China,2024-12-30 09:01:31+00,2025-01-02 09:05:39+00
fead3f07-b919-5073-bf49-c70cf20b2559,afa15ef0-34ab-58ff-ad47-8060502e5f84,,22113422-0935-5ebd-b323-7908c0e6bfd5,,FedEx Logistics,in_transit,2025-01-27 16:03:40+00,2025-01-02 16:03:40+00,,China,2024-12-30 08:34:27+00,2025-01-02 09:14:15+00
cf2a7209-3a5c-5ed3-8664-f38c98bddd2d,d6589668-bf03-550c-93d5-57ece0241efc,,6400998a-1542-5bd0-baca-290648d04849,,FedEx Logistics,in_transit,2025-01-06 11:40:03+00,2025-01-01 11:40:03+00,,USA,2024-12-30 09:04:07+00,2025-01-02 09:05:31+00
f6d9e0e6-ba60-58c5-930b-39497d076250,8c61a3ad-eb5d-59bc-9d10-16ddbfa7f8b0,,a71f4bf4-a78e-5fa3-a8bd-e34ee2c97dcd,,DB Schenker,in_transit,2025-01-11 13:13:08+00,2025-01-02 13:13:08+00,,Germany,2024-12-30 08:52:52+00,2025-01-02 09:03:19+00
bd66ba7a-495b-511b-84db-ff9072e55d6c,c809308b-6bd0-5e7f-8fed-63aa0be429db,,6d6d0a34-9f5e-59b5-8834-675b7c7c4f20,,DB Schenker,in_transit,2025-02-13 10:56:38+00,2024-12-31 10:56:38+00,,China,2024-12-30 08:41:56+00,2025-01-02 09:00:33+00
