id,shipment_id,status,previous_status,changed_at,recorded_at,source
6f36819b-a401-5c22-8c86-93c6265d81ba,189a45f5-b5c0-54e3-a6c1-9cad1fa55c02,scheduled,,2024-09-13 13:26:34+00,2024-09-13 14:05:34+00,carrier_feed
8ce89215-671f-51c8-8e1a-067ef584a857,189a45f5-b5c0-54e3-a6c1-9cad1fa55c02,in_transit,scheduled,2024-09-14 18:35:17+00,2024-09-14 18:53:17+00,carrier_feed
9503efce-e633-5883-8c2b-476008e896c9,189a45f5-b5c0-54e3-a6c1-9cad1fa55c02,delayed,in_transit,2024-09-20 00:57:25+00,2024-09-20 01:02:25+00,carrier_feed
1821c8e0-fe0f-57ab-b0fd-5d683b2c7e48,189a45f5-b5c0-54e3-a6c1-9cad1fa55c02,delivered,delayed,2024-09-27 19:09:39+00,2024-09-27 19:49:39+00,carrier_feed
e40bd0a8-e195-5c8f-aa1c-be140f6311da,9d0ed72d-d6c0-5f65-977d-932a5cb62efb,scheduled,,2024-08-20 20:44:01+00,2024-08-20 21:02:01+00,carrier_feed
ac19c8f9-1348-587f-9493-5bb8f47e13f4,9d0ed72d-d6c0-5f65-977d-932a5cb62efb,in_transit,scheduled,2024-08-23 02:28:34+00,2024-08-23 02:44:34+00,carrier_feed
20915c34-d513-5096-a3b2-8b0839a66df2,9d0ed72d-d6c0-5f65-977d-932a5cb62efb,delivered,in_transit,2024-08-30 07:00:27+00,2024-08-30 07:06:27+00,carrier_feed
ff6658c6-1750-5c24-b32b-791a07a7f144,3462435a-0cac-5940-b9bf-4429eecbd2c9,scheduled,,2024-08-08 22:55:34+00,2024-08-08 23:37:34+00,carrier_feed
0fcb632d-a489-56c6-a61f-c5b70dff48ee,3462435a-0cac-5940-b9bf-4429eecbd2c9,in_transit,scheduled,2024-08-10 02:26:06+00,2024-08-10 02:36:06+00,carrier_feed
52a5cd6c-084e-5535-b55e-483c40d9dcf0,3462435a-0cac-5940-b9bf-4429eecbd2c9,delivered,in_transit,2024-08-12 10:08:04+00,2024-08-12 10:32:04+00,carrier_feed
4dc41ec2-7b8e-549f-9ea9-87ece4a106a8,8f631bc2-c880-5b53-8c41-c593c6fe8d2d,scheduled,,2024-01-04 20:11:39+00,2024-01-04 20:30:39+00,carrier_feed
8c62633c-bb69-5a08-901f-65ff75fcd4f2,8f631bc2-c880-5b53-8c41-c593c6fe8d2d,in_transit,scheduled,2024-01-08 04:38:49+00,2024-01-08 05:23:49+00,carrier_feed
67aa34c4-384a-5efb-a2ee-ba86ad6b5ca0,8f631bc2-c880-5b53-8c41-c593c6fe8d2d,delivered,in_transit,2024-01-16 21:58:51+00,2024-01-16 22:10:51+00,carrier_feed
c508d13c-a246-5e70-8987-b445f928f827,3cdedf14-7e0c-50e9-9b11-dff5074e6eb2,scheduled,,2024-08-11 18:46:53+00,2024-08-11 19:27:53+00,carrier_feed
f153b2f2-7cae-531f-b9f0-2accdffe84c6,3cdedf14-7e0c-50e9-9b11-dff5074e6eb2,in_transit,scheduled,2024-08-13 04:23:40+00,2024-08-13 04:43:40+00,carrier_feed
ff285557-196b-56bc-9b1a-bd34615c3499,3cdedf14-7e0c-50e9-9b11-dff5074e6eb2,delivered,in_transit,2024-08-16 23:28:38+00,2024-08-17 00:07:38+00,carrier_feed
e9f17fb5-d5ad-56e9-ab79-c916cd48793e,bc2bc3d0-5c15-534b-9a24-782acea0a7f9,scheduled,,2024-08-03 00:26:39+00,2024-08-03 00:47:39+00,carrier_feed
6baef740-10a5-592f-8894-e4e6a4bee385,bc2bc3d0-5c15-534b-9a24-782acea0a7f9,in_transit,scheduled,2024-08-06 04:29:29+00,2024-08-06 04:38:29+00,carrier_feed
8e6f4736-db8f-5def-a87a-1b2ac02a45d0,bc2bc3d0-5c15-534b-9a24-782acea0a7f9,delivered,in_transit,2024-08-08 07:12:51+00,2024-08-08 07:38:51+00,carrier_feed
5a2bcc22-8b67-58e4-ac5e-a56ec7641803,c505934b-d68c-517c-99a4-82609db2d349,scheduled,,2024-11-16 02:47:21+00,2024-11-16 03:07:21+00,carrier_feed
922ea082-5b71-5cce-a5c6-0997c35af517,c505934b-d68c-517c-99a4-82609db2d349,in_transit,scheduled,2024-11-17 08:29:57+00,2024-11-17 08:39:57+00,carrier_feed
32442d1a-d303-5008-8bab-48e362a405fe,c505934b-d68c-517c-99a4-82609db2d349,delivered,in_transit,2024-11-21 22:45:37+00,2024-11-21 22:54:37+00,carrier_feed
92eaf967-4c91-5b4b-909c-613ff9893d1c,755862e9-0471-50a4-98fd-1607d65dc412,scheduled,,2024-10-04 17:07:18+00,2024-10-04 17:45:18+00,carrier_feed
9bf582ae-149e-5214-b623-af12188c89d2,755862e9-0471-50a4-98fd-1607d65dc412,in_transit,scheduled,2024-10-08 01:41:47+00,2024-10-08 02:24:47+00,carrier_feed
b58b9f6a-d729-5808-9355-534ac02642a2,755862e9-0471-50a4-98fd-1607d65dc412,delivered,in_transit,2024-10-14 21:46:21+00,2024-10-14 22:01:21+00,carrier_feed
8f4eb13e-886b-565e-b727-2a371946b551,713693e5-8566-5c8e-b8cd-a4e94cf678d3,scheduled,,2024-11-28 19:13:26+00,2024-11-28 19:32:26+00,carrier_feed
0d4aaa3d-d404-51be-87ea-48c81254760a,713693e5-8566-5c8e-b8cd-a4e94cf678d3,in_transit,scheduled,2024-12-01 00:42:37+00,2024-12-01 00:50:37+00,carrier_feed
8ec55f84-cf3d-5709-a738-15e6b644a9d6,713693e5-8566-5c8e-b8cd-a4e94cf678d3,delayed,in_transit,2024-12-06 06:47:07+00,2024-12-06 07:22:07+00,carrier_feed
a09ff57d-7d0e-53cf-98b2-c6745529c71e,713693e5-8566-5c8e-b8cd-a4e94cf678d3,delivered,delayed,2024-12-10 01:07:18+00,2024-12-10 01:26:18+00,carrier_feed
005983c7-80af-556e-9165-d73b02e6aeb2,8d8cbe11-0842-5f50-8725-ae5dff111401,scheduled,,2024-02-29 23:23:41+00,2024-02-29 23:33:41+00,carrier_feed
322d20d5-ea0e-5955-9135-c534cf3abb98,8d8cbe11-0842-5f50-8725-ae5dff111401,in_transit,scheduled,2024-03-01 01:07:29+00,2024-03-01 01:26:29+00,carrier_feed
3006eced-c500-584f-a1a7-c68b50fbb141,8d8cbe11-0842-5f50-8725-ae5dff111401,delivered,in_transit,2024-03-08 01:29:21+00,2024-03-08 02:11:21+00,carrier_feed
21bcd064-3a79-50b2-b2e2-b670818a5045,a6ab7fa3-437a-5d27-b69e-dfb08010ebcc,scheduled,,2024-10-20 00:10:14+00,2024-10-20 00:44:14+00,carrier_feed
81fd42df-94ee-5b2d-8936-f1cf31cf02a1,a6ab7fa3-437a-5d27-b69e-dfb08010ebcc,in_transit,scheduled,2024-10-22 09:36:35+00,2024-10-22 09:50:35+00,carrier_feed
28d1bb0d-1121-5b68-bd94-3199add8af47,a6ab7fa3-437a-5d27-b69e-dfb08010ebcc,delivered,in_transit,2024-10-27 16:16:07+00,2024-10-27 16:57:07+00,carrier_feed
264fa556-2d45-5c1b-a0e4-6115381e3f5b,9c88ad35-ea60-5cbb-aab6-10d56460bba1,scheduled,,2024-05-14 22:38:09+00,2024-05-14 23:17:09+00,carrier_feed
eba9133d-d49f-531c-8662-5e79cff25033,9c88ad35-ea60-5cbb-aab6-10d56460bba1,in_transit,scheduled,2024-05-18 02:10:52+00,2024-05-18 02:48:52+00,carrier_feed
1bbceffc-3793-51fe-aad0-aa7a41322def,9c88ad35-ea60-5cbb-aab6-10d56460bba1,delivered,in_transit,2024-05-22 00:41:32+00,2024-05-22 01:16:32+00,carrier_feed
d7654164-35c5-542a-930c-440778834b48,ad3568e6-a2e0-55ed-acd1-fef475a34eff,scheduled,,2024-05-09 00:15:36+00,2024-05-09 00:31:36+00,carrier_feed
d0389567-2394-59bd-9d35-dded1dffb8d5,ad3568e6-a2e0-55ed-acd1-fef475a34eff,in_transit,scheduled,2024-05-12 05:27:32+00,2024-05-12 06:05:32+00,carrier_feed
961d43d9-5cd1-5132-9eac-4644d8a89826,ad3568e6-a2e0-55ed-acd1-fef475a34eff,delivered,in_transit,2024-05-14 01:41:26+00,2024-05-14 02:14:26+00,carrier_feed
bd05cf36-fd2c-5bea-aebf-ab49e4359dc6,744449d6-f021-58c6-8ab9-47e15a404d53,scheduled,,2024-07-26 19:57:40+00,2024-07-26 20:31:40+00,carrier_feed
00b708b9-84cc-5984-b534-2bcbeb865f8a,744449d6-f021-58c6-8ab9-47e15a404d53,in_transit,scheduled,2024-07-26 23:05:21+00,2024-07-26 23:14:21+00,carrier_feed
1b8fedb8-cc03-5e9b-89e9-ba10fe3a2b6c,744449d6-f021-58c6-8ab9-47e15a404d53,delivered,in_transit,2024-07-30 02:42:52+00,2024-07-30 03:00:52+00,carrier_feed
32a09bc2-1cf8-58cc-b68e-e85427f44b1e,976c404b-cea6-5085-8cf5-733141224c9a,scheduled,,2024-03-08 15:45:45+00,2024-03-08 15:52:45+00,carrier_feed
31d976df-f0bb-5a9a-ac32-b4a7b452c387,976c404b-cea6-5085-8cf5-733141224c9a,in_transit,scheduled,2024-03-09 01:00:13+00,2024-03-09 01:24:13+00,carrier_feed
818bc009-ba46-5fb9-b488-5b9becf66624,976c404b-cea6-5085-8cf5-733141224c9a,delivered,in_transit,2024-03-12 22:03:16+00,2024-03-12 22:17:16+00,carrier_feed
04421ae1-936e-5f65-b844-133f8b6af3c5,02d5e75b-4f6b-5e62-a096-ba2f36c9e5ff,scheduled,,2024-07-29 17:29:39+00,2024-07-29 17:48:39+00,carrier_feed
69155d77-3fe9-56cb-b51a-dd584c2a0f31,02d5e75b-4f6b-5e62-a096-ba2f36c9e5ff,in_transit,scheduled,2024-08-02 01:59:16+00,2024-08-02 02:36:16+00,carrier_feed
6bba88fc-7f4c-5582-b0dc-ea85cea701bf,02d5e75b-4f6b-5e62-a096-ba2f36c9e5ff,delivered,in_transit,2024-08-05 01:01:18+00,2024-08-05 01:36:18+00,carrier_feed
d60a3be8-e2b7-5aa4-b8ba-af1936d5dda6,bf80116e-420c-5ad0-82b9-1bee7afe6ce3,scheduled,,2024-01-26 02:34:30+00,2024-01-26 03:04:30+00,carrier_feed
be00b69b-6c0d-5615-8985-49648ea02eba,bf80116e-420c-5ad0-82b9-1bee7afe6ce3,in_transit,scheduled,2024-01-26 07:47:25+00,2024-01-26 08:24:25+00,carrier_feed
942281cb-0892-5639-9bd8-ed475ebcd262,bf80116e-420c-5ad0-82b9-1bee7afe6ce3,delivered,in_transit,2024-01-28 06:53:45+00,2024-01-28 06:59:45+00,carrier_feed
c597928e-bca1-537c-b84a-c2a419a464f6,b69aafa6-5c1a-5a1e-9b81-7e4e552e9802,scheduled,,2024-10-28 00:34:11+00,2024-10-28 01:16:11+00,carrier_feed
74dfbd99-6de5-520f-aa0d-8f66feb05f13,b69aafa6-5c1a-5a1e-9b81-7e4e552e9802,in_transit,scheduled,2024-10-29 03:14:26+00,2024-10-29 03:19:26+00,carrier_feed
335a27ae-0998-5fe8-8eb9-a62f62f82f17,b69aafa6-5c1a-5a1e-9b81-7e4e552e9802,delivered,in_transit,2024-11-03 02:47:22+00,2024-11-03 02:52:22+00,carrier_feed
74ad5d1e-e648-5b9d-86c6-5040282130f9,d3480ae5-3958-5c2a-a881-031401290b07,scheduled,,2024-11-26 11:59:51+00,2024-11-26 12:34:51+00,carrier_feed
fd830200-7f0e-54df-b92f-ab3702501a88,d3480ae5-3958-5c2a-a881-031401290b07,in_transit,scheduled,2024-11-28 14:02:13+00,2024-11-28 14:36:13+00,carrier_feed
25ae8066-b958-5005-8364-67ad7e096be4,d3480ae5-3958-5c2a-a881-031401290b07,delayed,in_transit,2024-12-03 20:02:27+00,2024-12-03 20:46:27+00,carrier_feed
f9b0f824-f200-512c-b6e3-c428e38a2b7f,d3480ae5-3958-5c2a-a881-031401290b07,delivered,delayed,2024-12-06 14:14:40+00,2024-12-06 14:46:40+00,carrier_feed
2574c4fc-2d51-5599-bbfc-f7839d4ed3e4,313f72af-4ff8-5c75-a3bc-22a1f6edec06,scheduled,,2024-11-13 11:32:44+00,2024-11-13 11:55:44+00,carrier_feed
27d0966d-78a6-50bb-adfe-b44d6dd49e23,313f72af-4ff8-5c75-a3bc-22a1f6edec06,in_transit,scheduled,2024-11-16 13:55:21+00,2024-11-16 14:10:21+00,carrier_feed
2fc31ea4-797e-5906-9854-886bd1b6261b,313f72af-4ff8-5c75-a3bc-22a1f6edec06,delayed,in_transit,2024-11-23 20:24:09+00,2024-11-23 20:58:09+00,carrier_feed
535ab5d1-d3ae-50b5-ab50-bf05b3bfd37d,313f72af-4ff8-5c75-a3bc-22a1f6edec06,delivered,delayed,2024-12-01 14:21:58+00,2024-12-01 14:55:58+00,carrier_feed
4a99e6cb-eea5-5290-82a9-cfa19fc2a87f,1f67dce8-5f8d-5b7d-a72f-3183447b3bd1,scheduled,,2024-10-01 20:55:02+00,2024-10-01 21:02:02+00,carrier_feed
9d8956dc-2e31-5f2b-9f12-0bcc3796605c,1f67dce8-5f8d-5b7d-a72f-3183447b3bd1,in_transit,scheduled,2024-10-03 23:01:11+00,2024-10-03 23:44:11+00,carrier_feed
b7b4bde3-9986-56bb-8937-327d340bcca8,1f67dce8-5f8d-5b7d-a72f-3183447b3bd1,delivered,in_transit,2024-10-08 19:16:31+00,2024-10-08 19:50:31+00,carrier_feed
d0e1363d-b7ea-551c-ac1e-36fd205e1811,4bba60ef-a8d0-537b-b07f-d9e7faf9f468,scheduled,,2024-07-15 23:25:31+00,2024-07-16 00:03:31+00,carrier_feed
b9f39ec9-1d1a-5fdd-bac6-1bc0fc6b313d,4bba60ef-a8d0-537b-b07f-d9e7faf9f468,in_transit,scheduled,2024-07-18 07:28:22+00,2024-07-18 07:56:22+00,carrier_feed
271c6439-cda3-5a3b-98d0-30aa4867bc6f,4bba60ef-a8d0-537b-b07f-d9e7faf9f468,delivered,in_transit,2024-07-21 07:53:26+00,2024-07-21 08:07:26+00,carrier_feed
85242814-43d1-5b75-891e-0814017834b0,d4196340-428d-536f-a0c9-a237d37e9c43,scheduled,,2024-11-05 19:56:20+00,2024-11-05 20:24:20+00,carrier_feed
705a2336-ec24-57b8-8771-7da1f8437238,d4196340-428d-536f-a0c9-a237d37e9c43,in_transit,scheduled,2024-11-08 05:05:56+00,2024-11-08 05:25:56+00,carrier_feed
25ee7a94-15b8-5e92-99e8-4b0b24d5d937,d4196340-428d-536f-a0c9-a237d37e9c43,delivered,in_transit,2024-11-14 06:44:40+00,2024-11-14 07:26:40+00,carrier_feed
96603434-09d6-5da5-b0fa-4943ba38c810,2e9aa355-6593-58d7-9980-a9fc23b09fa2,scheduled,,2024-03-03 23:01:15+00,2024-03-03 23:45:15+00,carrier_feed
7958c78e-a992-5f68-9925-18813fa2833d,2e9aa355-6593-58d7-9980-a9fc23b09fa2,in_transit,scheduled,2024-03-04 08:17:13+00,2024-03-04 08:26:13+00,carrier_feed
1c417e26-22bf-59f8-8a1b-9cd6e59343b9,2e9aa355-6593-58d7-9980-a9fc23b09fa2,delivered,in_transit,2024-03-10 15:55:08+00,2024-03-10 16:12:08+00,carrier_feed
429c4bd5-e673-5012-80be-c3f9880f79ac,fbb94b81-8198-5a9f-8fbc-b4766f53eb4f,scheduled,,2024-09-17 18:52:17+00,2024-09-17 19:30:17+00,carrier_feed
478ec053-af6c-5dec-a8db-ce38bcaa744c,fbb94b81-8198-5a9f-8fbc-b4766f53eb4f,in_transit,scheduled,2024-09-20 21:17:08+00,2024-09-20 21:42:08+00,carrier_feed
7dc1a86e-9e93-5456-9f99-689f8fcbe1a1,fbb94b81-8198-5a9f-8fbc-b4766f53eb4f,delayed,in_transit,2024-09-27 03:48:05+00,2024-09-27 04:12:05+00,carrier_feed
385ececa-5689-5289-b650-0252b68c6afe,fbb94b81-8198-5a9f-8fbc-b4766f53eb4f,delivered,delayed,2024-10-05 21:41:54+00,2024-10-05 21:50:54+00,carrier_feed
9aa4f968-dafe-5d62-b4c1-b6766940ad79,e282003e-6b35-57d0-bfc4-f3cc0e2b04bf,scheduled,,2024-03-21 11:20:27+00,2024-03-21 11:39:27+00,carrier_feed
7bf1ba96-844f-5b22-b08c-c6aa6ae1a485,e282003e-6b35-57d0-bfc4-f3cc0e2b04bf,in_transit,scheduled,2024-03-22 12:26:23+00,2024-03-22 12:38:23+00,carrier_feed
f50373d0-6c1d-58a0-8f87-beabf51bd399,e282003e-6b35-57d0-bfc4-f3cc0e2b04bf,delivered,in_transit,2024-03-28 08:50:51+00,2024-03-28 09:24:51+00,carrier_feed
7afb0303-7a8d-5874-9425-a394b64fed81,ff2452c0-28c5-5bfc-8404-a5cfe1046a57,scheduled,,2024-09-18 17:01:44+00,2024-09-18 17:46:44+00,carrier_feed
9187b99d-c1ea-5b30-9661-3c3965549ec6,ff2452c0-28c5-5bfc-8404-a5cfe1046a57,in_transit,scheduled,2024-09-18 23:11:14+00,2024-09-18 23:32:14+00,carrier_feed
bae5b71c-ee65-5df5-b656-fa3ea288c42b,ff2452c0-28c5-5bfc-8404-a5cfe1046a57,delivered,in_transit,2024-09-22 22:42:42+00,2024-09-22 23:03:42+00,carrier_feed
39ac99d6-d4f3-52db-aeb7-820c655cce7a,109f5b3d-e6be-5919-b607-49f0d01a552c,scheduled,,2024-10-04 00:43:41+00,2024-10-04 01:22:41+00,carrier_feed
e859e90c-98d7-5b25-8044-d83c7e42b116,109f5b3d-e6be-5919-b607-49f0d01a552c,in_transit,scheduled,2024-10-06 02:53:06+00,2024-10-06 03:19:06+00,carrier_feed
555ae6cd-95b0-56c5-8886-f8451edfc350,109f5b3d-e6be-5919-b607-49f0d01a552c,delivered,in_transit,2024-10-11 15:34:12+00,2024-10-11 15:46:12+00,carrier_feed
9c98600c-2d12-5335-9ba1-fb9957024efc,d38eed94-676a-5523-b8f5-d6197dee1f00,scheduled,,2024-01-21 18:02:45+00,2024-01-21 18:44:45+00,carrier_feed
db4ec34b-7203-5ada-b6cc-28275d822db9,d38eed94-676a-5523-b8f5-d6197dee1f00,in_transit,scheduled,2024-01-22 23:09:01+00,2024-01-22 23:36:01+00,carrier_feed
5289a581-53a1-5e28-b0d7-b5872facbb2b,d38eed94-676a-5523-b8f5-d6197dee1f00,delivered,in_transit,2024-01-30 05:36:30+00,2024-01-30 05:57:30+00,carrier_feed
56e9cf9b-9dbc-54ba-aac0-59748ff4e972,93aef0f4-6f27-51ea-abce-05859badb612,scheduled,,2024-09-21 10:02:54+00,2024-09-21 10:24:54+00,carrier_feed
5867d3e2-90ed-55af-ac6d-2dad82104f05,93aef0f4-6f27-51ea-abce-05859badb612,in_transit,scheduled,2024-09-23 19:43:00+00,2024-09-23 19:58:00+00,carrier_feed
c8369836-b6e4-5d0e-bcbe-b699a030c085,93aef0f4-6f27-51ea-abce-05859badb612,delayed,in_transit,2024-10-01 01:50:11+00,2024-10-01 02:09:11+00,carrier_feed
eeb08cbb-ce94-5c13-9244-1cd70847ef53,93aef0f4-6f27-51ea-abce-05859badb612,delivered,delayed,2024-10-07 19:52:00+00,2024-10-07 20:10:00+00,carrier_feed
3e7de9e2-3369-5520-af54-da061f504010,f2a821c7-d5fd-5b7e-ad89-a443350be3c1,scheduled,,2024-10-05 11:07:15+00,2024-10-05 11:28:15+00,carrier_feed
a144a8a6-e383-5e6b-a4fc-35981b11c63d,f2a821c7-d5fd-5b7e-ad89-a443350be3c1,in_transit,scheduled,2024-10-07 18:41:46+00,2024-10-07 19:02:46+00,carrier_feed
9bfe93c0-0f2f-566f-ac1e-2d3008f1e731,f2a821c7-d5fd-5b7e-ad89-a443350be3c1,delivered,in_transit,2024-10-15 16:21:13+00,2024-10-15 16:28:13+00,carrier_feed
3cfd4c66-d49e-5d66-ba39-1f68478461c1,3821cba7-6ccd-55cd-a87b-3d522798a14c,scheduled,,2024-05-01 18:17:53+00,2024-05-01 18:33:53+00,carrier_feed
a82984e4-99d9-5abf-aba4-7064d7f11568,3821cba7-6ccd-55cd-a87b-3d522798a14c,in_transit,scheduled,2024-05-01 19:22:12+00,2024-05-01 19:50:12+00,carrier_feed
078e159e-f9e2-5734-89e6-744737adc9e3,3821cba7-6ccd-55cd-a87b-3d522798a14c,delivered,in_transit,2024-05-09 12:45:33+00,2024-05-09 13:25:33+00,carrier_feed
7a8fd9de-5f79-57d3-94d7-783d66327a39,e33f565d-0197-5415-aa09-d9a0fc239e60,scheduled,,2024-08-08 18:57:26+00,2024-08-08 19:34:26+00,carrier_feed
fa8ebcfe-1824-58a8-9916-8473959cfa3a,e33f565d-0197-5415-aa09-d9a0fc239e60,in_transit,scheduled,2024-08-11 03:09:33+00,2024-08-11 03:37:33+00,carrier_feed
d647a892-b453-5d57-8d9a-e34ced243e1d,e33f565d-0197-5415-aa09-d9a0fc239e60,delivered,in_transit,2024-08-13 22:47:46+00,2024-08-13 23:13:46+00,carrier_feed
49292390-e8f6-5e6f-b47f-5b87b970ee42,adce262b-c2e9-5226-8a81-0d1f03ce4c55,scheduled,,2024-10-19 11:51:26+00,2024-10-19 12:00:26+00,carrier_feed
8e65b12d-ceb6-5961-af4e-c73d81a6214b,adce262b-c2e9-5226-8a81-0d1f03ce4c55,in_transit,scheduled,2024-10-20 15:09:18+00,2024-10-20 15:14:18+00,carrier_feed
fc9820fb-e27b-524b-9a91-fb79b5c7ed35,adce262b-c2e9-5226-8a81-0d1f03ce4c55,delivered,in_transit,2024-10-23 08:15:27+00,2024-10-23 08:53:27+00,carrier_feed
f0953358-62ed-5e3b-a102-3873b18820b2,e7161f59-ba42-573f-af07-92756490db9c,scheduled,,2024-01-18 02:10:40+00,2024-01-18 02:48:40+00,carrier_feed
68251ab8-9026-55ca-915a-837a04700fed,e7161f59-ba42-573f-af07-92756490db9c,in_transit,scheduled,2024-01-18 10:15:09+00,2024-01-18 10:58:09+00,carrier_feed
7f57b65f-1eca-5e56-8cd1-9b0320411b0b,e7161f59-ba42-573f-af07-92756490db9c,delayed,in_transit,2024-01-25 16:21:23+00,2024-01-25 16:35:23+00,carrier_feed
29068028-e1aa-5d58-8bc6-cc823ae9f9fd,e7161f59-ba42-573f-af07-92756490db9c,delivered,delayed,2024-01-27 10:19:10+00,2024-01-27 11:04:10+00,carrier_feed
fb46e63d-f3a2-53a3-867f-52eaafa5566a,e4aeee7c-6f04-55d3-9a07-2567fd68511a,scheduled,,2024-03-10 23:37:53+00,2024-03-10 23:48:53+00,carrier_feed
41c5db13-3506-58eb-afb9-4b3b6fdf3e42,e4aeee7c-6f04-55d3-9a07-2567fd68511a,in_transit,scheduled,2024-03-11 01:59:23+00,2024-03-11 02:32:23+00,carrier_feed
862bf3b4-7283-5a75-be01-0c24c763f7f1,e4aeee7c-6f04-55d3-9a07-2567fd68511a,delivered,in_transit,2024-03-15 00:02:21+00,2024-03-15 00:13:21+00,carrier_feed
4c2a941a-a30b-5aa6-973e-8dad859914f3,182ad202-5401-5a98-875c-296d4a34d75c,scheduled,,2024-11-06 16:33:25+00,2024-11-06 16:38:25+00,carrier_feed
66c4942b-cb5b-5579-a051-73c123913070,182ad202-5401-5a98-875c-296d4a34d75c,in_transit,scheduled,2024-11-07 20:36:24+00,2024-11-07 21:14:24+00,carrier_feed
ca802b58-d830-5205-bfef-6cbad3e265f3,182ad202-5401-5a98-875c-296d4a34d75c,delayed,in_transit,2024-11-17 02:37:24+00,2024-11-17 03:10:24+00,carrier_feed
6fce7c49-a0b3-58d9-9a86-dde5723f47d4,182ad202-5401-5a98-875c-296d4a34d75c,delivered,delayed,2024-11-17 20:57:49+00,2024-11-17 21:19:49+00,carrier_feed
0d8ea173-5c00-577d-885b-f38342d3744a,8f286b88-74bb-54e1-8b0d-a221b5edbb62,scheduled,,2024-07-04 23:33:09+00,2024-07-05 00:12:09+00,carrier_feed
2f89b5a3-8728-5651-a3e5-79ac550ed2c2,8f286b88-74bb-54e1-8b0d-a221b5edbb62,in_transit,scheduled,2024-07-05 09:12:20+00,2024-07-05 09:37:20+00,carrier_feed
4b135175-3c21-5d00-a0f9-7cbf07286253,8f286b88-74bb-54e1-8b0d-a221b5edbb62,delivered,in_transit,2024-07-13 16:34:40+00,2024-07-13 16:54:40+00,carrier_feed
39bde76f-1afa-5f3a-ac5d-19c393f2d8e9,6d4bf5e7-5d83-5b4e-b968-d84d0dc8d748,scheduled,,2024-07-13 22:28:07+00,2024-07-13 22:38:07+00,carrier_feed
7adfae81-ad6f-5925-9119-6512ecae68a1,6d4bf5e7-5d83-5b4e-b968-d84d0dc8d748,in_transit,scheduled,2024-07-17 06:08:36+00,2024-07-17 06:34:36+00,carrier_feed
41c30e65-ce9a-59d7-8246-1ea08d85dd21,6d4bf5e7-5d83-5b4e-b968-d84d0dc8d748,delivered,in_transit,2024-07-26 00:36:44+00,2024-07-26 01:19:44+00,carrier_feed
42fa1ac2-c7b2-5eda-b216-0dc044bde140,b55a5307-d4a9-54ed-882c-ad6e92ab8725,scheduled,,2024-10-06 10:37:39+00,2024-10-06 11:22:39+00,carrier_feed
ed0006db-320d-5e77-953f-8a96966654e9,b55a5307-d4a9-54ed-882c-ad6e92ab8725,in_transit,scheduled,2024-10-09 13:20:16+00,2024-10-09 14:03:16+00,carrier_feed
33d38429-c26a-5763-8d4c-6da9d62bf64f,b55a5307-d4a9-54ed-882c-ad6e92ab8725,delivered,in_transit,2024-10-17 21:29:54+00,2024-10-17 22:01:54+00,carrier_feed
d505a605-7cd5-5fbd-879f-717b8aee4f2f,d638aca7-5ff7-57af-a94e-057d8cb1699a,scheduled,,2024-03-17 16:53:51+00,2024-03-17 17:16:51+00,carrier_feed
c2e18fbb-8e69-51bf-aeea-77abc7ceb08b,d638aca7-5ff7-57af-a94e-057d8cb1699a,in_transit,scheduled,2024-03-17 22:16:32+00,2024-03-17 22:46:32+00,carrier_feed
b4f613b9-2aa6-58de-a8c3-9eb777d8b24b,d638aca7-5ff7-57af-a94e-057d8cb1699a,delayed,in_transit,2024-03-22 04:44:03+00,2024-03-22 04:49:03+00,carrier_feed
8a4b6a7e-b053-5f48-b6d4-c1a95492d192,d638aca7-5ff7-57af-a94e-057d8cb1699a,delivered,delayed,2024-03-23 22:58:13+00,2024-03-23 23:38:13+00,carrier_feed
f316f656-af5d-53a5-8cc1-75d7af459f80,8ff068c2-9897-51ff-b581-79f29e47adce,scheduled,,2024-10-09 15:00:15+00,2024-10-09 15:33:15+00,carrier_feed
be549692-8e20-528c-bbb1-0b8c042686f7,8ff068c2-9897-51ff-b581-79f29e47adce,in_transit,scheduled,2024-10-11 23:17:43+00,2024-10-11 23:30:43+00,carrier_feed
2e2b6c6e-8c1b-5777-bf6b-216266383ae2,8ff068c2-9897-51ff-b581-79f29e47adce,delivered,in_transit,2024-10-15 19:34:14+00,2024-10-15 20:00:14+00,carrier_feed
ac97c459-a502-5cfe-b837-89c87cd27a49,2f71ede7-c87c-5878-b632-90f46aecb080,scheduled,,2024-02-26 17:30:49+00,2024-02-26 17:51:49+00,carrier_feed
042fa05c-042c-591f-bb1d-fc566ae2e12d,2f71ede7-c87c-5878-b632-90f46aecb080,in_transit,scheduled,2024-02-29 03:00:32+00,2024-02-29 03:36:32+00,carrier_feed
ad57746b-38bb-5b15-8996-b58b6043b5c7,2f71ede7-c87c-5878-b632-90f46aecb080,delayed,in_transit,2024-03-03 09:15:29+00,2024-03-03 09:51:29+00,carrier_feed
ef2ff792-a5a1-5dad-a6a0-a86a3b274300,2f71ede7-c87c-5878-b632-90f46aecb080,delivered,delayed,2024-03-06 03:37:56+00,2024-03-06 04:13:56+00,carrier_feed
1ce83b6c-9551-54c3-b558-4120a93e7818,2d6413be-14b4-542c-a1af-ef9bb48369ed,scheduled,,2024-10-11 01:01:32+00,2024-10-11 01:27:32+00,carrier_feed
bb32173b-1391-5947-8655-bf29a3fe1990,2d6413be-14b4-542c-a1af-ef9bb48369ed,in_transit,scheduled,2024-10-14 06:29:14+00,2024-10-14 06:49:14+00,carrier_feed
685fa5db-0ac2-54d4-9e51-63bd672eb689,2d6413be-14b4-542c-a1af-ef9bb48369ed,delivered,in_transit,2024-10-18 13:32:28+00,2024-10-18 14:09:28+00,carrier_feed
39940031-616e-5386-b996-e7f74cedea47,d65c6694-d93d-5d90-a436-a4ecc17f2fa3,scheduled,,2024-12-25 19:08:31+00,2024-12-25 19:48:31+00,carrier_feed
a11c2bfc-4361-5040-8801-648e9cd61ae7,d65c6694-d93d-5d90-a436-a4ecc17f2fa3,in_transit,scheduled,2024-12-29 01:39:10+00,2024-12-29 01:51:10+00,carrier_feed
e49f59b0-6755-5c7a-9e4e-e5699c21f090,d004a254-530e-55dc-a37c-aba549a79682,scheduled,,2024-10-21 14:29:22+00,2024-10-21 15:02:22+00,carrier_feed
b86a8c5d-75b0-525d-be18-205e26ec29a4,d004a254-530e-55dc-a37c-aba549a79682,in_transit,scheduled,2024-10-21 16:06:17+00,2024-10-21 16:38:17+00,carrier_feed
53785ded-47c8-58e9-824f-74fc3635920e,d004a254-530e-55dc-a37c-aba549a79682,delivered,in_transit,2024-10-27 12:28:26+00,2024-10-27 13:07:26+00,carrier_feed
37c17582-b347-56b2-939a-97cfe2d8066c,509ffece-7342-5895-9646-119664c48239,scheduled,,2024-09-24 17:48:43+00,2024-09-24 18:07:43+00,carrier_feed
21eea207-c343-5358-9836-d03c1860f592,509ffece-7342-5895-9646-119664c48239,in_transit,scheduled,2024-09-24 21:55:31+00,2024-09-24 22:23:31+00,carrier_feed
a4cd872c-c0aa-522c-a460-19d4f9e3857a,509ffece-7342-5895-9646-119664c48239,delivered,in_transit,2024-09-29 19:27:06+00,2024-09-29 19:44:06+00,carrier_feed
e39a3d43-e894-5f70-8505-2f79eeb76217,e6dc767f-2e04-561e-bfed-fafb50b8d400,scheduled,,2024-01-20 21:07:47+00,2024-01-20 21:20:47+00,carrier_feed
94547bce-9488-59de-8592-2134d97f0699,e6dc767f-2e04-561e-bfed-fafb50b8d400,in_transit,scheduled,2024-01-22 03:27:55+00,2024-01-22 03:49:55+00,carrier_feed
ed7f34a2-3cfc-51f0-a017-9e8e937635c5,e6dc767f-2e04-561e-bfed-fafb50b8d400,delivered,in_transit,2024-01-29 13:54:28+00,2024-01-29 14:29:28+00,carrier_feed
afbdb5da-b741-527e-8c6f-9d0acc62da53,75c9596a-398e-5276-9816-44181264cbe6,scheduled,,2024-05-22 19:26:58+00,2024-05-22 20:04:58+00,carrier_feed
7f3baecf-735a-5440-ae71-1b0517c21a6b,75c9596a-398e-5276-9816-44181264cbe6,in_transit,scheduled,2024-05-26 01:42:55+00,2024-05-26 01:52:55+00,carrier_feed
2a68878a-a13c-5b50-aa16-0dccb56d0289,75c9596a-398e-5276-9816-44181264cbe6,delivered,in_transit,2024-06-01 21:01:12+00,2024-06-01 21:13:12+00,carrier_feed
64714be8-b89a-5c3b-b5b3-e295be15acd9,071fc18e-7c20-5a97-bc8b-bf460315ec80,scheduled,,2024-02-26 00:41:23+00,2024-02-26 00:46:23+00,carrier_feed
ee0bff99-3ddc-5e25-b07b-185afde3ff2a,071fc18e-7c20-5a97-bc8b-bf460315ec80,in_transit,scheduled,2024-02-27 09:02:48+00,2024-02-27 09:14:48+00,carrier_feed
1c46abe1-8ba8-579f-916e-158f8e9cb8b1,071fc18e-7c20-5a97-bc8b-bf460315ec80,delivered,in_transit,2024-02-29 05:41:25+00,2024-02-29 06:13:25+00,carrier_feed
cba559ae-251f-5116-acac-066ff503479d,2c029560-8284-5355-95c1-1d8d8f86794b,scheduled,,2024-10-23 16:09:16+00,2024-10-23 16:23:16+00,carrier_feed
f17be2ec-f389-5a98-af9c-4f2adf087695,2c029560-8284-5355-95c1-1d8d8f86794b,in_transit,scheduled,2024-10-23 18:31:04+00,2024-10-23 18:43:04+00,carrier_feed
a6b6d7a0-47e2-57bf-94e4-32ed43a64ce9,2c029560-8284-5355-95c1-1d8d8f86794b,delayed,in_transit,2024-11-02 00:54:45+00,2024-11-02 01:37:45+00,carrier_feed
4b34ca80-a302-51d5-8cfa-6dc7e3f24851,2c029560-8284-5355-95c1-1d8d8f86794b,delivered,delayed,2024-11-03 18:43:33+00,2024-11-03 19:21:33+00,carrier_feed
09fc9d05-bbc8-5822-a279-7e8f7ac42d5c,186a6022-78d8-559f-8483-616bcc829d81,scheduled,,2024-04-03 00:38:19+00,2024-04-03 01:19:19+00,carrier_feed
673d6004-fd3b-54fd-b0d8-43e33f72445f,186a6022-78d8-559f-8483-616bcc829d81,in_transit,scheduled,2024-04-05 02:08:13+00,2024-04-05 02:43:13+00,carrier_feed
7c2391ed-bc48-50ea-9658-e4210713cd67,186a6022-78d8-559f-8483-616bcc829d81,delivered,in_transit,2024-04-09 20:41:49+00,2024-04-09 21:02:49+00,carrier_feed
11bdd84f-2ff7-570c-94ed-daff976da67e,1018ba09-5ec9-598a-880d-11d00e4cee72,scheduled,,2024-03-13 11:00:55+00,2024-03-13 11:23:55+00,carrier_feed
e6bfb638-87c6-5bff-9c67-ea534301f674,1018ba09-5ec9-598a-880d-11d00e4cee72,in_transit,scheduled,2024-03-13 17:41:11+00,2024-03-13 18:12:11+00,carrier_feed
a58fa02a-a8c9-5373-b6a4-3645b819a5bc,1018ba09-5ec9-598a-880d-11d00e4cee72,delivered,in_transit,2024-03-18 21:43:05+00,2024-03-18 22:25:05+00,carrier_feed
4fd186c6-d0f1-59d0-9e42-6147a88318c4,a7c46a4b-9dd0-514a-b465-a6041492df7b,scheduled,,2024-10-20 09:45:08+00,2024-10-20 10:02:08+00,carrier_feed
d4d4a924-2341-5b94-9116-cefa312c544f,a7c46a4b-9dd0-514a-b465-a6041492df7b,in_transit,scheduled,2024-10-21 14:45:57+00,2024-10-21 14:55:57+00,carrier_feed
8cd03453-ffef-5fdf-acf8-b3785bc3b4bb,a7c46a4b-9dd0-514a-b465-a6041492df7b,delivered,in_transit,2024-10-26 11:25:28+00,2024-10-26 11:56:28+00,carrier_feed
f17fcb2f-718a-5cad-a7a8-751c43977e03,064e3692-cf07-52eb-868d-fcb045a0aedc,scheduled,,2024-04-06 00:07:00+00,2024-04-06 00:47:00+00,carrier_feed
5683c925-1445-5cf9-9c82-39f8e867297e,064e3692-cf07-52eb-868d-fcb045a0aedc,in_transit,scheduled,2024-04-09 01:41:34+00,2024-04-09 01:51:34+00,carrier_feed
bb91425b-ed32-5ba9-94c6-94fa60abe82d,064e3692-cf07-52eb-868d-fcb045a0aedc,delivered,in_transit,2024-04-11 02:00:58+00,2024-04-11 02:27:58+00,carrier_feed
b8a64903-d219-522d-8209-0586e515a4ef,3033bd88-3bb8-53fe-a848-489bd19ddcc2,scheduled,,2024-07-15 19:37:04+00,2024-07-15 19:46:04+00,carrier_feed
6c085cae-1f5f-5458-b124-870833b7cee0,3033bd88-3bb8-53fe-a848-489bd19ddcc2,in_transit,scheduled,2024-07-17 02:19:04+00,2024-07-17 02:48:04+00,carrier_feed
86f5249b-48ce-5165-ba67-e91917850807,3033bd88-3bb8-53fe-a848-489bd19ddcc2,delivered,in_transit,2024-07-23 21:56:18+00,2024-07-23 22:19:18+00,carrier_feed
ed1e4930-40d9-5708-965a-ab871697b271,fb2c044f-0ded-5764-b03d-a47f12d9cf07,scheduled,,2024-12-20 19:06:06+00,2024-12-20 19:50:06+00,carrier_feed
61d9d4e5-cc6e-504b-9690-981cc8170af1,fb2c044f-0ded-5764-b03d-a47f12d9cf07,in_transit,scheduled,2024-12-21 20:30:46+00,2024-12-21 20:42:46+00,carrier_feed
3ad90471-b1b8-5f0a-ac36-aad38d07b5e4,fb2c044f-0ded-5764-b03d-a47f12d9cf07,delivered,in_transit,2024-12-28 19:34:48+00,2024-12-28 20:18:48+00,carrier_feed
ad7940d6-8dbb-5bfd-8c84-98a5d19d10f0,fc21dd83-687f-5725-9a23-b7d3d6350cdb,scheduled,,2024-11-07 21:07:11+00,2024-11-07 21:13:11+00,carrier_feed
9837c61e-be71-5b4b-8053-7757fa12d382,fc21dd83-687f-5725-9a23-b7d3d6350cdb,in_transit,scheduled,2024-11-08 04:46:10+00,2024-11-08 05:22:10+00,carrier_feed
21d331c4-473a-5613-8e8b-94f1bc7b8058,fc21dd83-687f-5725-9a23-b7d3d6350cdb,delivered,in_transit,2024-11-10 00:23:32+00,2024-11-10 00:31:32+00,carrier_feed
abd6e752-11c6-5bcc-a28c-7daf1bf76142,0f912bae-134a-5170-8bf4-7fbf6149e59a,scheduled,,2024-03-16 19:22:00+00,2024-03-16 20:07:00+00,carrier_feed
8e0f40c7-1056-5f5e-8f98-a562ddbc5105,0f912bae-134a-5170-8bf4-7fbf6149e59a,in_transit,scheduled,2024-03-18 20:38:29+00,2024-03-18 21:00:29+00,carrier_feed
1cbc3964-f290-5ab4-9343-ba9c1a4ab6a2,0f912bae-134a-5170-8bf4-7fbf6149e59a,delivered,in_transit,2024-03-24 04:56:42+00,2024-03-24 05:18:42+00,carrier_feed
e84f5748-c856-5da4-a5af-baeceddcd382,97856edb-c44e-5aa5-a891-16c1c018a3e3,scheduled,,2024-07-06 02:24:31+00,2024-07-06 02:50:31+00,carrier_feed
2754865b-b025-5524-9eb0-5403bf5cd71b,97856edb-c44e-5aa5-a891-16c1c018a3e3,in_transit,scheduled,2024-07-08 08:04:10+00,2024-07-08 08:16:10+00,carrier_feed
92374564-297d-5fd0-bca5-b8afca5e9235,97856edb-c44e-5aa5-a891-16c1c018a3e3,delivered,in_transit,2024-07-11 21:19:31+00,2024-07-11 22:02:31+00,carrier_feed
19698405-678b-5d65-a054-b1fb52a658d8,ccf6bb3e-38dc-5b38-b2b5-f822a9da1902,scheduled,,2024-02-23 18:16:31+00,2024-02-23 18:45:31+00,carrier_feed
49a894a0-491c-55a2-9db0-d01efd0f5fed,ccf6bb3e-38dc-5b38-b2b5-f822a9da1902,in_transit,scheduled,2024-02-26 00:17:03+00,2024-02-26 00:40:03+00,carrier_feed
de8da38c-4626-55ab-8080-a55301040e9b,ccf6bb3e-38dc-5b38-b2b5-f822a9da1902,delivered,in_transit,2024-03-02 04:40:48+00,2024-03-02 05:21:48+00,carrier_feed
1a5312cd-f8fd-5b79-967d-14ab85cd78ca,6268dc5a-de36-5e28-ae1e-e737d6bcc41f,scheduled,,2024-06-17 00:11:40+00,2024-06-17 00:27:40+00,carrier_feed
1b0e6b4e-1bc6-59d0-96c0-b30f56e24216,6268dc5a-de36-5e28-ae1e-e737d6bcc41f,in_transit,scheduled,2024-06-20 03:31:10+00,2024-06-20 03:51:10+00,carrier_feed
503f0820-4207-52bf-8de3-9d8b7c70cf3f,6268dc5a-de36-5e28-ae1e-e737d6bcc41f,delivered,in_transit,2024-06-24 10:48:33+00,2024-06-24 10:54:33+00,carrier_feed
c8c69d60-d0f1-5e35-ba61-89c5c1bb1210,1be0828f-1237-5dc1-bde8-5d8b92546e00,scheduled,,2024-11-25 01:45:38+00,2024-11-25 02:14:38+00,carrier_feed
7aad3c46-e8a6-594d-ad7a-e50b39a5b9e8,1be0828f-1237-5dc1-bde8-5d8b92546e00,in_transit,scheduled,2024-11-26 06:00:44+00,2024-11-26 06:32:44+00,carrier_feed
c79ac0e0-cae1-5c7a-8091-6460408aa045,1be0828f-1237-5dc1-bde8-5d8b92546e00,delivered,in_transit,2024-12-03 03:07:14+00,2024-12-03 03:16:14+00,carrier_feed
addb52cb-992e-5e19-b7a0-c09180622b63,32020f8c-cdf7-50b4-944a-3f4050fc1177,scheduled,,2024-10-01 17:19:38+00,2024-10-01 18:03:38+00,carrier_feed
6d048421-f8e7-5072-9ce6-1bb9aaf6a26c,32020f8c-cdf7-50b4-944a-3f4050fc1177,in_transit,scheduled,2024-10-04 18:43:56+00,2024-10-04 18:48:56+00,carrier_feed
7fd2737a-3536-53ec-8086-501a2e77efcf,32020f8c-cdf7-50b4-944a-3f4050fc1177,delivered,in_transit,2024-10-06 23:20:51+00,2024-10-06 23:32:51+00,carrier_feed
4f3898a1-9a8d-5b03-9695-608a0c731b6f,712e91c7-9a87-55fe-9b21-574ba883737e,scheduled,,2024-10-10 10:04:36+00,2024-10-10 10:39:36+00,carrier_feed
8892b6ad-1488-5323-998a-f62d9a07771c,712e91c7-9a87-55fe-9b21-574ba883737e,in_transit,scheduled,2024-10-11 12:10:38+00,2024-10-11 12:32:38+00,carrier_feed
66090608-fdf9-5244-a54b-7681781d4716,712e91c7-9a87-55fe-9b21-574ba883737e,delivered,in_transit,2024-10-14 22:25:38+00,2024-10-14 23:03:38+00,carrier_feed
520ad45a-36b0-539f-bd34-0be2001eeda7,4e229a54-b507-539d-9a17-cdaf1c04ef94,scheduled,,2024-02-28 00:08:56+00,2024-02-28 00:31:56+00,carrier_feed
7759220e-a274-524f-890e-463744660934,4e229a54-b507-539d-9a17-cdaf1c04ef94,in_transit,scheduled,2024-03-01 09:46:00+00,2024-03-01 10:01:00+00,carrier_feed
d972e60b-242c-501c-bd3f-e8246854cc7e,4e229a54-b507-539d-9a17-cdaf1c04ef94,delivered,in_transit,2024-03-05 07:24:36+00,2024-03-05 07:49:36+00,carrier_feed
c2593686-2afc-5824-b143-57b4ebe924fe,14b2a582-7b7b-5239-ba91-fc14ac31cfaf,scheduled,,2024-07-20 18:04:20+00,2024-07-20 18:19:20+00,carrier_feed
472f6fc7-7492-55cb-a627-084cd900c82f,14b2a582-7b7b-5239-ba91-fc14ac31cfaf,in_transit,scheduled,2024-07-23 19:20:05+00,2024-07-23 19:42:05+00,carrier_feed
92151c20-64d3-5fb6-b65c-98bdcc8db7e3,14b2a582-7b7b-5239-ba91-fc14ac31cfaf,delivered,in_transit,2024-07-28 12:48:41+00,2024-07-28 13:19:41+00,carrier_feed
67b55726-c0cc-554d-abd7-65b91ae519fb,11498875-04bf-5049-94e1-238bed01784c,scheduled,,2024-10-17 14:53:06+00,2024-10-17 15:27:06+00,carrier_feed
dfa8c723-f567-5131-b59d-bcde8a9d1cab,11498875-04bf-5049-94e1-238bed01784c,in_transit,scheduled,2024-10-19 21:28:38+00,2024-10-19 21:40:38+00,carrier_feed
089f519e-3e73-5b76-a4fb-fce4a2aeb16b,11498875-04bf-5049-94e1-238bed01784c,delivered,in_transit,2024-10-23 14:00:10+00,2024-10-23 14:43:10+00,carrier_feed
ade49c58-b78c-5e1c-a21b-c8852e849e91,dae2a26f-145c-5eee-b334-de1a4a9e95cc,scheduled,,2024-11-17 16:50:16+00,2024-11-17 17:08:16+00,carrier_feed
af2f996e-8574-55a7-89a7-878e52590650,dae2a26f-145c-5eee-b334-de1a4a9e95cc,in_transit,scheduled,2024-11-19 20:05:40+00,2024-11-19 20:13:40+00,carrier_feed
9f5a8d4b-e66b-53c5-bf1c-51f5652b1731,dae2a26f-145c-5eee-b334-de1a4a9e95cc,delivered,in_transit,2024-11-22 03:06:05+00,2024-11-22 03:35:05+00,carrier_feed
19597ae7-1a62-55d1-ba76-f114730a204b,8c1f72bc-3a4a-5a53-ab9b-3bc263469590,scheduled,,2024-09-24 15:17:26+00,2024-09-24 15:40:26+00,carrier_feed
c542ede3-5782-574a-b8e2-aebb6c143465,8c1f72bc-3a4a-5a53-ab9b-3bc263469590,in_transit,scheduled,2024-09-25 17:41:30+00,2024-09-25 18:17:30+00,carrier_feed
9024b0b7-8b0a-57c2-8d6e-e4357094c493,8c1f72bc-3a4a-5a53-ab9b-3bc263469590,delivered,in_transit,2024-10-03 01:49:59+00,2024-10-03 02:06:59+00,carrier_feed
49d1cc28-6b74-5f7b-8a25-1a1e730ba525,4bef8f21-d8cb-5a23-ae83-09024d8b658a,scheduled,,2024-11-04 01:15:08+00,2024-11-04 01:57:08+00,carrier_feed
641f886b-5a4b-58ac-9186-42a43d1f3a0b,4bef8f21-d8cb-5a23-ae83-09024d8b658a,in_transit,scheduled,2024-11-04 08:22:23+00,2024-11-04 08:28:23+00,carrier_feed
f296f979-13a9-5e8b-b526-6965390d24bd,4bef8f21-d8cb-5a23-ae83-09024d8b658a,delivered,in_transit,2024-11-08 16:52:11+00,2024-11-08 17:30:11+00,carrier_feed
0a3617b3-a92a-5759-8df4-396b706ebd5e,07c80d35-1313-5463-a6fa-50b64df21e52,scheduled,,2024-11-14 19:32:34+00,2024-11-14 20:07:34+00,carrier_feed
fdfa1a1d-4713-5ed1-bdbf-2abac46cb355,07c80d35-1313-5463-a6fa-50b64df21e52,in_transit,scheduled,2024-11-17 04:04:40+00,2024-11-17 04:31:40+00,carrier_feed
0b5fb40d-68f5-5475-933b-e9b445535722,07c80d35-1313-5463-a6fa-50b64df21e52,delivered,in_transit,2024-11-23 06:11:05+00,2024-11-23 06:28:05+00,carrier_feed
0401b318-a8c1-5b41-b5be-2f26f28a1838,268c69be-42c1-5591-94a6-c2a3c8a4dca3,scheduled,,2024-09-05 17:21:04+00,2024-09-05 17:47:04+00,carrier_feed
699af131-edef-5d3f-bf5d-4d270fdf3b22,268c69be-42c1-5591-94a6-c2a3c8a4dca3,in_transit,scheduled,2024-09-06 19:58:26+00,2024-09-06 20:37:26+00,carrier_feed
91a715e1-3d6c-5d22-b2f4-659e3eeadc4e,268c69be-42c1-5591-94a6-c2a3c8a4dca3,delivered,in_transit,2024-09-10 01:08:59+00,2024-09-10 01:49:59+00,carrier_feed
1a2ac56a-b85d-52a7-8915-43bbb2bc30eb,6fd15e67-124e-5e71-af61-254df588b823,scheduled,,2024-11-25 23:43:22+00,2024-11-26 00:23:22+00,carrier_feed
6c77ecf1-574c-53c6-997f-e874cc2c9b0a,6fd15e67-124e-5e71-af61-254df588b823,in_transit,scheduled,2024-11-28 06:04:35+00,2024-11-28 06:22:35+00,carrier_feed
c8e54e63-aeb1-5356-b212-8aa7ed5ae17f,6fd15e67-124e-5e71-af61-254df588b823,delivered,in_transit,2024-12-06 09:11:08+00,2024-12-06 09:26:08+00,carrier_feed
a9b5b8f7-04a7-513c-b662-97b77d61cab6,6d6f45f5-761d-595e-841c-707441127b9a,scheduled,,2024-09-28 16:43:56+00,2024-09-28 17:05:56+00,carrier_feed
dc4548f7-1dd9-57d2-a18f-3505f4096c78,6d6f45f5-761d-595e-841c-707441127b9a,in_transit,scheduled,2024-09-29 22:20:34+00,2024-09-29 22:38:34+00,carrier_feed
413e4165-890d-5b1b-8e84-2d825b393d7e,6d6f45f5-761d-595e-841c-707441127b9a,delivered,in_transit,2024-10-01 17:36:10+00,2024-10-01 18:02:10+00,carrier_feed
eb2f2aa6-9863-5362-946f-370d34404557,19859fb0-0d42-5de9-8628-1c90df87b8c2,scheduled,,2024-07-17 20:07:48+00,2024-07-17 20:50:48+00,carrier_feed
d228f339-1c8a-5a13-a2bc-a52b85409244,19859fb0-0d42-5de9-8628-1c90df87b8c2,in_transit,scheduled,2024-07-20 04:26:49+00,2024-07-20 04:54:49+00,carrier_feed
f2fcc9d1-5757-5ce4-8a1d-859050a37ae7,19859fb0-0d42-5de9-8628-1c90df87b8c2,delivered,in_transit,2024-07-22 05:35:48+00,2024-07-22 05:47:48+00,carrier_feed
eb351e4c-c1b3-531d-bf1f-547f87760b9b,d602ee5a-12cf-5b46-a29c-7ce411fd6e31,scheduled,,2024-03-11 21:25:01+00,2024-03-11 21:45:01+00,carrier_feed
fbf8d9eb-165f-5b42-97ce-3fbddbb8405c,d602ee5a-12cf-5b46-a29c-7ce411fd6e31,in_transit,scheduled,2024-03-12 22:33:39+00,2024-03-12 22:50:39+00,carrier_feed
db4fa494-1633-5e80-99e4-d68f7bfb5c26,d602ee5a-12cf-5b46-a29c-7ce411fd6e31,delivered,in_transit,2024-03-18 23:34:32+00,2024-03-18 23:53:32+00,carrier_feed
16cb9900-4f8b-57fe-9aa3-2502a76c143b,9018cf85-fb02-51e3-a3d9-a0ede129d581,scheduled,,2024-10-09 12:44:52+00,2024-10-09 12:53:52+00,carrier_feed
ab727121-9f8c-5e97-ab7f-6cffea938911,9018cf85-fb02-51e3-a3d9-a0ede129d581,in_transit,scheduled,2024-10-10 15:53:46+00,2024-10-10 16:24:46+00,carrier_feed
89c99a7d-0533-5532-8304-46a7d003529b,9018cf85-fb02-51e3-a3d9-a0ede129d581,delivered,in_transit,2024-10-15 01:18:17+00,2024-10-15 02:01:17+00,carrier_feed
2a75a786-c576-5bf6-8db8-2780d873f7f4,3ca3817b-8c2c-5d44-a806-d11f1a1931c7,scheduled,,2024-09-26 12:14:25+00,2024-09-26 12:42:25+00,carrier_feed
9095b5f2-8345-509d-b39b-c89b9cdf9de1,3ca3817b-8c2c-5d44-a806-d11f1a1931c7,in_transit,scheduled,2024-09-26 15:48:46+00,2024-09-26 16:10:46+00,carrier_feed
efaba623-d1b0-56c4-a0ae-bfa6ae91efcf,3ca3817b-8c2c-5d44-a806-d11f1a1931c7,delayed,in_transit,2024-10-04 22:15:47+00,2024-10-04 22:32:47+00,carrier_feed
73b5d148-45bc-514e-8a28-0d0a3d2d42a7,3ca3817b-8c2c-5d44-a806-d11f1a1931c7,delivered,delayed,2024-10-09 16:06:04+00,2024-10-09 16:19:04+00,carrier_feed
f711f9b8-3f32-5427-953b-0b30081f948b,49d6a5fa-9afc-562c-baec-20930b45e441,scheduled,,2024-03-18 10:19:15+00,2024-03-18 10:39:15+00,carrier_feed
5329a14d-6fcb-598f-9d83-c25a235e1b57,49d6a5fa-9afc-562c-baec-20930b45e441,in_transit,scheduled,2024-03-19 18:50:26+00,2024-03-19 19:06:26+00,carrier_feed
e7f503cc-2034-5bb8-a7bb-f6794cc46745,49d6a5fa-9afc-562c-baec-20930b45e441,delivered,in_transit,2024-03-28 07:30:20+00,2024-03-28 07:52:20+00,carrier_feed
7f2bc894-082b-5793-90d8-14b332abf5d1,af6697f5-4667-52c8-809b-fc6777e325b4,scheduled,,2024-07-24 20:54:23+00,2024-07-24 21:25:23+00,carrier_feed
20ae0428-c335-5b68-a32f-b28724ac8814,af6697f5-4667-52c8-809b-fc6777e325b4,in_transit,scheduled,2024-07-25 00:35:13+00,2024-07-25 01:16:13+00,carrier_feed
74b47239-ab05-5f99-aff5-87c7c5603569,af6697f5-4667-52c8-809b-fc6777e325b4,delivered,in_transit,2024-08-02 03:40:16+00,2024-08-02 03:59:16+00,carrier_feed
60617cc9-07a5-5b60-931e-e523ee23722d,6d124066-5405-5105-8ff9-2027a8a24799,scheduled,,2024-10-16 02:28:08+00,2024-10-16 02:55:08+00,carrier_feed
7264be83-8753-5f16-9de8-beef145654ef,6d124066-5405-5105-8ff9-2027a8a24799,in_transit,scheduled,2024-10-17 04:30:07+00,2024-10-17 04:57:07+00,carrier_feed
e59658a4-689d-5bcc-bccb-c539aaf92f97,6d124066-5405-5105-8ff9-2027a8a24799,delayed,in_transit,2024-10-26 10:34:40+00,2024-10-26 10:46:40+00,carrier_feed
c3437995-9393-5349-821b-6bf3edb38603,6d124066-5405-5105-8ff9-2027a8a24799,delivered,delayed,2024-11-28 04:48:57+00,2024-11-28 05:19:57+00,carrier_feed
6034f07c-3958-524f-a205-07a4f40a870f,6dcc947d-d6ae-5888-b9ee-591abd041357,scheduled,,2024-01-14 20:40:28+00,2024-01-14 21:24:28+00,carrier_feed
734b4209-de08-5a4d-963a-73fa25edbfaf,6dcc947d-d6ae-5888-b9ee-591abd041357,in_transit,scheduled,2024-01-15 23:09:07+00,2024-01-15 23:45:07+00,carrier_feed
1afd7769-f446-5629-b14b-33baaade9b66,6dcc947d-d6ae-5888-b9ee-591abd041357,delivered,in_transit,2024-01-22 07:12:55+00,2024-01-22 07:52:55+00,carrier_feed
d2479c60-6c0b-5648-9e1b-7e0dcd1f897c,6c56c3d4-a745-5834-8581-4543b37e1289,scheduled,,2024-03-21 17:34:59+00,2024-03-21 18:12:59+00,carrier_feed
f1d7382e-2b11-510f-b45e-4bb96a463e20,6c56c3d4-a745-5834-8581-4543b37e1289,in_transit,scheduled,2024-03-24 22:01:52+00,2024-03-24 22:18:52+00,carrier_feed
97eb6d06-d753-50bc-8e06-e0b002a81ce1,6c56c3d4-a745-5834-8581-4543b37e1289,delivered,in_transit,2024-03-30 20:40:48+00,2024-03-30 21:16:48+00,carrier_feed
c92a6a65-8712-5ebd-aea5-4c37870ca1b5,a568e8e7-467f-5f67-9d74-abd38c05f34f,scheduled,,2024-10-03 20:21:06+00,2024-10-03 20:56:06+00,carrier_feed
ad1e822e-d43f-58eb-9807-94d031463c15,a568e8e7-467f-5f67-9d74-abd38c05f34f,in_transit,scheduled,2024-10-06 01:41:36+00,2024-10-06 02:16:36+00,carrier_feed
a9fabbaf-3e16-5b57-8fc1-1222cde0146e,a568e8e7-467f-5f67-9d74-abd38c05f34f,delivered,in_transit,2024-10-08 12:11:03+00,2024-10-08 12:26:03+00,carrier_feed
adea371b-55ad-5fef-8c4d-8452bec16932,002c952b-393c-52cb-82d6-c73bf2272e6d,scheduled,,2024-02-01 21:15:57+00,2024-02-01 21:23:57+00,carrier_feed
0ea050c5-255b-514d-9d4e-545e7d081c14,002c952b-393c-52cb-82d6-c73bf2272e6d,in_transit,scheduled,2024-02-03 04:39:25+00,2024-02-03 05:03:25+00,carrier_feed
43b4415d-10e8-5a77-bb79-64c42f27df54,002c952b-393c-52cb-82d6-c73bf2272e6d,delayed,in_transit,2024-02-12 10:52:22+00,2024-02-12 11:11:22+00,carrier_feed
cfcaa851-c163-5439-a168-f9965a9c5d23,002c952b-393c-52cb-82d6-c73bf2272e6d,delivered,delayed,2024-02-16 05:10:23+00,2024-02-16 05:51:23+00,carrier_feed
d1009e88-5f7b-5976-95da-b4e353358cd5,aa898c3f-4bb4-59af-a4f9-2eee4237b9c6,scheduled,,2024-09-11 14:50:05+00,2024-09-11 15:26:05+00,carrier_feed
5179c312-9f8f-5e27-a7f8-f0329384c3f0,aa898c3f-4bb4-59af-a4f9-2eee4237b9c6,in_transit,scheduled,2024-09-11 20:00:06+00,2024-09-11 20:12:06+00,carrier_feed
36f0e66e-e27b-5a81-b61e-67ec75e4d923,aa898c3f-4bb4-59af-a4f9-2eee4237b9c6,delayed,in_transit,2024-09-18 02:44:47+00,2024-09-18 03:21:47+00,carrier_feed
710f8b7d-7489-583a-8e1d-264c8560f0ba,aa898c3f-4bb4-59af-a4f9-2eee4237b9c6,delivered,delayed,2024-10-03 20:23:33+00,2024-10-03 21:00:33+00,carrier_feed
7c5d84b8-698d-5368-9606-02ef43cb486e,5ffdb81e-9ff5-54d1-ab15-c67bf18da798,scheduled,,2024-09-30 17:59:16+00,2024-09-30 18:39:16+00,carrier_feed
c408a576-2622-5e41-9f8a-28ad824fb651,5ffdb81e-9ff5-54d1-ab15-c67bf18da798,in_transit,scheduled,2024-10-01 03:32:55+00,2024-10-01 03:54:55+00,carrier_feed
c9bc795d-17b6-5243-8490-aa38e96202dd,5ffdb81e-9ff5-54d1-ab15-c67bf18da798,delivered,in_transit,2024-10-04 09:15:05+00,2024-10-04 09:29:05+00,carrier_feed
f649c3f6-b947-5189-9ca5-107e00a06065,008c78e9-1914-53fd-a6f2-3b09658204b8,scheduled,,2024-06-06 21:42:01+00,2024-06-06 22:16:01+00,carrier_feed
e28ee1ce-4d6e-5f4a-90e6-aaddff04bb44,008c78e9-1914-53fd-a6f2-3b09658204b8,in_transit,scheduled,2024-06-07 05:00:00+00,2024-06-07 05:12:00+00,carrier_feed
9f15f8bf-43a1-5a12-bd85-fd555c1a9ee4,008c78e9-1914-53fd-a6f2-3b09658204b8,delivered,in_transit,2024-06-10 12:23:07+00,2024-06-10 12:52:07+00,carrier_feed
c8fb1388-490e-54f9-b8fd-184e6bf0fa51,f0e3dca7-d6d7-5ba3-a4a4-0b8bc42afa44,scheduled,,2024-09-04 17:11:45+00,2024-09-04 17:55:45+00,carrier_feed
cb46f4f3-2b7f-566e-849c-89cdd8721fcf,f0e3dca7-d6d7-5ba3-a4a4-0b8bc42afa44,in_transit,scheduled,2024-09-07 02:27:51+00,2024-09-07 02:59:51+00,carrier_feed
408d53bc-1b9d-5b8d-9541-5ca35b86c549,f0e3dca7-d6d7-5ba3-a4a4-0b8bc42afa44,delayed,in_transit,2024-09-12 08:44:17+00,2024-09-12 09:09:17+00,carrier_feed
d03db0f6-2c35-533e-b2f8-9ef970e50286,f0e3dca7-d6d7-5ba3-a4a4-0b8bc42afa44,delivered,delayed,2024-09-17 02:30:13+00,2024-09-17 03:01:13+00,carrier_feed
03284e60-36f6-595b-afaa-ee369a16d57c,5c195cee-d045-5846-ad1a-8d884713c66d,scheduled,,2024-11-23 20:50:49+00,2024-11-23 21:13:49+00,carrier_feed
69ef2d00-103c-506c-bb59-48dae3cc52f3,5c195cee-d045-5846-ad1a-8d884713c66d,in_transit,scheduled,2024-11-26 02:16:03+00,2024-11-26 02:43:03+00,carrier_feed
b689a352-9ab0-5679-af45-20725f0b7b0b,5c195cee-d045-5846-ad1a-8d884713c66d,delivered,in_transit,2024-12-01 02:42:42+00,2024-12-01 03:10:42+00,carrier_feed
36a1294d-feeb-50a6-a391-fda5a2ccd2d1,14306fb1-1ef6-5759-acae-743347e34758,scheduled,,2024-10-09 12:18:59+00,2024-10-09 12:36:59+00,carrier_feed
871d5620-77c7-5ad8-8458-b2f5d37c767d,14306fb1-1ef6-5759-acae-743347e34758,in_transit,scheduled,2024-10-12 18:02:22+00,2024-10-12 18:45:22+00,carrier_feed
70cdc156-a879-522a-b969-fb2908970466,14306fb1-1ef6-5759-acae-743347e34758,delayed,in_transit,2024-10-22 00:29:11+00,2024-10-22 00:44:11+00,carrier_feed
a6f0b543-753d-5c2a-9474-46222c5963cd,14306fb1-1ef6-5759-acae-743347e34758,delivered,delayed,2024-10-28 18:20:51+00,2024-10-28 18:58:51+00,carrier_feed
58f42ae9-edc6-5fbc-acf4-8ad4627d783d,8f2016fc-b73c-5124-b4ce-ec973ad4d867,scheduled,,2024-11-11 02:20:46+00,2024-11-11 02:41:46+00,carrier_feed
ac319d89-a818-59d1-afd7-f7fa06376fc6,8f2016fc-b73c-5124-b4ce-ec973ad4d867,in_transit,scheduled,2024-11-14 06:39:54+00,2024-11-14 06:45:54+00,carrier_feed
07bd6601-3c34-5269-baf6-ab9f8dccb17d,8f2016fc-b73c-5124-b4ce-ec973ad4d867,delivered,in_transit,2024-11-20 02:03:19+00,2024-11-20 02:21:19+00,carrier_feed
0bd3de9d-95f6-5409-9235-8e5470d2c32f,b63d5ec1-221c-5168-a337-475f151b422b,scheduled,,2024-01-23 20:42:38+00,2024-01-23 21:04:38+00,carrier_feed
242b35e6-c344-5f1f-bb30-d704a6b38ba6,b63d5ec1-221c-5168-a337-475f151b422b,in_transit,scheduled,2024-01-26 02:17:18+00,2024-01-26 02:53:18+00,carrier_feed
a4431ad9-80ca-534e-b1c7-481ec3dcb9c1,b63d5ec1-221c-5168-a337-475f151b422b,delivered,in_transit,2024-01-28 16:29:57+00,2024-01-28 17:01:57+00,carrier_feed
1a8106ba-1324-5c27-afdc-d267f51062a7,714a11a2-006b-5057-8af6-53b61eae7537,scheduled,,2024-06-05 21:16:54+00,2024-06-05 21:59:54+00,carrier_feed
72e664c6-f49d-5628-8964-f7c930241d62,714a11a2-006b-5057-8af6-53b61eae7537,in_transit,scheduled,2024-06-09 02:47:23+00,2024-06-09 03:17:23+00,carrier_feed
fea650ef-c117-51f2-8276-6c01825c491d,714a11a2-006b-5057-8af6-53b61eae7537,delivered,in_transit,2024-06-15 00:03:44+00,2024-06-15 00:27:44+00,carrier_feed
87dc271a-6493-5f6f-ab15-3a2a3e10df0b,55f09401-9952-59ff-afae-a6b05effe0f4,scheduled,,2024-11-19 11:16:19+00,2024-11-19 11:44:19+00,carrier_feed
8d013810-3e74-5789-83bc-bada38fe765d,55f09401-9952-59ff-afae-a6b05effe0f4,in_transit,scheduled,2024-11-19 16:28:42+00,2024-11-19 16:50:42+00,carrier_feed
2b976b19-3a22-528f-9513-70512c2085e2,55f09401-9952-59ff-afae-a6b05effe0f4,delivered,in_transit,2024-11-23 11:48:13+00,2024-11-23 12:12:13+00,carrier_feed
f0288c09-97d7-53d6-afd6-c15139f67f35,2d3edde9-b7d9-52d8-b29f-e83ffd1863fd,scheduled,,2024-09-04 10:28:34+00,2024-09-04 10:33:34+00,carrier_feed
3317d617-9758-5581-844b-e9d98f186bc3,2d3edde9-b7d9-52d8-b29f-e83ffd1863fd,in_transit,scheduled,2024-09-05 14:39:18+00,2024-09-05 15:10:18+00,carrier_feed
b987b2ba-d7db-570a-b516-b10aeeb2dc35,2d3edde9-b7d9-52d8-b29f-e83ffd1863fd,delivered,in_transit,2024-09-11 12:47:14+00,2024-09-11 13:17:14+00,carrier_feed
900f8c66-acd7-5206-89da-3b518efe3728,cafb77ac-d7ae-5bca-8c6c-cedeed6dcb91,scheduled,,2024-04-02 16:46:00+00,2024-04-02 17:24:00+00,carrier_feed
86885fb8-94d2-5d79-8afb-753cada282a0,cafb77ac-d7ae-5bca-8c6c-cedeed6dcb91,in_transit,scheduled,2024-04-06 00:01:01+00,2024-04-06 00:44:01+00,carrier_feed
bbee54e9-6724-552c-8119-f1bc5252f47d,cafb77ac-d7ae-5bca-8c6c-cedeed6dcb91,delivered,in_transit,2024-04-13 10:16:26+00,2024-04-13 10:58:26+00,carrier_feed
434f219f-0901-5229-964f-00d5a1aa2a6b,136034db-4add-5c7f-b343-54ec0ae779c2,scheduled,,2024-09-14 00:51:51+00,2024-09-14 01:15:51+00,carrier_feed
eb8ab7e3-6c9e-5739-a9ec-0438b9b5c0af,136034db-4add-5c7f-b343-54ec0ae779c2,in_transit,scheduled,2024-09-17 10:16:10+00,2024-09-17 10:30:10+00,carrier_feed
a6e7c79c-886c-5ae9-a68f-aed278728983,136034db-4add-5c7f-b343-54ec0ae779c2,delivered,in_transit,2024-09-25 06:24:22+00,2024-09-25 06:50:22+00,carrier_feed
e61818f1-eca2-550b-97d1-90545770168b,2d4ecfe0-63f5-537c-97d0-866aea3bb9fe,scheduled,,2024-01-27 19:12:36+00,2024-01-27 19:30:36+00,carrier_feed
7220e83c-a104-5a89-8000-156696457276,2d4ecfe0-63f5-537c-97d0-866aea3bb9fe,in_transit,scheduled,2024-01-28 23:37:21+00,2024-01-28 23:52:21+00,carrier_feed
9ded25b8-b405-5f7d-99d5-019976985062,2d4ecfe0-63f5-537c-97d0-866aea3bb9fe,delivered,in_transit,2024-02-02 02:56:25+00,2024-02-02 03:33:25+00,carrier_feed
e814c41b-672d-576e-9281-c157da771248,7e2dae9f-c847-566b-b2b9-9fc7e8ef1820,scheduled,,2024-12-26 02:39:21+00,2024-12-26 02:56:21+00,carrier_feed
117e6871-2a2d-5f4a-abdc-6936ca75cb32,7e2dae9f-c847-566b-b2b9-9fc7e8ef1820,in_transit,scheduled,2024-12-28 08:23:45+00,2024-12-28 08:53:45+00,carrier_feed
157e7c5e-a371-5b9f-82c9-a45880a6a7ed,6c966286-f1bd-5115-8b3d-adc4b3d94f25,scheduled,,2024-10-09 18:37:17+00,2024-10-09 19:19:17+00,carrier_feed
ed08d2be-0011-5e07-96aa-192a930a74c8,6c966286-f1bd-5115-8b3d-adc4b3d94f25,in_transit,scheduled,2024-10-10 04:05:20+00,2024-10-10 04:24:20+00,carrier_feed
6036d57b-e34e-51cc-9099-ce76b61708e5,6c966286-f1bd-5115-8b3d-adc4b3d94f25,delivered,in_transit,2024-10-18 00:15:24+00,2024-10-18 00:20:24+00,carrier_feed
b57051fc-3754-5391-92e4-bb578a844990,7176cc0c-4d3a-54f6-bfb3-8b328f416692,scheduled,,2024-09-28 18:52:16+00,2024-09-28 19:37:16+00,carrier_feed
c84e4e82-e05b-51dc-9c16-b9768de29cf3,7176cc0c-4d3a-54f6-bfb3-8b328f416692,in_transit,scheduled,2024-10-02 02:14:22+00,2024-10-02 02:54:22+00,carrier_feed
bbd1fd7f-2617-5c71-91b2-bb6fb8308cd8,7176cc0c-4d3a-54f6-bfb3-8b328f416692,delivered,in_transit,2024-10-05 20:46:19+00,2024-10-05 20:52:19+00,carrier_feed
909a7ee1-09e8-58a7-b585-f3a25d64da9e,10bf0e4a-bd35-51ca-925d-bf00a73630a9,scheduled,,2024-11-20 23:19:40+00,2024-11-20 23:28:40+00,carrier_feed
942ee9c1-df5e-5931-823a-2ed1db31bae3,10bf0e4a-bd35-51ca-925d-bf00a73630a9,in_transit,scheduled,2024-11-23 02:49:39+00,2024-11-23 03:00:39+00,carrier_feed
85cf42ce-02d1-51b5-a0e7-99a42b59383b,10bf0e4a-bd35-51ca-925d-bf00a73630a9,delivered,in_transit,2024-12-02 00:51:19+00,2024-12-02 01:30:19+00,carrier_feed
802a1c62-ea65-52a1-8b88-fe27c370a4dd,2f3b18cd-b31e-50bb-b72a-d757ab863dbe,scheduled,,2024-06-07 20:57:35+00,2024-06-07 21:33:35+00,carrier_feed
d008ea34-9165-58ea-9196-cb7db7e4460f,2f3b18cd-b31e-50bb-b72a-d757ab863dbe,in_transit,scheduled,2024-06-09 00:02:04+00,2024-06-09 00:18:04+00,carrier_feed
c3e930d8-2a80-58ff-af8b-08b53cbc51b1,2f3b18cd-b31e-50bb-b72a-d757ab863dbe,delivered,in_transit,2024-06-12 14:33:40+00,2024-06-12 14:45:40+00,carrier_feed
5798f871-c8f1-5ab7-8c50-5d0ca6e4875c,9d0eacec-e63c-52eb-a6b0-eff37d03e6eb,scheduled,,2024-09-22 11:22:17+00,2024-09-22 11:39:17+00,carrier_feed
8a9bf793-357b-53e5-8307-858bac256e6d,9d0eacec-e63c-52eb-a6b0-eff37d03e6eb,in_transit,scheduled,2024-09-24 16:01:26+00,2024-09-24 16:42:26+00,carrier_feed
4511e952-08e6-5a9e-ae3a-880da380b0ac,9d0eacec-e63c-52eb-a6b0-eff37d03e6eb,delivered,in_transit,2024-09-27 13:16:17+00,2024-09-27 13:55:17+00,carrier_feed
22a0d6cf-09d7-51c3-b3c3-d7a71e26e4d3,6ca343b0-ce00-5d18-8dd5-a385f52a5d59,scheduled,,2024-10-13 01:55:59+00,2024-10-13 02:12:59+00,carrier_feed
e4101877-6f8e-5bd2-8745-e63bb3b59ef6,6ca343b0-ce00-5d18-8dd5-a385f52a5d59,in_transit,scheduled,2024-10-14 03:09:31+00,2024-10-14 03:15:31+00,carrier_feed
3d641c38-8615-5126-a4b8-dd5233485203,6ca343b0-ce00-5d18-8dd5-a385f52a5d59,delayed,in_transit,2024-10-17 09:44:53+00,2024-10-17 09:59:53+00,carrier_feed
04effe44-3c4e-5b45-bf1b-1f939daf2766,6ca343b0-ce00-5d18-8dd5-a385f52a5d59,delivered,delayed,2024-10-24 03:20:02+00,2024-10-24 03:27:02+00,carrier_feed
49a31601-70c3-5170-880a-b6a4a6a1951a,b0d55459-02ba-5e96-a935-86ee3958291b,scheduled,,2024-10-20 17:41:07+00,2024-10-20 17:47:07+00,carrier_feed
73b793c7-7238-59cb-8488-c7dfce52a158,b0d55459-02ba-5e96-a935-86ee3958291b,in_transit,scheduled,2024-10-23 22:04:35+00,2024-10-23 22:31:35+00,carrier_feed
60f50989-6460-5e9a-b0d9-9fdd5da40593,b0d55459-02ba-5e96-a935-86ee3958291b,delivered,in_transit,2024-10-31 11:46:35+00,2024-10-31 12:18:35+00,carrier_feed
d432e828-f804-5a97-bb49-8feec6855cd4,efc21aec-2c46-537f-9c19-63d467dafe3b,scheduled,,2024-03-31 17:28:38+00,2024-03-31 18:13:38+00,carrier_feed
b99b7737-a713-5c2d-a4db-34fb0e2f72ff,efc21aec-2c46-537f-9c19-63d467dafe3b,in_transit,scheduled,2024-04-02 01:44:07+00,2024-04-02 02:10:07+00,carrier_feed
33e4740a-2c70-5f1e-b9fe-63b2f8a20f16,efc21aec-2c46-537f-9c19-63d467dafe3b,delivered,in_transit,2024-04-05 20:19:45+00,2024-04-05 20:52:45+00,carrier_feed
69cd292e-9826-563a-be88-787be9672e85,737d99a8-86c2-50e7-b803-c0f4e6907619,scheduled,,2024-10-08 09:03:46+00,2024-10-08 09:18:46+00,carrier_feed
283c50d5-c194-5f2e-ab61-44cc0c453ff1,737d99a8-86c2-50e7-b803-c0f4e6907619,in_transit,scheduled,2024-10-09 15:19:09+00,2024-10-09 15:36:09+00,carrier_feed
03186aa4-b141-5636-b727-f3a33fb07c23,737d99a8-86c2-50e7-b803-c0f4e6907619,delayed,in_transit,2024-10-14 21:21:31+00,2024-10-14 22:00:31+00,carrier_feed
5a4c1719-fa0c-522c-b517-42e26c7b9b35,737d99a8-86c2-50e7-b803-c0f4e6907619,delivered,delayed,2024-10-21 15:43:02+00,2024-10-21 16:15:02+00,carrier_feed
ff4a6556-6bbe-594b-afb3-4f3ba90149c3,45a55f24-da31-5d98-8717-a6cc042c2496,scheduled,,2024-09-16 08:13:28+00,2024-09-16 08:25:28+00,carrier_feed
722d52b2-8544-5e8e-8e30-f9541368a3f7,45a55f24-da31-5d98-8717-a6cc042c2496,in_transit,scheduled,2024-09-17 15:54:54+00,2024-09-17 16:25:54+00,carrier_feed
d1d3fe1b-89c1-5992-9e6f-ab6a7098bd80,45a55f24-da31-5d98-8717-a6cc042c2496,delivered,in_transit,2024-09-22 10:03:08+00,2024-09-22 10:11:08+00,carrier_feed
05288e18-f0c2-50e2-a05d-3c797a4d6e29,a7071a3e-c05f-55f1-9002-d2d990482b3c,scheduled,,2024-08-14 17:31:07+00,2024-08-14 17:40:07+00,carrier_feed
2396641c-9ec3-5830-96d8-fc17694ad1e8,a7071a3e-c05f-55f1-9002-d2d990482b3c,in_transit,scheduled,2024-08-15 01:39:37+00,2024-08-15 02:18:37+00,carrier_feed
a323fb3f-71a7-5580-a769-88ffc0beda0a,a7071a3e-c05f-55f1-9002-d2d990482b3c,delayed,in_transit,2024-08-18 07:54:47+00,2024-08-18 08:26:47+00,carrier_feed
10a7ba58-8294-5cbc-b644-dfde7895630b,a7071a3e-c05f-55f1-9002-d2d990482b3c,delivered,delayed,2024-08-19 02:17:24+00,2024-08-19 02:26:24+00,carrier_feed
f25ed26a-1b05-5598-8ff7-4f8dd57fc41a,942abe30-34ad-54d8-9d5a-9b0f2bb96a4b,scheduled,,2024-02-15 23:29:49+00,2024-02-16 00:11:49+00,carrier_feed
513f765a-3e61-555d-a84f-751863835afc,942abe30-34ad-54d8-9d5a-9b0f2bb96a4b,in_transit,scheduled,2024-02-19 05:06:16+00,2024-02-19 05:17:16+00,carrier_feed
cad6cd32-f30d-52ab-8b9a-e8a5d50af277,942abe30-34ad-54d8-9d5a-9b0f2bb96a4b,delivered,in_transit,2024-02-26 05:33:44+00,2024-02-26 05:53:44+00,carrier_feed
4a2bea48-5756-5ced-b676-edad8f56ed43,01d09bc6-b19c-57d9-8122-c19ac2bfc9c9,scheduled,,2024-12-25 00:01:17+00,2024-12-25 00:33:17+00,carrier_feed
d7c6e5cd-afab-5293-a1de-3d54bfadf240,01d09bc6-b19c-57d9-8122-c19ac2bfc9c9,in_transit,scheduled,2024-12-26 04:11:42+00,2024-12-26 04:33:42+00,carrier_feed
d8e9e8ac-6499-5196-ab46-b39541f4fbbc,01d09bc6-b19c-57d9-8122-c19ac2bfc9c9,delivered,in_transit,2024-12-29 23:46:24+00,2024-12-29 23:54:24+00,carrier_feed
94f8af7a-9e17-5c18-8920-fb29d86cba12,5b5b026b-2307-5aa5-be48-dabb5decdcea,scheduled,,2024-06-16 23:56:25+00,2024-06-17 00:27:25+00,carrier_feed
5ddfb7e6-4ae9-5e79-8a47-302a82243543,5b5b026b-2307-5aa5-be48-dabb5decdcea,in_transit,scheduled,2024-06-19 09:35:03+00,2024-06-19 10:17:03+00,carrier_feed
9e083383-d92f-5c13-b3dd-704d07337be6,5b5b026b-2307-5aa5-be48-dabb5decdcea,delivered,in_transit,2024-06-23 08:18:08+00,2024-06-23 08:44:08+00,carrier_feed
f69ad193-9b9c-5b8e-adfd-c703c8ec3cee,392b1a1b-e77f-5c50-b24d-b9a4bef81d0c,scheduled,,2024-12-23 02:09:50+00,2024-12-23 02:48:50+00,carrier_feed
a6c210fc-b486-5a2b-8117-85d969dfe036,392b1a1b-e77f-5c50-b24d-b9a4bef81d0c,in_transit,scheduled,2024-12-25 06:35:12+00,2024-12-25 06:42:12+00,carrier_feed
bc25a998-0c7f-5d5b-bfd6-add20f57a18d,392b1a1b-e77f-5c50-b24d-b9a4bef81d0c,delivered,in_transit,2024-12-30 03:01:47+00,2024-12-30 03:29:47+00,carrier_feed
0e40480f-6f6f-5934-9ff9-26a9c828146a,3a78095f-ffc4-5054-8e62-4907481ea1a6,scheduled,,2024-11-01 02:54:47+00,2024-11-01 03:03:47+00,carrier_feed
6d4ef330-e0ea-5d7e-954b-f3c6fbe78db1,3a78095f-ffc4-5054-8e62-4907481ea1a6,in_transit,scheduled,2024-11-01 11:58:34+00,2024-11-01 12:35:34+00,carrier_feed
ccfb476f-65ba-5335-8ded-99ae070438d0,3a78095f-ffc4-5054-8e62-4907481ea1a6,delayed,in_transit,2024-11-04 18:14:41+00,2024-11-04 18:38:41+00,carrier_feed
4df67071-2983-5822-87cf-44b5b290feb8,3a78095f-ffc4-5054-8e62-4907481ea1a6,delivered,delayed,2024-11-14 12:05:42+00,2024-11-14 12:12:42+00,carrier_feed
023d832d-fe47-5780-9040-ca633240abbd,fe4b0be1-ceda-5ba0-b417-5c7b13047084,scheduled,,2024-02-02 18:09:09+00,2024-02-02 18:32:09+00,carrier_feed
210b21ed-c58d-51d1-ab8f-1e5b4ffff454,fe4b0be1-ceda-5ba0-b417-5c7b13047084,in_transit,scheduled,2024-02-04 20:53:44+00,2024-02-04 21:29:44+00,carrier_feed
9f744fb5-ff72-55ef-be74-0b3d09314032,fe4b0be1-ceda-5ba0-b417-5c7b13047084,delivered,in_transit,2024-02-13 16:54:39+00,2024-02-13 17:30:39+00,carrier_feed
58ce6572-ebf5-5784-b5e5-c0ea8bb09f85,45c12d19-3a6d-5a9d-b7a0-36a1726ea5f2,scheduled,,2024-11-11 00:24:30+00,2024-11-11 00:44:30+00,carrier_feed
eef54262-8410-54f5-b3da-595b2ed3b644,45c12d19-3a6d-5a9d-b7a0-36a1726ea5f2,in_transit,scheduled,2024-11-13 07:40:08+00,2024-11-13 08:07:08+00,carrier_feed
eab5c75b-1140-58a7-91b4-4e5bb8bcc0f1,45c12d19-3a6d-5a9d-b7a0-36a1726ea5f2,delivered,in_transit,2024-11-20 09:12:27+00,2024-11-20 09:19:27+00,carrier_feed
f3e85325-713e-5cc5-82ae-b42f18656db2,0621f604-a371-5385-96b4-497f73db4448,scheduled,,2024-09-09 15:03:29+00,2024-09-09 15:23:29+00,carrier_feed
7d9445e5-bb09-5821-8d7f-099f39d45cfe,0621f604-a371-5385-96b4-497f73db4448,in_transit,scheduled,2024-09-12 16:28:09+00,2024-09-12 16:40:09+00,carrier_feed
a0d506f3-8a00-59d8-b368-8c6063f05cd8,0621f604-a371-5385-96b4-497f73db4448,delivered,in_transit,2024-09-19 22:33:06+00,2024-09-19 23:10:06+00,carrier_feed
85d621fa-2f54-5dd0-aa65-48136d38adbf,5deda827-22f1-5c6b-9ba1-c7d391d577a5,scheduled,,2024-05-28 18:48:17+00,2024-05-28 19:26:17+00,carrier_feed
5ff5fe7e-e8ac-56db-a74e-de6b9efa3be7,5deda827-22f1-5c6b-9ba1-c7d391d577a5,in_transit,scheduled,2024-05-28 21:26:56+00,2024-05-28 21:50:56+00,carrier_feed
85f2b5f8-19f4-5791-93d5-7ffd00e4e0a0,5deda827-22f1-5c6b-9ba1-c7d391d577a5,delivered,in_transit,2024-06-03 00:50:17+00,2024-06-03 01:32:17+00,carrier_feed
355d96a6-7496-5878-b6d5-2a0ddb2e2df7,59254d92-b495-59ab-8913-b9582d852c63,scheduled,,2024-08-19 22:20:04+00,2024-08-19 22:54:04+00,carrier_feed
10e654fd-fd35-52d2-a13e-68e0c8abffda,59254d92-b495-59ab-8913-b9582d852c63,in_transit,scheduled,2024-08-23 03:00:24+00,2024-08-23 03:23:24+00,carrier_feed
5464c56c-3cbc-50f2-a976-d44ca076ac0d,59254d92-b495-59ab-8913-b9582d852c63,delivered,in_transit,2024-08-30 10:34:18+00,2024-08-30 10:43:18+00,carrier_feed
3c066d97-f8be-5a23-9d62-b4a84c901f6c,f3bcb17f-903e-509a-9b94-aabc3593698d,scheduled,,2024-12-20 17:40:04+00,2024-12-20 18:09:04+00,carrier_feed
045a56bf-a360-5405-9fdb-12bea66d8ca4,f3bcb17f-903e-509a-9b94-aabc3593698d,in_transit,scheduled,2024-12-21 18:57:22+00,2024-12-21 19:16:22+00,carrier_feed
7a384e94-1baf-59c7-a2e2-69febdd591a4,f3bcb17f-903e-509a-9b94-aabc3593698d,delivered,in_transit,2024-12-30 13:58:23+00,2024-12-30 14:14:23+00,carrier_feed
1023c746-eb5d-5ec5-bd89-a7237d85b16c,2512215f-d061-59ec-873d-d59e2a049d05,scheduled,,2024-03-27 18:01:18+00,2024-03-27 18:16:18+00,carrier_feed
440d579e-e7a4-5e72-83ab-eb302540db53,2512215f-d061-59ec-873d-d59e2a049d05,in_transit,scheduled,2024-03-28 23:06:18+00,2024-03-28 23:44:18+00,carrier_feed
143eea91-ab80-5c58-894f-8966daca8306,2512215f-d061-59ec-873d-d59e2a049d05,delivered,in_transit,2024-04-01 05:22:55+00,2024-04-01 05:47:55+00,carrier_feed
11a205c7-bcb9-52c9-9623-75b3ff2ce216,51a18b87-e1e5-55e3-99ec-cd79f977f1e9,scheduled,,2024-10-13 13:38:22+00,2024-10-13 14:05:22+00,carrier_feed
cd801476-a455-5181-8120-19b04023147d,51a18b87-e1e5-55e3-99ec-cd79f977f1e9,in_transit,scheduled,2024-10-16 20:40:50+00,2024-10-16 21:11:50+00,carrier_feed
cd9a721b-b9a5-5860-a7a4-dc63afec1c0f,51a18b87-e1e5-55e3-99ec-cd79f977f1e9,delivered,in_transit,2024-10-22 05:13:13+00,2024-10-22 05:32:13+00,carrier_feed
d0fed38d-67df-5092-bc77-9e6221fb363a,c53a59d2-1328-5a5b-ac02-05b8fc887a59,scheduled,,2024-11-16 16:50:30+00,2024-11-16 17:09:30+00,carrier_feed
93911626-3170-5fc4-a969-ca92e33a15d4,c53a59d2-1328-5a5b-ac02-05b8fc887a59,in_transit,scheduled,2024-11-16 19:59:30+00,2024-11-16 20:31:30+00,carrier_feed
3f58b8de-5013-552a-a549-54053aee39cf,c53a59d2-1328-5a5b-ac02-05b8fc887a59,delivered,in_transit,2024-11-22 08:01:25+00,2024-11-22 08:32:25+00,carrier_feed
d78687e6-c441-51d3-b7c3-93d9a71e5777,c958142a-b364-5f91-92e6-d6c0b539b72f,scheduled,,2024-03-20 00:33:46+00,2024-03-20 00:38:46+00,carrier_feed
692db98b-c316-506d-a165-f5e3a6788710,c958142a-b364-5f91-92e6-d6c0b539b72f,in_transit,scheduled,2024-03-23 10:02:27+00,2024-03-23 10:18:27+00,carrier_feed
1f5e8751-b8f2-5e73-b08c-e41a450935fa,c958142a-b364-5f91-92e6-d6c0b539b72f,delivered,in_transit,2024-03-29 08:45:57+00,2024-03-29 09:04:57+00,carrier_feed
c5cdd40f-d4f1-5c37-96e1-ccf87a5f9e0d,d46be273-1081-5232-aec5-6bc13fc5ab6d,scheduled,,2024-09-12 13:20:25+00,2024-09-12 13:46:25+00,carrier_feed
e12bf583-85af-5b11-9329-2cba038d27b4,d46be273-1081-5232-aec5-6bc13fc5ab6d,in_transit,scheduled,2024-09-12 20:42:51+00,2024-09-12 20:56:51+00,carrier_feed
1eee4615-4b89-5635-b10c-6081ebdc7579,d46be273-1081-5232-aec5-6bc13fc5ab6d,delivered,in_transit,2024-09-15 21:17:50+00,2024-09-15 21:27:50+00,carrier_feed
694e5e3f-8833-5650-a171-17604f1adfdc,8fb21614-9515-5359-a289-a613e4a8ff17,scheduled,,2024-09-15 09:58:07+00,2024-09-15 10:34:07+00,carrier_feed
de308f4a-f10b-5b43-9a8c-e5d003526dbb,8fb21614-9515-5359-a289-a613e4a8ff17,in_transit,scheduled,2024-09-15 13:06:22+00,2024-09-15 13:51:22+00,carrier_feed
f8541d04-a30f-5787-90cc-3233921a16cd,8fb21614-9515-5359-a289-a613e4a8ff17,delivered,in_transit,2024-09-18 02:07:58+00,2024-09-18 02:48:58+00,carrier_feed
29496f73-0916-5a6c-8469-c28812bd6fce,63ec453b-b802-5bef-b167-1aaeae165db7,scheduled,,2024-11-01 20:47:47+00,2024-11-01 21:00:47+00,carrier_feed
5fd54f8c-df56-5504-aee6-30bbb3f859cf,63ec453b-b802-5bef-b167-1aaeae165db7,in_transit,scheduled,2024-11-05 02:20:32+00,2024-11-05 02:31:32+00,carrier_feed
88359412-5399-5b93-ba8b-dae8e7ff330c,63ec453b-b802-5bef-b167-1aaeae165db7,delayed,in_transit,2024-11-10 08:41:38+00,2024-11-10 08:53:38+00,carrier_feed
6405a687-2f70-50dc-9a09-c2abcfd6f87e,63ec453b-b802-5bef-b167-1aaeae165db7,delivered,delayed,2024-11-27 02:41:26+00,2024-11-27 03:21:26+00,carrier_feed
677024c9-6418-5e14-9ae1-e9524376ca22,d4eaadbb-a8b4-50af-b628-130b7bcb60a9,scheduled,,2024-10-05 11:30:14+00,2024-10-05 11:46:14+00,carrier_feed
6e6638ac-1379-51eb-a591-78fba07bfdcb,d4eaadbb-a8b4-50af-b628-130b7bcb60a9,in_transit,scheduled,2024-10-08 19:51:21+00,2024-10-08 20:30:21+00,carrier_feed
def2dab4-15a1-5bc1-a8e2-289aaf628931,d4eaadbb-a8b4-50af-b628-130b7bcb60a9,delivered,in_transit,2024-10-13 18:20:00+00,2024-10-13 19:01:00+00,carrier_feed
d4b21d9e-d75d-5608-bae7-418e9805b69c,72504df8-af3d-5782-bd78-322f2af64023,scheduled,,2024-01-19 18:03:45+00,2024-01-19 18:12:45+00,carrier_feed
e1e58b3a-f63f-5b47-8997-8abc2f935ae6,72504df8-af3d-5782-bd78-322f2af64023,in_transit,scheduled,2024-01-21 19:05:19+00,2024-01-21 19:25:19+00,carrier_feed
28628c5d-2aed-566f-b41c-f2a6541cd0c8,72504df8-af3d-5782-bd78-322f2af64023,delivered,in_transit,2024-01-24 08:26:48+00,2024-01-24 08:32:48+00,carrier_feed
6bd09fa6-6b75-5e64-9b11-33e4fa8d041e,b75b2668-8267-5181-a916-ff7a274a9467,scheduled,,2024-07-21 02:13:25+00,2024-07-21 02:38:25+00,carrier_feed
c146bb56-a024-5de1-af9f-da4cf978e70f,b75b2668-8267-5181-a916-ff7a274a9467,in_transit,scheduled,2024-07-23 09:55:30+00,2024-07-23 10:04:30+00,carrier_feed
208c9b91-bc34-5415-b16f-6520664ef8f2,b75b2668-8267-5181-a916-ff7a274a9467,delivered,in_transit,2024-07-29 20:25:37+00,2024-07-29 20:31:37+00,carrier_feed
12db324c-3a89-5f32-9b92-8482fbbdc05a,f9844f08-7239-596a-96d2-1a1a4c01a98e,scheduled,,2024-12-20 00:24:30+00,2024-12-20 00:38:30+00,carrier_feed
6b43b524-4dd8-5149-bf13-97a404723f26,f9844f08-7239-596a-96d2-1a1a4c01a98e,in_transit,scheduled,2024-12-23 04:46:25+00,2024-12-23 05:20:25+00,carrier_feed
aca360b1-a4cd-553b-9d8a-d9066a1da3e0,f9844f08-7239-596a-96d2-1a1a4c01a98e,delivered,in_transit,2024-12-27 07:11:44+00,2024-12-27 07:21:44+00,carrier_feed
52c54e07-f50e-59cc-b34f-b0ae8e5b56e4,8ba31ada-10c7-5e07-8d4e-89f5b23def58,scheduled,,2024-10-11 16:37:26+00,2024-10-11 17:21:26+00,carrier_feed
8de5ef12-c79d-5508-9076-2441123ab1c8,8ba31ada-10c7-5e07-8d4e-89f5b23def58,in_transit,scheduled,2024-10-11 20:13:32+00,2024-10-11 20:19:32+00,carrier_feed
cc36b184-63d3-5776-866b-c8bbd60ba562,8ba31ada-10c7-5e07-8d4e-89f5b23def58,delayed,in_transit,2024-10-17 02:29:33+00,2024-10-17 02:56:33+00,carrier_feed
2dfabffe-fe75-5885-9794-2d648437c518,8ba31ada-10c7-5e07-8d4e-89f5b23def58,delivered,delayed,2024-10-23 20:33:59+00,2024-10-23 21:11:59+00,carrier_feed
6a88b362-ae6c-51e5-ab07-0329654d25d9,f34f55f2-d292-5e42-b925-59731db1eac6,scheduled,,2024-02-21 01:01:36+00,2024-02-21 01:11:36+00,carrier_feed
a0963776-0dc8-537c-ba63-8fc1df83ff6a,f34f55f2-d292-5e42-b925-59731db1eac6,in_transit,scheduled,2024-02-23 08:25:24+00,2024-02-23 08:46:24+00,carrier_feed
2c738cef-09b5-5d1e-a628-9a32db86bc5f,f34f55f2-d292-5e42-b925-59731db1eac6,delivered,in_transit,2024-03-02 20:10:16+00,2024-03-02 20:44:16+00,carrier_feed
03758e7b-2e8a-5c0c-8fc2-2c3ec2a6ba37,b5de7abb-7183-5645-9452-44d1ee88b4d5,scheduled,,2024-10-12 15:04:37+00,2024-10-12 15:49:37+00,carrier_feed
b8f36fa7-a67c-5cb0-81ff-665b6f24bae5,b5de7abb-7183-5645-9452-44d1ee88b4d5,in_transit,scheduled,2024-10-13 20:22:11+00,2024-10-13 21:03:11+00,carrier_feed
1385d4a7-3a1c-54d7-aaa9-f9e6511a88b3,b5de7abb-7183-5645-9452-44d1ee88b4d5,delivered,in_transit,2024-10-21 19:43:01+00,2024-10-21 20:14:01+00,carrier_feed
764f4e24-cfec-5e37-92aa-ff45192b7ea4,51889e7f-6130-5209-b3bf-c017fb25bc2d,scheduled,,2024-03-30 22:14:14+00,2024-03-30 22:22:14+00,carrier_feed
5eb5348f-511a-50be-9031-53108d24cd2b,51889e7f-6130-5209-b3bf-c017fb25bc2d,in_transit,scheduled,2024-04-01 03:33:03+00,2024-04-01 03:59:03+00,carrier_feed
56098470-15ff-5c33-b37e-e0ea21ffb460,51889e7f-6130-5209-b3bf-c017fb25bc2d,delivered,in_transit,2024-04-07 18:48:30+00,2024-04-07 19:17:30+00,carrier_feed
58d29b97-4583-5603-a7de-c20e68e7840d,6afbf36d-41af-58ad-80e4-54304f8868e2,scheduled,,2024-01-11 00:04:21+00,2024-01-11 00:17:21+00,carrier_feed
8e0d6825-294a-54db-b3c7-fc3a1eef75c1,6afbf36d-41af-58ad-80e4-54304f8868e2,in_transit,scheduled,2024-01-12 03:19:40+00,2024-01-12 03:39:40+00,carrier_feed
fe03bd5e-ab68-5c5d-b8b3-d30ca744fafe,6afbf36d-41af-58ad-80e4-54304f8868e2,delayed,in_transit,2024-01-15 09:52:13+00,2024-01-15 10:10:13+00,carrier_feed
68c55a34-aa4d-5701-9ea3-208d00d1fb71,6afbf36d-41af-58ad-80e4-54304f8868e2,delivered,delayed,2024-01-17 04:00:59+00,2024-01-17 04:07:59+00,carrier_feed
6d8861f9-4a50-5051-aa33-cd95a8454db2,8a19085b-c0b4-5ba6-ac5a-18ac1f82b2fb,scheduled,,2024-08-19 23:27:34+00,2024-08-20 00:09:34+00,carrier_feed
082b00df-de1a-5176-aa50-29e6189164d7,8a19085b-c0b4-5ba6-ac5a-18ac1f82b2fb,in_transit,scheduled,2024-08-22 01:44:34+00,2024-08-22 02:05:34+00,carrier_feed
a596a458-07f5-5289-bf77-44f2d2069a30,8a19085b-c0b4-5ba6-ac5a-18ac1f82b2fb,delayed,in_transit,2024-08-31 07:56:23+00,2024-08-31 08:30:23+00,carrier_feed
022d6cbf-179c-528f-b06d-0ff8b4d305b5,8a19085b-c0b4-5ba6-ac5a-18ac1f82b2fb,delivered,delayed,2024-09-10 01:48:44+00,2024-09-10 02:29:44+00,carrier_feed
eb56cd18-0e34-5374-867f-7ca905d1f9af,1d162b50-5307-56df-9f63-1548ddd37218,scheduled,,2024-10-13 19:59:42+00,2024-10-13 20:32:42+00,carrier_feed
b138d6f9-9df6-5327-8535-62dde3c13a43,1d162b50-5307-56df-9f63-1548ddd37218,in_transit,scheduled,2024-10-16 00:19:17+00,2024-10-16 00:49:17+00,carrier_feed
c4861acf-c83b-533b-b64b-b24f5a4df46e,1d162b50-5307-56df-9f63-1548ddd37218,delivered,in_transit,2024-10-19 23:47:27+00,2024-10-20 00:24:27+00,carrier_feed
30838f73-0608-54c7-b5d7-567eb83c2ff8,ede419d3-ec3a-5569-b5bc-07f5f05b341e,scheduled,,2024-10-17 10:59:26+00,2024-10-17 11:37:26+00,carrier_feed
10dcdc82-049c-5da9-b19f-a0f8add57f5b,ede419d3-ec3a-5569-b5bc-07f5f05b341e,in_transit,scheduled,2024-10-17 15:00:07+00,2024-10-17 15:26:07+00,carrier_feed
bd00eb7d-57c3-508f-a62c-37a259752005,ede419d3-ec3a-5569-b5bc-07f5f05b341e,delayed,in_transit,2024-10-26 21:26:09+00,2024-10-26 21:48:09+00,carrier_feed
311d9635-05c5-5870-88c3-f4f0f4894813,ede419d3-ec3a-5569-b5bc-07f5f05b341e,delivered,delayed,2024-10-31 15:20:53+00,2024-10-31 15:37:53+00,carrier_feed
31c4dadd-4141-5ecd-a4ba-3d1a1ea4d291,a998b846-2362-5f68-9998-e7f9aa36d18b,scheduled,,2024-09-09 09:56:43+00,2024-09-09 10:17:43+00,carrier_feed
9d45d680-a1ab-506d-af36-536e5729299f,a998b846-2362-5f68-9998-e7f9aa36d18b,in_transit,scheduled,2024-09-10 16:03:59+00,2024-09-10 16:32:59+00,carrier_feed
5ba2fb88-ef3c-56d6-8948-e42383000aa4,a998b846-2362-5f68-9998-e7f9aa36d18b,delayed,in_transit,2024-09-19 22:40:04+00,2024-09-19 23:02:04+00,carrier_feed
0dd3065b-f9de-5e1a-a630-faefbc08428f,a998b846-2362-5f68-9998-e7f9aa36d18b,delivered,delayed,2024-09-24 16:28:18+00,2024-09-24 16:53:18+00,carrier_feed
af52b2eb-d02f-502c-b37c-80fc85ec761e,23639934-0ba3-5f45-8dd0-4777fbfba7e4,scheduled,,2024-03-12 00:19:08+00,2024-03-12 00:56:08+00,carrier_feed
ed87aa22-d287-5504-846e-5977a95086e1,23639934-0ba3-5f45-8dd0-4777fbfba7e4,in_transit,scheduled,2024-03-15 01:57:02+00,2024-03-15 02:11:02+00,carrier_feed
9708cedb-5496-5d4f-8e38-6cb2bd8b391a,23639934-0ba3-5f45-8dd0-4777fbfba7e4,delivered,in_transit,2024-03-21 01:02:25+00,2024-03-21 01:46:25+00,carrier_feed
35552524-6a06-53d5-a093-6651f6139f6e,07613ffe-b419-5e10-916c-c7b976cff82a,scheduled,,2024-04-22 02:27:07+00,2024-04-22 02:52:07+00,carrier_feed
4dd09707-72f1-5aa4-b5b3-853e456e309b,07613ffe-b419-5e10-916c-c7b976cff82a,in_transit,scheduled,2024-04-24 06:44:49+00,2024-04-24 07:05:49+00,carrier_feed
b592eaaa-8441-516d-86e9-f1bb79e0f0c2,07613ffe-b419-5e10-916c-c7b976cff82a,delivered,in_transit,2024-04-28 19:11:17+00,2024-04-28 19:41:17+00,carrier_feed
44f2f852-cf28-56e0-a4e2-1546fdc25a1a,9f5dd2ee-0f9d-56ba-a0e3-6c3febeb84eb,scheduled,,2024-10-21 16:43:32+00,2024-10-21 17:01:32+00,carrier_feed
bf95fbea-6c69-5c79-93ee-06d9474ad256,9f5dd2ee-0f9d-56ba-a0e3-6c3febeb84eb,in_transit,scheduled,2024-10-21 21:03:46+00,2024-10-21 21:38:46+00,carrier_feed
006f3ac4-0ca2-5517-90f3-5daf3ef8c69e,9f5dd2ee-0f9d-56ba-a0e3-6c3febeb84eb,delivered,in_transit,2024-10-28 15:31:34+00,2024-10-28 15:49:34+00,carrier_feed
6c655bd6-e89d-5966-824f-62ba2b134a88,995a5792-0046-5cb0-954c-4b7cbe7923b9,scheduled,,2024-12-23 17:42:38+00,2024-12-23 18:02:38+00,carrier_feed
74a37d15-b261-5137-b7ac-2048285b0a9a,995a5792-0046-5cb0-954c-4b7cbe7923b9,in_transit,scheduled,2024-12-24 23:13:51+00,2024-12-24 23:32:51+00,carrier_feed
83c5338f-91a6-5bac-a0b7-142d99f3cfa3,a8f970ec-6737-56ee-b0b6-6df28e02dfc5,scheduled,,2024-10-21 02:03:05+00,2024-10-21 02:08:05+00,carrier_feed
ccfa5c3f-7629-5249-8090-7ecba1564be0,a8f970ec-6737-56ee-b0b6-6df28e02dfc5,in_transit,scheduled,2024-10-24 11:48:00+00,2024-10-24 11:55:00+00,carrier_feed
ff837dcf-d9a2-59cb-850c-8c3b499c0207,a8f970ec-6737-56ee-b0b6-6df28e02dfc5,delivered,in_transit,2024-10-27 10:24:52+00,2024-10-27 10:43:52+00,carrier_feed
dc72adf4-8e0a-5db6-8c01-b24db14725e7,24fc81ad-a8c0-51c8-a917-44b3f1afa7c1,scheduled,,2024-01-28 18:00:31+00,2024-01-28 18:05:31+00,carrier_feed
4bbbbf31-60b8-5a1e-aa0f-f582ca54a99b,24fc81ad-a8c0-51c8-a917-44b3f1afa7c1,in_transit,scheduled,2024-01-31 19:10:57+00,2024-01-31 19:32:57+00,carrier_feed
b178f9aa-1477-51f2-ad86-56e0dcd2282b,24fc81ad-a8c0-51c8-a917-44b3f1afa7c1,delivered,in_transit,2024-02-08 23:17:04+00,2024-02-08 23:51:04+00,carrier_feed
262ca170-fa56-5058-a986-d0423defb976,39660fb6-1bf7-5079-84c1-0cb858dc886a,scheduled,,2024-05-04 01:34:20+00,2024-05-04 01:45:20+00,carrier_feed
03162bda-713a-5f9c-89af-b6c41682c9d1,39660fb6-1bf7-5079-84c1-0cb858dc886a,in_transit,scheduled,2024-05-06 05:36:53+00,2024-05-06 06:05:53+00,carrier_feed
80876057-bc84-515a-82a6-2d0e8be7c925,39660fb6-1bf7-5079-84c1-0cb858dc886a,delivered,in_transit,2024-05-08 03:58:37+00,2024-05-08 04:28:37+00,carrier_feed
8d820e21-844c-5af8-bb55-fb0d0703c855,3d20c7de-6310-5b63-8165-893e106d6923,scheduled,,2024-05-22 17:11:20+00,2024-05-22 17:25:20+00,carrier_feed
ad96c2f1-15e8-5775-b593-8acd79dfae7b,3d20c7de-6310-5b63-8165-893e106d6923,in_transit,scheduled,2024-05-24 02:52:56+00,2024-05-24 03:12:56+00,carrier_feed
3aa30f7f-70fb-57e7-8358-ef3a2e0047a1,3d20c7de-6310-5b63-8165-893e106d6923,delivered,in_transit,2024-05-26 14:19:36+00,2024-05-26 14:42:36+00,carrier_feed
b21555f9-18a5-59ad-b4b8-0e3e9e3157cc,404da333-7af7-5ca5-9880-bd1c48da5d6b,scheduled,,2024-09-30 20:58:59+00,2024-09-30 21:14:59+00,carrier_feed
a5961666-66ed-53df-b35b-88b99ac5e40a,404da333-7af7-5ca5-9880-bd1c48da5d6b,in_transit,scheduled,2024-10-02 01:08:05+00,2024-10-02 01:36:05+00,carrier_feed
0d2a3085-6d0f-5c27-b330-9409dab5b9ca,404da333-7af7-5ca5-9880-bd1c48da5d6b,delivered,in_transit,2024-10-10 21:50:39+00,2024-10-10 22:10:39+00,carrier_feed
7546f539-5ddd-5460-89bd-e3431ce0acb4,ddb95e1d-3693-542d-b58b-4adf77e8fbec,scheduled,,2024-02-10 17:39:28+00,2024-02-10 17:46:28+00,carrier_feed
311bf50c-e9c4-5522-aa81-eda7fad04b4a,ddb95e1d-3693-542d-b58b-4adf77e8fbec,in_transit,scheduled,2024-02-13 19:54:10+00,2024-02-13 20:06:10+00,carrier_feed
da0ed5e6-fc70-52c3-8967-2c132f903482,ddb95e1d-3693-542d-b58b-4adf77e8fbec,delivered,in_transit,2024-02-17 20:09:50+00,2024-02-17 20:22:50+00,carrier_feed
51fc74d0-7efa-5de4-b408-6bdb8011ab5c,1f11fa77-8652-5590-86e1-12961e38365b,scheduled,,2024-03-10 00:17:42+00,2024-03-10 01:02:42+00,carrier_feed
d34e0378-c291-5c0b-8d23-c0742446282f,1f11fa77-8652-5590-86e1-12961e38365b,in_transit,scheduled,2024-03-10 02:46:54+00,2024-03-10 03:24:54+00,carrier_feed
f2e01e7b-c793-5e95-8a21-9483c76829ca,1f11fa77-8652-5590-86e1-12961e38365b,delivered,in_transit,2024-03-15 15:47:37+00,2024-03-15 16:32:37+00,carrier_feed
08a12116-38c5-592a-a04c-b4e46250db7c,ff1e9f71-de12-51b6-bcdd-e76a4adb4624,scheduled,,2024-11-27 22:14:43+00,2024-11-27 22:24:43+00,carrier_feed
8ce6d029-02c0-56c0-8120-8dc579449e54,ff1e9f71-de12-51b6-bcdd-e76a4adb4624,in_transit,scheduled,2024-11-30 04:31:43+00,2024-11-30 05:13:43+00,carrier_feed
e4af9f1f-9812-5685-a5e5-3fc07cf2d2a7,ff1e9f71-de12-51b6-bcdd-e76a4adb4624,delivered,in_transit,2024-12-07 03:43:33+00,2024-12-07 04:06:33+00,carrier_feed
b822a0c5-b96e-5a37-a3e7-2eb0b5569995,aea6897f-e8ee-59b8-923d-a45e41ec3fa8,scheduled,,2024-04-27 23:45:50+00,2024-04-27 23:50:50+00,carrier_feed
ce2514f7-857e-5f74-8c7a-69490b8d23ff,aea6897f-e8ee-59b8-923d-a45e41ec3fa8,in_transit,scheduled,2024-04-29 09:03:28+00,2024-04-29 09:08:28+00,carrier_feed
f115ea73-a2e1-516d-9883-b548a83caf74,aea6897f-e8ee-59b8-923d-a45e41ec3fa8,delivered,in_transit,2024-05-02 04:19:30+00,2024-05-02 04:30:30+00,carrier_feed
c65daed3-aa92-5182-b04d-8381fcea2b4f,69f502cc-b3a4-5958-ab51-ae4d89fcd172,scheduled,,2024-12-21 18:53:49+00,2024-12-21 19:03:49+00,carrier_feed
4fee82d8-aba3-593a-925a-d0c4617db962,69f502cc-b3a4-5958-ab51-ae4d89fcd172,in_transit,scheduled,2024-12-24 02:58:27+00,2024-12-24 03:11:27+00,carrier_feed
fa2c617b-88d0-578a-8db2-5dd146f3c1a2,69f502cc-b3a4-5958-ab51-ae4d89fcd172,delivered,in_transit,2024-12-27 02:38:08+00,2024-12-27 03:20:08+00,carrier_feed
bc1259ca-b439-514d-b68e-15a5559210da,eb9f9ed0-70a5-5f4a-a410-ca2cb229e631,scheduled,,2024-08-23 21:54:36+00,2024-08-23 22:21:36+00,carrier_feed
d9a9d9a1-e93b-515f-82c0-1fdf93e5ce25,eb9f9ed0-70a5-5f4a-a410-ca2cb229e631,in_transit,scheduled,2024-08-25 01:14:34+00,2024-08-25 01:27:34+00,carrier_feed
ef4f5c36-52d8-58fe-b45d-60a86f1d975e,eb9f9ed0-70a5-5f4a-a410-ca2cb229e631,delayed,in_transit,2024-09-02 07:32:14+00,2024-09-02 07:40:14+00,carrier_feed
9f766252-fae6-538a-b9f6-240fbcc36bd4,eb9f9ed0-70a5-5f4a-a410-ca2cb229e631,delivered,delayed,2024-09-07 01:42:48+00,2024-09-07 02:18:48+00,carrier_feed
1e84d165-f319-5589-bebf-13b685904d8e,c1a397b4-a253-5467-b171-2d1021f40c56,scheduled,,2024-11-17 08:59:52+00,2024-11-17 09:36:52+00,carrier_feed
f79b6d0e-73c3-52f3-a392-121270416138,c1a397b4-a253-5467-b171-2d1021f40c56,in_transit,scheduled,2024-11-20 15:17:38+00,2024-11-20 15:28:38+00,carrier_feed
8cd4c05e-c8a6-5a13-9963-d7cfe014c1c4,c1a397b4-a253-5467-b171-2d1021f40c56,delivered,in_transit,2024-11-27 20:58:38+00,2024-11-27 21:37:38+00,carrier_feed
a31c67a3-e049-5052-8385-6c88ea2ce124,595bbbff-c2d9-5158-bcbb-94d63652aa14,scheduled,,2024-10-08 16:08:45+00,2024-10-08 16:44:45+00,carrier_feed
a13a19c9-2ecf-51a1-b6ca-4e8ab66e857c,595bbbff-c2d9-5158-bcbb-94d63652aa14,in_transit,scheduled,2024-10-10 01:38:50+00,2024-10-10 02:01:50+00,carrier_feed
7dbcc7c5-1be1-56a4-8d91-3d1b0485d13a,595bbbff-c2d9-5158-bcbb-94d63652aa14,delayed,in_transit,2024-10-15 08:13:21+00,2024-10-15 08:24:21+00,carrier_feed
a67dfa80-ecc9-56fc-8a03-a7eac4ee612d,595bbbff-c2d9-5158-bcbb-94d63652aa14,delivered,delayed,2024-10-29 02:02:00+00,2024-10-29 02:26:00+00,carrier_feed
f2ab4e8a-0c91-5a92-ae59-3d1688c045c3,dcbc0363-c88c-5cf0-99f7-4bd78096f98c,scheduled,,2024-10-30 23:29:29+00,2024-10-30 23:58:29+00,carrier_feed
5201a30b-849e-5850-b312-e284a2ab6af4,dcbc0363-c88c-5cf0-99f7-4bd78096f98c,in_transit,scheduled,2024-11-02 06:56:23+00,2024-11-02 07:23:23+00,carrier_feed
1a31fb60-13c6-56d3-9aa0-7216705ca97d,dcbc0363-c88c-5cf0-99f7-4bd78096f98c,delivered,in_transit,2024-11-04 22:13:46+00,2024-11-04 22:44:46+00,carrier_feed
fdb87147-551b-58e7-9834-dc9b2913a638,534de6fa-d3c0-5177-b561-a9f6919db34b,scheduled,,2024-05-28 23:43:43+00,2024-05-29 00:14:43+00,carrier_feed
cb39ba45-a19f-5826-9ec8-580d231a91b9,534de6fa-d3c0-5177-b561-a9f6919db34b,in_transit,scheduled,2024-05-30 08:22:51+00,2024-05-30 08:42:51+00,carrier_feed
d27a0d32-a717-55be-af13-dfcd061b99dc,534de6fa-d3c0-5177-b561-a9f6919db34b,delivered,in_transit,2024-06-03 06:35:34+00,2024-06-03 07:08:34+00,carrier_feed
59309712-1240-5771-997c-cee9bef8e9e4,f9e58d9a-dcc5-5fec-91c5-bb4f7a714feb,scheduled,,2024-10-22 16:53:13+00,2024-10-22 17:00:13+00,carrier_feed
541c531e-3e17-5340-8284-c3691a2b48a1,f9e58d9a-dcc5-5fec-91c5-bb4f7a714feb,in_transit,scheduled,2024-10-26 01:56:04+00,2024-10-26 02:32:04+00,carrier_feed
63e6054f-507d-5342-868b-172e09a20b23,f9e58d9a-dcc5-5fec-91c5-bb4f7a714feb,delivered,in_transit,2024-10-28 15:33:48+00,2024-10-28 15:40:48+00,carrier_feed
6c11877b-9a98-5cf8-bd9f-28c371c91e35,646eed59-582d-5fd9-a941-994216feef5e,scheduled,,2024-09-21 19:59:27+00,2024-09-21 20:44:27+00,carrier_feed
74e822b7-a6b6-5826-8130-87c2ad5b31de,646eed59-582d-5fd9-a941-994216feef5e,in_transit,scheduled,2024-09-24 21:32:32+00,2024-09-24 21:53:32+00,carrier_feed
4d18b691-826d-507c-befc-12a09e6ddbd6,646eed59-582d-5fd9-a941-994216feef5e,delivered,in_transit,2024-10-02 21:15:29+00,2024-10-02 21:35:29+00,carrier_feed
622d5203-1db2-5de6-82d5-836972d51707,ea6be57a-84be-513e-af57-b703b27446b1,scheduled,,2024-09-28 00:56:58+00,2024-09-28 01:41:58+00,carrier_feed
c9457e67-7451-5911-83f5-2a1f3ba5ab6c,ea6be57a-84be-513e-af57-b703b27446b1,in_transit,scheduled,2024-09-30 07:09:07+00,2024-09-30 07:44:07+00,carrier_feed
fe7c5cb0-61e3-5986-a688-857caec551ba,ea6be57a-84be-513e-af57-b703b27446b1,delivered,in_transit,2024-10-06 08:16:35+00,2024-10-06 08:33:35+00,carrier_feed
e433a912-732c-5a1f-ada7-741138bc7b4d,8f9065d6-86c5-55dc-893e-c8719a072910,scheduled,,2024-06-09 22:08:36+00,2024-06-09 22:42:36+00,carrier_feed
cc698e2c-012e-5423-8556-1487ad7e5aaf,8f9065d6-86c5-55dc-893e-c8719a072910,in_transit,scheduled,2024-06-12 02:23:38+00,2024-06-12 02:51:38+00,carrier_feed
9815a3cf-3dae-5288-956a-421986c4a3ab,8f9065d6-86c5-55dc-893e-c8719a072910,delivered,in_transit,2024-06-17 21:34:47+00,2024-06-17 21:44:47+00,carrier_feed
fbe7072f-99aa-5ac3-9780-3191ce11940f,1ba338a5-3c9d-57a2-bd37-02211a67b8a0,scheduled,,2024-09-06 11:44:43+00,2024-09-06 12:05:43+00,carrier_feed
98d0b73e-a8ad-5837-b88b-97991a0eca1b,1ba338a5-3c9d-57a2-bd37-02211a67b8a0,in_transit,scheduled,2024-09-07 19:06:35+00,2024-09-07 19:26:35+00,carrier_feed
8fe53ba2-eae0-55b6-a5c0-d55b38fbaed7,1ba338a5-3c9d-57a2-bd37-02211a67b8a0,delivered,in_transit,2024-09-10 11:46:56+00,2024-09-10 12:14:56+00,carrier_feed
444ed715-c51a-591f-85a2-ec1ccdb3a974,1fb6cdfc-b011-501e-a063-095680241844,scheduled,,2024-09-04 10:32:21+00,2024-09-04 10:52:21+00,carrier_feed
98186610-5dc0-5906-aeac-be26edc34f5c,1fb6cdfc-b011-501e-a063-095680241844,in_transit,scheduled,2024-09-05 14:52:08+00,2024-09-05 15:17:08+00,carrier_feed
c47ff676-24db-59f4-874a-122b3d2dd71d,1fb6cdfc-b011-501e-a063-095680241844,delayed,in_transit,2024-09-13 21:12:56+00,2024-09-13 21:39:56+00,carrier_feed
436ec5b8-ca74-508f-90b5-40fc5ff30e72,1fb6cdfc-b011-501e-a063-095680241844,delivered,delayed,2024-09-16 14:53:23+00,2024-09-16 15:14:23+00,carrier_feed
e2fbb485-df3d-54e1-9d42-c6119bfd225f,98e2318d-10c7-5ad8-90a0-a40c303e6c15,scheduled,,2024-10-26 17:13:57+00,2024-10-26 17:45:57+00,carrier_feed
9c62996e-7669-5e54-842e-3a5222fb2d88,98e2318d-10c7-5ad8-90a0-a40c303e6c15,in_transit,scheduled,2024-10-28 18:32:26+00,2024-10-28 18:47:26+00,carrier_feed
c32ef82c-62e6-550e-b34b-14f7611416b8,98e2318d-10c7-5ad8-90a0-a40c303e6c15,delivered,in_transit,2024-11-03 17:43:46+00,2024-11-03 17:56:46+00,carrier_feed
6d75416c-a4a5-5854-b3c1-4373a7febef7,41218459-47f4-512d-b1b5-5a2c862d67fd,scheduled,,2024-04-27 23:37:59+00,2024-04-27 23:51:59+00,carrier_feed
f59c6aeb-4d6f-5ccb-86af-5cf3c0a812eb,41218459-47f4-512d-b1b5-5a2c862d67fd,in_transit,scheduled,2024-04-30 02:19:46+00,2024-04-30 02:58:46+00,carrier_feed
388eaefd-0b85-5fc7-b1d3-ce7774107930,41218459-47f4-512d-b1b5-5a2c862d67fd,delivered,in_transit,2024-05-05 16:32:42+00,2024-05-05 16:56:42+00,carrier_feed
14908cbd-fbc3-505e-8db3-5f469a40fe45,94288484-a926-55be-9509-bfe82f936e8d,scheduled,,2024-02-13 22:12:35+00,2024-02-13 22:46:35+00,carrier_feed
f30c727b-8043-5d13-80c8-f78012d6efc8,94288484-a926-55be-9509-bfe82f936e8d,in_transit,scheduled,2024-02-17 05:55:54+00,2024-02-17 06:25:54+00,carrier_feed
0dfe5ddf-7c26-5e81-9a06-1e1bd805dfab,94288484-a926-55be-9509-bfe82f936e8d,delivered,in_transit,2024-02-24 01:36:42+00,2024-02-24 02:05:42+00,carrier_feed
d491014d-ba48-59a3-8569-d82f927cf228,5d5918ed-6d6f-5461-a7b8-6cd007733fb7,scheduled,,2024-12-14 22:20:20+00,2024-12-14 22:27:20+00,carrier_feed
ef6841a5-b2be-5502-810a-3d76a32e3fee,5d5918ed-6d6f-5461-a7b8-6cd007733fb7,in_transit,scheduled,2024-12-18 06:42:06+00,2024-12-18 06:50:06+00,carrier_feed
ddbfef6a-f8a9-5626-9747-5f1200bd2206,5d5918ed-6d6f-5461-a7b8-6cd007733fb7,delivered,in_transit,2024-12-22 02:06:35+00,2024-12-22 02:50:35+00,carrier_feed
23009eb2-578a-5453-a124-75b1c59fa6ab,0d9a5886-912e-511b-b5ec-75bdc84389fa,scheduled,,2024-11-07 10:17:12+00,2024-11-07 10:53:12+00,carrier_feed
a7581fe7-1380-573d-9769-17d05401cc69,0d9a5886-912e-511b-b5ec-75bdc84389fa,in_transit,scheduled,2024-11-07 13:58:28+00,2024-11-07 14:22:28+00,carrier_feed
a56bcff1-c009-51e3-955b-301fec1613ef,0d9a5886-912e-511b-b5ec-75bdc84389fa,delivered,in_transit,2024-11-12 18:23:38+00,2024-11-12 19:04:38+00,carrier_feed
39bf7433-0094-5caa-8f15-9ccc5f31ddfd,98a64169-2eae-5b0b-914e-a5007a42f6b2,scheduled,,2024-03-10 10:49:19+00,2024-03-10 10:54:19+00,carrier_feed
21a8b034-5eeb-5737-80b0-53a0633e5314,98a64169-2eae-5b0b-914e-a5007a42f6b2,in_transit,scheduled,2024-03-10 17:17:20+00,2024-03-10 17:58:20+00,carrier_feed
e86b9202-75f0-5374-b654-c136c3dcbfa2,98a64169-2eae-5b0b-914e-a5007a42f6b2,delivered,in_transit,2024-03-15 13:57:42+00,2024-03-15 14:07:42+00,carrier_feed
04e6102b-a22e-5da5-aae0-2beb6093d0a3,5000a0ab-83f5-5669-b524-bdd867fb589a,scheduled,,2024-06-17 19:30:01+00,2024-06-17 19:44:01+00,carrier_feed
0ce9ed05-c7e9-5856-a196-8d4d0c69c728,5000a0ab-83f5-5669-b524-bdd867fb589a,in_transit,scheduled,2024-06-19 02:41:46+00,2024-06-19 03:10:46+00,carrier_feed
eecd1da5-8054-55f2-b7c1-f5bf9359565c,5000a0ab-83f5-5669-b524-bdd867fb589a,delivered,in_transit,2024-06-22 04:02:01+00,2024-06-22 04:13:01+00,carrier_feed
00b6cb4c-bcf1-5c4e-a837-dbb4bc32b17d,fa3427d7-d0f7-571e-b0d9-be5eb41ac004,scheduled,,2024-09-14 15:29:34+00,2024-09-14 16:12:34+00,carrier_feed
9aea947d-292a-5334-ae54-e9f48247a400,fa3427d7-d0f7-571e-b0d9-be5eb41ac004,in_transit,scheduled,2024-09-16 21:12:07+00,2024-09-16 21:31:07+00,carrier_feed
a37cccca-41ba-5de5-91bd-d7d10711f236,fa3427d7-d0f7-571e-b0d9-be5eb41ac004,delivered,in_transit,2024-09-22 01:49:44+00,2024-09-22 02:17:44+00,carrier_feed
7e6d1460-6917-5593-9b76-d26f4e59db4a,6148c15a-e4c7-5760-bc91-a29d5a73dd32,scheduled,,2024-06-05 18:38:21+00,2024-06-05 19:18:21+00,carrier_feed
8c1ccd07-c596-5531-a698-f7b035a145e8,6148c15a-e4c7-5760-bc91-a29d5a73dd32,in_transit,scheduled,2024-06-05 19:56:57+00,2024-06-05 20:07:57+00,carrier_feed
5314cb46-6f18-50c0-8397-960ccbeefba3,6148c15a-e4c7-5760-bc91-a29d5a73dd32,delivered,in_transit,2024-06-07 17:12:16+00,2024-06-07 17:40:16+00,carrier_feed
acf8e77f-16b5-5ecf-81cc-090e98c9e520,60cb77c5-440a-5f4d-8e0e-22b43bbb3b57,scheduled,,2024-10-12 00:48:56+00,2024-10-12 00:59:56+00,carrier_feed
4f0f2ab3-29a8-5fb1-875c-d24887293c30,60cb77c5-440a-5f4d-8e0e-22b43bbb3b57,in_transit,scheduled,2024-10-13 03:00:44+00,2024-10-13 03:24:44+00,carrier_feed
8d152b01-a7ad-5fe0-8954-23261beb7f72,60cb77c5-440a-5f4d-8e0e-22b43bbb3b57,delivered,in_transit,2024-10-15 16:20:56+00,2024-10-15 16:31:56+00,carrier_feed
6721dd67-4455-586a-8f6e-c1e62a8b0771,366c7ca8-c886-5a2e-a957-898474fbacb5,scheduled,,2024-09-12 08:57:03+00,2024-09-12 09:36:03+00,carrier_feed
ee413735-6842-505c-8c22-f8de744c3e30,366c7ca8-c886-5a2e-a957-898474fbacb5,in_transit,scheduled,2024-09-15 18:31:08+00,2024-09-15 18:59:08+00,carrier_feed
35d35f98-dfc5-5b63-ae23-528a81df78d2,366c7ca8-c886-5a2e-a957-898474fbacb5,delivered,in_transit,2024-09-19 09:31:42+00,2024-09-19 10:15:42+00,carrier_feed
d6bba2fa-35b9-54d7-958e-c3be538b059f,0b6db9be-2eee-5a81-a846-097e12f51685,scheduled,,2024-01-30 20:09:36+00,2024-01-30 20:33:36+00,carrier_feed
472314b3-1c4b-5ad0-a5e9-eb31e7bcb20f,0b6db9be-2eee-5a81-a846-097e12f51685,in_transit,scheduled,2024-01-31 03:30:42+00,2024-01-31 03:38:42+00,carrier_feed
5b1f32b5-9504-5337-98e0-8cbe8181c25d,0b6db9be-2eee-5a81-a846-097e12f51685,delivered,in_transit,2024-02-04 03:39:49+00,2024-02-04 03:47:49+00,carrier_feed
16621444-f27e-5890-ad9b-7b363a233a9c,bcb6329c-2abd-5e48-8461-cfae7fd0d025,scheduled,,2024-02-22 20:35:07+00,2024-02-22 20:59:07+00,carrier_feed
e62b6115-ced8-543b-b55f-ac0f4e631a8f,bcb6329c-2abd-5e48-8461-cfae7fd0d025,in_transit,scheduled,2024-02-26 05:18:41+00,2024-02-26 05:55:41+00,carrier_feed
2f6670ed-4d30-54e7-b041-149a542cbef7,bcb6329c-2abd-5e48-8461-cfae7fd0d025,delivered,in_transit,2024-03-03 22:40:05+00,2024-03-03 23:23:05+00,carrier_feed
1fc2e8c1-0905-5d62-aaf7-872f8765b824,aeba088e-6eeb-525d-bae2-9e0e3f1f46b9,scheduled,,2024-06-03 02:26:12+00,2024-06-03 02:56:12+00,carrier_feed
062ff91f-a9eb-54df-ad48-e1c245ba0d71,aeba088e-6eeb-525d-bae2-9e0e3f1f46b9,in_transit,scheduled,2024-06-05 05:06:52+00,2024-06-05 05:32:52+00,carrier_feed
405857de-06e8-5a2c-99c6-9c93f41fe1fe,aeba088e-6eeb-525d-bae2-9e0e3f1f46b9,delivered,in_transit,2024-06-10 01:21:43+00,2024-06-10 01:53:43+00,carrier_feed
a111ce21-f929-5404-8d9b-d8d148d4aa65,d6a8c959-9ad5-5df0-ba66-70a5ef9eb49b,scheduled,,2024-10-19 00:51:42+00,2024-10-19 00:56:42+00,carrier_feed
31f61ad0-517d-503a-a79b-e77d808e2366,d6a8c959-9ad5-5df0-ba66-70a5ef9eb49b,in_transit,scheduled,2024-10-20 03:56:49+00,2024-10-20 04:36:49+00,carrier_feed
7f9f3d02-b42e-5794-9475-feb598ce2a69,d6a8c959-9ad5-5df0-ba66-70a5ef9eb49b,delivered,in_transit,2024-10-24 04:17:40+00,2024-10-24 04:38:40+00,carrier_feed
6c605f7d-7385-549c-9e9a-9eb3c4de4e83,1d557e10-5b9f-5744-8e2f-be155f25ccd0,scheduled,,2024-08-22 00:37:56+00,2024-08-22 01:06:56+00,carrier_feed
bd2bf6dd-87fa-57f9-b12e-67e962c7d472,1d557e10-5b9f-5744-8e2f-be155f25ccd0,in_transit,scheduled,2024-08-23 02:57:08+00,2024-08-23 03:38:08+00,carrier_feed
ef4aa03f-2c64-542f-8371-b026f8bf9f3c,1d557e10-5b9f-5744-8e2f-be155f25ccd0,delivered,in_transit,2024-08-28 21:32:01+00,2024-08-28 22:00:01+00,carrier_feed
5d772d28-64b0-5474-b5ab-98566e830e60,0936f7c4-cffa-5216-b488-879d48629ea4,scheduled,,2024-11-27 19:30:39+00,2024-11-27 19:52:39+00,carrier_feed
87b720cd-7356-5b4a-b7ba-5660f0423ad5,0936f7c4-cffa-5216-b488-879d48629ea4,in_transit,scheduled,2024-11-30 22:58:23+00,2024-11-30 23:20:23+00,carrier_feed
96e9ddb0-a2d4-5e14-b893-53443acb5a98,0936f7c4-cffa-5216-b488-879d48629ea4,delivered,in_transit,2024-12-06 04:40:13+00,2024-12-06 05:23:13+00,carrier_feed
9999b72f-e1f6-5915-85f9-8e6a0364e387,451af695-376f-5cbc-a870-a9a7ed403e82,scheduled,,2024-09-08 11:16:41+00,2024-09-08 11:41:41+00,carrier_feed
8fbeb4e2-e5f0-510c-a0b3-426249454db5,451af695-376f-5cbc-a870-a9a7ed403e82,in_transit,scheduled,2024-09-08 20:18:02+00,2024-09-08 20:47:02+00,carrier_feed
3e8ca2ce-3c77-5e6b-860b-4db170efb5cf,451af695-376f-5cbc-a870-a9a7ed403e82,delayed,in_transit,2024-09-16 02:29:30+00,2024-09-16 03:10:30+00,carrier_feed
56f91431-0d2a-5868-a7c0-85acc593f686,451af695-376f-5cbc-a870-a9a7ed403e82,delivered,delayed,2024-09-22 20:19:27+00,2024-09-22 20:53:27+00,carrier_feed
ed352151-3e75-5960-bb75-32d302974b24,cdf62f45-5b32-5f10-bba5-22de5d12a480,scheduled,,2024-10-13 09:38:27+00,2024-10-13 10:12:27+00,carrier_feed
1f58f7e8-9246-5937-9306-f9daa0b611fc,cdf62f45-5b32-5f10-bba5-22de5d12a480,in_transit,scheduled,2024-10-15 14:15:35+00,2024-10-15 14:43:35+00,carrier_feed
adecdfd4-6687-55ab-a51c-bba327c2eedb,cdf62f45-5b32-5f10-bba5-22de5d12a480,delivered,in_transit,2024-10-18 11:22:09+00,2024-10-18 11:50:09+00,carrier_feed
0bdcb581-05a6-506a-970f-e4074af4c50a,e4d65ab2-b1dd-5430-9706-e6973863fced,scheduled,,2024-03-04 00:55:02+00,2024-03-04 01:27:02+00,carrier_feed
8ba1a015-bad1-5c54-9220-1dbcf8831d2d,e4d65ab2-b1dd-5430-9706-e6973863fced,in_transit,scheduled,2024-03-06 05:31:10+00,2024-03-06 05:40:10+00,carrier_feed
b6684684-7be5-5b4f-9045-316ea9d0ee6d,e4d65ab2-b1dd-5430-9706-e6973863fced,delivered,in_transit,2024-03-14 12:31:17+00,2024-03-14 12:46:17+00,carrier_feed
aff8da27-fe84-5a02-85dd-a79e5132bab5,7ffd20c5-8165-56f3-a383-5ce64a0076e5,scheduled,,2024-02-28 22:39:28+00,2024-02-28 22:59:28+00,carrier_feed
2938f436-f85a-59c1-96b9-cf19d9d318dc,7ffd20c5-8165-56f3-a383-5ce64a0076e5,in_transit,scheduled,2024-02-29 00:10:15+00,2024-02-29 00:33:15+00,carrier_feed
420a61e0-6898-5cef-8422-e1798272e69b,7ffd20c5-8165-56f3-a383-5ce64a0076e5,delivered,in_transit,2024-03-03 02:39:45+00,2024-03-03 02:45:45+00,carrier_feed
23275517-2d93-537e-9b27-a64a085b2a96,e5397198-b103-58e2-83e4-26153ead310e,scheduled,,2024-11-27 09:01:37+00,2024-11-27 09:08:37+00,carrier_feed
83380798-21d0-5c61-b64b-1fb30ab21e73,e5397198-b103-58e2-83e4-26153ead310e,in_transit,scheduled,2024-11-28 18:15:44+00,2024-11-28 18:25:44+00,carrier_feed
962788f4-813c-515f-90df-d5a383ae7ad2,e5397198-b103-58e2-83e4-26153ead310e,delivered,in_transit,2024-12-07 02:57:20+00,2024-12-07 03:22:20+00,carrier_feed
d662682e-e718-5fbe-9c73-63484f4512e8,525ab9c2-7cbb-58e7-8212-30b663b5170a,scheduled,,2024-05-15 00:49:02+00,2024-05-15 01:02:02+00,carrier_feed
f4a2918d-7b3a-5d0f-ae06-a02e38ccedb2,525ab9c2-7cbb-58e7-8212-30b663b5170a,in_transit,scheduled,2024-05-17 03:32:07+00,2024-05-17 03:48:07+00,carrier_feed
bf5891cd-66f1-58af-8c8c-66dea693ed19,525ab9c2-7cbb-58e7-8212-30b663b5170a,delivered,in_transit,2024-05-21 22:59:35+00,2024-05-21 23:43:35+00,carrier_feed
c146063d-cccd-5170-88b2-045416bbd906,86a5fefd-2e1c-5e1e-8d59-8072d2d3ccb4,scheduled,,2024-01-03 23:05:41+00,2024-01-03 23:11:41+00,carrier_feed
9d0f38f1-c83f-52c2-b8ac-6c11fbe88fcd,86a5fefd-2e1c-5e1e-8d59-8072d2d3ccb4,in_transit,scheduled,2024-01-06 01:05:44+00,2024-01-06 01:28:44+00,carrier_feed
e0f263c1-6a4c-5eb0-a64d-6acae2bb8696,86a5fefd-2e1c-5e1e-8d59-8072d2d3ccb4,delivered,in_transit,2024-01-11 19:16:19+00,2024-01-11 19:22:19+00,carrier_feed
c74fc215-cea2-52fd-9f6d-604dce5cd7cf,3a074fb7-aa74-50c8-9d6d-097a85af850e,scheduled,,2024-07-30 22:04:22+00,2024-07-30 22:49:22+00,carrier_feed
831ebc80-ed53-5251-bbbb-e96ae4ebb2cd,3a074fb7-aa74-50c8-9d6d-097a85af850e,in_transit,scheduled,2024-08-01 00:41:16+00,2024-08-01 00:51:16+00,carrier_feed
41f37993-d1d7-571a-9efe-0f12de8c7f92,3a074fb7-aa74-50c8-9d6d-097a85af850e,delivered,in_transit,2024-08-08 01:56:32+00,2024-08-08 02:23:32+00,carrier_feed
a974f75a-1bd0-56c6-83d1-5bd299ffc6c6,8bf9915a-8556-517b-8283-ee6c71a57293,scheduled,,2024-03-22 18:18:33+00,2024-03-22 18:24:33+00,carrier_feed
e68227b9-0694-5a4a-a083-8d0bc387fd27,8bf9915a-8556-517b-8283-ee6c71a57293,in_transit,scheduled,2024-03-26 00:19:54+00,2024-03-26 00:54:54+00,carrier_feed
b27173fe-b3e4-548d-a7ab-f8bda13a0ab8,8bf9915a-8556-517b-8283-ee6c71a57293,delivered,in_transit,2024-03-31 20:52:49+00,2024-03-31 21:24:49+00,carrier_feed
823c408b-7323-571e-bec4-0dae10d20cda,cbb2a7ee-54d9-59fd-afb9-ee0dd03f5e8b,scheduled,,2024-11-04 21:52:28+00,2024-11-04 22:07:28+00,carrier_feed
6310712b-f2a8-5fc8-88cf-c5a81c89945d,cbb2a7ee-54d9-59fd-afb9-ee0dd03f5e8b,in_transit,scheduled,2024-11-07 00:52:53+00,2024-11-07 01:34:53+00,carrier_feed
63b4feed-f35d-5fa6-b82a-9cb1d67dcf79,cbb2a7ee-54d9-59fd-afb9-ee0dd03f5e8b,delivered,in_transit,2024-11-11 20:29:37+00,2024-11-11 20:51:37+00,carrier_feed
7fced263-9555-5d71-b50b-7c071fec3778,70e30344-8825-5d6e-9f20-608f47a99816,scheduled,,2024-08-21 23:39:26+00,2024-08-21 23:54:26+00,carrier_feed
05447db1-206b-5b49-b556-aebc2d102f5c,70e30344-8825-5d6e-9f20-608f47a99816,in_transit,scheduled,2024-08-25 08:07:24+00,2024-08-25 08:13:24+00,carrier_feed
5a18721d-7af5-515c-b693-7532d03fc14c,70e30344-8825-5d6e-9f20-608f47a99816,delayed,in_transit,2024-09-01 14:43:48+00,2024-09-01 14:54:48+00,carrier_feed
108f3e77-b81b-5a9f-b60f-d5db558c409f,70e30344-8825-5d6e-9f20-608f47a99816,delivered,delayed,2024-09-05 08:46:57+00,2024-09-05 09:00:57+00,carrier_feed
c8881ab5-a926-5df4-9fa6-0c26285d1491,1831706c-3b85-53a2-b932-93715f316de2,scheduled,,2024-08-03 18:45:59+00,2024-08-03 18:56:59+00,carrier_feed
4a7cac77-f8ba-5a5a-a32e-2f7dc5db5515,1831706c-3b85-53a2-b932-93715f316de2,in_transit,scheduled,2024-08-03 22:12:39+00,2024-08-03 22:46:39+00,carrier_feed
4780368e-397c-5551-acae-ffc544b21a2b,1831706c-3b85-53a2-b932-93715f316de2,delivered,in_transit,2024-08-09 00:39:54+00,2024-08-09 00:52:54+00,carrier_feed
60fb9c44-74c0-5a7b-ac4b-bc10eb7f8f84,fa268232-d631-5d67-b698-a3767f5e3904,scheduled,,2024-08-23 17:57:15+00,2024-08-23 18:13:15+00,carrier_feed
5d496f26-989d-580d-bacf-35b514943e41,fa268232-d631-5d67-b698-a3767f5e3904,in_transit,scheduled,2024-08-25 00:27:50+00,2024-08-25 00:34:50+00,carrier_feed
49bb77a4-368c-5d50-979d-68f5d9a23a42,fa268232-d631-5d67-b698-a3767f5e3904,delayed,in_transit,2024-09-01 06:51:16+00,2024-09-01 07:33:16+00,carrier_feed
c6cafe80-82ad-51de-9f23-e790a10b13a7,fa268232-d631-5d67-b698-a3767f5e3904,delivered,delayed,2024-09-09 00:38:55+00,2024-09-09 01:02:55+00,carrier_feed
01ca8666-ac83-5c7f-a32f-65bea7d95578,aab54ef7-0f3c-5ae5-8dff-cb0183a4aaf0,scheduled,,2024-10-13 16:46:19+00,2024-10-13 17:05:19+00,carrier_feed
1881b4f6-81b1-5bc2-a96b-3a408efc2ab1,aab54ef7-0f3c-5ae5-8dff-cb0183a4aaf0,in_transit,scheduled,2024-10-16 21:55:38+00,2024-10-16 22:16:38+00,carrier_feed
1a96d5ac-4935-5849-a0cf-c0b174b104c0,aab54ef7-0f3c-5ae5-8dff-cb0183a4aaf0,delivered,in_transit,2024-10-24 02:57:10+00,2024-10-24 03:13:10+00,carrier_feed
df9291c4-50c8-5557-a400-ac53bff35a34,88dbcd19-290a-561e-b006-a12a4d7d0b5f,scheduled,,2024-11-13 11:16:47+00,2024-11-13 11:32:47+00,carrier_feed
7d795d8b-6ba8-5121-9e29-2919af1172cd,88dbcd19-290a-561e-b006-a12a4d7d0b5f,in_transit,scheduled,2024-11-15 13:46:40+00,2024-11-15 13:52:40+00,carrier_feed
3854f8c6-0cab-5e10-8066-bae9ff05a8da,88dbcd19-290a-561e-b006-a12a4d7d0b5f,delivered,in_transit,2024-11-21 02:19:44+00,2024-11-21 02:57:44+00,carrier_feed
c0d64290-cdaf-515a-8c1f-6e8a4f3f7202,9e4948d5-4f67-59b5-8eed-804b92112733,scheduled,,2024-09-29 23:06:41+00,2024-09-29 23:19:41+00,carrier_feed
8c515d91-8b14-52c9-9dab-ccdd08c02fd7,9e4948d5-4f67-59b5-8eed-804b92112733,in_transit,scheduled,2024-10-03 04:44:51+00,2024-10-03 05:08:51+00,carrier_feed
baed110f-992a-57c0-b81c-75145b7a661e,9e4948d5-4f67-59b5-8eed-804b92112733,delivered,in_transit,2024-10-08 10:23:49+00,2024-10-08 10:33:49+00,carrier_feed
b9a31eff-6771-57ae-8e07-1222cdd6cb80,c84a1971-23be-58ac-866d-96ec4b14bbb5,scheduled,,2024-09-09 19:31:31+00,2024-09-09 20:14:31+00,carrier_feed
f342a517-a6fd-5b6a-b578-bb31d66b3f30,c84a1971-23be-58ac-866d-96ec4b14bbb5,in_transit,scheduled,2024-09-11 21:59:34+00,2024-09-11 22:39:34+00,carrier_feed
ab5a401b-eada-5132-aec9-fdfa3019a993,c84a1971-23be-58ac-866d-96ec4b14bbb5,delivered,in_transit,2024-09-15 13:30:51+00,2024-09-15 13:58:51+00,carrier_feed
46cf95c2-3fd2-5bd4-8b83-7e92beccf884,bb5ea020-c8a4-5996-af0b-8ed6c32bd8e7,scheduled,,2024-08-28 23:27:32+00,2024-08-29 00:01:32+00,carrier_feed
b62ae2a3-fea2-593e-b920-a2ba41e19db0,bb5ea020-c8a4-5996-af0b-8ed6c32bd8e7,in_transit,scheduled,2024-08-29 06:47:31+00,2024-08-29 07:21:31+00,carrier_feed
07361c16-560c-5011-99a3-e80b1f7d6d86,bb5ea020-c8a4-5996-af0b-8ed6c32bd8e7,delivered,in_transit,2024-09-05 13:49:25+00,2024-09-05 14:26:25+00,carrier_feed
331d93ea-f048-53fa-af84-1a245d97bc92,7e083760-7892-5d68-93b4-04850adc513b,scheduled,,2024-03-08 17:44:37+00,2024-03-08 18:19:37+00,carrier_feed
f0d4c2ca-35fe-55b9-92cd-1427f5fdc4fa,7e083760-7892-5d68-93b4-04850adc513b,in_transit,scheduled,2024-03-11 19:06:55+00,2024-03-11 19:24:55+00,carrier_feed
9702a8b9-5100-5194-8dec-2ece731567c6,7e083760-7892-5d68-93b4-04850adc513b,delivered,in_transit,2024-03-15 16:09:03+00,2024-03-15 16:32:03+00,carrier_feed
9104344c-2753-5e4e-80c2-5600b6f0cd44,5ad29632-619b-5f6c-8ee9-5245a2036dfb,scheduled,,2024-01-16 18:31:22+00,2024-01-16 18:43:22+00,carrier_feed
ad076905-1523-58f0-8c1e-997b8b274bea,5ad29632-619b-5f6c-8ee9-5245a2036dfb,in_transit,scheduled,2024-01-19 04:12:27+00,2024-01-19 04:32:27+00,carrier_feed
47fede81-f49f-5c36-9943-cd050401e55e,5ad29632-619b-5f6c-8ee9-5245a2036dfb,delivered,in_transit,2024-01-25 04:49:36+00,2024-01-25 05:22:36+00,carrier_feed
7c15dd3a-5b62-5c24-8dc4-25861fa554c1,7d49f1e5-4ac2-5bae-9bb3-73e2be8fe9c3,scheduled,,2024-11-27 17:33:10+00,2024-11-27 17:47:10+00,carrier_feed
60a17a60-af5f-5e3e-afbe-b0ba50b8d867,7d49f1e5-4ac2-5bae-9bb3-73e2be8fe9c3,in_transit,scheduled,2024-11-28 19:11:08+00,2024-11-28 19:29:08+00,carrier_feed
0e65814e-f942-552b-a2a2-d74f46c63a71,7d49f1e5-4ac2-5bae-9bb3-73e2be8fe9c3,delivered,in_transit,2024-12-05 01:49:03+00,2024-12-05 01:56:03+00,carrier_feed
94d7a268-1b42-500c-a623-1380942a6f8e,b146e075-1412-5401-86dc-4c69b93363fc,scheduled,,2024-10-04 08:37:49+00,2024-10-04 09:11:49+00,carrier_feed
ad84e607-20a0-5e8b-ae46-e91d153cf4df,b146e075-1412-5401-86dc-4c69b93363fc,in_transit,scheduled,2024-10-05 16:55:41+00,2024-10-05 17:14:41+00,carrier_feed
26270017-558f-599b-a3ac-1f8b68862799,b146e075-1412-5401-86dc-4c69b93363fc,delivered,in_transit,2024-10-10 18:02:55+00,2024-10-10 18:27:55+00,carrier_feed
a085b5f4-4b6b-52f5-9fac-49f72eb5602d,c66130da-2cec-55cd-9da7-6e7ea74a701e,scheduled,,2024-03-08 16:17:03+00,2024-03-08 16:53:03+00,carrier_feed
512412ac-bd21-50a6-b17d-53fa06be36f6,c66130da-2cec-55cd-9da7-6e7ea74a701e,in_transit,scheduled,2024-03-10 17:20:16+00,2024-03-10 17:31:16+00,carrier_feed
9b8007d5-503c-5f31-9a89-3b913389ad5f,c66130da-2cec-55cd-9da7-6e7ea74a701e,delayed,in_transit,2024-03-14 23:47:47+00,2024-03-15 00:32:47+00,carrier_feed
891765ff-33e4-5c22-99b1-4c1f84fb42bc,c66130da-2cec-55cd-9da7-6e7ea74a701e,delivered,delayed,2024-03-15 17:46:54+00,2024-03-15 18:04:54+00,carrier_feed
3e008997-125f-5ee4-8133-d1df4fcbf19d,bcb9f72e-7e61-5295-97bd-8b6cd13e138d,scheduled,,2024-03-22 17:14:09+00,2024-03-22 17:43:09+00,carrier_feed
38d12356-c1e7-5c09-918a-b0b1e28a4914,bcb9f72e-7e61-5295-97bd-8b6cd13e138d,in_transit,scheduled,2024-03-25 22:20:46+00,2024-03-25 22:29:46+00,carrier_feed
02b45e1c-6765-56cc-bfc4-f18c1cdd2dfa,bcb9f72e-7e61-5295-97bd-8b6cd13e138d,delivered,in_transit,2024-03-27 22:59:21+00,2024-03-27 23:36:21+00,carrier_feed
dd582c06-041c-5c50-9dcc-632aa8816a10,a03dc675-f392-512a-b9d6-047f05de7836,scheduled,,2024-09-20 18:25:13+00,2024-09-20 18:58:13+00,carrier_feed
c1c86f6b-9d9a-5478-94b8-ad9aab131bf5,a03dc675-f392-512a-b9d6-047f05de7836,in_transit,scheduled,2024-09-24 03:04:05+00,2024-09-24 03:38:05+00,carrier_feed
5956247e-2b63-5c44-a6b0-c9f7d297ee12,a03dc675-f392-512a-b9d6-047f05de7836,delayed,in_transit,2024-10-03 09:36:18+00,2024-10-03 09:57:18+00,carrier_feed
d0b560af-56be-512b-94ed-4e1e89a9e186,a03dc675-f392-512a-b9d6-047f05de7836,delivered,delayed,2024-10-20 03:40:19+00,2024-10-20 04:21:19+00,carrier_feed
685afa59-26bd-5e63-807e-a32b993f65de,ef2f0e3b-dc53-5fc8-b3a9-be8573c939e5,scheduled,,2024-07-21 16:36:21+00,2024-07-21 17:12:21+00,carrier_feed
7a70cec5-78b9-5de5-9ccf-72a910967224,ef2f0e3b-dc53-5fc8-b3a9-be8573c939e5,in_transit,scheduled,2024-07-24 22:44:44+00,2024-07-24 23:21:44+00,carrier_feed
80320d0b-4a36-5cde-9752-c4a5527d429e,ef2f0e3b-dc53-5fc8-b3a9-be8573c939e5,delayed,in_transit,2024-08-02 04:53:42+00,2024-08-02 05:35:42+00,carrier_feed
bb02553b-6fad-5bf3-8ce1-8971779b25a9,ef2f0e3b-dc53-5fc8-b3a9-be8573c939e5,delivered,delayed,2024-08-03 23:01:56+00,2024-08-03 23:29:56+00,carrier_feed
1a85b4f3-4bee-5237-9b9e-6631db5e7009,d821e50e-ec75-517b-9657-1329c98b6c6e,scheduled,,2024-01-04 23:01:58+00,2024-01-04 23:19:58+00,carrier_feed
ace8a406-d003-512a-ae2f-79dddd5a673f,d821e50e-ec75-517b-9657-1329c98b6c6e,in_transit,scheduled,2024-01-08 08:29:19+00,2024-01-08 08:57:19+00,carrier_feed
48503c08-a1f4-5d36-9f90-8d83b7141243,d821e50e-ec75-517b-9657-1329c98b6c6e,delivered,in_transit,2024-01-12 21:40:34+00,2024-01-12 21:55:34+00,carrier_feed
95d3abf0-a374-5a0c-b286-5a0c03288daa,928e5a88-534e-511a-a131-a0aa1f0a1472,scheduled,,2024-03-06 18:42:01+00,2024-03-06 19:07:01+00,carrier_feed
a209495a-1e48-5bf9-bf42-8d6843f75e08,928e5a88-534e-511a-a131-a0aa1f0a1472,in_transit,scheduled,2024-03-07 01:05:30+00,2024-03-07 01:44:30+00,carrier_feed
de0dcb02-f9a8-5f38-97c5-e7b5387414bf,928e5a88-534e-511a-a131-a0aa1f0a1472,delivered,in_transit,2024-03-15 12:38:06+00,2024-03-15 13:03:06+00,carrier_feed
8e00f7f5-0852-5a22-a5a0-99396e661957,3195aacd-7e94-54d1-b8e4-ca2715f0b840,scheduled,,2024-11-29 20:07:14+00,2024-11-29 20:27:14+00,carrier_feed
d7c814c8-6023-5742-91cc-40b6d4966c5e,3195aacd-7e94-54d1-b8e4-ca2715f0b840,in_transit,scheduled,2024-11-29 21:29:52+00,2024-11-29 21:54:52+00,carrier_feed
a623f5e4-5a3d-5545-9db1-0b29f9e1f233,3195aacd-7e94-54d1-b8e4-ca2715f0b840,delivered,in_transit,2024-12-07 17:13:13+00,2024-12-07 17:38:13+00,carrier_feed
568d2c60-755f-5a8b-a834-ead232fe2b53,32702e93-0e76-5a6d-97a3-ed883a5d3770,scheduled,,2024-10-03 14:04:35+00,2024-10-03 14:49:35+00,carrier_feed
7db7c64c-03b0-5c05-aecd-5d216b1a47d5,32702e93-0e76-5a6d-97a3-ed883a5d3770,in_transit,scheduled,2024-10-05 22:31:07+00,2024-10-05 23:15:07+00,carrier_feed
ba7e90f5-92aa-5a69-bf4c-6dbf93ea36c0,32702e93-0e76-5a6d-97a3-ed883a5d3770,delayed,in_transit,2024-10-11 05:11:53+00,2024-10-11 05:52:53+00,carrier_feed
a3f11492-84e4-5f8d-8488-aae64461110a,32702e93-0e76-5a6d-97a3-ed883a5d3770,delivered,delayed,2024-10-13 22:56:32+00,2024-10-13 23:22:32+00,carrier_feed
df387b16-f04f-525a-94af-05459f864327,fd301496-dbb2-5e73-8c55-0f574e769824,scheduled,,2024-11-10 23:42:13+00,2024-11-10 23:54:13+00,carrier_feed
0924e0da-1a8f-5758-a5df-2e3a2220f49c,fd301496-dbb2-5e73-8c55-0f574e769824,in_transit,scheduled,2024-11-12 05:42:38+00,2024-11-12 06:07:38+00,carrier_feed
bd9b0292-ff3b-5739-bb5b-8b2901226eb4,fd301496-dbb2-5e73-8c55-0f574e769824,delivered,in_transit,2024-11-15 03:51:59+00,2024-11-15 04:13:59+00,carrier_feed
a0cc52d0-eaee-52b3-acd5-66e42c8d994a,38fce9e3-c296-586e-a71a-00d433f56ccd,scheduled,,2024-12-24 22:54:43+00,2024-12-24 23:05:43+00,carrier_feed
518672ce-fae2-5db3-ac4a-a45423665323,38fce9e3-c296-586e-a71a-00d433f56ccd,in_transit,scheduled,2024-12-25 00:11:43+00,2024-12-25 00:34:43+00,carrier_feed
a253dce3-5349-50f7-991f-9bea9a6e72f3,38fce9e3-c296-586e-a71a-00d433f56ccd,delivered,in_transit,2024-12-27 03:24:20+00,2024-12-27 03:44:20+00,carrier_feed
381c267e-536d-5226-977a-ad28fab914d4,42d09a61-5bfe-5c46-935c-8ce5ee3bf38a,scheduled,,2024-01-26 01:09:43+00,2024-01-26 01:40:43+00,carrier_feed
683bbc99-e1b0-50de-ae3d-e5d5de39fb55,42d09a61-5bfe-5c46-935c-8ce5ee3bf38a,in_transit,scheduled,2024-01-29 09:20:26+00,2024-01-29 09:28:26+00,carrier_feed
85bfac97-92a8-5200-b968-d30bc15606f3,42d09a61-5bfe-5c46-935c-8ce5ee3bf38a,delivered,in_transit,2024-02-02 01:57:01+00,2024-02-02 02:20:01+00,carrier_feed
9dc2427e-2354-5f8a-9775-82d585e4d844,6a402437-f20d-5c79-8ea1-350a3b9c2beb,scheduled,,2024-03-27 10:42:26+00,2024-03-27 11:02:26+00,carrier_feed
44d876f8-420b-5e84-a1c6-0529efd9d8b8,6a402437-f20d-5c79-8ea1-350a3b9c2beb,in_transit,scheduled,2024-03-29 20:04:36+00,2024-03-29 20:44:36+00,carrier_feed
9aabf1ac-3770-5cff-9851-f3e5c34c7053,6a402437-f20d-5c79-8ea1-350a3b9c2beb,delivered,in_transit,2024-04-05 02:25:26+00,2024-04-05 03:01:26+00,carrier_feed
92e98a69-3a60-59d9-953e-8f9c7996c2cd,fab5d684-dd20-55f1-b0da-ad76787840fb,scheduled,,2024-10-25 09:41:24+00,2024-10-25 09:54:24+00,carrier_feed
bcecea25-dfcc-55b9-bb86-0af0cfe80ef7,fab5d684-dd20-55f1-b0da-ad76787840fb,in_transit,scheduled,2024-10-25 16:49:17+00,2024-10-25 17:12:17+00,carrier_feed
1d94b893-99df-5a77-8253-b205f53ea1c0,fab5d684-dd20-55f1-b0da-ad76787840fb,delivered,in_transit,2024-11-03 07:22:40+00,2024-11-03 07:42:40+00,carrier_feed
3b49954f-98bc-5350-9515-4e62b4bf40c7,7f9af929-da95-57af-8d39-65c2a9ab018c,scheduled,,2024-10-12 13:28:01+00,2024-10-12 13:33:01+00,carrier_feed
dce4e301-2fb9-53a6-a521-d6bfecfe2fc9,7f9af929-da95-57af-8d39-65c2a9ab018c,in_transit,scheduled,2024-10-12 23:11:29+00,2024-10-12 23:50:29+00,carrier_feed
a4cd1210-29de-5468-8ce6-b3e19bf33ba5,7f9af929-da95-57af-8d39-65c2a9ab018c,delayed,in_transit,2024-10-16 05:42:29+00,2024-10-16 06:19:29+00,carrier_feed
49075566-f8c7-5b79-be97-b6d3110f2cd6,7f9af929-da95-57af-8d39-65c2a9ab018c,delivered,delayed,2024-10-22 23:42:04+00,2024-10-23 00:05:04+00,carrier_feed
2fb10236-8412-5d6b-9876-1312cc79c5ea,d522e6f1-0090-5541-887a-7abba72125b0,scheduled,,2024-09-02 15:40:18+00,2024-09-02 16:20:18+00,carrier_feed
066b2935-221a-5a61-9661-9645a58ca2e3,d522e6f1-0090-5541-887a-7abba72125b0,in_transit,scheduled,2024-09-04 19:00:36+00,2024-09-04 19:30:36+00,carrier_feed
e534e83c-76ea-50f1-a8f4-4aef46863ed4,d522e6f1-0090-5541-887a-7abba72125b0,delivered,in_transit,2024-09-12 03:20:47+00,2024-09-12 03:27:47+00,carrier_feed
0a93fbe6-e96c-57d7-971f-1641cc4c944e,80ee83f8-4fa1-558c-87e9-8dcbbebfcb37,scheduled,,2024-03-26 22:31:07+00,2024-03-26 23:03:07+00,carrier_feed
320fba5d-11bf-50f5-855a-9dc0e91d3ed8,80ee83f8-4fa1-558c-87e9-8dcbbebfcb37,in_transit,scheduled,2024-03-30 02:48:51+00,2024-03-30 03:09:51+00,carrier_feed
819404ad-0346-5cbc-b5ab-0259e5ee35bc,80ee83f8-4fa1-558c-87e9-8dcbbebfcb37,delivered,in_transit,2024-04-04 23:30:01+00,2024-04-04 23:42:01+00,carrier_feed
8f182a81-c7bc-5a21-a21b-098878a05e06,351d5b77-c73e-5ad2-81d2-b58ef93c875c,scheduled,,2024-11-25 14:15:44+00,2024-11-25 14:39:44+00,carrier_feed
66cf0448-5d89-52bb-a58c-705edffa23c0,351d5b77-c73e-5ad2-81d2-b58ef93c875c,in_transit,scheduled,2024-11-25 18:29:03+00,2024-11-25 18:53:03+00,carrier_feed
ff1f38c9-95b4-58e3-80cf-f20f1cc5f8c9,351d5b77-c73e-5ad2-81d2-b58ef93c875c,delivered,in_transit,2024-12-02 12:57:48+00,2024-12-02 13:11:48+00,carrier_feed
909f9c7b-c51a-5547-8371-44c281576e69,3f9255f7-1f26-5316-b77b-43a1d9fb3f4d,scheduled,,2024-12-01 00:41:59+00,2024-12-01 01:09:59+00,carrier_feed
147fe5f9-af1e-5190-901f-bfd9e0ba27eb,3f9255f7-1f26-5316-b77b-43a1d9fb3f4d,in_transit,scheduled,2024-12-02 07:44:32+00,2024-12-02 07:52:32+00,carrier_feed
ea872d52-0d4d-5e14-bdbf-82491cb36e77,3f9255f7-1f26-5316-b77b-43a1d9fb3f4d,delivered,in_transit,2024-12-10 16:21:03+00,2024-12-10 17:02:03+00,carrier_feed
c4955fb5-a5c8-590b-910d-e907e595de74,851e0ad3-59bf-5c6c-8708-e89b16d7fa1a,scheduled,,2024-03-05 23:44:40+00,2024-03-06 00:13:40+00,carrier_feed
49b0239b-f9c7-5e9e-a520-38a665cb9254,851e0ad3-59bf-5c6c-8708-e89b16d7fa1a,in_transit,scheduled,2024-03-07 01:04:08+00,2024-03-07 01:46:08+00,carrier_feed
453fc90c-5aa8-5f9b-b33b-bf57e47b9cf9,851e0ad3-59bf-5c6c-8708-e89b16d7fa1a,delivered,in_transit,2024-03-13 12:16:41+00,2024-03-13 12:33:41+00,carrier_feed
031f0650-6e27-54cc-8912-417420f8702a,6ab0eff8-eaae-5d04-bef5-6c312f3d456a,scheduled,,2024-09-12 17:31:31+00,2024-09-12 17:51:31+00,carrier_feed
47e9c20e-ffda-5b00-a322-42ac0e7e6acf,6ab0eff8-eaae-5d04-bef5-6c312f3d456a,in_transit,scheduled,2024-09-15 00:53:49+00,2024-09-15 01:29:49+00,carrier_feed
ad118c5b-ac12-5a74-9e90-88c5bd626390,6ab0eff8-eaae-5d04-bef5-6c312f3d456a,delivered,in_transit,2024-09-17 19:16:10+00,2024-09-17 19:42:10+00,carrier_feed
145aad3b-2dce-5654-b34c-b594f357a04c,aa32a3c7-6cdb-5295-aef9-3a70806e47a2,scheduled,,2024-09-27 23:45:17+00,2024-09-28 00:21:17+00,carrier_feed
d9eab1c1-eefc-52e4-bb26-a86213dca47a,aa32a3c7-6cdb-5295-aef9-3a70806e47a2,in_transit,scheduled,2024-09-28 06:14:17+00,2024-09-28 06:55:17+00,carrier_feed
8f6e43a8-8a67-5116-9c84-ad57b9588073,aa32a3c7-6cdb-5295-aef9-3a70806e47a2,delivered,in_transit,2024-10-01 00:34:15+00,2024-10-01 00:42:15+00,carrier_feed
cad73ff4-fbeb-5391-9c44-1f7c926aadbf,99434451-49fc-538a-81fc-e836b5744077,scheduled,,2024-09-24 12:37:40+00,2024-09-24 12:48:40+00,carrier_feed
79c064ea-8d7f-5296-970a-172b472f2720,99434451-49fc-538a-81fc-e836b5744077,in_transit,scheduled,2024-09-27 19:48:45+00,2024-09-27 20:13:45+00,carrier_feed
09282a1b-9f36-5879-b0d7-a18d6201d25e,99434451-49fc-538a-81fc-e836b5744077,delivered,in_transit,2024-10-05 08:28:56+00,2024-10-05 08:55:56+00,carrier_feed
c87e04f6-9660-587d-8d0e-ff9a35967476,e7a712fa-7409-5b10-9489-eb60624697ed,scheduled,,2024-09-17 00:19:15+00,2024-09-17 00:25:15+00,carrier_feed
18d03101-1809-5b4e-84d6-368e4963fafc,e7a712fa-7409-5b10-9489-eb60624697ed,in_transit,scheduled,2024-09-19 08:02:11+00,2024-09-19 08:40:11+00,carrier_feed
60bf7c8b-89fa-5750-960b-ac2db07906a0,e7a712fa-7409-5b10-9489-eb60624697ed,delivered,in_transit,2024-09-26 00:25:29+00,2024-09-26 01:04:29+00,carrier_feed
90c45a33-177c-58fd-8c94-38c11ef69516,084e6310-83c6-503f-bbd4-c044c011bd8b,scheduled,,2024-09-19 09:11:27+00,2024-09-19 09:16:27+00,carrier_feed
7187bdc9-593b-5096-9715-ad32c31e8187,084e6310-83c6-503f-bbd4-c044c011bd8b,in_transit,scheduled,2024-09-19 11:14:44+00,2024-09-19 11:46:44+00,carrier_feed
191bff21-59bd-5993-9715-019de80cc1bf,084e6310-83c6-503f-bbd4-c044c011bd8b,delivered,in_transit,2024-09-27 18:37:57+00,2024-09-27 18:54:57+00,carrier_feed
a8cd03aa-bf2a-5e60-8eb2-6c06c48b6209,f834128f-6ed5-5cb0-990a-cc4b4a4d7d91,scheduled,,2024-11-27 01:06:37+00,2024-11-27 01:47:37+00,carrier_feed
78f6d4b4-57ef-5211-ad3c-8faab46cde94,f834128f-6ed5-5cb0-990a-cc4b4a4d7d91,in_transit,scheduled,2024-11-28 03:12:25+00,2024-11-28 03:38:25+00,carrier_feed
b261ee30-d23a-5d00-be0a-0d9dcdad9109,f834128f-6ed5-5cb0-990a-cc4b4a4d7d91,delivered,in_transit,2024-12-01 14:48:03+00,2024-12-01 15:26:03+00,carrier_feed
dc9546c3-6835-5a71-8e86-5d865424c227,697435bd-7ab1-58f4-90e0-d0ea65fdfc1a,scheduled,,2024-04-03 16:52:15+00,2024-04-03 17:15:15+00,carrier_feed
a05677e0-0389-52a2-9a07-34c23a32a607,697435bd-7ab1-58f4-90e0-d0ea65fdfc1a,in_transit,scheduled,2024-04-06 02:27:31+00,2024-04-06 02:53:31+00,carrier_feed
b52eb461-ae64-50ad-9028-3e6f48d854af,697435bd-7ab1-58f4-90e0-d0ea65fdfc1a,delivered,in_transit,2024-04-10 03:09:30+00,2024-04-10 03:31:30+00,carrier_feed
51b98866-df79-5ed9-bd6c-f78a4c5de859,52c705ef-8854-558a-97c8-b752c7f81b47,scheduled,,2024-01-15 01:12:46+00,2024-01-15 01:39:46+00,carrier_feed
08af2f1e-8e69-5ef7-8edf-fe589cb6b3b6,52c705ef-8854-558a-97c8-b752c7f81b47,in_transit,scheduled,2024-01-18 07:56:07+00,2024-01-18 08:01:07+00,carrier_feed
6fe1c93f-315b-51c0-b07a-b6a469f62b94,52c705ef-8854-558a-97c8-b752c7f81b47,delivered,in_transit,2024-01-24 21:31:36+00,2024-01-24 22:16:36+00,carrier_feed
4b0a7c57-71e0-5281-be01-d8378d91d080,631a98fa-1fdf-547a-9f23-991b987b9cf2,scheduled,,2024-07-28 18:42:00+00,2024-07-28 19:07:00+00,carrier_feed
bb07befe-1dba-58cf-bd6f-28766367b534,631a98fa-1fdf-547a-9f23-991b987b9cf2,in_transit,scheduled,2024-07-29 21:12:06+00,2024-07-29 21:28:06+00,carrier_feed
e0afbe50-dce5-59f8-aa06-0d102a99fc80,631a98fa-1fdf-547a-9f23-991b987b9cf2,delivered,in_transit,2024-08-01 07:48:52+00,2024-08-01 08:31:52+00,carrier_feed
a4575c9d-9afb-54be-97dc-0f3a318e0c05,ea098078-9e9c-5428-b955-d6b7acab1547,scheduled,,2024-11-03 02:20:59+00,2024-11-03 02:49:59+00,carrier_feed
7734fd21-9c12-5f86-aeda-ec08bd04aee4,ea098078-9e9c-5428-b955-d6b7acab1547,in_transit,scheduled,2024-11-04 10:26:34+00,2024-11-04 10:53:34+00,carrier_feed
f1e29438-22f0-5be0-9d01-cb3f10278e5b,ea098078-9e9c-5428-b955-d6b7acab1547,delivered,in_transit,2024-11-10 05:48:58+00,2024-11-10 06:08:58+00,carrier_feed
9e4ee010-c95d-5212-9204-5e2fb80fd816,b044ada5-fe45-5dfc-9b54-5d8fd30cdb8d,scheduled,,2024-01-11 21:04:40+00,2024-01-11 21:39:40+00,carrier_feed
4b116517-94a8-5bdf-a75a-e0ef218a67f4,b044ada5-fe45-5dfc-9b54-5d8fd30cdb8d,in_transit,scheduled,2024-01-14 01:33:42+00,2024-01-14 01:40:42+00,carrier_feed
e5d99caf-f106-580f-804c-84cbf4601013,b044ada5-fe45-5dfc-9b54-5d8fd30cdb8d,delivered,in_transit,2024-01-21 22:44:36+00,2024-01-21 23:05:36+00,carrier_feed
b13df307-2e97-555b-8797-b6b46e4acffe,c9358ab3-5cff-51bf-a71d-8cbb5f3b227a,scheduled,,2024-04-15 18:59:37+00,2024-04-15 19:34:37+00,carrier_feed
9d5bfde5-9514-5b5b-890c-f5e5d3e788b6,c9358ab3-5cff-51bf-a71d-8cbb5f3b227a,in_transit,scheduled,2024-04-16 20:13:56+00,2024-04-16 20:44:56+00,carrier_feed
bd627fca-ac60-5051-ac90-7780e32e391a,c9358ab3-5cff-51bf-a71d-8cbb5f3b227a,delivered,in_transit,2024-04-19 10:43:35+00,2024-04-19 11:20:35+00,carrier_feed
19c3c7d9-d897-5a91-bacc-de28dde64fa3,fd889fcd-73e3-54c9-8f90-c82ce197af3a,scheduled,,2024-03-04 19:32:04+00,2024-03-04 19:40:04+00,carrier_feed
56068bb7-4b46-598c-ad17-a08ab9477fba,fd889fcd-73e3-54c9-8f90-c82ce197af3a,in_transit,scheduled,2024-03-05 00:55:02+00,2024-03-05 01:38:02+00,carrier_feed
41891d13-ef01-5810-b2ca-1b95a05c879b,fd889fcd-73e3-54c9-8f90-c82ce197af3a,delivered,in_transit,2024-03-10 20:56:34+00,2024-03-10 21:36:34+00,carrier_feed
7681bb45-671a-53ef-b280-ff2541b4b7b1,6047193b-2797-582d-b95b-24fd1d37a523,scheduled,,2024-11-03 21:55:41+00,2024-11-03 22:22:41+00,carrier_feed
991d6c18-5da6-5ae7-b132-96366f9a89ca,6047193b-2797-582d-b95b-24fd1d37a523,in_transit,scheduled,2024-11-04 04:17:13+00,2024-11-04 04:47:13+00,carrier_feed
f7f19429-0f04-559d-8aac-c6ea80d2410e,6047193b-2797-582d-b95b-24fd1d37a523,delivered,in_transit,2024-11-09 01:46:14+00,2024-11-09 02:26:14+00,carrier_feed
6e332928-19f6-598a-9434-3f7279c2e62a,13bb53ad-81e1-5561-a354-7d46190d03a0,scheduled,,2024-11-13 12:16:29+00,2024-11-13 12:36:29+00,carrier_feed
82e80107-2bb9-5630-82d3-5c8cd5ceb1d2,13bb53ad-81e1-5561-a354-7d46190d03a0,in_transit,scheduled,2024-11-15 21:53:14+00,2024-11-15 22:18:14+00,carrier_feed
b6ac29a5-02e8-5809-95bb-820544d3bbaf,13bb53ad-81e1-5561-a354-7d46190d03a0,delivered,in_transit,2024-11-22 22:24:57+00,2024-11-22 22:32:57+00,carrier_feed
8e572f5e-99b9-5857-8813-6599535e914a,b9e6db5a-e4f7-54a6-9e59-c6d0a68a5318,scheduled,,2024-03-25 12:53:20+00,2024-03-25 13:20:20+00,carrier_feed
bff6900d-9092-555f-a4cb-012fbe024c34,b9e6db5a-e4f7-54a6-9e59-c6d0a68a5318,in_transit,scheduled,2024-03-25 15:01:39+00,2024-03-25 15:12:39+00,carrier_feed
44139978-9162-5352-9fba-a73d34b17038,b9e6db5a-e4f7-54a6-9e59-c6d0a68a5318,delivered,in_transit,2024-04-01 14:41:33+00,2024-04-01 15:19:33+00,carrier_feed
d51b707b-966a-5337-91f4-29b52e6b6a54,fcdf127f-1916-5ff3-9dfe-7bf366e5dd55,scheduled,,2024-07-28 21:50:52+00,2024-07-28 22:10:52+00,carrier_feed
606a1020-0934-56a1-b948-8c9e5ee5ff48,fcdf127f-1916-5ff3-9dfe-7bf366e5dd55,in_transit,scheduled,2024-08-01 03:00:02+00,2024-08-01 03:22:02+00,carrier_feed
c4346261-04a8-50de-9222-ad4668725b2f,fcdf127f-1916-5ff3-9dfe-7bf366e5dd55,delivered,in_transit,2024-08-09 17:23:53+00,2024-08-09 17:47:53+00,carrier_feed
8b38bc08-2848-5ba3-8496-de040b18e0fe,13fca1e6-3375-5916-92aa-635a968836bb,scheduled,,2024-08-05 00:33:29+00,2024-08-05 00:39:29+00,carrier_feed
dccae537-9623-522f-a3e4-03190e1bbe67,13fca1e6-3375-5916-92aa-635a968836bb,in_transit,scheduled,2024-08-07 09:40:22+00,2024-08-07 09:56:22+00,carrier_feed
f6a249e8-0941-58e9-81b7-638e1e32a554,13fca1e6-3375-5916-92aa-635a968836bb,delivered,in_transit,2024-08-13 11:48:45+00,2024-08-13 12:22:45+00,carrier_feed
6ad8dd24-b520-54fe-b305-3a2110cda8d7,a7b1128a-4a0f-5220-8936-4a4cf306fceb,scheduled,,2024-02-09 19:41:06+00,2024-02-09 20:09:06+00,carrier_feed
8a300dd7-806f-5cfb-86b4-bc9106817d61,a7b1128a-4a0f-5220-8936-4a4cf306fceb,in_transit,scheduled,2024-02-13 00:08:26+00,2024-02-13 00:36:26+00,carrier_feed
42868e99-be25-526c-a382-129ee6ee0e85,a7b1128a-4a0f-5220-8936-4a4cf306fceb,delayed,in_transit,2024-02-18 06:42:18+00,2024-02-18 07:03:18+00,carrier_feed
2049978e-e6f7-5f14-8749-7bd0b1de4c09,a7b1128a-4a0f-5220-8936-4a4cf306fceb,delivered,delayed,2024-02-20 00:44:40+00,2024-02-20 01:29:40+00,carrier_feed
00549650-f3c3-5120-aa91-2c9c9edb707d,c6c3066b-bf90-577c-94ff-763aade87048,scheduled,,2024-09-28 12:41:12+00,2024-09-28 13:17:12+00,carrier_feed
7645b2d3-31b4-541b-9d0e-c7e527b20c89,c6c3066b-bf90-577c-94ff-763aade87048,in_transit,scheduled,2024-09-30 22:22:07+00,2024-09-30 22:30:07+00,carrier_feed
684e601a-9a4b-5da8-a596-dd2189360d74,c6c3066b-bf90-577c-94ff-763aade87048,delivered,in_transit,2024-10-03 15:36:23+00,2024-10-03 15:48:23+00,carrier_feed
3c7ed2fd-4fe8-5e79-9242-ad8805a955ea,0a32c55a-b32e-5a1d-9e76-c68484b81c22,scheduled,,2024-02-09 01:44:10+00,2024-02-09 02:06:10+00,carrier_feed
efbe5ae1-8114-505f-a06e-c68c32e1e433,0a32c55a-b32e-5a1d-9e76-c68484b81c22,in_transit,scheduled,2024-02-11 08:50:20+00,2024-02-11 09:06:20+00,carrier_feed
e0e11750-302b-59f2-a503-b50d16c0a1e4,0a32c55a-b32e-5a1d-9e76-c68484b81c22,delivered,in_transit,2024-02-15 03:10:15+00,2024-02-15 03:52:15+00,carrier_feed
7b3b69cb-5c64-593c-ba96-bf051b81bf65,b606b6d8-9f33-5d5e-8f07-1c2fce50683d,scheduled,,2024-09-27 15:35:56+00,2024-09-27 16:01:56+00,carrier_feed
80ab2e7e-f686-5df2-8ee7-058770dda717,b606b6d8-9f33-5d5e-8f07-1c2fce50683d,in_transit,scheduled,2024-09-30 20:15:51+00,2024-09-30 20:21:51+00,carrier_feed
d9296865-7e57-5b92-9c9e-3baeb0e61c63,b606b6d8-9f33-5d5e-8f07-1c2fce50683d,delivered,in_transit,2024-10-05 15:40:13+00,2024-10-05 16:00:13+00,carrier_feed
825b30ce-04d5-5611-a236-5575166994fb,ab56585d-ff05-5001-ba41-0876a8eb33b9,scheduled,,2024-10-05 17:51:45+00,2024-10-05 18:36:45+00,carrier_feed
c055cea5-6148-5389-a97d-02de99b799d2,ab56585d-ff05-5001-ba41-0876a8eb33b9,in_transit,scheduled,2024-10-08 19:00:53+00,2024-10-08 19:17:53+00,carrier_feed
8ac88b52-f29a-558f-bab6-b304133e8dc2,ab56585d-ff05-5001-ba41-0876a8eb33b9,delivered,in_transit,2024-10-12 14:17:15+00,2024-10-12 14:49:15+00,carrier_feed
c307bb76-33cc-5748-b990-19039eea646f,c056dd77-0870-5b84-9126-9edfb74df225,scheduled,,2024-08-09 02:05:10+00,2024-08-09 02:46:10+00,carrier_feed
84367319-be55-575e-a9f8-33a2582772af,c056dd77-0870-5b84-9126-9edfb74df225,in_transit,scheduled,2024-08-12 09:33:08+00,2024-08-12 09:53:08+00,carrier_feed
b8582195-7671-5388-aab3-7982b3e4fea9,c056dd77-0870-5b84-9126-9edfb74df225,delayed,in_transit,2024-08-21 15:38:44+00,2024-08-21 16:07:44+00,carrier_feed
0297b257-9324-5141-a970-9916e38a47a5,c056dd77-0870-5b84-9126-9edfb74df225,delivered,delayed,2024-08-29 10:08:42+00,2024-08-29 10:47:42+00,carrier_feed
290619bf-c71c-5f2a-8c68-fb30f3e67fd0,af5d41ab-5338-5ae5-a90c-4b17eb5452a9,scheduled,,2024-09-18 21:18:29+00,2024-09-18 21:37:29+00,carrier_feed
46554be3-b849-5df7-8c43-57c22e2dad05,af5d41ab-5338-5ae5-a90c-4b17eb5452a9,in_transit,scheduled,2024-09-18 22:25:38+00,2024-09-18 22:49:38+00,carrier_feed
d5799184-5cf5-52f5-ab8d-5ab44f444e8c,af5d41ab-5338-5ae5-a90c-4b17eb5452a9,delivered,in_transit,2024-09-27 00:57:09+00,2024-09-27 01:04:09+00,carrier_feed
4c959f63-4dc7-598b-92a2-c5159f76814e,4ac3b3c0-949c-52d2-b28f-f48b133a2a67,scheduled,,2024-10-14 17:19:31+00,2024-10-14 17:33:31+00,carrier_feed
67e2a7c8-ef68-51f7-a6bc-cd65e1d47a7d,4ac3b3c0-949c-52d2-b28f-f48b133a2a67,in_transit,scheduled,2024-10-17 00:37:38+00,2024-10-17 00:48:38+00,carrier_feed
83ad275f-b828-55df-9033-e16334354f1f,4ac3b3c0-949c-52d2-b28f-f48b133a2a67,delayed,in_transit,2024-10-26 07:15:52+00,2024-10-26 07:27:52+00,carrier_feed
b46fa0f1-0c7b-55a2-8ae0-f6674f37a2f7,4ac3b3c0-949c-52d2-b28f-f48b133a2a67,delivered,delayed,2024-11-02 00:50:31+00,2024-11-02 00:56:31+00,carrier_feed
fb7333d9-c486-549a-87c5-df9bf5c05945,d71ffef4-7af7-5d45-bf89-1591f30f128e,scheduled,,2024-12-23 00:14:05+00,2024-12-23 00:36:05+00,carrier_feed
03e2f69d-035c-5448-a6d8-c3bdbbcf1db3,d71ffef4-7af7-5d45-bf89-1591f30f128e,in_transit,scheduled,2024-12-24 08:42:44+00,2024-12-24 09:09:44+00,carrier_feed
51981aaf-3d81-5c28-80d4-de34bc5e97f2,d71ffef4-7af7-5d45-bf89-1591f30f128e,delivered,in_transit,2024-12-27 05:17:29+00,2024-12-27 05:41:29+00,carrier_feed
05f09daa-e086-5765-b311-a380ed06dce1,f90b2710-1649-581b-8a8b-3fdc5c8247ac,scheduled,,2024-03-14 21:37:39+00,2024-03-14 22:18:39+00,carrier_feed
d4c9387c-a34c-55ad-bab9-f5a243c5d4e5,f90b2710-1649-581b-8a8b-3fdc5c8247ac,in_transit,scheduled,2024-03-16 03:52:04+00,2024-03-16 04:30:04+00,carrier_feed
20a0bcc0-71b3-5e45-8cb4-77dc610a1411,f90b2710-1649-581b-8a8b-3fdc5c8247ac,delivered,in_transit,2024-03-18 10:20:10+00,2024-03-18 10:27:10+00,carrier_feed
ae7efe35-74d1-513f-a9cc-a509ebbe6de6,c90af736-0e5d-5d50-b6be-f6751f889f23,scheduled,,2024-11-07 14:24:09+00,2024-11-07 15:09:09+00,carrier_feed
72f9f40e-f783-5e14-92b0-88ca82f3ce4a,c90af736-0e5d-5d50-b6be-f6751f889f23,in_transit,scheduled,2024-11-07 17:35:58+00,2024-11-07 18:20:58+00,carrier_feed
648e8771-6324-5e85-8394-8eb998718ee1,c90af736-0e5d-5d50-b6be-f6751f889f23,delivered,in_transit,2024-11-12 17:54:57+00,2024-11-12 18:39:57+00,carrier_feed
829b1b1c-c90e-5234-9cc8-af99c3adfbe4,aaf30505-6c74-5a23-9068-cc853f6f4b49,scheduled,,2024-03-20 12:14:34+00,2024-03-20 12:37:34+00,carrier_feed
8b07f9d7-00d9-52fe-9520-af2e7daa7caa,aaf30505-6c74-5a23-9068-cc853f6f4b49,in_transit,scheduled,2024-03-22 21:45:32+00,2024-03-22 22:14:32+00,carrier_feed
c3c24b56-481a-5b72-8b1a-f94f94c06733,aaf30505-6c74-5a23-9068-cc853f6f4b49,delivered,in_transit,2024-03-25 06:53:56+00,2024-03-25 06:59:56+00,carrier_feed
5521b953-1ee2-5974-bd92-a9ba5fb0e4e8,cb42aa87-3e05-5681-810b-7a85727beb0d,scheduled,,2024-10-27 23:44:44+00,2024-10-28 00:14:44+00,carrier_feed
c2323c7a-adc4-50ea-847d-0745bcc633e4,cb42aa87-3e05-5681-810b-7a85727beb0d,in_transit,scheduled,2024-10-28 02:10:55+00,2024-10-28 02:38:55+00,carrier_feed
56e0b564-a7c0-5086-aea3-91f4a4fe0912,cb42aa87-3e05-5681-810b-7a85727beb0d,delivered,in_transit,2024-11-02 00:29:24+00,2024-11-02 00:46:24+00,carrier_feed
5ddf84a0-2c56-56ba-96d8-9a7bd771f45a,65196e52-df4b-58b7-ab1d-051562864a0c,scheduled,,2024-11-28 01:29:35+00,2024-11-28 01:53:35+00,carrier_feed
b17943c1-aa09-5c3f-b256-b7aae0189cae,65196e52-df4b-58b7-ab1d-051562864a0c,in_transit,scheduled,2024-11-28 11:03:16+00,2024-11-28 11:48:16+00,carrier_feed
0de7fdd7-2d87-5f6d-a445-2bbdc19c2af1,65196e52-df4b-58b7-ab1d-051562864a0c,delivered,in_transit,2024-12-01 20:33:31+00,2024-12-01 21:15:31+00,carrier_feed
08b64790-8d50-5541-a53c-4a170edd2489,c4bf59bb-ca18-5b29-a65d-b4c0a65f0190,scheduled,,2024-10-26 17:04:46+00,2024-10-26 17:22:46+00,carrier_feed
5c8c81a8-e29a-5230-b7fd-38e1847f9f6a,c4bf59bb-ca18-5b29-a65d-b4c0a65f0190,in_transit,scheduled,2024-10-28 00:24:09+00,2024-10-28 00:30:09+00,carrier_feed
a0dd873f-0c20-53c1-b42f-bcdc1c5de242,c4bf59bb-ca18-5b29-a65d-b4c0a65f0190,delivered,in_transit,2024-11-04 10:25:06+00,2024-11-04 11:09:06+00,carrier_feed
05daa26d-5b2f-5b72-a2e6-f241d3252497,74650df4-2238-544f-9ce2-427d4a33d0c3,scheduled,,2024-07-09 00:15:05+00,2024-07-09 00:47:05+00,carrier_feed
076f975d-a156-5d3a-b03f-a1c5b8a964d5,74650df4-2238-544f-9ce2-427d4a33d0c3,in_transit,scheduled,2024-07-11 04:50:04+00,2024-07-11 05:21:04+00,carrier_feed
0bb2092c-a3e3-5c6b-b3c9-ae726f6035b9,74650df4-2238-544f-9ce2-427d4a33d0c3,delivered,in_transit,2024-07-17 02:18:40+00,2024-07-17 02:50:40+00,carrier_feed
4d716055-df49-5fe2-a279-17ae9dcd3418,ff9c5281-124d-5af1-b309-54c1b5722380,scheduled,,2024-10-06 21:05:30+00,2024-10-06 21:22:30+00,carrier_feed
b06df4b2-1f50-55be-87c3-c94a21c59fc4,ff9c5281-124d-5af1-b309-54c1b5722380,in_transit,scheduled,2024-10-07 22:23:23+00,2024-10-07 22:47:23+00,carrier_feed
541f8b2d-1536-5295-abc6-0543b92b924e,ff9c5281-124d-5af1-b309-54c1b5722380,delayed,in_transit,2024-10-13 05:07:55+00,2024-10-13 05:50:55+00,carrier_feed
97ba96be-9e6a-56db-80bf-9459ddc60c68,ff9c5281-124d-5af1-b309-54c1b5722380,delivered,delayed,2024-10-14 22:25:45+00,2024-10-14 22:37:45+00,carrier_feed
e013fd98-83fa-58f2-b4aa-a337978e15d5,8aab5f8b-e8f3-57dc-a770-a6acc5ef65bb,scheduled,,2024-08-31 20:05:55+00,2024-08-31 20:36:55+00,carrier_feed
9012f753-7922-5cab-b163-ebac840d2e5a,8aab5f8b-e8f3-57dc-a770-a6acc5ef65bb,in_transit,scheduled,2024-08-31 21:09:46+00,2024-08-31 21:38:46+00,carrier_feed
f71bf24b-6ef3-5119-8e5b-bf31ce828473,8aab5f8b-e8f3-57dc-a770-a6acc5ef65bb,delivered,in_transit,2024-09-05 06:50:09+00,2024-09-05 06:58:09+00,carrier_feed
d5630dbe-b46b-5234-a86c-cb6b273418df,911a277e-884c-5515-b234-270f09de9413,scheduled,,2024-07-01 21:56:19+00,2024-07-01 22:24:19+00,carrier_feed
e20e1b00-0a38-5258-9dab-c2351c421797,911a277e-884c-5515-b234-270f09de9413,in_transit,scheduled,2024-07-01 23:38:44+00,2024-07-02 00:03:44+00,carrier_feed
9e37a142-bf90-5606-b704-4bbd05e1aef1,911a277e-884c-5515-b234-270f09de9413,delivered,in_transit,2024-07-06 04:59:51+00,2024-07-06 05:35:51+00,carrier_feed
62478484-f2bf-5d44-b255-90fc4010b02d,a2043dd2-e7be-56a5-8b58-68617887bb65,scheduled,,2024-11-06 01:55:26+00,2024-11-06 02:28:26+00,carrier_feed
f84d57f1-b82c-51b0-b495-505eb9153989,a2043dd2-e7be-56a5-8b58-68617887bb65,in_transit,scheduled,2024-11-09 03:35:31+00,2024-11-09 03:52:31+00,carrier_feed
d061c571-9784-5e7f-bf49-f1601fb1b483,a2043dd2-e7be-56a5-8b58-68617887bb65,delivered,in_transit,2024-11-17 11:07:55+00,2024-11-17 11:48:55+00,carrier_feed
3a134674-735e-5301-a61e-592d3e54f8d7,4799a05e-fa15-557d-94cb-c91785ede43e,scheduled,,2024-02-26 22:02:14+00,2024-02-26 22:09:14+00,carrier_feed
9e761ddb-ee03-5b4e-83b5-55115b2e02f3,4799a05e-fa15-557d-94cb-c91785ede43e,in_transit,scheduled,2024-02-28 01:27:42+00,2024-02-28 01:48:42+00,carrier_feed
cbea04d8-5368-5e23-8dfa-2df9d3772da2,4799a05e-fa15-557d-94cb-c91785ede43e,delayed,in_transit,2024-03-05 07:40:21+00,2024-03-05 08:07:21+00,carrier_feed
195247bd-739d-5113-88a2-bbcf318bb8c4,4799a05e-fa15-557d-94cb-c91785ede43e,delivered,delayed,2024-03-09 01:37:32+00,2024-03-09 02:03:32+00,carrier_feed
df16c3eb-01b4-57fb-8b38-6042d58fc60a,6ee92775-c2da-55ee-a94d-c7ee5d28a32a,scheduled,,2024-09-08 17:00:34+00,2024-09-08 17:45:34+00,carrier_feed
2f26c857-8512-5c3e-88ae-0d6916445c8a,6ee92775-c2da-55ee-a94d-c7ee5d28a32a,in_transit,scheduled,2024-09-11 19:07:55+00,2024-09-11 19:30:55+00,carrier_feed
93cdf6d8-5db7-5aff-b9b2-d1558d668150,6ee92775-c2da-55ee-a94d-c7ee5d28a32a,delivered,in_transit,2024-09-15 00:11:26+00,2024-09-15 00:28:26+00,carrier_feed
b08edf8c-4256-5816-85bf-a09a2f9142ad,0e93a16c-4d09-5ef2-b116-e820066b54fa,scheduled,,2024-10-19 15:05:31+00,2024-10-19 15:36:31+00,carrier_feed
fa492334-8069-52ec-b993-e32f4169cc34,0e93a16c-4d09-5ef2-b116-e820066b54fa,in_transit,scheduled,2024-10-22 19:08:56+00,2024-10-22 19:24:56+00,carrier_feed
b261c081-e62b-5961-8796-1f3c9f583754,0e93a16c-4d09-5ef2-b116-e820066b54fa,delivered,in_transit,2024-10-28 15:46:13+00,2024-10-28 16:05:13+00,carrier_feed
9bc4957a-49ed-5d8f-b3bb-1372448ca806,a5b37a0b-676c-5d24-8b37-b9093c5d6f0d,scheduled,,2024-06-09 01:37:31+00,2024-06-09 01:54:31+00,carrier_feed
9a8789fd-72df-5f09-aa5c-f7bf45f25376,a5b37a0b-676c-5d24-8b37-b9093c5d6f0d,in_transit,scheduled,2024-06-09 07:53:39+00,2024-06-09 08:03:39+00,carrier_feed
dfa97801-31b5-5900-80c4-95e38951e090,a5b37a0b-676c-5d24-8b37-b9093c5d6f0d,delivered,in_transit,2024-06-17 07:21:55+00,2024-06-17 08:04:55+00,carrier_feed
7487df72-0d78-54fa-9f9d-7658fea8a8e0,530bc949-60d1-5928-bfca-4459e611a44d,scheduled,,2024-05-29 00:27:13+00,2024-05-29 01:12:13+00,carrier_feed
0e0408fd-c48a-502f-b3ba-63d0c1e036e6,530bc949-60d1-5928-bfca-4459e611a44d,in_transit,scheduled,2024-05-29 01:50:21+00,2024-05-29 02:08:21+00,carrier_feed
dc6a2012-d38c-52dd-96d4-7c6ea833ff80,530bc949-60d1-5928-bfca-4459e611a44d,delivered,in_transit,2024-06-01 07:11:43+00,2024-06-01 07:20:43+00,carrier_feed
d6a4dff9-cca8-54c3-acbe-1e73e10095c6,15921616-59e3-5ff9-8927-8b5970222169,scheduled,,2024-05-03 19:39:25+00,2024-05-03 19:53:25+00,carrier_feed
e32eb2c4-0ed5-5fb0-ad3f-01be0257c67a,15921616-59e3-5ff9-8927-8b5970222169,in_transit,scheduled,2024-05-03 21:10:54+00,2024-05-03 21:19:54+00,carrier_feed
99651d82-cf9d-54d4-991f-eb63c1d5d7f0,15921616-59e3-5ff9-8927-8b5970222169,delivered,in_transit,2024-05-07 07:17:00+00,2024-05-07 07:24:00+00,carrier_feed
e78603a2-bad6-56ae-abf8-312152a3da2d,f7af5318-2aa0-5644-9586-a9aa6a0b302d,scheduled,,2024-02-10 18:17:51+00,2024-02-10 18:57:51+00,carrier_feed
84bf7d49-6934-5061-a156-5481adef7e82,f7af5318-2aa0-5644-9586-a9aa6a0b302d,in_transit,scheduled,2024-02-10 20:31:47+00,2024-02-10 20:43:47+00,carrier_feed
3866ac10-155e-57e0-8957-c500b9966758,f7af5318-2aa0-5644-9586-a9aa6a0b302d,delivered,in_transit,2024-02-14 09:10:26+00,2024-02-14 09:22:26+00,carrier_feed
b2911c96-a578-548d-8926-fd5cf654f1c9,5988b59b-1edc-5a16-9f41-357f60d50488,scheduled,,2024-08-25 23:26:06+00,2024-08-25 23:33:06+00,carrier_feed
0d8894db-dd4c-59f2-b220-191ec916ce30,5988b59b-1edc-5a16-9f41-357f60d50488,in_transit,scheduled,2024-08-29 02:38:46+00,2024-08-29 02:56:46+00,carrier_feed
c27d5617-09db-5b30-8c91-ea081a40613f,5988b59b-1edc-5a16-9f41-357f60d50488,delayed,in_transit,2024-09-06 09:06:35+00,2024-09-06 09:45:35+00,carrier_feed
0f109ba7-bf6a-52e8-a924-60111b4ecff9,5988b59b-1edc-5a16-9f41-357f60d50488,delivered,delayed,2024-09-16 02:57:50+00,2024-09-16 03:33:50+00,carrier_feed
8b859cb1-9774-510f-a049-695313b8a8cb,272a5b91-1b3b-5991-8b30-b342bdf58ec7,scheduled,,2024-10-08 20:14:47+00,2024-10-08 20:49:47+00,carrier_feed
3e6ab19e-04da-5dd8-a228-29b7dcb2d2c6,272a5b91-1b3b-5991-8b30-b342bdf58ec7,in_transit,scheduled,2024-10-09 04:15:12+00,2024-10-09 04:32:12+00,carrier_feed
e78cea49-a11c-51cf-87f2-854d7fa7ca83,272a5b91-1b3b-5991-8b30-b342bdf58ec7,delivered,in_transit,2024-10-12 19:31:55+00,2024-10-12 20:11:55+00,carrier_feed
360920d8-7131-51b3-a746-1d473edaf115,ec9ee006-995c-585d-8086-6d9e25b2b58b,scheduled,,2024-10-01 22:25:07+00,2024-10-01 22:31:07+00,carrier_feed
32da6d6b-f9c6-5ff1-a88a-5e69454a1424,ec9ee006-995c-585d-8086-6d9e25b2b58b,in_transit,scheduled,2024-10-03 04:34:57+00,2024-10-03 04:41:57+00,carrier_feed
5819e1c3-4e20-55bf-9663-3724d7b5a2cf,ec9ee006-995c-585d-8086-6d9e25b2b58b,delayed,in_transit,2024-10-08 10:49:36+00,2024-10-08 11:22:36+00,carrier_feed
b947daec-22a1-5dc8-81e3-a2330df5ef4b,ec9ee006-995c-585d-8086-6d9e25b2b58b,delivered,delayed,2024-10-11 04:47:18+00,2024-10-11 05:23:18+00,carrier_feed
43da7e94-50ea-5281-9aed-0f69f55d88ee,755e85f1-4695-54a8-9e7d-3935e93b7aa8,scheduled,,2024-10-04 08:39:37+00,2024-10-04 09:19:37+00,carrier_feed
fb0f97ad-8acf-5cca-b33e-e13c25ea2d24,755e85f1-4695-54a8-9e7d-3935e93b7aa8,in_transit,scheduled,2024-10-06 14:10:04+00,2024-10-06 14:53:04+00,carrier_feed
88be0c74-3727-5890-b8e0-efa718ce62ee,755e85f1-4695-54a8-9e7d-3935e93b7aa8,delivered,in_transit,2024-10-13 23:22:22+00,2024-10-14 00:00:22+00,carrier_feed
4b1b89b0-08c8-51ef-ad15-bb34ec94fd30,9a8315cc-fd9a-5528-a7c0-80b6c35a35fb,scheduled,,2024-09-15 16:50:16+00,2024-09-15 17:01:16+00,carrier_feed
62a29542-bbaf-5a66-8854-9d2501cdb37f,9a8315cc-fd9a-5528-a7c0-80b6c35a35fb,in_transit,scheduled,2024-09-17 22:56:42+00,2024-09-17 23:37:42+00,carrier_feed
f4c6de86-60a4-59ad-aafc-f1c9a25d9d4b,9a8315cc-fd9a-5528-a7c0-80b6c35a35fb,delivered,in_transit,2024-09-21 19:28:48+00,2024-09-21 19:58:48+00,carrier_feed
7a5249f2-4c5e-5d4b-8e2b-3d9f615cde35,36c03012-9dfc-57f6-971b-0ff5eeffc19f,scheduled,,2024-04-20 18:04:07+00,2024-04-20 18:44:07+00,carrier_feed
1c17e4a6-84ca-59d8-a2f0-b5eeec564363,36c03012-9dfc-57f6-971b-0ff5eeffc19f,in_transit,scheduled,2024-04-20 21:22:34+00,2024-04-20 21:55:34+00,carrier_feed
bd7bc641-61f8-5ad3-8c18-69d837e1ed7d,36c03012-9dfc-57f6-971b-0ff5eeffc19f,delivered,in_transit,2024-04-28 19:47:04+00,2024-04-28 19:52:04+00,carrier_feed
246365a2-9377-54fd-91d4-9f11d43acce6,78a56e44-006e-5a90-844d-052282ea1765,scheduled,,2024-09-03 09:31:31+00,2024-09-03 10:02:31+00,carrier_feed
d7f97314-e69d-56fa-b30d-4aba76b6d911,78a56e44-006e-5a90-844d-052282ea1765,in_transit,scheduled,2024-09-03 12:10:46+00,2024-09-03 12:39:46+00,carrier_feed
f6e01654-eebb-5bb6-95ae-51bc1a8acf36,78a56e44-006e-5a90-844d-052282ea1765,delivered,in_transit,2024-09-06 02:47:25+00,2024-09-06 03:19:25+00,carrier_feed
ec3cb511-bb2f-5c91-b604-16b1f3743314,3a32960e-cd30-5c5d-823f-680496787153,scheduled,,2024-12-22 19:22:38+00,2024-12-22 19:59:38+00,carrier_feed
0576aee3-134d-52a0-a291-3047bfb61a4c,3a32960e-cd30-5c5d-823f-680496787153,in_transit,scheduled,2024-12-25 04:50:52+00,2024-12-25 05:27:52+00,carrier_feed
a98ccd0b-6601-5d81-93fe-e880759ebda5,3a32960e-cd30-5c5d-823f-680496787153,delivered,in_transit,2024-12-31 12:20:04+00,2024-12-31 12:44:04+00,carrier_feed
97901af5-6829-5228-a443-e3a9be63a419,af3bb6bf-b784-51a8-b8a6-ac4af24739d4,scheduled,,2024-03-05 21:03:47+00,2024-03-05 21:20:47+00,carrier_feed
0fdaaf0b-7ac7-5ef3-8c2a-790679fcd79c,af3bb6bf-b784-51a8-b8a6-ac4af24739d4,in_transit,scheduled,2024-03-05 22:37:55+00,2024-03-05 22:54:55+00,carrier_feed
62604500-ec11-57d7-b396-4204978764dc,af3bb6bf-b784-51a8-b8a6-ac4af24739d4,delivered,in_transit,2024-03-11 14:09:03+00,2024-03-11 14:19:03+00,carrier_feed
7cc382d0-3e67-5bc1-9a88-35d0739b08b9,ab64355a-05a5-5ecd-81d3-6afc593973e0,scheduled,,2024-04-14 19:19:46+00,2024-04-14 19:51:46+00,carrier_feed
31fbf266-7a04-5a3e-b6bc-de877b1d3fbe,ab64355a-05a5-5ecd-81d3-6afc593973e0,in_transit,scheduled,2024-04-14 20:53:15+00,2024-04-14 21:18:15+00,carrier_feed
4fc4bdf7-85f0-5e28-a3a0-bda8b21e3f35,ab64355a-05a5-5ecd-81d3-6afc593973e0,delivered,in_transit,2024-04-20 18:31:58+00,2024-04-20 18:38:58+00,carrier_feed
fff5d4de-0ed6-58e5-9028-3122588e856e,79eb4cd1-2cfc-506e-be51-817710fff255,scheduled,,2024-06-19 22:24:53+00,2024-06-19 23:07:53+00,carrier_feed
5bf276ee-9aee-59cd-a32b-021e3d6ac593,79eb4cd1-2cfc-506e-be51-817710fff255,in_transit,scheduled,2024-06-21 06:06:23+00,2024-06-21 06:45:23+00,carrier_feed
2ce65a4d-9ae3-5329-bb14-9fbb62b1717b,79eb4cd1-2cfc-506e-be51-817710fff255,delivered,in_transit,2024-06-23 10:15:06+00,2024-06-23 10:33:06+00,carrier_feed
059666e7-54f0-5cfc-bd22-b4379839295e,0de4b368-989e-5334-ad11-fbef9d20fb45,scheduled,,2024-04-15 20:22:54+00,2024-04-15 20:41:54+00,carrier_feed
03d1a36b-3d5f-5aad-b79a-adb869963c4c,0de4b368-989e-5334-ad11-fbef9d20fb45,in_transit,scheduled,2024-04-19 01:53:33+00,2024-04-19 02:32:33+00,carrier_feed
356a81b3-6d88-579a-b924-cbb45127e14d,0de4b368-989e-5334-ad11-fbef9d20fb45,delivered,in_transit,2024-04-24 01:27:58+00,2024-04-24 01:36:58+00,carrier_feed
3dde974d-614d-53ad-8b20-b51174fde29d,4ec62196-7235-57bd-9187-14fbf5066b29,scheduled,,2024-08-18 20:33:45+00,2024-08-18 20:49:45+00,carrier_feed
348fa853-f3be-5b1c-a2c2-f2539da13a1c,4ec62196-7235-57bd-9187-14fbf5066b29,in_transit,scheduled,2024-08-21 03:46:32+00,2024-08-21 04:22:32+00,carrier_feed
74309250-d8a9-5cae-9cc4-65c905baca98,4ec62196-7235-57bd-9187-14fbf5066b29,delayed,in_transit,2024-08-27 10:00:08+00,2024-08-27 10:13:08+00,carrier_feed
cd06c3b0-3f02-502d-8f67-096a0a833d61,4ec62196-7235-57bd-9187-14fbf5066b29,delivered,delayed,2024-09-05 03:57:53+00,2024-09-05 04:20:53+00,carrier_feed
78bd0099-0b30-5e4d-9c28-e1f7ab68788f,0dfba5ae-3bf1-5d9c-9098-dff71a3973c2,scheduled,,2024-09-21 16:42:58+00,2024-09-21 17:25:58+00,carrier_feed
4ff893c7-98aa-581d-8720-053b603241ed,0dfba5ae-3bf1-5d9c-9098-dff71a3973c2,in_transit,scheduled,2024-09-21 20:57:50+00,2024-09-21 21:04:50+00,carrier_feed
aa4c1fb7-e0d2-51a4-b4d2-bf10fdb34362,0dfba5ae-3bf1-5d9c-9098-dff71a3973c2,delayed,in_transit,2024-09-27 03:28:47+00,2024-09-27 03:39:47+00,carrier_feed
57ed551d-4db8-5d58-8e18-9ce9da22d7f4,0dfba5ae-3bf1-5d9c-9098-dff71a3973c2,delivered,delayed,2024-09-28 21:25:21+00,2024-09-28 21:47:21+00,carrier_feed
98a5069b-b3b1-558e-ad5f-b90cee8f113d,234b6375-594b-54a9-a985-7d9b2c41ca0d,scheduled,,2024-04-08 17:51:11+00,2024-04-08 17:59:11+00,carrier_feed
cbd66e88-be35-5272-a7d3-64bfa8600f7e,234b6375-594b-54a9-a985-7d9b2c41ca0d,in_transit,scheduled,2024-04-08 20:08:23+00,2024-04-08 20:36:23+00,carrier_feed
b196846c-c467-5dae-aead-0de7ccad53d0,234b6375-594b-54a9-a985-7d9b2c41ca0d,delivered,in_transit,2024-04-10 19:08:33+00,2024-04-10 19:32:33+00,carrier_feed
b4ca36d4-c69a-585c-8952-4e8c3a186f08,5bdfb105-214f-52af-abec-bdd70d41d8f2,scheduled,,2024-10-17 19:38:52+00,2024-10-17 19:55:52+00,carrier_feed
1c511801-0acb-5281-8ff8-106873c085de,5bdfb105-214f-52af-abec-bdd70d41d8f2,in_transit,scheduled,2024-10-18 23:48:20+00,2024-10-19 00:31:20+00,carrier_feed
0b8c3a4c-3148-5c05-b207-2f2560e7ade4,5bdfb105-214f-52af-abec-bdd70d41d8f2,delivered,in_transit,2024-10-27 18:19:30+00,2024-10-27 18:38:30+00,carrier_feed
725d2d6c-69c6-56be-b924-a5b2f9c96b6e,32bbc82e-0b2f-57b9-abe8-af72ff72a87a,scheduled,,2024-05-06 00:32:21+00,2024-05-06 00:54:21+00,carrier_feed
3dc23212-a5d9-5b73-81f5-8a675c71a910,32bbc82e-0b2f-57b9-abe8-af72ff72a87a,in_transit,scheduled,2024-05-06 07:32:57+00,2024-05-06 08:01:57+00,carrier_feed
3c660d54-bdd7-5a06-9ca1-7d76c6e30cdc,32bbc82e-0b2f-57b9-abe8-af72ff72a87a,delivered,in_transit,2024-05-13 08:55:56+00,2024-05-13 09:39:56+00,carrier_feed
821e43f3-76f3-56ff-ab26-5ae243768296,c8052cf8-e5df-53dd-8a02-9e2cb97aa6f8,scheduled,,2024-10-24 19:01:17+00,2024-10-24 19:39:17+00,carrier_feed
510e9951-8412-5312-8aa2-4780f930838a,c8052cf8-e5df-53dd-8a02-9e2cb97aa6f8,in_transit,scheduled,2024-10-27 23:04:03+00,2024-10-27 23:47:03+00,carrier_feed
149a6b4f-0ba5-50d6-ac6f-23c6766fec7d,c8052cf8-e5df-53dd-8a02-9e2cb97aa6f8,delayed,in_transit,2024-11-03 05:21:03+00,2024-11-03 05:59:03+00,carrier_feed
310ab619-d91f-5511-9619-28ffa6fde792,c8052cf8-e5df-53dd-8a02-9e2cb97aa6f8,delivered,delayed,2024-11-12 23:19:00+00,2024-11-12 23:40:00+00,carrier_feed
1820e8cf-1315-5b65-b8ad-f92c1e43f580,16617d34-f367-52b2-b422-5a6307a135eb,scheduled,,2024-07-16 01:51:18+00,2024-07-16 02:26:18+00,carrier_feed
65422521-8018-5f68-a646-ed1cec15736b,16617d34-f367-52b2-b422-5a6307a135eb,in_transit,scheduled,2024-07-16 07:57:36+00,2024-07-16 08:17:36+00,carrier_feed
a1eba556-436d-5a6f-b40b-7b9750afd402,16617d34-f367-52b2-b422-5a6307a135eb,delivered,in_transit,2024-07-18 15:41:41+00,2024-07-18 16:18:41+00,carrier_feed
a6b28fa3-8c7c-5566-a96f-2bd7d3be2689,4d526e48-4d80-5cc5-9846-48683761fefd,scheduled,,2024-06-26 19:15:56+00,2024-06-26 19:38:56+00,carrier_feed
98ece68e-2231-5701-8d01-ce6632c33d56,4d526e48-4d80-5cc5-9846-48683761fefd,in_transit,scheduled,2024-06-28 22:17:10+00,2024-06-28 22:37:10+00,carrier_feed
4c5d4e10-e061-5479-848a-d2220ebf19c8,4d526e48-4d80-5cc5-9846-48683761fefd,delivered,in_transit,2024-07-02 14:17:59+00,2024-07-02 14:59:59+00,carrier_feed
c56552fb-aa71-5d21-88f3-1c28fd5fd34d,b661ab5d-e6cd-5c75-90dc-450ae6650233,scheduled,,2024-10-18 15:34:57+00,2024-10-18 15:59:57+00,carrier_feed
f048070c-e829-5ca5-9aa6-4f60714a855e,b661ab5d-e6cd-5c75-90dc-450ae6650233,in_transit,scheduled,2024-10-21 17:05:25+00,2024-10-21 17:23:25+00,carrier_feed
ef2ea98c-500e-5765-aa54-73a06a0504d7,b661ab5d-e6cd-5c75-90dc-450ae6650233,delivered,in_transit,2024-10-25 11:44:39+00,2024-10-25 12:20:39+00,carrier_feed
b77f208e-a632-5efa-b689-7e016f168c56,bbf21213-8856-5749-af9c-17e020fd7cda,scheduled,,2024-02-27 23:52:29+00,2024-02-28 00:08:29+00,carrier_feed
1728ff8c-0f59-5797-a613-ae84fdc71dd3,bbf21213-8856-5749-af9c-17e020fd7cda,in_transit,scheduled,2024-03-02 07:22:37+00,2024-03-02 07:50:37+00,carrier_feed
873eeb2a-5268-552d-bc8c-ff26324088ae,bbf21213-8856-5749-af9c-17e020fd7cda,delivered,in_transit,2024-03-10 06:29:08+00,2024-03-10 07:07:08+00,carrier_feed
a864a85c-448f-5cf0-90b5-6acf6d6ad591,0e423ec5-0c36-52f1-9afd-1646cc9fec2b,scheduled,,2024-10-04 12:25:09+00,2024-10-04 12:30:09+00,carrier_feed
7060c669-5e08-549f-b8eb-e6a8545f3ba9,0e423ec5-0c36-52f1-9afd-1646cc9fec2b,in_transit,scheduled,2024-10-05 21:31:24+00,2024-10-05 21:41:24+00,carrier_feed
c2b723b7-6031-5f73-9fc9-c7950353c6a3,0e423ec5-0c36-52f1-9afd-1646cc9fec2b,delivered,in_transit,2024-10-13 17:40:48+00,2024-10-13 18:06:48+00,carrier_feed
d9cef340-25b0-5137-8c0b-87e20b922303,6def08a0-ca5c-55dc-bc95-a71d85631751,scheduled,,2024-09-05 12:25:51+00,2024-09-05 12:44:51+00,carrier_feed
d44aee01-5e62-5284-ab90-4ab0ef95df0e,6def08a0-ca5c-55dc-bc95-a71d85631751,in_transit,scheduled,2024-09-05 15:52:32+00,2024-09-05 16:20:32+00,carrier_feed
48880825-0308-5294-a339-e9d77fbe41f0,6def08a0-ca5c-55dc-bc95-a71d85631751,delayed,in_transit,2024-09-14 22:26:27+00,2024-09-14 23:04:27+00,carrier_feed
ddc62f17-ef04-52b8-81ed-5da7a44a487a,6def08a0-ca5c-55dc-bc95-a71d85631751,delivered,delayed,2024-09-21 15:57:18+00,2024-09-21 16:20:18+00,carrier_feed
47163c7d-e152-5d95-a32c-eca68e950da0,d7f37709-fe59-5f06-b51e-86af51ec3359,scheduled,,2024-07-04 22:37:38+00,2024-07-04 23:18:38+00,carrier_feed
7c3ee03e-d3e8-5e88-a6cf-716f226cde1c,d7f37709-fe59-5f06-b51e-86af51ec3359,in_transit,scheduled,2024-07-06 05:58:54+00,2024-07-06 06:29:54+00,carrier_feed
6ac4d792-e51a-5f93-a6d2-cc00ba0b7c4a,d7f37709-fe59-5f06-b51e-86af51ec3359,delivered,in_transit,2024-07-09 01:14:04+00,2024-07-09 01:28:04+00,carrier_feed
914d1ce7-5be5-5ceb-98ff-1a838d04c325,e253a7c9-b182-5da0-912c-36dcb17066f0,scheduled,,2024-03-13 16:43:21+00,2024-03-13 16:49:21+00,carrier_feed
4d5f2e90-ad18-5a4b-ad02-36d3d523d375,e253a7c9-b182-5da0-912c-36dcb17066f0,in_transit,scheduled,2024-03-14 19:21:34+00,2024-03-14 19:28:34+00,carrier_feed
116c528c-a550-5780-b19d-7d704ec23d64,e253a7c9-b182-5da0-912c-36dcb17066f0,delivered,in_transit,2024-03-19 02:44:13+00,2024-03-19 03:02:13+00,carrier_feed
0f9c1cea-027a-55b0-a229-7dc014e451ee,546a2aa6-b8b7-5da6-a47c-3fb091e60c44,scheduled,,2024-09-27 14:10:56+00,2024-09-27 14:26:56+00,carrier_feed
6933839e-f8c3-5992-bc68-6eb8224a2c21,546a2aa6-b8b7-5da6-a47c-3fb091e60c44,in_transit,scheduled,2024-09-29 20:49:28+00,2024-09-29 21:08:28+00,carrier_feed
a8b2993e-fc9d-50a1-bc9e-67058e32dccd,546a2aa6-b8b7-5da6-a47c-3fb091e60c44,delayed,in_transit,2024-10-08 02:51:37+00,2024-10-08 02:58:37+00,carrier_feed
d5860438-dd70-53ff-bec3-175bda6c7a02,546a2aa6-b8b7-5da6-a47c-3fb091e60c44,delivered,delayed,2024-10-29 20:57:16+00,2024-10-29 21:12:16+00,carrier_feed
5db0e2bb-94d0-59da-b5ac-b631256cb94a,d708caf5-668a-59d3-9d14-1c66ba887457,scheduled,,2024-09-21 11:53:49+00,2024-09-21 11:58:49+00,carrier_feed
4167297c-c76b-5721-b519-68cc74be66e4,d708caf5-668a-59d3-9d14-1c66ba887457,in_transit,scheduled,2024-09-24 12:57:29+00,2024-09-24 13:09:29+00,carrier_feed
c201da5e-3d49-515c-bb19-383cfd5d694a,d708caf5-668a-59d3-9d14-1c66ba887457,delayed,in_transit,2024-09-29 19:03:23+00,2024-09-29 19:46:23+00,carrier_feed
475edc2e-eb9a-5aa2-9a77-c46c25d86328,d708caf5-668a-59d3-9d14-1c66ba887457,delivered,delayed,2024-10-06 13:28:46+00,2024-10-06 13:41:46+00,carrier_feed
95166c80-f6ae-5a43-99f5-3f66f2c7edf9,1231bd77-fe86-5423-88ee-30445a2383a2,scheduled,,2024-10-07 16:04:22+00,2024-10-07 16:33:22+00,carrier_feed
6cffdb3a-3237-5cca-bc89-ff1f833fe165,1231bd77-fe86-5423-88ee-30445a2383a2,in_transit,scheduled,2024-10-10 18:28:19+00,2024-10-10 19:07:19+00,carrier_feed
07aff4c2-04a1-526e-acfa-cb120e1c91dc,1231bd77-fe86-5423-88ee-30445a2383a2,delayed,in_transit,2024-10-18 00:49:37+00,2024-10-18 01:19:37+00,carrier_feed
3a893bab-36ae-5d2d-80a7-bb085db86c8b,1231bd77-fe86-5423-88ee-30445a2383a2,delivered,delayed,2024-10-24 18:45:58+00,2024-10-24 18:53:58+00,carrier_feed
e3e06453-5bd3-514e-b764-c04ecd6c2ca4,9767a6f8-bd4c-50e9-bb19-14d7ca537614,scheduled,,2024-09-14 12:45:44+00,2024-09-14 12:57:44+00,carrier_feed
d4e21867-3166-5f41-9b78-4579fdfe33ce,9767a6f8-bd4c-50e9-bb19-14d7ca537614,in_transit,scheduled,2024-09-17 20:00:40+00,2024-09-17 20:36:40+00,carrier_feed
b878d4e0-1d92-5c12-8625-4feaa80ad1d5,9767a6f8-bd4c-50e9-bb19-14d7ca537614,delivered,in_transit,2024-09-21 11:26:48+00,2024-09-21 11:45:48+00,carrier_feed
0c6c13bc-3b73-5210-ad9b-8c1355fb590e,a645e651-1a66-5904-83fd-5347389cbaaf,scheduled,,2024-10-27 12:02:56+00,2024-10-27 12:39:56+00,carrier_feed
bbb3af39-a6d7-5854-b74a-eb146d5407b7,a645e651-1a66-5904-83fd-5347389cbaaf,in_transit,scheduled,2024-10-30 16:24:02+00,2024-10-30 16:51:02+00,carrier_feed
7e278b14-af92-5d86-8a52-766deb0b9b12,a645e651-1a66-5904-83fd-5347389cbaaf,delivered,in_transit,2024-11-02 12:41:44+00,2024-11-02 13:06:44+00,carrier_feed
ae327e7a-bf54-55f3-bc5b-11ed9bed0366,2c7a3a1c-4abf-55e6-bdcd-6cfb2e1e18d8,scheduled,,2024-04-07 18:05:26+00,2024-04-07 18:33:26+00,carrier_feed
6b9c2d21-edf3-5c4d-a471-31d8f30504f0,2c7a3a1c-4abf-55e6-bdcd-6cfb2e1e18d8,in_transit,scheduled,2024-04-08 21:27:07+00,2024-04-08 21:55:07+00,carrier_feed
196b2fd9-d79c-5a81-adb0-927b448d1495,2c7a3a1c-4abf-55e6-bdcd-6cfb2e1e18d8,delivered,in_transit,2024-04-13 22:35:43+00,2024-04-13 23:02:43+00,carrier_feed
db9f6226-23ce-5e80-afb0-6a3d314cc376,ea957819-bcf0-5963-964e-51aa4ba120ae,scheduled,,2024-06-01 20:32:46+00,2024-06-01 20:40:46+00,carrier_feed
0a6af3af-d39e-5e11-97c1-98a749162260,ea957819-bcf0-5963-964e-51aa4ba120ae,in_transit,scheduled,2024-06-05 03:59:12+00,2024-06-05 04:26:12+00,carrier_feed
a96d85e9-1630-52bb-9715-724d889cc7dd,ea957819-bcf0-5963-964e-51aa4ba120ae,delivered,in_transit,2024-06-06 23:26:31+00,2024-06-06 23:37:31+00,carrier_feed
802241e5-e26e-57b1-a68e-adbb345963f2,aed3c621-9da9-5f09-b29f-75b546b45991,scheduled,,2024-09-24 13:50:54+00,2024-09-24 14:35:54+00,carrier_feed
3aeaad3f-55f8-5a76-9db1-3cfff6ffbc2b,aed3c621-9da9-5f09-b29f-75b546b45991,in_transit,scheduled,2024-09-27 23:09:18+00,2024-09-27 23:48:18+00,carrier_feed
2c33b915-0123-5ca6-a679-4900c3ef2e9a,aed3c621-9da9-5f09-b29f-75b546b45991,delivered,in_transit,2024-10-03 14:41:36+00,2024-10-03 14:51:36+00,carrier_feed
d6757859-5e26-5fe4-9e81-0ce27c309998,f0e11302-9e94-5801-84b4-5c51047e8c70,scheduled,,2024-02-23 19:23:39+00,2024-02-23 19:57:39+00,carrier_feed
bcf6d571-6cad-515a-adea-e5d51d9fb966,f0e11302-9e94-5801-84b4-5c51047e8c70,in_transit,scheduled,2024-02-25 01:24:40+00,2024-02-25 01:53:40+00,carrier_feed
2a6d4d4c-acb3-5fe2-9f03-62b2a94c0408,f0e11302-9e94-5801-84b4-5c51047e8c70,delayed,in_transit,2024-02-28 07:45:14+00,2024-02-28 07:55:14+00,carrier_feed
24836ae0-21dc-51cb-810b-034f30f0f74e,f0e11302-9e94-5801-84b4-5c51047e8c70,delivered,delayed,2024-03-02 01:57:39+00,2024-03-02 02:21:39+00,carrier_feed
2eafd8b7-d2de-56a7-a9ca-9aca1da08cfb,9b59973e-351b-5101-b4bc-0e41dbec5908,scheduled,,2024-03-30 23:07:09+00,2024-03-30 23:22:09+00,carrier_feed
0394f738-c275-5fb6-a609-42d18afd88da,9b59973e-351b-5101-b4bc-0e41dbec5908,in_transit,scheduled,2024-04-02 06:32:58+00,2024-04-02 07:01:58+00,carrier_feed
e26b3329-d810-5651-9c59-e7d66ed61163,9b59973e-351b-5101-b4bc-0e41dbec5908,delivered,in_transit,2024-04-06 00:40:30+00,2024-04-06 01:11:30+00,carrier_feed
2f2109db-ab92-5b41-b3c2-de3bc14557a0,ba87a494-6fe0-5ebc-8ab9-1a3a77c5722b,scheduled,,2024-10-22 02:07:11+00,2024-10-22 02:20:11+00,carrier_feed
889f68e2-3141-512a-bfbc-521363477dbd,ba87a494-6fe0-5ebc-8ab9-1a3a77c5722b,in_transit,scheduled,2024-10-24 05:31:32+00,2024-10-24 05:54:32+00,carrier_feed
5f4d74fd-5420-5ace-880c-2ae3118a6793,ba87a494-6fe0-5ebc-8ab9-1a3a77c5722b,delivered,in_transit,2024-11-01 04:43:16+00,2024-11-01 05:07:16+00,carrier_feed
1ca22b9e-ec24-5160-bd66-07ddea87f063,04349d45-d6a4-5985-b826-556d034708c7,scheduled,,2024-10-03 01:00:17+00,2024-10-03 01:19:17+00,carrier_feed
d6a507b5-64fe-5969-a1cf-e31a4d3bfbe0,04349d45-d6a4-5985-b826-556d034708c7,in_transit,scheduled,2024-10-03 03:42:05+00,2024-10-03 04:13:05+00,carrier_feed
a10babe9-014e-5ae2-a4d8-6abffda10a17,04349d45-d6a4-5985-b826-556d034708c7,delivered,in_transit,2024-10-10 22:19:24+00,2024-10-10 22:55:24+00,carrier_feed
1877c912-ae7a-504f-a35a-d8321784c546,2a025639-e267-5243-ab0f-f3ecdbd29246,scheduled,,2024-09-19 15:31:38+00,2024-09-19 16:06:38+00,carrier_feed
40b22dc2-9c3e-5ead-8a11-5e04e25408fd,2a025639-e267-5243-ab0f-f3ecdbd29246,in_transit,scheduled,2024-09-22 19:52:34+00,2024-09-22 19:57:34+00,carrier_feed
5497348f-1688-593e-9c04-3669d4dad1e5,2a025639-e267-5243-ab0f-f3ecdbd29246,delayed,in_transit,2024-09-27 02:26:53+00,2024-09-27 02:47:53+00,carrier_feed
b1d38bb4-76ac-52bb-9fb1-a8a8701c7917,2a025639-e267-5243-ab0f-f3ecdbd29246,delivered,delayed,2024-10-14 20:26:43+00,2024-10-14 21:11:43+00,carrier_feed
4910aad7-afe4-598e-b3ae-53a71d2ecbb1,2447c18e-d3a1-5876-8126-c45b40ab16b7,scheduled,,2024-09-23 21:12:00+00,2024-09-23 21:22:00+00,carrier_feed
d21452fc-1302-54dc-852e-cf9c473e4572,2447c18e-d3a1-5876-8126-c45b40ab16b7,in_transit,scheduled,2024-09-27 04:29:43+00,2024-09-27 04:39:43+00,carrier_feed
574407f1-6190-5cba-9c9b-44271b6fa9eb,2447c18e-d3a1-5876-8126-c45b40ab16b7,delivered,in_transit,2024-10-04 04:53:25+00,2024-10-04 04:59:25+00,carrier_feed
2d587ef7-6e59-505d-8fad-daa9d9cd4717,2d82674c-1c49-5420-bbb3-25403444feeb,scheduled,,2024-05-19 18:47:34+00,2024-05-19 19:24:34+00,carrier_feed
64d7afaf-d84c-5f62-a923-2d9ea74c965b,2d82674c-1c49-5420-bbb3-25403444feeb,in_transit,scheduled,2024-05-21 21:00:17+00,2024-05-21 21:07:17+00,carrier_feed
1fbf14ba-4a19-5d68-b157-555739c1069c,2d82674c-1c49-5420-bbb3-25403444feeb,delivered,in_transit,2024-05-25 21:08:22+00,2024-05-25 21:16:22+00,carrier_feed
bcd015ed-ba7e-5513-b79f-419aa9cda085,351630fe-7a69-50e8-9ef7-dc32b0f216a3,scheduled,,2024-03-16 20:03:56+00,2024-03-16 20:48:56+00,carrier_feed
5d36f56d-c065-566d-a6f6-816338626000,351630fe-7a69-50e8-9ef7-dc32b0f216a3,in_transit,scheduled,2024-03-19 21:20:17+00,2024-03-19 21:36:17+00,carrier_feed
b6bddad0-475d-5f0f-a39a-c23995408abd,351630fe-7a69-50e8-9ef7-dc32b0f216a3,delivered,in_transit,2024-03-27 19:04:06+00,2024-03-27 19:34:06+00,carrier_feed
5e82a6c3-6f02-5b0d-af42-8b9cba06bbd5,e292f42c-5cf3-56ee-93fe-f2c18cc3f953,scheduled,,2024-07-26 23:45:15+00,2024-07-27 00:07:15+00,carrier_feed
65f64c14-90a0-5707-b7f1-2e668bcfca16,e292f42c-5cf3-56ee-93fe-f2c18cc3f953,in_transit,scheduled,2024-07-27 08:22:50+00,2024-07-27 09:06:50+00,carrier_feed
bec83f36-1850-57d9-a36a-122cc4cfe886,e292f42c-5cf3-56ee-93fe-f2c18cc3f953,delivered,in_transit,2024-07-29 14:04:05+00,2024-07-29 14:15:05+00,carrier_feed
d81591c2-d83f-5d4a-b58e-966a2881eb9b,4d506d3e-790a-52ce-b6cd-bfd1f3661923,scheduled,,2024-02-15 20:54:29+00,2024-02-15 21:11:29+00,carrier_feed
5e0f90ec-a185-56d7-a596-2fe7b665d3b1,4d506d3e-790a-52ce-b6cd-bfd1f3661923,in_transit,scheduled,2024-02-18 05:02:27+00,2024-02-18 05:27:27+00,carrier_feed
5576d563-6514-53e2-8852-532ae7424c94,4d506d3e-790a-52ce-b6cd-bfd1f3661923,delivered,in_transit,2024-02-20 05:36:20+00,2024-02-20 06:18:20+00,carrier_feed
7205f63f-172b-55e1-adbd-3e0e46f866d6,ed3a84c2-d4ac-535d-93c2-eec7b6ac02d7,scheduled,,2024-09-10 17:29:06+00,2024-09-10 18:04:06+00,carrier_feed
6fcbba9c-0b66-5e83-8962-b4efae155fa3,ed3a84c2-d4ac-535d-93c2-eec7b6ac02d7,in_transit,scheduled,2024-09-10 20:12:07+00,2024-09-10 20:33:07+00,carrier_feed
1b28eda8-7e43-50c3-9b48-744cb188f9bc,ed3a84c2-d4ac-535d-93c2-eec7b6ac02d7,delivered,in_transit,2024-09-16 16:22:44+00,2024-09-16 17:00:44+00,carrier_feed
6debe439-3d57-54fb-9380-537ee6729bb6,a03ce4c2-3920-501f-9af5-41cd5f8cfac2,scheduled,,2024-01-10 02:17:13+00,2024-01-10 02:59:13+00,carrier_feed
e3a1b8ef-2639-5791-8ef1-1857a9b2f38e,a03ce4c2-3920-501f-9af5-41cd5f8cfac2,in_transit,scheduled,2024-01-12 04:56:56+00,2024-01-12 05:23:56+00,carrier_feed
ebf24153-aaa9-50f8-a1c5-4ed90e59a932,a03ce4c2-3920-501f-9af5-41cd5f8cfac2,delivered,in_transit,2024-01-19 02:40:21+00,2024-01-19 03:10:21+00,carrier_feed
266eb664-41c7-5652-8afc-aa3d7377de10,ac7da3f9-9321-5d81-9735-a552e5cdcf4a,scheduled,,2024-10-04 14:14:27+00,2024-10-04 14:36:27+00,carrier_feed
8823abfb-bbfb-5022-a3db-4949e270b3f8,ac7da3f9-9321-5d81-9735-a552e5cdcf4a,in_transit,scheduled,2024-10-04 16:28:30+00,2024-10-04 16:41:30+00,carrier_feed
9a8f479a-739e-5f41-81f0-cb405b03fd1f,ac7da3f9-9321-5d81-9735-a552e5cdcf4a,delivered,in_transit,2024-10-07 06:43:45+00,2024-10-07 07:11:45+00,carrier_feed
1d360d81-0d7a-5e2b-9898-278519274e57,443aca7b-4424-5a05-bc93-323e75973905,scheduled,,2024-05-31 21:02:34+00,2024-05-31 21:16:34+00,carrier_feed
98769c61-8715-54ca-b99c-ffd42fa29741,443aca7b-4424-5a05-bc93-323e75973905,in_transit,scheduled,2024-06-04 06:02:48+00,2024-06-04 06:38:48+00,carrier_feed
1e5fbfbe-2d92-5f27-b711-a7e1055094df,443aca7b-4424-5a05-bc93-323e75973905,delivered,in_transit,2024-06-09 06:34:44+00,2024-06-09 07:00:44+00,carrier_feed
f8abc637-cab1-509f-b527-20c46687d95f,408b0f46-b978-540c-9be8-9fa3d937593c,scheduled,,2024-01-31 22:15:14+00,2024-01-31 22:33:14+00,carrier_feed
977ed5b3-6e9b-5a60-80f0-ba2352b53a1f,408b0f46-b978-540c-9be8-9fa3d937593c,in_transit,scheduled,2024-02-01 05:17:06+00,2024-02-01 05:27:06+00,carrier_feed
e207c308-9662-5c2d-ae31-f9cf08f4c169,408b0f46-b978-540c-9be8-9fa3d937593c,delivered,in_transit,2024-02-03 13:24:40+00,2024-02-03 13:57:40+00,carrier_feed
10b1d887-5d91-5761-ae9b-218f8f8e72f0,af726b07-b87b-59c9-a829-ec88472478b5,scheduled,,2024-07-01 17:24:48+00,2024-07-01 18:00:48+00,carrier_feed
5f9aec55-5647-540c-835a-2290f614472b,af726b07-b87b-59c9-a829-ec88472478b5,in_transit,scheduled,2024-07-04 22:57:38+00,2024-07-04 23:39:38+00,carrier_feed
16f7a9fc-8f22-586d-bd78-4b11bf4f4c57,af726b07-b87b-59c9-a829-ec88472478b5,delivered,in_transit,2024-07-08 20:34:11+00,2024-07-08 20:43:11+00,carrier_feed
3458e875-8b85-5488-a277-d30912ea3ca5,5273b90b-e421-5d33-a716-84f3b770dd36,scheduled,,2024-05-09 20:09:38+00,2024-05-09 20:14:38+00,carrier_feed
d304a170-c5ec-587c-9526-c718d24fc710,5273b90b-e421-5d33-a716-84f3b770dd36,in_transit,scheduled,2024-05-09 21:22:03+00,2024-05-09 21:50:03+00,carrier_feed
0b1e23b5-87b5-5c47-b984-a5ca00291c4c,5273b90b-e421-5d33-a716-84f3b770dd36,delivered,in_transit,2024-05-15 04:23:04+00,2024-05-15 04:42:04+00,carrier_feed
0516a66f-9584-5bdf-8bce-d9bb09c68870,169ec913-1735-5e13-a285-066ed8015daf,scheduled,,2024-04-12 18:04:13+00,2024-04-12 18:37:13+00,carrier_feed
95d8c2da-5f22-5b8c-bad1-d86979d81c1b,169ec913-1735-5e13-a285-066ed8015daf,in_transit,scheduled,2024-04-16 03:06:21+00,2024-04-16 03:22:21+00,carrier_feed
c4fefc92-b285-5ab7-a94f-15bd4cefda0f,169ec913-1735-5e13-a285-066ed8015daf,delayed,in_transit,2024-04-25 09:19:36+00,2024-04-25 09:46:36+00,carrier_feed
318716ae-390e-5623-8440-9a5a61f1a076,169ec913-1735-5e13-a285-066ed8015daf,delivered,delayed,2024-04-30 03:26:21+00,2024-04-30 03:57:21+00,carrier_feed
c34c2bab-a137-5133-a432-5e147d5aa059,e58f22f7-4e9d-58d0-8c0b-e4623f3c4c37,scheduled,,2024-09-11 18:52:54+00,2024-09-11 19:19:54+00,carrier_feed
506d9906-2fa0-5091-ac31-df4c8fdeffe2,e58f22f7-4e9d-58d0-8c0b-e4623f3c4c37,in_transit,scheduled,2024-09-12 02:32:50+00,2024-09-12 03:01:50+00,carrier_feed
853123e6-7d00-575d-9758-ddd9f93bf117,e58f22f7-4e9d-58d0-8c0b-e4623f3c4c37,delayed,in_transit,2024-09-16 08:50:33+00,2024-09-16 09:09:33+00,carrier_feed
a2112a3f-3c87-5f37-ab59-e7820cd50dcd,e58f22f7-4e9d-58d0-8c0b-e4623f3c4c37,delivered,delayed,2024-09-28 03:03:57+00,2024-09-28 03:21:57+00,carrier_feed
7cb09734-bc65-5336-b18c-25cd552a9fd8,82bdcee2-5b2d-59a3-a2a7-8ef5e6ce51ba,scheduled,,2024-11-02 15:04:19+00,2024-11-02 15:40:19+00,carrier_feed
4fcdf51b-d2bc-5002-ba75-6cf4dafb7949,82bdcee2-5b2d-59a3-a2a7-8ef5e6ce51ba,in_transit,scheduled,2024-11-04 17:34:08+00,2024-11-04 17:51:08+00,carrier_feed
ae60fc61-efc4-5097-a5aa-0ce7fa064477,82bdcee2-5b2d-59a3-a2a7-8ef5e6ce51ba,delivered,in_transit,2024-11-13 14:50:55+00,2024-11-13 15:11:55+00,carrier_feed
64e3c53d-ee76-5fde-99ba-929e094aa190,c82a9fb1-fde7-5705-b328-7db15d577410,scheduled,,2024-09-24 16:55:08+00,2024-09-24 17:12:08+00,carrier_feed
df4e7610-900d-52bf-b542-4babdb20981a,c82a9fb1-fde7-5705-b328-7db15d577410,in_transit,scheduled,2024-09-25 00:15:29+00,2024-09-25 00:39:29+00,carrier_feed
9742bd2c-fe0f-5216-9b1c-4e43c6797303,c82a9fb1-fde7-5705-b328-7db15d577410,delivered,in_transit,2024-09-29 12:20:26+00,2024-09-29 12:59:26+00,carrier_feed
11a6a964-8f83-5686-92dc-9cadb100ec15,472114bf-4181-5025-a0f9-3b3d80fe19a3,scheduled,,2024-03-16 22:31:38+00,2024-03-16 23:11:38+00,carrier_feed
1a8a2d14-ed03-5613-ac9a-be9c6d1cabfa,472114bf-4181-5025-a0f9-3b3d80fe19a3,in_transit,scheduled,2024-03-19 01:50:53+00,2024-03-19 02:33:53+00,carrier_feed
f2cc9ab8-df1c-546a-832d-e256d5aff17f,472114bf-4181-5025-a0f9-3b3d80fe19a3,delivered,in_transit,2024-03-23 03:58:33+00,2024-03-23 04:07:33+00,carrier_feed
181546c0-5c8c-599c-bf70-2c10bb442a46,a003ccf5-7584-5a9b-af94-b2d49e745b7e,scheduled,,2024-11-15 12:38:16+00,2024-11-15 13:22:16+00,carrier_feed
2689c986-1617-58b3-afc7-1e3e6fc06808,a003ccf5-7584-5a9b-af94-b2d49e745b7e,in_transit,scheduled,2024-11-17 21:42:46+00,2024-11-17 21:50:46+00,carrier_feed
17e09443-d932-57d0-afd7-6d99ad87b745,a003ccf5-7584-5a9b-af94-b2d49e745b7e,delivered,in_transit,2024-11-22 22:03:20+00,2024-11-22 22:09:20+00,carrier_feed
1fa4e928-7fb3-511e-8068-d24749add51f,9ec1eb96-11fd-5723-ae43-b0552fb00788,scheduled,,2024-07-06 01:42:01+00,2024-07-06 01:48:01+00,carrier_feed
1cc17e70-85d8-512d-a5eb-31f127def6a2,9ec1eb96-11fd-5723-ae43-b0552fb00788,in_transit,scheduled,2024-07-06 04:48:54+00,2024-07-06 04:54:54+00,carrier_feed
20212e21-bcba-50a2-8835-8dabbcfd91d2,9ec1eb96-11fd-5723-ae43-b0552fb00788,delivered,in_transit,2024-07-15 03:14:38+00,2024-07-15 03:29:38+00,carrier_feed
f81785a0-7865-51fc-8c9f-4bc0bb34d372,6cb5224b-0eb4-50e5-9583-303b9d2efd41,scheduled,,2024-11-13 22:29:46+00,2024-11-13 22:50:46+00,carrier_feed
63e2e259-2ceb-5975-9ce5-464919bcbd0f,6cb5224b-0eb4-50e5-9583-303b9d2efd41,in_transit,scheduled,2024-11-17 02:45:32+00,2024-11-17 03:01:32+00,carrier_feed
ef0c0d18-26b1-5662-8f1f-abb10bdcc05d,6cb5224b-0eb4-50e5-9583-303b9d2efd41,delivered,in_transit,2024-11-23 22:27:28+00,2024-11-23 22:33:28+00,carrier_feed
d26fb8d3-86c1-58f6-a3cb-9e5d81c7c9c2,7d38b73c-3467-5c88-af4f-50f67d069a9a,scheduled,,2024-09-15 16:47:07+00,2024-09-15 16:56:07+00,carrier_feed
34693a86-2c4a-5eca-81af-d8bc7911af5f,7d38b73c-3467-5c88-af4f-50f67d069a9a,in_transit,scheduled,2024-09-15 19:05:58+00,2024-09-15 19:18:58+00,carrier_feed
d4063292-4d59-54f7-bf45-90b4269d05c2,7d38b73c-3467-5c88-af4f-50f67d069a9a,delivered,in_transit,2024-09-18 06:23:41+00,2024-09-18 06:56:41+00,carrier_feed
e95a7553-a816-5b9b-979f-30569612ed68,5fb8edf4-2d1a-58bf-ac97-c354df743b3c,scheduled,,2024-10-17 17:48:29+00,2024-10-17 18:22:29+00,carrier_feed
d9a35a5e-c547-5609-95e0-54c9ce481533,5fb8edf4-2d1a-58bf-ac97-c354df743b3c,in_transit,scheduled,2024-10-20 20:10:19+00,2024-10-20 20:39:19+00,carrier_feed
d5afd611-1ccc-5399-8d3f-eb1bdb6d9b47,5fb8edf4-2d1a-58bf-ac97-c354df743b3c,delivered,in_transit,2024-10-29 03:33:19+00,2024-10-29 03:39:19+00,carrier_feed
cb74052b-a741-527a-b736-d075a37b81fd,efe35a26-3fa3-59ff-99c3-46d39587527d,scheduled,,2024-09-20 23:50:22+00,2024-09-21 00:19:22+00,carrier_feed
3f3cd291-8798-5a10-9a03-9a67d7ede76d,efe35a26-3fa3-59ff-99c3-46d39587527d,in_transit,scheduled,2024-09-24 08:12:51+00,2024-09-24 08:42:51+00,carrier_feed
a9fa0ee2-0b84-5798-9424-7437c67c88f4,efe35a26-3fa3-59ff-99c3-46d39587527d,delivered,in_transit,2024-10-03 04:28:50+00,2024-10-03 04:41:50+00,carrier_feed
da7c1ca6-c207-5de6-a46c-e042039826d3,20cd10f7-8ca1-5287-a77a-f3f8c65a33cf,scheduled,,2024-05-23 19:02:49+00,2024-05-23 19:30:49+00,carrier_feed
8b2d0fc8-7c8d-5b1c-abdc-ec4881f240d4,20cd10f7-8ca1-5287-a77a-f3f8c65a33cf,in_transit,scheduled,2024-05-25 22:28:30+00,2024-05-25 23:10:30+00,carrier_feed
118618ad-89fd-5ba1-97c3-ab30321ecdab,20cd10f7-8ca1-5287-a77a-f3f8c65a33cf,delivered,in_transit,2024-05-30 02:31:36+00,2024-05-30 02:59:36+00,carrier_feed
e186192c-5e5d-5bbb-9903-54ebcf572f5b,f50c935a-f9f9-5199-91c1-7dc71c798c17,scheduled,,2024-11-06 22:14:37+00,2024-11-06 22:49:37+00,carrier_feed
7983f36b-3b81-5fa3-a163-10453438bdb0,f50c935a-f9f9-5199-91c1-7dc71c798c17,in_transit,scheduled,2024-11-07 01:34:47+00,2024-11-07 02:13:47+00,carrier_feed
32c9f8df-abb7-5d12-bfc4-c63a74a50da7,f50c935a-f9f9-5199-91c1-7dc71c798c17,delivered,in_transit,2024-11-14 13:00:01+00,2024-11-14 13:35:01+00,carrier_feed
49afbfea-cdc1-5b9d-b7dd-67b6c825b4ba,a10dc853-7680-59e0-902f-02274a06081f,scheduled,,2024-03-05 15:18:42+00,2024-03-05 15:41:42+00,carrier_feed
42c6d848-6fe9-59d2-91c5-79959b828f7f,a10dc853-7680-59e0-902f-02274a06081f,in_transit,scheduled,2024-03-07 17:48:50+00,2024-03-07 18:12:50+00,carrier_feed
b66106c9-496f-5e50-8948-a5127507d68d,a10dc853-7680-59e0-902f-02274a06081f,delivered,in_transit,2024-03-11 04:02:43+00,2024-03-11 04:14:43+00,carrier_feed
e263c76c-d6ef-5648-999b-d40fab2009f1,6c8a561c-f098-500b-ade4-3680e50e021a,scheduled,,2024-07-22 19:27:29+00,2024-07-22 19:38:29+00,carrier_feed
de555ce0-974d-51f1-a49b-14fe2273f96c,6c8a561c-f098-500b-ade4-3680e50e021a,in_transit,scheduled,2024-07-25 04:03:46+00,2024-07-25 04:16:46+00,carrier_feed
3e58ab82-93eb-5070-81e0-2e62eb480d9c,6c8a561c-f098-500b-ade4-3680e50e021a,delivered,in_transit,2024-07-29 04:19:27+00,2024-07-29 04:56:27+00,carrier_feed
7ed47565-42f9-50e5-9429-4c67ff34ff0d,4ab8dab8-6a59-5e00-829c-5588973d887c,scheduled,,2024-04-01 19:48:46+00,2024-04-01 20:12:46+00,carrier_feed
8ca3738d-40c0-5912-8663-b5043da0bbee,4ab8dab8-6a59-5e00-829c-5588973d887c,in_transit,scheduled,2024-04-04 00:24:57+00,2024-04-04 01:01:57+00,carrier_feed
41000904-9104-5d80-bf23-9ad32600af21,4ab8dab8-6a59-5e00-829c-5588973d887c,delayed,in_transit,2024-04-10 06:45:32+00,2024-04-10 07:08:32+00,carrier_feed
8f9d7c8d-a34d-53c3-bcdf-118f729b1e4a,4ab8dab8-6a59-5e00-829c-5588973d887c,delivered,delayed,2024-04-12 00:29:55+00,2024-04-12 00:45:55+00,carrier_feed
d81b5703-9a33-5416-9d15-e5f7e0019681,c9073cb1-68fe-5de4-835c-631869111900,scheduled,,2024-02-07 23:41:32+00,2024-02-07 23:51:32+00,carrier_feed
cfb53461-e1b9-5906-8b4b-c30f276fb3f9,c9073cb1-68fe-5de4-835c-631869111900,in_transit,scheduled,2024-02-08 03:19:56+00,2024-02-08 03:54:56+00,carrier_feed
54521110-d5b7-599d-a62d-91161664f039,c9073cb1-68fe-5de4-835c-631869111900,delivered,in_transit,2024-02-11 19:46:51+00,2024-02-11 20:02:51+00,carrier_feed
184e1c64-437d-5ed9-81f1-a4154a7af159,5bfc662f-8e4f-56ce-853a-0bca5905d4ac,scheduled,,2024-01-08 16:53:39+00,2024-01-08 17:29:39+00,carrier_feed
6b1336a6-6a4d-5299-afcc-f7ff1fb04c81,5bfc662f-8e4f-56ce-853a-0bca5905d4ac,in_transit,scheduled,2024-01-10 18:24:16+00,2024-01-10 18:45:16+00,carrier_feed
87f253e9-a2a1-5e39-82d2-4d03082fb0c5,5bfc662f-8e4f-56ce-853a-0bca5905d4ac,delivered,in_transit,2024-01-14 10:33:33+00,2024-01-14 11:18:33+00,carrier_feed
1f02f8ee-5096-5e21-a80f-53ab87c02802,2d103baf-1f58-59c8-84e6-11bee2cbc7eb,scheduled,,2024-06-23 18:08:21+00,2024-06-23 18:22:21+00,carrier_feed
35e0a8f2-5bda-5b65-ac29-fa4c4f35f0eb,2d103baf-1f58-59c8-84e6-11bee2cbc7eb,in_transit,scheduled,2024-06-26 20:22:26+00,2024-06-26 20:31:26+00,carrier_feed
cafd85a3-dce0-5109-8182-6814a121b141,2d103baf-1f58-59c8-84e6-11bee2cbc7eb,delivered,in_transit,2024-06-30 14:59:52+00,2024-06-30 15:43:52+00,carrier_feed
0d061c7b-af57-5df1-ab45-cd7ac02a6308,8e326bb5-0378-589c-87a6-ec566fa66980,scheduled,,2024-02-28 23:25:30+00,2024-02-28 23:46:30+00,carrier_feed
06d8def6-e581-53ba-9723-7ef3edb7578a,8e326bb5-0378-589c-87a6-ec566fa66980,in_transit,scheduled,2024-03-01 08:54:56+00,2024-03-01 09:02:56+00,carrier_feed
4f09b8e9-25c1-5d6d-adae-646ebd9d09ff,8e326bb5-0378-589c-87a6-ec566fa66980,delivered,in_transit,2024-03-07 07:27:22+00,2024-03-07 07:50:22+00,carrier_feed
c96a0d22-6303-59c4-afa4-a8b181fc8ea2,c33709ca-7782-54ff-b970-cedb64a8ab87,scheduled,,2024-09-29 22:06:47+00,2024-09-29 22:41:47+00,carrier_feed
64729ad8-345c-5f93-964c-9865b1aeddb0,c33709ca-7782-54ff-b970-cedb64a8ab87,in_transit,scheduled,2024-10-03 02:18:49+00,2024-10-03 02:58:49+00,carrier_feed
0d8cca2d-cd72-545d-951b-eff0a04134e5,c33709ca-7782-54ff-b970-cedb64a8ab87,delayed,in_transit,2024-10-10 08:36:32+00,2024-10-10 09:17:32+00,carrier_feed
38d68035-09db-5e12-a0b6-6e9ee7bd22d7,c33709ca-7782-54ff-b970-cedb64a8ab87,delivered,delayed,2024-10-13 02:34:52+00,2024-10-13 02:44:52+00,carrier_feed
3ede4c4f-6cdd-57f5-8423-361c2acca0d4,58392ec4-150a-5e70-85df-57aeed7f40f9,scheduled,,2024-10-26 11:07:33+00,2024-10-26 11:24:33+00,carrier_feed
1609cf6e-e465-5246-9510-08925adf41ad,58392ec4-150a-5e70-85df-57aeed7f40f9,in_transit,scheduled,2024-10-29 15:46:59+00,2024-10-29 16:18:59+00,carrier_feed
ad5fcc30-ba12-554f-8869-954c0aacad79,58392ec4-150a-5e70-85df-57aeed7f40f9,delivered,in_transit,2024-11-07 14:09:19+00,2024-11-07 14:44:19+00,carrier_feed
c9d2a3fa-d5bb-5453-bb2c-2737b8fea81e,a72e7eff-f836-5574-95f2-1aa5b339dada,scheduled,,2024-09-04 23:13:20+00,2024-09-04 23:25:20+00,carrier_feed
44cff103-f165-5863-937d-dd123787830f,a72e7eff-f836-5574-95f2-1aa5b339dada,in_transit,scheduled,2024-09-07 03:58:07+00,2024-09-07 04:30:07+00,carrier_feed
35da0c89-8dc9-5df2-8e68-4552eba48c1e,a72e7eff-f836-5574-95f2-1aa5b339dada,delivered,in_transit,2024-09-15 15:28:51+00,2024-09-15 15:37:51+00,carrier_feed
fc41b47a-6719-50a2-a1a5-9698ac811779,1e6fc755-d704-5490-b8cf-893bd0ea7173,scheduled,,2024-10-02 20:47:54+00,2024-10-02 21:32:54+00,carrier_feed
0627b42b-63e1-5d05-a27a-f62ba6e6b747,1e6fc755-d704-5490-b8cf-893bd0ea7173,in_transit,scheduled,2024-10-05 03:05:17+00,2024-10-05 03:36:17+00,carrier_feed
6a50a27d-e006-5b07-a979-04e14edb21b4,1e6fc755-d704-5490-b8cf-893bd0ea7173,delivered,in_transit,2024-10-10 00:10:32+00,2024-10-10 00:48:32+00,carrier_feed
7ed89f7e-4f81-5cfd-87d8-7160c14c94d2,83758787-e6bd-5ac7-a1d9-c8f9a2fb6b7f,scheduled,,2024-10-13 23:34:01+00,2024-10-13 23:57:01+00,carrier_feed
8957ece4-d759-59fa-be55-e805f693820c,83758787-e6bd-5ac7-a1d9-c8f9a2fb6b7f,in_transit,scheduled,2024-10-15 07:48:21+00,2024-10-15 08:30:21+00,carrier_feed
a9e73410-4eaf-579e-b855-30c8244af239,83758787-e6bd-5ac7-a1d9-c8f9a2fb6b7f,delivered,in_transit,2024-10-19 08:57:14+00,2024-10-19 09:34:14+00,carrier_feed
6453d4d7-68ea-550c-bb02-b6eadd35d340,79dc6690-20f8-5694-8207-6b43a5e3885b,scheduled,,2024-09-24 10:50:05+00,2024-09-24 11:35:05+00,carrier_feed
4d603a47-02cc-5216-9075-796ecd8a15b4,79dc6690-20f8-5694-8207-6b43a5e3885b,in_transit,scheduled,2024-09-25 14:22:59+00,2024-09-25 15:03:59+00,carrier_feed
e03a381f-c47a-5623-8e44-1b5f17c64189,79dc6690-20f8-5694-8207-6b43a5e3885b,delayed,in_transit,2024-10-03 20:52:03+00,2024-10-03 21:35:03+00,carrier_feed
157096c2-1732-5e0f-8fe9-9cc5918452fa,79dc6690-20f8-5694-8207-6b43a5e3885b,delivered,delayed,2024-10-20 14:56:26+00,2024-10-20 15:05:26+00,carrier_feed
b4820f04-0898-5069-8737-580eb9a002b0,41889be7-638f-53c0-a464-b426e034fddc,scheduled,,2024-07-07 18:16:25+00,2024-07-07 19:01:25+00,carrier_feed
cf9e8f0e-b539-5511-8dbb-531ab67be74d,41889be7-638f-53c0-a464-b426e034fddc,in_transit,scheduled,2024-07-09 21:58:31+00,2024-07-09 22:12:31+00,carrier_feed
588d94b2-02b1-5fc1-8ad8-fe84ebb5977a,41889be7-638f-53c0-a464-b426e034fddc,delivered,in_transit,2024-07-13 11:06:18+00,2024-07-13 11:35:18+00,carrier_feed
7b3d49b7-92a2-5205-94d5-06bab694a4e5,942aa84a-83d1-5dbc-ab95-c47cc0227357,scheduled,,2024-10-27 09:01:09+00,2024-10-27 09:21:09+00,carrier_feed
f2557576-29aa-5d85-90f8-853921a5b37c,942aa84a-83d1-5dbc-ab95-c47cc0227357,in_transit,scheduled,2024-10-29 12:08:13+00,2024-10-29 12:46:13+00,carrier_feed
350b4968-588b-5674-b333-bf66a6568fd2,942aa84a-83d1-5dbc-ab95-c47cc0227357,delivered,in_transit,2024-11-01 06:47:42+00,2024-11-01 07:00:42+00,carrier_feed
6655ac1d-050b-546f-8015-52cbce306974,4706db1d-673a-51a5-826b-898fb76300f6,scheduled,,2024-03-24 17:09:53+00,2024-03-24 17:42:53+00,carrier_feed
c8f64fd7-28a9-5206-a275-039f06e50530,4706db1d-673a-51a5-826b-898fb76300f6,in_transit,scheduled,2024-03-24 19:28:03+00,2024-03-24 20:11:03+00,carrier_feed
3c48b478-0ee8-55e2-a92d-deebd17a19f4,4706db1d-673a-51a5-826b-898fb76300f6,delayed,in_transit,2024-03-29 01:32:11+00,2024-03-29 01:56:11+00,carrier_feed
65a57a78-6885-5aac-ba47-cb82455fe150,4706db1d-673a-51a5-826b-898fb76300f6,delivered,delayed,2024-04-01 19:33:20+00,2024-04-01 19:43:20+00,carrier_feed
fdd9e411-1cef-50d4-ba79-3fd7a5359dc4,0a477893-5fff-5bd7-90b9-91980923af76,scheduled,,2024-03-06 19:10:00+00,2024-03-06 19:34:00+00,carrier_feed
1826c099-8802-596e-b1dd-9de72b9c4c41,0a477893-5fff-5bd7-90b9-91980923af76,in_transit,scheduled,2024-03-07 21:37:18+00,2024-03-07 22:04:18+00,carrier_feed
a44bb8f5-9740-54d5-b149-6bc62e8ff29c,0a477893-5fff-5bd7-90b9-91980923af76,delivered,in_transit,2024-03-13 07:39:59+00,2024-03-13 08:06:59+00,carrier_feed
207b0403-a84c-511c-a71e-54f1ec4535c8,ce223512-d9c3-5ba8-ae68-aa9c45dcf38f,scheduled,,2024-06-21 16:45:12+00,2024-06-21 16:50:12+00,carrier_feed
d58c27bc-6f6d-5bd3-a54b-ee52397cc148,ce223512-d9c3-5ba8-ae68-aa9c45dcf38f,in_transit,scheduled,2024-06-23 00:16:31+00,2024-06-23 00:58:31+00,carrier_feed
ee260480-283a-537f-b9e3-a04f45d7bcef,ce223512-d9c3-5ba8-ae68-aa9c45dcf38f,delivered,in_transit,2024-06-25 19:35:36+00,2024-06-25 20:09:36+00,carrier_feed
8f0d8d10-c07a-561f-91bd-f1b15650706f,a1fd0ed7-386a-5639-946a-b9f267858649,scheduled,,2024-11-23 16:51:57+00,2024-11-23 17:11:57+00,carrier_feed
5a1b37b5-5eac-5c2f-9ddf-20cbe8b1f20f,a1fd0ed7-386a-5639-946a-b9f267858649,in_transit,scheduled,2024-11-26 01:21:31+00,2024-11-26 01:39:31+00,carrier_feed
cb023a4c-ebf0-5070-94a0-279e560e2e36,a1fd0ed7-386a-5639-946a-b9f267858649,delivered,in_transit,2024-11-28 20:59:25+00,2024-11-28 21:16:25+00,carrier_feed
9efdf75e-5067-55e5-bcde-8651c095c40d,e26d601f-0e0a-5c4a-a1c4-363346071934,scheduled,,2024-09-12 15:39:55+00,2024-09-12 15:46:55+00,carrier_feed
a5ae3866-ac89-5e9a-accc-c6610d374a68,e26d601f-0e0a-5c4a-a1c4-363346071934,in_transit,scheduled,2024-09-14 20:44:04+00,2024-09-14 21:27:04+00,carrier_feed
eb2cd7ca-150b-51c8-9e5e-a2b14d814eab,e26d601f-0e0a-5c4a-a1c4-363346071934,delayed,in_transit,2024-09-23 03:06:15+00,2024-09-23 03:44:15+00,carrier_feed
37190f29-b463-51d3-b7f7-a150f11de913,e26d601f-0e0a-5c4a-a1c4-363346071934,delivered,delayed,2024-09-25 21:21:36+00,2024-09-25 21:56:36+00,carrier_feed
a81810cd-5ab6-5744-8735-a4056f4bcb0b,d1bf7978-1850-583a-acac-6790b6c07ea8,scheduled,,2024-10-28 17:23:08+00,2024-10-28 17:30:08+00,carrier_feed
808d4f5d-3be8-58b3-ba42-4fe4cb40b2fe,d1bf7978-1850-583a-acac-6790b6c07ea8,in_transit,scheduled,2024-10-30 01:35:26+00,2024-10-30 01:54:26+00,carrier_feed
e4e842f3-9996-569d-9435-83b9641fcfc5,d1bf7978-1850-583a-acac-6790b6c07ea8,delivered,in_transit,2024-11-02 23:46:21+00,2024-11-03 00:23:21+00,carrier_feed
32c5fdf3-2496-5579-8d64-654712d277da,44560638-cce9-5149-bae3-23373bd2c035,scheduled,,2024-12-16 23:00:05+00,2024-12-16 23:15:05+00,carrier_feed
af45e762-dcf8-54c4-8e7b-3b2323bddd52,44560638-cce9-5149-bae3-23373bd2c035,in_transit,scheduled,2024-12-19 06:04:08+00,2024-12-19 06:26:08+00,carrier_feed
074856bc-a324-54e4-b88a-53caca15e3fd,44560638-cce9-5149-bae3-23373bd2c035,delivered,in_transit,2024-12-26 17:32:47+00,2024-12-26 17:47:47+00,carrier_feed
c5de15e2-ddbc-5fe7-bc35-9fa9025a054f,bcd971db-fd0b-5995-81a6-c11899beddd4,scheduled,,2024-03-24 17:58:44+00,2024-03-24 18:40:44+00,carrier_feed
defb5151-fb7b-55cf-a243-c302a1418948,bcd971db-fd0b-5995-81a6-c11899beddd4,in_transit,scheduled,2024-03-27 00:12:45+00,2024-03-27 00:51:45+00,carrier_feed
d693f55c-90d1-5256-873c-22a0a97b70d1,bcd971db-fd0b-5995-81a6-c11899beddd4,delivered,in_transit,2024-04-01 16:55:18+00,2024-04-01 17:23:18+00,carrier_feed
6b2207d6-9ae5-5027-b6d5-263c000074c3,b71aa6e0-2f5b-57eb-a5c1-08e918389675,scheduled,,2024-10-16 13:36:36+00,2024-10-16 13:50:36+00,carrier_feed
84fe562c-d349-5e98-8d3f-adc44c018b48,b71aa6e0-2f5b-57eb-a5c1-08e918389675,in_transit,scheduled,2024-10-19 18:36:47+00,2024-10-19 19:12:47+00,carrier_feed
68874d9d-0845-5e9f-bba6-29c2f3ede4a6,b71aa6e0-2f5b-57eb-a5c1-08e918389675,delivered,in_transit,2024-10-27 04:01:35+00,2024-10-27 04:09:35+00,carrier_feed
635b2f12-d0bc-593e-9bd6-133585b07367,dcb1050f-efe5-571c-91f6-d5d55e578eb8,scheduled,,2024-12-16 16:56:12+00,2024-12-16 17:19:12+00,carrier_feed
e83bc047-2983-5691-8a4f-178e54aa0ab2,dcb1050f-efe5-571c-91f6-d5d55e578eb8,in_transit,scheduled,2024-12-16 20:36:49+00,2024-12-16 21:20:49+00,carrier_feed
2484dcbd-29ff-5002-8f84-7656b664ed45,dcb1050f-efe5-571c-91f6-d5d55e578eb8,delayed,in_transit,2024-12-24 02:53:04+00,2024-12-24 03:26:04+00,carrier_feed
604ff6ba-5bd6-59f3-a62d-af9e6b6b2af2,dcb1050f-efe5-571c-91f6-d5d55e578eb8,delivered,delayed,2024-12-24 20:57:14+00,2024-12-24 21:42:14+00,carrier_feed
d0467c2e-7304-5eb9-bb27-3bf4f5c26dea,c38ed352-6558-5663-839a-96a586e5ad67,scheduled,,2024-07-12 18:25:00+00,2024-07-12 18:44:00+00,carrier_feed
e5323f69-f9a0-5de1-92b5-108df3cfe409,c38ed352-6558-5663-839a-96a586e5ad67,in_transit,scheduled,2024-07-13 21:35:42+00,2024-07-13 21:57:42+00,carrier_feed
ff9ef12a-44ea-50ce-b887-eb1413c97efe,c38ed352-6558-5663-839a-96a586e5ad67,delivered,in_transit,2024-07-20 15:52:34+00,2024-07-20 16:16:34+00,carrier_feed
cef68a6a-c379-50e5-b1cd-77734b2ec978,9e6b8bee-e1f4-52d0-9ba3-505b93c41306,scheduled,,2024-10-01 23:28:20+00,2024-10-01 23:52:20+00,carrier_feed
689439f2-0ecc-567c-8d03-8261ecaadc20,9e6b8bee-e1f4-52d0-9ba3-505b93c41306,in_transit,scheduled,2024-10-02 02:53:52+00,2024-10-02 03:22:52+00,carrier_feed
52368535-ef75-5889-b0a1-838d384efa91,9e6b8bee-e1f4-52d0-9ba3-505b93c41306,delivered,in_transit,2024-10-06 02:16:29+00,2024-10-06 02:34:29+00,carrier_feed
af33893c-0ee8-5a55-8b47-ab881c956cfb,0f74401a-8a3b-5f04-85d5-3b58718ec885,scheduled,,2024-01-22 00:55:14+00,2024-01-22 01:18:14+00,carrier_feed
c8a40640-0405-58ed-ba41-8604c2c4c323,0f74401a-8a3b-5f04-85d5-3b58718ec885,in_transit,scheduled,2024-01-24 06:17:39+00,2024-01-24 06:46:39+00,carrier_feed
c7cf5a4d-a605-50fa-942a-8f8dc9e5425a,0f74401a-8a3b-5f04-85d5-3b58718ec885,delivered,in_transit,2024-01-31 09:19:55+00,2024-01-31 09:40:55+00,carrier_feed
cef5ed31-faad-5808-ba1c-82c6f8165507,b5eb467f-452f-536e-9374-3739af5e8535,scheduled,,2024-10-03 12:19:02+00,2024-10-03 12:54:02+00,carrier_feed
4ed10bd6-2c99-5e81-b09c-ca9c0d38d90d,b5eb467f-452f-536e-9374-3739af5e8535,in_transit,scheduled,2024-10-05 17:01:37+00,2024-10-05 17:22:37+00,carrier_feed
56038a8d-3f5b-5333-941e-317154d0ee0a,b5eb467f-452f-536e-9374-3739af5e8535,delivered,in_transit,2024-10-13 17:18:22+00,2024-10-13 17:59:22+00,carrier_feed
3eecf1cf-bacc-5268-861b-083887650ed2,cd349fe3-7702-5c3b-a346-182d4afa58d3,scheduled,,2024-04-20 20:34:54+00,2024-04-20 21:06:54+00,carrier_feed
6503a48f-6d3e-5378-8f01-9ee6aebc0375,cd349fe3-7702-5c3b-a346-182d4afa58d3,in_transit,scheduled,2024-04-23 23:35:23+00,2024-04-24 00:01:23+00,carrier_feed
51937869-bfc7-55c4-a02c-6b9136fb33c9,cd349fe3-7702-5c3b-a346-182d4afa58d3,delivered,in_transit,2024-04-29 23:59:03+00,2024-04-30 00:40:03+00,carrier_feed
8643b78b-2064-5d16-9245-fe98bc3568e6,f3c8f27e-6ec7-537b-9056-f350bc1cd853,scheduled,,2024-12-22 01:45:46+00,2024-12-22 01:57:46+00,carrier_feed
5e6c9bd9-7166-5393-a683-fe61bee3b4e0,f3c8f27e-6ec7-537b-9056-f350bc1cd853,in_transit,scheduled,2024-12-23 07:04:12+00,2024-12-23 07:24:12+00,carrier_feed
83e063e1-d357-5791-aa6d-0fe729552226,f3c8f27e-6ec7-537b-9056-f350bc1cd853,delivered,in_transit,2024-12-26 03:43:46+00,2024-12-26 03:54:46+00,carrier_feed
d97ceec9-539b-5267-9e39-efc86e7efc27,217f401a-b389-5ae5-b4a5-c8ab1300df60,scheduled,,2024-06-12 17:53:54+00,2024-06-12 18:03:54+00,carrier_feed
ad3ad179-f541-5d7b-8a60-8187a1a1c058,217f401a-b389-5ae5-b4a5-c8ab1300df60,in_transit,scheduled,2024-06-13 19:01:56+00,2024-06-13 19:06:56+00,carrier_feed
81dec158-1a7d-57c5-a4b1-cdabbceb0a21,217f401a-b389-5ae5-b4a5-c8ab1300df60,delivered,in_transit,2024-06-17 13:35:49+00,2024-06-17 13:44:49+00,carrier_feed
318afaa7-9d46-5b47-9710-1b56b2e40686,f50c45be-e940-53fd-97d5-62866dd12c9b,scheduled,,2024-10-22 16:56:35+00,2024-10-22 17:24:35+00,carrier_feed
064890cf-ef59-501a-a58f-83eb022474cd,f50c45be-e940-53fd-97d5-62866dd12c9b,in_transit,scheduled,2024-10-24 22:07:30+00,2024-10-24 22:20:30+00,carrier_feed
2abf8444-0de1-5d59-b268-bb1b632797f2,f50c45be-e940-53fd-97d5-62866dd12c9b,delayed,in_transit,2024-10-30 04:46:09+00,2024-10-30 05:01:09+00,carrier_feed
d1f7d858-efb1-56e4-be20-e007e0163fea,f50c45be-e940-53fd-97d5-62866dd12c9b,delivered,delayed,2024-11-09 22:13:50+00,2024-11-09 22:22:50+00,carrier_feed
69b32878-bde4-5ff0-bbc0-735a3f54bf1a,d7536a0c-bbcb-5e80-b4c2-f1eb464fc9fb,scheduled,,2024-11-20 08:55:16+00,2024-11-20 09:40:16+00,carrier_feed
4ec8a983-894b-594e-aa82-1b071f098826,d7536a0c-bbcb-5e80-b4c2-f1eb464fc9fb,in_transit,scheduled,2024-11-21 12:22:16+00,2024-11-21 13:00:16+00,carrier_feed
77f25141-a04b-5980-95f6-2804408c8a26,d7536a0c-bbcb-5e80-b4c2-f1eb464fc9fb,delivered,in_transit,2024-11-29 14:37:54+00,2024-11-29 14:47:54+00,carrier_feed
7111a502-0302-5c37-8a2c-addc3db62e24,3e7d6d6e-906c-507d-8905-e4708269849e,scheduled,,2024-07-31 23:01:35+00,2024-07-31 23:28:35+00,carrier_feed
cffd9bd0-4fc3-5788-a51b-5f46d3c1c84f,3e7d6d6e-906c-507d-8905-e4708269849e,in_transit,scheduled,2024-08-04 04:33:54+00,2024-08-04 05:15:54+00,carrier_feed
292c3b1b-39d0-51ee-91da-1740bd3dde4c,3e7d6d6e-906c-507d-8905-e4708269849e,delivered,in_transit,2024-08-09 08:08:37+00,2024-08-09 08:35:37+00,carrier_feed
f60f3b91-710c-505e-9eed-1e1a96bb726f,85242cb6-93eb-5a24-a983-f85c3718424c,scheduled,,2024-04-02 01:03:55+00,2024-04-02 01:42:55+00,carrier_feed
6a9149fa-cd41-598d-99f9-5ea0e29b2ec5,85242cb6-93eb-5a24-a983-f85c3718424c,in_transit,scheduled,2024-04-02 08:12:08+00,2024-04-02 08:51:08+00,carrier_feed
93e7e52f-1aee-50cb-b3fa-73cb49c43c9b,85242cb6-93eb-5a24-a983-f85c3718424c,delivered,in_transit,2024-04-04 08:27:44+00,2024-04-04 08:36:44+00,carrier_feed
5d369674-255a-5fc7-b9d6-890e862d717e,c5367b3a-806f-5f64-9e8d-183b1a76edb3,scheduled,,2024-11-17 01:47:11+00,2024-11-17 02:02:11+00,carrier_feed
014706b0-6f48-503c-9c78-04e9dfa8703f,c5367b3a-806f-5f64-9e8d-183b1a76edb3,in_transit,scheduled,2024-11-19 07:56:33+00,2024-11-19 08:13:33+00,carrier_feed
f66e0e68-c922-5392-be31-8d46ec060abe,c5367b3a-806f-5f64-9e8d-183b1a76edb3,delivered,in_transit,2024-11-27 02:07:53+00,2024-11-27 02:39:53+00,carrier_feed
c21bd9d6-01f5-5b44-bc6f-f5346778672f,008adf5f-4310-51cc-a4f6-75efd1e9f9b1,scheduled,,2024-10-15 14:47:19+00,2024-10-15 15:27:19+00,carrier_feed
21edcb95-fb5f-5810-a89a-f21da102d6e1,008adf5f-4310-51cc-a4f6-75efd1e9f9b1,in_transit,scheduled,2024-10-17 16:09:00+00,2024-10-17 16:47:00+00,carrier_feed
df34ba92-0ad0-5559-8af9-195cadd704eb,008adf5f-4310-51cc-a4f6-75efd1e9f9b1,delayed,in_transit,2024-10-21 22:48:43+00,2024-10-21 23:19:43+00,carrier_feed
3cd98717-d1d8-5a76-bcd3-f2f5485b260d,008adf5f-4310-51cc-a4f6-75efd1e9f9b1,delivered,delayed,2024-10-23 16:15:51+00,2024-10-23 16:44:51+00,carrier_feed
d6df6047-2031-5d38-ba26-4d10e3b9af1d,98e54503-691c-53a1-88c9-d62b6ea138e4,scheduled,,2024-03-28 17:41:15+00,2024-03-28 17:48:15+00,carrier_feed
b272e321-e8fe-582d-b71c-438cee82127e,98e54503-691c-53a1-88c9-d62b6ea138e4,in_transit,scheduled,2024-04-01 02:21:36+00,2024-04-01 02:58:36+00,carrier_feed
db824dae-6800-5261-b8c1-6bf17369a561,98e54503-691c-53a1-88c9-d62b6ea138e4,delivered,in_transit,2024-04-09 22:39:24+00,2024-04-09 23:19:24+00,carrier_feed
5d5f125c-67c7-591c-a1b0-95869f85f6d2,498fe866-e125-5949-9f85-31845450aab6,scheduled,,2024-07-19 19:04:25+00,2024-07-19 19:20:25+00,carrier_feed
20f2f0a2-63f1-5e83-abed-92ca00e9fc4a,498fe866-e125-5949-9f85-31845450aab6,in_transit,scheduled,2024-07-20 22:10:47+00,2024-07-20 22:29:47+00,carrier_feed
5571aeac-b218-5fd2-a398-cee4e2df9b2c,498fe866-e125-5949-9f85-31845450aab6,delivered,in_transit,2024-07-28 15:28:08+00,2024-07-28 15:42:08+00,carrier_feed
735ad7cb-39b3-5c97-bc54-10fdf3e7bf9a,11552c62-f5ea-5416-af48-68f65179a4ba,scheduled,,2024-10-23 23:31:57+00,2024-10-23 23:51:57+00,carrier_feed
477c085d-ed5e-5cce-a8d0-3e31a642ad94,11552c62-f5ea-5416-af48-68f65179a4ba,in_transit,scheduled,2024-10-24 05:09:00+00,2024-10-24 05:37:00+00,carrier_feed
7be8cf48-b604-532c-aa8d-9f9dfd4b1db6,11552c62-f5ea-5416-af48-68f65179a4ba,delivered,in_transit,2024-10-31 04:38:27+00,2024-10-31 04:49:27+00,carrier_feed
5eb152bf-38c8-57c5-a0e1-608ffd319cd6,eb1e8421-aa24-5965-8e4f-1941dea350aa,scheduled,,2024-10-06 17:56:56+00,2024-10-06 18:05:56+00,carrier_feed
b230d9f3-37f2-5d91-8129-3807e2b34f64,eb1e8421-aa24-5965-8e4f-1941dea350aa,in_transit,scheduled,2024-10-08 03:26:17+00,2024-10-08 03:46:17+00,carrier_feed
4cd9b847-b2f1-59b0-95ab-975c27468352,eb1e8421-aa24-5965-8e4f-1941dea350aa,delivered,in_transit,2024-10-11 17:08:26+00,2024-10-11 17:50:26+00,carrier_feed
df4523d6-fe5d-5a84-b3be-bb5e204cdae1,8e4adb0b-bc34-509a-a343-5e7ea50ec9d4,scheduled,,2024-03-04 18:24:30+00,2024-03-04 18:50:30+00,carrier_feed
82479621-dbe3-5326-bc9f-e5705fdf516a,8e4adb0b-bc34-509a-a343-5e7ea50ec9d4,in_transit,scheduled,2024-03-06 19:59:58+00,2024-03-06 20:14:58+00,carrier_feed
cfd1e98e-1f97-5f7b-b502-026e61a2aaa6,8e4adb0b-bc34-509a-a343-5e7ea50ec9d4,delivered,in_transit,2024-03-11 04:24:29+00,2024-03-11 04:40:29+00,carrier_feed
35498a85-aac9-538e-baf5-db6cc8acb0b5,d2a3e1d6-8b33-5bf7-8855-e5233df39198,scheduled,,2024-10-27 10:37:05+00,2024-10-27 11:02:05+00,carrier_feed
dcbbefc0-5305-5922-9d2f-445d14e51e3b,d2a3e1d6-8b33-5bf7-8855-e5233df39198,in_transit,scheduled,2024-10-29 18:09:42+00,2024-10-29 18:30:42+00,carrier_feed
2b666612-586a-5d90-969e-8e0129d43c97,d2a3e1d6-8b33-5bf7-8855-e5233df39198,delayed,in_transit,2024-11-06 00:54:39+00,2024-11-06 01:35:39+00,carrier_feed
7fbd7753-b570-59e5-8c4d-828b916976d8,d2a3e1d6-8b33-5bf7-8855-e5233df39198,delivered,delayed,2024-11-12 18:18:15+00,2024-11-12 18:41:15+00,carrier_feed
67fe1484-26d9-5bf7-9b17-f8d91fec738a,e1322f3a-e486-5efb-b37a-9a0414cbb5c1,scheduled,,2024-09-06 02:08:35+00,2024-09-06 02:36:35+00,carrier_feed
0bf793a6-58da-5c36-9181-5e3180193829,e1322f3a-e486-5efb-b37a-9a0414cbb5c1,in_transit,scheduled,2024-09-08 08:14:03+00,2024-09-08 08:47:03+00,carrier_feed
4fc062b6-ef7a-527c-b21a-4c9182fc85e9,e1322f3a-e486-5efb-b37a-9a0414cbb5c1,delivered,in_transit,2024-09-11 20:25:34+00,2024-09-11 20:31:34+00,carrier_feed
788be126-3814-5056-bdbb-3fbbd0222344,ebf54d5a-eef9-562d-ab3e-2918bf489d32,scheduled,,2024-01-14 00:30:10+00,2024-01-14 00:48:10+00,carrier_feed
7afe4dfb-8474-5ae7-8d90-b8b66addd8bc,ebf54d5a-eef9-562d-ab3e-2918bf489d32,in_transit,scheduled,2024-01-15 07:13:33+00,2024-01-15 07:23:33+00,carrier_feed
9393ee0e-6653-53b0-acf9-f69821f2a6ce,ebf54d5a-eef9-562d-ab3e-2918bf489d32,delivered,in_transit,2024-01-17 07:34:01+00,2024-01-17 08:09:01+00,carrier_feed
8fe10fa3-15d0-5167-963a-cceca601337e,12be2cfa-1582-5610-aa82-42a58e2806a7,scheduled,,2024-03-06 20:43:39+00,2024-03-06 21:13:39+00,carrier_feed
dbaad23f-aeef-5f03-80f4-267d9e4ee517,12be2cfa-1582-5610-aa82-42a58e2806a7,in_transit,scheduled,2024-03-07 21:49:50+00,2024-03-07 22:28:50+00,carrier_feed
b893678f-1b22-5eb7-9b57-54fa2ffe7480,12be2cfa-1582-5610-aa82-42a58e2806a7,delivered,in_transit,2024-03-16 17:00:55+00,2024-03-16 17:11:55+00,carrier_feed
e20f509b-75e0-57ff-961b-e5eec139aa92,0d291aea-4ee4-51dd-803e-54a163ea07fb,scheduled,,2024-09-20 18:06:21+00,2024-09-20 18:14:21+00,carrier_feed
a7707f39-4362-5afd-b598-89bd22b627a2,0d291aea-4ee4-51dd-803e-54a163ea07fb,in_transit,scheduled,2024-09-21 19:07:16+00,2024-09-21 19:17:16+00,carrier_feed
97562098-cc11-51e5-98fe-2094642f2ed8,0d291aea-4ee4-51dd-803e-54a163ea07fb,delivered,in_transit,2024-09-27 23:35:46+00,2024-09-27 23:53:46+00,carrier_feed
0f6f06ef-7455-5e77-ad3f-6e9037edce57,50f4a9b0-38c6-5373-8801-bbe60e118646,scheduled,,2024-11-20 17:32:12+00,2024-11-20 17:47:12+00,carrier_feed
a931cf8a-f784-5c70-843c-2ba034f1061b,50f4a9b0-38c6-5373-8801-bbe60e118646,in_transit,scheduled,2024-11-20 22:55:35+00,2024-11-20 23:17:35+00,carrier_feed
be25ee65-3420-5179-a2dd-6e3e7744fcae,50f4a9b0-38c6-5373-8801-bbe60e118646,delivered,in_transit,2024-11-26 22:35:13+00,2024-11-26 23:10:13+00,carrier_feed
585c95e7-f270-516e-a7d3-562845319413,fd313ca2-4541-5bbf-a4de-8dad434571f5,scheduled,,2024-08-08 18:37:02+00,2024-08-08 18:45:02+00,carrier_feed
f0b4a37e-288c-5c16-b9a3-b449b8f6c8fb,fd313ca2-4541-5bbf-a4de-8dad434571f5,in_transit,scheduled,2024-08-08 19:52:50+00,2024-08-08 20:27:50+00,carrier_feed
aa08be4f-a994-5193-a3d3-f82274282385,fd313ca2-4541-5bbf-a4de-8dad434571f5,delivered,in_transit,2024-08-14 18:58:35+00,2024-08-14 19:15:35+00,carrier_feed
0c2fc30f-875c-5caa-86f8-52606528fe11,809587f0-4362-52d6-94b4-f565fef010c1,scheduled,,2024-10-19 10:33:53+00,2024-10-19 10:41:53+00,carrier_feed
e51ac51a-6a1f-5cd4-aac5-7169b2213e53,809587f0-4362-52d6-94b4-f565fef010c1,in_transit,scheduled,2024-10-20 13:44:49+00,2024-10-20 14:21:49+00,carrier_feed
e6613966-8a4e-543b-890b-0be250bd4efc,809587f0-4362-52d6-94b4-f565fef010c1,delayed,in_transit,2024-10-27 19:59:59+00,2024-10-27 20:10:59+00,carrier_feed
57c3cc73-ffc6-58ef-afb0-4429058ff48e,809587f0-4362-52d6-94b4-f565fef010c1,delivered,delayed,2024-11-04 14:25:13+00,2024-11-04 14:48:13+00,carrier_feed
295fa9ed-42e8-544d-b1c8-bc3c8f010d9d,d81c9599-e7ac-5115-8a6c-3adfda5a509a,scheduled,,2024-10-23 15:00:58+00,2024-10-23 15:10:58+00,carrier_feed
67b72fa6-3b61-5f8d-a9cb-0813ad8c5d27,d81c9599-e7ac-5115-8a6c-3adfda5a509a,in_transit,scheduled,2024-10-24 23:34:08+00,2024-10-24 23:56:08+00,carrier_feed
08569f05-802e-5c6d-a4ee-a8ac0811107f,d81c9599-e7ac-5115-8a6c-3adfda5a509a,delivered,in_transit,2024-10-27 14:01:26+00,2024-10-27 14:17:26+00,carrier_feed
11610680-e1a2-5fc4-a3aa-d62a4c08e568,870124b4-9cc7-5bd5-b257-6eed83ab33c6,scheduled,,2024-03-02 16:17:41+00,2024-03-02 16:36:41+00,carrier_feed
511b0932-2149-51e4-b352-949c2476d5e1,870124b4-9cc7-5bd5-b257-6eed83ab33c6,in_transit,scheduled,2024-03-03 23:36:53+00,2024-03-04 00:09:53+00,carrier_feed
1e9f5491-f522-5b35-b200-b210e263e7ec,870124b4-9cc7-5bd5-b257-6eed83ab33c6,delivered,in_transit,2024-03-09 08:01:02+00,2024-03-09 08:28:02+00,carrier_feed
703a330f-fc01-5a2e-8ea5-f29dd2dc4eec,1c085f40-9e56-5211-bf81-59dd238a041e,scheduled,,2024-11-27 16:40:32+00,2024-11-27 17:13:32+00,carrier_feed
e149dea9-71c0-54ab-bbb1-813ae2e19f2f,1c085f40-9e56-5211-bf81-59dd238a041e,in_transit,scheduled,2024-11-28 22:09:27+00,2024-11-28 22:31:27+00,carrier_feed
d9a3f301-1343-5a12-984b-cdb9711e5a74,1c085f40-9e56-5211-bf81-59dd238a041e,delivered,in_transit,2024-12-03 20:38:30+00,2024-12-03 21:04:30+00,carrier_feed
d3344dcd-1da0-53ef-80a5-3d290a1cacf9,f4adb23a-b27c-5b12-9112-6089f82f855f,scheduled,,2024-09-28 14:03:17+00,2024-09-28 14:25:17+00,carrier_feed
73b3b925-abbf-54f5-af23-b095eeff9bd7,f4adb23a-b27c-5b12-9112-6089f82f855f,in_transit,scheduled,2024-10-01 16:04:07+00,2024-10-01 16:32:07+00,carrier_feed
16a3afe6-4d22-5453-a9b2-227062efb7c1,f4adb23a-b27c-5b12-9112-6089f82f855f,delivered,in_transit,2024-10-09 15:46:15+00,2024-10-09 15:58:15+00,carrier_feed
f7a98481-e9ba-51bd-a89f-2cb244050ee9,4552fa69-da96-591c-9084-119441a13a1b,scheduled,,2024-12-19 22:49:21+00,2024-12-19 23:22:21+00,carrier_feed
ce9a8887-64cc-54cc-a164-d48d56a2d927,4552fa69-da96-591c-9084-119441a13a1b,in_transit,scheduled,2024-12-20 06:13:10+00,2024-12-20 06:32:10+00,carrier_feed
6f70d86d-3174-5dad-9816-950cfeea543e,4552fa69-da96-591c-9084-119441a13a1b,delivered,in_transit,2024-12-23 04:32:48+00,2024-12-23 04:49:48+00,carrier_feed
271dcb28-2861-5740-ab79-c89df43ae7c0,d26e07fd-f1d2-5d4c-af77-7a7d83907636,scheduled,,2024-01-24 18:05:51+00,2024-01-24 18:10:51+00,carrier_feed
b1116197-c40c-5cdf-b87f-70339e8f19e4,d26e07fd-f1d2-5d4c-af77-7a7d83907636,in_transit,scheduled,2024-01-28 01:41:34+00,2024-01-28 01:50:34+00,carrier_feed
d671d19d-47b2-569a-a34c-a899ff1d5c22,d26e07fd-f1d2-5d4c-af77-7a7d83907636,delivered,in_transit,2024-01-30 20:10:15+00,2024-01-30 20:41:15+00,carrier_feed
2b826a03-0e28-5b84-8805-fe0eb00b3f6a,4144696a-b95e-52bf-8c51-84bb048143dd,scheduled,,2024-09-17 08:48:40+00,2024-09-17 09:14:40+00,carrier_feed
2b04c0c1-08ca-5982-b849-d392773728b7,4144696a-b95e-52bf-8c51-84bb048143dd,in_transit,scheduled,2024-09-18 10:07:36+00,2024-09-18 10:28:36+00,carrier_feed
7baf65ba-6bc7-55ed-baed-f4e284b0e191,4144696a-b95e-52bf-8c51-84bb048143dd,delivered,in_transit,2024-09-24 09:12:20+00,2024-09-24 09:49:20+00,carrier_feed
c248bdac-ebe1-53c4-aa44-df1f0f4d2263,49cb9d27-6ec8-550d-8988-d532467607ff,scheduled,,2024-03-21 00:45:48+00,2024-03-21 01:19:48+00,carrier_feed
849ed6ce-0b53-5c9e-ab65-ef2309c45603,49cb9d27-6ec8-550d-8988-d532467607ff,in_transit,scheduled,2024-03-21 03:19:33+00,2024-03-21 03:49:33+00,carrier_feed
df21f3c4-1cd4-5152-9896-df07d51ab180,49cb9d27-6ec8-550d-8988-d532467607ff,delivered,in_transit,2024-03-27 09:32:26+00,2024-03-27 10:00:26+00,carrier_feed
e2a802bc-7e41-51c1-aa94-0682467c4b3e,8273c233-dabf-5802-9d16-0a7e93018064,scheduled,,2024-10-02 15:53:49+00,2024-10-02 16:26:49+00,carrier_feed
c432da59-7c05-5a06-9d0f-c59ffc5219a6,8273c233-dabf-5802-9d16-0a7e93018064,in_transit,scheduled,2024-10-04 00:14:49+00,2024-10-04 00:52:49+00,carrier_feed
6e15ef51-9454-5233-8aa4-8f62813273d5,8273c233-dabf-5802-9d16-0a7e93018064,delivered,in_transit,2024-10-08 16:20:07+00,2024-10-08 16:30:07+00,carrier_feed
57d0d10a-8146-52fc-8154-2db8c08b97ae,7ddc71e8-b9cf-5333-a10b-f9295e82baa1,scheduled,,2024-08-14 20:47:32+00,2024-08-14 21:15:32+00,carrier_feed
11b2f4b8-65d3-59c0-afad-7d0432728beb,7ddc71e8-b9cf-5333-a10b-f9295e82baa1,in_transit,scheduled,2024-08-17 01:21:44+00,2024-08-17 02:02:44+00,carrier_feed
93a4f78d-473f-5dda-83b3-8a88e8bf31d6,7ddc71e8-b9cf-5333-a10b-f9295e82baa1,delivered,in_transit,2024-08-21 07:39:10+00,2024-08-21 07:48:10+00,carrier_feed
48116f0a-a8f4-56f1-9aca-3b4b44c855e7,376d15ab-64d7-5768-b86a-6b6c3b8eaf45,scheduled,,2024-09-11 00:34:42+00,2024-09-11 01:05:42+00,carrier_feed
41acc078-5fbe-5e63-8fac-864eb1a62955,376d15ab-64d7-5768-b86a-6b6c3b8eaf45,in_transit,scheduled,2024-09-13 05:00:32+00,2024-09-13 05:30:32+00,carrier_feed
2f45f8db-d90c-5f6a-b29c-73a8e356a581,376d15ab-64d7-5768-b86a-6b6c3b8eaf45,delivered,in_transit,2024-09-22 01:29:04+00,2024-09-22 01:56:04+00,carrier_feed
350fa8da-db18-52c7-a067-5bf3cd00db45,9318da7f-e89a-59f6-91f2-9480ada56ccc,scheduled,,2024-09-30 18:13:18+00,2024-09-30 18:39:18+00,carrier_feed
2e39079b-9a41-5d56-be3b-f6d278e5cd29,9318da7f-e89a-59f6-91f2-9480ada56ccc,in_transit,scheduled,2024-10-02 03:42:55+00,2024-10-02 04:27:55+00,carrier_feed
0a24ee16-f8e9-5a61-97cb-d89857666252,9318da7f-e89a-59f6-91f2-9480ada56ccc,delivered,in_transit,2024-10-07 19:47:13+00,2024-10-07 19:57:13+00,carrier_feed
462bb663-00e2-5391-b37d-47200e13b112,d116878d-519d-5adf-a4b4-1fc0334e1a8b,scheduled,,2024-02-19 19:57:18+00,2024-02-19 20:30:18+00,carrier_feed
7a21733c-268a-5111-a403-4abfdcaf4ee3,d116878d-519d-5adf-a4b4-1fc0334e1a8b,in_transit,scheduled,2024-02-22 02:30:11+00,2024-02-22 02:44:11+00,carrier_feed
d08c27b7-770c-5ece-9ce8-778721321e8d,d116878d-519d-5adf-a4b4-1fc0334e1a8b,delivered,in_transit,2024-02-25 18:42:05+00,2024-02-25 19:22:05+00,carrier_feed
56f1d479-9275-50e3-b879-f27903c79f65,f5e6a0bc-8507-50d9-9ec9-cf891b63fdf9,scheduled,,2024-11-17 15:19:04+00,2024-11-17 15:48:04+00,carrier_feed
21a36e54-4ae9-596c-bfa2-71c058b51959,f5e6a0bc-8507-50d9-9ec9-cf891b63fdf9,in_transit,scheduled,2024-11-17 16:58:46+00,2024-11-17 17:19:46+00,carrier_feed
11324c93-6e8f-5734-a7b6-204e5ed2fe06,f5e6a0bc-8507-50d9-9ec9-cf891b63fdf9,delivered,in_transit,2024-11-26 02:35:11+00,2024-11-26 02:49:11+00,carrier_feed
f363bdd0-e1a1-51f2-80e1-f7e7b049c561,453479b9-91a6-51a6-9fbf-23ef1713975a,scheduled,,2024-01-07 02:34:51+00,2024-01-07 02:43:51+00,carrier_feed
9625679c-031c-5ba9-91b8-042c77ed335c,453479b9-91a6-51a6-9fbf-23ef1713975a,in_transit,scheduled,2024-01-10 04:54:53+00,2024-01-10 05:12:53+00,carrier_feed
8c7eeaff-08da-59e2-9365-3d8a7889ddcc,453479b9-91a6-51a6-9fbf-23ef1713975a,delivered,in_transit,2024-01-14 13:30:33+00,2024-01-14 14:02:33+00,carrier_feed
896cc9f3-bef3-5631-9834-c245041dcfe6,608135ff-33cd-59e8-bd75-37b8e3cc99b8,scheduled,,2024-06-22 00:20:44+00,2024-06-22 00:28:44+00,carrier_feed
935afb08-6b33-51b0-9f27-23ef2542590e,608135ff-33cd-59e8-bd75-37b8e3cc99b8,in_transit,scheduled,2024-06-22 09:51:32+00,2024-06-22 10:03:32+00,carrier_feed
1ce33255-e8af-5165-9c75-e2ed9784843e,608135ff-33cd-59e8-bd75-37b8e3cc99b8,delivered,in_transit,2024-06-27 04:15:31+00,2024-06-27 04:50:31+00,carrier_feed
1dd2250f-ef6b-50cb-b1c5-9deedf9ee405,8b82e4c2-4474-5578-978f-02f54ce1ddd8,scheduled,,2024-10-22 10:17:03+00,2024-10-22 10:27:03+00,carrier_feed
34a422ac-bc01-517f-85de-3a0d978e75cf,8b82e4c2-4474-5578-978f-02f54ce1ddd8,in_transit,scheduled,2024-10-23 17:54:49+00,2024-10-23 18:18:49+00,carrier_feed
a0fbfc90-c30b-5683-aed3-3fc1ce211473,8b82e4c2-4474-5578-978f-02f54ce1ddd8,delivered,in_transit,2024-10-30 13:59:24+00,2024-10-30 14:34:24+00,carrier_feed
9c20bdfb-8948-5313-8b38-7abe8309b44b,f7e48d13-be67-5f5e-bda1-2d35d6f3609f,scheduled,,2024-05-22 21:20:48+00,2024-05-22 21:35:48+00,carrier_feed
e01227b8-98cc-52a3-87c3-bb87e0c5c2c8,f7e48d13-be67-5f5e-bda1-2d35d6f3609f,in_transit,scheduled,2024-05-22 22:30:58+00,2024-05-22 22:46:58+00,carrier_feed
91ad6e88-2cd3-59d5-ae36-02860512ac7d,f7e48d13-be67-5f5e-bda1-2d35d6f3609f,delivered,in_transit,2024-05-26 17:42:21+00,2024-05-26 17:55:21+00,carrier_feed
6fc9d6e6-4165-5be0-b8bd-1614bfd75931,e45008e2-705a-5ebd-a83b-7ff3499f4cf9,scheduled,,2024-06-27 20:24:09+00,2024-06-27 21:07:09+00,carrier_feed
6fac0e6d-e123-504d-80f4-18cc6f9b47a0,e45008e2-705a-5ebd-a83b-7ff3499f4cf9,in_transit,scheduled,2024-06-28 05:08:30+00,2024-06-28 05:31:30+00,carrier_feed
ff351714-01f4-5f27-8d4d-88620123f080,e45008e2-705a-5ebd-a83b-7ff3499f4cf9,delivered,in_transit,2024-07-02 12:34:47+00,2024-07-02 13:00:47+00,carrier_feed
1a40ea6d-7ac4-5f22-b249-e8545fd404b2,3d976c26-7923-5811-9af6-a144e45e8cf8,scheduled,,2024-09-03 16:14:54+00,2024-09-03 16:31:54+00,carrier_feed
ef5d84f2-ca68-595f-be14-4b00f4aeb85e,3d976c26-7923-5811-9af6-a144e45e8cf8,in_transit,scheduled,2024-09-03 22:17:23+00,2024-09-03 22:28:23+00,carrier_feed
9a91fa7e-2942-5cd1-8539-4c0f6d11ac95,3d976c26-7923-5811-9af6-a144e45e8cf8,delayed,in_transit,2024-09-13 04:57:48+00,2024-09-13 05:38:48+00,carrier_feed
b516832f-3c36-5f1b-bfd8-e67bef199068,3d976c26-7923-5811-9af6-a144e45e8cf8,delivered,delayed,2024-09-17 22:46:23+00,2024-09-17 23:16:23+00,carrier_feed
2732940a-1fb1-5219-bb79-cdcf6ac748a9,ccc6ab23-3c8c-5d5c-9d6f-f10750f84f3a,scheduled,,2024-03-06 10:04:18+00,2024-03-06 10:29:18+00,carrier_feed
442bf199-ce28-5bc6-a85c-d13258153ecf,ccc6ab23-3c8c-5d5c-9d6f-f10750f84f3a,in_transit,scheduled,2024-03-09 14:05:49+00,2024-03-09 14:15:49+00,carrier_feed
f1ad90a6-8aaf-51d4-80ca-7cb631f4106f,ccc6ab23-3c8c-5d5c-9d6f-f10750f84f3a,delivered,in_transit,2024-03-14 23:14:01+00,2024-03-14 23:43:01+00,carrier_feed
3e16631e-d640-5de9-8803-6172c16384c9,b70185ae-bd84-5810-9c12-a5f33689a415,scheduled,,2024-03-11 11:19:40+00,2024-03-11 11:42:40+00,carrier_feed
bd447a67-0a26-5538-a2b9-94b8f2471ffb,b70185ae-bd84-5810-9c12-a5f33689a415,in_transit,scheduled,2024-03-14 19:58:53+00,2024-03-14 20:21:53+00,carrier_feed
ade83fb2-b1b4-55b9-ba12-6f2804bf3bc7,b70185ae-bd84-5810-9c12-a5f33689a415,delivered,in_transit,2024-03-17 20:04:25+00,2024-03-17 20:15:25+00,carrier_feed
6b75c6ab-ac17-5154-8083-da0b67b99c70,9e5b426a-1893-5628-81ba-7f3be672092f,scheduled,,2024-02-14 21:46:58+00,2024-02-14 22:26:58+00,carrier_feed
7225f65d-1bd4-5eec-b309-b2165ea26a31,9e5b426a-1893-5628-81ba-7f3be672092f,in_transit,scheduled,2024-02-17 02:21:15+00,2024-02-17 02:26:15+00,carrier_feed
f7cc7876-fcdb-5c9b-9bed-17655aa61479,9e5b426a-1893-5628-81ba-7f3be672092f,delivered,in_transit,2024-02-23 06:02:03+00,2024-02-23 06:28:03+00,carrier_feed
b9dc9086-cfb7-55fc-bb0e-1c0b15d64b07,da7eaab6-8202-544b-b44f-ba64519cba3f,scheduled,,2024-10-06 14:28:21+00,2024-10-06 14:50:21+00,carrier_feed
2fd466b3-250d-51e1-8eed-a0b1dff00337,da7eaab6-8202-544b-b44f-ba64519cba3f,in_transit,scheduled,2024-10-08 18:03:30+00,2024-10-08 18:08:30+00,carrier_feed
15b67460-b6e7-5bce-9600-a2746b070c56,da7eaab6-8202-544b-b44f-ba64519cba3f,delivered,in_transit,2024-10-13 15:37:53+00,2024-10-13 15:43:53+00,carrier_feed
59266d9e-f697-5290-a699-14c66ef157d8,d790b380-b890-595b-9b7b-496763f9cc7b,scheduled,,2024-10-28 00:26:44+00,2024-10-28 01:04:44+00,carrier_feed
5267ba4e-45e6-53ef-abf3-0de8f0083fc6,d790b380-b890-595b-9b7b-496763f9cc7b,in_transit,scheduled,2024-10-30 02:10:12+00,2024-10-30 02:35:12+00,carrier_feed
6c546943-a45b-50d6-a008-9894682f448a,d790b380-b890-595b-9b7b-496763f9cc7b,delivered,in_transit,2024-11-07 22:19:41+00,2024-11-07 22:38:41+00,carrier_feed
ae7fd7f9-145c-5d09-8bde-60f01a0156c5,c4677cd1-4161-5ca0-bb0c-19f1b1377283,scheduled,,2024-03-05 15:06:10+00,2024-03-05 15:44:10+00,carrier_feed
eb09df1b-f7ec-58d1-8ade-c65f32042ef4,c4677cd1-4161-5ca0-bb0c-19f1b1377283,in_transit,scheduled,2024-03-08 17:43:22+00,2024-03-08 17:48:22+00,carrier_feed
8d29a5d6-e436-5225-8525-7c3b3450f52a,c4677cd1-4161-5ca0-bb0c-19f1b1377283,delivered,in_transit,2024-03-16 21:13:35+00,2024-03-16 21:56:35+00,carrier_feed
55b5afc7-1d35-5d2a-9fdb-63a01142eda2,c3193556-e191-56fd-8227-a805caa5a2d2,scheduled,,2024-03-17 13:37:00+00,2024-03-17 13:59:00+00,carrier_feed
3ebdf7d9-941b-5209-a413-f42260fb59be,c3193556-e191-56fd-8227-a805caa5a2d2,in_transit,scheduled,2024-03-17 20:48:07+00,2024-03-17 21:03:07+00,carrier_feed
ddc48a1f-ae31-5edf-9809-3dbc6dcf2822,c3193556-e191-56fd-8227-a805caa5a2d2,delivered,in_transit,2024-03-25 14:49:07+00,2024-03-25 14:55:07+00,carrier_feed
fea0c358-511a-5338-8371-5dcc65a55c82,20e0e85a-11c6-52ab-9b77-1c51e60a3240,scheduled,,2024-12-04 02:37:36+00,2024-12-04 03:11:36+00,carrier_feed
154a6b61-9600-5a83-b9f6-3058c05cb6e6,20e0e85a-11c6-52ab-9b77-1c51e60a3240,in_transit,scheduled,2024-12-05 10:45:47+00,2024-12-05 11:29:47+00,carrier_feed
f6a9c6c2-2970-5b6b-a31b-b5eb4e1a1b9a,20e0e85a-11c6-52ab-9b77-1c51e60a3240,delivered,in_transit,2024-12-07 22:07:49+00,2024-12-07 22:37:49+00,carrier_feed
dbc3cebb-48f5-52a3-8f95-09c9b6700851,75672cac-b7bd-5281-be36-a47919a26b4a,scheduled,,2024-09-18 00:54:10+00,2024-09-18 01:05:10+00,carrier_feed
37535719-6533-5679-8cfb-c26d44c78f4b,75672cac-b7bd-5281-be36-a47919a26b4a,in_transit,scheduled,2024-09-21 06:35:51+00,2024-09-21 07:19:51+00,carrier_feed
3f0c5d13-836b-5e57-8bc8-1d34698ca93c,75672cac-b7bd-5281-be36-a47919a26b4a,delivered,in_transit,2024-09-26 19:15:56+00,2024-09-26 19:57:56+00,carrier_feed
88eaa7e9-be46-5c85-88a9-312c60d817bd,a6dcb6f7-b1e4-5365-834c-c6be2a6a61d2,scheduled,,2024-10-25 15:23:06+00,2024-10-25 15:30:06+00,carrier_feed
807598ba-375a-596c-9339-bf1c996ff870,a6dcb6f7-b1e4-5365-834c-c6be2a6a61d2,in_transit,scheduled,2024-10-26 17:39:18+00,2024-10-26 18:24:18+00,carrier_feed
acb3c65a-7653-54b1-8fd1-4cf567e938a8,a6dcb6f7-b1e4-5365-834c-c6be2a6a61d2,delivered,in_transit,2024-11-03 09:22:58+00,2024-11-03 10:06:58+00,carrier_feed
63dd9c98-e826-5919-810f-f5aadc27b00a,b2e10746-0f93-5ab2-87dd-110f2676c08e,scheduled,,2024-08-15 21:48:18+00,2024-08-15 22:22:18+00,carrier_feed
5b406ebb-379b-5f6f-95aa-012b7a735872,b2e10746-0f93-5ab2-87dd-110f2676c08e,in_transit,scheduled,2024-08-19 05:50:07+00,2024-08-19 06:32:07+00,carrier_feed
79557ce5-0530-5622-9948-b0c2ad8073cb,b2e10746-0f93-5ab2-87dd-110f2676c08e,delivered,in_transit,2024-08-23 11:02:22+00,2024-08-23 11:41:22+00,carrier_feed
56c2384e-c49c-5095-92ec-195c4e03d3f9,171d39dc-c758-5e65-a867-c7aeea027269,scheduled,,2024-10-04 17:38:33+00,2024-10-04 18:20:33+00,carrier_feed
f7517ed4-a1d5-514d-9f1a-cece24b56990,171d39dc-c758-5e65-a867-c7aeea027269,in_transit,scheduled,2024-10-06 23:20:00+00,2024-10-06 23:52:00+00,carrier_feed
a587ac71-9ca3-51cd-bc0b-0a4baefe4e8e,171d39dc-c758-5e65-a867-c7aeea027269,delivered,in_transit,2024-10-09 17:38:32+00,2024-10-09 18:04:32+00,carrier_feed
c0c81ff1-33ce-5d92-8abd-635f48a5af39,66475e2c-3ea9-53f0-89b1-89637709f8d5,scheduled,,2024-10-19 00:58:57+00,2024-10-19 01:39:57+00,carrier_feed
5a24fc2a-65de-59a7-90f7-9a939d4589d8,66475e2c-3ea9-53f0-89b1-89637709f8d5,in_transit,scheduled,2024-10-19 04:04:05+00,2024-10-19 04:14:05+00,carrier_feed
1aed771b-60a4-5d17-8515-46456aed49c8,66475e2c-3ea9-53f0-89b1-89637709f8d5,delivered,in_transit,2024-10-27 11:11:42+00,2024-10-27 11:30:42+00,carrier_feed
451c7d06-1410-58c1-9298-36680cb4925a,4d0b6466-00a2-58f6-b35d-adb1bbf81426,scheduled,,2024-07-12 18:18:47+00,2024-07-12 18:29:47+00,carrier_feed
3525846f-3769-554d-978b-6435e2992c7e,4d0b6466-00a2-58f6-b35d-adb1bbf81426,in_transit,scheduled,2024-07-14 22:26:33+00,2024-07-14 22:37:33+00,carrier_feed
882dd9b6-5d6c-5aeb-8134-cb50fb06c841,4d0b6466-00a2-58f6-b35d-adb1bbf81426,delivered,in_transit,2024-07-20 03:02:34+00,2024-07-20 03:42:34+00,carrier_feed
e7b90576-2b48-5a6e-959c-08522538833a,4e76488a-d3c2-5068-95af-59ee7ae4d555,scheduled,,2024-03-22 21:03:31+00,2024-03-22 21:39:31+00,carrier_feed
f91afb55-f465-5068-946b-ecb5816b6a25,4e76488a-d3c2-5068-95af-59ee7ae4d555,in_transit,scheduled,2024-03-24 06:09:52+00,2024-03-24 06:15:52+00,carrier_feed
121e6d6a-dded-584d-a061-31271b73dc17,4e76488a-d3c2-5068-95af-59ee7ae4d555,delivered,in_transit,2024-04-01 00:40:30+00,2024-04-01 01:18:30+00,carrier_feed
118d69b9-dd88-571f-be7c-26c1cc1963a3,341e6fd2-758c-5bac-82e2-d1bf669f1b19,scheduled,,2024-06-23 23:05:58+00,2024-06-23 23:39:58+00,carrier_feed
32b5c199-d558-5a5b-9e93-9fe8ea46ec02,341e6fd2-758c-5bac-82e2-d1bf669f1b19,in_transit,scheduled,2024-06-27 04:08:52+00,2024-06-27 04:46:52+00,carrier_feed
d81f6e46-84f1-59b4-abf0-42e2dc2548b6,341e6fd2-758c-5bac-82e2-d1bf669f1b19,delivered,in_transit,2024-07-04 03:22:45+00,2024-07-04 03:31:45+00,carrier_feed
ab533aeb-3fb6-5307-baf3-8c3ac7950b9a,792fd0ea-50e6-511f-b82a-a9dc0d0e2bbf,scheduled,,2024-09-19 16:29:22+00,2024-09-19 16:55:22+00,carrier_feed
09864755-e0e0-510f-9964-09c5a97af28d,792fd0ea-50e6-511f-b82a-a9dc0d0e2bbf,in_transit,scheduled,2024-09-20 00:40:14+00,2024-09-20 01:13:14+00,carrier_feed
7257ddd0-6a00-5172-b705-726efe816538,792fd0ea-50e6-511f-b82a-a9dc0d0e2bbf,delivered,in_transit,2024-09-26 08:51:32+00,2024-09-26 09:12:32+00,carrier_feed
4121d443-ca6a-5383-a1ae-24bbc0c5aeee,f2351798-edfa-5c5d-9da9-5e97e0e44755,scheduled,,2024-06-29 23:13:17+00,2024-06-29 23:55:17+00,carrier_feed
0fbfc2a2-6339-571c-abeb-7752fdc3ae55,f2351798-edfa-5c5d-9da9-5e97e0e44755,in_transit,scheduled,2024-07-02 08:35:33+00,2024-07-02 08:47:33+00,carrier_feed
b8e0fcbd-3b4c-5814-bc8d-eb46ee60de8b,f2351798-edfa-5c5d-9da9-5e97e0e44755,delivered,in_transit,2024-07-10 08:36:51+00,2024-07-10 09:08:51+00,carrier_feed
d7cfc116-e5b8-54e6-b52e-5295f00e6d29,89389a66-7fb5-5749-b413-c44a929c4864,scheduled,,2024-10-24 16:00:13+00,2024-10-24 16:36:13+00,carrier_feed
025dbcfe-832f-54d5-b2aa-cf684d2f387a,89389a66-7fb5-5749-b413-c44a929c4864,in_transit,scheduled,2024-10-27 21:06:16+00,2024-10-27 21:15:16+00,carrier_feed
c9a6e3cc-8ed4-5175-9e9b-21288d57ed5b,89389a66-7fb5-5749-b413-c44a929c4864,delayed,in_transit,2024-11-05 03:13:56+00,2024-11-05 03:45:56+00,carrier_feed
82fcf42f-dd9a-58fc-8b9f-91338ce4279d,89389a66-7fb5-5749-b413-c44a929c4864,delivered,delayed,2024-11-08 21:46:42+00,2024-11-08 22:11:42+00,carrier_feed
0db630f7-1955-5bc0-9dba-737bf742265a,21f05bc7-dbf3-5638-a0d6-b033293fdd65,scheduled,,2024-10-03 01:40:46+00,2024-10-03 02:12:46+00,carrier_feed
81ee2625-fd1c-5874-959a-5c055e75135e,21f05bc7-dbf3-5638-a0d6-b033293fdd65,in_transit,scheduled,2024-10-06 08:49:48+00,2024-10-06 09:24:48+00,carrier_feed
eea2ee36-17de-518d-8ac0-b42d0a321e85,21f05bc7-dbf3-5638-a0d6-b033293fdd65,delayed,in_transit,2024-10-15 15:18:33+00,2024-10-15 15:26:33+00,carrier_feed
ded9131f-e906-5884-9e06-28552c985fa9,21f05bc7-dbf3-5638-a0d6-b033293fdd65,delivered,delayed,2024-10-22 09:01:45+00,2024-10-22 09:42:45+00,carrier_feed
1cc97b09-e55f-55bf-9ebc-e16d8f545b6b,b9c4755b-c793-5564-ade7-e9157c680a59,scheduled,,2024-05-25 17:22:31+00,2024-05-25 18:00:31+00,carrier_feed
46d98eba-a6a5-5d4f-a0f7-b409f7763e05,b9c4755b-c793-5564-ade7-e9157c680a59,in_transit,scheduled,2024-05-28 21:06:20+00,2024-05-28 21:38:20+00,carrier_feed
225aa1c4-0b51-540b-9a99-d52b670c4feb,b9c4755b-c793-5564-ade7-e9157c680a59,delivered,in_transit,2024-06-01 05:39:24+00,2024-06-01 06:11:24+00,carrier_feed
0a6466ad-6725-5288-ba5e-d3135154048b,ba9e03da-7740-50a9-bad2-87164e803b1f,scheduled,,2024-02-24 16:57:55+00,2024-02-24 17:33:55+00,carrier_feed
077df81e-39c3-5666-a61e-7cc73102f072,ba9e03da-7740-50a9-bad2-87164e803b1f,in_transit,scheduled,2024-02-26 20:42:48+00,2024-02-26 21:21:48+00,carrier_feed
27f65b10-4404-5dd0-bc6f-39ab7baea300,ba9e03da-7740-50a9-bad2-87164e803b1f,delivered,in_transit,2024-03-05 15:10:38+00,2024-03-05 15:49:38+00,carrier_feed
aacaf0d0-06b1-5744-95c9-8b5fc6c79124,f2861959-a373-5c1e-9c03-dda863af1a95,scheduled,,2024-11-16 15:45:13+00,2024-11-16 16:11:13+00,carrier_feed
926d6cc6-9f8b-5ba0-a874-57ad5c992586,f2861959-a373-5c1e-9c03-dda863af1a95,in_transit,scheduled,2024-11-18 19:45:49+00,2024-11-18 19:57:49+00,carrier_feed
fa203a54-9536-53e6-8e78-d36c5edc6aab,f2861959-a373-5c1e-9c03-dda863af1a95,delayed,in_transit,2024-11-23 01:49:49+00,2024-11-23 02:21:49+00,carrier_feed
59a217e1-b9db-5c6e-9a15-fa33d80b0808,f2861959-a373-5c1e-9c03-dda863af1a95,delivered,delayed,2024-12-07 20:13:28+00,2024-12-07 20:53:28+00,carrier_feed
78304d35-80cf-5f97-94b4-9af37a9687bb,ee1e43e7-4d92-59d5-b8e5-1462c44b5922,scheduled,,2024-07-15 23:08:37+00,2024-07-15 23:24:37+00,carrier_feed
2f30ad4e-49ef-5754-b079-e15b55ba6e69,ee1e43e7-4d92-59d5-b8e5-1462c44b5922,in_transit,scheduled,2024-07-18 03:34:14+00,2024-07-18 03:40:14+00,carrier_feed
76657e57-2667-5601-8b13-15f0a46928ac,ee1e43e7-4d92-59d5-b8e5-1462c44b5922,delivered,in_transit,2024-07-20 00:55:16+00,2024-07-20 01:12:16+00,carrier_feed
d813e588-001e-53c6-9f08-e3ee56732197,abff1bfc-9ec1-5028-a80c-a2f7b2845592,scheduled,,2024-10-30 20:07:26+00,2024-10-30 20:47:26+00,carrier_feed
31953a9a-ed39-5f12-96b6-38de9ac3947b,abff1bfc-9ec1-5028-a80c-a2f7b2845592,in_transit,scheduled,2024-11-02 05:12:50+00,2024-11-02 05:40:50+00,carrier_feed
45d80f19-164b-56ed-9425-7b607c85a642,abff1bfc-9ec1-5028-a80c-a2f7b2845592,delivered,in_transit,2024-11-10 03:42:50+00,2024-11-10 03:56:50+00,carrier_feed
0b4090ca-36c8-5e12-9035-995c303e003c,acc89605-5380-5748-af1d-0196994e3495,scheduled,,2024-10-19 00:54:25+00,2024-10-19 01:32:25+00,carrier_feed
179dd982-999a-51e4-beda-056df6b18ddb,acc89605-5380-5748-af1d-0196994e3495,in_transit,scheduled,2024-10-21 10:31:44+00,2024-10-21 10:59:44+00,carrier_feed
26ca06cf-fb62-5ffc-8070-0116b55b8e3c,acc89605-5380-5748-af1d-0196994e3495,delivered,in_transit,2024-10-30 00:10:38+00,2024-10-30 00:44:38+00,carrier_feed
413df5f0-3e7e-5476-b06c-ae7728299a89,d345e3bf-ab36-5a58-8cf9-f708ad8aaf3f,scheduled,,2024-10-05 21:02:46+00,2024-10-05 21:46:46+00,carrier_feed
b692883d-8bd0-5437-bb64-67fb13e5a8e8,d345e3bf-ab36-5a58-8cf9-f708ad8aaf3f,in_transit,scheduled,2024-10-09 04:13:09+00,2024-10-09 04:37:09+00,carrier_feed
4500d75d-93ec-5ee9-8610-9e6a5da081d8,d345e3bf-ab36-5a58-8cf9-f708ad8aaf3f,delivered,in_transit,2024-10-12 22:21:49+00,2024-10-12 22:29:49+00,carrier_feed
048c7716-3265-5721-a7d5-6c593050f7cf,b151356d-64ef-5765-a8bf-065b48da47b1,scheduled,,2024-05-16 18:58:49+00,2024-05-16 19:07:49+00,carrier_feed
bc5252ba-eca3-52bb-9a82-25b9cb121bd6,b151356d-64ef-5765-a8bf-065b48da47b1,in_transit,scheduled,2024-05-20 00:38:46+00,2024-05-20 01:04:46+00,carrier_feed
b3445bf7-dd1b-59dc-8e92-10c5f284c54b,b151356d-64ef-5765-a8bf-065b48da47b1,delayed,in_transit,2024-05-29 06:50:39+00,2024-05-29 07:13:39+00,carrier_feed
0a6246bc-b582-5ff6-9728-7c4d7fc14eff,b151356d-64ef-5765-a8bf-065b48da47b1,delivered,delayed,2024-06-01 01:11:50+00,2024-06-01 01:21:50+00,carrier_feed
27c11d68-ea4a-54ef-a5ec-41395d3efc22,cd7da45b-e5a8-5526-83b6-93e751b21b1b,scheduled,,2024-10-10 22:23:22+00,2024-10-10 22:51:22+00,carrier_feed
1c91cd48-b44a-54b8-a7d3-5ba729f5e920,cd7da45b-e5a8-5526-83b6-93e751b21b1b,in_transit,scheduled,2024-10-14 01:34:41+00,2024-10-14 01:40:41+00,carrier_feed
3d73cc96-3207-5313-a4f1-c66c04d8a0f8,cd7da45b-e5a8-5526-83b6-93e751b21b1b,delivered,in_transit,2024-10-20 08:17:00+00,2024-10-20 08:47:00+00,carrier_feed
b40415e7-3663-58e5-82c8-ed535cb78212,498d81eb-ae56-5a52-acb3-5dc13f74cff2,scheduled,,2024-10-20 14:02:16+00,2024-10-20 14:39:16+00,carrier_feed
a20b333f-e87c-53a0-b5c8-2c183d510621,498d81eb-ae56-5a52-acb3-5dc13f74cff2,in_transit,scheduled,2024-10-23 17:15:10+00,2024-10-23 17:57:10+00,carrier_feed
37fabb1e-05b6-512b-9918-0e9028444bb4,498d81eb-ae56-5a52-acb3-5dc13f74cff2,delivered,in_transit,2024-10-26 05:56:49+00,2024-10-26 06:36:49+00,carrier_feed
7d1edaaa-4827-5c7e-b9bf-6792dc0844fa,4d0f2160-ce82-528b-969c-c440e35ffae5,scheduled,,2024-10-20 17:56:45+00,2024-10-20 18:22:45+00,carrier_feed
b68c2e50-35eb-51bf-83cf-5d992873e80b,4d0f2160-ce82-528b-969c-c440e35ffae5,in_transit,scheduled,2024-10-21 22:18:38+00,2024-10-21 22:28:38+00,carrier_feed
094961fe-dbd8-5efc-adb9-174ae7761551,4d0f2160-ce82-528b-969c-c440e35ffae5,delivered,in_transit,2024-10-27 23:51:13+00,2024-10-28 00:02:13+00,carrier_feed
5f7ecad2-0a7d-5905-9dc9-e7aad7f0f8eb,fc641094-d13f-5c9d-a485-6757b1be13af,scheduled,,2024-07-29 22:24:51+00,2024-07-29 23:03:51+00,carrier_feed
596a069e-52d0-5f05-8b3f-373b2ea11053,fc641094-d13f-5c9d-a485-6757b1be13af,in_transit,scheduled,2024-08-01 05:25:41+00,2024-08-01 06:05:41+00,carrier_feed
705d4ddc-6de2-5f09-b82e-049a9685dd3c,fc641094-d13f-5c9d-a485-6757b1be13af,delivered,in_transit,2024-08-07 22:43:04+00,2024-08-07 22:53:04+00,carrier_feed
63dc7330-4cc0-51a1-92da-95444f67e357,01f4c943-afe3-55bb-ab9c-e2f510114e0a,scheduled,,2024-03-13 02:12:09+00,2024-03-13 02:22:09+00,carrier_feed
47eb0b68-00ec-512b-8fe4-47bf44101c1d,01f4c943-afe3-55bb-ab9c-e2f510114e0a,in_transit,scheduled,2024-03-13 08:25:48+00,2024-03-13 08:54:48+00,carrier_feed
e53d27fe-d421-584e-aacd-102221c74961,01f4c943-afe3-55bb-ab9c-e2f510114e0a,delivered,in_transit,2024-03-19 09:38:44+00,2024-03-19 10:14:44+00,carrier_feed
9a1087dd-098c-5072-9e12-007113da6916,92cc36ca-89a8-5acb-8731-0478d678b325,scheduled,,2024-07-01 18:48:37+00,2024-07-01 19:27:37+00,carrier_feed
6aa59d3f-f527-599f-88fc-b4f6fbf4fd33,92cc36ca-89a8-5acb-8731-0478d678b325,in_transit,scheduled,2024-07-01 21:08:23+00,2024-07-01 21:44:23+00,carrier_feed
960168fa-f7d7-5bba-83ef-d682a2641a32,92cc36ca-89a8-5acb-8731-0478d678b325,delivered,in_transit,2024-07-04 01:53:19+00,2024-07-04 02:10:19+00,carrier_feed
a99ef577-fa30-50b4-a218-3c8cfb440bb0,3e033767-83ca-56ed-95ce-52e9b4ba108c,scheduled,,2024-11-19 23:44:20+00,2024-11-20 00:06:20+00,carrier_feed
70cc7c18-1ed7-55f3-a244-076e357aba85,3e033767-83ca-56ed-95ce-52e9b4ba108c,in_transit,scheduled,2024-11-22 03:46:38+00,2024-11-22 04:23:38+00,carrier_feed
25de6fb0-b6b2-5d2b-a22a-d11cb16259ca,3e033767-83ca-56ed-95ce-52e9b4ba108c,delivered,in_transit,2024-11-29 05:25:08+00,2024-11-29 05:33:08+00,carrier_feed
68a69452-9eb7-5d03-956c-ac6b3bb88d2d,e224660e-0b8b-56e8-bdb4-b980a7787058,scheduled,,2024-01-06 02:27:38+00,2024-01-06 03:07:38+00,carrier_feed
dbbb5a1d-82cc-533a-9d44-1b96c6978a17,e224660e-0b8b-56e8-bdb4-b980a7787058,in_transit,scheduled,2024-01-09 08:38:01+00,2024-01-09 09:03:01+00,carrier_feed
ddb15fb4-18dc-53b0-bfeb-a75bfcb70bfb,e224660e-0b8b-56e8-bdb4-b980a7787058,delivered,in_transit,2024-01-12 07:15:07+00,2024-01-12 07:27:07+00,carrier_feed
22fbc402-fcab-57f3-86f0-e3bac85d7203,8105f65a-fafb-5449-891e-52ddc084de2b,scheduled,,2024-06-24 17:45:53+00,2024-06-24 18:06:53+00,carrier_feed
669cf2da-f542-50c6-868b-6e9b939d7fe2,8105f65a-fafb-5449-891e-52ddc084de2b,in_transit,scheduled,2024-06-27 01:06:10+00,2024-06-27 01:50:10+00,carrier_feed
bcaafd11-c0a1-515f-8ac6-43fa7a0cabd5,8105f65a-fafb-5449-891e-52ddc084de2b,delivered,in_transit,2024-07-03 00:15:24+00,2024-07-03 00:45:24+00,carrier_feed
8f164e01-d6f5-55ba-8d1c-2e0a9849af5d,df1076d9-98d1-5e2a-825c-4264b6f008da,scheduled,,2024-10-23 02:30:29+00,2024-10-23 03:01:29+00,carrier_feed
70649646-8169-5f84-a617-b6e91ebd647d,df1076d9-98d1-5e2a-825c-4264b6f008da,in_transit,scheduled,2024-10-24 04:05:53+00,2024-10-24 04:38:53+00,carrier_feed
2aaf4ee4-4d2a-5eb5-b545-3be9c2b6d08e,df1076d9-98d1-5e2a-825c-4264b6f008da,delayed,in_transit,2024-11-01 10:38:57+00,2024-11-01 11:06:57+00,carrier_feed
5ccb9d2e-b965-5809-a658-09c99f1b8f10,df1076d9-98d1-5e2a-825c-4264b6f008da,delivered,delayed,2024-11-07 04:44:48+00,2024-11-07 05:18:48+00,carrier_feed
4bc3d919-4c13-534e-8501-0f979c5842ce,bb8d973d-043f-5bd7-b926-29ed84373df8,scheduled,,2024-10-05 01:25:17+00,2024-10-05 01:36:17+00,carrier_feed
965d78f7-5bee-5e94-b148-8d285e3a3dfc,bb8d973d-043f-5bd7-b926-29ed84373df8,in_transit,scheduled,2024-10-08 05:04:05+00,2024-10-08 05:33:05+00,carrier_feed
22f8c0f1-77ac-5b08-b00a-9915875fb887,bb8d973d-043f-5bd7-b926-29ed84373df8,delivered,in_transit,2024-10-14 03:41:18+00,2024-10-14 04:22:18+00,carrier_feed
0efac8d5-c2b8-5d56-8039-7a412f8c0e52,699e339f-a323-5e19-8dbf-64f2cebfe9fa,scheduled,,2024-04-23 19:38:04+00,2024-04-23 20:03:04+00,carrier_feed
4fa41bd3-a526-5981-8893-5fade3ff84d0,699e339f-a323-5e19-8dbf-64f2cebfe9fa,in_transit,scheduled,2024-04-24 04:23:02+00,2024-04-24 04:46:02+00,carrier_feed
6754d8cf-b936-569c-9ffb-7c2bcaec3b59,699e339f-a323-5e19-8dbf-64f2cebfe9fa,delivered,in_transit,2024-04-27 08:23:13+00,2024-04-27 08:29:13+00,carrier_feed
0f9b19fe-c461-5a27-be94-4e11a2cf3beb,9ea1e536-2d41-520c-880a-7d406adb92bf,scheduled,,2024-04-02 17:15:15+00,2024-04-02 17:28:15+00,carrier_feed
909a2e96-74c8-5938-9478-dfd64759493f,9ea1e536-2d41-520c-880a-7d406adb92bf,in_transit,scheduled,2024-04-05 01:25:41+00,2024-04-05 01:42:41+00,carrier_feed
1afd2794-a00d-5099-8180-6515a0490000,9ea1e536-2d41-520c-880a-7d406adb92bf,delivered,in_transit,2024-04-11 06:09:30+00,2024-04-11 06:20:30+00,carrier_feed
f8616cb0-facd-56fd-98a9-f2cc21ac8a43,db5222cf-2a8f-52c4-acbc-958878efd17a,scheduled,,2024-06-13 18:09:16+00,2024-06-13 18:26:16+00,carrier_feed
69ea66c8-fe39-5428-8be9-7cc3fdae92de,db5222cf-2a8f-52c4-acbc-958878efd17a,in_transit,scheduled,2024-06-16 23:17:29+00,2024-06-16 23:40:29+00,carrier_feed
a8c74ae1-ec81-5641-bffd-69fbfa5d1f09,db5222cf-2a8f-52c4-acbc-958878efd17a,delivered,in_transit,2024-06-25 13:32:52+00,2024-06-25 13:48:52+00,carrier_feed
3a4b09cc-0233-53db-a5f9-a1c47c5beb72,1acc77e5-eba3-50e9-b13b-6e79f1bb00dd,scheduled,,2024-10-02 20:17:22+00,2024-10-02 20:46:22+00,carrier_feed
16d46f61-7fc0-5c0e-ac5a-65b3d8b715b5,1acc77e5-eba3-50e9-b13b-6e79f1bb00dd,in_transit,scheduled,2024-10-02 21:20:54+00,2024-10-02 22:00:54+00,carrier_feed
debf55b1-2e33-57d6-ac21-8021b8908119,1acc77e5-eba3-50e9-b13b-6e79f1bb00dd,delivered,in_transit,2024-10-11 06:34:18+00,2024-10-11 06:51:18+00,carrier_feed
f61c5f59-907d-5a91-a20d-ad9abf66252b,6b795259-d21c-51fc-862c-f27e5df307ea,scheduled,,2024-03-04 09:24:40+00,2024-03-04 10:08:40+00,carrier_feed
08e82d2f-c3f6-592b-add7-a24abb733847,6b795259-d21c-51fc-862c-f27e5df307ea,in_transit,scheduled,2024-03-07 12:03:57+00,2024-03-07 12:32:57+00,carrier_feed
ce160439-7c30-5922-99ab-4eff1c92b1d9,6b795259-d21c-51fc-862c-f27e5df307ea,delivered,in_transit,2024-03-10 07:07:01+00,2024-03-10 07:49:01+00,carrier_feed
63426e54-5251-52a1-b227-94ab1f60b623,14265dd7-d12c-5897-9e98-69008366ac87,scheduled,,2024-07-11 23:00:02+00,2024-07-11 23:44:02+00,carrier_feed
e3f52dc1-ba78-50c0-b8c8-10c291acb093,14265dd7-d12c-5897-9e98-69008366ac87,in_transit,scheduled,2024-07-12 03:35:14+00,2024-07-12 04:02:14+00,carrier_feed
c09cff86-f6ab-527b-b145-899e9c6aaf54,14265dd7-d12c-5897-9e98-69008366ac87,delivered,in_transit,2024-07-20 22:06:36+00,2024-07-20 22:40:36+00,carrier_feed
5bccdfc5-f431-5327-a700-02da81931110,8727d556-9b3b-54ee-9271-2122d61b260d,scheduled,,2024-02-24 01:06:50+00,2024-02-24 01:17:50+00,carrier_feed
64bd6120-41b5-57e3-8bc3-d41bc108b197,8727d556-9b3b-54ee-9271-2122d61b260d,in_transit,scheduled,2024-02-26 09:26:23+00,2024-02-26 09:45:23+00,carrier_feed
f28bbcf3-da68-53c4-bdbf-58f0a79f2b4a,8727d556-9b3b-54ee-9271-2122d61b260d,delivered,in_transit,2024-03-06 09:44:52+00,2024-03-06 10:29:52+00,carrier_feed
995eca8d-db80-59a4-8535-68c7b3b3e5fb,74c4a0bc-852f-50cd-a053-90d853e68106,scheduled,,2024-05-07 17:07:07+00,2024-05-07 17:52:07+00,carrier_feed
7c060ec2-1d2c-5003-882c-b8253671f1ce,74c4a0bc-852f-50cd-a053-90d853e68106,in_transit,scheduled,2024-05-08 21:28:38+00,2024-05-08 22:12:38+00,carrier_feed
6c1243dc-4f35-539e-b5f6-f4c3f8aea7e3,74c4a0bc-852f-50cd-a053-90d853e68106,delivered,in_transit,2024-05-14 16:28:59+00,2024-05-14 16:55:59+00,carrier_feed
d6e135ba-4b4d-5b67-b016-59ff64e567dd,2e2e2210-7941-535a-a743-02a60dedd8f4,scheduled,,2024-10-28 18:31:02+00,2024-10-28 19:05:02+00,carrier_feed
e9c1efdd-a2c0-5043-bec0-1cb58a57f984,2e2e2210-7941-535a-a743-02a60dedd8f4,in_transit,scheduled,2024-10-29 03:14:01+00,2024-10-29 03:20:01+00,carrier_feed
8c28fda7-6fcb-59b1-ba18-447fff7343e3,2e2e2210-7941-535a-a743-02a60dedd8f4,delayed,in_transit,2024-11-01 09:20:08+00,2024-11-01 09:27:08+00,carrier_feed
ed499667-9df1-5dc8-ada0-4b8a4a09ca8f,2e2e2210-7941-535a-a743-02a60dedd8f4,delivered,delayed,2024-11-11 03:38:24+00,2024-11-11 03:49:24+00,carrier_feed
fc65d5d9-cdd5-54d5-bcdc-78a452c7d6b9,0aa18637-dc9a-5510-b8b9-320ffa56cd06,scheduled,,2024-03-17 15:41:28+00,2024-03-17 16:13:28+00,carrier_feed
53bf8c95-d6f7-5c4c-a1e7-9ed2abfe8953,0aa18637-dc9a-5510-b8b9-320ffa56cd06,in_transit,scheduled,2024-03-19 17:59:45+00,2024-03-19 18:39:45+00,carrier_feed
8ece7430-6fd3-5c02-a352-6a692ba6e0ef,0aa18637-dc9a-5510-b8b9-320ffa56cd06,delivered,in_transit,2024-03-28 12:17:12+00,2024-03-28 12:40:12+00,carrier_feed
929d875a-183b-53a5-9791-88868e5bda0f,1983f6c9-28d7-52e7-9998-f73ec0f2d49d,scheduled,,2024-10-09 17:39:52+00,2024-10-09 18:06:52+00,carrier_feed
1541c4d8-c1d8-56d9-9ac7-920f38da6e2d,1983f6c9-28d7-52e7-9998-f73ec0f2d49d,in_transit,scheduled,2024-10-12 00:17:02+00,2024-10-12 00:26:02+00,carrier_feed
4d92b5b6-5555-576d-8695-a8e3827e3ad3,1983f6c9-28d7-52e7-9998-f73ec0f2d49d,delivered,in_transit,2024-10-18 01:23:32+00,2024-10-18 02:08:32+00,carrier_feed
f53327af-c007-5acb-bd67-0405de4dc459,04356460-0137-5b15-922c-52921d606ca5,scheduled,,2024-04-18 00:05:46+00,2024-04-18 00:19:46+00,carrier_feed
ed177e66-872c-53ef-91b6-1f7698b78901,04356460-0137-5b15-922c-52921d606ca5,in_transit,scheduled,2024-04-21 06:22:45+00,2024-04-21 06:37:45+00,carrier_feed
72340b64-2a0c-5734-bb92-fa06c34a1120,04356460-0137-5b15-922c-52921d606ca5,delivered,in_transit,2024-04-29 03:49:56+00,2024-04-29 04:11:56+00,carrier_feed
0092f983-e653-52a8-8ea5-587249010f78,10dd869c-661f-5888-bbdd-54d261ccad9e,scheduled,,2024-03-19 17:30:18+00,2024-03-19 18:15:18+00,carrier_feed
5fe1bd8f-ffd1-5c0b-bed3-718b899e0ce3,10dd869c-661f-5888-bbdd-54d261ccad9e,in_transit,scheduled,2024-03-19 21:31:09+00,2024-03-19 21:39:09+00,carrier_feed
ef94e032-dd59-5108-95e0-aa6be3c6b285,10dd869c-661f-5888-bbdd-54d261ccad9e,delivered,in_transit,2024-03-22 11:52:25+00,2024-03-22 12:08:25+00,carrier_feed
246f3e69-8ee9-5f16-b26e-dc037e7b5f4e,56e7895f-8aef-537b-a2ee-e3297be6c928,scheduled,,2024-09-06 00:44:04+00,2024-09-06 01:03:04+00,carrier_feed
086134fd-8786-5459-99ca-87a195864c63,56e7895f-8aef-537b-a2ee-e3297be6c928,in_transit,scheduled,2024-09-07 03:49:37+00,2024-09-07 04:27:37+00,carrier_feed
c0d0a60c-de4f-5b47-ae7a-23e2062fd5be,56e7895f-8aef-537b-a2ee-e3297be6c928,delivered,in_transit,2024-09-14 04:03:53+00,2024-09-14 04:36:53+00,carrier_feed
60df2f30-9532-54c2-8425-7e0c4413ff93,730b17a1-a067-5439-bbe4-489287b945e9,scheduled,,2024-09-11 18:49:27+00,2024-09-11 19:28:27+00,carrier_feed
bc1ab276-9ef1-5bf2-814e-d3d014913e6f,730b17a1-a067-5439-bbe4-489287b945e9,in_transit,scheduled,2024-09-13 04:14:49+00,2024-09-13 04:58:49+00,carrier_feed
52fe9586-b5dd-511f-a376-ec504a3274ff,730b17a1-a067-5439-bbe4-489287b945e9,delivered,in_transit,2024-09-20 11:52:40+00,2024-09-20 12:09:40+00,carrier_feed
68b33eff-6bdb-5750-920d-fa349bbec253,a8f01ce0-b90f-5c69-800b-ef01495e1f0b,scheduled,,2024-03-14 20:58:16+00,2024-03-14 21:05:16+00,carrier_feed
f7e6604c-348b-5533-8a5a-650cda147a64,a8f01ce0-b90f-5c69-800b-ef01495e1f0b,in_transit,scheduled,2024-03-18 06:35:09+00,2024-03-18 06:52:09+00,carrier_feed
111bfb79-964f-5ebe-b096-c05cb2bb81d7,a8f01ce0-b90f-5c69-800b-ef01495e1f0b,delayed,in_transit,2024-03-26 12:41:19+00,2024-03-26 13:20:19+00,carrier_feed
c2e7470f-583c-5d0a-ac21-b0b438ad1b3d,a8f01ce0-b90f-5c69-800b-ef01495e1f0b,delivered,delayed,2024-03-29 06:58:13+00,2024-03-29 07:10:13+00,carrier_feed
9b7ee684-2cce-51b5-b28a-b8dc1fcae4db,edeb1fe4-eb38-5e23-8d29-2aaac88d387c,scheduled,,2024-03-22 18:33:02+00,2024-03-22 18:56:02+00,carrier_feed
631fe47a-7142-525c-bc93-c3308939109b,edeb1fe4-eb38-5e23-8d29-2aaac88d387c,in_transit,scheduled,2024-03-24 01:01:32+00,2024-03-24 01:35:32+00,carrier_feed
3614ae69-fe29-5477-a503-8927dc10b8aa,edeb1fe4-eb38-5e23-8d29-2aaac88d387c,delayed,in_transit,2024-04-02 07:35:52+00,2024-04-02 08:05:52+00,carrier_feed
0fa95e35-8870-53cb-af9b-c7d44dcfdf0b,edeb1fe4-eb38-5e23-8d29-2aaac88d387c,delivered,delayed,2024-04-13 01:02:56+00,2024-04-13 01:10:56+00,carrier_feed
4a29c49c-b187-5ad0-8994-90c1ca21215c,63ab22c5-b0d4-554b-a164-d53e6086e52c,scheduled,,2024-11-11 19:47:01+00,2024-11-11 20:09:01+00,carrier_feed
7aaa4527-7a68-5eb1-b74a-f177c7601b2e,63ab22c5-b0d4-554b-a164-d53e6086e52c,in_transit,scheduled,2024-11-14 21:27:44+00,2024-11-14 21:32:44+00,carrier_feed
0c55a6ed-fc10-5c16-bc4d-09d15b083c74,63ab22c5-b0d4-554b-a164-d53e6086e52c,delivered,in_transit,2024-11-21 00:35:45+00,2024-11-21 01:16:45+00,carrier_feed
ae4307ee-ae34-58e7-b7bd-3d74745e05d5,62ac7822-e683-513f-be2a-99444ac6cc05,scheduled,,2024-03-02 20:15:01+00,2024-03-02 20:45:01+00,carrier_feed
e9f55636-f2cc-5440-9bf2-8d4c86239d9d,62ac7822-e683-513f-be2a-99444ac6cc05,in_transit,scheduled,2024-03-05 00:20:24+00,2024-03-05 00:36:24+00,carrier_feed
e00c4afb-4fe0-5919-86d0-69faa1871158,62ac7822-e683-513f-be2a-99444ac6cc05,delivered,in_transit,2024-03-13 03:30:18+00,2024-03-13 04:02:18+00,carrier_feed
be8c8b19-e439-5c96-a013-a43b17068c21,0b128f93-3e3c-5f8d-b757-60cb280e6672,scheduled,,2024-04-08 23:01:23+00,2024-04-08 23:15:23+00,carrier_feed
ed7f5fac-e314-5610-b3c6-1f0e6ecb6dfe,0b128f93-3e3c-5f8d-b757-60cb280e6672,in_transit,scheduled,2024-04-11 08:04:35+00,2024-04-11 08:45:35+00,carrier_feed
c7d6e4a6-1535-57cc-a28e-951dffbb6d97,0b128f93-3e3c-5f8d-b757-60cb280e6672,delivered,in_transit,2024-04-15 07:31:50+00,2024-04-15 07:46:50+00,carrier_feed
3b4c572d-92cb-571c-b150-3fe769bce85a,91dd14d5-6e4e-524e-bb47-a2471ed24db3,scheduled,,2024-09-15 16:55:12+00,2024-09-15 17:09:12+00,carrier_feed
3a0f3dc5-d5e7-5a2b-bae2-9b100823d4a3,91dd14d5-6e4e-524e-bb47-a2471ed24db3,in_transit,scheduled,2024-09-18 18:15:21+00,2024-09-18 18:42:21+00,carrier_feed
43abe34b-71fb-5b9a-852a-d0965912210e,91dd14d5-6e4e-524e-bb47-a2471ed24db3,delivered,in_transit,2024-09-24 17:26:11+00,2024-09-24 18:07:11+00,carrier_feed
96574f32-d3ea-584a-93b5-e3abe78542ab,90e3b334-5090-5207-a7bd-d527306bc801,scheduled,,2024-09-09 19:00:05+00,2024-09-09 19:27:05+00,carrier_feed
d8a1daa2-825c-5daf-a5c4-58cdcfc85fd7,90e3b334-5090-5207-a7bd-d527306bc801,in_transit,scheduled,2024-09-13 03:18:41+00,2024-09-13 03:35:41+00,carrier_feed
742dd886-5269-52d7-b47d-c2c99d4fa9b2,90e3b334-5090-5207-a7bd-d527306bc801,delivered,in_transit,2024-09-18 19:38:54+00,2024-09-18 20:11:54+00,carrier_feed
b4826dc7-8474-5e53-ab9f-8db1561a29a8,d9bc133a-7c2a-59b5-b633-afcd09f43177,scheduled,,2024-10-04 14:53:50+00,2024-10-04 15:25:50+00,carrier_feed
676a356a-ccd6-51b8-abed-a7064abd68a0,d9bc133a-7c2a-59b5-b633-afcd09f43177,in_transit,scheduled,2024-10-05 17:24:07+00,2024-10-05 17:39:07+00,carrier_feed
b11abe7d-77e7-5c95-a225-eafcb4057b28,d9bc133a-7c2a-59b5-b633-afcd09f43177,delivered,in_transit,2024-10-13 08:50:46+00,2024-10-13 09:02:46+00,carrier_feed
26dfb588-61c4-5c05-be5b-777305e849c0,85864b73-dd62-5527-964a-376a5afc92d0,scheduled,,2024-11-02 14:06:59+00,2024-11-02 14:11:59+00,carrier_feed
e331ede5-1fa3-5f2c-8887-7df3ec8f2f33,85864b73-dd62-5527-964a-376a5afc92d0,in_transit,scheduled,2024-11-05 21:34:50+00,2024-11-05 22:15:50+00,carrier_feed
5f5c028f-6e77-5742-a793-bd00b46302a6,85864b73-dd62-5527-964a-376a5afc92d0,delayed,in_transit,2024-11-11 04:00:29+00,2024-11-11 04:40:29+00,carrier_feed
5fefea61-46c4-56ff-bb40-91d9997acc1a,85864b73-dd62-5527-964a-376a5afc92d0,delivered,delayed,2024-11-16 22:14:10+00,2024-11-16 22:42:10+00,carrier_feed
d01924b7-375d-527f-ab84-f7a8937dc406,9425ad29-f11f-579c-9aa3-2f3fb88e6ac3,scheduled,,2024-06-29 17:53:12+00,2024-06-29 18:10:12+00,carrier_feed
0e492755-dbf5-5db8-ae80-e9e558ec37a6,9425ad29-f11f-579c-9aa3-2f3fb88e6ac3,in_transit,scheduled,2024-07-01 19:02:03+00,2024-07-01 19:18:03+00,carrier_feed
adc27a3d-235d-5259-8a47-7fd252a61a38,9425ad29-f11f-579c-9aa3-2f3fb88e6ac3,delivered,in_transit,2024-07-06 17:39:58+00,2024-07-06 18:12:58+00,carrier_feed
bb16d32b-e84f-54c8-b247-67b8a56bfe90,b9673c33-b1d7-581c-92f8-a580fcfc78e8,scheduled,,2024-11-25 20:06:54+00,2024-11-25 20:19:54+00,carrier_feed
62b2c243-5e67-550f-8dfc-e0c167159eec,b9673c33-b1d7-581c-92f8-a580fcfc78e8,in_transit,scheduled,2024-11-26 03:23:02+00,2024-11-26 03:56:02+00,carrier_feed
b1b0d4c1-d830-5464-b43a-016cd91121c7,b9673c33-b1d7-581c-92f8-a580fcfc78e8,delayed,in_transit,2024-11-29 09:48:21+00,2024-11-29 10:01:21+00,carrier_feed
54fd9169-9f67-5ed8-bf6b-d67ca3d1669d,b9673c33-b1d7-581c-92f8-a580fcfc78e8,delivered,delayed,2024-12-02 03:23:36+00,2024-12-02 03:30:36+00,carrier_feed
0e9de675-7b3b-50c8-b658-ebda59b331eb,912adfe6-e474-5351-bb9c-0f4e0a45e55e,scheduled,,2024-04-01 21:32:19+00,2024-04-01 22:04:19+00,carrier_feed
ee805897-20c2-5736-a8b0-9296f77b9ec8,912adfe6-e474-5351-bb9c-0f4e0a45e55e,in_transit,scheduled,2024-04-02 07:12:26+00,2024-04-02 07:42:26+00,carrier_feed
7168a677-baae-57a0-8c61-05abf0a379bf,912adfe6-e474-5351-bb9c-0f4e0a45e55e,delayed,in_transit,2024-04-08 13:20:30+00,2024-04-08 13:54:30+00,carrier_feed
f58cc6cc-31ba-547e-afd8-0832b7a3949f,912adfe6-e474-5351-bb9c-0f4e0a45e55e,delivered,delayed,2024-04-19 07:52:52+00,2024-04-19 08:20:52+00,carrier_feed
0a8ef0e3-657f-5c00-bc6a-ade314c90486,31757fbd-ae5e-521d-9f1f-796c0d218138,scheduled,,2024-04-18 20:43:45+00,2024-04-18 21:05:45+00,carrier_feed
ba3f0c86-b7a9-5438-9fa2-a66234d9cac8,31757fbd-ae5e-521d-9f1f-796c0d218138,in_transit,scheduled,2024-04-20 23:45:20+00,2024-04-21 00:27:20+00,carrier_feed
c7e3df28-df27-5df9-aca9-0b0f356915f8,31757fbd-ae5e-521d-9f1f-796c0d218138,delivered,in_transit,2024-04-23 13:56:07+00,2024-04-23 14:01:07+00,carrier_feed
32721878-96b3-504b-8e2f-07c8551070da,b2875083-556e-5cd9-9325-43a3a0d0ae86,scheduled,,2024-09-24 10:49:04+00,2024-09-24 11:17:04+00,carrier_feed
197c3c9f-827a-5f28-ad0b-aa5e831143b7,b2875083-556e-5cd9-9325-43a3a0d0ae86,in_transit,scheduled,2024-09-26 14:56:43+00,2024-09-26 15:37:43+00,carrier_feed
a5a7c62c-4f34-5413-addb-49f17be31073,b2875083-556e-5cd9-9325-43a3a0d0ae86,delivered,in_transit,2024-10-01 13:09:27+00,2024-10-01 13:45:27+00,carrier_feed
09d5a1de-87c7-581b-8136-302b7bd0f0d4,5f52b516-d55d-5279-9de5-694e5fc2f53c,scheduled,,2024-03-05 15:14:32+00,2024-03-05 15:32:32+00,carrier_feed
f1fb26e1-d5ae-57d6-8a3d-d31e5ddafc33,5f52b516-d55d-5279-9de5-694e5fc2f53c,in_transit,scheduled,2024-03-08 21:48:11+00,2024-03-08 21:54:11+00,carrier_feed
e32dae80-b87f-5828-8e2c-2015701fec09,5f52b516-d55d-5279-9de5-694e5fc2f53c,delivered,in_transit,2024-03-11 01:10:08+00,2024-03-11 01:30:08+00,carrier_feed
bf570dbe-77c1-5e80-a4bd-6755ff1009fc,6872e7af-7056-5fb6-b9e3-3d02ac4b8627,scheduled,,2024-09-04 12:55:39+00,2024-09-04 13:29:39+00,carrier_feed
9ce23fd5-5b10-5891-9f8c-180a5d9355f7,6872e7af-7056-5fb6-b9e3-3d02ac4b8627,in_transit,scheduled,2024-09-06 18:33:39+00,2024-09-06 18:58:39+00,carrier_feed
df063140-3ddd-5a93-836e-1998a2e38637,6872e7af-7056-5fb6-b9e3-3d02ac4b8627,delivered,in_transit,2024-09-10 09:53:07+00,2024-09-10 10:13:07+00,carrier_feed
3e006150-d556-58f8-a082-a8a074f7ff3f,172a10de-3e46-5802-a5ef-45491898aeb0,scheduled,,2024-05-25 23:27:59+00,2024-05-26 00:02:59+00,carrier_feed
9e133770-9490-54bd-855d-d2e939f9f7e0,172a10de-3e46-5802-a5ef-45491898aeb0,in_transit,scheduled,2024-05-26 09:08:37+00,2024-05-26 09:29:37+00,carrier_feed
0ca6ef96-f526-5df0-b157-0749e24a4d53,172a10de-3e46-5802-a5ef-45491898aeb0,delivered,in_transit,2024-05-28 13:32:32+00,2024-05-28 14:00:32+00,carrier_feed
111659dd-c038-5b92-abb7-2142386cad85,bd7229cd-d400-5bc9-ab6f-2ccde2e791a4,scheduled,,2024-05-01 22:21:15+00,2024-05-01 22:29:15+00,carrier_feed
d896e15c-d63a-5e45-960c-200d9434c513,bd7229cd-d400-5bc9-ab6f-2ccde2e791a4,in_transit,scheduled,2024-05-03 02:02:00+00,2024-05-03 02:39:00+00,carrier_feed
30edb82d-1a08-5eea-937a-bbdc8bb0cf35,bd7229cd-d400-5bc9-ab6f-2ccde2e791a4,delivered,in_transit,2024-05-08 15:12:11+00,2024-05-08 15:50:11+00,carrier_feed
604e3df9-1b64-5ad3-ab9b-bd3d5fd16627,72f650c8-466f-5df2-8414-901a29e612ed,scheduled,,2024-01-24 19:37:42+00,2024-01-24 19:55:42+00,carrier_feed
9b1a1bef-bcfd-5bc6-8339-1321a2e43693,72f650c8-466f-5df2-8414-901a29e612ed,in_transit,scheduled,2024-01-27 20:53:43+00,2024-01-27 20:58:43+00,carrier_feed
ecde924a-df92-5e53-b369-2bd4d65d450b,72f650c8-466f-5df2-8414-901a29e612ed,delivered,in_transit,2024-02-04 08:00:43+00,2024-02-04 08:30:43+00,carrier_feed
650a02c9-2d1b-5d01-a928-831e4feb227d,63e23f92-d7cc-5255-8941-6109525a97ec,scheduled,,2024-10-30 21:04:14+00,2024-10-30 21:44:14+00,carrier_feed
3e04471b-bb79-5d47-90d6-d58854f6ed8d,63e23f92-d7cc-5255-8941-6109525a97ec,in_transit,scheduled,2024-11-03 00:33:00+00,2024-11-03 00:46:00+00,carrier_feed
fd7d6f18-08ec-5b03-b700-cd24ac684acf,63e23f92-d7cc-5255-8941-6109525a97ec,delivered,in_transit,2024-11-05 12:34:05+00,2024-11-05 13:15:05+00,carrier_feed
9c4b6393-db2a-5137-bc1b-85a56ac0b1a3,de5c78e1-ea3d-52aa-bf3c-6f4a9a0f2546,scheduled,,2024-09-09 00:10:06+00,2024-09-09 00:31:06+00,carrier_feed
40aa245c-58cc-54f3-8928-838d89a92b98,de5c78e1-ea3d-52aa-bf3c-6f4a9a0f2546,in_transit,scheduled,2024-09-09 02:35:39+00,2024-09-09 03:13:39+00,carrier_feed
9edae560-8c35-573f-a390-86f71c2288c4,de5c78e1-ea3d-52aa-bf3c-6f4a9a0f2546,delivered,in_transit,2024-09-15 05:35:56+00,2024-09-15 05:47:56+00,carrier_feed
a78560fa-6b49-5bc3-a2e8-b85e3eff5365,867def41-5540-5526-809a-56b27ced8c5f,scheduled,,2024-03-05 14:19:44+00,2024-03-05 14:52:44+00,carrier_feed
80bc6c85-43de-52f4-903d-6fb7af4735c7,867def41-5540-5526-809a-56b27ced8c5f,in_transit,scheduled,2024-03-05 20:48:37+00,2024-03-05 20:56:37+00,carrier_feed
b7a7533e-333e-5f8f-b501-e6300a626062,867def41-5540-5526-809a-56b27ced8c5f,delayed,in_transit,2024-03-12 02:57:25+00,2024-03-12 03:19:25+00,carrier_feed
36b955a5-e0d4-57fd-935e-e35359b7b58e,867def41-5540-5526-809a-56b27ced8c5f,delivered,delayed,2024-03-15 21:14:06+00,2024-03-15 21:56:06+00,carrier_feed
c7f7bbb9-b706-5ba9-a0f2-9648cabecf1e,1c407738-3ae1-5aab-92ee-f72bc0c2e609,scheduled,,2024-11-21 12:21:10+00,2024-11-21 12:52:10+00,carrier_feed
f648e74d-7536-5827-add7-c4e63120db74,1c407738-3ae1-5aab-92ee-f72bc0c2e609,in_transit,scheduled,2024-11-23 17:51:21+00,2024-11-23 18:27:21+00,carrier_feed
472ff149-74e4-5768-ab69-2822c170b079,1c407738-3ae1-5aab-92ee-f72bc0c2e609,delivered,in_transit,2024-11-27 17:16:58+00,2024-11-27 17:30:58+00,carrier_feed
5510bf65-8fd5-5ed9-afef-65d3c7a40913,537268b8-6b4b-543f-a55e-058109531364,scheduled,,2024-10-20 21:18:26+00,2024-10-20 22:00:26+00,carrier_feed
05cec51b-404d-5e12-9527-7964a018c1b1,537268b8-6b4b-543f-a55e-058109531364,in_transit,scheduled,2024-10-23 22:40:13+00,2024-10-23 23:04:13+00,carrier_feed
8e294174-dab0-5d25-9c3a-4a103be3b4b5,537268b8-6b4b-543f-a55e-058109531364,delivered,in_transit,2024-10-31 20:19:18+00,2024-10-31 20:32:18+00,carrier_feed
c8650483-a03e-5189-8918-28d8b5afa767,4754521e-182a-5b9d-bd1d-32e8d86a4884,scheduled,,2024-11-03 22:27:26+00,2024-11-03 23:00:26+00,carrier_feed
5938b1db-5c29-5947-b941-d0c056cbb49a,4754521e-182a-5b9d-bd1d-32e8d86a4884,in_transit,scheduled,2024-11-07 05:47:56+00,2024-11-07 06:31:56+00,carrier_feed
78425be9-de89-5fdf-b89d-9c55ba181633,4754521e-182a-5b9d-bd1d-32e8d86a4884,delivered,in_transit,2024-11-13 18:27:34+00,2024-11-13 18:37:34+00,carrier_feed
5428d334-4a7a-5c8a-9d0b-d8d3a355b97c,0b9ba928-23e1-5461-825e-956c3c311b84,scheduled,,2024-11-09 00:25:52+00,2024-11-09 01:07:52+00,carrier_feed
bf1d8005-359d-52c6-9222-65c84d0041e0,0b9ba928-23e1-5461-825e-956c3c311b84,in_transit,scheduled,2024-11-10 07:07:19+00,2024-11-10 07:16:19+00,carrier_feed
d98b30be-6a50-5592-b9aa-c2109a93d23a,0b9ba928-23e1-5461-825e-956c3c311b84,delivered,in_transit,2024-11-16 11:45:30+00,2024-11-16 12:17:30+00,carrier_feed
f53c70b4-f32e-52bf-af1f-45845a74fe6d,9c281d3a-b72a-5aa2-89c8-322fb0de7ba9,scheduled,,2024-03-29 22:31:05+00,2024-03-29 22:49:05+00,carrier_feed
964e9eba-b908-5448-8f9f-38188df58d87,9c281d3a-b72a-5aa2-89c8-322fb0de7ba9,in_transit,scheduled,2024-03-31 03:03:43+00,2024-03-31 03:36:43+00,carrier_feed
bae1ec28-5695-53d0-8836-12a8e1853c46,9c281d3a-b72a-5aa2-89c8-322fb0de7ba9,delivered,in_transit,2024-04-05 02:09:46+00,2024-04-05 02:53:46+00,carrier_feed
3e96e0b2-10d1-503f-a708-129530181166,5fecc72b-9242-5df9-86e4-2eb011fe37b4,scheduled,,2024-03-28 02:08:19+00,2024-03-28 02:46:19+00,carrier_feed
01f4e3a1-c827-567c-9938-02451b999f2d,5fecc72b-9242-5df9-86e4-2eb011fe37b4,in_transit,scheduled,2024-03-29 05:10:03+00,2024-03-29 05:16:03+00,carrier_feed
c32f8186-6906-5646-85a1-0ed9a05a5b74,5fecc72b-9242-5df9-86e4-2eb011fe37b4,delivered,in_transit,2024-03-31 16:43:25+00,2024-03-31 16:50:25+00,carrier_feed
6d9de2b0-bdd0-5798-81e4-3778e8551799,3998a6b1-c83d-5de9-9c14-d15a331186b2,scheduled,,2024-03-05 18:05:25+00,2024-03-05 18:27:25+00,carrier_feed
b9de1e93-ba59-5369-9755-190c21d67014,3998a6b1-c83d-5de9-9c14-d15a331186b2,in_transit,scheduled,2024-03-08 22:14:30+00,2024-03-08 22:47:30+00,carrier_feed
661b550b-ab7c-5caf-b3d6-9375ec647554,3998a6b1-c83d-5de9-9c14-d15a331186b2,delivered,in_transit,2024-03-15 19:42:08+00,2024-03-15 19:56:08+00,carrier_feed
a5245651-42c9-50cb-8534-0f0d3a66ad20,6d90c10e-8c5b-50dc-8a47-560353d63fa2,scheduled,,2024-11-05 14:08:58+00,2024-11-05 14:13:58+00,carrier_feed
b2cd5d68-8a5f-5f95-aeff-f043083b5ef3,6d90c10e-8c5b-50dc-8a47-560353d63fa2,in_transit,scheduled,2024-11-06 17:35:55+00,2024-11-06 17:50:55+00,carrier_feed
e914a791-b404-561e-b0d6-86de56bf4468,6d90c10e-8c5b-50dc-8a47-560353d63fa2,delivered,in_transit,2024-11-09 14:07:19+00,2024-11-09 14:45:19+00,carrier_feed
97ce5ed7-c397-5069-9b0b-38bfd25dc8c7,91784ab2-c08d-5b55-a322-7c24e2d0c2c2,scheduled,,2024-09-14 18:40:25+00,2024-09-14 19:19:25+00,carrier_feed
03ac57de-3698-57bd-957e-609714748d14,91784ab2-c08d-5b55-a322-7c24e2d0c2c2,in_transit,scheduled,2024-09-18 02:56:34+00,2024-09-18 03:36:34+00,carrier_feed
cbb88a71-f775-54b2-b824-bfc3aeda14cb,91784ab2-c08d-5b55-a322-7c24e2d0c2c2,delivered,in_transit,2024-09-22 05:07:27+00,2024-09-22 05:22:27+00,carrier_feed
a6885f93-154a-5691-9229-d7ccb5d53db5,e88956a1-4eb5-569b-9d9e-a6c2423cef5e,scheduled,,2024-02-13 02:21:42+00,2024-02-13 02:39:42+00,carrier_feed
9599d192-1a89-5882-8405-0cd8a4b2166b,e88956a1-4eb5-569b-9d9e-a6c2423cef5e,in_transit,scheduled,2024-02-14 05:23:10+00,2024-02-14 06:05:10+00,carrier_feed
d74c1b3b-509b-506e-b529-48c340914d56,e88956a1-4eb5-569b-9d9e-a6c2423cef5e,delivered,in_transit,2024-02-16 21:23:10+00,2024-02-16 21:56:10+00,carrier_feed
d093f8f4-e79c-5bfe-8612-a202f1f87bdb,f072c164-7c0c-55fa-8122-673c74182eae,scheduled,,2024-11-04 22:38:00+00,2024-11-04 23:19:00+00,carrier_feed
3f7520a3-4717-5d6f-9cc6-267c1a8cd10c,f072c164-7c0c-55fa-8122-673c74182eae,in_transit,scheduled,2024-11-07 03:47:26+00,2024-11-07 04:23:26+00,carrier_feed
bad103ec-8248-563a-87e1-93502be0bc46,f072c164-7c0c-55fa-8122-673c74182eae,delivered,in_transit,2024-11-15 19:21:12+00,2024-11-15 19:26:12+00,carrier_feed
2a0e0e6e-49ce-505a-a683-86d62715a00b,18750897-264a-541e-a871-52838edde868,scheduled,,2024-02-04 17:53:18+00,2024-02-04 18:33:18+00,carrier_feed
b9b9cc11-0adb-5b7c-8405-094c507c3f5b,18750897-264a-541e-a871-52838edde868,in_transit,scheduled,2024-02-05 02:15:55+00,2024-02-05 02:48:55+00,carrier_feed
2bcfcc3f-7708-564d-803d-c191eebe14be,18750897-264a-541e-a871-52838edde868,delivered,in_transit,2024-02-07 23:21:39+00,2024-02-07 23:56:39+00,carrier_feed
2d66535b-f4b8-5b36-a92f-7483b21b7a19,f239e896-921f-5bed-8682-3d2c38ae8d01,scheduled,,2024-11-23 15:02:44+00,2024-11-23 15:09:44+00,carrier_feed
4f3ec89e-ddb9-5222-ba04-26599bbb6063,f239e896-921f-5bed-8682-3d2c38ae8d01,in_transit,scheduled,2024-11-26 21:32:31+00,2024-11-26 21:41:31+00,carrier_feed
1e817ff7-ee1a-5c0b-9e47-ce2a05c93ad7,f239e896-921f-5bed-8682-3d2c38ae8d01,delivered,in_transit,2024-12-02 03:15:00+00,2024-12-02 03:40:00+00,carrier_feed
7f8609a6-eff1-5511-a005-3b9f0603f789,b1abccbf-fc3c-599e-80b6-4003a09a892f,scheduled,,2024-01-22 22:10:15+00,2024-01-22 22:25:15+00,carrier_feed
22e6ff17-dca5-5d74-8c71-cb2890434c66,b1abccbf-fc3c-599e-80b6-4003a09a892f,in_transit,scheduled,2024-01-25 02:24:49+00,2024-01-25 02:48:49+00,carrier_feed
14a8bcea-326d-5416-b0bd-2140c5c47dbb,b1abccbf-fc3c-599e-80b6-4003a09a892f,delivered,in_transit,2024-01-27 21:54:20+00,2024-01-27 22:10:20+00,carrier_feed
dd099fa8-7df7-5c8b-9ad8-b58fe5b1fbc6,f4226fcf-0543-549e-a9d3-9a3fef2052a7,scheduled,,2024-09-12 13:11:00+00,2024-09-12 13:33:00+00,carrier_feed
9320d0ba-b32b-50c4-83fe-1cb7b26beb1a,f4226fcf-0543-549e-a9d3-9a3fef2052a7,in_transit,scheduled,2024-09-15 17:24:54+00,2024-09-15 17:47:54+00,carrier_feed
64e330a7-2f56-5957-b91d-3702bed32fbc,f4226fcf-0543-549e-a9d3-9a3fef2052a7,delivered,in_transit,2024-09-21 04:59:27+00,2024-09-21 05:19:27+00,carrier_feed
3df60777-ad69-5318-87c7-48b15c6ad13f,ef49095d-55a5-529a-9147-cae71f6abb3f,scheduled,,2024-10-16 22:20:45+00,2024-10-16 22:30:45+00,carrier_feed
c821f753-84c3-5162-8439-fe1e243e1b35,ef49095d-55a5-529a-9147-cae71f6abb3f,in_transit,scheduled,2024-10-17 06:20:59+00,2024-10-17 06:27:59+00,carrier_feed
7694f9c7-89d3-541f-bb02-210e63ccacd2,ef49095d-55a5-529a-9147-cae71f6abb3f,delayed,in_transit,2024-10-22 12:43:51+00,2024-10-22 12:56:51+00,carrier_feed
71d7e650-e58f-52c9-8ec1-6f3a2ba3106f,ef49095d-55a5-529a-9147-cae71f6abb3f,delivered,delayed,2024-10-29 06:23:20+00,2024-10-29 07:07:20+00,carrier_feed
c8993828-b48b-57b7-bacc-e874afd6d26b,872b0785-8cc6-513e-8266-e397b2a3ba6c,scheduled,,2024-09-08 18:24:01+00,2024-09-08 19:05:01+00,carrier_feed
112c8a41-3109-5386-a25e-4af2fd0fb7ad,872b0785-8cc6-513e-8266-e397b2a3ba6c,in_transit,scheduled,2024-09-09 23:29:48+00,2024-09-09 23:47:48+00,carrier_feed
00667101-4e82-5a08-ac64-fed2a62be66c,872b0785-8cc6-513e-8266-e397b2a3ba6c,delivered,in_transit,2024-09-18 23:13:30+00,2024-09-18 23:27:30+00,carrier_feed
a9e82a4f-3f16-5242-8b1c-6007a1e23ef8,daf98124-da0f-5396-944f-36ad8000c5e6,scheduled,,2024-10-29 00:54:52+00,2024-10-29 01:05:52+00,carrier_feed
3242e059-2487-574b-84e5-c5bd7462fe6a,daf98124-da0f-5396-944f-36ad8000c5e6,in_transit,scheduled,2024-11-01 05:56:07+00,2024-11-01 06:02:07+00,carrier_feed
ddef312a-5271-5d22-a4d8-b6db82bd5a20,daf98124-da0f-5396-944f-36ad8000c5e6,delivered,in_transit,2024-11-03 03:25:46+00,2024-11-03 03:43:46+00,carrier_feed
7e9e09ff-2666-5b49-a21a-710e36fd0596,b5a036eb-0c33-5680-a41c-dd01179430a8,scheduled,,2024-02-04 22:19:35+00,2024-02-04 22:49:35+00,carrier_feed
4eae1829-81ca-58c4-9c44-bcebdc5ef964,b5a036eb-0c33-5680-a41c-dd01179430a8,in_transit,scheduled,2024-02-08 01:44:55+00,2024-02-08 02:19:55+00,carrier_feed
4a686806-8c0f-5e21-9284-03bfaa6e20ae,b5a036eb-0c33-5680-a41c-dd01179430a8,delivered,in_transit,2024-02-14 02:14:15+00,2024-02-14 02:35:15+00,carrier_feed
74784779-da99-50d0-b2ae-f9387ca3add5,8d0ee7c3-fba8-58a7-a14d-5b42ddf669ef,scheduled,,2024-06-19 01:07:30+00,2024-06-19 01:14:30+00,carrier_feed
fad76a47-69ec-54ff-9745-69a762545069,8d0ee7c3-fba8-58a7-a14d-5b42ddf669ef,in_transit,scheduled,2024-06-21 08:25:24+00,2024-06-21 08:32:24+00,carrier_feed
d89cce57-d654-53ac-b24d-23ca336cc2e4,8d0ee7c3-fba8-58a7-a14d-5b42ddf669ef,delivered,in_transit,2024-06-26 09:30:14+00,2024-06-26 10:12:14+00,carrier_feed
c43c2b61-b785-5495-befe-40ceb3778eba,2c08f3ce-05b0-5fff-be22-ffcecd109446,scheduled,,2024-05-07 20:03:51+00,2024-05-07 20:19:51+00,carrier_feed
8a4dc0c0-0d94-5b1c-af26-7e70b8296852,2c08f3ce-05b0-5fff-be22-ffcecd109446,in_transit,scheduled,2024-05-08 22:39:32+00,2024-05-08 23:05:32+00,carrier_feed
ef9f8ac1-cba8-55dd-b5fa-3f107e15b554,2c08f3ce-05b0-5fff-be22-ffcecd109446,delivered,in_transit,2024-05-15 05:18:29+00,2024-05-15 05:39:29+00,carrier_feed
d6867356-e499-5aa5-8360-d49cfd3dab06,ab5dc5ae-c99f-5fc6-97a1-87e780ac8f0a,scheduled,,2024-09-06 17:42:22+00,2024-09-06 17:56:22+00,carrier_feed
486b4b48-d384-5d79-994a-4d3ca3ec1026,ab5dc5ae-c99f-5fc6-97a1-87e780ac8f0a,in_transit,scheduled,2024-09-09 19:22:35+00,2024-09-09 19:58:35+00,carrier_feed
fddb330b-6b0b-542c-bab6-291204259367,ab5dc5ae-c99f-5fc6-97a1-87e780ac8f0a,delivered,in_transit,2024-09-13 15:44:05+00,2024-09-13 15:50:05+00,carrier_feed
53c56c9f-126c-5755-995e-f981f8f2b2b3,6bd5325a-c8ef-5bf3-a124-e11d1cd5ffaa,scheduled,,2024-11-04 21:06:59+00,2024-11-04 21:48:59+00,carrier_feed
1e719198-a109-56ad-9578-5a90f2b910e0,6bd5325a-c8ef-5bf3-a124-e11d1cd5ffaa,in_transit,scheduled,2024-11-06 04:36:46+00,2024-11-06 05:13:46+00,carrier_feed
6b854037-ef6f-5673-ac88-f0aa86fcb105,6bd5325a-c8ef-5bf3-a124-e11d1cd5ffaa,delivered,in_transit,2024-11-15 00:45:45+00,2024-11-15 01:03:45+00,carrier_feed
0c520565-6777-5a1c-a8bd-263fe1acebd0,008c8680-144f-5610-bff6-ca1fb191b543,scheduled,,2024-10-17 08:48:15+00,2024-10-17 08:59:15+00,carrier_feed
072c694f-a0f7-580c-82c3-0c697cd7bfe3,008c8680-144f-5610-bff6-ca1fb191b543,in_transit,scheduled,2024-10-17 12:25:39+00,2024-10-17 13:02:39+00,carrier_feed
0d405fc6-eb6c-5bbf-87c3-9cbd097e24ec,008c8680-144f-5610-bff6-ca1fb191b543,delivered,in_transit,2024-10-19 08:02:04+00,2024-10-19 08:14:04+00,carrier_feed
575a42fa-1ba9-5b21-95f2-97a816154bf7,36e1f70b-cb85-545e-84cc-1d5459b114d2,scheduled,,2024-06-04 02:11:25+00,2024-06-04 02:50:25+00,carrier_feed
b7b7bc8d-8471-5168-874b-1ea2c27d1ae5,36e1f70b-cb85-545e-84cc-1d5459b114d2,in_transit,scheduled,2024-06-06 06:28:35+00,2024-06-06 06:36:35+00,carrier_feed
347b5b00-5a37-5942-ad85-b878c6093c9c,36e1f70b-cb85-545e-84cc-1d5459b114d2,delayed,in_transit,2024-06-11 12:58:24+00,2024-06-11 13:18:24+00,carrier_feed
e27d6606-c0a5-54a9-8f64-5b5dc280a3da,36e1f70b-cb85-545e-84cc-1d5459b114d2,delivered,delayed,2024-06-16 06:59:19+00,2024-06-16 07:21:19+00,carrier_feed
77180017-a21f-50a3-90e5-d14cc3a4d2b5,76edcdfa-80bd-5e64-b7b0-cc2cbeaec9cc,scheduled,,2024-11-10 12:07:42+00,2024-11-10 12:24:42+00,carrier_feed
410f6568-ec60-557f-8687-9892c63796da,76edcdfa-80bd-5e64-b7b0-cc2cbeaec9cc,in_transit,scheduled,2024-11-12 20:28:11+00,2024-11-12 20:34:11+00,carrier_feed
f40e9d34-8ce7-5472-b122-decb154f062b,76edcdfa-80bd-5e64-b7b0-cc2cbeaec9cc,delivered,in_transit,2024-11-20 17:11:40+00,2024-11-20 17:45:40+00,carrier_feed
83be8113-a5a9-5853-a4e0-4b362000c8aa,44b4125d-c58e-598c-8033-bc23c39b2621,scheduled,,2024-07-21 23:32:36+00,2024-07-21 23:43:36+00,carrier_feed
4cc5ab59-e29d-5ca8-8fba-9cb4cfe057ae,44b4125d-c58e-598c-8033-bc23c39b2621,in_transit,scheduled,2024-07-22 09:06:48+00,2024-07-22 09:30:48+00,carrier_feed
a21e6896-00af-549b-87cd-126844c9667d,44b4125d-c58e-598c-8033-bc23c39b2621,delivered,in_transit,2024-07-28 04:15:35+00,2024-07-28 04:54:35+00,carrier_feed
d896e0f5-4c97-5850-b27b-f319bd6ba2d0,7cc3a9e3-1845-5599-a56a-ab71dcbb06a3,scheduled,,2024-09-12 15:07:21+00,2024-09-12 15:47:21+00,carrier_feed
d910a1e9-f61d-584a-9282-a09b9bf4a305,7cc3a9e3-1845-5599-a56a-ab71dcbb06a3,in_transit,scheduled,2024-09-14 17:33:49+00,2024-09-14 17:51:49+00,carrier_feed
60545a06-b0f9-5303-8da1-cf7c30d9c2ae,7cc3a9e3-1845-5599-a56a-ab71dcbb06a3,delivered,in_transit,2024-09-22 05:39:04+00,2024-09-22 05:46:04+00,carrier_feed
8f820e7b-336c-5c66-bb1e-d4f121047869,840b6919-dadb-5941-8fe0-4c92af076b40,scheduled,,2024-05-26 18:11:41+00,2024-05-26 18:37:41+00,carrier_feed
61783bac-ec49-52f4-8f85-932a9ec7bc0f,840b6919-dadb-5941-8fe0-4c92af076b40,in_transit,scheduled,2024-05-29 02:50:56+00,2024-05-29 03:14:56+00,carrier_feed
64d609d7-9ba5-5ec2-a43f-11b54f086262,840b6919-dadb-5941-8fe0-4c92af076b40,delivered,in_transit,2024-06-02 00:09:26+00,2024-06-02 00:36:26+00,carrier_feed
23c427d7-2953-553b-b456-e7598919618f,545a69e1-05d4-5f4d-bd4f-85cec9ad8ccc,scheduled,,2024-05-15 01:25:20+00,2024-05-15 01:31:20+00,carrier_feed
0306e166-23fe-533b-9937-1385daa73030,545a69e1-05d4-5f4d-bd4f-85cec9ad8ccc,in_transit,scheduled,2024-05-17 08:38:29+00,2024-05-17 09:18:29+00,carrier_feed
55b00cb5-6208-53a1-a1b5-8a36c676afe2,545a69e1-05d4-5f4d-bd4f-85cec9ad8ccc,delivered,in_transit,2024-05-24 15:54:57+00,2024-05-24 16:07:57+00,carrier_feed
49325780-8726-567c-8d11-7934da6d57f6,71687765-afcc-52dd-aad6-4ff301cd8b6f,scheduled,,2024-03-19 22:48:14+00,2024-03-19 23:24:14+00,carrier_feed
c5af27de-d071-5301-8eca-3f7f90ac80f7,71687765-afcc-52dd-aad6-4ff301cd8b6f,in_transit,scheduled,2024-03-20 02:16:42+00,2024-03-20 03:01:42+00,carrier_feed
e6974fb2-7477-5ce7-ad29-c323d070aaaa,71687765-afcc-52dd-aad6-4ff301cd8b6f,delayed,in_transit,2024-03-23 08:38:43+00,2024-03-23 09:05:43+00,carrier_feed
358cddd2-2d4f-5f41-9916-bc9a9c5d5a01,71687765-afcc-52dd-aad6-4ff301cd8b6f,delivered,delayed,2024-03-28 02:45:16+00,2024-03-28 03:28:16+00,carrier_feed
98f143bd-09bd-560f-9681-69b9b8f06e2f,34ac0d2b-0568-5316-b48a-3550d3e145b4,scheduled,,2024-09-19 16:43:02+00,2024-09-19 17:22:02+00,carrier_feed
6945033d-7b6f-53b2-8971-812b53b3b4a2,34ac0d2b-0568-5316-b48a-3550d3e145b4,in_transit,scheduled,2024-09-21 23:17:06+00,2024-09-21 23:47:06+00,carrier_feed
c50e878d-92e3-500a-bce1-9a52765ee42b,34ac0d2b-0568-5316-b48a-3550d3e145b4,delivered,in_transit,2024-09-28 07:44:18+00,2024-09-28 08:22:18+00,carrier_feed
d7021cf6-77d9-589b-b411-1d317fff0081,46e38cfa-a36f-5313-980d-625d0564838b,scheduled,,2024-01-22 18:50:09+00,2024-01-22 19:18:09+00,carrier_feed
87dd7a7c-f306-5d51-a05a-33a91c52c984,46e38cfa-a36f-5313-980d-625d0564838b,in_transit,scheduled,2024-01-25 03:19:34+00,2024-01-25 03:59:34+00,carrier_feed
27bfbbe0-9934-56f9-a46a-345a65922ac2,46e38cfa-a36f-5313-980d-625d0564838b,delivered,in_transit,2024-01-28 03:23:08+00,2024-01-28 03:34:08+00,carrier_feed
7a6a3dcf-8834-541b-bbb7-3c7cb3453587,33bb98c8-4b1a-53c7-b4e7-3bf0f752ce6e,scheduled,,2024-04-22 22:21:21+00,2024-04-22 23:04:21+00,carrier_feed
73aaa512-31a0-5bc2-9bf6-812d2f095645,33bb98c8-4b1a-53c7-b4e7-3bf0f752ce6e,in_transit,scheduled,2024-04-24 03:25:16+00,2024-04-24 04:01:16+00,carrier_feed
97fd99b0-072e-5765-8c38-fd7d21725734,33bb98c8-4b1a-53c7-b4e7-3bf0f752ce6e,delivered,in_transit,2024-05-02 14:51:23+00,2024-05-02 15:13:23+00,carrier_feed
9f27ad4c-98e3-5542-ba3b-c976865711cf,38c73d5a-4021-5c89-849f-224145c1669d,scheduled,,2024-04-17 22:54:43+00,2024-04-17 23:31:43+00,carrier_feed
ab55012d-58d3-5d70-ad62-6004d46dbdac,38c73d5a-4021-5c89-849f-224145c1669d,in_transit,scheduled,2024-04-20 03:59:24+00,2024-04-20 04:39:24+00,carrier_feed
bcb22770-43a9-5a23-b192-5af7fdb7c58e,38c73d5a-4021-5c89-849f-224145c1669d,delivered,in_transit,2024-04-23 10:41:09+00,2024-04-23 11:05:09+00,carrier_feed
0544900a-c3ce-5446-822e-df2a0131cd31,39353d92-f58d-5382-a979-c69e6abb0713,scheduled,,2024-10-25 00:28:24+00,2024-10-25 00:59:24+00,carrier_feed
1e82f87e-234c-52b9-855f-df3a55469952,39353d92-f58d-5382-a979-c69e6abb0713,in_transit,scheduled,2024-10-26 09:56:09+00,2024-10-26 10:29:09+00,carrier_feed
aa6935db-ac6b-5976-9f33-c089aed32a32,39353d92-f58d-5382-a979-c69e6abb0713,delivered,in_transit,2024-11-03 20:57:18+00,2024-11-03 21:18:18+00,carrier_feed
830891d1-5d28-5ae1-9e38-9330c15e5df0,dedf9338-6399-5273-9db6-2f83d7df6030,scheduled,,2024-08-22 16:53:14+00,2024-08-22 17:32:14+00,carrier_feed
247e0356-8366-576f-b2c2-3110d2513c5b,dedf9338-6399-5273-9db6-2f83d7df6030,in_transit,scheduled,2024-08-23 00:54:35+00,2024-08-23 01:08:35+00,carrier_feed
a862cae2-dfee-5bb1-81f3-aaddc3b78026,dedf9338-6399-5273-9db6-2f83d7df6030,delivered,in_transit,2024-08-31 12:07:49+00,2024-08-31 12:22:49+00,carrier_feed
36a81abd-7a12-537d-96da-2ceb0465401a,aa77d6db-7300-599a-935b-10eea0cda4a1,scheduled,,2024-09-10 13:56:20+00,2024-09-10 14:13:20+00,carrier_feed
f5582a3e-b81d-5836-a6a6-59a31ca3cef8,aa77d6db-7300-599a-935b-10eea0cda4a1,in_transit,scheduled,2024-09-13 15:08:10+00,2024-09-13 15:23:10+00,carrier_feed
44ac88f5-1fe0-52f8-86ae-f082a2b685d9,aa77d6db-7300-599a-935b-10eea0cda4a1,delayed,in_transit,2024-09-17 21:49:54+00,2024-09-17 22:28:54+00,carrier_feed
19a9a152-102c-5e6c-bf48-53f1426ad80b,aa77d6db-7300-599a-935b-10eea0cda4a1,delivered,delayed,2024-09-30 15:45:04+00,2024-09-30 16:15:04+00,carrier_feed
b281f05b-6ee3-5d31-8264-21b98d26342d,86df7ab7-6eaf-5941-a03d-37e682d90a8d,scheduled,,2024-09-21 11:41:02+00,2024-09-21 12:02:02+00,carrier_feed
550cd45b-9f81-5ca0-9714-f496561f8a12,86df7ab7-6eaf-5941-a03d-37e682d90a8d,in_transit,scheduled,2024-09-21 15:59:24+00,2024-09-21 16:14:24+00,carrier_feed
f9e18a00-8c76-5cd5-93aa-15f141237443,86df7ab7-6eaf-5941-a03d-37e682d90a8d,delivered,in_transit,2024-09-30 16:39:15+00,2024-09-30 17:05:15+00,carrier_feed
4f2dc2e2-cef4-5a89-8bc1-84c60c938169,df756f22-9593-5dfa-8de8-9c4ade130dd6,scheduled,,2024-09-12 20:27:54+00,2024-09-12 20:32:54+00,carrier_feed
0c19d490-6107-5355-820e-d078ebd28c52,df756f22-9593-5dfa-8de8-9c4ade130dd6,in_transit,scheduled,2024-09-16 04:37:06+00,2024-09-16 05:01:06+00,carrier_feed
7263a91f-f47e-5d36-8d1c-6bf0a464504b,df756f22-9593-5dfa-8de8-9c4ade130dd6,delivered,in_transit,2024-09-21 18:47:32+00,2024-09-21 19:18:32+00,carrier_feed
cb39dbfc-7580-5cdb-ad8c-9e282ac9f561,12803765-493d-503b-a337-402afc54b9f7,scheduled,,2024-10-07 09:56:56+00,2024-10-07 10:18:56+00,carrier_feed
fc048631-76ea-5db0-a9a6-ccc83ca921af,12803765-493d-503b-a337-402afc54b9f7,in_transit,scheduled,2024-10-09 18:57:49+00,2024-10-09 19:31:49+00,carrier_feed
2526da12-f6d3-541d-a0e0-20cd79e35733,12803765-493d-503b-a337-402afc54b9f7,delayed,in_transit,2024-10-16 01:23:35+00,2024-10-16 01:33:35+00,carrier_feed
c75b2402-f28b-5e4d-9b88-3a18243b34ad,12803765-493d-503b-a337-402afc54b9f7,delivered,delayed,2024-11-03 19:21:58+00,2024-11-03 19:57:58+00,carrier_feed
1fe8f56b-9a94-5e3a-9b29-2329865ff8b4,f12505e1-ace5-5708-87ab-a1112fed0426,scheduled,,2024-06-10 00:17:04+00,2024-06-10 00:40:04+00,carrier_feed
1a7819cf-58bc-5cd9-a627-28ad2bef9388,f12505e1-ace5-5708-87ab-a1112fed0426,in_transit,scheduled,2024-06-12 09:00:46+00,2024-06-12 09:13:46+00,carrier_feed
2e62cf5e-9a6e-51c0-a2ad-c30aecc74373,f12505e1-ace5-5708-87ab-a1112fed0426,delivered,in_transit,2024-06-15 02:39:53+00,2024-06-15 03:08:53+00,carrier_feed
e2dce9ae-f989-5562-8c12-6e3c175b30ab,429205e8-9eb7-591c-a80e-7352a7826224,scheduled,,2024-09-21 19:15:35+00,2024-09-21 19:43:35+00,carrier_feed
fc8e30c7-d35b-5fb6-a557-8ad4d4247f26,429205e8-9eb7-591c-a80e-7352a7826224,in_transit,scheduled,2024-09-21 23:00:29+00,2024-09-21 23:39:29+00,carrier_feed
854d4fba-4784-5c64-9f20-15f2d66f3de9,429205e8-9eb7-591c-a80e-7352a7826224,delivered,in_transit,2024-09-30 23:11:59+00,2024-09-30 23:50:59+00,carrier_feed
a28c1901-db15-5a3f-8399-3e89801edc53,2ede8bc3-77ef-5afd-bbbc-ef15c1dde893,scheduled,,2024-02-24 19:34:04+00,2024-02-24 19:58:04+00,carrier_feed
6027253b-5df4-5976-b877-b6020d3873ae,2ede8bc3-77ef-5afd-bbbc-ef15c1dde893,in_transit,scheduled,2024-02-25 21:58:13+00,2024-02-25 22:06:13+00,carrier_feed
e156caa8-2890-5981-ab2e-7724e8f48d0f,2ede8bc3-77ef-5afd-bbbc-ef15c1dde893,delivered,in_transit,2024-03-04 03:07:46+00,2024-03-04 03:38:46+00,carrier_feed
70678750-b253-543c-98bc-33112585611d,c457337a-77aa-5f79-9025-a138608ce034,scheduled,,2024-10-07 09:04:28+00,2024-10-07 09:36:28+00,carrier_feed
036c6e58-a51c-595d-8841-7734a1b2613b,c457337a-77aa-5f79-9025-a138608ce034,in_transit,scheduled,2024-10-09 12:07:15+00,2024-10-09 12:17:15+00,carrier_feed
c588fb41-b0f5-53e5-97c5-7301c88068d1,c457337a-77aa-5f79-9025-a138608ce034,delayed,in_transit,2024-10-15 18:39:24+00,2024-10-15 18:53:24+00,carrier_feed
e279918d-f6a2-5285-9fbe-d8cd0cd88bc3,c457337a-77aa-5f79-9025-a138608ce034,delivered,delayed,2024-10-24 12:38:38+00,2024-10-24 13:00:38+00,carrier_feed
798a1710-aa6b-5fca-b4ae-c20163cf4667,50c16309-e3e0-51dc-8d50-6372281c9d4e,scheduled,,2024-04-08 02:11:00+00,2024-04-08 02:38:00+00,carrier_feed
bec3ad72-be92-53f9-b438-ef46b094261f,50c16309-e3e0-51dc-8d50-6372281c9d4e,in_transit,scheduled,2024-04-08 07:15:33+00,2024-04-08 07:21:33+00,carrier_feed
8a1c7d71-1b05-52ea-8554-ed3d5019c17b,50c16309-e3e0-51dc-8d50-6372281c9d4e,delivered,in_transit,2024-04-14 18:33:47+00,2024-04-14 18:43:47+00,carrier_feed
95ad47e1-c5db-5ce7-91e6-c76aafdf1cf9,5c90ce46-9731-5b3b-bf18-912fefe14c61,scheduled,,2024-08-23 18:09:34+00,2024-08-23 18:18:34+00,carrier_feed
b84719a8-8f12-586a-bd87-bb967926ec54,5c90ce46-9731-5b3b-bf18-912fefe14c61,in_transit,scheduled,2024-08-25 00:53:21+00,2024-08-25 01:25:21+00,carrier_feed
10e9d2a8-7cb9-5f99-ae96-879416bb7c5d,5c90ce46-9731-5b3b-bf18-912fefe14c61,delivered,in_transit,2024-08-31 13:28:27+00,2024-08-31 13:35:27+00,carrier_feed
46b6c335-6bd2-5de6-a5be-12cb1cb0293f,e2c051e1-28db-57bc-9e87-a8a9fe330b90,scheduled,,2024-12-23 01:23:39+00,2024-12-23 01:34:39+00,carrier_feed
5d6ce84e-885c-52dd-a582-b2a78a9677e5,e2c051e1-28db-57bc-9e87-a8a9fe330b90,in_transit,scheduled,2024-12-24 04:52:57+00,2024-12-24 05:07:57+00,carrier_feed
bc41de63-6a2f-5292-b1e2-ad4a456f4fc6,e2c051e1-28db-57bc-9e87-a8a9fe330b90,delayed,in_transit,2024-12-28 11:35:27+00,2024-12-28 12:20:27+00,carrier_feed
0048cf93-dd03-5be3-b4a1-ad813f1144bc,bd8a12f5-e714-5d66-84eb-f6d16deb0608,scheduled,,2024-10-11 15:39:46+00,2024-10-11 16:01:46+00,carrier_feed
37a9499a-87d8-5de3-9bab-548c77390715,bd8a12f5-e714-5d66-84eb-f6d16deb0608,in_transit,scheduled,2024-10-14 00:54:05+00,2024-10-14 01:06:05+00,carrier_feed
7fed1142-75cd-564d-af50-199cbca7ad19,bd8a12f5-e714-5d66-84eb-f6d16deb0608,delayed,in_transit,2024-10-23 07:08:40+00,2024-10-23 07:48:40+00,carrier_feed
d4cb1ce3-a23d-5b4e-951a-f28bc605a0a6,bd8a12f5-e714-5d66-84eb-f6d16deb0608,delivered,delayed,2024-10-26 01:34:23+00,2024-10-26 01:45:23+00,carrier_feed
c82ccde8-1d0d-5b5b-a515-589964dd0824,4307c903-f596-5563-b6c7-c01f8e955fbf,scheduled,,2024-09-26 14:51:37+00,2024-09-26 15:02:37+00,carrier_feed
d63d871a-5e4b-5117-8200-709e367c29ac,4307c903-f596-5563-b6c7-c01f8e955fbf,in_transit,scheduled,2024-09-26 23:28:32+00,2024-09-26 23:59:32+00,carrier_feed
af7493f2-3716-5e91-8589-5276e250e932,4307c903-f596-5563-b6c7-c01f8e955fbf,delivered,in_transit,2024-09-29 14:38:32+00,2024-09-29 14:46:32+00,carrier_feed
72d8439c-1b4c-57d8-a8dd-d8e9c0f0ea20,a3ef1a2c-eb42-5c54-8829-250e1e694ad7,scheduled,,2024-08-10 22:51:16+00,2024-08-10 23:25:16+00,carrier_feed
d31c034c-a167-50bf-ba36-844b4dbedfbe,a3ef1a2c-eb42-5c54-8829-250e1e694ad7,in_transit,scheduled,2024-08-14 02:07:20+00,2024-08-14 02:37:20+00,carrier_feed
35787435-4f85-5cfe-bbe9-ef72d3367834,a3ef1a2c-eb42-5c54-8829-250e1e694ad7,delayed,in_transit,2024-08-21 08:15:27+00,2024-08-21 08:31:27+00,carrier_feed
4ab598ac-b7fc-5840-86ae-7a3d94bb9297,a3ef1a2c-eb42-5c54-8829-250e1e694ad7,delivered,delayed,2024-08-27 02:39:40+00,2024-08-27 02:50:40+00,carrier_feed
563f6061-80a6-5bb8-9343-b39d1437953a,6f4dedae-d49f-52e6-a3e3-9a4825394ac3,scheduled,,2024-09-06 20:06:19+00,2024-09-06 20:12:19+00,carrier_feed
186f0952-0861-57d6-a2e7-a584a7621995,6f4dedae-d49f-52e6-a3e3-9a4825394ac3,in_transit,scheduled,2024-09-08 04:45:26+00,2024-09-08 05:27:26+00,carrier_feed
43a90cfa-7370-5257-aa43-cc8714a23023,6f4dedae-d49f-52e6-a3e3-9a4825394ac3,delayed,in_transit,2024-09-12 11:07:01+00,2024-09-12 11:37:01+00,carrier_feed
c3003359-2f06-5957-89df-46ee619135b3,6f4dedae-d49f-52e6-a3e3-9a4825394ac3,delivered,delayed,2024-10-02 05:14:40+00,2024-10-02 05:58:40+00,carrier_feed
70440aae-40ce-51be-aba0-79fc2b445fd5,b51cffc3-efaf-573e-9d8d-e1b38d525800,scheduled,,2024-09-14 14:24:41+00,2024-09-14 14:39:41+00,carrier_feed
50a67a3d-d764-5f50-8826-9cee2c7b6139,b51cffc3-efaf-573e-9d8d-e1b38d525800,in_transit,scheduled,2024-09-17 23:04:20+00,2024-09-17 23:35:20+00,carrier_feed
65c9f0e9-34b0-5e1e-8e43-42eac5fe56fc,b51cffc3-efaf-573e-9d8d-e1b38d525800,delivered,in_transit,2024-09-24 15:09:09+00,2024-09-24 15:25:09+00,carrier_feed
4986563f-10dd-568e-81bb-2273625a9da5,f2e46484-75c8-5cc5-b431-e0e5473efc7b,scheduled,,2024-10-10 15:53:23+00,2024-10-10 16:03:23+00,carrier_feed
17c7070b-3185-559b-bc85-85205723c6ae,f2e46484-75c8-5cc5-b431-e0e5473efc7b,in_transit,scheduled,2024-10-12 00:58:40+00,2024-10-12 01:27:40+00,carrier_feed
905e5337-a2f3-5f0d-87cc-b699a8aa2c1f,f2e46484-75c8-5cc5-b431-e0e5473efc7b,delivered,in_transit,2024-10-15 21:35:50+00,2024-10-15 22:15:50+00,carrier_feed
5372cd10-d9bd-535e-aba7-b2163ff65589,f12a6882-4a88-52a3-a359-e33320a45168,scheduled,,2024-09-13 18:39:12+00,2024-09-13 19:01:12+00,carrier_feed
f56f0544-f9b9-5371-8269-0b71a62dd91b,f12a6882-4a88-52a3-a359-e33320a45168,in_transit,scheduled,2024-09-14 01:19:00+00,2024-09-14 01:54:00+00,carrier_feed
ebd47c62-9203-5dca-be6a-e12723fed6fe,f12a6882-4a88-52a3-a359-e33320a45168,delayed,in_transit,2024-09-18 07:39:39+00,2024-09-18 07:55:39+00,carrier_feed
9cced3e4-b100-5b3c-a676-ee3f6ca47f0c,f12a6882-4a88-52a3-a359-e33320a45168,delivered,delayed,2024-09-24 01:58:39+00,2024-09-24 02:04:39+00,carrier_feed
69100ba9-d900-5f55-9258-ba727967e5f9,bf017bae-d6ed-5c79-91ba-8fe1589e7ffe,scheduled,,2024-07-15 20:22:06+00,2024-07-15 20:37:06+00,carrier_feed
0477c12b-1eee-5fda-882b-ec5128d26373,bf017bae-d6ed-5c79-91ba-8fe1589e7ffe,in_transit,scheduled,2024-07-17 05:40:05+00,2024-07-17 05:48:05+00,carrier_feed
09657a6c-3b1f-544e-b373-d61eff3b63f6,bf017bae-d6ed-5c79-91ba-8fe1589e7ffe,delivered,in_transit,2024-07-25 16:08:08+00,2024-07-25 16:37:08+00,carrier_feed
69180a5d-cb53-5293-a725-989a107bce63,e81086aa-31d4-55ee-a3ae-0b5684cbf45a,scheduled,,2024-06-02 01:10:28+00,2024-06-02 01:27:28+00,carrier_feed
01290788-a34c-5f7f-a1f0-f228a22dd547,e81086aa-31d4-55ee-a3ae-0b5684cbf45a,in_transit,scheduled,2024-06-05 03:20:46+00,2024-06-05 03:29:46+00,carrier_feed
18716084-e037-55fc-9022-900b3723f662,e81086aa-31d4-55ee-a3ae-0b5684cbf45a,delivered,in_transit,2024-06-12 15:28:11+00,2024-06-12 15:52:11+00,carrier_feed
b9cb9a87-2135-5592-bc5e-38a40fdca986,61c3865e-cfc1-5f25-96a5-b4fdd3159f6d,scheduled,,2024-10-24 14:40:16+00,2024-10-24 14:49:16+00,carrier_feed
643d0ec3-b54f-5766-9810-c284d8beab7b,61c3865e-cfc1-5f25-96a5-b4fdd3159f6d,in_transit,scheduled,2024-10-25 00:17:35+00,2024-10-25 00:24:35+00,carrier_feed
bf916c63-4b97-5dda-8ce7-5a462802e197,61c3865e-cfc1-5f25-96a5-b4fdd3159f6d,delivered,in_transit,2024-10-31 19:56:17+00,2024-10-31 20:38:17+00,carrier_feed
86bbeb0d-32fb-5600-8f15-999378129155,4caff299-48bf-5295-a571-0b81e1086ab9,scheduled,,2024-10-28 09:37:14+00,2024-10-28 09:50:14+00,carrier_feed
55b0401b-770c-526d-b27c-af4af041a027,4caff299-48bf-5295-a571-0b81e1086ab9,in_transit,scheduled,2024-10-28 18:46:22+00,2024-10-28 19:08:22+00,carrier_feed
35266896-339b-5be1-8b94-057754ed5811,4caff299-48bf-5295-a571-0b81e1086ab9,delivered,in_transit,2024-11-03 19:30:39+00,2024-11-03 19:51:39+00,carrier_feed
f3fefd63-af29-5edb-bc5c-e13a981e1452,91ab7561-8f0c-5140-91a0-820ddd5b92ec,scheduled,,2024-07-06 21:32:03+00,2024-07-06 21:50:03+00,carrier_feed
2d6b8c7a-2a41-5bda-9c40-e95668cf6481,91ab7561-8f0c-5140-91a0-820ddd5b92ec,in_transit,scheduled,2024-07-06 23:35:15+00,2024-07-06 23:51:15+00,carrier_feed
7cadaf90-96ce-54ca-9bbe-e7015ac7e13b,91ab7561-8f0c-5140-91a0-820ddd5b92ec,delivered,in_transit,2024-07-15 19:50:13+00,2024-07-15 20:32:13+00,carrier_feed
82e79c07-0bb1-5e91-884e-da64c17bb90e,8b87e3e5-cccc-52e7-844b-b9ca647a4d3a,scheduled,,2024-03-06 10:41:19+00,2024-03-06 11:08:19+00,carrier_feed
c4d82fdd-5fab-5095-9508-a2cbc1011238,8b87e3e5-cccc-52e7-844b-b9ca647a4d3a,in_transit,scheduled,2024-03-07 15:00:04+00,2024-03-07 15:24:04+00,carrier_feed
ba001da1-8ad6-5619-9ea2-e185c454f52a,8b87e3e5-cccc-52e7-844b-b9ca647a4d3a,delivered,in_transit,2024-03-10 23:29:52+00,2024-03-10 23:34:52+00,carrier_feed
05e5e1ea-ca07-5725-a669-cd04a6e6f428,544a7303-e5b6-5543-ae2d-15673d20e9a8,scheduled,,2024-10-16 13:03:56+00,2024-10-16 13:30:56+00,carrier_feed
16e3e7d3-1bde-521b-a074-a74a576b523f,544a7303-e5b6-5543-ae2d-15673d20e9a8,in_transit,scheduled,2024-10-16 20:37:26+00,2024-10-16 21:09:26+00,carrier_feed
95ba4cc1-dbbd-5310-a588-5b53a470d44b,544a7303-e5b6-5543-ae2d-15673d20e9a8,delivered,in_transit,2024-10-24 05:19:21+00,2024-10-24 05:57:21+00,carrier_feed
8fcabc6d-0370-50fb-be3f-551f5ebf0859,2ffa1071-2eaa-5821-b821-4825ea6ce263,scheduled,,2024-03-17 17:47:56+00,2024-03-17 18:16:56+00,carrier_feed
421cbfc1-c2a9-530c-8c75-443a51f67154,2ffa1071-2eaa-5821-b821-4825ea6ce263,in_transit,scheduled,2024-03-18 02:18:07+00,2024-03-18 02:41:07+00,carrier_feed
f1d77033-1006-55ba-b0ed-1212929af67f,2ffa1071-2eaa-5821-b821-4825ea6ce263,delivered,in_transit,2024-03-22 23:29:46+00,2024-03-22 23:43:46+00,carrier_feed
494ca14e-74e3-5682-b00e-dad4a5fd9e11,e435b26b-d1e7-55fa-a4fb-1376a0cdfedb,scheduled,,2024-01-06 01:54:30+00,2024-01-06 02:35:30+00,carrier_feed
2f983272-51ad-5788-9d4c-fb535e6bce4e,e435b26b-d1e7-55fa-a4fb-1376a0cdfedb,in_transit,scheduled,2024-01-06 08:24:32+00,2024-01-06 08:54:32+00,carrier_feed
95de7c04-ffa9-5ed0-bdd8-ba900847aa6d,e435b26b-d1e7-55fa-a4fb-1376a0cdfedb,delivered,in_transit,2024-01-11 07:48:56+00,2024-01-11 08:00:56+00,carrier_feed
aa857973-26b9-5cd9-adbf-e90178376f6b,69c3a799-9699-53b3-ad9a-c3720fe73c0d,scheduled,,2024-10-28 11:19:00+00,2024-10-28 11:55:00+00,carrier_feed
23afb9fe-d299-5770-9daa-ded74655998b,69c3a799-9699-53b3-ad9a-c3720fe73c0d,in_transit,scheduled,2024-10-29 20:37:41+00,2024-10-29 20:53:41+00,carrier_feed
7bec4191-3a5d-5809-afda-a2a37d1e77f7,69c3a799-9699-53b3-ad9a-c3720fe73c0d,delivered,in_transit,2024-11-05 12:55:39+00,2024-11-05 13:17:39+00,carrier_feed
d4b3c52c-e7de-517b-9c9e-147351b608be,f692a173-ff4e-5159-86a0-0fc8775f85d0,scheduled,,2024-11-14 15:07:54+00,2024-11-14 15:41:54+00,carrier_feed
63816692-101b-5b6b-b0cf-83f137800e75,f692a173-ff4e-5159-86a0-0fc8775f85d0,in_transit,scheduled,2024-11-14 20:12:15+00,2024-11-14 20:25:15+00,carrier_feed
4e8c1f63-2b5d-5c50-8b71-efe087b9b756,f692a173-ff4e-5159-86a0-0fc8775f85d0,delivered,in_transit,2024-11-18 05:15:45+00,2024-11-18 05:51:45+00,carrier_feed
416c5565-7320-5b62-9b47-a6c5cc423001,ad47d544-d0e3-5dea-b65f-7318f6bd81db,scheduled,,2024-04-05 21:06:41+00,2024-04-05 21:24:41+00,carrier_feed
f42bc3a2-8a83-535a-8ea4-85b5876e7335,ad47d544-d0e3-5dea-b65f-7318f6bd81db,in_transit,scheduled,2024-04-07 22:20:13+00,2024-04-07 22:29:13+00,carrier_feed
d17ddf03-5886-50ec-aa2d-4ce90c34a98e,ad47d544-d0e3-5dea-b65f-7318f6bd81db,delivered,in_transit,2024-04-11 08:27:59+00,2024-04-11 09:05:59+00,carrier_feed
6815ba18-acc9-5abc-9755-526705f5203f,8b8eefd0-7a66-5579-b6d2-77105f541714,scheduled,,2024-09-26 21:20:21+00,2024-09-26 22:00:21+00,carrier_feed
3fb75b6c-851e-563d-a69b-1eca26ebf182,8b8eefd0-7a66-5579-b6d2-77105f541714,in_transit,scheduled,2024-09-30 06:02:31+00,2024-09-30 06:43:31+00,carrier_feed
49deec18-f748-529f-881b-4c4623d648d2,8b8eefd0-7a66-5579-b6d2-77105f541714,delivered,in_transit,2024-10-03 05:12:13+00,2024-10-03 05:48:13+00,carrier_feed
4210fbe5-dc7f-5e8f-8e07-db224693387a,6bedf862-d11f-5832-9ab5-9a732c4ab8d8,scheduled,,2024-10-19 02:16:40+00,2024-10-19 02:23:40+00,carrier_feed
465fdd51-53b8-5219-9372-453752085900,6bedf862-d11f-5832-9ab5-9a732c4ab8d8,in_transit,scheduled,2024-10-21 07:44:47+00,2024-10-21 08:16:47+00,carrier_feed
2a7bc8f9-b228-5e51-a908-b7bb375a324d,6bedf862-d11f-5832-9ab5-9a732c4ab8d8,delivered,in_transit,2024-10-25 14:04:48+00,2024-10-25 14:12:48+00,carrier_feed
194c604f-1e0a-51ce-8692-7aa9903fd992,4f1aaac7-b830-5c21-8ed2-3d185a888d64,scheduled,,2024-04-02 01:28:26+00,2024-04-02 01:52:26+00,carrier_feed
fa953791-6afd-541e-8cd5-7ad69641c54e,4f1aaac7-b830-5c21-8ed2-3d185a888d64,in_transit,scheduled,2024-04-04 02:32:57+00,2024-04-04 02:54:57+00,carrier_feed
04f5f872-e9ba-5e9e-aa1a-cd3d16a8d404,4f1aaac7-b830-5c21-8ed2-3d185a888d64,delivered,in_transit,2024-04-11 20:42:08+00,2024-04-11 21:11:08+00,carrier_feed
86156651-71d1-5459-bad5-dff90721177f,11dc5aee-2f62-5ccf-ac53-c39b6aef9946,scheduled,,2024-12-16 18:40:33+00,2024-12-16 18:54:33+00,carrier_feed
2fdc7131-0406-5246-8f9c-81d669be0c3b,11dc5aee-2f62-5ccf-ac53-c39b6aef9946,in_transit,scheduled,2024-12-17 01:20:18+00,2024-12-17 01:26:18+00,carrier_feed
532c5fdf-69c2-5f81-a23e-ef49fbfdb121,11dc5aee-2f62-5ccf-ac53-c39b6aef9946,delivered,in_transit,2024-12-23 14:51:13+00,2024-12-23 15:09:13+00,carrier_feed
6e3a1024-5bc0-58ed-bb0a-10f72bf94edc,eeebc90a-e6bd-568d-9ca8-6dbf2782d839,scheduled,,2024-09-12 12:16:03+00,2024-09-12 12:49:03+00,carrier_feed
5d7ae3a1-55f1-59ee-830e-adde0b729498,eeebc90a-e6bd-568d-9ca8-6dbf2782d839,in_transit,scheduled,2024-09-15 16:23:10+00,2024-09-15 16:46:10+00,carrier_feed
14a6b307-05cb-5d74-ad61-3f8c3e6de505,eeebc90a-e6bd-568d-9ca8-6dbf2782d839,delivered,in_transit,2024-09-22 11:01:21+00,2024-09-22 11:24:21+00,carrier_feed
9e6d3773-9596-560d-9c5c-e36f19d4f942,4289cbf8-b347-5a89-8ee9-88362ab73544,scheduled,,2024-12-05 01:44:06+00,2024-12-05 02:11:06+00,carrier_feed
276370c9-c719-56b1-b817-77cf8dfb68c7,4289cbf8-b347-5a89-8ee9-88362ab73544,in_transit,scheduled,2024-12-07 11:09:14+00,2024-12-07 11:44:14+00,carrier_feed
bf1486bc-326c-5641-b769-fc89be4dc8dd,4289cbf8-b347-5a89-8ee9-88362ab73544,delivered,in_transit,2024-12-13 14:30:00+00,2024-12-13 14:39:00+00,carrier_feed
e7817227-c9ec-5971-bae7-b3b6fb970b1c,b5d402d2-f046-5ce1-9591-56608149010d,scheduled,,2024-02-13 23:28:45+00,2024-02-14 00:09:45+00,carrier_feed
104014a3-10ca-55ed-8e44-517c6de15670,b5d402d2-f046-5ce1-9591-56608149010d,in_transit,scheduled,2024-02-17 05:33:27+00,2024-02-17 06:17:27+00,carrier_feed
7a8bac6e-1408-5efc-b1d8-c7bceff78251,b5d402d2-f046-5ce1-9591-56608149010d,delivered,in_transit,2024-02-21 09:50:48+00,2024-02-21 09:59:48+00,carrier_feed
54d229d8-157c-5ebd-8b69-f76588cea5a3,ca7c42e4-5c46-5542-a71d-9c1a18c8349d,scheduled,,2024-10-29 02:24:27+00,2024-10-29 02:56:27+00,carrier_feed
852156e4-b57c-51c3-a34d-6fe21192caff,ca7c42e4-5c46-5542-a71d-9c1a18c8349d,in_transit,scheduled,2024-10-31 07:50:41+00,2024-10-31 08:25:41+00,carrier_feed
9ad7af1e-b3de-517b-96c7-18dfc4b9ba61,ca7c42e4-5c46-5542-a71d-9c1a18c8349d,delivered,in_transit,2024-11-05 10:08:03+00,2024-11-05 10:25:03+00,carrier_feed
4992936b-876b-5104-bc62-d11f1364afae,f29388a9-4a7f-5316-b564-743cc0f59675,scheduled,,2024-07-01 01:21:06+00,2024-07-01 01:44:06+00,carrier_feed
92214775-b548-5cfa-92d5-04917ac46ee0,f29388a9-4a7f-5316-b564-743cc0f59675,in_transit,scheduled,2024-07-03 10:40:26+00,2024-07-03 10:54:26+00,carrier_feed
fc41c626-b410-5855-843d-35ee269b63c7,f29388a9-4a7f-5316-b564-743cc0f59675,delivered,in_transit,2024-07-10 06:23:14+00,2024-07-10 07:08:14+00,carrier_feed
6bacb936-1cf1-5225-946b-207eb997b734,8f6d0a2a-9635-579a-9c67-01749685acdb,scheduled,,2024-09-03 15:00:00+00,2024-09-03 15:09:00+00,carrier_feed
07cc51b6-58e7-5124-be70-3b8266e948d5,8f6d0a2a-9635-579a-9c67-01749685acdb,in_transit,scheduled,2024-09-06 16:22:59+00,2024-09-06 16:43:59+00,carrier_feed
d102adc1-c1d5-52d6-893b-b2d3987cf7b2,8f6d0a2a-9635-579a-9c67-01749685acdb,delayed,in_transit,2024-09-12 22:29:24+00,2024-09-12 22:43:24+00,carrier_feed
63270aa6-0843-5476-b7b7-7d51f8a3b7f3,8f6d0a2a-9635-579a-9c67-01749685acdb,delivered,delayed,2024-09-16 16:58:02+00,2024-09-16 17:08:02+00,carrier_feed
f482a3e7-f03b-5240-9c60-53d9e53a2837,7f2d33eb-acf2-5f58-95e8-91daab2c87a6,scheduled,,2024-10-13 15:02:40+00,2024-10-13 15:13:40+00,carrier_feed
48bf9af9-163e-54f8-8a09-fb3a6561a11d,7f2d33eb-acf2-5f58-95e8-91daab2c87a6,in_transit,scheduled,2024-10-15 20:35:24+00,2024-10-15 20:57:24+00,carrier_feed
609c8e97-1f7e-54d6-b706-17f3d8a3f512,7f2d33eb-acf2-5f58-95e8-91daab2c87a6,delivered,in_transit,2024-10-17 16:39:23+00,2024-10-17 16:45:23+00,carrier_feed
10881f2e-f6a5-5ad2-9972-7bac38189f9b,8ccb179e-6302-5227-a66f-3aa03c89879f,scheduled,,2024-08-01 23:24:33+00,2024-08-01 23:58:33+00,carrier_feed
82365184-a3f8-550d-8b14-61ffe8dfdd53,8ccb179e-6302-5227-a66f-3aa03c89879f,in_transit,scheduled,2024-08-05 04:26:18+00,2024-08-05 05:06:18+00,carrier_feed
5126ec50-f40b-5fd8-ac1b-6797858afa3c,8ccb179e-6302-5227-a66f-3aa03c89879f,delivered,in_transit,2024-08-13 01:06:40+00,2024-08-13 01:15:40+00,carrier_feed
e68afc06-02a8-5817-bf37-03cf726e045b,0ee28e0d-8dec-5594-9400-99ca29855c12,scheduled,,2024-04-14 18:19:24+00,2024-04-14 18:38:24+00,carrier_feed
ea52f1f3-df3e-5d25-a03a-154d52f808e9,0ee28e0d-8dec-5594-9400-99ca29855c12,in_transit,scheduled,2024-04-16 02:02:42+00,2024-04-16 02:34:42+00,carrier_feed
56385110-56bb-58d2-94ba-5d68482bf343,0ee28e0d-8dec-5594-9400-99ca29855c12,delivered,in_transit,2024-04-18 21:04:43+00,2024-04-18 21:33:43+00,carrier_feed
18318d53-4270-5a4a-929c-4f880f2aca48,efaee699-ec24-5518-838e-f5e920eb023b,scheduled,,2024-10-21 09:00:00+00,2024-10-21 09:24:00+00,carrier_feed
11547d6e-3632-5d19-b06f-fc7c8b215e77,efaee699-ec24-5518-838e-f5e920eb023b,in_transit,scheduled,2024-10-24 16:30:53+00,2024-10-24 17:13:53+00,carrier_feed
3e482ee5-61d0-5de2-aa6d-822c518dfe8e,efaee699-ec24-5518-838e-f5e920eb023b,delivered,in_transit,2024-10-30 21:56:39+00,2024-10-30 22:09:39+00,carrier_feed
c6af1047-da4e-54c8-a344-aea5bc363519,c9809f22-bdef-5627-84c0-1adad491cbb8,scheduled,,2024-02-06 19:46:38+00,2024-02-06 20:28:38+00,carrier_feed
f51002b3-4a74-54b4-96a9-3380ac831bb0,c9809f22-bdef-5627-84c0-1adad491cbb8,in_transit,scheduled,2024-02-08 00:58:30+00,2024-02-08 01:03:30+00,carrier_feed
06bc15ef-e8b1-5a0b-8817-e88c61750195,c9809f22-bdef-5627-84c0-1adad491cbb8,delivered,in_transit,2024-02-11 20:00:41+00,2024-02-11 20:36:41+00,carrier_feed
6e8101e6-dcf8-58be-89d8-66727164abeb,d330ada0-091f-5ff2-bfa3-d3782ae126cc,scheduled,,2024-06-14 21:31:13+00,2024-06-14 21:39:13+00,carrier_feed
f8087d04-4f19-5f02-bd12-4aca3c794ae8,d330ada0-091f-5ff2-bfa3-d3782ae126cc,in_transit,scheduled,2024-06-17 06:33:55+00,2024-06-17 06:50:55+00,carrier_feed
e53be39a-bbdc-587b-95b3-0364c61edbcb,d330ada0-091f-5ff2-bfa3-d3782ae126cc,delivered,in_transit,2024-06-25 01:03:47+00,2024-06-25 01:41:47+00,carrier_feed
7a7d33fe-e4d9-576e-8a31-0f8a3eb802a3,3488b00b-d9f8-5b73-8c47-5926550e0ba9,scheduled,,2024-05-26 01:50:38+00,2024-05-26 02:09:38+00,carrier_feed
37ef0c75-45e1-5094-98a0-71dfb18203b4,3488b00b-d9f8-5b73-8c47-5926550e0ba9,in_transit,scheduled,2024-05-26 10:21:30+00,2024-05-26 11:02:30+00,carrier_feed
7f225791-fb8c-5105-8745-e7745a8449f7,3488b00b-d9f8-5b73-8c47-5926550e0ba9,delivered,in_transit,2024-06-02 00:31:43+00,2024-06-02 00:54:43+00,carrier_feed
7ebf08a5-1cba-5919-ac2a-28e9324c1470,c9a1d7b2-8f63-51fd-9cea-0fecda7e4269,scheduled,,2024-10-10 11:12:43+00,2024-10-10 11:28:43+00,carrier_feed
8ee1d180-7a42-50d8-a137-2fff09f6f3b0,c9a1d7b2-8f63-51fd-9cea-0fecda7e4269,in_transit,scheduled,2024-10-10 14:27:08+00,2024-10-10 15:01:08+00,carrier_feed
be11668b-349c-56d7-8a31-909c8e52b76f,c9a1d7b2-8f63-51fd-9cea-0fecda7e4269,delivered,in_transit,2024-10-14 11:51:03+00,2024-10-14 12:03:03+00,carrier_feed
9f329791-78c8-5901-a6b5-1fabd142f07a,4a1cbbe8-00bb-5b67-9d6a-750c9edfcc23,scheduled,,2024-03-06 22:15:39+00,2024-03-06 22:34:39+00,carrier_feed
f98c726a-9161-560b-960c-e1aecfd2ad39,4a1cbbe8-00bb-5b67-9d6a-750c9edfcc23,in_transit,scheduled,2024-03-08 05:19:14+00,2024-03-08 05:40:14+00,carrier_feed
c29399b7-ed48-548b-ae39-702a716e2027,4a1cbbe8-00bb-5b67-9d6a-750c9edfcc23,delivered,in_transit,2024-03-13 17:36:02+00,2024-03-13 17:50:02+00,carrier_feed
01f63ea4-ab61-502a-a3d5-245c1dd1fffc,f91aa49e-5217-5ecf-87c0-975ad40ebc5a,scheduled,,2024-10-19 20:49:38+00,2024-10-19 21:13:38+00,carrier_feed
a88cf01d-16cb-5d2a-98a0-cf7af55777df,f91aa49e-5217-5ecf-87c0-975ad40ebc5a,in_transit,scheduled,2024-10-22 04:31:26+00,2024-10-22 05:07:26+00,carrier_feed
49f1af76-ef89-562b-a759-cca6216164c5,f91aa49e-5217-5ecf-87c0-975ad40ebc5a,delivered,in_transit,2024-10-24 18:11:12+00,2024-10-24 18:19:12+00,carrier_feed
a90c5ab0-ca45-5207-b00d-1cc668cf9cf9,4beef72b-d6ce-5339-8b7b-ae5c2ea00e47,scheduled,,2024-04-22 21:53:05+00,2024-04-22 22:24:05+00,carrier_feed
6edb1a06-73f9-53be-8e8c-3e6b303b15c9,4beef72b-d6ce-5339-8b7b-ae5c2ea00e47,in_transit,scheduled,2024-04-26 02:59:24+00,2024-04-26 03:23:24+00,carrier_feed
609b702a-be87-5cf2-b1a1-aedc86659ab5,4beef72b-d6ce-5339-8b7b-ae5c2ea00e47,delivered,in_transit,2024-05-04 02:01:11+00,2024-05-04 02:42:11+00,carrier_feed
5c9dd144-4396-55b7-987f-def3427b80a8,40fe7b9d-20e4-5b87-b957-e0947beee898,scheduled,,2024-10-06 15:06:30+00,2024-10-06 15:19:30+00,carrier_feed
06ee6e97-916a-5c0c-a88c-f72a0578a3d6,40fe7b9d-20e4-5b87-b957-e0947beee898,in_transit,scheduled,2024-10-08 17:20:43+00,2024-10-08 17:33:43+00,carrier_feed
c6976913-1ee9-5ffe-9f53-0d838c2eef33,40fe7b9d-20e4-5b87-b957-e0947beee898,delivered,in_transit,2024-10-11 16:39:13+00,2024-10-11 16:52:13+00,carrier_feed
44e8aab3-4b61-5e45-ae28-8a952f0e1d18,64c8902b-5537-5f3f-9b67-603b865cf628,scheduled,,2024-09-02 08:53:53+00,2024-09-02 09:18:53+00,carrier_feed
3ade5574-f488-544c-ac90-32d2eddd726e,64c8902b-5537-5f3f-9b67-603b865cf628,in_transit,scheduled,2024-09-03 12:30:17+00,2024-09-03 13:03:17+00,carrier_feed
0fe6d4b5-9ccd-5196-be20-fea27c04a403,64c8902b-5537-5f3f-9b67-603b865cf628,delivered,in_transit,2024-09-09 06:09:22+00,2024-09-09 06:20:22+00,carrier_feed
e96a82e1-ab47-510b-b3cc-240adc5ec009,868c5ae5-4397-52b8-9d6f-788982fb1a57,scheduled,,2024-10-26 23:45:39+00,2024-10-27 00:16:39+00,carrier_feed
8d6755a1-7b2d-5695-aef9-1b89f3a3874f,868c5ae5-4397-52b8-9d6f-788982fb1a57,in_transit,scheduled,2024-10-29 05:11:27+00,2024-10-29 05:34:27+00,carrier_feed
01a8b451-3082-59c0-b262-bfeb3dda73a1,868c5ae5-4397-52b8-9d6f-788982fb1a57,delivered,in_transit,2024-10-31 07:17:09+00,2024-10-31 07:25:09+00,carrier_feed
bc008200-bbc1-5365-a544-5b1e2b783a42,a48b720d-1eed-5e86-a20e-3d69fef76c39,scheduled,,2024-10-16 00:52:38+00,2024-10-16 00:58:38+00,carrier_feed
62ab0878-4850-5156-811b-05d531f7fdca,a48b720d-1eed-5e86-a20e-3d69fef76c39,in_transit,scheduled,2024-10-17 06:58:58+00,2024-10-17 07:20:58+00,carrier_feed
b7bda514-73c0-50ae-8fd8-55c187f1f58d,a48b720d-1eed-5e86-a20e-3d69fef76c39,delivered,in_transit,2024-10-25 09:39:07+00,2024-10-25 10:16:07+00,carrier_feed
bddb4d1f-539e-5e34-b07b-cd51167d5951,8c55d692-af9f-53c7-880b-dc888cc0ca65,scheduled,,2024-10-14 16:05:06+00,2024-10-14 16:46:06+00,carrier_feed
7d90bdc6-f5b9-58a8-af6e-2d126400d246,8c55d692-af9f-53c7-880b-dc888cc0ca65,in_transit,scheduled,2024-10-15 18:14:14+00,2024-10-15 18:42:14+00,carrier_feed
83a91300-1c84-53d4-a339-e8433e9939b6,8c55d692-af9f-53c7-880b-dc888cc0ca65,delivered,in_transit,2024-10-24 18:33:59+00,2024-10-24 18:48:59+00,carrier_feed
8699285e-1aac-5370-92af-0478e64e9f06,0b70ce0d-c734-52fb-8b41-dd62553b3bb5,scheduled,,2024-02-14 22:02:30+00,2024-02-14 22:23:30+00,carrier_feed
5926bc94-db53-5d11-9c82-4fdd725e6231,0b70ce0d-c734-52fb-8b41-dd62553b3bb5,in_transit,scheduled,2024-02-18 05:08:58+00,2024-02-18 05:20:58+00,carrier_feed
037a168e-ed3b-545a-a087-52faa1a78091,0b70ce0d-c734-52fb-8b41-dd62553b3bb5,delivered,in_transit,2024-02-24 04:45:02+00,2024-02-24 05:07:02+00,carrier_feed
19237db2-859f-5eaf-b912-185b8825eaed,1e24f031-0d0e-5a07-aa86-29353afa625f,scheduled,,2024-12-25 21:12:57+00,2024-12-25 21:31:57+00,carrier_feed
6e8fb8a5-1438-5545-bba4-ef62a552fe17,1e24f031-0d0e-5a07-aa86-29353afa625f,in_transit,scheduled,2024-12-29 01:18:48+00,2024-12-29 02:03:48+00,carrier_feed
b9cfe5a8-51bc-5c29-a4c7-1a97e0ceaa0c,a6d4564d-3706-559c-a615-0f1b467a7b49,scheduled,,2024-09-13 17:18:53+00,2024-09-13 17:40:53+00,carrier_feed
fb3d146d-2476-5d3a-b3d3-5ffe5d5e5587,a6d4564d-3706-559c-a615-0f1b467a7b49,in_transit,scheduled,2024-09-16 21:01:58+00,2024-09-16 21:29:58+00,carrier_feed
25762521-028b-5636-ae0d-9362250275e9,a6d4564d-3706-559c-a615-0f1b467a7b49,delayed,in_transit,2024-09-23 03:07:15+00,2024-09-23 03:39:15+00,carrier_feed
a234ed8b-342d-528b-a319-dec5b1a74ce2,a6d4564d-3706-559c-a615-0f1b467a7b49,delivered,delayed,2024-10-03 21:39:24+00,2024-10-03 22:03:24+00,carrier_feed
22ce84f4-6c53-5f0c-b96f-3b0f6c9c86f7,3d6311c4-cd9b-525e-aa6c-c17c581f3cd2,scheduled,,2024-09-02 10:38:03+00,2024-09-02 11:09:03+00,carrier_feed
b7b1284b-6f7d-58f9-a867-ae0729a75bc5,3d6311c4-cd9b-525e-aa6c-c17c581f3cd2,in_transit,scheduled,2024-09-04 17:58:36+00,2024-09-04 18:28:36+00,carrier_feed
89ee6cae-48c3-574f-80b5-68bd9a68664f,3d6311c4-cd9b-525e-aa6c-c17c581f3cd2,delayed,in_transit,2024-09-13 00:08:20+00,2024-09-13 00:26:20+00,carrier_feed
9db929da-86b6-569a-af75-e6277f8e558c,3d6311c4-cd9b-525e-aa6c-c17c581f3cd2,delivered,delayed,2024-09-17 17:58:45+00,2024-09-17 18:41:45+00,carrier_feed
9908d139-36bd-51ab-93fe-733f1f115a8b,98bc126a-b299-593a-a1ee-ad844f745d30,scheduled,,2024-02-17 16:33:03+00,2024-02-17 17:08:03+00,carrier_feed
bb94683c-0804-5292-970f-6bf28869ed01,98bc126a-b299-593a-a1ee-ad844f745d30,in_transit,scheduled,2024-02-18 18:00:38+00,2024-02-18 18:10:38+00,carrier_feed
215dcb49-725d-5f7e-8973-145d6d5edf84,98bc126a-b299-593a-a1ee-ad844f745d30,delayed,in_transit,2024-02-24 00:44:48+00,2024-02-24 01:21:48+00,carrier_feed
4932e10f-f255-5aca-8133-7c300ed453ba,98bc126a-b299-593a-a1ee-ad844f745d30,delivered,delayed,2024-03-03 18:23:31+00,2024-03-03 18:30:31+00,carrier_feed
34f608f4-e5a2-50b8-aa4f-99e54d7487ab,b8add1b0-74dd-5d8e-870e-0ea9ba112160,scheduled,,2024-10-31 16:45:21+00,2024-10-31 16:55:21+00,carrier_feed
690397b8-a905-54a5-a8f7-2b85fbc64bc5,b8add1b0-74dd-5d8e-870e-0ea9ba112160,in_transit,scheduled,2024-11-01 21:51:52+00,2024-11-01 22:04:52+00,carrier_feed
a6d0a8ed-0578-5143-9990-3d8984a9aeff,b8add1b0-74dd-5d8e-870e-0ea9ba112160,delayed,in_transit,2024-11-07 03:57:00+00,2024-11-07 04:04:00+00,carrier_feed
ecde3c45-79da-5fde-98ba-8d6b2e729b14,b8add1b0-74dd-5d8e-870e-0ea9ba112160,delivered,delayed,2024-11-12 22:13:22+00,2024-11-12 22:42:22+00,carrier_feed
5404a369-b1b1-58e3-83c0-a723191e8e87,b15d9623-69f3-54be-b656-a7dcdec47b3f,scheduled,,2024-06-14 20:12:05+00,2024-06-14 20:30:05+00,carrier_feed
005fb559-f90d-5c6d-a909-012fcf86fc20,b15d9623-69f3-54be-b656-a7dcdec47b3f,in_transit,scheduled,2024-06-18 00:26:07+00,2024-06-18 00:46:07+00,carrier_feed
a7019f46-a712-55c6-8d66-ed9906d51634,b15d9623-69f3-54be-b656-a7dcdec47b3f,delivered,in_transit,2024-06-26 08:35:43+00,2024-06-26 09:02:43+00,carrier_feed
33207711-f62f-5a24-91bd-3cc1f769247e,951f1bdb-ba82-5ff5-b2f1-9041b6b398e1,scheduled,,2024-12-16 20:51:46+00,2024-12-16 21:27:46+00,carrier_feed
958fe3a5-4bcf-5b9c-be3d-836a8d5bbfdb,951f1bdb-ba82-5ff5-b2f1-9041b6b398e1,in_transit,scheduled,2024-12-18 00:04:20+00,2024-12-18 00:31:20+00,carrier_feed
2ce16669-e08e-5636-8f50-8d20460f3f51,951f1bdb-ba82-5ff5-b2f1-9041b6b398e1,delivered,in_transit,2024-12-20 23:29:45+00,2024-12-21 00:14:45+00,carrier_feed
e2949d22-c86c-57a9-880d-30051dbdfffb,2a9a862d-c934-5b14-bcca-a0e14adad285,scheduled,,2024-12-12 18:08:26+00,2024-12-12 18:50:26+00,carrier_feed
a13956fa-5323-5aaa-9c67-6d63c272c6fc,2a9a862d-c934-5b14-bcca-a0e14adad285,in_transit,scheduled,2024-12-12 20:16:12+00,2024-12-12 21:00:12+00,carrier_feed
8b15b3d7-b360-51e5-b93d-61f82f91af7e,2a9a862d-c934-5b14-bcca-a0e14adad285,delivered,in_transit,2024-12-20 12:52:40+00,2024-12-20 13:27:40+00,carrier_feed
29b56b52-9fe5-5db5-8a92-1137fe85e99f,322b249d-3198-5e34-a607-f7241269fbbf,scheduled,,2024-06-14 00:27:38+00,2024-06-14 01:11:38+00,carrier_feed
ce293f36-1a5f-556d-847f-aaac5ea65b9f,322b249d-3198-5e34-a607-f7241269fbbf,in_transit,scheduled,2024-06-15 06:40:01+00,2024-06-15 07:02:01+00,carrier_feed
ee5c42cb-85e5-5975-896a-bfaad4ce7601,322b249d-3198-5e34-a607-f7241269fbbf,delivered,in_transit,2024-06-18 00:47:59+00,2024-06-18 01:30:59+00,carrier_feed
f1663e98-5fa7-5288-83db-482b9d7c1676,95ea8570-ef0e-50e7-a91e-3b331e875442,scheduled,,2024-10-16 16:04:49+00,2024-10-16 16:38:49+00,carrier_feed
ef105ed5-1138-5279-bb5b-6a80bd7121e5,95ea8570-ef0e-50e7-a91e-3b331e875442,in_transit,scheduled,2024-10-18 23:24:09+00,2024-10-18 23:49:09+00,carrier_feed
7bbb3852-59ee-54cb-9e2e-db1df1eef03c,95ea8570-ef0e-50e7-a91e-3b331e875442,delivered,in_transit,2024-10-25 17:44:55+00,2024-10-25 18:14:55+00,carrier_feed
06b55484-2925-5386-b438-74cdb06fd1ab,1f415512-08a8-5641-9d82-52ff9e5e7e76,scheduled,,2024-03-30 19:03:08+00,2024-03-30 19:37:08+00,carrier_feed
4b92dd93-acd3-59ae-abea-37c184957405,1f415512-08a8-5641-9d82-52ff9e5e7e76,in_transit,scheduled,2024-04-02 20:14:57+00,2024-04-02 20:41:57+00,carrier_feed
7b9f18fa-14a8-5037-9e66-2e4df96bb6e3,1f415512-08a8-5641-9d82-52ff9e5e7e76,delivered,in_transit,2024-04-09 04:44:18+00,2024-04-09 05:15:18+00,carrier_feed
b875cb57-3230-5c5e-a501-365984a69085,cafedd32-11f7-538b-ac5c-7fafd86803c5,scheduled,,2024-09-08 02:21:13+00,2024-09-08 02:43:13+00,carrier_feed
442cb7ac-9d97-56e2-8177-f4aa4f4e5c88,cafedd32-11f7-538b-ac5c-7fafd86803c5,in_transit,scheduled,2024-09-10 06:51:04+00,2024-09-10 07:20:04+00,carrier_feed
85c1306f-e560-5e06-8289-f2365c93b153,cafedd32-11f7-538b-ac5c-7fafd86803c5,delivered,in_transit,2024-09-12 11:23:23+00,2024-09-12 11:55:23+00,carrier_feed
899795c0-dcbe-51e5-afa3-6a52f82b83b3,f4f996cc-72f1-5f97-a4bc-19efa0357994,scheduled,,2024-08-03 00:17:27+00,2024-08-03 00:53:27+00,carrier_feed
db6b704b-585a-5a70-84c5-ce858aa0c1f5,f4f996cc-72f1-5f97-a4bc-19efa0357994,in_transit,scheduled,2024-08-05 03:59:54+00,2024-08-05 04:28:54+00,carrier_feed
16f013fc-ddc2-569c-b0c0-8e36acc0279e,f4f996cc-72f1-5f97-a4bc-19efa0357994,delivered,in_transit,2024-08-11 21:24:13+00,2024-08-11 21:54:13+00,carrier_feed
b09aa887-b030-5a8a-9823-92325aa360f9,465d66c0-72e3-5b8a-b59c-9ea3982bb8f6,scheduled,,2024-12-19 19:21:20+00,2024-12-19 19:54:20+00,carrier_feed
30467c8d-77f0-5ec3-a0f1-af94fc13c149,465d66c0-72e3-5b8a-b59c-9ea3982bb8f6,in_transit,scheduled,2024-12-23 01:44:01+00,2024-12-23 02:05:01+00,carrier_feed
656e7cfe-a5fd-5dba-8010-0217cdc56455,465d66c0-72e3-5b8a-b59c-9ea3982bb8f6,delivered,in_transit,2024-12-27 00:02:16+00,2024-12-27 00:43:16+00,carrier_feed
276c01b0-faa8-5fc8-ac10-f2274d16ede2,29aa52cb-3920-56d4-bb9e-54d679689942,scheduled,,2024-03-09 18:09:09+00,2024-03-09 18:19:09+00,carrier_feed
51994e9a-9042-51b3-b31c-5a792f92da22,29aa52cb-3920-56d4-bb9e-54d679689942,in_transit,scheduled,2024-03-10 01:37:34+00,2024-03-10 01:56:34+00,carrier_feed
d8d38dff-5ab1-5af3-8de9-77ac7f4c3e9e,29aa52cb-3920-56d4-bb9e-54d679689942,delivered,in_transit,2024-03-18 18:09:50+00,2024-03-18 18:33:50+00,carrier_feed
62c344fe-d433-5604-8b3b-617e53df9d03,e05d0d0d-768b-5da6-81b3-4994fd175745,scheduled,,2024-11-10 10:25:20+00,2024-11-10 11:02:20+00,carrier_feed
496e5900-9c84-5e11-bf53-9b22a22ca48f,e05d0d0d-768b-5da6-81b3-4994fd175745,in_transit,scheduled,2024-11-12 13:45:01+00,2024-11-12 13:56:01+00,carrier_feed
c2325b3c-89a7-598d-95d8-778a649160fc,e05d0d0d-768b-5da6-81b3-4994fd175745,delivered,in_transit,2024-11-17 14:03:30+00,2024-11-17 14:33:30+00,carrier_feed
fa441d3f-bfa7-5659-b249-adf3e44c79c1,562f72cb-ea11-546a-9474-4251a4634683,scheduled,,2024-10-18 17:04:01+00,2024-10-18 17:46:01+00,carrier_feed
c5d125b2-2520-58eb-baa4-d42d71a73ef4,562f72cb-ea11-546a-9474-4251a4634683,in_transit,scheduled,2024-10-20 02:43:38+00,2024-10-20 03:05:38+00,carrier_feed
4274b86b-4069-59a0-84ca-4b34cace5db2,562f72cb-ea11-546a-9474-4251a4634683,delivered,in_transit,2024-10-23 05:11:28+00,2024-10-23 05:16:28+00,carrier_feed
68e4679d-62f9-5d93-8eee-cf088d39050c,4d4f6a51-f649-51e6-9ceb-d6534e706cd4,scheduled,,2024-06-01 17:14:49+00,2024-06-01 17:32:49+00,carrier_feed
2385a427-65f4-571e-94d9-bc8aeb0dd211,4d4f6a51-f649-51e6-9ceb-d6534e706cd4,in_transit,scheduled,2024-06-05 01:55:15+00,2024-06-05 02:10:15+00,carrier_feed
f8e720fe-2a5b-5732-a0f5-e0e1aa3d5a2d,4d4f6a51-f649-51e6-9ceb-d6534e706cd4,delivered,in_transit,2024-06-09 23:18:22+00,2024-06-09 23:42:22+00,carrier_feed
ede94fdc-fcc3-50e4-aa6d-41d80bc9cf7d,4fac7087-0012-5759-8837-6cb11abc5a6d,scheduled,,2024-11-08 01:07:48+00,2024-11-08 01:21:48+00,carrier_feed
d25e985c-273c-5e51-8cbf-13280573056d,4fac7087-0012-5759-8837-6cb11abc5a6d,in_transit,scheduled,2024-11-11 05:50:29+00,2024-11-11 06:05:29+00,carrier_feed
435223f8-57bf-5ccd-92f4-9b28c48a2b7e,4fac7087-0012-5759-8837-6cb11abc5a6d,delivered,in_transit,2024-11-19 23:12:36+00,2024-11-19 23:24:36+00,carrier_feed
0418bd14-cc2f-5604-baca-0de929485f26,8b22ce60-1374-571e-8d8b-bd8bbbe3fcc1,scheduled,,2024-09-02 22:07:34+00,2024-09-02 22:39:34+00,carrier_feed
dd84df03-f955-56bb-87f1-2b7f19f29c5c,8b22ce60-1374-571e-8d8b-bd8bbbe3fcc1,in_transit,scheduled,2024-09-06 02:47:00+00,2024-09-06 03:08:00+00,carrier_feed
e5bfb6a4-be43-5f14-8005-2de09cd2dae5,8b22ce60-1374-571e-8d8b-bd8bbbe3fcc1,delayed,in_transit,2024-09-13 08:57:02+00,2024-09-13 09:24:02+00,carrier_feed
756185c0-656c-51e1-acc4-925d55e56173,8b22ce60-1374-571e-8d8b-bd8bbbe3fcc1,delivered,delayed,2024-09-24 03:23:45+00,2024-09-24 03:40:45+00,carrier_feed
c3c36efb-65ac-5274-aa2f-ce8b5a8c90fe,0911d4e1-c12c-5650-bdd4-c318dffdc966,scheduled,,2024-09-19 17:31:19+00,2024-09-19 17:44:19+00,carrier_feed
a752afaa-a161-5d02-ba89-7d2be7aa4826,0911d4e1-c12c-5650-bdd4-c318dffdc966,in_transit,scheduled,2024-09-20 00:37:52+00,2024-09-20 01:00:52+00,carrier_feed
f8c2a69b-895e-55a5-a858-3cf6fb202b9e,0911d4e1-c12c-5650-bdd4-c318dffdc966,delivered,in_transit,2024-09-23 18:12:00+00,2024-09-23 18:35:00+00,carrier_feed
38eda63f-6c1b-5585-9278-f0ca6e0c1ac3,fa07663b-0a70-53ef-abd3-be44398516c8,scheduled,,2024-07-02 22:30:08+00,2024-07-02 23:15:08+00,carrier_feed
33868f03-3862-5eca-8d6a-e581fc9fec2f,fa07663b-0a70-53ef-abd3-be44398516c8,in_transit,scheduled,2024-07-02 23:46:50+00,2024-07-02 23:59:50+00,carrier_feed
09ddb4a1-5b47-505c-9506-c2a1f93ab030,fa07663b-0a70-53ef-abd3-be44398516c8,delayed,in_transit,2024-07-07 05:50:51+00,2024-07-07 06:02:51+00,carrier_feed
80270abb-26a7-5765-9138-1780d0bebe26,fa07663b-0a70-53ef-abd3-be44398516c8,delivered,delayed,2024-07-14 00:12:44+00,2024-07-14 00:36:44+00,carrier_feed
f57c0cb4-264e-5728-b024-aacae3c8d86c,52b1e1f7-6e5a-5325-9a13-f981a9e7bb6f,scheduled,,2024-07-22 18:42:58+00,2024-07-22 19:12:58+00,carrier_feed
9743d8ca-b0d6-5280-b10e-fd609ed0e5f0,52b1e1f7-6e5a-5325-9a13-f981a9e7bb6f,in_transit,scheduled,2024-07-26 03:20:46+00,2024-07-26 03:31:46+00,carrier_feed
d0708511-aa3b-53ce-8959-9c0b25f32f50,52b1e1f7-6e5a-5325-9a13-f981a9e7bb6f,delivered,in_transit,2024-07-31 03:58:43+00,2024-07-31 04:03:43+00,carrier_feed
8f23470e-6ea7-5151-97d4-28e6771697a6,da14392a-5595-543c-837e-e0d56dceb801,scheduled,,2024-04-29 02:12:00+00,2024-04-29 02:18:00+00,carrier_feed
c789d43e-2909-5ad1-9de2-821805b886e5,da14392a-5595-543c-837e-e0d56dceb801,in_transit,scheduled,2024-04-29 07:39:11+00,2024-04-29 08:02:11+00,carrier_feed
a045065e-48ea-5ca2-8c24-57eef81c6c78,da14392a-5595-543c-837e-e0d56dceb801,delivered,in_transit,2024-05-01 13:59:30+00,2024-05-01 14:40:30+00,carrier_feed
c2f260aa-6d56-5953-b2b1-8a1b6cf56132,5071d823-55ca-5106-826b-29cc2122e2af,scheduled,,2024-05-25 21:45:48+00,2024-05-25 22:22:48+00,carrier_feed
41869f5e-2321-5ca3-8574-c57d9b785861,5071d823-55ca-5106-826b-29cc2122e2af,in_transit,scheduled,2024-05-28 01:25:16+00,2024-05-28 01:42:16+00,carrier_feed
ff96be39-d86f-52de-9207-ea28a4756060,5071d823-55ca-5106-826b-29cc2122e2af,delivered,in_transit,2024-06-01 05:36:29+00,2024-06-01 06:01:29+00,carrier_feed
f15da4b3-e739-5fea-a416-d37f1af006b3,38f312a3-1474-5ac7-b273-9553df560626,scheduled,,2024-11-06 00:50:31+00,2024-11-06 01:34:31+00,carrier_feed
e0e00376-040f-5687-833d-7d992831db47,38f312a3-1474-5ac7-b273-9553df560626,in_transit,scheduled,2024-11-06 08:59:59+00,2024-11-06 09:06:59+00,carrier_feed
751f6afe-e08b-5396-8bea-bdfebf388bb9,38f312a3-1474-5ac7-b273-9553df560626,delivered,in_transit,2024-11-09 15:40:10+00,2024-11-09 15:48:10+00,carrier_feed
4b2d928c-6fcb-5a4f-abc6-f1c735353a5e,822dec27-cd25-5a75-b7b3-c98675e26f05,scheduled,,2024-09-13 15:43:33+00,2024-09-13 16:09:33+00,carrier_feed
7cb84e17-3549-5914-8085-bbcaa933e13f,822dec27-cd25-5a75-b7b3-c98675e26f05,in_transit,scheduled,2024-09-16 00:49:00+00,2024-09-16 01:26:00+00,carrier_feed
4a02d84f-68b7-541e-b432-954cf3816613,822dec27-cd25-5a75-b7b3-c98675e26f05,delivered,in_transit,2024-09-21 22:01:23+00,2024-09-21 22:12:23+00,carrier_feed
e16789da-02f2-52cd-b2ec-047b35ed1c37,20033a61-de20-50f0-8a8b-9b8c92ec039f,scheduled,,2024-07-18 21:52:38+00,2024-07-18 22:36:38+00,carrier_feed
c8207953-a1f3-5e4c-b4ec-ad92ab55f7e2,20033a61-de20-50f0-8a8b-9b8c92ec039f,in_transit,scheduled,2024-07-22 05:54:22+00,2024-07-22 06:34:22+00,carrier_feed
5ceea97a-7ddd-5ab9-b1d1-4081b2cf1638,20033a61-de20-50f0-8a8b-9b8c92ec039f,delivered,in_transit,2024-07-27 02:31:57+00,2024-07-27 02:48:57+00,carrier_feed
423e6f8e-e1a4-567f-b2e5-10e836f2953f,3a3b9380-db12-5c5c-bb0e-b707612be7ca,scheduled,,2024-05-21 16:43:19+00,2024-05-21 17:15:19+00,carrier_feed
1ef8309d-a972-55e0-a79c-c011df56da63,3a3b9380-db12-5c5c-bb0e-b707612be7ca,in_transit,scheduled,2024-05-21 23:50:39+00,2024-05-22 00:18:39+00,carrier_feed
dc00289d-e2fb-5888-8ce6-1a84a4bfbcb9,3a3b9380-db12-5c5c-bb0e-b707612be7ca,delayed,in_transit,2024-05-25 06:18:02+00,2024-05-25 06:27:02+00,carrier_feed
7d2baeb1-d25c-5fe0-8bf0-c836922a4a31,3a3b9380-db12-5c5c-bb0e-b707612be7ca,delivered,delayed,2024-06-05 23:58:24+00,2024-06-06 00:21:24+00,carrier_feed
570cb5d3-f481-554b-ad95-d30827c999c6,a6c9076e-5fe3-53a4-8b48-066daf0e70c1,scheduled,,2024-09-04 13:47:11+00,2024-09-04 14:17:11+00,carrier_feed
093339c9-8a70-59b7-8724-f70d1f615b35,a6c9076e-5fe3-53a4-8b48-066daf0e70c1,in_transit,scheduled,2024-09-04 16:00:28+00,2024-09-04 16:42:28+00,carrier_feed
5dbdb6a8-22f0-5c34-9e29-7e330518a818,a6c9076e-5fe3-53a4-8b48-066daf0e70c1,delayed,in_transit,2024-09-09 22:29:05+00,2024-09-09 22:37:05+00,carrier_feed
60978a2b-dbd6-5000-a6a4-2cd8a2abc026,a6c9076e-5fe3-53a4-8b48-066daf0e70c1,delivered,delayed,2024-09-14 16:32:58+00,2024-09-14 16:57:58+00,carrier_feed
bf2aec50-5ae2-54c6-8d47-27ec7c7c8b6b,98fa099b-9205-5ceb-97e5-e142533d9a7e,scheduled,,2024-10-16 23:35:58+00,2024-10-17 00:18:58+00,carrier_feed
774e3824-4bac-58b5-b959-8a6012dc189c,98fa099b-9205-5ceb-97e5-e142533d9a7e,in_transit,scheduled,2024-10-19 01:14:25+00,2024-10-19 01:24:25+00,carrier_feed
be2a774d-2ec0-59af-abeb-c5bbd7793b66,98fa099b-9205-5ceb-97e5-e142533d9a7e,delivered,in_transit,2024-10-27 03:32:31+00,2024-10-27 04:11:31+00,carrier_feed
b8e7f4b7-7985-5b23-9b8f-30a7a66a2304,d90f7eaa-649e-5153-852b-64908588fa9a,scheduled,,2024-05-26 00:04:04+00,2024-05-26 00:23:04+00,carrier_feed
67af4e52-5aa3-507d-a8a7-63cef0868197,d90f7eaa-649e-5153-852b-64908588fa9a,in_transit,scheduled,2024-05-27 01:09:06+00,2024-05-27 01:44:06+00,carrier_feed
292920f8-7e28-5c65-bd66-0b4af0b449bf,d90f7eaa-649e-5153-852b-64908588fa9a,delivered,in_transit,2024-05-31 20:46:15+00,2024-05-31 21:17:15+00,carrier_feed
9c5e55fa-8d5a-5f52-8796-0f2a5dd3f07a,c62e0446-6490-58b2-aa0d-0d4818a35aa4,scheduled,,2024-10-27 11:48:35+00,2024-10-27 12:15:35+00,carrier_feed
3e6d543f-eb4d-50ce-9311-813cd092dd4e,c62e0446-6490-58b2-aa0d-0d4818a35aa4,in_transit,scheduled,2024-10-27 12:51:49+00,2024-10-27 13:09:49+00,carrier_feed
f0fdb02a-d7b3-56c8-a697-534d9134e20c,c62e0446-6490-58b2-aa0d-0d4818a35aa4,delivered,in_transit,2024-11-02 17:02:50+00,2024-11-02 17:46:50+00,carrier_feed
3c18fa3c-e5cf-589c-854f-5b05935797e3,8032319a-7b31-5ae8-823d-f38382c58e7a,scheduled,,2024-07-04 23:24:06+00,2024-07-04 23:58:06+00,carrier_feed
b54e30c9-efc2-53dc-a7f1-fa0a3377acf2,8032319a-7b31-5ae8-823d-f38382c58e7a,in_transit,scheduled,2024-07-05 07:01:15+00,2024-07-05 07:42:15+00,carrier_feed
bf73cd7e-8ce0-52dc-8c6c-6f29fe9d08ca,8032319a-7b31-5ae8-823d-f38382c58e7a,delivered,in_transit,2024-07-13 08:06:11+00,2024-07-13 08:13:11+00,carrier_feed
b528c5c0-5ad8-5c37-a442-1d5e8f2a36e0,1f75fbb5-3efb-56d4-aa43-40dcc61de53a,scheduled,,2024-10-09 18:56:27+00,2024-10-09 19:03:27+00,carrier_feed
d9c93e73-9fe9-56a3-aff5-fda578349756,1f75fbb5-3efb-56d4-aa43-40dcc61de53a,in_transit,scheduled,2024-10-12 04:18:55+00,2024-10-12 04:43:55+00,carrier_feed
d23327a9-2cb2-56ce-b22d-7e0e8dc6f969,1f75fbb5-3efb-56d4-aa43-40dcc61de53a,delivered,in_transit,2024-10-14 20:29:33+00,2024-10-14 21:03:33+00,carrier_feed
3cd2c32c-1f71-50be-89aa-0f17e98ab973,e38cab54-a87b-59e9-a4ea-a4ef0b445043,scheduled,,2024-10-02 08:39:50+00,2024-10-02 09:18:50+00,carrier_feed
0ec7337f-5c4e-5c90-aae8-7f2931bb6153,e38cab54-a87b-59e9-a4ea-a4ef0b445043,in_transit,scheduled,2024-10-02 17:20:13+00,2024-10-02 17:38:13+00,carrier_feed
bc564bd7-b69e-5d6b-b91b-0fdcff4f75d7,e38cab54-a87b-59e9-a4ea-a4ef0b445043,delivered,in_transit,2024-10-04 12:57:19+00,2024-10-04 13:18:19+00,carrier_feed
d2394f2e-42b1-5c26-953a-40cb3dbe4c66,1d165ef7-b836-5795-9f80-b7a2dfae8266,scheduled,,2024-11-14 09:08:46+00,2024-11-14 09:18:46+00,carrier_feed
b9de54f7-e576-5f91-9c66-a522219cb182,1d165ef7-b836-5795-9f80-b7a2dfae8266,in_transit,scheduled,2024-11-17 11:22:38+00,2024-11-17 11:28:38+00,carrier_feed
4bc736ba-379c-58d2-933d-d70f000144cb,1d165ef7-b836-5795-9f80-b7a2dfae8266,delivered,in_transit,2024-11-19 10:29:18+00,2024-11-19 11:08:18+00,carrier_feed
29ccbcd8-a530-5a5e-9608-7e7cb4e42f8d,ee70cd96-97ce-51b7-b478-34c38f056f12,scheduled,,2024-10-12 13:34:53+00,2024-10-12 13:42:53+00,carrier_feed
61a36742-2c3a-50db-9800-19fcbae2fc80,ee70cd96-97ce-51b7-b478-34c38f056f12,in_transit,scheduled,2024-10-12 17:10:26+00,2024-10-12 17:46:26+00,carrier_feed
b610294f-1bde-5b78-b56f-4b3ce1edbeb8,ee70cd96-97ce-51b7-b478-34c38f056f12,delivered,in_transit,2024-10-16 21:16:27+00,2024-10-16 21:43:27+00,carrier_feed
60702812-69c0-5c28-a38e-7a5d53b6f96f,307cea50-4e6c-5a4b-a769-e0c6d8cd0217,scheduled,,2024-10-03 15:58:05+00,2024-10-03 16:05:05+00,carrier_feed
7617fbff-97ef-51a9-a257-107d344a4c99,307cea50-4e6c-5a4b-a769-e0c6d8cd0217,in_transit,scheduled,2024-10-05 22:07:24+00,2024-10-05 22:49:24+00,carrier_feed
665292b8-9363-5948-979d-590b2b719eea,307cea50-4e6c-5a4b-a769-e0c6d8cd0217,delivered,in_transit,2024-10-10 17:12:31+00,2024-10-10 17:38:31+00,carrier_feed
466fc05b-779f-55c2-b58a-8df0209216f3,07d29e54-a4bf-5342-8533-0ed8b7ecd213,scheduled,,2024-11-20 18:12:22+00,2024-11-20 18:20:22+00,carrier_feed
752f2823-365a-55b3-b4bb-da2f8fbb931a,07d29e54-a4bf-5342-8533-0ed8b7ecd213,in_transit,scheduled,2024-11-23 02:38:20+00,2024-11-23 02:56:20+00,carrier_feed
07a9d508-35a6-5467-8b75-078c81a9f50a,07d29e54-a4bf-5342-8533-0ed8b7ecd213,delivered,in_transit,2024-11-28 13:51:08+00,2024-11-28 14:16:08+00,carrier_feed
3fcb6415-21ed-51ea-8257-c9ca04ecd8f0,663d94a8-8b68-5c81-9eda-cdbc5fc49d2b,scheduled,,2024-12-28 00:49:19+00,2024-12-28 01:11:19+00,carrier_feed
ea4c3871-4ba9-556e-9196-cfffa8fea310,663d94a8-8b68-5c81-9eda-cdbc5fc49d2b,in_transit,scheduled,2024-12-31 06:31:16+00,2024-12-31 06:59:16+00,carrier_feed
04942249-6848-5f42-afcf-c90846ab1595,1be256c8-45c9-57f0-90d8-dee43d9139b4,scheduled,,2024-04-04 00:00:28+00,2024-04-04 00:12:28+00,carrier_feed
bde19d1b-b873-5471-ac36-a2d4ca42290f,1be256c8-45c9-57f0-90d8-dee43d9139b4,in_transit,scheduled,2024-04-04 06:19:51+00,2024-04-04 06:37:51+00,carrier_feed
a743c2d9-5fb3-5a09-b874-16891d7bda9a,1be256c8-45c9-57f0-90d8-dee43d9139b4,delivered,in_transit,2024-04-12 04:36:03+00,2024-04-12 05:08:03+00,carrier_feed
bc323c88-5c44-5f1f-a09f-a09c5dd42abb,37bd89a5-fac2-5c2e-ae48-0c8330c59614,scheduled,,2024-09-23 00:13:45+00,2024-09-23 00:35:45+00,carrier_feed
d22a2b86-0848-5021-9a97-1a4bf2ce594f,37bd89a5-fac2-5c2e-ae48-0c8330c59614,in_transit,scheduled,2024-09-26 03:40:16+00,2024-09-26 03:47:16+00,carrier_feed
c22791c1-ae92-597b-9af8-20e0dd90f71b,37bd89a5-fac2-5c2e-ae48-0c8330c59614,delayed,in_transit,2024-09-29 09:51:40+00,2024-09-29 10:04:40+00,carrier_feed
cda9c176-31aa-5255-9b03-bb8e84025d51,37bd89a5-fac2-5c2e-ae48-0c8330c59614,delivered,delayed,2024-10-07 04:03:16+00,2024-10-07 04:46:16+00,carrier_feed
2c3d67a0-e1d1-555f-88bb-62b6dbcf0e61,08c1bcb8-8b71-5c2a-bb84-cf25e164aa38,scheduled,,2024-09-12 22:00:07+00,2024-09-12 22:24:07+00,carrier_feed
85e35388-dee9-57f8-9e59-bc0d26a19a94,08c1bcb8-8b71-5c2a-bb84-cf25e164aa38,in_transit,scheduled,2024-09-15 03:33:19+00,2024-09-15 03:49:19+00,carrier_feed
0605c1e0-2c1a-563f-9a17-3926960cd56d,08c1bcb8-8b71-5c2a-bb84-cf25e164aa38,delivered,in_transit,2024-09-18 02:05:09+00,2024-09-18 02:19:09+00,carrier_feed
7dff2504-91ad-5497-b70c-05d3d29ae419,b75060d2-72d6-5a58-b50f-ab494bd28def,scheduled,,2024-05-15 22:39:13+00,2024-05-15 22:46:13+00,carrier_feed
5a95207b-0c63-5192-a982-fb299de09135,b75060d2-72d6-5a58-b50f-ab494bd28def,in_transit,scheduled,2024-05-19 04:13:48+00,2024-05-19 04:53:48+00,carrier_feed
d798a5eb-4909-511f-b18c-6fe29dfdd271,b75060d2-72d6-5a58-b50f-ab494bd28def,delivered,in_transit,2024-05-22 22:54:36+00,2024-05-22 23:20:36+00,carrier_feed
c3dac1d7-a8c3-5b43-ba97-f48f7e464c75,ddcab2d2-1c31-5432-9515-fff481a4dda0,scheduled,,2024-04-06 20:19:41+00,2024-04-06 21:01:41+00,carrier_feed
030bc22d-f398-5d61-8e80-f8cd985686f5,ddcab2d2-1c31-5432-9515-fff481a4dda0,in_transit,scheduled,2024-04-09 03:50:30+00,2024-04-09 04:15:30+00,carrier_feed
1cb75804-b3cd-56ec-9c83-0fc65efd1c7d,ddcab2d2-1c31-5432-9515-fff481a4dda0,delivered,in_transit,2024-04-11 07:17:56+00,2024-04-11 07:22:56+00,carrier_feed
4af4b2a6-3b4e-53ca-bab9-9155d5766309,f34fd775-90a7-58e7-a9ce-a87afaec8fb8,scheduled,,2024-10-14 16:57:04+00,2024-10-14 17:14:04+00,carrier_feed
8f60bff8-7dbc-58da-b5df-dca010ef963a,f34fd775-90a7-58e7-a9ce-a87afaec8fb8,in_transit,scheduled,2024-10-17 19:28:10+00,2024-10-17 19:39:10+00,carrier_feed
739d4bef-cf71-5246-80a6-75d0385362d5,f34fd775-90a7-58e7-a9ce-a87afaec8fb8,delivered,in_transit,2024-10-21 07:37:15+00,2024-10-21 07:51:15+00,carrier_feed
55e375fd-5e6f-5a67-9202-9a29266e901f,fb6417b1-ab00-5c80-ba31-7d0f11c4aa6d,scheduled,,2024-10-23 16:17:58+00,2024-10-23 16:28:58+00,carrier_feed
c25692e5-59f2-52e4-aa1d-fbec16e68882,fb6417b1-ab00-5c80-ba31-7d0f11c4aa6d,in_transit,scheduled,2024-10-26 17:50:29+00,2024-10-26 18:18:29+00,carrier_feed
3256c47d-d510-594f-8fd1-4729f2dda211,fb6417b1-ab00-5c80-ba31-7d0f11c4aa6d,delayed,in_transit,2024-10-30 00:09:13+00,2024-10-30 00:35:13+00,carrier_feed
7c06d8b1-c853-5ab7-b50a-2e919b63dfc0,fb6417b1-ab00-5c80-ba31-7d0f11c4aa6d,delivered,delayed,2024-10-30 18:35:07+00,2024-10-30 19:16:07+00,carrier_feed
45861885-867a-5e47-951e-68a10f925df7,8f7acf0a-f3a3-599a-a7cc-422c36325e10,scheduled,,2024-02-09 02:27:22+00,2024-02-09 02:54:22+00,carrier_feed
032d7b8a-460d-5c28-ae44-251b06dc2570,8f7acf0a-f3a3-599a-a7cc-422c36325e10,in_transit,scheduled,2024-02-12 05:45:09+00,2024-02-12 06:26:09+00,carrier_feed
96c7c237-34ca-5113-827c-0692055a9e44,8f7acf0a-f3a3-599a-a7cc-422c36325e10,delayed,in_transit,2024-02-19 11:45:30+00,2024-02-19 12:29:30+00,carrier_feed
ee41507a-f727-5087-8c01-be5d328c96f5,8f7acf0a-f3a3-599a-a7cc-422c36325e10,delivered,delayed,2024-02-24 05:52:09+00,2024-02-24 06:20:09+00,carrier_feed
ed82b12d-70ea-5af6-a59d-6f09287142fb,4e934a73-b05c-5fe4-af05-a240a04f8e13,scheduled,,2024-04-09 22:13:19+00,2024-04-09 22:54:19+00,carrier_feed
e08ce847-c4b4-5c83-b875-1f679d555fc8,4e934a73-b05c-5fe4-af05-a240a04f8e13,in_transit,scheduled,2024-04-12 00:46:29+00,2024-04-12 01:02:29+00,carrier_feed
55ceb4f4-e943-500c-899f-7629e146da1d,4e934a73-b05c-5fe4-af05-a240a04f8e13,delivered,in_transit,2024-04-18 20:47:00+00,2024-04-18 21:09:00+00,carrier_feed
db510661-6035-5438-a734-fd190449403c,999993ec-7995-58a9-88db-6baaf2a0dc31,scheduled,,2024-08-11 01:25:13+00,2024-08-11 01:34:13+00,carrier_feed
5f9dc209-e015-51b6-8e27-fd473e0e1fd6,999993ec-7995-58a9-88db-6baaf2a0dc31,in_transit,scheduled,2024-08-11 07:36:13+00,2024-08-11 08:19:13+00,carrier_feed
e4bf7f37-1c32-5368-b720-8a2293e21f6a,999993ec-7995-58a9-88db-6baaf2a0dc31,delivered,in_transit,2024-08-19 04:13:54+00,2024-08-19 04:46:54+00,carrier_feed
639dc09e-e447-519e-8fd2-9b6cd4f15f90,fb3b30f4-c7ad-5f3e-b329-6f6263593c80,scheduled,,2024-08-26 22:15:22+00,2024-08-26 22:27:22+00,carrier_feed
5ca1de87-dbce-5dff-88de-52430336e2f4,fb3b30f4-c7ad-5f3e-b329-6f6263593c80,in_transit,scheduled,2024-08-29 06:37:40+00,2024-08-29 07:09:40+00,carrier_feed
6f76bbba-52ed-55ba-9441-c4e65e293c5b,fb3b30f4-c7ad-5f3e-b329-6f6263593c80,delivered,in_transit,2024-09-02 14:50:48+00,2024-09-02 15:20:48+00,carrier_feed
2dc57278-f536-5bd3-8b80-4894712734df,6ea2900f-b472-5aef-a1de-49ca06cc459b,scheduled,,2024-03-18 18:25:36+00,2024-03-18 18:51:36+00,carrier_feed
a88430b1-6229-5c40-a98c-2b100e0b2724,6ea2900f-b472-5aef-a1de-49ca06cc459b,in_transit,scheduled,2024-03-18 23:31:53+00,2024-03-18 23:56:53+00,carrier_feed
ca15e815-7f31-5b42-afbd-731f050f2d42,6ea2900f-b472-5aef-a1de-49ca06cc459b,delayed,in_transit,2024-03-24 05:39:47+00,2024-03-24 05:57:47+00,carrier_feed
f64e2e06-e5fb-5ced-9fe9-982c1f82e5fe,6ea2900f-b472-5aef-a1de-49ca06cc459b,delivered,delayed,2024-03-31 00:13:12+00,2024-03-31 00:42:12+00,carrier_feed
31bd35c3-7fa8-536b-a4ba-60530d20a7fd,cc140748-e86a-5a92-82df-b0bb38cfc0dc,scheduled,,2024-03-23 14:28:53+00,2024-03-23 14:35:53+00,carrier_feed
15cc6f59-cc8f-5168-91ea-2b93eebbce75,cc140748-e86a-5a92-82df-b0bb38cfc0dc,in_transit,scheduled,2024-03-25 18:50:38+00,2024-03-25 19:02:38+00,carrier_feed
f41e7a56-7c68-53ad-a30d-33a62ed33b93,cc140748-e86a-5a92-82df-b0bb38cfc0dc,delivered,in_transit,2024-03-29 13:20:52+00,2024-03-29 13:59:52+00,carrier_feed
fc6c8307-0ea0-5304-8ecc-2b14fe02d1ad,6a16d6ec-904b-5ed8-9501-e58026afeeb9,scheduled,,2024-11-03 22:20:56+00,2024-11-03 22:30:56+00,carrier_feed
73d733b2-f7d8-5cf5-9937-0774266322dd,6a16d6ec-904b-5ed8-9501-e58026afeeb9,in_transit,scheduled,2024-11-07 03:28:57+00,2024-11-07 03:39:57+00,carrier_feed
e8e3b084-1798-5286-897d-88e9b7c8063e,6a16d6ec-904b-5ed8-9501-e58026afeeb9,delivered,in_transit,2024-11-09 22:53:29+00,2024-11-09 23:28:29+00,carrier_feed
01049c0f-6c97-5b11-8985-0836f013205c,4ff7cae4-2719-5372-83db-be9ebf368abd,scheduled,,2024-08-12 23:06:48+00,2024-08-12 23:11:48+00,carrier_feed
a95c6897-a383-511d-85b2-c98d920bfdfe,4ff7cae4-2719-5372-83db-be9ebf368abd,in_transit,scheduled,2024-08-13 02:43:41+00,2024-08-13 03:01:41+00,carrier_feed
e3bedef5-18d1-5fb2-a2eb-52b2ad2407d8,4ff7cae4-2719-5372-83db-be9ebf368abd,delayed,in_transit,2024-08-20 09:00:14+00,2024-08-20 09:13:14+00,carrier_feed
f9121b5e-42a6-5b53-acf1-eb816950b7d9,4ff7cae4-2719-5372-83db-be9ebf368abd,delivered,delayed,2024-08-22 03:06:10+00,2024-08-22 03:46:10+00,carrier_feed
ab96102f-d7a8-5367-8e46-2de24208bcce,05825c4b-e6b9-522b-a027-9b6c7e07bdde,scheduled,,2024-10-02 21:04:06+00,2024-10-02 21:11:06+00,carrier_feed
22649c26-011d-51b4-8f14-9252215a106e,05825c4b-e6b9-522b-a027-9b6c7e07bdde,in_transit,scheduled,2024-10-03 02:23:45+00,2024-10-03 02:43:45+00,carrier_feed
82b5dea9-6526-53ac-b62f-48606eff7aab,05825c4b-e6b9-522b-a027-9b6c7e07bdde,delivered,in_transit,2024-10-11 13:54:45+00,2024-10-11 14:08:45+00,carrier_feed
962b17a2-7215-5f89-a840-ab77eed32a3c,d17c0cb2-7b78-5027-b822-e11cb8251e1a,scheduled,,2024-09-15 11:59:07+00,2024-09-15 12:26:07+00,carrier_feed
94053cf0-edb1-518c-b367-834c82081025,d17c0cb2-7b78-5027-b822-e11cb8251e1a,in_transit,scheduled,2024-09-16 13:25:26+00,2024-09-16 13:42:26+00,carrier_feed
b1742346-c108-50f6-9e50-19e489a5f522,d17c0cb2-7b78-5027-b822-e11cb8251e1a,delayed,in_transit,2024-09-20 19:40:57+00,2024-09-20 20:19:57+00,carrier_feed
508abfb3-94bd-5e47-a427-e57d91c04405,d17c0cb2-7b78-5027-b822-e11cb8251e1a,delivered,delayed,2024-09-27 13:27:08+00,2024-09-27 13:44:08+00,carrier_feed
b582691a-25a6-5de7-8eaa-12ce8dac2eaa,6f782008-e03d-5b0f-a725-e9caa89550ba,scheduled,,2024-07-16 19:15:41+00,2024-07-16 19:45:41+00,carrier_feed
a3d485bd-0ffc-51fd-8156-3d03a64c05eb,6f782008-e03d-5b0f-a725-e9caa89550ba,in_transit,scheduled,2024-07-18 03:32:47+00,2024-07-18 03:41:47+00,carrier_feed
9565c1a9-64e0-59d6-9797-94330b85a6e9,6f782008-e03d-5b0f-a725-e9caa89550ba,delivered,in_transit,2024-07-20 23:49:08+00,2024-07-21 00:12:08+00,carrier_feed
2fa4d8e0-e3f9-5c99-9182-91af2b210c0a,83fe3b44-b467-5ce5-8cc4-682ab72d1883,scheduled,,2024-07-14 16:42:07+00,2024-07-14 17:04:07+00,carrier_feed
37ee5e5b-c9ce-5a41-8921-002a5feb595f,83fe3b44-b467-5ce5-8cc4-682ab72d1883,in_transit,scheduled,2024-07-16 23:15:46+00,2024-07-16 23:59:46+00,carrier_feed
a9215495-1f77-534b-bc29-7971cb40f84f,83fe3b44-b467-5ce5-8cc4-682ab72d1883,delivered,in_transit,2024-07-25 05:54:49+00,2024-07-25 06:06:49+00,carrier_feed
737391b8-6829-5a26-b6eb-3cf264eb9449,51f1d571-0b6a-5c46-a814-27a692cb5190,scheduled,,2024-12-24 23:44:03+00,2024-12-25 00:19:03+00,carrier_feed
1fd178d5-9223-5d08-9da8-5e56f914679d,51f1d571-0b6a-5c46-a814-27a692cb5190,in_transit,scheduled,2024-12-25 07:25:11+00,2024-12-25 08:07:11+00,carrier_feed
08ced152-6170-56b9-a6ce-12893668f743,51f1d571-0b6a-5c46-a814-27a692cb5190,delivered,in_transit,2024-12-28 14:08:42+00,2024-12-28 14:22:42+00,carrier_feed
937d37de-6222-55be-b2d6-58bdd03bad38,e8a1fe08-67e7-5641-af2e-781ca120b0b7,scheduled,,2024-09-14 18:29:33+00,2024-09-14 18:38:33+00,carrier_feed
15e1d9c1-70a3-5ac1-a7bd-7a8e7b9124f4,e8a1fe08-67e7-5641-af2e-781ca120b0b7,in_transit,scheduled,2024-09-17 19:55:18+00,2024-09-17 20:26:18+00,carrier_feed
05a87b9d-56c3-5792-92e1-01e706043b63,e8a1fe08-67e7-5641-af2e-781ca120b0b7,delayed,in_transit,2024-09-25 02:11:43+00,2024-09-25 02:37:43+00,carrier_feed
705b6163-8a72-5b7b-a9c1-49071f34afc8,e8a1fe08-67e7-5641-af2e-781ca120b0b7,delivered,delayed,2024-09-26 20:26:40+00,2024-09-26 20:35:40+00,carrier_feed
1363aabd-1b44-5676-adf8-e0c295c20634,d5d57518-64ac-5f2b-a2d8-e8bee366351f,scheduled,,2024-11-28 00:44:20+00,2024-11-28 01:08:20+00,carrier_feed
4fc5afff-fd63-5c5e-bef8-3429b31906af,d5d57518-64ac-5f2b-a2d8-e8bee366351f,in_transit,scheduled,2024-12-01 06:54:09+00,2024-12-01 07:33:09+00,carrier_feed
ea49bd29-7852-5571-8a5f-d8d19ea23d4c,d5d57518-64ac-5f2b-a2d8-e8bee366351f,delivered,in_transit,2024-12-04 05:09:21+00,2024-12-04 05:21:21+00,carrier_feed
b5a3b15c-84ff-57d8-a7cc-76e8a3d053c1,a452df8c-3d84-5bbb-8020-fc59b567abec,scheduled,,2024-03-23 18:20:07+00,2024-03-23 18:29:07+00,carrier_feed
eb6a20fd-56c7-5218-9d46-8ca56b169fc9,a452df8c-3d84-5bbb-8020-fc59b567abec,in_transit,scheduled,2024-03-23 21:44:32+00,2024-03-23 21:55:32+00,carrier_feed
8d40d615-d99c-53bd-8990-0387495740fd,a452df8c-3d84-5bbb-8020-fc59b567abec,delivered,in_transit,2024-03-30 22:19:29+00,2024-03-30 22:42:29+00,carrier_feed
c4f3d764-a371-59a5-86a9-b06408ff4bf6,3fba3f37-6b98-5c21-96cd-0afed0a12475,scheduled,,2024-03-28 00:44:27+00,2024-03-28 01:15:27+00,carrier_feed
eee62465-e3c8-5d90-a263-6b87160e6b76,3fba3f37-6b98-5c21-96cd-0afed0a12475,in_transit,scheduled,2024-03-31 06:02:50+00,2024-03-31 06:42:50+00,carrier_feed
a945d095-860a-5211-b7d5-b690b5a90dcf,3fba3f37-6b98-5c21-96cd-0afed0a12475,delivered,in_transit,2024-04-06 06:36:53+00,2024-04-06 07:12:53+00,carrier_feed
f4032bba-b3b2-5a5d-8ef6-4df12dad7bdc,d2b35ad4-9d6a-5f41-9cb5-3779d341a967,scheduled,,2024-03-18 09:15:44+00,2024-03-18 09:31:44+00,carrier_feed
1e789c83-aee3-500c-bfd5-03ecbf6f65f3,d2b35ad4-9d6a-5f41-9cb5-3779d341a967,in_transit,scheduled,2024-03-19 12:32:50+00,2024-03-19 13:01:50+00,carrier_feed
c42a86f3-deaa-57d8-89dc-a4903dcfb154,d2b35ad4-9d6a-5f41-9cb5-3779d341a967,delivered,in_transit,2024-03-27 04:07:48+00,2024-03-27 04:19:48+00,carrier_feed
7bcb73ea-e38e-5910-b0f4-fdee46ee96ce,d6a4deae-c16a-5429-be45-469f1c28956f,scheduled,,2024-08-25 19:34:47+00,2024-08-25 19:46:47+00,carrier_feed
3f3f7c65-2b7d-5d81-9b15-1171d368613f,d6a4deae-c16a-5429-be45-469f1c28956f,in_transit,scheduled,2024-08-27 21:57:22+00,2024-08-27 22:33:22+00,carrier_feed
f0cef54a-cbad-5bbe-a37e-73bc93348190,d6a4deae-c16a-5429-be45-469f1c28956f,delivered,in_transit,2024-09-01 16:24:33+00,2024-09-01 16:44:33+00,carrier_feed
cd62ad97-1c6e-5adb-a6e7-01fc62f0a0c9,2a2592bc-ae63-5462-b031-c438e21b795a,scheduled,,2024-05-29 00:41:13+00,2024-05-29 01:16:13+00,carrier_feed
a8393c3c-c27d-5c23-a244-d210826a8208,2a2592bc-ae63-5462-b031-c438e21b795a,in_transit,scheduled,2024-05-31 02:07:26+00,2024-05-31 02:12:26+00,carrier_feed
36df7aa5-4176-5ff8-a399-61c7de532194,2a2592bc-ae63-5462-b031-c438e21b795a,delivered,in_transit,2024-06-04 11:45:52+00,2024-06-04 12:01:52+00,carrier_feed
5f5ec0bd-785f-5580-b783-4b278c760582,a4322ade-8db6-5057-91a1-2bd56c43c544,scheduled,,2024-10-14 12:40:54+00,2024-10-14 12:52:54+00,carrier_feed
c5b494d9-e489-59a4-8c67-41ab2d68dd08,a4322ade-8db6-5057-91a1-2bd56c43c544,in_transit,scheduled,2024-10-15 16:56:01+00,2024-10-15 17:24:01+00,carrier_feed
6db37299-347f-55bc-b84f-ba090aff1d94,a4322ade-8db6-5057-91a1-2bd56c43c544,delivered,in_transit,2024-10-20 22:19:05+00,2024-10-20 22:37:05+00,carrier_feed
cf3727c8-41a3-51bb-970c-3adca92a26f7,87ec5b97-678e-530c-abe3-04f115c2521a,scheduled,,2024-11-06 12:57:10+00,2024-11-06 13:36:10+00,carrier_feed
a312f65e-8a46-5420-8200-48f7bfd69042,87ec5b97-678e-530c-abe3-04f115c2521a,in_transit,scheduled,2024-11-08 22:06:40+00,2024-11-08 22:27:40+00,carrier_feed
1dbe4da1-f3fd-571e-83cd-42d44ab8fd78,87ec5b97-678e-530c-abe3-04f115c2521a,delivered,in_transit,2024-11-12 15:09:48+00,2024-11-12 15:36:48+00,carrier_feed
e0c779e1-ed2c-5c46-9058-559105bb8fdd,03abe299-220b-52f2-acec-406d80acd86b,scheduled,,2024-11-24 17:57:27+00,2024-11-24 18:04:27+00,carrier_feed
0ad014ef-a9eb-5046-af6e-f8f766f34f33,03abe299-220b-52f2-acec-406d80acd86b,in_transit,scheduled,2024-11-25 02:08:13+00,2024-11-25 02:26:13+00,carrier_feed
007acc00-6668-57dc-a586-d6bb85f1b936,03abe299-220b-52f2-acec-406d80acd86b,delivered,in_transit,2024-11-30 17:18:55+00,2024-11-30 17:46:55+00,carrier_feed
f44eb125-3a77-551c-97f2-148ad8a017d0,b542db57-b3aa-5c13-9457-80dba701083b,scheduled,,2024-10-25 16:48:00+00,2024-10-25 17:13:00+00,carrier_feed
ef238161-c606-55ad-b83a-7dc3d78bc5e7,b542db57-b3aa-5c13-9457-80dba701083b,in_transit,scheduled,2024-10-29 02:00:04+00,2024-10-29 02:45:04+00,carrier_feed
f5483866-eac3-5bcf-bc71-17e20be16235,b542db57-b3aa-5c13-9457-80dba701083b,delivered,in_transit,2024-10-31 15:16:30+00,2024-10-31 15:58:30+00,carrier_feed
1c1bb387-5521-5f3b-86ba-0383dfd9c907,df3bb769-43b0-5f72-af30-f08beb48038b,scheduled,,2024-09-23 02:28:25+00,2024-09-23 03:11:25+00,carrier_feed
03a2b0f9-c219-554a-becf-984aab91d2a5,df3bb769-43b0-5f72-af30-f08beb48038b,in_transit,scheduled,2024-09-23 09:43:31+00,2024-09-23 10:13:31+00,carrier_feed
39c024c0-6a76-5090-8d4e-089357ef27fc,df3bb769-43b0-5f72-af30-f08beb48038b,delivered,in_transit,2024-09-26 08:07:44+00,2024-09-26 08:41:44+00,carrier_feed
f1c32d82-ea79-5f65-b0c8-e7ddae7ed35b,6778b3e0-0486-51aa-8f80-7ea46a363d65,scheduled,,2024-09-17 17:29:26+00,2024-09-17 17:48:26+00,carrier_feed
6bb0bf0d-6c03-53bf-aefa-317ba973bcc8,6778b3e0-0486-51aa-8f80-7ea46a363d65,in_transit,scheduled,2024-09-17 23:05:43+00,2024-09-17 23:15:43+00,carrier_feed
4459ad11-d0e3-5971-be12-3bd9b90aa56b,6778b3e0-0486-51aa-8f80-7ea46a363d65,delivered,in_transit,2024-09-23 21:30:10+00,2024-09-23 21:47:10+00,carrier_feed
f99d0d02-9b85-5abd-843d-d32e77526880,1d558743-657a-58c6-918f-b478d95f5c2a,scheduled,,2024-03-10 19:56:13+00,2024-03-10 20:07:13+00,carrier_feed
6ea73387-a867-59a8-9206-5df06b71f78b,1d558743-657a-58c6-918f-b478d95f5c2a,in_transit,scheduled,2024-03-10 22:35:34+00,2024-03-10 22:49:34+00,carrier_feed
7625e536-4bd3-5634-83c1-158d580706c6,1d558743-657a-58c6-918f-b478d95f5c2a,delivered,in_transit,2024-03-13 15:50:00+00,2024-03-13 16:02:00+00,carrier_feed
f8c77882-d147-5d57-b0ee-25bdc1b0adca,2d52d30c-154a-543c-8945-da4282a99a64,scheduled,,2024-10-05 10:10:33+00,2024-10-05 10:27:33+00,carrier_feed
61298a3d-0776-50bc-9315-ec749f457149,2d52d30c-154a-543c-8945-da4282a99a64,in_transit,scheduled,2024-10-05 11:14:31+00,2024-10-05 11:23:31+00,carrier_feed
9410f981-5b51-56cc-9f01-ac51d4c158f1,2d52d30c-154a-543c-8945-da4282a99a64,delivered,in_transit,2024-10-11 06:54:13+00,2024-10-11 07:10:13+00,carrier_feed
c150e356-1a11-599e-a137-f505e163c11d,7e831639-004c-5b26-9346-83eb14c4f246,scheduled,,2024-11-01 19:20:52+00,2024-11-01 19:44:52+00,carrier_feed
2f5771ba-2d46-5c58-b477-78f6e849e920,7e831639-004c-5b26-9346-83eb14c4f246,in_transit,scheduled,2024-11-04 02:40:02+00,2024-11-04 02:57:02+00,carrier_feed
cd15b60e-3a64-527d-9f3d-cf39ace354eb,7e831639-004c-5b26-9346-83eb14c4f246,delivered,in_transit,2024-11-08 01:15:07+00,2024-11-08 01:36:07+00,carrier_feed
84f18b51-626c-59c2-8874-86d6f22caa29,fdce2ec3-3f50-509a-8709-49370fd802f8,scheduled,,2024-10-12 20:26:33+00,2024-10-12 20:55:33+00,carrier_feed
c002cc5a-c29c-5f5a-882f-03c832880629,fdce2ec3-3f50-509a-8709-49370fd802f8,in_transit,scheduled,2024-10-14 00:26:34+00,2024-10-14 00:55:34+00,carrier_feed
27f8309b-0733-5e25-9c80-2c47d99d9762,fdce2ec3-3f50-509a-8709-49370fd802f8,delivered,in_transit,2024-10-16 00:50:03+00,2024-10-16 01:19:03+00,carrier_feed
1f8704f1-3dfc-5b05-aed3-d0b6235066d2,1070e3b4-a5e4-5f43-814b-553d4547b9ea,scheduled,,2024-07-24 22:35:23+00,2024-07-24 22:48:23+00,carrier_feed
f16cc4db-5cc5-5a4d-8cda-2db4a19a45d3,1070e3b4-a5e4-5f43-814b-553d4547b9ea,in_transit,scheduled,2024-07-28 07:07:09+00,2024-07-28 07:50:09+00,carrier_feed
c18c513f-81e0-5d09-a834-23cad5c8a780,1070e3b4-a5e4-5f43-814b-553d4547b9ea,delivered,in_transit,2024-07-31 14:12:18+00,2024-07-31 14:24:18+00,carrier_feed
9b2555a1-3b15-57d0-87df-c21f38b34f60,5210ba53-09b5-57ad-bb07-7ed1a5a7dd2d,scheduled,,2024-03-02 21:12:59+00,2024-03-02 21:29:59+00,carrier_feed
5838a50a-e618-5237-9cfd-55837715966d,5210ba53-09b5-57ad-bb07-7ed1a5a7dd2d,in_transit,scheduled,2024-03-04 05:13:51+00,2024-03-04 05:42:51+00,carrier_feed
943bda91-3ab4-543c-985a-a5462a653bbc,5210ba53-09b5-57ad-bb07-7ed1a5a7dd2d,delivered,in_transit,2024-03-12 02:55:49+00,2024-03-12 03:11:49+00,carrier_feed
8b1b0187-a969-5ebd-a465-14ccad7d154c,ae9cbcb0-2eb4-50cd-acf6-24122d7380e5,scheduled,,2024-01-06 18:54:06+00,2024-01-06 19:04:06+00,carrier_feed
178fe25d-3b78-55b8-bff6-b0ab59ce363c,ae9cbcb0-2eb4-50cd-acf6-24122d7380e5,in_transit,scheduled,2024-01-07 03:28:09+00,2024-01-07 03:54:09+00,carrier_feed
ad70cdc4-e635-55ea-978b-ae5d4cd08984,ae9cbcb0-2eb4-50cd-acf6-24122d7380e5,delivered,in_transit,2024-01-13 14:57:22+00,2024-01-13 15:16:22+00,carrier_feed
366c5e7e-17d4-5260-bff9-e74005963d37,5abbcbdc-ed38-54e1-9912-581e1138f6b9,scheduled,,2024-09-03 11:17:26+00,2024-09-03 11:59:26+00,carrier_feed
f40f1ae6-ae77-5c2a-aad4-8638a370bae2,5abbcbdc-ed38-54e1-9912-581e1138f6b9,in_transit,scheduled,2024-09-06 13:25:58+00,2024-09-06 13:47:58+00,carrier_feed
650f1ff3-f8b3-5938-8df6-7defa144ded5,5abbcbdc-ed38-54e1-9912-581e1138f6b9,delayed,in_transit,2024-09-12 19:47:53+00,2024-09-12 20:08:53+00,carrier_feed
acc9483c-67b5-57f3-a286-31957bee81f5,5abbcbdc-ed38-54e1-9912-581e1138f6b9,delivered,delayed,2024-09-20 14:10:12+00,2024-09-20 14:15:12+00,carrier_feed
3dd6c83c-8b65-5577-ad72-0929170cbd90,7675dd70-310c-584c-8048-75ec269799a4,scheduled,,2024-10-05 13:50:55+00,2024-10-05 14:19:55+00,carrier_feed
092e94e6-26aa-5338-b056-c87a13972534,7675dd70-310c-584c-8048-75ec269799a4,in_transit,scheduled,2024-10-05 16:59:55+00,2024-10-05 17:04:55+00,carrier_feed
0a6f4a96-e7e9-5e90-9d59-f5fde2b0232c,7675dd70-310c-584c-8048-75ec269799a4,delayed,in_transit,2024-10-08 23:37:15+00,2024-10-08 23:46:15+00,carrier_feed
c94e135e-37b1-5c96-b34f-98ba6752390b,7675dd70-310c-584c-8048-75ec269799a4,delivered,delayed,2024-10-19 17:42:39+00,2024-10-19 18:05:39+00,carrier_feed
020bf6bc-2213-569b-b02f-14f5d642835a,500ccbdb-7c63-5f40-9735-8d2e5f7f45dc,scheduled,,2024-10-22 16:40:48+00,2024-10-22 17:11:48+00,carrier_feed
1f78d5a1-2b2f-5650-be41-e8d3d8c50639,500ccbdb-7c63-5f40-9735-8d2e5f7f45dc,in_transit,scheduled,2024-10-25 21:03:41+00,2024-10-25 21:15:41+00,carrier_feed
e7729bff-1527-5212-a5e7-660f922becf8,500ccbdb-7c63-5f40-9735-8d2e5f7f45dc,delivered,in_transit,2024-11-02 17:17:13+00,2024-11-02 17:30:13+00,carrier_feed
27672ab3-406c-583d-bba5-afb4a5bf16ae,d2dd04e4-6dd8-5933-b1e9-246f9f2c346b,scheduled,,2024-10-15 12:08:30+00,2024-10-15 12:13:30+00,carrier_feed
83304cc4-e7cf-56c5-8246-aa282ffdcc35,d2dd04e4-6dd8-5933-b1e9-246f9f2c346b,in_transit,scheduled,2024-10-15 15:34:20+00,2024-10-15 16:00:20+00,carrier_feed
a1c75b14-6d54-579a-9fdc-1d7ee5d00e5c,d2dd04e4-6dd8-5933-b1e9-246f9f2c346b,delivered,in_transit,2024-10-21 23:53:45+00,2024-10-22 00:33:45+00,carrier_feed
c302cf8c-684b-50f4-a11e-94a37b8189e2,750a00c6-2303-5e8b-8533-18ae10d3ebcd,scheduled,,2024-11-12 17:50:18+00,2024-11-12 18:12:18+00,carrier_feed
f4d02a79-168c-5e56-9001-63cc5229472a,750a00c6-2303-5e8b-8533-18ae10d3ebcd,in_transit,scheduled,2024-11-12 23:00:41+00,2024-11-12 23:43:41+00,carrier_feed
d2bc866a-75d4-58fc-b82c-864e865ed8b6,750a00c6-2303-5e8b-8533-18ae10d3ebcd,delivered,in_transit,2024-11-18 17:02:09+00,2024-11-18 17:42:09+00,carrier_feed
3d36c4b8-4a8f-58fa-8ae1-0e1eaffc9436,a65a8c21-8e1e-55d1-9583-6d3d0c88c0bd,scheduled,,2024-09-07 14:52:44+00,2024-09-07 15:15:44+00,carrier_feed
1b3fd83c-0fa4-5b24-be05-987ed85adbd8,a65a8c21-8e1e-55d1-9583-6d3d0c88c0bd,in_transit,scheduled,2024-09-09 00:31:16+00,2024-09-09 00:52:16+00,carrier_feed
87d7d0fc-57c9-5bd3-99a3-96df0fd3bb80,a65a8c21-8e1e-55d1-9583-6d3d0c88c0bd,delivered,in_transit,2024-09-17 20:47:52+00,2024-09-17 21:20:52+00,carrier_feed
a498aea1-ecf9-55bb-b21d-cdc12c3279b6,93fff335-80d8-5217-ac51-672bef72763e,scheduled,,2024-03-24 10:44:29+00,2024-03-24 11:12:29+00,carrier_feed
f376058e-f1b8-5791-996e-d53b56509b63,93fff335-80d8-5217-ac51-672bef72763e,in_transit,scheduled,2024-03-26 20:10:25+00,2024-03-26 20:29:25+00,carrier_feed
51b35bc7-90f5-5ca1-955b-3f34bdec3900,93fff335-80d8-5217-ac51-672bef72763e,delivered,in_transit,2024-03-31 14:19:04+00,2024-03-31 15:03:04+00,carrier_feed
b8dd32a1-2a7b-5380-80c3-453a268cfb2e,a3213a3b-a573-5cac-b4fc-d30883790e29,scheduled,,2024-11-11 21:51:59+00,2024-11-11 22:08:59+00,carrier_feed
c8a269fc-c89f-5809-b90a-ac7fee8e0e77,a3213a3b-a573-5cac-b4fc-d30883790e29,in_transit,scheduled,2024-11-13 06:20:09+00,2024-11-13 06:52:09+00,carrier_feed
088d5acc-7cd2-5f5e-8bc8-00adef8cf1c4,a3213a3b-a573-5cac-b4fc-d30883790e29,delivered,in_transit,2024-11-21 04:43:25+00,2024-11-21 04:51:25+00,carrier_feed
05b0f570-278a-5c34-ae85-9a36190d41ee,c3fad2e5-d768-56d6-b09f-e32c40f8ec15,scheduled,,2024-08-27 01:30:16+00,2024-08-27 01:36:16+00,carrier_feed
d633caee-6ed6-5c6a-90e5-2ef0a827833d,c3fad2e5-d768-56d6-b09f-e32c40f8ec15,in_transit,scheduled,2024-08-30 07:41:26+00,2024-08-30 08:16:26+00,carrier_feed
54c82fa0-31ba-562c-b413-b13d6bff6f24,c3fad2e5-d768-56d6-b09f-e32c40f8ec15,delivered,in_transit,2024-09-06 20:01:25+00,2024-09-06 20:24:25+00,carrier_feed
0428b2a2-d95c-532f-8f64-d967ccb6332c,d83caf32-cce8-549d-8288-d6f160500ece,scheduled,,2024-04-24 23:25:02+00,2024-04-25 00:03:02+00,carrier_feed
c6352791-6b4a-53bd-8846-62a22cfc8183,d83caf32-cce8-549d-8288-d6f160500ece,in_transit,scheduled,2024-04-28 02:44:07+00,2024-04-28 02:55:07+00,carrier_feed
4937e41d-1e42-5b19-857d-dbbabaa87553,d83caf32-cce8-549d-8288-d6f160500ece,delivered,in_transit,2024-04-30 15:59:10+00,2024-04-30 16:16:10+00,carrier_feed
0afe1417-2a2a-5cc3-a25d-3ec66a7c5199,757986d1-f90c-5b35-8901-7aae3de99729,scheduled,,2024-09-26 13:05:19+00,2024-09-26 13:22:19+00,carrier_feed
66da171d-6097-5e13-9ff4-689c606aa81e,757986d1-f90c-5b35-8901-7aae3de99729,in_transit,scheduled,2024-09-29 20:23:04+00,2024-09-29 20:51:04+00,carrier_feed
19890005-497e-5b11-8e9e-346331286884,757986d1-f90c-5b35-8901-7aae3de99729,delivered,in_transit,2024-10-08 04:43:06+00,2024-10-08 05:03:06+00,carrier_feed
9ee7ea00-d647-5d73-9c15-5346636eca4d,08ec5365-b48b-5fa0-82dd-e16e74df9724,scheduled,,2024-10-02 00:23:31+00,2024-10-02 00:41:31+00,carrier_feed
0e455f8e-aa96-502d-bc44-e06eda6885fa,08ec5365-b48b-5fa0-82dd-e16e74df9724,in_transit,scheduled,2024-10-04 06:31:43+00,2024-10-04 06:51:43+00,carrier_feed
86a4a0c1-21ce-5171-b2a4-ebe85262f035,08ec5365-b48b-5fa0-82dd-e16e74df9724,delayed,in_transit,2024-10-13 12:59:55+00,2024-10-13 13:31:55+00,carrier_feed
407ec57c-8f2b-5d5b-a81f-62c29b452f7b,08ec5365-b48b-5fa0-82dd-e16e74df9724,delivered,delayed,2024-10-16 06:32:06+00,2024-10-16 07:16:06+00,carrier_feed
6d26ff2e-063a-580c-8abc-7fa55338de4d,fef3a158-6ac8-571c-ac86-84a248b8f42b,scheduled,,2024-02-15 18:08:27+00,2024-02-15 18:30:27+00,carrier_feed
87e6814a-f2da-5260-95e6-b465a19bf129,fef3a158-6ac8-571c-ac86-84a248b8f42b,in_transit,scheduled,2024-02-15 21:12:09+00,2024-02-15 21:21:09+00,carrier_feed
152dd9c3-7f50-5e40-9349-cd1bd9775511,fef3a158-6ac8-571c-ac86-84a248b8f42b,delivered,in_transit,2024-02-21 21:20:46+00,2024-02-21 21:53:46+00,carrier_feed
d1d2f3cd-73d4-5ee1-9343-48785a9c0db8,24ce49ec-c539-5e42-a208-a69439a1baee,scheduled,,2024-10-08 11:02:21+00,2024-10-08 11:29:21+00,carrier_feed
13b335d4-58bf-59c5-8d2a-6f25ec9c1c90,24ce49ec-c539-5e42-a208-a69439a1baee,in_transit,scheduled,2024-10-10 12:44:15+00,2024-10-10 12:56:15+00,carrier_feed
ba168b88-31da-530c-808a-91df18051bcd,24ce49ec-c539-5e42-a208-a69439a1baee,delivered,in_transit,2024-10-16 12:58:57+00,2024-10-16 13:35:57+00,carrier_feed
876fbe3a-ec68-5039-a4d5-913705b2392a,a984839d-b88f-51a6-b63e-9c12ab19330a,scheduled,,2024-09-12 01:15:10+00,2024-09-12 01:21:10+00,carrier_feed
1e67589f-2173-5bf8-a9a4-99ae922a84bd,a984839d-b88f-51a6-b63e-9c12ab19330a,in_transit,scheduled,2024-09-12 06:45:00+00,2024-09-12 06:50:00+00,carrier_feed
9b3ffaa2-1ddf-5a02-af57-8455a99673b6,a984839d-b88f-51a6-b63e-9c12ab19330a,delivered,in_transit,2024-09-15 10:10:20+00,2024-09-15 10:43:20+00,carrier_feed
097d55c7-e438-5ae7-89cb-30ac0cb77238,fe7fdffa-8535-552c-a4e9-fd00b9532d33,scheduled,,2024-03-10 18:35:50+00,2024-03-10 19:02:50+00,carrier_feed
773088f2-3f07-52bd-8eec-e0ea509f7f66,fe7fdffa-8535-552c-a4e9-fd00b9532d33,in_transit,scheduled,2024-03-10 23:59:22+00,2024-03-11 00:28:22+00,carrier_feed
bf0733f6-007f-5df0-a6fe-75610ad139f6,fe7fdffa-8535-552c-a4e9-fd00b9532d33,delivered,in_transit,2024-03-16 01:38:05+00,2024-03-16 02:06:05+00,carrier_feed
57c66eda-d9f0-5118-bfc1-3bd7636d99e0,b8121257-fc41-534a-b483-fc3671524fa8,scheduled,,2024-08-06 21:08:14+00,2024-08-06 21:47:14+00,carrier_feed
8f710ae4-b390-50a7-afe8-4ba557a84c05,b8121257-fc41-534a-b483-fc3671524fa8,in_transit,scheduled,2024-08-08 22:39:33+00,2024-08-08 22:53:33+00,carrier_feed
1a0b6202-1f88-5fae-a6d5-e9372a56f4d5,b8121257-fc41-534a-b483-fc3671524fa8,delayed,in_transit,2024-08-18 04:45:56+00,2024-08-18 05:11:56+00,carrier_feed
c38e819f-3dc1-5f59-a4df-6d8957fa22e2,b8121257-fc41-534a-b483-fc3671524fa8,delivered,delayed,2024-08-19 22:48:41+00,2024-08-19 23:13:41+00,carrier_feed
509b456b-940a-5b0f-9fa7-20464ef9f8d4,885c68e6-f82a-5458-a20d-55bb37b0e40d,scheduled,,2024-09-04 16:21:40+00,2024-09-04 16:42:40+00,carrier_feed
ac7c34b3-029c-5096-a7e2-71b71b53e4d3,885c68e6-f82a-5458-a20d-55bb37b0e40d,in_transit,scheduled,2024-09-05 18:00:24+00,2024-09-05 18:37:24+00,carrier_feed
0e73e0ac-8a0a-5982-b313-807225bb41b6,885c68e6-f82a-5458-a20d-55bb37b0e40d,delivered,in_transit,2024-09-11 10:22:01+00,2024-09-11 10:42:01+00,carrier_feed
8823b2b2-01da-5452-b8cc-6d14c7f815d4,d2056987-8d4d-58ca-a256-1a54669b7f58,scheduled,,2024-03-21 10:28:26+00,2024-03-21 11:05:26+00,carrier_feed
f14882f3-f399-5dcc-8b03-df7cca0bc025,d2056987-8d4d-58ca-a256-1a54669b7f58,in_transit,scheduled,2024-03-21 17:41:53+00,2024-03-21 18:13:53+00,carrier_feed
6ce2d399-fcd5-56ae-be0b-742162ca0121,d2056987-8d4d-58ca-a256-1a54669b7f58,delivered,in_transit,2024-03-30 10:51:28+00,2024-03-30 11:31:28+00,carrier_feed
ba870485-5850-5d5f-b201-115cdf0af498,7fa7ef5e-9cbf-5d11-bfd9-5f4763af6428,scheduled,,2024-10-04 10:16:57+00,2024-10-04 10:45:57+00,carrier_feed
b58d13e9-0804-5223-bd27-eee289cc78cf,7fa7ef5e-9cbf-5d11-bfd9-5f4763af6428,in_transit,scheduled,2024-10-04 13:27:17+00,2024-10-04 13:37:17+00,carrier_feed
ec6dd3bb-1cde-5254-a7ca-98f4702db82f,7fa7ef5e-9cbf-5d11-bfd9-5f4763af6428,delayed,in_transit,2024-10-07 20:01:38+00,2024-10-07 20:15:38+00,carrier_feed
abba4f74-563f-5847-aa25-7c8182f8b231,7fa7ef5e-9cbf-5d11-bfd9-5f4763af6428,delivered,delayed,2024-10-20 13:47:13+00,2024-10-20 14:04:13+00,carrier_feed
c91a7819-59ad-5067-b8bf-0096345bdd89,7d1885e0-474a-5d29-8101-1c4d125c6814,scheduled,,2024-10-19 17:52:42+00,2024-10-19 18:18:42+00,carrier_feed
7a1a9a32-c5b6-536f-80c5-d0535f1101a7,7d1885e0-474a-5d29-8101-1c4d125c6814,in_transit,scheduled,2024-10-23 02:32:02+00,2024-10-23 03:10:02+00,carrier_feed
65cbc5ee-e249-5dbe-941f-321a0d2ed685,7d1885e0-474a-5d29-8101-1c4d125c6814,delivered,in_transit,2024-10-25 21:06:48+00,2024-10-25 21:42:48+00,carrier_feed
10e8f322-91f8-5e4f-bbea-4b273267752d,ca9aefc9-acf3-586c-9455-f410df4394c1,scheduled,,2024-03-27 12:51:12+00,2024-03-27 13:35:12+00,carrier_feed
bfac9ab4-9c0c-5d98-b110-40766972a6e1,ca9aefc9-acf3-586c-9455-f410df4394c1,in_transit,scheduled,2024-03-27 17:17:13+00,2024-03-27 17:22:13+00,carrier_feed
d8368588-5475-5831-90e4-688f8271558d,ca9aefc9-acf3-586c-9455-f410df4394c1,delayed,in_transit,2024-04-04 23:36:44+00,2024-04-05 00:02:44+00,carrier_feed
9d81bc57-dae1-5379-acb0-7a2e2db35ed7,ca9aefc9-acf3-586c-9455-f410df4394c1,delivered,delayed,2024-04-06 17:58:37+00,2024-04-06 18:03:37+00,carrier_feed
caed69f8-d37d-52b3-bce4-2f0c6f8d3461,c9e3d6b4-a940-5318-8bad-092fc1d5feab,scheduled,,2024-10-09 09:02:24+00,2024-10-09 09:37:24+00,carrier_feed
1c8e3bc9-a34e-545a-885e-10b40fec7340,c9e3d6b4-a940-5318-8bad-092fc1d5feab,in_transit,scheduled,2024-10-09 11:15:13+00,2024-10-09 11:33:13+00,carrier_feed
17b49624-71f3-5c28-a973-3787aabd04d4,c9e3d6b4-a940-5318-8bad-092fc1d5feab,delayed,in_transit,2024-10-15 17:53:42+00,2024-10-15 18:00:42+00,carrier_feed
d5c8ebe8-2cee-59e9-8111-5c3242e1a70b,c9e3d6b4-a940-5318-8bad-092fc1d5feab,delivered,delayed,2024-10-29 11:21:36+00,2024-10-29 12:04:36+00,carrier_feed
a5dcfe16-6419-5c39-8f51-594836cba1c4,354b3517-290d-5e87-b938-1fea71786e69,scheduled,,2024-12-06 19:43:53+00,2024-12-06 19:51:53+00,carrier_feed
09231f44-0521-5c40-882a-4d4fdfc0a2d5,354b3517-290d-5e87-b938-1fea71786e69,in_transit,scheduled,2024-12-09 22:16:19+00,2024-12-09 22:51:19+00,carrier_feed
cd9ed981-81cb-523a-8c4e-a2f1e8f5628f,354b3517-290d-5e87-b938-1fea71786e69,delivered,in_transit,2024-12-13 18:52:32+00,2024-12-13 19:05:32+00,carrier_feed
22122581-824d-5b11-ac2a-3f2ed2238ebd,fe990304-9a41-5aec-9a8b-ab4f2c4b1a47,scheduled,,2024-04-01 23:19:27+00,2024-04-02 00:00:27+00,carrier_feed
204eb50b-08f9-5d93-aae0-b78810a308d6,fe990304-9a41-5aec-9a8b-ab4f2c4b1a47,in_transit,scheduled,2024-04-03 08:54:14+00,2024-04-03 09:15:14+00,carrier_feed
4b776883-4108-5c99-9b1f-f68398773b59,fe990304-9a41-5aec-9a8b-ab4f2c4b1a47,delivered,in_transit,2024-04-09 08:56:40+00,2024-04-09 09:34:40+00,carrier_feed
ada16f70-e229-55bb-9fcb-69f7e5ef9b0d,d52e63dd-d008-5927-a179-7c8b5c09d7c5,scheduled,,2024-09-26 12:06:45+00,2024-09-26 12:31:45+00,carrier_feed
e52dc911-7fb6-549e-b06d-21d794ff5ae0,d52e63dd-d008-5927-a179-7c8b5c09d7c5,in_transit,scheduled,2024-09-27 14:30:32+00,2024-09-27 14:59:32+00,carrier_feed
76e13a8c-c639-54f6-b59b-4a7a3d26e221,d52e63dd-d008-5927-a179-7c8b5c09d7c5,delivered,in_transit,2024-09-29 11:05:16+00,2024-09-29 11:25:16+00,carrier_feed
22ba82fc-647f-5743-926c-8209cd46cc8c,4a56ec28-bf07-5ceb-81ca-65abba0e8b1e,scheduled,,2024-11-14 09:10:07+00,2024-11-14 09:39:07+00,carrier_feed
bae1ab55-3869-5c93-bbf0-98871c45cd93,4a56ec28-bf07-5ceb-81ca-65abba0e8b1e,in_transit,scheduled,2024-11-14 14:45:16+00,2024-11-14 15:17:16+00,carrier_feed
463a17b2-9a65-5f53-a295-3e6952c5923b,4a56ec28-bf07-5ceb-81ca-65abba0e8b1e,delivered,in_transit,2024-11-21 00:06:26+00,2024-11-21 00:36:26+00,carrier_feed
5a177cca-f1d1-57e6-ae1f-661f40e38836,67e623d6-0d62-5a58-a07c-5befd3f4980e,scheduled,,2024-09-29 19:13:27+00,2024-09-29 19:46:27+00,carrier_feed
8d871fd4-c94d-592e-954e-46a23c3bd954,67e623d6-0d62-5a58-a07c-5befd3f4980e,in_transit,scheduled,2024-09-29 21:40:58+00,2024-09-29 21:57:58+00,carrier_feed
bec89131-e2ed-5e85-96d3-a67da9ed26de,67e623d6-0d62-5a58-a07c-5befd3f4980e,delivered,in_transit,2024-10-03 12:07:00+00,2024-10-03 12:18:00+00,carrier_feed
e0908b84-5f96-5240-a794-b415e71871c9,f226f311-4219-5710-a402-0993901371cd,scheduled,,2024-09-20 12:34:03+00,2024-09-20 12:52:03+00,carrier_feed
fe58c0e1-8b8a-553d-acab-64efd403765a,f226f311-4219-5710-a402-0993901371cd,in_transit,scheduled,2024-09-20 15:15:34+00,2024-09-20 15:58:34+00,carrier_feed
65339833-3b66-5097-8701-a21094ede849,f226f311-4219-5710-a402-0993901371cd,delayed,in_transit,2024-09-27 21:51:33+00,2024-09-27 22:21:33+00,carrier_feed
28fa7823-9e4d-56e6-9eae-48b55cb668b0,f226f311-4219-5710-a402-0993901371cd,delivered,delayed,2024-10-04 15:56:57+00,2024-10-04 16:12:57+00,carrier_feed
037d5c6d-4e94-574b-9784-a632e55d803d,94ff63d1-1e83-5e32-ab95-cfaf738c5b37,scheduled,,2024-05-05 01:18:18+00,2024-05-05 01:56:18+00,carrier_feed
d916b51e-0f79-5642-92be-97bf765144f0,94ff63d1-1e83-5e32-ab95-cfaf738c5b37,in_transit,scheduled,2024-05-05 03:43:16+00,2024-05-05 04:13:16+00,carrier_feed
ea34dadc-4d61-5143-9096-0f1f5b931eec,94ff63d1-1e83-5e32-ab95-cfaf738c5b37,delivered,in_transit,2024-05-07 16:12:13+00,2024-05-07 16:32:13+00,carrier_feed
0b08eb45-884f-553a-9511-ada619f61d70,fe50a14b-8bef-5488-90c2-f46394c3b0eb,scheduled,,2024-10-04 14:02:50+00,2024-10-04 14:20:50+00,carrier_feed
3f7f97a5-d42c-58e4-a77f-05f852396ff9,fe50a14b-8bef-5488-90c2-f46394c3b0eb,in_transit,scheduled,2024-10-07 21:32:46+00,2024-10-07 22:11:46+00,carrier_feed
4deedc0c-b00e-5a3d-ab5a-00d38ac4bb95,fe50a14b-8bef-5488-90c2-f46394c3b0eb,delivered,in_transit,2024-10-13 23:08:21+00,2024-10-13 23:49:21+00,carrier_feed
7a65368a-c7c8-56aa-a685-7ab45cb21add,229e1fe0-a324-593c-895f-ae2d42472571,scheduled,,2024-10-28 12:11:31+00,2024-10-28 12:45:31+00,carrier_feed
e7913108-1334-542a-802b-0f81f749f0e9,229e1fe0-a324-593c-895f-ae2d42472571,in_transit,scheduled,2024-10-28 18:13:26+00,2024-10-28 18:39:26+00,carrier_feed
742a9682-60db-5540-b9bc-ce00a991a1c7,229e1fe0-a324-593c-895f-ae2d42472571,delivered,in_transit,2024-10-31 01:27:35+00,2024-10-31 01:51:35+00,carrier_feed
3c92b8c7-7237-5bda-a5b9-ca40473d37bb,6f67947d-95df-5819-a8d0-bf53bf2f2fc8,scheduled,,2024-10-12 18:35:33+00,2024-10-12 19:11:33+00,carrier_feed
01966906-829d-5d0c-8898-71fc901270a5,6f67947d-95df-5819-a8d0-bf53bf2f2fc8,in_transit,scheduled,2024-10-15 01:57:53+00,2024-10-15 02:03:53+00,carrier_feed
18230e36-8f55-5831-8e7f-9b8ac66c7bfb,6f67947d-95df-5819-a8d0-bf53bf2f2fc8,delivered,in_transit,2024-10-21 22:35:07+00,2024-10-21 22:47:07+00,carrier_feed
5633e88c-33a8-5b26-9096-63c486944e3a,b2bfebc9-6582-5f85-9062-2eb47958640b,scheduled,,2024-04-12 19:05:17+00,2024-04-12 19:15:17+00,carrier_feed
5112c7d7-f956-5d01-a6ef-a59a65b9e859,b2bfebc9-6582-5f85-9062-2eb47958640b,in_transit,scheduled,2024-04-14 00:16:09+00,2024-04-14 00:32:09+00,carrier_feed
3950ea2b-7172-5b7d-a0eb-d01e10ba1298,b2bfebc9-6582-5f85-9062-2eb47958640b,delivered,in_transit,2024-04-20 03:25:50+00,2024-04-20 03:35:50+00,carrier_feed
9fcce5bb-ceb1-5505-aec0-b8ac61434234,8ea717bf-5c14-5e20-b0f4-5398f5540ae9,scheduled,,2024-06-03 22:40:10+00,2024-06-03 23:03:10+00,carrier_feed
52231c49-96b9-5b27-a6c6-12143c6627b8,8ea717bf-5c14-5e20-b0f4-5398f5540ae9,in_transit,scheduled,2024-06-04 05:16:59+00,2024-06-04 05:33:59+00,carrier_feed
9a1e0f94-8533-5bd3-bd94-1f5e3ff7843f,8ea717bf-5c14-5e20-b0f4-5398f5540ae9,delivered,in_transit,2024-06-10 00:46:01+00,2024-06-10 01:13:01+00,carrier_feed
6a5c8d47-bb8b-5d3c-a9b3-72255f8cf7a5,c2d05689-7aed-5677-b7cd-ed489cd975a3,scheduled,,2024-03-22 20:23:26+00,2024-03-22 21:06:26+00,carrier_feed
552ea6e6-b527-58e4-bf31-09fdd45ab570,c2d05689-7aed-5677-b7cd-ed489cd975a3,in_transit,scheduled,2024-03-22 23:58:37+00,2024-03-23 00:15:37+00,carrier_feed
9af308d7-bbb1-5b48-8623-14693127752d,c2d05689-7aed-5677-b7cd-ed489cd975a3,delivered,in_transit,2024-03-25 19:30:09+00,2024-03-25 20:14:09+00,carrier_feed
7598bd59-11f5-5e5e-aa96-465a06d65369,4c06793e-00ba-5596-adf2-59901087fc9f,scheduled,,2024-10-31 02:44:27+00,2024-10-31 03:03:27+00,carrier_feed
c6332d0b-c17c-5907-b245-d72a57259a42,4c06793e-00ba-5596-adf2-59901087fc9f,in_transit,scheduled,2024-11-01 08:06:04+00,2024-11-01 08:47:04+00,carrier_feed
ee4ece8b-0cf1-5fd8-8c48-ede5138309ff,4c06793e-00ba-5596-adf2-59901087fc9f,delayed,in_transit,2024-11-08 14:17:18+00,2024-11-08 14:38:18+00,carrier_feed
3190a93a-d0de-53d1-95bb-e78fb9b47a07,4c06793e-00ba-5596-adf2-59901087fc9f,delivered,delayed,2024-11-10 08:10:14+00,2024-11-10 08:25:14+00,carrier_feed
2757d062-c55b-55c1-ad3c-f267a1890087,396162ed-59b6-5a98-8b3a-b2c7a6cf0657,scheduled,,2024-09-08 14:52:44+00,2024-09-08 15:25:44+00,carrier_feed
a85f06d6-66a2-5275-871d-123b0f5c3501,396162ed-59b6-5a98-8b3a-b2c7a6cf0657,in_transit,scheduled,2024-09-09 16:29:53+00,2024-09-09 16:44:53+00,carrier_feed
c292c471-5dc3-5190-ab2f-324ef3db127c,396162ed-59b6-5a98-8b3a-b2c7a6cf0657,delivered,in_transit,2024-09-15 10:30:24+00,2024-09-15 11:07:24+00,carrier_feed
aae38af0-bca6-556d-a258-37a0ae132f8d,b1ebcecb-6d35-53d5-b5c8-a28fc2ad55a3,scheduled,,2024-03-06 16:45:29+00,2024-03-06 16:59:29+00,carrier_feed
dd1bfb53-bc9e-5c59-a60c-1157731407f9,b1ebcecb-6d35-53d5-b5c8-a28fc2ad55a3,in_transit,scheduled,2024-03-09 21:23:24+00,2024-03-09 22:02:24+00,carrier_feed
6522b1da-3a72-564c-b0c0-76d350e8db9c,b1ebcecb-6d35-53d5-b5c8-a28fc2ad55a3,delivered,in_transit,2024-03-17 18:34:47+00,2024-03-17 19:11:47+00,carrier_feed
2340cea1-1ce9-58ae-a59e-e753cd25d35a,d9b053fb-e3d4-56f7-9199-b0710725546e,scheduled,,2024-03-11 19:12:30+00,2024-03-11 19:24:30+00,carrier_feed
065c17ab-d001-515a-8060-4349118c2a35,d9b053fb-e3d4-56f7-9199-b0710725546e,in_transit,scheduled,2024-03-12 04:32:28+00,2024-03-12 04:59:28+00,carrier_feed
8031769f-f31d-591b-8dfa-f40f3d89832e,d9b053fb-e3d4-56f7-9199-b0710725546e,delivered,in_transit,2024-03-21 01:05:17+00,2024-03-21 01:36:17+00,carrier_feed
a6fd7062-1f67-5609-bf36-0b1698ffb96b,6d87595f-3034-538e-b7c9-451b7d48a639,scheduled,,2024-03-04 14:26:07+00,2024-03-04 14:54:07+00,carrier_feed
0d9b8d57-17eb-5e87-a2de-395161480c41,6d87595f-3034-538e-b7c9-451b7d48a639,in_transit,scheduled,2024-03-04 15:56:19+00,2024-03-04 16:40:19+00,carrier_feed
a9f5f386-e9e8-51bb-8bd7-127d71d2f4ce,6d87595f-3034-538e-b7c9-451b7d48a639,delivered,in_transit,2024-03-13 12:01:18+00,2024-03-13 12:30:18+00,carrier_feed
667c1ff2-f25c-5662-9de1-4fdea75052e6,3134986b-10b8-5a54-a168-eb601f8ee04a,scheduled,,2024-11-02 10:01:10+00,2024-11-02 10:06:10+00,carrier_feed
0d6474a6-e64f-50a5-bbee-122148126404,3134986b-10b8-5a54-a168-eb601f8ee04a,in_transit,scheduled,2024-11-04 18:15:57+00,2024-11-04 18:38:57+00,carrier_feed
83e60220-282e-5b46-98cd-d07e70a6690c,3134986b-10b8-5a54-a168-eb601f8ee04a,delivered,in_transit,2024-11-07 12:19:29+00,2024-11-07 12:27:29+00,carrier_feed
68fa5bd9-44a9-5da1-a4b0-7cd19a715966,65dcd28c-53d3-51fd-88b7-1e7268cde25b,scheduled,,2024-03-22 14:07:25+00,2024-03-22 14:23:25+00,carrier_feed
68d68492-879b-56b9-99fd-2da0304a8ef5,65dcd28c-53d3-51fd-88b7-1e7268cde25b,in_transit,scheduled,2024-03-25 16:49:40+00,2024-03-25 17:29:40+00,carrier_feed
47c8a0dc-d6ee-54bf-b5aa-8baadc458b00,65dcd28c-53d3-51fd-88b7-1e7268cde25b,delivered,in_transit,2024-04-01 16:18:49+00,2024-04-01 16:52:49+00,carrier_feed
8b26ffc3-15fe-5bdb-91be-46c780d62674,166309f3-da3e-5522-9e86-aed3ee3b3752,scheduled,,2024-02-10 19:08:44+00,2024-02-10 19:31:44+00,carrier_feed
673a5631-2b4e-50da-bf6e-3c317fc6a3e3,166309f3-da3e-5522-9e86-aed3ee3b3752,in_transit,scheduled,2024-02-14 01:35:57+00,2024-02-14 01:59:57+00,carrier_feed
d2bd5f87-eace-531e-a3fc-ae3a0cd35610,166309f3-da3e-5522-9e86-aed3ee3b3752,delivered,in_transit,2024-02-18 12:03:42+00,2024-02-18 12:37:42+00,carrier_feed
53897dd9-cfaa-54e1-9e93-2148f1617ef5,ef95d148-da4a-5a0e-955d-9af31e278f15,scheduled,,2024-05-14 20:50:49+00,2024-05-14 21:24:49+00,carrier_feed
20adadc7-de94-5d5b-818f-5fa68f053ad0,ef95d148-da4a-5a0e-955d-9af31e278f15,in_transit,scheduled,2024-05-16 01:10:26+00,2024-05-16 01:16:26+00,carrier_feed
884feefd-fcd8-5294-bd67-e3bd79966b35,ef95d148-da4a-5a0e-955d-9af31e278f15,delivered,in_transit,2024-05-24 01:11:37+00,2024-05-24 01:40:37+00,carrier_feed
1a7b1c40-4d04-5ca4-a4c0-8f4ffe8ac13f,18e8f0fb-d15c-5a01-a49d-fe2f3d4bd67e,scheduled,,2024-04-27 21:32:56+00,2024-04-27 21:54:56+00,carrier_feed
30695ad5-ef16-58a2-876f-cad3b5a6cefa,18e8f0fb-d15c-5a01-a49d-fe2f3d4bd67e,in_transit,scheduled,2024-04-29 04:57:49+00,2024-04-29 05:36:49+00,carrier_feed
0039975b-ae83-5507-8394-fd48a2fd7c5e,18e8f0fb-d15c-5a01-a49d-fe2f3d4bd67e,delivered,in_transit,2024-05-07 15:40:25+00,2024-05-07 15:50:25+00,carrier_feed
9a66083a-477b-5a18-a5f0-553cc430421d,07f20dda-fe81-52d2-b9ec-aecc70b7c5ff,scheduled,,2024-11-18 10:27:02+00,2024-11-18 10:45:02+00,carrier_feed
c95b956e-bd9e-54d3-83d9-89b8b3843d56,07f20dda-fe81-52d2-b9ec-aecc70b7c5ff,in_transit,scheduled,2024-11-18 15:43:40+00,2024-11-18 16:03:40+00,carrier_feed
d6640348-960c-5b51-8b74-b0eb19abd51a,07f20dda-fe81-52d2-b9ec-aecc70b7c5ff,delivered,in_transit,2024-11-26 17:44:34+00,2024-11-26 18:10:34+00,carrier_feed
283a83b8-9b86-52ce-b4b1-6faa1d6e1c74,0a1d4b0a-9adf-5914-8bbb-b2cbc73b62b9,scheduled,,2024-11-02 13:18:43+00,2024-11-02 13:54:43+00,carrier_feed
fd9e9b1f-4124-5f5b-8a18-2bde152dab08,0a1d4b0a-9adf-5914-8bbb-b2cbc73b62b9,in_transit,scheduled,2024-11-05 14:26:30+00,2024-11-05 15:04:30+00,carrier_feed
f629c57b-3801-5bf8-8b89-80b02033d3a9,0a1d4b0a-9adf-5914-8bbb-b2cbc73b62b9,delivered,in_transit,2024-11-12 14:10:13+00,2024-11-12 14:25:13+00,carrier_feed
1486e32f-efe0-53e3-8789-52c0094c2acb,c018715a-4ace-5d1d-9f8d-159a58607ca7,scheduled,,2024-10-10 11:39:33+00,2024-10-10 12:23:33+00,carrier_feed
69a3298f-ee39-5c7f-8de7-7ae542877df3,c018715a-4ace-5d1d-9f8d-159a58607ca7,in_transit,scheduled,2024-10-10 14:06:38+00,2024-10-10 14:48:38+00,carrier_feed
6a359bdf-cd25-5528-9f60-5ab99a104ff2,c018715a-4ace-5d1d-9f8d-159a58607ca7,delivered,in_transit,2024-10-17 09:16:58+00,2024-10-17 09:30:58+00,carrier_feed
ce1ffc2d-2677-5e63-a048-9e3d5580caa1,a45fb3bb-d504-5831-b3af-d0e05e688754,scheduled,,2024-03-08 22:37:51+00,2024-03-08 22:59:51+00,carrier_feed
3789922d-920e-5ac4-a67a-ab17bc79248e,a45fb3bb-d504-5831-b3af-d0e05e688754,in_transit,scheduled,2024-03-11 08:16:53+00,2024-03-11 08:39:53+00,carrier_feed
bbfe98b4-6f1e-55f2-a858-a71f86a73aad,a45fb3bb-d504-5831-b3af-d0e05e688754,delivered,in_transit,2024-03-14 11:34:44+00,2024-03-14 11:47:44+00,carrier_feed
69bb9b29-f265-5c7f-bc6f-38acdbe9137e,43278da2-957d-5e4b-8f0c-471c4e259603,scheduled,,2024-03-07 12:56:13+00,2024-03-07 13:15:13+00,carrier_feed
ac14ed00-a87d-5db0-937a-a042e1697164,43278da2-957d-5e4b-8f0c-471c4e259603,in_transit,scheduled,2024-03-08 19:29:48+00,2024-03-08 19:54:48+00,carrier_feed
a6d0739b-8c76-50bf-b679-e2676f3f1f9d,43278da2-957d-5e4b-8f0c-471c4e259603,delivered,in_transit,2024-03-13 00:42:33+00,2024-03-13 00:49:33+00,carrier_feed
bcfb93b1-ad00-566c-940d-b576704383ac,78909216-d4e5-507c-9ee9-63cfecdf9be1,scheduled,,2024-09-09 11:48:28+00,2024-09-09 12:18:28+00,carrier_feed
0dc2e036-075f-5bc8-af05-4f1cc30d0a25,78909216-d4e5-507c-9ee9-63cfecdf9be1,in_transit,scheduled,2024-09-11 19:05:01+00,2024-09-11 19:44:01+00,carrier_feed
06a3dd4e-1004-53d2-a2cd-2639613c0333,78909216-d4e5-507c-9ee9-63cfecdf9be1,delivered,in_transit,2024-09-17 21:39:30+00,2024-09-17 22:17:30+00,carrier_feed
28888d80-c903-53e2-a939-518fae8c0688,f4c84d75-b130-5d33-add5-952b090b70d2,scheduled,,2024-03-26 17:04:27+00,2024-03-26 17:28:27+00,carrier_feed
f3a8afac-5753-5bb5-abcb-636ab7d698f1,f4c84d75-b130-5d33-add5-952b090b70d2,in_transit,scheduled,2024-03-27 01:13:55+00,2024-03-27 01:31:55+00,carrier_feed
43c949b9-fe00-50f8-a4b2-3fe15b8f8a0b,f4c84d75-b130-5d33-add5-952b090b70d2,delivered,in_transit,2024-03-29 12:42:48+00,2024-03-29 13:24:48+00,carrier_feed
8957d5b1-1959-55fa-a242-6129a947e8c4,477fb9ac-096d-5576-9d5c-59e7b79018cc,scheduled,,2024-10-11 00:44:38+00,2024-10-11 01:04:38+00,carrier_feed
55318f02-ef68-5764-8e2e-dca8ce1ce62f,477fb9ac-096d-5576-9d5c-59e7b79018cc,in_transit,scheduled,2024-10-13 04:18:38+00,2024-10-13 05:00:38+00,carrier_feed
c1db2c9f-6439-5b36-9154-1cfcef59334c,477fb9ac-096d-5576-9d5c-59e7b79018cc,delivered,in_transit,2024-10-19 19:18:48+00,2024-10-19 19:37:48+00,carrier_feed
a9b0fe4e-e708-5643-9008-14ae3c4cf2bd,9215d7b3-e632-5590-b274-3673ed74427d,scheduled,,2024-08-01 19:02:56+00,2024-08-01 19:46:56+00,carrier_feed
09f6f7ed-2398-55eb-8469-4bac1cc680c8,9215d7b3-e632-5590-b274-3673ed74427d,in_transit,scheduled,2024-08-04 20:08:49+00,2024-08-04 20:37:49+00,carrier_feed
18609d05-9786-5849-86e7-cd5463902a54,9215d7b3-e632-5590-b274-3673ed74427d,delivered,in_transit,2024-08-06 21:34:33+00,2024-08-06 21:40:33+00,carrier_feed
d7450111-5147-50de-ab0f-f65ac02f493e,bec8bba6-8dde-5014-ba99-d07ef42fe4bc,scheduled,,2024-12-15 20:25:40+00,2024-12-15 20:55:40+00,carrier_feed
52434e74-9b28-5279-a7c4-eb638f73f8ce,bec8bba6-8dde-5014-ba99-d07ef42fe4bc,in_transit,scheduled,2024-12-18 01:39:53+00,2024-12-18 01:53:53+00,carrier_feed
3b9a5e87-00a0-56ae-a2d7-a85a6e6f5b33,bec8bba6-8dde-5014-ba99-d07ef42fe4bc,delivered,in_transit,2024-12-20 10:47:42+00,2024-12-20 11:19:42+00,carrier_feed
4ab707ee-57df-543e-ba97-3a4a9c1afaf0,88e4be09-a228-5351-93d4-b1f6fa320786,scheduled,,2024-03-06 01:37:07+00,2024-03-06 01:54:07+00,carrier_feed
b29b1f47-c68e-527f-80f6-8e28d1a1cb8f,88e4be09-a228-5351-93d4-b1f6fa320786,in_transit,scheduled,2024-03-07 05:58:58+00,2024-03-07 06:37:58+00,carrier_feed
81fd320d-d5ce-558d-a98b-e39bb7c82fc2,88e4be09-a228-5351-93d4-b1f6fa320786,delivered,in_transit,2024-03-09 03:43:42+00,2024-03-09 03:57:42+00,carrier_feed
b71f9f85-7339-5b80-a0ed-f57d8dd6ff55,0e09343f-ba5f-55ea-87c4-920d9aa4b9ab,scheduled,,2024-11-25 12:26:32+00,2024-11-25 12:45:32+00,carrier_feed
64d4eb63-6b42-5cd7-ad38-48f8e2e12040,0e09343f-ba5f-55ea-87c4-920d9aa4b9ab,in_transit,scheduled,2024-11-25 14:06:45+00,2024-11-25 14:50:45+00,carrier_feed
9d354549-e795-5af6-85e7-2172f10acb20,0e09343f-ba5f-55ea-87c4-920d9aa4b9ab,delayed,in_transit,2024-11-28 20:44:30+00,2024-11-28 20:56:30+00,carrier_feed
496132c2-0953-5346-ab09-003daa1bb9ad,0e09343f-ba5f-55ea-87c4-920d9aa4b9ab,delivered,delayed,2024-12-09 14:11:15+00,2024-12-09 14:54:15+00,carrier_feed
9427c88e-4905-566e-920b-25015f8975bb,64e7c4eb-6d20-5a58-8dac-7ed5dbaff6d4,scheduled,,2024-06-22 20:03:30+00,2024-06-22 20:16:30+00,carrier_feed
50a5533b-803b-5845-bb3b-c03712db14a1,64e7c4eb-6d20-5a58-8dac-7ed5dbaff6d4,in_transit,scheduled,2024-06-22 23:39:27+00,2024-06-23 00:21:27+00,carrier_feed
a440f68c-a2bb-5458-9fde-676f6f01db94,64e7c4eb-6d20-5a58-8dac-7ed5dbaff6d4,delivered,in_transit,2024-06-30 17:55:11+00,2024-06-30 18:18:11+00,carrier_feed
4eefb726-0b03-5765-9188-4d349197663d,e33a922d-8df0-563e-bf37-0092213f9e66,scheduled,,2024-03-07 22:46:35+00,2024-03-07 23:21:35+00,carrier_feed
a9486164-9fa3-56a8-92e3-f9ce38248d3f,e33a922d-8df0-563e-bf37-0092213f9e66,in_transit,scheduled,2024-03-09 00:29:01+00,2024-03-09 01:06:01+00,carrier_feed
1fc2c036-c5d5-5369-b786-c8399c489bb0,e33a922d-8df0-563e-bf37-0092213f9e66,delivered,in_transit,2024-03-15 23:46:56+00,2024-03-16 00:21:56+00,carrier_feed
e963fad5-5b94-5864-ac9e-9d8b0e412c28,bb5b6e8c-610d-5535-a76f-755896b32c1f,scheduled,,2024-01-15 23:16:07+00,2024-01-15 23:38:07+00,carrier_feed
32f15056-ab42-5670-9325-642a2b97176f,bb5b6e8c-610d-5535-a76f-755896b32c1f,in_transit,scheduled,2024-01-19 06:27:44+00,2024-01-19 06:54:44+00,carrier_feed
48b73770-1066-51bd-9410-10e654ab68c1,bb5b6e8c-610d-5535-a76f-755896b32c1f,delivered,in_transit,2024-01-21 10:29:25+00,2024-01-21 10:50:25+00,carrier_feed
00673d68-4549-5558-8a5f-fa1f6eccbecf,aea0755a-40c7-5325-864c-0debd57a30f1,scheduled,,2024-08-10 01:22:41+00,2024-08-10 01:50:41+00,carrier_feed
859072e9-aa96-54b3-9109-21c1cb5e2946,aea0755a-40c7-5325-864c-0debd57a30f1,in_transit,scheduled,2024-08-13 10:27:14+00,2024-08-13 10:58:14+00,carrier_feed
4607f616-0dc1-52fc-bcbf-53e491d3443f,aea0755a-40c7-5325-864c-0debd57a30f1,delivered,in_transit,2024-08-20 08:06:17+00,2024-08-20 08:11:17+00,carrier_feed
c40320cd-c882-5278-bb1d-98a66a506d12,1c559e12-afd8-5e67-9b48-64b732bc2858,scheduled,,2024-10-11 16:48:17+00,2024-10-11 17:05:17+00,carrier_feed
b1fd0f7d-3925-5a40-bb29-3a0586b1539b,1c559e12-afd8-5e67-9b48-64b732bc2858,in_transit,scheduled,2024-10-13 20:53:18+00,2024-10-13 21:05:18+00,carrier_feed
3f97d865-7dc9-5043-b877-3f45b68dd526,1c559e12-afd8-5e67-9b48-64b732bc2858,delivered,in_transit,2024-10-21 17:59:19+00,2024-10-21 18:44:19+00,carrier_feed
aaed34ec-d4e3-5774-8b99-6510541e97d4,75692997-46b6-5e30-baea-d8b0c96e0d7c,scheduled,,2024-03-11 23:10:04+00,2024-03-11 23:49:04+00,carrier_feed
cd010142-1f1b-53be-a682-503cac194803,75692997-46b6-5e30-baea-d8b0c96e0d7c,in_transit,scheduled,2024-03-12 06:44:00+00,2024-03-12 07:15:00+00,carrier_feed
6bf9eaa0-b62c-58c7-a421-fa30518e0ca4,75692997-46b6-5e30-baea-d8b0c96e0d7c,delivered,in_transit,2024-03-19 12:14:34+00,2024-03-19 12:51:34+00,carrier_feed
61470e0a-aa91-5abb-a636-d34dd1a2d6ce,25fa4b1b-3419-5543-bc44-18cec5fb2e85,scheduled,,2024-08-20 16:52:39+00,2024-08-20 17:21:39+00,carrier_feed
db8e0072-344d-5a4d-829d-689a30812b46,25fa4b1b-3419-5543-bc44-18cec5fb2e85,in_transit,scheduled,2024-08-20 22:02:12+00,2024-08-20 22:30:12+00,carrier_feed
8b402a7c-3914-54c6-a6ac-ca5af4eb4cde,25fa4b1b-3419-5543-bc44-18cec5fb2e85,delivered,in_transit,2024-08-27 03:18:05+00,2024-08-27 04:00:05+00,carrier_feed
d116c4a3-eb1d-5b76-a071-40b3fd07d358,9e8fef8e-abda-522f-b42f-645ef93d80ec,scheduled,,2024-03-27 10:58:53+00,2024-03-27 11:14:53+00,carrier_feed
57c8f6c3-87b7-5727-b606-3d4d8464b720,9e8fef8e-abda-522f-b42f-645ef93d80ec,in_transit,scheduled,2024-03-30 19:28:02+00,2024-03-30 20:03:02+00,carrier_feed
631ff1ad-bbbe-55c3-b373-1c458ace1bc5,9e8fef8e-abda-522f-b42f-645ef93d80ec,delivered,in_transit,2024-04-01 16:34:44+00,2024-04-01 17:17:44+00,carrier_feed
26ffe08c-8fa4-53cb-ac5a-c1facea6e389,800013b2-cd24-582e-9f2e-d7d729e37452,scheduled,,2024-06-01 19:28:23+00,2024-06-01 20:11:23+00,carrier_feed
d843fb99-90de-5aa0-930f-abeb082021a3,800013b2-cd24-582e-9f2e-d7d729e37452,in_transit,scheduled,2024-06-03 02:44:30+00,2024-06-03 03:08:30+00,carrier_feed
16e872b2-018a-5d7d-8609-813ab7b81dde,800013b2-cd24-582e-9f2e-d7d729e37452,delivered,in_transit,2024-06-10 11:08:54+00,2024-06-10 11:46:54+00,carrier_feed
1efdeb63-9403-5b71-bbad-850f65605930,38c0a283-47b8-5c78-aa6e-10816dcb0994,scheduled,,2024-06-09 02:24:20+00,2024-06-09 02:36:20+00,carrier_feed
efecc17c-5517-5424-83c6-6017920f9952,38c0a283-47b8-5c78-aa6e-10816dcb0994,in_transit,scheduled,2024-06-10 05:36:53+00,2024-06-10 06:21:53+00,carrier_feed
7d7ba7d2-d267-5e9b-8943-64e7f2aa68d7,38c0a283-47b8-5c78-aa6e-10816dcb0994,delivered,in_transit,2024-06-15 17:07:11+00,2024-06-15 17:23:11+00,carrier_feed
3734c7ab-d1c1-57ad-9340-ca7ac2883513,6e4788ad-0c94-5019-8995-17e4247b6b9c,scheduled,,2024-01-30 22:53:45+00,2024-01-30 23:36:45+00,carrier_feed
61a2a2ae-35be-5d24-bc48-e7e69feb9f8b,6e4788ad-0c94-5019-8995-17e4247b6b9c,in_transit,scheduled,2024-02-03 05:59:35+00,2024-02-03 06:30:35+00,carrier_feed
88d1a3be-bbcb-551d-a56b-d3c268f46539,6e4788ad-0c94-5019-8995-17e4247b6b9c,delivered,in_transit,2024-02-10 04:21:45+00,2024-02-10 04:44:45+00,carrier_feed
75a5022a-54d4-55d0-8867-b6e725aafe01,706cda17-48ba-5ff6-8281-e5605b0e468b,scheduled,,2024-01-18 00:26:13+00,2024-01-18 00:51:13+00,carrier_feed
ef023405-3bb9-52a4-b3fa-27faa7598313,706cda17-48ba-5ff6-8281-e5605b0e468b,in_transit,scheduled,2024-01-19 07:04:49+00,2024-01-19 07:27:49+00,carrier_feed
f1fc2135-b49d-598e-9c81-ceff5d0f0b3e,706cda17-48ba-5ff6-8281-e5605b0e468b,delivered,in_transit,2024-01-26 03:26:53+00,2024-01-26 04:04:53+00,carrier_feed
9e20473c-0f75-5d68-a031-642f417411b4,9d8b9859-5cfb-57bd-a74d-68761e8c34c2,scheduled,,2024-09-24 19:40:41+00,2024-09-24 19:53:41+00,carrier_feed
b7be30cf-3b13-5ccc-843e-a3ef38032d6b,9d8b9859-5cfb-57bd-a74d-68761e8c34c2,in_transit,scheduled,2024-09-27 04:06:38+00,2024-09-27 04:40:38+00,carrier_feed
be345f37-3248-5bc9-8ed6-5292cd7f55de,9d8b9859-5cfb-57bd-a74d-68761e8c34c2,delivered,in_transit,2024-09-30 11:19:27+00,2024-09-30 11:55:27+00,carrier_feed
6062fa4a-0f8c-5801-a88e-23694876ae8c,22329310-00a1-5c71-9f52-d9911c6ed5ee,scheduled,,2024-10-02 17:14:22+00,2024-10-02 17:26:22+00,carrier_feed
cb91a1d7-da3a-5e92-9f2f-eba79341c6e1,22329310-00a1-5c71-9f52-d9911c6ed5ee,in_transit,scheduled,2024-10-03 01:21:49+00,2024-10-03 02:02:49+00,carrier_feed
f4459adb-12ea-5483-bc99-ab0c66b117cf,22329310-00a1-5c71-9f52-d9911c6ed5ee,delivered,in_transit,2024-10-05 01:48:16+00,2024-10-05 02:15:16+00,carrier_feed
13e89366-b71e-5b54-b071-0cbb8b7a52b4,5b65ed48-33e8-5c60-9c4f-87a8bcb17404,scheduled,,2024-09-14 16:58:40+00,2024-09-14 17:41:40+00,carrier_feed
a3a81185-8cc5-5f00-9ac0-bcc9c341d8e9,5b65ed48-33e8-5c60-9c4f-87a8bcb17404,in_transit,scheduled,2024-09-17 00:22:37+00,2024-09-17 00:32:37+00,carrier_feed
bee847c2-f6da-5206-9c3e-9fe8873b182d,5b65ed48-33e8-5c60-9c4f-87a8bcb17404,delivered,in_transit,2024-09-25 07:58:59+00,2024-09-25 08:43:59+00,carrier_feed
b4e8d0bc-c09f-536c-86e8-f790e298c2cd,9f3766e4-ca4f-56c5-8790-47d6d8926a9c,scheduled,,2024-09-21 23:03:36+00,2024-09-21 23:15:36+00,carrier_feed
8ea4421e-31ff-5390-bcfb-217b0ba2f24d,9f3766e4-ca4f-56c5-8790-47d6d8926a9c,in_transit,scheduled,2024-09-22 00:48:04+00,2024-09-22 01:32:04+00,carrier_feed
6246a83d-a371-5c0c-8813-dce28dbc468d,9f3766e4-ca4f-56c5-8790-47d6d8926a9c,delivered,in_transit,2024-09-28 23:48:21+00,2024-09-29 00:30:21+00,carrier_feed
e7154b9e-88eb-5e9b-a7ff-b34e3151a8cf,b588bbe6-db52-5344-ba6e-1a5a012f4f28,scheduled,,2024-11-28 21:44:26+00,2024-11-28 22:05:26+00,carrier_feed
d9aaa9c3-22d1-5bc0-8ca7-4603ec93369c,b588bbe6-db52-5344-ba6e-1a5a012f4f28,in_transit,scheduled,2024-11-30 07:14:57+00,2024-11-30 07:26:57+00,carrier_feed
5a22004a-487c-56b4-8c86-14ed86cf8bcc,b588bbe6-db52-5344-ba6e-1a5a012f4f28,delivered,in_transit,2024-12-06 03:48:29+00,2024-12-06 04:07:29+00,carrier_feed
dafaed21-949b-5f35-8d53-f80a383e7441,121f4337-90c0-53de-8c05-3c85663f148a,scheduled,,2024-09-25 14:02:17+00,2024-09-25 14:32:17+00,carrier_feed
8be8bb19-e32c-5016-992c-f38c46101688,121f4337-90c0-53de-8c05-3c85663f148a,in_transit,scheduled,2024-09-25 17:42:32+00,2024-09-25 18:06:32+00,carrier_feed
0df7c78f-173f-5c7b-86f6-04a2613187b8,121f4337-90c0-53de-8c05-3c85663f148a,delivered,in_transit,2024-09-29 14:49:28+00,2024-09-29 15:13:28+00,carrier_feed
42afec18-15cb-5647-bb5b-4e395d8efc9f,d9692db4-a2c7-5e9c-abc4-b25082dbddbc,scheduled,,2024-03-12 21:33:50+00,2024-03-12 22:06:50+00,carrier_feed
380cafa4-37ef-51d6-a9eb-f80241751c99,d9692db4-a2c7-5e9c-abc4-b25082dbddbc,in_transit,scheduled,2024-03-15 23:07:30+00,2024-03-15 23:42:30+00,carrier_feed
d5bed357-cad0-5544-80ac-9a8c22bd1c39,d9692db4-a2c7-5e9c-abc4-b25082dbddbc,delivered,in_transit,2024-03-18 05:09:04+00,2024-03-18 05:24:04+00,carrier_feed
361d72e6-1771-556f-b602-701609035914,c2810aae-3165-5172-bc80-6b8b8dd4f798,scheduled,,2024-12-13 00:39:00+00,2024-12-13 01:21:00+00,carrier_feed
e1068a61-98dc-54fd-bc19-78e7d5c92f11,c2810aae-3165-5172-bc80-6b8b8dd4f798,in_transit,scheduled,2024-12-14 08:20:16+00,2024-12-14 08:31:16+00,carrier_feed
17deccec-41f4-582b-8843-9e1bafe3664a,c2810aae-3165-5172-bc80-6b8b8dd4f798,delivered,in_transit,2024-12-18 06:03:32+00,2024-12-18 06:15:32+00,carrier_feed
edcef1a2-ecd7-5faa-9fe0-0ab362aac6a3,559baf5c-2133-5279-9c10-f91748779712,scheduled,,2024-03-29 20:12:52+00,2024-03-29 20:51:52+00,carrier_feed
24dce34d-36a8-54e3-ad3e-17a35684a218,559baf5c-2133-5279-9c10-f91748779712,in_transit,scheduled,2024-03-30 21:22:09+00,2024-03-30 21:59:09+00,carrier_feed
1e3b2181-635e-5f4e-9eb0-9b1d08f17085,559baf5c-2133-5279-9c10-f91748779712,delivered,in_transit,2024-04-01 20:33:56+00,2024-04-01 20:56:56+00,carrier_feed
1b976dac-6740-5ef4-b4f8-62de9577883b,bfa6f724-a29d-571f-9377-80d4e9619e13,scheduled,,2024-09-18 08:55:06+00,2024-09-18 09:19:06+00,carrier_feed
adac81ab-77ae-5aee-a75b-a4d6e340e336,bfa6f724-a29d-571f-9377-80d4e9619e13,in_transit,scheduled,2024-09-21 15:11:25+00,2024-09-21 15:18:25+00,carrier_feed
a53037ee-559d-5e07-8ad5-e4140d22a33b,bfa6f724-a29d-571f-9377-80d4e9619e13,delivered,in_transit,2024-09-28 14:54:46+00,2024-09-28 15:06:46+00,carrier_feed
b83f5389-f007-56e2-a053-d29f162b156d,57369a41-9c41-5a58-99b1-a502366b2321,scheduled,,2024-11-27 16:03:35+00,2024-11-27 16:24:35+00,carrier_feed
95a764a1-5d97-5019-a4c6-f1b011fed806,57369a41-9c41-5a58-99b1-a502366b2321,in_transit,scheduled,2024-11-29 21:30:16+00,2024-11-29 22:03:16+00,carrier_feed
2387a530-2500-5610-96f1-8fc751c03fb2,57369a41-9c41-5a58-99b1-a502366b2321,delivered,in_transit,2024-12-07 16:11:03+00,2024-12-07 16:16:03+00,carrier_feed
6a9f421b-4a95-5c5f-9284-e8dad7411295,56092f95-6905-594a-b598-d34b7ff8d21a,scheduled,,2024-09-10 02:12:16+00,2024-09-10 02:52:16+00,carrier_feed
1715fc0f-aabf-5b7d-b152-56a4989678cc,56092f95-6905-594a-b598-d34b7ff8d21a,in_transit,scheduled,2024-09-13 06:36:58+00,2024-09-13 06:52:58+00,carrier_feed
ae76c6f2-13af-5c0a-81fb-7ce9b7e8e35c,56092f95-6905-594a-b598-d34b7ff8d21a,delivered,in_transit,2024-09-15 23:02:24+00,2024-09-15 23:19:24+00,carrier_feed
2dfbaba6-50aa-5d84-b528-8ad9dea7f1f1,bc319c40-584b-51cc-bf96-73d61414b51d,scheduled,,2024-10-04 20:24:22+00,2024-10-04 20:34:22+00,carrier_feed
ed7f2301-0a31-5c70-a35c-02a2b4c6a6fc,bc319c40-584b-51cc-bf96-73d61414b51d,in_transit,scheduled,2024-10-08 06:00:59+00,2024-10-08 06:42:59+00,carrier_feed
e3ded70b-323f-5c1b-921e-42d11799691c,bc319c40-584b-51cc-bf96-73d61414b51d,delivered,in_transit,2024-10-13 17:25:08+00,2024-10-13 17:54:08+00,carrier_feed
d52c7b98-3c14-5d1b-bd4b-358b44799585,0f4e1622-9b13-53cb-882e-0de31a39bd24,scheduled,,2024-07-06 16:48:19+00,2024-07-06 17:00:19+00,carrier_feed
49fe3ee2-ab43-5cd8-bfab-2f266ca36d8d,0f4e1622-9b13-53cb-882e-0de31a39bd24,in_transit,scheduled,2024-07-07 23:33:01+00,2024-07-08 00:08:01+00,carrier_feed
a32e2dad-f166-5ec8-ad75-f097844f8205,0f4e1622-9b13-53cb-882e-0de31a39bd24,delivered,in_transit,2024-07-11 11:16:01+00,2024-07-11 11:30:01+00,carrier_feed
3d65e15f-5e45-578f-85d9-a210c8d83985,9c6f804b-6aa8-5cc7-a4ce-db364c3ad267,scheduled,,2024-12-14 22:23:21+00,2024-12-14 22:50:21+00,carrier_feed
242636ea-14ee-5498-9293-55fd6aceb2af,9c6f804b-6aa8-5cc7-a4ce-db364c3ad267,in_transit,scheduled,2024-12-17 07:44:43+00,2024-12-17 08:21:43+00,carrier_feed
5cd0c7c2-d51f-5973-bc14-65a0a8549b85,9c6f804b-6aa8-5cc7-a4ce-db364c3ad267,delivered,in_transit,2024-12-23 08:16:10+00,2024-12-23 08:55:10+00,carrier_feed
7f775ea8-9c38-5f9b-9928-0cce344c72b1,580a9e97-7373-5dc0-a88b-288231e2a615,scheduled,,2024-03-13 21:51:18+00,2024-03-13 22:04:18+00,carrier_feed
1901dc60-f5da-5a87-962a-75dcda3601dd,580a9e97-7373-5dc0-a88b-288231e2a615,in_transit,scheduled,2024-03-15 01:35:42+00,2024-03-15 02:13:42+00,carrier_feed
25a849cb-b996-5d5d-a6d1-d6af1bf38e45,580a9e97-7373-5dc0-a88b-288231e2a615,delivered,in_transit,2024-03-21 01:17:20+00,2024-03-21 01:38:20+00,carrier_feed
69bc99a5-1056-55de-b625-341ca01e848c,fb22ffae-747e-54e9-a4f8-0cb41ba3cc76,scheduled,,2024-03-24 12:37:56+00,2024-03-24 12:58:56+00,carrier_feed
f22c0b07-9ca5-5884-b89e-8260ceca2545,fb22ffae-747e-54e9-a4f8-0cb41ba3cc76,in_transit,scheduled,2024-03-27 19:14:29+00,2024-03-27 19:29:29+00,carrier_feed
5e2378ec-dbea-5437-aba1-728135c8e423,fb22ffae-747e-54e9-a4f8-0cb41ba3cc76,delayed,in_transit,2024-04-02 01:16:39+00,2024-04-02 01:49:39+00,carrier_feed
e3b67f28-9cd4-546b-bff3-40bf6fce2427,fb22ffae-747e-54e9-a4f8-0cb41ba3cc76,delivered,delayed,2024-04-02 19:39:08+00,2024-04-02 19:51:08+00,carrier_feed
d977202f-50c2-5f0b-a13c-831761fa1b9d,1dbb88dc-32e7-5fc4-9c18-f616a1c17674,scheduled,,2024-02-04 17:58:45+00,2024-02-04 18:43:45+00,carrier_feed
f3a1c9f7-1681-51d0-977a-79d1a8920fbd,1dbb88dc-32e7-5fc4-9c18-f616a1c17674,in_transit,scheduled,2024-02-05 02:12:12+00,2024-02-05 02:49:12+00,carrier_feed
8dadb936-f8dd-573f-a98e-217b94a187b0,1dbb88dc-32e7-5fc4-9c18-f616a1c17674,delivered,in_transit,2024-02-07 21:53:23+00,2024-02-07 21:59:23+00,carrier_feed
7efe160d-e3ea-5f2c-b890-a6f8cd73e1d9,4e4af7ce-4991-508a-a0cf-2f25d28bf689,scheduled,,2024-10-16 15:06:13+00,2024-10-16 15:27:13+00,carrier_feed
1cca1c60-24e8-552d-82d1-cf35e6a00300,4e4af7ce-4991-508a-a0cf-2f25d28bf689,in_transit,scheduled,2024-10-17 23:15:54+00,2024-10-17 23:43:54+00,carrier_feed
b69fd304-013c-562f-8413-e23dafa23427,4e4af7ce-4991-508a-a0cf-2f25d28bf689,delivered,in_transit,2024-10-23 05:37:23+00,2024-10-23 06:02:23+00,carrier_feed
2134bd49-39db-5b4c-9b0a-d9859c5554ce,0739f4a7-5f11-59ec-8616-f623b12b7137,scheduled,,2024-11-11 18:30:53+00,2024-11-11 19:14:53+00,carrier_feed
3f5e4eb2-e2fd-50b3-a96b-ba2ad58b65d3,0739f4a7-5f11-59ec-8616-f623b12b7137,in_transit,scheduled,2024-11-11 20:59:40+00,2024-11-11 21:09:40+00,carrier_feed
ea350fa1-0ce4-5bea-8f22-561f2368584d,0739f4a7-5f11-59ec-8616-f623b12b7137,delayed,in_transit,2024-11-15 03:02:17+00,2024-11-15 03:18:17+00,carrier_feed
3b74f6db-02ba-54a6-89b3-55a231d5603f,0739f4a7-5f11-59ec-8616-f623b12b7137,delivered,delayed,2024-11-20 21:23:51+00,2024-11-20 22:02:51+00,carrier_feed
ff5d8dba-151a-5ce1-9d2e-3084911dad9a,80c6fb73-1d18-57a0-986d-754299d9d762,scheduled,,2024-09-10 17:43:10+00,2024-09-10 18:26:10+00,carrier_feed
69f4ada7-79bb-5f78-afd1-5eb99fe37208,80c6fb73-1d18-57a0-986d-754299d9d762,in_transit,scheduled,2024-09-10 21:21:33+00,2024-09-10 22:02:33+00,carrier_feed
8deade6b-91d6-5a6e-83f8-c2bea2f6b7cd,80c6fb73-1d18-57a0-986d-754299d9d762,delayed,in_transit,2024-09-16 03:31:03+00,2024-09-16 03:59:03+00,carrier_feed
ec64c493-aadc-5e2e-b01b-d28a15994b9f,80c6fb73-1d18-57a0-986d-754299d9d762,delivered,delayed,2024-09-19 21:25:58+00,2024-09-19 21:37:58+00,carrier_feed
506a1dc9-4272-5364-ace8-53b3592cfed9,9969fb40-0cec-5298-b307-4cdd3129760b,scheduled,,2024-09-10 11:25:09+00,2024-09-10 11:40:09+00,carrier_feed
752ff459-d60d-589d-8504-79b26619fb9c,9969fb40-0cec-5298-b307-4cdd3129760b,in_transit,scheduled,2024-09-12 15:30:31+00,2024-09-12 15:41:31+00,carrier_feed
91202549-d37d-5099-bd2c-55992c46f681,9969fb40-0cec-5298-b307-4cdd3129760b,delivered,in_transit,2024-09-20 16:37:22+00,2024-09-20 17:22:22+00,carrier_feed
d6248dce-ed61-50a7-a6c9-6197df188ea4,838a8d01-2fa5-5629-a3ac-4f2702533bfa,scheduled,,2024-11-20 13:13:32+00,2024-11-20 13:48:32+00,carrier_feed
d677bdec-fd2f-5da0-a982-75931fe8971c,838a8d01-2fa5-5629-a3ac-4f2702533bfa,in_transit,scheduled,2024-11-22 16:40:54+00,2024-11-22 17:04:54+00,carrier_feed
6e77177b-118b-505c-9267-4c8061b92647,838a8d01-2fa5-5629-a3ac-4f2702533bfa,delivered,in_transit,2024-11-28 13:12:21+00,2024-11-28 13:57:21+00,carrier_feed
d0e08d8d-001e-55ef-963d-49dd18f94daf,a4eec5e0-9ff8-550b-80de-248f018ba00a,scheduled,,2024-10-29 20:04:35+00,2024-10-29 20:28:35+00,carrier_feed
b7adaac5-aab5-53cd-aee9-632c731003bd,a4eec5e0-9ff8-550b-80de-248f018ba00a,in_transit,scheduled,2024-10-29 21:40:19+00,2024-10-29 22:13:19+00,carrier_feed
3c23bdfe-ccd8-5d6d-9651-607e7c250500,a4eec5e0-9ff8-550b-80de-248f018ba00a,delivered,in_transit,2024-11-07 15:16:23+00,2024-11-07 15:44:23+00,carrier_feed
f988b097-e5c5-5d07-9717-3cc8e43e333e,cc63d7ef-5d23-5d72-96af-60bef7a91f4f,scheduled,,2024-11-28 00:13:36+00,2024-11-28 00:45:36+00,carrier_feed
fc983e3e-2fc5-5ff3-8598-9ee5dd8cbed2,cc63d7ef-5d23-5d72-96af-60bef7a91f4f,in_transit,scheduled,2024-11-28 05:56:44+00,2024-11-28 06:15:44+00,carrier_feed
0696cfc7-ec7c-555c-9f95-e73223734b9a,cc63d7ef-5d23-5d72-96af-60bef7a91f4f,delivered,in_transit,2024-12-03 05:37:56+00,2024-12-03 06:07:56+00,carrier_feed
a3c4d395-39a0-5397-b7e5-bf7336053f79,ef255e71-b20b-561e-a546-5d9b177ee829,scheduled,,2024-10-14 12:27:12+00,2024-10-14 12:53:12+00,carrier_feed
55ed42b4-7596-585c-a64d-68bbd56f35b6,ef255e71-b20b-561e-a546-5d9b177ee829,in_transit,scheduled,2024-10-17 17:50:41+00,2024-10-17 18:02:41+00,carrier_feed
8a2370b7-7aa6-585f-931f-c0f362ef79db,ef255e71-b20b-561e-a546-5d9b177ee829,delivered,in_transit,2024-10-20 08:05:41+00,2024-10-20 08:42:41+00,carrier_feed
4f2500ee-c5a4-5a24-a5b1-336f264b6cd6,a0e0aee1-eafb-58ac-98ae-0f78e1ee8302,scheduled,,2024-09-26 18:10:19+00,2024-09-26 18:28:19+00,carrier_feed
9ba3ba4e-4f16-59a7-8966-d535d8a0940a,a0e0aee1-eafb-58ac-98ae-0f78e1ee8302,in_transit,scheduled,2024-09-27 01:41:25+00,2024-09-27 02:16:25+00,carrier_feed
d9375a2e-c171-53b5-92e6-bce21c97b222,a0e0aee1-eafb-58ac-98ae-0f78e1ee8302,delivered,in_transit,2024-10-02 11:58:29+00,2024-10-02 12:04:29+00,carrier_feed
f8339a0d-e88d-54b3-b677-229e9b554f65,aa2c18a6-7f1b-5dc3-89f5-d3f189f133de,scheduled,,2024-03-18 17:44:19+00,2024-03-18 18:08:19+00,carrier_feed
b2946a08-4c33-51bb-96f1-42ccdbe37983,aa2c18a6-7f1b-5dc3-89f5-d3f189f133de,in_transit,scheduled,2024-03-21 00:55:42+00,2024-03-21 01:29:42+00,carrier_feed
bc4bbd87-ca90-52c8-b28d-a18909b2a0d0,aa2c18a6-7f1b-5dc3-89f5-d3f189f133de,delivered,in_transit,2024-03-25 17:02:37+00,2024-03-25 17:09:37+00,carrier_feed
68b940da-bbdf-5103-99e5-67ff296e6068,e5ceb27c-ecaa-52b9-a32d-26dfd9c055a1,scheduled,,2024-05-20 22:12:56+00,2024-05-20 22:27:56+00,carrier_feed
fd9846ed-3794-5fb8-8eca-fade36a9251a,e5ceb27c-ecaa-52b9-a32d-26dfd9c055a1,in_transit,scheduled,2024-05-21 07:57:38+00,2024-05-21 08:14:38+00,carrier_feed
f54002c8-b8da-5028-8a9e-52a369e28a46,e5ceb27c-ecaa-52b9-a32d-26dfd9c055a1,delivered,in_transit,2024-05-26 02:58:35+00,2024-05-26 03:32:35+00,carrier_feed
fe493ccc-3d01-5b8c-b240-b460cf8cd674,70fe647a-d131-599c-b23d-10e6434639fa,scheduled,,2024-09-17 23:05:21+00,2024-09-17 23:17:21+00,carrier_feed
0c32840c-85df-53bc-8b42-32dce047b3d0,70fe647a-d131-599c-b23d-10e6434639fa,in_transit,scheduled,2024-09-21 03:06:43+00,2024-09-21 03:21:43+00,carrier_feed
2a07981c-0751-51c1-9a3c-a847a5f4d781,70fe647a-d131-599c-b23d-10e6434639fa,delivered,in_transit,2024-09-24 20:48:56+00,2024-09-24 21:16:56+00,carrier_feed
986e7f53-5f5d-5d70-95b7-089af0b0f852,740841c5-f853-5681-abf3-f3865457485c,scheduled,,2024-12-09 20:56:57+00,2024-12-09 21:02:57+00,carrier_feed
0fd9ba0d-d514-5ac1-acba-53017f7269f7,740841c5-f853-5681-abf3-f3865457485c,in_transit,scheduled,2024-12-12 02:59:10+00,2024-12-12 03:28:10+00,carrier_feed
4ca979bb-acde-5d42-add2-f7ca225242f7,740841c5-f853-5681-abf3-f3865457485c,delivered,in_transit,2024-12-17 04:41:11+00,2024-12-17 05:18:11+00,carrier_feed
c663d302-0c07-5505-8a10-9d931173e76a,10ddc0ef-1576-567e-8a15-f775586c255e,scheduled,,2024-09-08 08:57:31+00,2024-09-08 09:13:31+00,carrier_feed
d25c4c01-23aa-57b6-839e-374bf2d744ec,10ddc0ef-1576-567e-8a15-f775586c255e,in_transit,scheduled,2024-09-09 13:16:39+00,2024-09-09 13:28:39+00,carrier_feed
957bd717-e340-51ef-ae7f-edce724dd0ee,10ddc0ef-1576-567e-8a15-f775586c255e,delivered,in_transit,2024-09-12 11:52:54+00,2024-09-12 12:05:54+00,carrier_feed
d3c9420d-9270-52d8-87e8-7f5f4abbb886,eb8c600b-e819-5f5a-826d-1f42fed317fe,scheduled,,2024-11-24 10:52:23+00,2024-11-24 10:57:23+00,carrier_feed
5989f1f8-0e7f-5d8c-9976-46f68d910531,eb8c600b-e819-5f5a-826d-1f42fed317fe,in_transit,scheduled,2024-11-26 13:56:17+00,2024-11-26 14:15:17+00,carrier_feed
36859bd6-03ff-5dfe-91b4-c63a75bca481,eb8c600b-e819-5f5a-826d-1f42fed317fe,delayed,in_transit,2024-12-01 20:21:17+00,2024-12-01 20:49:17+00,carrier_feed
68d5f85f-cd96-561d-9947-f308b52cd0b6,eb8c600b-e819-5f5a-826d-1f42fed317fe,delivered,delayed,2024-12-07 14:16:36+00,2024-12-07 14:53:36+00,carrier_feed
4fd99e84-efc5-592f-849a-c90f7b0ff1ab,79beec09-20cc-5f60-9238-7cdacf51a18c,scheduled,,2024-02-03 19:03:42+00,2024-02-03 19:15:42+00,carrier_feed
fda60efa-20b3-5138-ba93-25c29228aead,79beec09-20cc-5f60-9238-7cdacf51a18c,in_transit,scheduled,2024-02-03 23:21:07+00,2024-02-03 23:41:07+00,carrier_feed
eaec3a29-bd9b-551f-881b-f04e68ac8005,79beec09-20cc-5f60-9238-7cdacf51a18c,delivered,in_transit,2024-02-12 12:46:26+00,2024-02-12 13:30:26+00,carrier_feed
6fde9f84-b0d2-5da7-a9a0-51783ff0b12d,ca70eea2-50b4-596a-9e4e-e2d0e2fa546c,scheduled,,2024-02-18 00:34:51+00,2024-02-18 01:19:51+00,carrier_feed
23c52754-6447-5c21-8b0f-4f54d360db7b,ca70eea2-50b4-596a-9e4e-e2d0e2fa546c,in_transit,scheduled,2024-02-18 06:54:50+00,2024-02-18 07:27:50+00,carrier_feed
41b7a7bf-5532-5773-ab02-8f1dd2c50112,ca70eea2-50b4-596a-9e4e-e2d0e2fa546c,delivered,in_transit,2024-02-24 08:14:18+00,2024-02-24 08:58:18+00,carrier_feed
15317df3-ebed-5c15-9a9e-2784094e34ff,8f24eb35-3df4-5008-b49d-cde7692f5a81,scheduled,,2024-09-19 12:52:40+00,2024-09-19 13:18:40+00,carrier_feed
85961903-b72d-5fb6-b2f3-e59d49f82a07,8f24eb35-3df4-5008-b49d-cde7692f5a81,in_transit,scheduled,2024-09-21 17:22:25+00,2024-09-21 17:32:25+00,carrier_feed
6d10a02f-f2b3-5557-8ecc-9a09ae1ffc8a,8f24eb35-3df4-5008-b49d-cde7692f5a81,delivered,in_transit,2024-09-30 06:37:46+00,2024-09-30 07:21:46+00,carrier_feed
908b8f4f-132d-5efa-a293-2d657fc04f6f,d9a5a0aa-2dfa-5a1f-af2e-8a05d488b274,scheduled,,2024-10-28 09:46:46+00,2024-10-28 10:18:46+00,carrier_feed
65cc30bd-2e4d-591d-862f-07cc9b5d6edf,d9a5a0aa-2dfa-5a1f-af2e-8a05d488b274,in_transit,scheduled,2024-10-31 17:54:52+00,2024-10-31 18:39:52+00,carrier_feed
90bcd9d5-b04b-5366-bf78-ef26aca27159,d9a5a0aa-2dfa-5a1f-af2e-8a05d488b274,delivered,in_transit,2024-11-08 15:16:45+00,2024-11-08 15:32:45+00,carrier_feed
fbfb8904-4f06-568b-91db-1e9f8a821fa2,e0d880c7-9bca-516c-b55a-c54ea6069531,scheduled,,2024-10-27 18:27:56+00,2024-10-27 18:48:56+00,carrier_feed
c32d485d-ab9c-5850-9c92-59cad3d13a08,e0d880c7-9bca-516c-b55a-c54ea6069531,in_transit,scheduled,2024-10-29 01:51:07+00,2024-10-29 02:19:07+00,carrier_feed
f5f70f28-c368-5246-a5b5-1d3d10114741,e0d880c7-9bca-516c-b55a-c54ea6069531,delivered,in_transit,2024-11-04 21:21:58+00,2024-11-04 21:35:58+00,carrier_feed
e0d34f5d-cfbf-5b75-adcd-643bed0f4eed,9c336a0f-a00b-5e9a-9e3d-90cd334a2586,scheduled,,2024-10-04 20:24:56+00,2024-10-04 20:45:56+00,carrier_feed
4d5a4bd6-57e0-5690-9a37-0c0001e8f313,9c336a0f-a00b-5e9a-9e3d-90cd334a2586,in_transit,scheduled,2024-10-05 22:28:35+00,2024-10-05 22:35:35+00,carrier_feed
761356fe-0073-501b-abc6-830410a783a9,9c336a0f-a00b-5e9a-9e3d-90cd334a2586,delivered,in_transit,2024-10-14 07:44:11+00,2024-10-14 08:12:11+00,carrier_feed
74a6d7ec-6c1c-5c62-8ca1-b29bda723f0b,e633cf30-09b2-52b2-a588-edfd4fbe3ff2,scheduled,,2024-09-12 18:29:55+00,2024-09-12 18:57:55+00,carrier_feed
47df5a55-bfd1-5604-823e-a19939bf7e15,e633cf30-09b2-52b2-a588-edfd4fbe3ff2,in_transit,scheduled,2024-09-13 01:00:08+00,2024-09-13 01:37:08+00,carrier_feed
2f370bdd-374d-5b1b-b08c-970ea8340abe,e633cf30-09b2-52b2-a588-edfd4fbe3ff2,delayed,in_transit,2024-09-17 07:01:58+00,2024-09-17 07:42:58+00,carrier_feed
0efa5b50-7a8d-5fa7-927c-50f1e1d7d1ac,e633cf30-09b2-52b2-a588-edfd4fbe3ff2,delivered,delayed,2024-09-22 01:07:54+00,2024-09-22 01:41:54+00,carrier_feed
75116415-3340-5986-add5-4398f0658493,a7f74bda-5992-5890-8ea3-c02f1a6ec604,scheduled,,2024-07-23 17:29:00+00,2024-07-23 17:45:00+00,carrier_feed
0daab8d2-0eb8-5141-9aca-810925fc824b,a7f74bda-5992-5890-8ea3-c02f1a6ec604,in_transit,scheduled,2024-07-26 00:09:36+00,2024-07-26 00:28:36+00,carrier_feed
4c725a42-aae8-5ddf-a012-316f0f1fc40a,a7f74bda-5992-5890-8ea3-c02f1a6ec604,delivered,in_transit,2024-07-30 22:15:07+00,2024-07-30 22:43:07+00,carrier_feed
00193be1-d753-5226-ba22-312e4d63de17,8efea0a8-59ff-5d48-bcaf-6f2d0888a6e7,scheduled,,2024-09-07 12:09:02+00,2024-09-07 12:52:02+00,carrier_feed
2a3b02c4-8f7c-55f3-b6b5-cf3a67557989,8efea0a8-59ff-5d48-bcaf-6f2d0888a6e7,in_transit,scheduled,2024-09-07 13:21:09+00,2024-09-07 13:30:09+00,carrier_feed
344a7bcc-8eb8-54f3-991f-b90ea38c1a27,8efea0a8-59ff-5d48-bcaf-6f2d0888a6e7,delayed,in_transit,2024-09-12 19:37:48+00,2024-09-12 20:18:48+00,carrier_feed
83052623-8f18-5353-9139-35a0922f6ba5,8efea0a8-59ff-5d48-bcaf-6f2d0888a6e7,delivered,delayed,2024-09-23 13:56:41+00,2024-09-23 14:40:41+00,carrier_feed
f44e0ed3-8428-500d-a64f-5c643a873280,3a7c5310-2c77-5206-b3ee-e3b75bc1c8e9,scheduled,,2024-11-04 18:42:08+00,2024-11-04 19:19:08+00,carrier_feed
3aa419a9-4909-51a9-b061-e95ade059bc8,3a7c5310-2c77-5206-b3ee-e3b75bc1c8e9,in_transit,scheduled,2024-11-06 19:53:44+00,2024-11-06 20:31:44+00,carrier_feed
63e5f248-b8b8-5d45-a75b-8d4f498fc7b6,3a7c5310-2c77-5206-b3ee-e3b75bc1c8e9,delivered,in_transit,2024-11-10 04:21:01+00,2024-11-10 04:46:01+00,carrier_feed
d5bd4ace-6a1a-5292-a3ad-c43761fe5997,601b37ff-d2c2-51d1-a842-155e57bc9db4,scheduled,,2024-10-28 21:12:45+00,2024-10-28 21:39:45+00,carrier_feed
b8838178-91eb-50d5-a3c4-dd1179a4c451,601b37ff-d2c2-51d1-a842-155e57bc9db4,in_transit,scheduled,2024-10-30 22:54:01+00,2024-10-30 23:09:01+00,carrier_feed
d371ee4c-2562-5fc1-937a-365c51a34ba9,601b37ff-d2c2-51d1-a842-155e57bc9db4,delivered,in_transit,2024-11-06 22:08:03+00,2024-11-06 22:23:03+00,carrier_feed
ecd7c26c-5982-5ac6-909e-c0defb25f422,c6b655a8-74ef-53e4-a3f4-c3446dcee0a3,scheduled,,2024-08-29 18:32:09+00,2024-08-29 19:15:09+00,carrier_feed
1f65296d-9d3e-5158-8895-0a54e6bfd800,c6b655a8-74ef-53e4-a3f4-c3446dcee0a3,in_transit,scheduled,2024-08-30 03:42:07+00,2024-08-30 03:56:07+00,carrier_feed
df7bf64b-e624-53a5-954a-6063abc7a890,c6b655a8-74ef-53e4-a3f4-c3446dcee0a3,delayed,in_transit,2024-09-04 09:47:16+00,2024-09-04 10:31:16+00,carrier_feed
52b1569e-2eb1-58cb-9df7-f087c4b91077,c6b655a8-74ef-53e4-a3f4-c3446dcee0a3,delivered,delayed,2024-09-10 03:45:09+00,2024-09-10 04:18:09+00,carrier_feed
53b94bd7-681f-5022-927f-274ff27ad55d,9b7bf52c-8e09-5486-b0fd-b922a6aa7ab8,scheduled,,2024-11-27 13:08:43+00,2024-11-27 13:43:43+00,carrier_feed
8a5c261a-0567-52bb-8a68-3d373632ea12,9b7bf52c-8e09-5486-b0fd-b922a6aa7ab8,in_transit,scheduled,2024-11-27 17:25:24+00,2024-11-27 17:32:24+00,carrier_feed
07599b72-2d5b-5024-9ebe-8b23b8be1d14,9b7bf52c-8e09-5486-b0fd-b922a6aa7ab8,delivered,in_transit,2024-11-30 16:32:15+00,2024-11-30 16:48:15+00,carrier_feed
9c66d3c4-a7a3-517e-a74e-b1ec51263303,2fd8ebb8-9106-5e09-9a70-f7c08440c892,scheduled,,2024-09-26 18:26:46+00,2024-09-26 18:54:46+00,carrier_feed
91585067-0ffb-5fa8-a8fb-b3950c05d06c,2fd8ebb8-9106-5e09-9a70-f7c08440c892,in_transit,scheduled,2024-09-28 00:42:52+00,2024-09-28 01:27:52+00,carrier_feed
117c71f9-c673-5770-90a1-74be2d999018,2fd8ebb8-9106-5e09-9a70-f7c08440c892,delivered,in_transit,2024-09-30 01:20:25+00,2024-09-30 02:02:25+00,carrier_feed
cdbc9450-0301-5fbf-b6d7-31c29ab19c52,e47bc8a1-558a-5296-8408-c3f7bc944010,scheduled,,2024-09-25 14:45:26+00,2024-09-25 15:25:26+00,carrier_feed
75697e6f-d150-58b6-a0dd-10bec94d795e,e47bc8a1-558a-5296-8408-c3f7bc944010,in_transit,scheduled,2024-09-25 22:00:36+00,2024-09-25 22:23:36+00,carrier_feed
10223f37-6748-543c-8438-6bc66dc2f57c,e47bc8a1-558a-5296-8408-c3f7bc944010,delivered,in_transit,2024-10-01 22:16:49+00,2024-10-01 22:43:49+00,carrier_feed
f9f295eb-84ac-5b08-bb5d-5e852944df96,6e836cd8-aa1a-5492-a26c-d6d515f6abb4,scheduled,,2024-09-06 12:51:34+00,2024-09-06 13:31:34+00,carrier_feed
2e56bf90-deb0-5756-bb15-c53355cc5b8c,6e836cd8-aa1a-5492-a26c-d6d515f6abb4,in_transit,scheduled,2024-09-07 20:32:32+00,2024-09-07 20:57:32+00,carrier_feed
0b746a3b-b3cb-5f8c-b466-8150c771df8b,6e836cd8-aa1a-5492-a26c-d6d515f6abb4,delayed,in_transit,2024-09-16 03:16:46+00,2024-09-16 03:41:46+00,carrier_feed
ef214f96-8b5a-5c3e-87af-9af4555586cd,6e836cd8-aa1a-5492-a26c-d6d515f6abb4,delivered,delayed,2024-09-28 20:53:26+00,2024-09-28 21:16:26+00,carrier_feed
bf97d04b-15f5-5511-bcab-8090373eecc6,804b3d80-2132-519f-afdb-2906e14da6f5,scheduled,,2024-03-21 16:47:01+00,2024-03-21 17:00:01+00,carrier_feed
784705f1-dd9e-5aa9-8703-ead7c45b7813,804b3d80-2132-519f-afdb-2906e14da6f5,in_transit,scheduled,2024-03-23 19:52:31+00,2024-03-23 20:07:31+00,carrier_feed
e3968194-7c4d-5dea-b02e-6b76f3c0d387,804b3d80-2132-519f-afdb-2906e14da6f5,delivered,in_transit,2024-03-25 21:59:19+00,2024-03-25 22:06:19+00,carrier_feed
fca92d82-279b-5909-aa79-fb80c8501912,8eab60f2-a4a6-5fa4-aba8-fbbe60e795fb,scheduled,,2024-11-14 16:36:01+00,2024-11-14 17:01:01+00,carrier_feed
0998c153-86f7-5f03-af99-efcc6712a0a6,8eab60f2-a4a6-5fa4-aba8-fbbe60e795fb,in_transit,scheduled,2024-11-15 22:14:17+00,2024-11-15 22:37:17+00,carrier_feed
08795ae8-f69b-5efa-8850-29637f917e8c,8eab60f2-a4a6-5fa4-aba8-fbbe60e795fb,delivered,in_transit,2024-11-17 21:16:09+00,2024-11-17 21:53:09+00,carrier_feed
3c65ccc2-c48b-5443-8219-6ce2f3aac3f8,bc7157d0-f0e4-5bf5-aba1-e6d89d6b0015,scheduled,,2024-09-12 14:01:18+00,2024-09-12 14:34:18+00,carrier_feed
fb0c5613-c750-53bf-ab4d-d9ee5fe286ab,bc7157d0-f0e4-5bf5-aba1-e6d89d6b0015,in_transit,scheduled,2024-09-13 18:32:37+00,2024-09-13 18:48:37+00,carrier_feed
cff7b754-e4ed-5a3a-bf6f-56be1cf9b58d,bc7157d0-f0e4-5bf5-aba1-e6d89d6b0015,delayed,in_transit,2024-09-19 00:38:06+00,2024-09-19 01:19:06+00,carrier_feed
7aedb551-bf5b-555d-82eb-b320f4a5f143,bc7157d0-f0e4-5bf5-aba1-e6d89d6b0015,delivered,delayed,2024-09-21 19:12:29+00,2024-09-21 19:24:29+00,carrier_feed
8e86945c-cc39-539d-8a05-6498256e8afc,0352cadf-66d8-5532-b69b-3a7610634747,scheduled,,2024-05-27 17:01:52+00,2024-05-27 17:17:52+00,carrier_feed
4693cb0d-2ba8-50fb-88a6-c973acbd5ac7,0352cadf-66d8-5532-b69b-3a7610634747,in_transit,scheduled,2024-05-30 20:43:58+00,2024-05-30 21:26:58+00,carrier_feed
9c995550-9d87-5077-aebd-bc786fdc6253,0352cadf-66d8-5532-b69b-3a7610634747,delivered,in_transit,2024-06-04 11:10:33+00,2024-06-04 11:47:33+00,carrier_feed
b3f949df-d0ef-55cc-889a-8b9d9efe70f7,d8bf30b7-c965-5740-8a56-c099d8ccc636,scheduled,,2024-03-03 00:59:27+00,2024-03-03 01:40:27+00,carrier_feed
29261b29-3072-5c3b-b1db-084e84c4aff8,d8bf30b7-c965-5740-8a56-c099d8ccc636,in_transit,scheduled,2024-03-06 09:07:23+00,2024-03-06 09:37:23+00,carrier_feed
42452beb-9fa7-5c93-8750-05cbe5570415,d8bf30b7-c965-5740-8a56-c099d8ccc636,delivered,in_transit,2024-03-08 12:41:35+00,2024-03-08 13:14:35+00,carrier_feed
21f3cd62-7773-511b-a304-5dcf111292ba,b2d2e00e-4721-530d-bcfc-9332dd8e1be6,scheduled,,2024-09-22 18:18:14+00,2024-09-22 18:38:14+00,carrier_feed
d1aceecf-d1ee-50a1-8d73-ae533cfb5c7a,b2d2e00e-4721-530d-bcfc-9332dd8e1be6,in_transit,scheduled,2024-09-25 20:27:24+00,2024-09-25 20:47:24+00,carrier_feed
4b9f7835-fc70-5b17-b1f9-86c16a860cea,b2d2e00e-4721-530d-bcfc-9332dd8e1be6,delivered,in_transit,2024-10-01 20:53:27+00,2024-10-01 21:21:27+00,carrier_feed
8023fb7c-45de-5d78-a951-e64e6d3b405e,36a9ea75-f344-5086-9966-5dd57e41351e,scheduled,,2024-09-13 16:54:16+00,2024-09-13 17:14:16+00,carrier_feed
57cc5f3b-0c45-5150-9f0f-1b46482abc33,36a9ea75-f344-5086-9966-5dd57e41351e,in_transit,scheduled,2024-09-15 01:00:59+00,2024-09-15 01:34:59+00,carrier_feed
d3e59723-a638-58b7-8fe8-ea17c73c4bb8,36a9ea75-f344-5086-9966-5dd57e41351e,delayed,in_transit,2024-09-20 07:04:09+00,2024-09-20 07:10:09+00,carrier_feed
431d5005-a7f1-573d-a4d2-fa3689a6b1a5,36a9ea75-f344-5086-9966-5dd57e41351e,delivered,delayed,2024-10-03 01:20:32+00,2024-10-03 02:05:32+00,carrier_feed
b4f46c88-331c-5242-861e-90792d91ba15,b9417e91-739a-5d8e-94b3-da9c2fb58cd7,scheduled,,2024-11-13 16:03:36+00,2024-11-13 16:35:36+00,carrier_feed
3cc3b1a3-b226-5ffe-8754-61a55f381801,b9417e91-739a-5d8e-94b3-da9c2fb58cd7,in_transit,scheduled,2024-11-16 18:24:12+00,2024-11-16 18:42:12+00,carrier_feed
5a902d3f-55f0-5a06-bc8f-4bdcf4c1c73c,b9417e91-739a-5d8e-94b3-da9c2fb58cd7,delivered,in_transit,2024-11-24 06:50:13+00,2024-11-24 07:04:13+00,carrier_feed
d43de6d0-ea62-540f-b01d-ddc3def5f012,2bd28c74-32a3-5852-87b7-911ca9d0053e,scheduled,,2024-09-13 17:18:23+00,2024-09-13 17:36:23+00,carrier_feed
a0a55249-49d0-5409-9960-3ff73ae8c097,2bd28c74-32a3-5852-87b7-911ca9d0053e,in_transit,scheduled,2024-09-15 19:23:16+00,2024-09-15 19:31:16+00,carrier_feed
a36b704a-d3ea-50c6-a5c8-f8550d32d3ab,2bd28c74-32a3-5852-87b7-911ca9d0053e,delivered,in_transit,2024-09-19 06:29:52+00,2024-09-19 06:34:52+00,carrier_feed
69de004c-4676-550b-b02d-11abbc5ad478,573c1f9b-13bd-568e-953e-efae6d3bf58f,scheduled,,2024-03-01 17:41:27+00,2024-03-01 18:26:27+00,carrier_feed
7d396786-1250-576f-9319-191dd561f7c5,573c1f9b-13bd-568e-953e-efae6d3bf58f,in_transit,scheduled,2024-03-02 23:16:21+00,2024-03-02 23:25:21+00,carrier_feed
04275812-e8c8-5444-bd5d-9d901b1a0b95,573c1f9b-13bd-568e-953e-efae6d3bf58f,delivered,in_transit,2024-03-05 04:43:26+00,2024-03-05 05:16:26+00,carrier_feed
b040231a-8f09-5e5b-8ba0-dfe31a7cb1ee,08d55e42-4151-5341-8ef3-7d31bf09dac8,scheduled,,2024-09-14 16:50:32+00,2024-09-14 17:00:32+00,carrier_feed
d8bea1c9-0edf-5389-b1e1-c95669c8c88c,08d55e42-4151-5341-8ef3-7d31bf09dac8,in_transit,scheduled,2024-09-17 00:11:54+00,2024-09-17 00:54:54+00,carrier_feed
5d31d873-c177-571f-b9ab-e35d5d91ed17,08d55e42-4151-5341-8ef3-7d31bf09dac8,delivered,in_transit,2024-09-22 06:38:21+00,2024-09-22 07:05:21+00,carrier_feed
153ac17c-83bf-5254-92b9-03d46cddf368,9708c8a7-24fa-53ac-a9cf-b0e3f77b6bef,scheduled,,2024-11-06 00:46:04+00,2024-11-06 01:13:04+00,carrier_feed
67078cab-4710-5d10-b5e1-c2036454169d,9708c8a7-24fa-53ac-a9cf-b0e3f77b6bef,in_transit,scheduled,2024-11-07 01:47:59+00,2024-11-07 02:22:59+00,carrier_feed
86f8cae9-f013-58a9-8729-63105271d731,9708c8a7-24fa-53ac-a9cf-b0e3f77b6bef,delivered,in_transit,2024-11-12 19:21:11+00,2024-11-12 19:53:11+00,carrier_feed
da0f3850-4cbf-5920-ab3a-41e609d876d4,d69edf95-9501-5e0e-99a6-62daa9223490,scheduled,,2024-05-17 19:42:55+00,2024-05-17 19:59:55+00,carrier_feed
adc2b23a-8b10-5fa8-81ef-9535abdd4d4d,d69edf95-9501-5e0e-99a6-62daa9223490,in_transit,scheduled,2024-05-18 02:22:16+00,2024-05-18 02:35:16+00,carrier_feed
ee4e7a56-e910-5e31-b063-08c1ea6b3fd7,d69edf95-9501-5e0e-99a6-62daa9223490,delivered,in_transit,2024-05-25 03:32:09+00,2024-05-25 04:15:09+00,carrier_feed
affb1a3c-7297-50d4-862a-5f9a2564883c,436a2ecb-e386-53c6-ab11-3e482b6e8e47,scheduled,,2024-03-01 01:48:53+00,2024-03-01 02:16:53+00,carrier_feed
499bfdb7-1b57-52d2-87b0-3c6e3f2735d9,436a2ecb-e386-53c6-ab11-3e482b6e8e47,in_transit,scheduled,2024-03-04 08:29:43+00,2024-03-04 08:41:43+00,carrier_feed
8430129a-48ae-5f04-bf1c-52eb111d4ee2,436a2ecb-e386-53c6-ab11-3e482b6e8e47,delivered,in_transit,2024-03-10 06:32:41+00,2024-03-10 07:02:41+00,carrier_feed
b704ea45-eb82-55a8-aa85-1bcb28ccd01d,07251df0-f49a-5513-99e3-33e22eea8502,scheduled,,2024-01-16 20:52:44+00,2024-01-16 21:23:44+00,carrier_feed
987291eb-e969-5abc-b9dd-f0fae70c6d4d,07251df0-f49a-5513-99e3-33e22eea8502,in_transit,scheduled,2024-01-20 00:01:29+00,2024-01-20 00:14:29+00,carrier_feed
f3d7dbd1-cddf-5780-8060-e7107810f282,07251df0-f49a-5513-99e3-33e22eea8502,delivered,in_transit,2024-01-22 16:34:14+00,2024-01-22 16:43:14+00,carrier_feed
7cb9649b-12c8-5d5e-82ec-21548fa411ee,a0628202-3662-56c9-b937-1ff0d384830a,scheduled,,2024-09-11 16:18:36+00,2024-09-11 16:45:36+00,carrier_feed
357b1695-7a10-5ab6-8919-47eb44972d95,a0628202-3662-56c9-b937-1ff0d384830a,in_transit,scheduled,2024-09-15 00:03:06+00,2024-09-15 00:35:06+00,carrier_feed
2a58e381-df9a-5666-a554-78c3a9ba2e1c,a0628202-3662-56c9-b937-1ff0d384830a,delayed,in_transit,2024-09-22 06:38:59+00,2024-09-22 07:23:59+00,carrier_feed
7cfbeff2-9627-55a5-80e2-fe38abeb27cc,a0628202-3662-56c9-b937-1ff0d384830a,delivered,delayed,2024-10-02 00:33:41+00,2024-10-02 01:08:41+00,carrier_feed
83e5cc69-f1c9-5032-89d7-39bcae363843,61da6130-6fc5-549f-bc7a-b48e81607e96,scheduled,,2024-01-08 01:20:48+00,2024-01-08 01:42:48+00,carrier_feed
fdeafe79-1947-574a-85ae-4b150e09ceb3,61da6130-6fc5-549f-bc7a-b48e81607e96,in_transit,scheduled,2024-01-11 02:42:21+00,2024-01-11 03:22:21+00,carrier_feed
896c2f0f-aba6-58d7-830d-9ab35cca906a,61da6130-6fc5-549f-bc7a-b48e81607e96,delivered,in_transit,2024-01-14 23:51:33+00,2024-01-15 00:20:33+00,carrier_feed
6387d01a-8862-50d0-8640-2a40d1916a2f,85652bea-63d9-52f2-a94f-60d91f1814c7,scheduled,,2024-03-17 17:53:55+00,2024-03-17 18:11:55+00,carrier_feed
d8f32150-3a4c-56e4-ac35-f267c5acc3fe,85652bea-63d9-52f2-a94f-60d91f1814c7,in_transit,scheduled,2024-03-20 01:18:12+00,2024-03-20 01:54:12+00,carrier_feed
9e305dd7-0c26-52fb-8ef8-014fb95e3bfd,85652bea-63d9-52f2-a94f-60d91f1814c7,delivered,in_transit,2024-03-26 22:55:56+00,2024-03-26 23:18:56+00,carrier_feed
991a9717-0d8e-5fa7-8c9f-93a9dfc19364,a3f2ec1a-563f-59a2-9d35-418c205c9bb8,scheduled,,2024-09-02 16:52:23+00,2024-09-02 17:28:23+00,carrier_feed
cfb94eb0-5e53-5aef-b866-cb9c49b70614,a3f2ec1a-563f-59a2-9d35-418c205c9bb8,in_transit,scheduled,2024-09-05 21:35:31+00,2024-09-05 21:43:31+00,carrier_feed
117b7114-0022-54a7-a11a-00db8df6adee,a3f2ec1a-563f-59a2-9d35-418c205c9bb8,delivered,in_transit,2024-09-10 18:56:54+00,2024-09-10 19:16:54+00,carrier_feed
27fe87b6-e48b-5cf9-a6f2-8dff280e411c,c8874800-a004-5815-b57b-a10e453bcecc,scheduled,,2024-04-01 23:50:37+00,2024-04-01 23:56:37+00,carrier_feed
d7cd8ef6-0811-5a35-9451-907f71c000b8,c8874800-a004-5815-b57b-a10e453bcecc,in_transit,scheduled,2024-04-03 08:15:38+00,2024-04-03 08:33:38+00,carrier_feed
370f7aba-3ee9-5575-aaf4-28336275ccea,c8874800-a004-5815-b57b-a10e453bcecc,delivered,in_transit,2024-04-06 18:27:47+00,2024-04-06 18:58:47+00,carrier_feed
8c88376c-0fbf-5e26-84b4-20e7f6fd87e2,45cecee8-497e-5aad-a287-50f4d3a762f1,scheduled,,2024-10-14 16:44:50+00,2024-10-14 17:14:50+00,carrier_feed
5c6333bb-16c4-59ea-9753-56f5777a80a5,45cecee8-497e-5aad-a287-50f4d3a762f1,in_transit,scheduled,2024-10-17 21:18:08+00,2024-10-17 21:38:08+00,carrier_feed
f29629ad-ce3a-5741-adaa-c29d92059a70,45cecee8-497e-5aad-a287-50f4d3a762f1,delivered,in_transit,2024-10-24 05:22:58+00,2024-10-24 06:00:58+00,carrier_feed
60ed1570-b84e-5c31-827a-9ef75cb61f52,165a3579-2020-596a-856c-a008d8dc6ec0,scheduled,,2024-11-15 13:53:10+00,2024-11-15 14:25:10+00,carrier_feed
f3c71288-9112-5de0-83ad-9efe480ea99c,165a3579-2020-596a-856c-a008d8dc6ec0,in_transit,scheduled,2024-11-15 21:29:22+00,2024-11-15 21:37:22+00,carrier_feed
21df9ea5-7697-59e8-af38-187b89c43e92,165a3579-2020-596a-856c-a008d8dc6ec0,delivered,in_transit,2024-11-23 16:32:35+00,2024-11-23 16:45:35+00,carrier_feed
66c110c7-12c5-590a-9ad7-3c3017124b75,2472fcb2-8432-5ec4-b320-b4594e2772e4,scheduled,,2024-10-17 11:25:06+00,2024-10-17 11:54:06+00,carrier_feed
c84b5dad-ed21-56d4-b5fb-9d48be1c7d58,2472fcb2-8432-5ec4-b320-b4594e2772e4,in_transit,scheduled,2024-10-20 19:48:51+00,2024-10-20 20:33:51+00,carrier_feed
7674cb0a-e030-5418-b5cc-df2c2aed507a,2472fcb2-8432-5ec4-b320-b4594e2772e4,delivered,in_transit,2024-10-25 23:00:34+00,2024-10-25 23:37:34+00,carrier_feed
b750e0f5-bd51-551c-8057-a582876285a1,89f33c73-171d-584b-b32e-7a0bba4b977d,scheduled,,2024-10-24 14:37:09+00,2024-10-24 15:11:09+00,carrier_feed
46118d31-7660-5e46-82ea-8ad24b5b6aec,89f33c73-171d-584b-b32e-7a0bba4b977d,in_transit,scheduled,2024-10-24 23:19:03+00,2024-10-24 23:31:03+00,carrier_feed
dc37a6b4-c507-57b6-86f4-88f12850f68e,89f33c73-171d-584b-b32e-7a0bba4b977d,delivered,in_transit,2024-10-27 13:37:19+00,2024-10-27 14:11:19+00,carrier_feed
58f9180d-7390-56bf-a2ef-523338719de8,cd824c20-afe2-5ccc-9e29-881cc0cad436,scheduled,,2024-09-10 12:58:50+00,2024-09-10 13:24:50+00,carrier_feed
e57f4241-a9c9-54a0-8f20-99a694700214,cd824c20-afe2-5ccc-9e29-881cc0cad436,in_transit,scheduled,2024-09-11 21:09:59+00,2024-09-11 21:46:59+00,carrier_feed
eaceccf8-68e3-549e-8ed1-ffbfddcb6491,cd824c20-afe2-5ccc-9e29-881cc0cad436,delivered,in_transit,2024-09-17 22:30:10+00,2024-09-17 22:51:10+00,carrier_feed
b0cb5f38-e1a0-5ecc-910a-a044aa687cfe,9ae6c864-e0d8-5997-ab43-520fc2f0a5ed,scheduled,,2024-04-09 21:41:49+00,2024-04-09 21:47:49+00,carrier_feed
94f0609a-e093-5e5a-80a8-b003ffb68cb1,9ae6c864-e0d8-5997-ab43-520fc2f0a5ed,in_transit,scheduled,2024-04-11 06:50:15+00,2024-04-11 07:16:15+00,carrier_feed
1ef30fe2-0e23-5873-8f00-d37b37158f08,9ae6c864-e0d8-5997-ab43-520fc2f0a5ed,delivered,in_transit,2024-04-15 04:09:15+00,2024-04-15 04:28:15+00,carrier_feed
60140978-febd-53cc-975d-df13df6d2aa8,28a18179-068f-5a0d-be03-1dfbe1aa4442,scheduled,,2024-03-07 15:16:01+00,2024-03-07 15:25:01+00,carrier_feed
e93eaf63-9d24-52f0-857c-b3b68b9ba5b4,28a18179-068f-5a0d-be03-1dfbe1aa4442,in_transit,scheduled,2024-03-07 23:34:36+00,2024-03-08 00:13:36+00,carrier_feed
4478e77e-9966-54fa-82d8-64440f75de47,28a18179-068f-5a0d-be03-1dfbe1aa4442,delayed,in_transit,2024-03-17 06:12:40+00,2024-03-17 06:57:40+00,carrier_feed
8e011d61-b510-5671-9e62-6e069c866101,28a18179-068f-5a0d-be03-1dfbe1aa4442,delivered,delayed,2024-03-22 23:56:37+00,2024-03-23 00:36:37+00,carrier_feed
64afb2e9-728a-557d-b90c-80cc935c933a,f99de9b0-1c89-5b2b-a964-3f1162dc1c31,scheduled,,2024-09-02 22:12:06+00,2024-09-02 22:43:06+00,carrier_feed
10fd9526-62c0-5206-b257-63dc31611a9a,f99de9b0-1c89-5b2b-a964-3f1162dc1c31,in_transit,scheduled,2024-09-04 00:24:32+00,2024-09-04 00:50:32+00,carrier_feed
ed15882a-73b8-5316-afcb-cac777086e7c,f99de9b0-1c89-5b2b-a964-3f1162dc1c31,delivered,in_transit,2024-09-12 12:27:04+00,2024-09-12 13:06:04+00,carrier_feed
caec7abd-4714-5e2e-bf2e-5a095636be3f,52bf7846-1aff-5e48-8d74-fdc1cf963398,scheduled,,2024-03-26 17:00:41+00,2024-03-26 17:25:41+00,carrier_feed
de62cbf2-06df-59ba-9d64-e82e7c6427db,52bf7846-1aff-5e48-8d74-fdc1cf963398,in_transit,scheduled,2024-03-28 22:07:21+00,2024-03-28 22:23:21+00,carrier_feed
0396e7fd-53b6-5603-ab7e-949c8e8d71b0,52bf7846-1aff-5e48-8d74-fdc1cf963398,delivered,in_transit,2024-04-03 23:45:13+00,2024-04-04 00:01:13+00,carrier_feed
03c6fe50-631c-58c2-a38d-7beba9ddc2b2,481b6bb8-6626-5e10-ad18-eda7403e6be3,scheduled,,2024-12-01 01:30:31+00,2024-12-01 02:07:31+00,carrier_feed
8e63a92a-6be4-5955-9c82-7232b5ef336c,481b6bb8-6626-5e10-ad18-eda7403e6be3,in_transit,scheduled,2024-12-01 05:31:06+00,2024-12-01 06:08:06+00,carrier_feed
8ea34467-9f74-5a40-a3de-16c34e63cafd,481b6bb8-6626-5e10-ad18-eda7403e6be3,delivered,in_transit,2024-12-06 05:03:12+00,2024-12-06 05:48:12+00,carrier_feed
1b45f0f9-10b8-544f-94f9-b76bed713c44,ed18eb12-758e-51a5-afc6-ea0748c1325c,scheduled,,2024-10-14 02:41:24+00,2024-10-14 03:16:24+00,carrier_feed
e76f7418-ba64-50c4-aeaa-5a02cdea5d50,ed18eb12-758e-51a5-afc6-ea0748c1325c,in_transit,scheduled,2024-10-17 08:06:08+00,2024-10-17 08:35:08+00,carrier_feed
2e978f81-b292-5e87-ae47-9b8aa50e067b,ed18eb12-758e-51a5-afc6-ea0748c1325c,delivered,in_transit,2024-10-19 14:42:53+00,2024-10-19 14:54:53+00,carrier_feed
29733e79-1095-5acb-a8c1-2e1b7a95edf7,1a3f68f5-ee4c-5100-bd78-0409248b1636,scheduled,,2024-03-16 13:05:40+00,2024-03-16 13:38:40+00,carrier_feed
34ec0635-830e-5178-95a4-c0f09deb89ec,1a3f68f5-ee4c-5100-bd78-0409248b1636,in_transit,scheduled,2024-03-17 15:37:07+00,2024-03-17 15:52:07+00,carrier_feed
60759a14-67e3-5b90-9f4f-979c801064c9,1a3f68f5-ee4c-5100-bd78-0409248b1636,delivered,in_transit,2024-03-24 15:49:57+00,2024-03-24 16:23:57+00,carrier_feed
88df3f54-0564-5bd9-9e1a-737774718899,00875d58-990c-59f0-8ccd-e24585a399da,scheduled,,2024-10-27 11:16:11+00,2024-10-27 11:38:11+00,carrier_feed
1f86bb0b-da7a-51da-b06f-a75005164ee0,00875d58-990c-59f0-8ccd-e24585a399da,in_transit,scheduled,2024-10-27 15:30:54+00,2024-10-27 16:01:54+00,carrier_feed
0f75f3a3-63e4-5f39-845f-ecc762bddc8e,00875d58-990c-59f0-8ccd-e24585a399da,delivered,in_transit,2024-11-03 00:44:00+00,2024-11-03 00:52:00+00,carrier_feed
d3fcc196-a995-56af-ac51-58ed40a1fdf1,25a86518-2239-59d8-950b-34a9efac98a3,scheduled,,2024-06-09 23:15:41+00,2024-06-09 23:20:41+00,carrier_feed
683367be-9bdd-5c76-83ed-fa74b56af7d4,25a86518-2239-59d8-950b-34a9efac98a3,in_transit,scheduled,2024-06-11 04:16:26+00,2024-06-11 04:36:26+00,carrier_feed
808681e8-d2c8-5ec4-acaa-ff0bbd2cad45,25a86518-2239-59d8-950b-34a9efac98a3,delivered,in_transit,2024-06-16 23:37:17+00,2024-06-17 00:00:17+00,carrier_feed
3447883f-cdaa-5c9a-954e-8859c9c931da,7b773c0a-5481-58fb-856a-d6062c693ce5,scheduled,,2024-02-22 18:36:55+00,2024-02-22 18:46:55+00,carrier_feed
05aca578-17eb-5d22-811c-c3576e2e1ec5,7b773c0a-5481-58fb-856a-d6062c693ce5,in_transit,scheduled,2024-02-23 03:52:35+00,2024-02-23 03:57:35+00,carrier_feed
5999c86c-dbe1-50eb-9535-93e662823cbd,7b773c0a-5481-58fb-856a-d6062c693ce5,delivered,in_transit,2024-03-02 03:20:41+00,2024-03-02 03:48:41+00,carrier_feed
83951941-4a84-5e97-90b3-685bf7d0f2af,c8de9a15-730e-5e3f-8a6b-b13718267b86,scheduled,,2024-10-14 18:47:38+00,2024-10-14 19:27:38+00,carrier_feed
89d52b33-3d8a-51b0-9891-8dd00958755e,c8de9a15-730e-5e3f-8a6b-b13718267b86,in_transit,scheduled,2024-10-16 23:48:37+00,2024-10-17 00:28:37+00,carrier_feed
947ffde7-e19e-5042-ad69-7a7a3fdf2119,c8de9a15-730e-5e3f-8a6b-b13718267b86,delayed,in_transit,2024-10-21 06:08:25+00,2024-10-21 06:24:25+00,carrier_feed
6095b17c-7e26-589f-b059-090eb7c92406,c8de9a15-730e-5e3f-8a6b-b13718267b86,delivered,delayed,2024-10-30 00:09:46+00,2024-10-30 00:47:46+00,carrier_feed
df422977-1990-50da-948a-78d55c5a1636,7a64b6f2-8878-5bc9-bade-b8ba7b75eac3,scheduled,,2024-02-27 19:15:55+00,2024-02-27 19:48:55+00,carrier_feed
f1758f29-43df-5a08-b91a-24f6006dd109,7a64b6f2-8878-5bc9-bade-b8ba7b75eac3,in_transit,scheduled,2024-02-29 00:32:37+00,2024-02-29 00:38:37+00,carrier_feed
6a103539-dafc-5911-a796-15589e0a0f09,7a64b6f2-8878-5bc9-bade-b8ba7b75eac3,delivered,in_transit,2024-03-03 00:57:43+00,2024-03-03 01:17:43+00,carrier_feed
21804aa9-656c-5ee2-b73b-edccdebc4efc,abd4ea3a-3459-5da8-b0fa-e4ac3744e4af,scheduled,,2024-01-01 09:01:16+00,2024-01-01 09:29:16+00,carrier_feed
1e51420b-2aa7-5059-a682-8f83fe899cd6,abd4ea3a-3459-5da8-b0fa-e4ac3744e4af,in_transit,scheduled,2024-01-01 14:35:03+00,2024-01-01 14:45:03+00,carrier_feed
0644b349-7738-5fb7-b7c5-ee15543abb20,abd4ea3a-3459-5da8-b0fa-e4ac3744e4af,delivered,in_transit,2024-01-18 20:11:51+00,2024-01-18 20:46:51+00,carrier_feed
6e2bba68-28be-5055-bd71-c2be67780a2f,3d4f95cb-b5ae-5742-b514-040d2a6b6810,scheduled,,2024-01-01 08:19:54+00,2024-01-01 08:29:54+00,carrier_feed
70f39cff-b795-5214-a855-cd42be53298c,3d4f95cb-b5ae-5742-b514-040d2a6b6810,in_transit,scheduled,2024-01-04 14:39:33+00,2024-01-04 15:21:33+00,carrier_feed
31a3c06d-4051-5c42-b62d-c100b9df5785,3d4f95cb-b5ae-5742-b514-040d2a6b6810,delivered,in_transit,2024-01-16 08:17:55+00,2024-01-16 08:59:55+00,carrier_feed
513a5bdf-fb71-571e-90e1-3951e5a24cd5,ebba83b3-6258-5498-94c0-2a4456808450,scheduled,,2024-01-01 09:02:37+00,2024-01-01 09:24:37+00,carrier_feed
0f74f2f4-c4ba-5626-b719-e471630cb137,ebba83b3-6258-5498-94c0-2a4456808450,in_transit,scheduled,2024-01-03 12:40:48+00,2024-01-03 13:21:48+00,carrier_feed
ee6831af-fc33-5965-b197-3a17af1cce99,ebba83b3-6258-5498-94c0-2a4456808450,delivered,in_transit,2024-01-15 08:16:30+00,2024-01-15 08:49:30+00,carrier_feed
09aba691-ea4d-5550-9d02-e3a41975a33f,41a7efb2-1075-515f-a8fd-c4d55c78841a,scheduled,,2024-01-01 09:03:28+00,2024-01-01 09:24:28+00,carrier_feed
2ffc60e0-ed4c-5ddf-8c9f-c6a020aa1399,41a7efb2-1075-515f-a8fd-c4d55c78841a,in_transit,scheduled,2024-01-04 16:38:42+00,2024-01-04 17:04:42+00,carrier_feed
5aaf5749-3ff2-556f-a5d4-f8a460b452c7,41a7efb2-1075-515f-a8fd-c4d55c78841a,delivered,in_transit,2024-01-29 04:09:25+00,2024-01-29 04:14:25+00,carrier_feed
be3c097a-bed2-526f-8624-01f48c07b7ee,e8ea40d7-756f-5e76-a32d-72f75da275b9,scheduled,,2024-01-01 08:33:46+00,2024-01-01 08:39:46+00,carrier_feed
88d7cb15-ac89-5d3d-80d5-ee3168e56c89,e8ea40d7-756f-5e76-a32d-72f75da275b9,in_transit,scheduled,2024-01-04 15:02:21+00,2024-01-04 15:45:21+00,carrier_feed
41ffa349-3753-5590-ba04-f15dbf285bae,e8ea40d7-756f-5e76-a32d-72f75da275b9,delivered,in_transit,2024-01-09 05:02:21+00,2024-01-09 05:37:21+00,carrier_feed
0b978e65-43fe-52ba-9374-3af86a087e2c,61f0899d-236a-5994-8363-cfb26c79e1d2,scheduled,,2024-01-01 08:43:38+00,2024-01-01 08:51:38+00,carrier_feed
ee3a38cb-b441-578d-846b-4fa1b52483a7,61f0899d-236a-5994-8363-cfb26c79e1d2,in_transit,scheduled,2024-01-03 14:28:00+00,2024-01-03 15:00:00+00,carrier_feed
5e469ec4-0802-59f8-be93-90d8bb0cb767,61f0899d-236a-5994-8363-cfb26c79e1d2,delivered,in_transit,2024-02-05 06:02:17+00,2024-02-05 06:24:17+00,carrier_feed
74407912-a3bf-5f17-ad96-0e87a87455b5,75bddd2c-b08e-54b4-b60c-637bb3c60b99,scheduled,,2024-01-01 08:33:42+00,2024-01-01 08:54:42+00,carrier_feed
cccf4975-eac6-53c2-86b3-30368e920de6,75bddd2c-b08e-54b4-b60c-637bb3c60b99,in_transit,scheduled,2024-01-04 16:05:29+00,2024-01-04 16:13:29+00,carrier_feed
f1fe58c7-1dee-5b1c-b645-6e1bef003a14,75bddd2c-b08e-54b4-b60c-637bb3c60b99,delivered,in_transit,2024-01-30 01:24:41+00,2024-01-30 01:59:41+00,carrier_feed
5516b78d-3954-537e-8283-9f1d9f94fecd,766043ef-8c7d-5702-bdf0-b33742f14c33,scheduled,,2024-01-08 08:50:37+00,2024-01-08 08:59:37+00,carrier_feed
08bd9e88-1019-548c-af97-164a245543f9,766043ef-8c7d-5702-bdf0-b33742f14c33,in_transit,scheduled,2024-01-11 15:31:36+00,2024-01-11 16:16:36+00,carrier_feed
a1e810c8-dab3-5eda-afbf-ae4b80410596,766043ef-8c7d-5702-bdf0-b33742f14c33,delivered,in_transit,2024-01-29 16:07:33+00,2024-01-29 16:23:33+00,carrier_feed
3aa9468d-2ce2-5f96-9c92-71dbcff28e42,fbbc25c3-9aef-5462-84fa-14c05c13a59f,scheduled,,2024-01-08 08:37:36+00,2024-01-08 09:02:36+00,carrier_feed
666b1d1a-90a5-52fd-8b4d-494e71056344,fbbc25c3-9aef-5462-84fa-14c05c13a59f,in_transit,scheduled,2024-01-09 18:17:55+00,2024-01-09 18:36:55+00,carrier_feed
1949bbc2-259a-5697-ace6-8838c8139aa0,fbbc25c3-9aef-5462-84fa-14c05c13a59f,delivered,in_transit,2024-02-03 10:48:53+00,2024-02-03 11:11:53+00,carrier_feed
c89c2af0-40b5-5d4e-a1c0-b0cc92fd9590,b9f97ed1-154a-5f55-a5fc-29ab4b189f4f,scheduled,,2024-01-08 08:54:09+00,2024-01-08 09:25:09+00,carrier_feed
f22ec2cf-9c7c-5cbb-b0e8-733330eca492,b9f97ed1-154a-5f55-a5fc-29ab4b189f4f,in_transit,scheduled,2024-01-10 14:01:11+00,2024-01-10 14:12:11+00,carrier_feed
9b24da09-c3cf-5c4f-877f-f3624110c1ff,b9f97ed1-154a-5f55-a5fc-29ab4b189f4f,delayed,in_transit,2024-02-12 20:34:00+00,2024-02-12 20:45:00+00,carrier_feed
6509d14e-1e97-5556-8158-151af671d061,b9f97ed1-154a-5f55-a5fc-29ab4b189f4f,delivered,delayed,2024-02-13 14:35:37+00,2024-02-13 15:00:37+00,carrier_feed
9c26473c-698d-595d-9e33-6be3086e3650,01a9c888-a1b4-51e4-8ae9-c9de9f4ecd5b,scheduled,,2024-01-08 08:47:19+00,2024-01-08 09:13:19+00,carrier_feed
1641d51f-d3f1-5121-8bbf-29f9fa057d83,01a9c888-a1b4-51e4-8ae9-c9de9f4ecd5b,in_transit,scheduled,2024-01-08 12:11:34+00,2024-01-08 12:56:34+00,carrier_feed
e688e197-0780-5284-bb97-a821284db840,01a9c888-a1b4-51e4-8ae9-c9de9f4ecd5b,delivered,in_transit,2024-01-21 06:29:49+00,2024-01-21 06:55:49+00,carrier_feed
cda9c65b-e100-5905-bcfa-048c3205da2b,c8483d44-ba82-57e7-b9bb-c0f3781ac43d,scheduled,,2024-01-08 08:33:00+00,2024-01-08 08:49:00+00,carrier_feed
8b8190f0-29ac-59f3-ad6f-c293e4cd9d88,c8483d44-ba82-57e7-b9bb-c0f3781ac43d,in_transit,scheduled,2024-01-11 18:14:07+00,2024-01-11 18:35:07+00,carrier_feed
8ddc13c8-8e50-5ced-8bde-22d805d267be,c8483d44-ba82-57e7-b9bb-c0f3781ac43d,delivered,in_transit,2024-02-12 14:56:37+00,2024-02-12 15:41:37+00,carrier_feed
6d055782-255a-5d8a-b92e-9930c8291311,5f647d34-f674-5208-847d-e3130b109d2a,scheduled,,2024-01-08 08:49:16+00,2024-01-08 08:55:16+00,carrier_feed
7042b334-3e32-51d0-b4bb-81ad95c58662,5f647d34-f674-5208-847d-e3130b109d2a,in_transit,scheduled,2024-01-09 13:25:59+00,2024-01-09 13:38:59+00,carrier_feed
a715d5fb-842b-5c05-898c-ba4f55a4f9d8,5f647d34-f674-5208-847d-e3130b109d2a,delivered,in_transit,2024-01-27 10:32:36+00,2024-01-27 11:05:36+00,carrier_feed
96a7228f-4fef-5535-b65d-7d35cfdc5737,987d7041-2414-50d9-8694-bfef4ac9348d,scheduled,,2024-01-08 08:56:37+00,2024-01-08 09:36:37+00,carrier_feed
ba3b9ce2-ba55-5652-baf0-d7ff5a84a662,987d7041-2414-50d9-8694-bfef4ac9348d,in_transit,scheduled,2024-01-08 12:00:56+00,2024-01-08 12:16:56+00,carrier_feed
5403761b-a776-524a-9ab0-def5e936bbc4,987d7041-2414-50d9-8694-bfef4ac9348d,delivered,in_transit,2024-01-13 08:33:10+00,2024-01-13 08:41:10+00,carrier_feed
bc1690bd-dddb-5982-bdfc-75ed72077908,fb6b5964-2b09-509d-814b-fdda3001473e,scheduled,,2024-01-08 08:47:35+00,2024-01-08 08:59:35+00,carrier_feed
cd9fdee7-990f-53ae-940f-de36777348b1,fb6b5964-2b09-509d-814b-fdda3001473e,in_transit,scheduled,2024-01-08 13:04:36+00,2024-01-08 13:32:36+00,carrier_feed
41ee6056-fddd-56c1-b80d-a310652d6623,fb6b5964-2b09-509d-814b-fdda3001473e,delivered,in_transit,2024-01-18 09:48:22+00,2024-01-18 10:28:22+00,carrier_feed
665607b1-d357-560b-8e9e-397fb9522dfd,aae6d472-26fd-5daa-85bc-5902caaab6ee,scheduled,,2024-01-08 08:52:52+00,2024-01-08 09:01:52+00,carrier_feed
c8abcd50-585b-5460-ad1c-28fa3ed99f73,aae6d472-26fd-5daa-85bc-5902caaab6ee,in_transit,scheduled,2024-01-08 12:20:37+00,2024-01-08 12:32:37+00,carrier_feed
eaa99d81-146f-5eba-922c-7725fc4b04b4,aae6d472-26fd-5daa-85bc-5902caaab6ee,delivered,in_transit,2024-01-14 10:01:26+00,2024-01-14 10:20:26+00,carrier_feed
94581015-c5b5-554f-b4f1-3a4fbe094eea,a3e2f636-de5f-56e3-a6b8-b0e652ecf85d,scheduled,,2024-01-08 08:52:04+00,2024-01-08 08:58:04+00,carrier_feed
9a7f3538-0352-523e-bc9b-a239ebe7522c,a3e2f636-de5f-56e3-a6b8-b0e652ecf85d,in_transit,scheduled,2024-01-08 09:56:05+00,2024-01-08 10:33:05+00,carrier_feed
78cbac37-3543-58c1-a085-67e0f05cd461,a3e2f636-de5f-56e3-a6b8-b0e652ecf85d,delivered,in_transit,2024-01-12 06:32:01+00,2024-01-12 06:51:01+00,carrier_feed
6f7e6f79-402a-57bc-84ed-d803e024a0fa,ea3be402-400b-591a-9bcf-fb441816ac2a,scheduled,,2024-01-08 08:46:10+00,2024-01-08 09:29:10+00,carrier_feed
21cbd0cb-83c8-5e47-8c95-c0f0f085f038,ea3be402-400b-591a-9bcf-fb441816ac2a,in_transit,scheduled,2024-01-09 11:56:07+00,2024-01-09 12:23:07+00,carrier_feed
ed542908-3fa4-5324-be32-f3a6aacde177,ea3be402-400b-591a-9bcf-fb441816ac2a,delayed,in_transit,2024-02-03 18:38:08+00,2024-02-03 18:55:08+00,carrier_feed
37bd00e5-e14f-5d82-a462-caf7a8d35436,ea3be402-400b-591a-9bcf-fb441816ac2a,delivered,delayed,2024-02-09 12:19:18+00,2024-02-09 12:31:18+00,carrier_feed
d7d8d8be-1ba5-5a39-b22e-5eaa7c8888a1,64ce4839-811f-5279-b1d6-617a68fca374,scheduled,,2024-01-08 09:00:52+00,2024-01-08 09:09:52+00,carrier_feed
2ccd006b-1550-5461-b380-63cfb555461c,64ce4839-811f-5279-b1d6-617a68fca374,in_transit,scheduled,2024-01-10 16:27:38+00,2024-01-10 16:59:38+00,carrier_feed
cb24e30b-ba48-56a4-b1d6-017cf49b6c66,64ce4839-811f-5279-b1d6-617a68fca374,delivered,in_transit,2024-01-28 08:41:34+00,2024-01-28 09:26:34+00,carrier_feed
d78126dc-4804-52cd-8174-f22e4a76518f,3a95e98b-6640-5b1e-9118-d59f92f553cb,scheduled,,2024-01-08 08:56:50+00,2024-01-08 09:40:50+00,carrier_feed
c4526527-adb9-5053-8fe1-92846d9dbad9,3a95e98b-6640-5b1e-9118-d59f92f553cb,in_transit,scheduled,2024-01-09 14:17:51+00,2024-01-09 14:42:51+00,carrier_feed
1ebd3c8a-ff13-5a70-8089-8daec8fb4da8,3a95e98b-6640-5b1e-9118-d59f92f553cb,delayed,in_transit,2024-01-14 20:56:18+00,2024-01-14 21:41:18+00,carrier_feed
ef70fd4c-5955-541e-8309-79d6f5b53420,3a95e98b-6640-5b1e-9118-d59f92f553cb,delivered,delayed,2024-01-19 14:49:13+00,2024-01-19 15:01:13+00,carrier_feed
0be9bab4-22f3-50d1-a0ef-fb8b85fb609e,1ae1b046-b414-5341-a2b8-0bdfb9749169,scheduled,,2024-01-08 08:46:30+00,2024-01-08 09:13:30+00,carrier_feed
c131ac24-cd37-5744-935e-64617a56872e,1ae1b046-b414-5341-a2b8-0bdfb9749169,in_transit,scheduled,2024-01-11 17:01:10+00,2024-01-11 17:14:10+00,carrier_feed
ce25cd20-5146-5154-bf6d-bb5f77fec53a,1ae1b046-b414-5341-a2b8-0bdfb9749169,delivered,in_transit,2024-01-18 15:39:41+00,2024-01-18 15:53:41+00,carrier_feed
9fbd8ff6-1317-52ad-8e15-545c3460c11a,3db37883-a78a-53b3-b785-4f1613b216fa,scheduled,,2024-01-08 08:33:17+00,2024-01-08 08:51:17+00,carrier_feed
4b139984-f9b0-53b1-a884-08d48fb3bcde,3db37883-a78a-53b3-b785-4f1613b216fa,in_transit,scheduled,2024-01-10 15:12:31+00,2024-01-10 15:33:31+00,carrier_feed
681e6086-5f05-5da6-91aa-30a0ecdbd706,3db37883-a78a-53b3-b785-4f1613b216fa,delivered,in_transit,2024-01-31 11:17:56+00,2024-01-31 11:42:56+00,carrier_feed
a352bdf8-72ff-5a43-adc5-900a4d54d87f,ef6f3d1c-1d26-5665-a6d0-5381047fae60,scheduled,,2024-01-08 08:49:21+00,2024-01-08 08:57:21+00,carrier_feed
d3482430-b6c9-5016-a80d-970604022d69,ef6f3d1c-1d26-5665-a6d0-5381047fae60,in_transit,scheduled,2024-01-10 18:15:41+00,2024-01-10 18:55:41+00,carrier_feed
b6ae69fb-e5c5-5f01-b997-8bf506462bb7,ef6f3d1c-1d26-5665-a6d0-5381047fae60,delivered,in_transit,2024-01-30 13:26:21+00,2024-01-30 14:07:21+00,carrier_feed
b08970ba-7c0e-574e-89df-4b626f704769,0ed8db10-1548-58d6-b1bf-8a78d5d7b8b6,scheduled,,2024-01-15 08:37:07+00,2024-01-15 09:09:07+00,carrier_feed
7efc6967-7421-5d06-811a-4b5d647a8462,0ed8db10-1548-58d6-b1bf-8a78d5d7b8b6,in_transit,scheduled,2024-01-16 11:01:30+00,2024-01-16 11:07:30+00,carrier_feed
c54ad376-153f-5b30-a41c-5a71c6e1b13a,0ed8db10-1548-58d6-b1bf-8a78d5d7b8b6,delivered,in_transit,2024-02-09 12:45:48+00,2024-02-09 13:20:48+00,carrier_feed
92cae8aa-a630-5d78-97cf-3aace2f150dc,f682fc7f-a129-5104-9948-a5bec56a4f09,scheduled,,2024-01-15 09:00:41+00,2024-01-15 09:09:41+00,carrier_feed
c963292b-9e5d-58ff-bad8-4c976a19c684,f682fc7f-a129-5104-9948-a5bec56a4f09,in_transit,scheduled,2024-01-16 11:11:31+00,2024-01-16 11:29:31+00,carrier_feed
16751545-d83a-5ee1-842e-343ad1f16aef,f682fc7f-a129-5104-9948-a5bec56a4f09,delivered,in_transit,2024-02-15 22:29:15+00,2024-02-15 23:05:15+00,carrier_feed
2e710054-169a-5a6b-ac91-16359560ef26,3774ab1b-100d-5db9-9dc2-98410c7e13d3,scheduled,,2024-01-15 08:19:51+00,2024-01-15 08:48:51+00,carrier_feed
cc898c36-8710-5f6e-9dd0-ae01e5cf0dab,3774ab1b-100d-5db9-9dc2-98410c7e13d3,in_transit,scheduled,2024-01-18 18:01:27+00,2024-01-18 18:30:27+00,carrier_feed
0850e81a-9988-51c1-b5c8-3e5144a5fbce,3774ab1b-100d-5db9-9dc2-98410c7e13d3,delivered,in_transit,2024-02-18 18:34:15+00,2024-02-18 19:08:15+00,carrier_feed
0162f3b2-8d43-55a7-8e71-b5045bf2dfdb,64d4a6ca-6abc-58fe-82d1-53269d13d913,scheduled,,2024-01-15 08:35:43+00,2024-01-15 08:40:43+00,carrier_feed
2b72dbd6-dfae-5fa7-9d9c-1178b20b9702,64d4a6ca-6abc-58fe-82d1-53269d13d913,in_transit,scheduled,2024-01-17 13:42:16+00,2024-01-17 14:22:16+00,carrier_feed
d0db9b17-e701-57bf-8914-3a2561a7a7ae,64d4a6ca-6abc-58fe-82d1-53269d13d913,delivered,in_transit,2024-02-10 18:53:32+00,2024-02-10 19:01:32+00,carrier_feed
87f46386-3049-5b5a-ae01-729d90078498,94fc8953-7c13-55cb-b3f3-27ead23949db,scheduled,,2024-01-15 09:12:36+00,2024-01-15 09:41:36+00,carrier_feed
7f036ac9-205c-5108-9857-25c2e475f644,94fc8953-7c13-55cb-b3f3-27ead23949db,in_transit,scheduled,2024-01-15 15:34:51+00,2024-01-15 15:39:51+00,carrier_feed
8a9a4e5f-4cc8-5a1f-96c9-82f65c195b53,94fc8953-7c13-55cb-b3f3-27ead23949db,delivered,in_transit,2024-02-09 20:52:49+00,2024-02-09 21:24:49+00,carrier_feed
f31dacf2-5827-5743-8ec2-36082fc24812,377e0a40-249a-502c-a9fc-f20e91dc9f7f,scheduled,,2024-01-15 08:09:46+00,2024-01-15 08:17:46+00,carrier_feed
5ef71d47-2ee3-5fdf-ad9e-8e93657be03b,377e0a40-249a-502c-a9fc-f20e91dc9f7f,in_transit,scheduled,2024-01-17 09:43:00+00,2024-01-17 10:09:00+00,carrier_feed
6b7cf467-0593-5c58-9b0e-28d4feb13623,377e0a40-249a-502c-a9fc-f20e91dc9f7f,delivered,in_transit,2024-02-10 03:59:27+00,2024-02-10 04:07:27+00,carrier_feed
ceb947aa-f353-565e-a3cb-0becf852d9b0,32cc60e3-e660-5bac-8cb6-599efa5eb466,scheduled,,2024-01-15 08:37:34+00,2024-01-15 09:08:34+00,carrier_feed
6b932d91-b9fe-525e-a73a-dd2e384dba34,32cc60e3-e660-5bac-8cb6-599efa5eb466,in_transit,scheduled,2024-01-16 11:22:34+00,2024-01-16 11:45:34+00,carrier_feed
d3bcefe4-3f25-5f7d-98cf-bf3f71955caf,32cc60e3-e660-5bac-8cb6-599efa5eb466,delivered,in_transit,2024-02-03 18:55:35+00,2024-02-03 19:01:35+00,carrier_feed
b4a9e242-ca95-5404-ae28-fea30893fc3b,82c039f2-405d-5028-85fb-eafcf579e6aa,scheduled,,2024-01-15 08:47:56+00,2024-01-15 09:14:56+00,carrier_feed
2bab4d88-e300-556d-b123-24127ec3aff2,82c039f2-405d-5028-85fb-eafcf579e6aa,in_transit,scheduled,2024-01-17 15:19:51+00,2024-01-17 15:30:51+00,carrier_feed
75a74ce6-39d5-5727-b1c7-1a1ae58766d7,82c039f2-405d-5028-85fb-eafcf579e6aa,delivered,in_transit,2024-02-11 18:41:17+00,2024-02-11 18:51:17+00,carrier_feed
47ebcd9b-09d5-50d9-a964-65e9bb9f48d0,03e90434-6353-5a6f-a59a-a575a05998a4,scheduled,,2024-01-15 08:53:44+00,2024-01-15 09:32:44+00,carrier_feed
fd751113-4cfc-524e-81ee-35c24cc2ae58,03e90434-6353-5a6f-a59a-a575a05998a4,in_transit,scheduled,2024-01-18 15:27:58+00,2024-01-18 15:46:58+00,carrier_feed
e88f5659-94aa-591b-b488-88dbc3a3e3b4,03e90434-6353-5a6f-a59a-a575a05998a4,delivered,in_transit,2024-02-07 02:55:26+00,2024-02-07 03:11:26+00,carrier_feed
ac59097e-1208-5f15-ad00-9f866ceaf720,91e5fee7-6d64-566b-834b-2fdd980a6733,scheduled,,2024-01-15 08:09:33+00,2024-01-15 08:49:33+00,carrier_feed
65aa17eb-6899-519d-b547-50fa81423b4d,91e5fee7-6d64-566b-834b-2fdd980a6733,in_transit,scheduled,2024-01-18 16:48:39+00,2024-01-18 17:10:39+00,carrier_feed
2c4b4957-1301-5c84-b925-a8ddb6a0118f,91e5fee7-6d64-566b-834b-2fdd980a6733,delivered,in_transit,2024-01-27 09:27:52+00,2024-01-27 09:33:52+00,carrier_feed
b54e0748-10b0-5213-80a4-4f6623e88a48,50b1a571-3e6f-5b24-8dfa-cff82536861b,scheduled,,2024-01-15 08:28:00+00,2024-01-15 08:39:00+00,carrier_feed
2de006e4-1004-534d-88e6-f428cf56feb3,50b1a571-3e6f-5b24-8dfa-cff82536861b,in_transit,scheduled,2024-01-18 11:35:29+00,2024-01-18 11:58:29+00,carrier_feed
ab442892-1ec6-575b-a336-81389c87ac4e,50b1a571-3e6f-5b24-8dfa-cff82536861b,delivered,in_transit,2024-02-12 01:14:57+00,2024-02-12 01:36:57+00,carrier_feed
dddbd423-d232-54f7-8062-7d8dc7213751,3495b87d-9022-5fc4-8df5-0d6804dedcd9,scheduled,,2024-01-15 09:10:20+00,2024-01-15 09:17:20+00,carrier_feed
27b941f5-e8bb-55b2-bfcb-7e4a1c0d96fc,3495b87d-9022-5fc4-8df5-0d6804dedcd9,in_transit,scheduled,2024-01-18 13:34:25+00,2024-01-18 14:08:25+00,carrier_feed
7f21d347-a5c0-573a-ad58-6570784c9951,3495b87d-9022-5fc4-8df5-0d6804dedcd9,delivered,in_transit,2024-01-22 13:03:39+00,2024-01-22 13:47:39+00,carrier_feed
1704a180-2cd5-5473-b675-57292c41f897,c4af6839-a11c-5cf3-b20b-14234782a341,scheduled,,2024-01-15 08:13:43+00,2024-01-15 08:19:43+00,carrier_feed
c5b8a558-5125-5433-94eb-4b3a1a59ddc6,c4af6839-a11c-5cf3-b20b-14234782a341,in_transit,scheduled,2024-01-15 13:26:39+00,2024-01-15 13:48:39+00,carrier_feed
f0f6cc68-d98f-5401-b1d4-bd48d253e638,c4af6839-a11c-5cf3-b20b-14234782a341,delayed,in_transit,2024-02-02 20:00:16+00,2024-02-02 20:17:16+00,carrier_feed
84181fb9-ada9-5af3-819b-4e4f4f02d702,c4af6839-a11c-5cf3-b20b-14234782a341,delivered,delayed,2024-02-04 13:37:54+00,2024-02-04 14:15:54+00,carrier_feed
ebbd0f5e-e900-5a24-af2f-3843d8fef71e,3b2bb193-51ba-5b40-a907-abc16f69788f,scheduled,,2024-01-15 09:00:28+00,2024-01-15 09:41:28+00,carrier_feed
05edede7-0d00-5548-9423-edd7c09d03e2,3b2bb193-51ba-5b40-a907-abc16f69788f,in_transit,scheduled,2024-01-17 11:10:07+00,2024-01-17 11:27:07+00,carrier_feed
d44160b9-8258-59ef-95f0-5e89be31687b,3b2bb193-51ba-5b40-a907-abc16f69788f,delivered,in_transit,2024-02-21 08:45:49+00,2024-02-21 09:10:49+00,carrier_feed
f0263c9a-e68f-505a-8296-23872281ae98,d5ec890b-5f05-5f3e-96d5-a9f74cd5423c,scheduled,,2024-01-15 08:57:44+00,2024-01-15 09:16:44+00,carrier_feed
19af736b-5451-5f5f-a8a3-6f3453076b17,d5ec890b-5f05-5f3e-96d5-a9f74cd5423c,in_transit,scheduled,2024-01-17 14:23:30+00,2024-01-17 14:34:30+00,carrier_feed
3e9ed939-8156-51f9-82ee-a9a83effc8a0,d5ec890b-5f05-5f3e-96d5-a9f74cd5423c,delivered,in_transit,2024-02-11 16:38:09+00,2024-02-11 17:12:09+00,carrier_feed
f82462e8-ddaa-5af7-9a8a-4dbbfa024121,668b42dc-bf69-5d3f-b924-912a9bdbedcf,scheduled,,2024-01-15 08:14:07+00,2024-01-15 08:31:07+00,carrier_feed
8cab7906-80d5-5473-a003-a484ae896420,668b42dc-bf69-5d3f-b924-912a9bdbedcf,in_transit,scheduled,2024-01-17 10:28:42+00,2024-01-17 10:42:42+00,carrier_feed
e4ea4166-6319-5580-9d3e-56bcc7a48e06,668b42dc-bf69-5d3f-b924-912a9bdbedcf,delivered,in_transit,2024-01-27 20:41:30+00,2024-01-27 21:04:30+00,carrier_feed
c858e814-acbc-5cd1-9d30-88784227dabd,d43bb513-52bf-548d-a028-015d838b57ef,scheduled,,2024-01-15 09:07:54+00,2024-01-15 09:39:54+00,carrier_feed
2449788e-cd84-5ee7-956d-fa76a6309e1d,d43bb513-52bf-548d-a028-015d838b57ef,in_transit,scheduled,2024-01-18 16:15:18+00,2024-01-18 16:26:18+00,carrier_feed
13678a82-0dee-5c4c-8ad4-e24d58d8b867,d43bb513-52bf-548d-a028-015d838b57ef,delivered,in_transit,2024-02-05 09:47:02+00,2024-02-05 10:14:02+00,carrier_feed
9c8fd023-033b-5dd5-b2e7-42b47903f1bf,0e3978d9-b700-599e-8edd-f9b8f020885d,scheduled,,2024-01-15 08:45:52+00,2024-01-15 09:12:52+00,carrier_feed
0890b248-7c48-5932-9b69-6f79a2e61694,0e3978d9-b700-599e-8edd-f9b8f020885d,in_transit,scheduled,2024-01-18 10:07:54+00,2024-01-18 10:22:54+00,carrier_feed
2c7bfc4e-004d-5fa2-9882-36996c6a554c,0e3978d9-b700-599e-8edd-f9b8f020885d,delivered,in_transit,2024-01-30 13:23:38+00,2024-01-30 13:37:38+00,carrier_feed
95524073-1d56-5515-bd78-118df2b885b2,2a283ac3-ebd8-5f19-b73e-e1fc077b916f,scheduled,,2024-01-15 09:08:39+00,2024-01-15 09:31:39+00,carrier_feed
fb404136-e427-5691-b2d8-bdc5fda4b04e,2a283ac3-ebd8-5f19-b73e-e1fc077b916f,in_transit,scheduled,2024-01-17 14:43:45+00,2024-01-17 14:53:45+00,carrier_feed
badedcea-a9ff-5ad7-982e-46c1c19e3c34,2a283ac3-ebd8-5f19-b73e-e1fc077b916f,delayed,in_transit,2024-02-04 21:20:58+00,2024-02-04 21:29:58+00,carrier_feed
a52a51d0-4bb0-5e0f-b904-0d190474d0bd,2a283ac3-ebd8-5f19-b73e-e1fc077b916f,delivered,delayed,2024-02-05 15:08:52+00,2024-02-05 15:28:52+00,carrier_feed
39026f49-a6d5-5c9e-8506-123e379a1aef,f2d2e3a9-84da-5bbe-9cd4-b56949040220,scheduled,,2024-01-22 08:58:29+00,2024-01-22 09:19:29+00,carrier_feed
d12134e4-1651-5aba-8f43-d1866bf2330d,f2d2e3a9-84da-5bbe-9cd4-b56949040220,in_transit,scheduled,2024-01-23 15:04:14+00,2024-01-23 15:14:14+00,carrier_feed
8625f6b2-b1ad-5efd-88bb-914c092c62cd,f2d2e3a9-84da-5bbe-9cd4-b56949040220,delivered,in_transit,2024-02-10 05:21:33+00,2024-02-10 05:44:33+00,carrier_feed
bd4be78f-e5f0-588b-8f8f-06bc09a61212,7789c34f-1d35-5467-a2e6-1e6ed932ac40,scheduled,,2024-01-22 08:39:27+00,2024-01-22 09:19:27+00,carrier_feed
fdb702df-a993-5cca-9f0d-d46e7cbf81b2,7789c34f-1d35-5467-a2e6-1e6ed932ac40,in_transit,scheduled,2024-01-23 15:20:36+00,2024-01-23 15:31:36+00,carrier_feed
097739db-f19d-5de8-a305-7fd2f8483268,7789c34f-1d35-5467-a2e6-1e6ed932ac40,delivered,in_transit,2024-02-10 00:54:15+00,2024-02-10 01:07:15+00,carrier_feed
3dfe3fdd-5fef-5a3d-9fcb-2c8088bc40c4,51f0f2ef-edbb-54c8-bc12-dbaa0d6ee18b,scheduled,,2024-01-22 08:30:15+00,2024-01-22 09:01:15+00,carrier_feed
626c3a54-6c63-5fec-877b-6b4de099ffed,51f0f2ef-edbb-54c8-bc12-dbaa0d6ee18b,in_transit,scheduled,2024-01-25 10:09:22+00,2024-01-25 10:49:22+00,carrier_feed
9898102e-9b29-5812-a2b5-61da7fbcd6af,51f0f2ef-edbb-54c8-bc12-dbaa0d6ee18b,delivered,in_transit,2024-02-24 06:26:40+00,2024-02-24 07:07:40+00,carrier_feed
bbc8b47e-8926-5d9f-ba4f-903fa881cd7d,905f4c4e-3731-59dc-aa58-29461c948405,scheduled,,2024-01-22 08:30:36+00,2024-01-22 08:43:36+00,carrier_feed
08597514-4814-5b32-b74e-abcbf8ff9c7e,905f4c4e-3731-59dc-aa58-29461c948405,in_transit,scheduled,2024-01-24 12:51:46+00,2024-01-24 13:20:46+00,carrier_feed
58a36faa-79a6-56e9-85fa-c4fb02ba5578,905f4c4e-3731-59dc-aa58-29461c948405,delivered,in_transit,2024-02-17 07:36:33+00,2024-02-17 08:04:33+00,carrier_feed
fa3397b6-e1d0-586a-90ff-f633ff0156b7,1e959c90-48ff-572f-945b-5a73cf543fb9,scheduled,,2024-01-22 08:55:32+00,2024-01-22 09:34:32+00,carrier_feed
ddd38c80-5244-5cb7-beeb-416568f4d78c,1e959c90-48ff-572f-945b-5a73cf543fb9,in_transit,scheduled,2024-01-25 10:40:11+00,2024-01-25 10:59:11+00,carrier_feed
4ad818c8-d4b6-5d23-b434-a7681d97a72c,1e959c90-48ff-572f-945b-5a73cf543fb9,delivered,in_transit,2024-01-30 17:07:55+00,2024-01-30 17:32:55+00,carrier_feed
0f48f62f-cd5b-5616-9071-85393265fcfc,b97a47ef-20f6-5436-aebf-044e66e91b79,scheduled,,2024-01-22 09:02:55+00,2024-01-22 09:47:55+00,carrier_feed
71ca184c-8cfb-5a78-8892-96b77c2b59aa,b97a47ef-20f6-5436-aebf-044e66e91b79,in_transit,scheduled,2024-01-24 11:12:14+00,2024-01-24 11:28:14+00,carrier_feed
c2525bbb-4b96-59d5-bc03-335e804316c4,b97a47ef-20f6-5436-aebf-044e66e91b79,delivered,in_transit,2024-01-31 04:45:09+00,2024-01-31 05:20:09+00,carrier_feed
e1034443-b64d-5476-a421-f493797b5886,048162b6-2ea8-55db-a5e8-67c8926313af,scheduled,,2024-01-22 08:58:15+00,2024-01-22 09:18:15+00,carrier_feed
17aa1f53-11b3-518d-a86a-af885f112cf1,048162b6-2ea8-55db-a5e8-67c8926313af,in_transit,scheduled,2024-01-23 17:26:15+00,2024-01-23 18:05:15+00,carrier_feed
2c0318f1-ffd8-51c9-85cb-f4e40cacaa2f,048162b6-2ea8-55db-a5e8-67c8926313af,delivered,in_transit,2024-02-05 08:35:15+00,2024-02-05 08:53:15+00,carrier_feed
88140ed4-8558-5cbc-8f84-dbb8767f2a90,b1c0217c-f9bc-5bfa-aaad-206c932896eb,scheduled,,2024-01-22 08:39:01+00,2024-01-22 09:23:01+00,carrier_feed
1fdcdbb3-6f8b-5a7c-b6e3-afa4afee3833,b1c0217c-f9bc-5bfa-aaad-206c932896eb,in_transit,scheduled,2024-01-23 09:54:37+00,2024-01-23 10:25:37+00,carrier_feed
a7180ccf-e9ff-5455-b6cf-351e097c1a20,b1c0217c-f9bc-5bfa-aaad-206c932896eb,delivered,in_transit,2024-01-29 04:03:29+00,2024-01-29 04:40:29+00,carrier_feed
5900f565-92d8-518b-bfa8-0801197135c1,ae86139e-6dbd-572c-835f-852f38276dd8,scheduled,,2024-01-22 09:06:32+00,2024-01-22 09:45:32+00,carrier_feed
932e0481-c2f1-5f7d-a6e4-5ccc43c8000f,ae86139e-6dbd-572c-835f-852f38276dd8,in_transit,scheduled,2024-01-23 12:43:23+00,2024-01-23 13:08:23+00,carrier_feed
9ce439ef-0bc7-580b-86a1-4337d425767c,ae86139e-6dbd-572c-835f-852f38276dd8,delivered,in_transit,2024-02-27 19:19:11+00,2024-02-27 19:50:11+00,carrier_feed
1ab39026-b21a-5552-aa0d-591f1c6bd9fb,c75971a9-1b36-50c0-954f-4abb83d07fa0,scheduled,,2024-01-22 08:36:34+00,2024-01-22 08:42:34+00,carrier_feed
81bb0712-c9d5-54d7-96a9-572171ff769d,c75971a9-1b36-50c0-954f-4abb83d07fa0,in_transit,scheduled,2024-01-22 17:15:59+00,2024-01-22 17:46:59+00,carrier_feed
97f2610e-320d-5e92-a0fd-d8947c326e43,c75971a9-1b36-50c0-954f-4abb83d07fa0,delivered,in_transit,2024-01-27 08:23:49+00,2024-01-27 09:07:49+00,carrier_feed
cbff4618-83fd-51ff-aca7-5cd88071643d,a4d0d391-62da-559f-ab26-a7c411a03a79,scheduled,,2024-01-22 08:38:47+00,2024-01-22 09:00:47+00,carrier_feed
92058b71-01aa-53b2-96f9-3f9ce96a8203,a4d0d391-62da-559f-ab26-a7c411a03a79,in_transit,scheduled,2024-01-25 14:01:53+00,2024-01-25 14:26:53+00,carrier_feed
399d7f0d-5058-596a-a631-19de97b55228,a4d0d391-62da-559f-ab26-a7c411a03a79,delivered,in_transit,2024-02-07 10:03:19+00,2024-02-07 10:33:19+00,carrier_feed
f716a84f-1059-5829-b26b-ffe8717073a9,3b5ab360-4eaa-50bf-992f-191bc3bbfe74,scheduled,,2024-01-22 08:32:49+00,2024-01-22 09:09:49+00,carrier_feed
c009b99f-9494-5055-b524-47c21d47857c,3b5ab360-4eaa-50bf-992f-191bc3bbfe74,in_transit,scheduled,2024-01-23 10:11:55+00,2024-01-23 10:56:55+00,carrier_feed
92d566ff-fb1d-544e-82b9-89541c7ea1d1,3b5ab360-4eaa-50bf-992f-191bc3bbfe74,delivered,in_transit,2024-02-12 18:45:36+00,2024-02-12 19:07:36+00,carrier_feed
ca71926e-f1f0-570e-b5dc-f0c21d490370,4fdcf671-f206-5aab-b77e-92467ffa224a,scheduled,,2024-01-22 08:19:39+00,2024-01-22 08:52:39+00,carrier_feed
4214f01b-2e05-556b-81bd-e664a0d2ddf2,4fdcf671-f206-5aab-b77e-92467ffa224a,in_transit,scheduled,2024-01-25 16:24:48+00,2024-01-25 16:32:48+00,carrier_feed
d9a22f3f-dab2-54d0-8eb5-278538bc7a18,4fdcf671-f206-5aab-b77e-92467ffa224a,delivered,in_transit,2024-02-18 20:01:05+00,2024-02-18 20:44:05+00,carrier_feed
92d03c55-3b69-5d14-99de-285b93469455,1dcbe556-f43e-5d65-beb9-021547d44f4d,scheduled,,2024-01-22 08:42:40+00,2024-01-22 09:00:40+00,carrier_feed
c2735ab3-4e3b-58ce-a6a5-d02e9d32f333,1dcbe556-f43e-5d65-beb9-021547d44f4d,in_transit,scheduled,2024-01-23 10:54:48+00,2024-01-23 11:04:48+00,carrier_feed
48e706db-6be5-58dc-a7c9-2b87db35b8eb,1dcbe556-f43e-5d65-beb9-021547d44f4d,delivered,in_transit,2024-02-17 17:26:52+00,2024-02-17 18:10:52+00,carrier_feed
292e28db-5a0f-5b74-811a-960093fb808a,52b18792-e183-5992-ad36-b066950a989f,scheduled,,2024-01-22 08:46:39+00,2024-01-22 09:14:39+00,carrier_feed
4f13857b-5801-5bb0-90c5-83956ab2c0db,52b18792-e183-5992-ad36-b066950a989f,in_transit,scheduled,2024-01-25 15:19:10+00,2024-01-25 15:55:10+00,carrier_feed
c986f397-455d-57ed-9726-c34ed71c1158,52b18792-e183-5992-ad36-b066950a989f,delivered,in_transit,2024-02-26 11:46:53+00,2024-02-26 12:27:53+00,carrier_feed
86b51e45-2055-5c82-9f3a-8d611f7dcde6,0b279f67-0cf5-5f75-af4b-434107af45cd,scheduled,,2024-01-22 08:40:15+00,2024-01-22 09:22:15+00,carrier_feed
04317866-3c10-59b3-96da-e406e19ce019,0b279f67-0cf5-5f75-af4b-434107af45cd,in_transit,scheduled,2024-01-25 15:43:42+00,2024-01-25 16:15:42+00,carrier_feed
09111065-e563-5bc4-b793-cab874b541ef,0b279f67-0cf5-5f75-af4b-434107af45cd,delivered,in_transit,2024-03-08 16:47:06+00,2024-03-08 17:13:06+00,carrier_feed
22ef07c5-cfd0-5923-88d2-9934c1e2493a,6b29ac06-1d9b-5610-8752-40329fbd3c58,scheduled,,2024-01-29 08:33:38+00,2024-01-29 09:14:38+00,carrier_feed
60b82d67-b248-57e8-83f3-6bd74cc894dd,6b29ac06-1d9b-5610-8752-40329fbd3c58,in_transit,scheduled,2024-01-29 14:07:10+00,2024-01-29 14:18:10+00,carrier_feed
63bb6627-1ef8-5e11-a84f-9d753ee43826,6b29ac06-1d9b-5610-8752-40329fbd3c58,delivered,in_transit,2024-02-11 04:35:54+00,2024-02-11 04:51:54+00,carrier_feed
0c422d62-9048-5913-a4f3-ca937e7ea0eb,cad0c801-16fb-5cd1-ad7e-d5f6a4f958ce,scheduled,,2024-01-29 08:37:43+00,2024-01-29 09:22:43+00,carrier_feed
932158b8-643a-5591-a9fe-21d373456135,cad0c801-16fb-5cd1-ad7e-d5f6a4f958ce,in_transit,scheduled,2024-01-31 16:58:37+00,2024-01-31 17:18:37+00,carrier_feed
8233f8d0-1513-54c1-a5be-c46b85183628,cad0c801-16fb-5cd1-ad7e-d5f6a4f958ce,delivered,in_transit,2024-02-17 23:35:23+00,2024-02-18 00:18:23+00,carrier_feed
5c8387d7-ab3e-5468-abd7-cd2aa4f3096a,be567d3f-9d9a-56e4-8e73-78e77dd0a0ce,scheduled,,2024-01-29 08:38:28+00,2024-01-29 08:59:28+00,carrier_feed
2848a893-08c0-5eb0-8d31-f6e2ad6e6c02,be567d3f-9d9a-56e4-8e73-78e77dd0a0ce,in_transit,scheduled,2024-01-31 13:19:05+00,2024-01-31 13:40:05+00,carrier_feed
dd62540b-68a1-59bc-9a2d-82ea9465a3e5,be567d3f-9d9a-56e4-8e73-78e77dd0a0ce,delayed,in_transit,2024-02-26 19:39:38+00,2024-02-26 20:22:38+00,carrier_feed
1aff865e-aa18-58d8-9608-09414301fc9a,be567d3f-9d9a-56e4-8e73-78e77dd0a0ce,delivered,delayed,2024-02-27 13:30:14+00,2024-02-27 13:51:14+00,carrier_feed
8effaafd-7ce0-5c09-9863-30300ace7984,f86e8ee5-cd94-53ba-9c12-8d2d33cb8bcf,scheduled,,2024-01-29 09:03:19+00,2024-01-29 09:47:19+00,carrier_feed
4fdec6fb-dd90-51d9-9481-b4194f4f72cc,f86e8ee5-cd94-53ba-9c12-8d2d33cb8bcf,in_transit,scheduled,2024-01-30 16:43:25+00,2024-01-30 17:01:25+00,carrier_feed
549e428f-53d1-5dbd-ba27-be73c1dd3c6b,f86e8ee5-cd94-53ba-9c12-8d2d33cb8bcf,delayed,in_transit,2024-02-17 22:55:55+00,2024-02-17 23:00:55+00,carrier_feed
b2e776fd-91f4-5ddb-8e60-84083da1a098,f86e8ee5-cd94-53ba-9c12-8d2d33cb8bcf,delivered,delayed,2024-02-19 17:23:41+00,2024-02-19 17:57:41+00,carrier_feed
ddff252a-849f-5b2f-98d4-d3523d4efbce,a8e98c07-d85d-5de6-af34-a085ec3b879b,scheduled,,2024-01-29 09:00:54+00,2024-01-29 09:40:54+00,carrier_feed
9c98b5fa-987b-5f81-aeda-e02c229e1a1f,a8e98c07-d85d-5de6-af34-a085ec3b879b,in_transit,scheduled,2024-02-01 13:17:50+00,2024-02-01 13:41:50+00,carrier_feed
7510cfb4-7da0-58e0-8146-07011fb68c3f,a8e98c07-d85d-5de6-af34-a085ec3b879b,delivered,in_transit,2024-02-26 11:52:42+00,2024-02-26 12:18:42+00,carrier_feed
97affff5-fac3-5377-9437-51ae8514adbf,e634225d-98ce-5226-9563-fab6a8445c61,scheduled,,2024-01-29 08:47:05+00,2024-01-29 09:21:05+00,carrier_feed
63a804d0-80fe-56dd-9314-9fd7f6d0a21c,e634225d-98ce-5226-9563-fab6a8445c61,in_transit,scheduled,2024-02-01 10:27:12+00,2024-02-01 11:04:12+00,carrier_feed
f7a8e06f-cf8f-5ac5-a4f4-ba25db5ac189,e634225d-98ce-5226-9563-fab6a8445c61,delivered,in_transit,2024-02-12 03:10:29+00,2024-02-12 03:31:29+00,carrier_feed
dacfae19-71f4-52e5-beb5-ad1552cbbf6f,015eb694-be63-5733-932e-f1302c8084da,scheduled,,2024-01-29 08:56:44+00,2024-01-29 09:17:44+00,carrier_feed
84b05857-03d3-55bd-b18c-f068e97e605e,015eb694-be63-5733-932e-f1302c8084da,in_transit,scheduled,2024-01-29 17:32:01+00,2024-01-29 18:15:01+00,carrier_feed
877bf63f-02b3-5c6e-8479-473c07b7d6fb,015eb694-be63-5733-932e-f1302c8084da,delivered,in_transit,2024-02-17 15:49:02+00,2024-02-17 15:57:02+00,carrier_feed
a88f58b1-8584-5369-a888-9ae68cd58351,7767df60-7064-550a-862d-6ff9623cd2e9,scheduled,,2024-01-29 08:32:42+00,2024-01-29 08:47:42+00,carrier_feed
0b5146b0-9031-57d8-aaf5-0a99a90cd087,7767df60-7064-550a-862d-6ff9623cd2e9,in_transit,scheduled,2024-02-01 15:48:26+00,2024-02-01 16:07:26+00,carrier_feed
547cbebd-46d5-5f8e-9d24-417891a15448,7767df60-7064-550a-862d-6ff9623cd2e9,delivered,in_transit,2024-02-21 00:31:33+00,2024-02-21 00:39:33+00,carrier_feed
d3ad9e33-f9ea-5373-8a96-7b2061c8ad3f,92d6534f-21c8-5fa2-a8fe-144faaa06769,scheduled,,2024-01-29 08:36:15+00,2024-01-29 09:11:15+00,carrier_feed
1899fa4a-659d-5639-9c76-065da6e6e86b,92d6534f-21c8-5fa2-a8fe-144faaa06769,in_transit,scheduled,2024-01-31 09:55:59+00,2024-01-31 10:30:59+00,carrier_feed
e6b05a74-69a8-56ef-b2f4-7cf1ed927c43,92d6534f-21c8-5fa2-a8fe-144faaa06769,delivered,in_transit,2024-02-26 00:37:25+00,2024-02-26 00:49:25+00,carrier_feed
a49aee5f-670a-538f-99ce-0436fbfded44,4f8c9382-e7a8-5265-8926-05e2290ad56d,scheduled,,2024-01-29 08:21:19+00,2024-01-29 08:45:19+00,carrier_feed
a58eca9a-f854-518c-ba1c-a21d416c494b,4f8c9382-e7a8-5265-8926-05e2290ad56d,in_transit,scheduled,2024-01-30 16:56:22+00,2024-01-30 17:25:22+00,carrier_feed
8b26b541-41dc-530c-a0c0-5ac25977302b,4f8c9382-e7a8-5265-8926-05e2290ad56d,delivered,in_transit,2024-02-24 00:03:04+00,2024-02-24 00:29:04+00,carrier_feed
3a6156bf-8e3e-580e-84e9-b49f8216c7f2,6630bc44-de35-506f-ad24-2b8acab5c7f8,scheduled,,2024-01-29 08:43:36+00,2024-01-29 08:50:36+00,carrier_feed
404e4518-96e7-538c-b53e-b9a3bb904653,6630bc44-de35-506f-ad24-2b8acab5c7f8,in_transit,scheduled,2024-01-30 17:45:56+00,2024-01-30 17:59:56+00,carrier_feed
305fae25-67a4-5aca-99c0-72f77e21bb19,6630bc44-de35-506f-ad24-2b8acab5c7f8,delayed,in_transit,2024-02-05 00:16:28+00,2024-02-05 00:56:28+00,carrier_feed
4faf95e6-b1fe-5544-a4a8-9c6364123896,6630bc44-de35-506f-ad24-2b8acab5c7f8,delivered,delayed,2024-02-09 18:05:45+00,2024-02-09 18:37:45+00,carrier_feed
e5ea243d-a5fe-503e-8610-fbbac2d18308,a907d309-4a74-508c-bc4d-d465e917d0f5,scheduled,,2024-01-29 08:33:31+00,2024-01-29 08:38:31+00,carrier_feed
ae51822d-3fe1-56c7-a313-85bbf0876163,a907d309-4a74-508c-bc4d-d465e917d0f5,in_transit,scheduled,2024-01-31 16:06:20+00,2024-01-31 16:15:20+00,carrier_feed
dcc05df8-0a55-5a07-9cfc-c8e35e91f874,a907d309-4a74-508c-bc4d-d465e917d0f5,delivered,in_transit,2024-02-18 15:36:00+00,2024-02-18 15:45:00+00,carrier_feed
1523f4c3-6412-52ac-9856-fefceeef7a8c,968ccfcc-336c-52d3-861f-2fa5279c0338,scheduled,,2024-01-29 08:35:53+00,2024-01-29 09:12:53+00,carrier_feed
362c9db3-0fc9-51c6-b419-9e1f7e3e35e9,968ccfcc-336c-52d3-861f-2fa5279c0338,in_transit,scheduled,2024-01-31 15:05:18+00,2024-01-31 15:25:18+00,carrier_feed
d1a7cb6f-50ee-5ad3-a28d-e28e09ae4ccd,968ccfcc-336c-52d3-861f-2fa5279c0338,delayed,in_transit,2024-02-21 21:19:26+00,2024-02-21 21:52:26+00,carrier_feed
9691ad4e-9011-5aa6-89b0-f1cd79d49949,968ccfcc-336c-52d3-861f-2fa5279c0338,delivered,delayed,2024-03-01 15:32:45+00,2024-03-01 16:03:45+00,carrier_feed
9bb00bdb-6ad2-5ea0-91dd-8bceee611915,2fdc40d8-956c-54bc-831b-29d7db088cbf,scheduled,,2024-01-29 08:49:04+00,2024-01-29 09:33:04+00,carrier_feed
e80a7f35-d0eb-58dc-a7b3-1cb0552c8d6a,2fdc40d8-956c-54bc-831b-29d7db088cbf,in_transit,scheduled,2024-01-29 12:55:51+00,2024-01-29 13:04:51+00,carrier_feed
0a6f5de0-9e96-5f95-88ba-8ea868f02502,2fdc40d8-956c-54bc-831b-29d7db088cbf,delivered,in_transit,2024-02-02 15:33:53+00,2024-02-02 15:40:53+00,carrier_feed
e248b768-bfab-540f-afa3-64879a5b36e3,26dc9457-ba57-5115-8272-890b1dee6127,scheduled,,2024-01-29 08:22:19+00,2024-01-29 08:59:19+00,carrier_feed
b02ee40e-13f9-50b3-a64f-18f5b44b4c1e,26dc9457-ba57-5115-8272-890b1dee6127,in_transit,scheduled,2024-01-29 17:36:34+00,2024-01-29 17:45:34+00,carrier_feed
57fce7e9-632e-59e0-9f3d-c0ddfe1f852c,26dc9457-ba57-5115-8272-890b1dee6127,delivered,in_transit,2024-02-19 03:03:58+00,2024-02-19 03:42:58+00,carrier_feed
1a94e476-e8a9-5604-bd33-a586650ca716,e2e3f8bf-3a1e-527e-bce5-29ca605bc53e,scheduled,,2024-01-29 08:48:50+00,2024-01-29 09:31:50+00,carrier_feed
467d3e07-0844-5be2-8bef-9a4fb128c703,e2e3f8bf-3a1e-527e-bce5-29ca605bc53e,in_transit,scheduled,2024-02-01 15:07:21+00,2024-02-01 15:46:21+00,carrier_feed
4f0bd9b6-0548-5ffd-ba51-d9ad85a0ea2e,e2e3f8bf-3a1e-527e-bce5-29ca605bc53e,delivered,in_transit,2024-03-05 03:17:46+00,2024-03-05 03:28:46+00,carrier_feed
6bf3995a-6628-5e25-9066-7975db9ca9ad,a2faa2f0-3375-5b08-a8d7-15b571c4e193,scheduled,,2024-01-29 08:48:08+00,2024-01-29 09:07:08+00,carrier_feed
48e15b6f-7eb7-5dc6-8418-336707b54216,a2faa2f0-3375-5b08-a8d7-15b571c4e193,in_transit,scheduled,2024-02-01 11:58:03+00,2024-02-01 12:33:03+00,carrier_feed
455158aa-6b97-5327-ba3f-792ce9a61a25,a2faa2f0-3375-5b08-a8d7-15b571c4e193,delivered,in_transit,2024-02-25 22:20:23+00,2024-02-25 22:58:23+00,carrier_feed
4085dae3-dab5-5b7d-a2b5-ae9680ebfee8,a9f4151e-6e1f-5d72-9d2f-f49bcd845d10,scheduled,,2024-01-29 08:17:57+00,2024-01-29 08:25:57+00,carrier_feed
c13131fe-2046-532c-871f-527f1d02b03e,a9f4151e-6e1f-5d72-9d2f-f49bcd845d10,in_transit,scheduled,2024-01-31 17:56:26+00,2024-01-31 18:08:26+00,carrier_feed
6b7816ca-4b11-54ed-a844-b69fc4027eb5,a9f4151e-6e1f-5d72-9d2f-f49bcd845d10,delivered,in_transit,2024-02-15 16:14:20+00,2024-02-15 16:26:20+00,carrier_feed
a35f69e0-eb08-5593-8c1f-8e3ca448f3f3,6943563f-86f2-5ad2-86a3-710fd6796a55,scheduled,,2024-01-29 09:12:50+00,2024-01-29 09:19:50+00,carrier_feed
ab10d152-16a5-50b9-be17-ce6be851321d,6943563f-86f2-5ad2-86a3-710fd6796a55,in_transit,scheduled,2024-01-31 14:46:00+00,2024-01-31 15:09:00+00,carrier_feed
d89a2d61-5251-5d23-aaf8-ca1d318cf18a,6943563f-86f2-5ad2-86a3-710fd6796a55,delivered,in_transit,2024-02-19 14:25:50+00,2024-02-19 14:59:50+00,carrier_feed
c7ad76ff-28a6-59b3-b6d1-3756af626d0c,fdaf669a-9083-57f5-8461-3846dc615b1e,scheduled,,2024-01-29 08:39:54+00,2024-01-29 08:44:54+00,carrier_feed
6fd672cb-ac9f-5488-8112-583790ec1b94,fdaf669a-9083-57f5-8461-3846dc615b1e,in_transit,scheduled,2024-01-30 09:49:46+00,2024-01-30 10:26:46+00,carrier_feed
889b3f70-5d1d-5342-866d-3ba6e66a1305,fdaf669a-9083-57f5-8461-3846dc615b1e,delivered,in_transit,2024-02-04 02:27:40+00,2024-02-04 02:49:40+00,carrier_feed
dbbaea46-b5ad-5595-9f40-2ee3f4944daa,4c695f44-72f9-5d0d-a806-db5b6e93a55d,scheduled,,2024-01-29 08:21:15+00,2024-01-29 08:43:15+00,carrier_feed
87d71991-6aaf-5732-ada2-a80cf8324a13,4c695f44-72f9-5d0d-a806-db5b6e93a55d,in_transit,scheduled,2024-01-31 14:24:05+00,2024-01-31 14:45:05+00,carrier_feed
d53e2992-02e0-5943-a5e9-14cf9adbaa8d,4c695f44-72f9-5d0d-a806-db5b6e93a55d,delivered,in_transit,2024-02-24 12:31:35+00,2024-02-24 12:52:35+00,carrier_feed
aaa4af05-4a09-5ad4-9e16-175d36a1c469,f5bac97c-04f1-50dc-a8ee-8f0132884cc7,scheduled,,2024-01-29 08:42:41+00,2024-01-29 09:07:41+00,carrier_feed
9f654037-86e9-5924-9a61-8e78dff90b62,f5bac97c-04f1-50dc-a8ee-8f0132884cc7,in_transit,scheduled,2024-01-29 12:04:12+00,2024-01-29 12:23:12+00,carrier_feed
4f42a7a7-79fd-5ea2-b3bb-857effa70624,f5bac97c-04f1-50dc-a8ee-8f0132884cc7,delivered,in_transit,2024-02-29 00:49:06+00,2024-02-29 01:02:06+00,carrier_feed
00bb5781-6c57-5097-ad45-8d5b49cdcbb2,1249c7f4-d231-56cf-b95b-1aee51173695,scheduled,,2024-01-29 08:18:50+00,2024-01-29 08:45:50+00,carrier_feed
7f18bad0-2d1e-5415-952c-9e0118f75da0,1249c7f4-d231-56cf-b95b-1aee51173695,in_transit,scheduled,2024-01-29 15:49:46+00,2024-01-29 16:19:46+00,carrier_feed
2cec33c2-ba66-57ef-84f4-ec3766be45ae,1249c7f4-d231-56cf-b95b-1aee51173695,delivered,in_transit,2024-02-18 19:24:07+00,2024-02-18 19:59:07+00,carrier_feed
8cbdfdb8-c360-5a55-b456-e05c17348a54,b0774270-1baf-5f5c-a21a-c9406a16bf2d,scheduled,,2024-02-05 08:57:34+00,2024-02-05 09:10:34+00,carrier_feed
c4069983-970f-53b1-9eb5-d3980bf172e6,b0774270-1baf-5f5c-a21a-c9406a16bf2d,in_transit,scheduled,2024-02-07 11:10:15+00,2024-02-07 11:20:15+00,carrier_feed
4e19c5e0-d47b-56ca-a74d-12c4ad99b2eb,b0774270-1baf-5f5c-a21a-c9406a16bf2d,delivered,in_transit,2024-02-11 23:30:45+00,2024-02-11 23:39:45+00,carrier_feed
8eb9a61d-c91c-5d55-8046-1caca9b5c256,733ba767-33d6-53f9-9b01-084065c92cfd,scheduled,,2024-02-05 08:53:03+00,2024-02-05 09:34:03+00,carrier_feed
df6784d9-fb00-570c-a057-b8ab0b9a4dfa,733ba767-33d6-53f9-9b01-084065c92cfd,in_transit,scheduled,2024-02-06 11:37:08+00,2024-02-06 12:03:08+00,carrier_feed
df1b380b-06ac-51a3-8672-d59a2784873d,733ba767-33d6-53f9-9b01-084065c92cfd,delivered,in_transit,2024-02-24 01:10:30+00,2024-02-24 01:19:30+00,carrier_feed
44d85b1f-595f-5b65-b1b6-2379503c7432,b3bf85dd-1b18-59a8-b026-da5a31118c5d,scheduled,,2024-02-05 08:24:05+00,2024-02-05 08:34:05+00,carrier_feed
36ed0b2a-2a06-5e28-991e-cd5a16c982aa,b3bf85dd-1b18-59a8-b026-da5a31118c5d,in_transit,scheduled,2024-02-05 09:55:12+00,2024-02-05 10:00:12+00,carrier_feed
5541421c-4950-50c0-a85e-57a920a9e405,b3bf85dd-1b18-59a8-b026-da5a31118c5d,delivered,in_transit,2024-03-20 10:00:06+00,2024-03-20 10:41:06+00,carrier_feed
2093b5ad-8010-591b-8d75-a32c99f7776f,03dca6ae-2000-5261-b095-886cbaab2281,scheduled,,2024-02-05 09:13:57+00,2024-02-05 09:35:57+00,carrier_feed
ad62c6ad-9a2a-5dd6-a096-9aebdb2a4feb,03dca6ae-2000-5261-b095-886cbaab2281,in_transit,scheduled,2024-02-08 15:39:29+00,2024-02-08 16:07:29+00,carrier_feed
0e3e9924-5637-555b-96d7-e25bd854c8eb,03dca6ae-2000-5261-b095-886cbaab2281,delivered,in_transit,2024-02-26 09:18:13+00,2024-02-26 09:31:13+00,carrier_feed
385ca0b2-fb69-57e3-9725-a73f66a6db76,cddeaa84-2784-57df-9155-d82417e08fea,scheduled,,2024-02-05 08:35:28+00,2024-02-05 09:05:28+00,carrier_feed
edfaa240-8bc1-5794-ada6-b8436757051f,cddeaa84-2784-57df-9155-d82417e08fea,in_transit,scheduled,2024-02-08 11:54:06+00,2024-02-08 12:21:06+00,carrier_feed
381e66a7-9331-54ba-b4f3-d663143d0db0,cddeaa84-2784-57df-9155-d82417e08fea,delivered,in_transit,2024-03-04 14:04:29+00,2024-03-04 14:42:29+00,carrier_feed
622fe28a-b9d2-5f24-9721-3eca34e776f2,e727c3bb-cfdd-55b6-84f3-6b83a420abf8,scheduled,,2024-02-05 08:42:17+00,2024-02-05 09:27:17+00,carrier_feed
40848b64-d2f9-5974-9908-38af2ec2a93f,e727c3bb-cfdd-55b6-84f3-6b83a420abf8,in_transit,scheduled,2024-02-06 17:27:15+00,2024-02-06 17:40:15+00,carrier_feed
e3f2d26f-8f20-5f6b-a239-26f5d5fc4cb5,e727c3bb-cfdd-55b6-84f3-6b83a420abf8,delivered,in_transit,2024-02-27 00:58:11+00,2024-02-27 01:07:11+00,carrier_feed
0db08979-481a-54ae-96d3-658a70f6dd2a,48afce68-58f9-5f8c-ab8b-b9ca32de99ad,scheduled,,2024-02-05 08:54:19+00,2024-02-05 09:25:19+00,carrier_feed
78b80a1c-2a43-50f8-9985-8ce3ca1c1817,48afce68-58f9-5f8c-ab8b-b9ca32de99ad,in_transit,scheduled,2024-02-07 18:38:04+00,2024-02-07 19:04:04+00,carrier_feed
7804f9a1-95a8-54fc-bc8c-0356c47cf07e,48afce68-58f9-5f8c-ab8b-b9ca32de99ad,delivered,in_transit,2024-02-24 15:53:41+00,2024-02-24 16:20:41+00,carrier_feed
6b141c78-8062-5f1f-9c15-9123a2d9c970,331436d8-a03c-51b3-871a-0041e57ad246,scheduled,,2024-02-05 08:23:36+00,2024-02-05 08:33:36+00,carrier_feed
b2ed1bd9-fc41-5706-881e-67ca49aa1c8f,331436d8-a03c-51b3-871a-0041e57ad246,in_transit,scheduled,2024-02-05 09:41:36+00,2024-02-05 10:05:36+00,carrier_feed
60d10856-e114-5cf2-a4b8-8fb342b1140a,331436d8-a03c-51b3-871a-0041e57ad246,delivered,in_transit,2024-02-11 17:50:07+00,2024-02-11 18:22:07+00,carrier_feed
807328eb-ebdb-5adf-82a8-9b4dcf6cae10,068ea316-41eb-5068-8d76-5d66d4e197c1,scheduled,,2024-02-05 08:18:20+00,2024-02-05 08:34:20+00,carrier_feed
8342bc1a-d6fa-5742-9376-82a550af784b,068ea316-41eb-5068-8d76-5d66d4e197c1,in_transit,scheduled,2024-02-08 13:19:59+00,2024-02-08 13:24:59+00,carrier_feed
dfd31f4a-81c3-5936-8c4f-d48964d30e7a,068ea316-41eb-5068-8d76-5d66d4e197c1,delivered,in_transit,2024-03-11 21:21:39+00,2024-03-11 21:26:39+00,carrier_feed
dbf1ebab-a134-5d7b-8497-b564da54f4ad,d20dccf4-5166-5b92-b9a2-c1dc0edbb963,scheduled,,2024-02-12 09:06:17+00,2024-02-12 09:11:17+00,carrier_feed
1f5b6265-2583-5266-9434-9ccd7e798ec5,d20dccf4-5166-5b92-b9a2-c1dc0edbb963,in_transit,scheduled,2024-02-15 10:08:22+00,2024-02-15 10:47:22+00,carrier_feed
ac18bfc7-43cf-5ac1-8e45-468f41706f9e,d20dccf4-5166-5b92-b9a2-c1dc0edbb963,delivered,in_transit,2024-03-07 01:28:10+00,2024-03-07 02:05:10+00,carrier_feed
176baa9a-7fb5-5102-83c7-0b7f1d253f1d,a22d253d-642f-5ea5-b70d-b8118c0676b4,scheduled,,2024-02-12 08:34:16+00,2024-02-12 09:13:16+00,carrier_feed
0d6347a2-42df-5363-ba2d-a5bafb8747a5,a22d253d-642f-5ea5-b70d-b8118c0676b4,in_transit,scheduled,2024-02-14 12:13:52+00,2024-02-14 12:51:52+00,carrier_feed
111413c7-465e-53c2-af72-1e853328fa9b,a22d253d-642f-5ea5-b70d-b8118c0676b4,delivered,in_transit,2024-03-05 10:25:28+00,2024-03-05 11:00:28+00,carrier_feed
7ca84295-fd57-5a18-b26f-d83488ef0fcb,ad2a68f5-1498-5640-bed1-90ea6233574b,scheduled,,2024-02-12 08:59:33+00,2024-02-12 09:30:33+00,carrier_feed
33be4e7e-2a32-5349-a1a8-ce84374a12c6,ad2a68f5-1498-5640-bed1-90ea6233574b,in_transit,scheduled,2024-02-13 17:43:46+00,2024-02-13 18:07:46+00,carrier_feed
cbfd3eba-832e-5ef7-af46-4ac1d1bf1884,ad2a68f5-1498-5640-bed1-90ea6233574b,delivered,in_transit,2024-02-29 08:59:48+00,2024-02-29 09:10:48+00,carrier_feed
3e2c73ce-6fab-5f43-bf50-b97c6f7c0f1e,6b5c2158-941a-50a4-a32a-c16fb9351a0a,scheduled,,2024-02-12 08:51:31+00,2024-02-12 09:15:31+00,carrier_feed
d68eafd2-6109-5223-8872-7f710bba5699,6b5c2158-941a-50a4-a32a-c16fb9351a0a,in_transit,scheduled,2024-02-13 17:21:55+00,2024-02-13 17:41:55+00,carrier_feed
66e11f69-d13c-5dbe-9b9c-80f851768b1e,6b5c2158-941a-50a4-a32a-c16fb9351a0a,delivered,in_transit,2024-03-05 00:58:39+00,2024-03-05 01:32:39+00,carrier_feed
3026c314-3077-5eaa-82d7-11e1aed6a8a3,a056ee84-c4eb-5e7b-9da6-082418d6dcf6,scheduled,,2024-02-12 08:43:47+00,2024-02-12 09:16:47+00,carrier_feed
d72a863b-a710-5c5f-93f6-146921e0e68c,a056ee84-c4eb-5e7b-9da6-082418d6dcf6,in_transit,scheduled,2024-02-14 15:22:15+00,2024-02-14 15:37:15+00,carrier_feed
2c91ca84-4d3f-59e3-baee-47f7778240c4,a056ee84-c4eb-5e7b-9da6-082418d6dcf6,delivered,in_transit,2024-03-16 05:52:37+00,2024-03-16 06:07:37+00,carrier_feed
b33d3e32-9b0a-5052-86f7-e82e95e0d37e,7d36dfb9-ec40-598d-bc4f-78911526e3c2,scheduled,,2024-02-12 08:51:11+00,2024-02-12 09:07:11+00,carrier_feed
48152338-fc78-5659-b5cd-b1ff46e22023,7d36dfb9-ec40-598d-bc4f-78911526e3c2,in_transit,scheduled,2024-02-15 17:17:39+00,2024-02-15 17:54:39+00,carrier_feed
444614ad-86b3-5ac0-8283-8538403cdb59,7d36dfb9-ec40-598d-bc4f-78911526e3c2,delivered,in_transit,2024-02-27 13:01:07+00,2024-02-27 13:29:07+00,carrier_feed
4bcaef57-5094-5d57-a1db-051566d5a773,5a9daae0-f639-5ff5-a329-83382464c732,scheduled,,2024-02-19 08:42:01+00,2024-02-19 09:07:01+00,carrier_feed
80b48d4b-f754-5a6d-a70e-a4a2af6438dc,5a9daae0-f639-5ff5-a329-83382464c732,in_transit,scheduled,2024-02-22 11:59:56+00,2024-02-22 12:31:56+00,carrier_feed
1562ff76-518f-5a81-a759-eb08dddcd2e6,5a9daae0-f639-5ff5-a329-83382464c732,delivered,in_transit,2024-03-01 11:12:47+00,2024-03-01 11:54:47+00,carrier_feed
20d057a9-8221-5678-b6ad-77a578cfdf86,4ee216f7-b4f3-5bd9-a379-8a628b2d8afa,scheduled,,2024-02-19 08:11:02+00,2024-02-19 08:28:02+00,carrier_feed
cc862d24-5bf2-5c46-8f05-03cdc352e478,4ee216f7-b4f3-5bd9-a379-8a628b2d8afa,in_transit,scheduled,2024-02-22 14:13:03+00,2024-02-22 14:23:03+00,carrier_feed
a2f31beb-816f-5d25-97e7-1a9e83bc3e36,4ee216f7-b4f3-5bd9-a379-8a628b2d8afa,delivered,in_transit,2024-04-06 02:20:06+00,2024-04-06 02:42:06+00,carrier_feed
c8647880-fbb7-5fcc-960b-afb84e1b2c92,8e834e93-a876-5cef-a26a-53cb1a3a5ef3,scheduled,,2024-02-19 08:48:07+00,2024-02-19 09:29:07+00,carrier_feed
fd99e9fd-a890-52e2-ba88-bb5fbfad9faf,8e834e93-a876-5cef-a26a-53cb1a3a5ef3,in_transit,scheduled,2024-02-19 12:00:39+00,2024-02-19 12:19:39+00,carrier_feed
9b33e004-e872-5222-b3bc-d894d9ac7ce6,8e834e93-a876-5cef-a26a-53cb1a3a5ef3,delivered,in_transit,2024-02-23 18:30:58+00,2024-02-23 18:57:58+00,carrier_feed
55bccd50-7f10-53a1-a79c-93f8d5a54c2a,8af1f8bb-79cd-5001-b36a-f3baf1043f78,scheduled,,2024-02-19 08:21:17+00,2024-02-19 08:44:17+00,carrier_feed
772f0f95-364c-5aee-ab1b-e7724f89726c,8af1f8bb-79cd-5001-b36a-f3baf1043f78,in_transit,scheduled,2024-02-19 15:34:29+00,2024-02-19 16:13:29+00,carrier_feed
2c43c35c-4645-5dba-9684-98e201149d76,8af1f8bb-79cd-5001-b36a-f3baf1043f78,delivered,in_transit,2024-02-23 18:09:52+00,2024-02-23 18:49:52+00,carrier_feed
b5f5b40e-84d5-51d4-9db2-ba8b84eb8ba9,5241314b-96b0-5f62-96a2-87745b92b25e,scheduled,,2024-02-19 08:19:25+00,2024-02-19 08:28:25+00,carrier_feed
5bf8fc6e-ebf3-5dc2-9972-8bb759b8c6e4,5241314b-96b0-5f62-96a2-87745b92b25e,in_transit,scheduled,2024-02-22 12:02:15+00,2024-02-22 12:09:15+00,carrier_feed
31c7f7b4-40d4-533a-9df6-843772a88b40,5241314b-96b0-5f62-96a2-87745b92b25e,delivered,in_transit,2024-03-17 10:25:38+00,2024-03-17 11:01:38+00,carrier_feed
003599b3-5d64-503b-894f-233c8900964b,439dc833-7ab1-5a1b-8fb9-a9e487f3dc6b,scheduled,,2024-02-19 08:40:35+00,2024-02-19 08:57:35+00,carrier_feed
2f8c24d7-6905-5adf-88a0-ccf8ef7d5e5d,439dc833-7ab1-5a1b-8fb9-a9e487f3dc6b,in_transit,scheduled,2024-02-19 17:58:26+00,2024-02-19 18:12:26+00,carrier_feed
32dbbe6b-eab4-56cc-af4d-e7a2659a6408,439dc833-7ab1-5a1b-8fb9-a9e487f3dc6b,delivered,in_transit,2024-02-24 02:28:28+00,2024-02-24 03:02:28+00,carrier_feed
38d819e9-80cb-5268-aa47-839ba887dacc,d2a38d2d-07f3-5ac5-9881-ba1290c8290a,scheduled,,2024-02-19 08:22:36+00,2024-02-19 08:53:36+00,carrier_feed
1f92084c-e4ec-5b5f-b55b-768767cdedd7,d2a38d2d-07f3-5ac5-9881-ba1290c8290a,in_transit,scheduled,2024-02-22 12:52:55+00,2024-02-22 13:01:55+00,carrier_feed
a837165e-e94b-5659-9914-15621b1ae575,d2a38d2d-07f3-5ac5-9881-ba1290c8290a,delivered,in_transit,2024-03-17 12:19:54+00,2024-03-17 13:01:54+00,carrier_feed
90108e42-5d5c-5528-9bb5-5443c908ea0e,4c874488-1c85-51f8-850d-303cb6697af4,scheduled,,2024-02-19 08:41:42+00,2024-02-19 09:24:42+00,carrier_feed
2759e3a8-410e-59ab-ba42-8a686c4641ca,4c874488-1c85-51f8-850d-303cb6697af4,in_transit,scheduled,2024-02-21 14:43:31+00,2024-02-21 14:50:31+00,carrier_feed
14bd41ad-36ac-508c-8f58-b9bb5d0e493f,4c874488-1c85-51f8-850d-303cb6697af4,delivered,in_transit,2024-03-11 21:21:35+00,2024-03-11 21:41:35+00,carrier_feed
8d7c47a9-d692-5564-864d-38997f72fe12,d6bb0062-f607-5382-8a0a-38b9a75f00a9,scheduled,,2024-02-26 08:37:06+00,2024-02-26 09:10:06+00,carrier_feed
e8097d65-ec72-52c1-8310-6fe8f35a3b91,d6bb0062-f607-5382-8a0a-38b9a75f00a9,in_transit,scheduled,2024-02-27 10:53:40+00,2024-02-27 11:28:40+00,carrier_feed
efde3ae5-5ea1-5cf3-bf7c-dc23a3c1c377,d6bb0062-f607-5382-8a0a-38b9a75f00a9,delivered,in_transit,2024-03-10 17:21:47+00,2024-03-10 17:54:47+00,carrier_feed
024c62db-e743-5fec-824f-1bb8cd200730,af290ce0-7229-5010-91f8-8ad8c07b1240,scheduled,,2024-02-26 09:19:01+00,2024-02-26 09:39:01+00,carrier_feed
403f3c62-439e-5dda-bc83-0bdd34451f78,af290ce0-7229-5010-91f8-8ad8c07b1240,in_transit,scheduled,2024-02-27 11:38:15+00,2024-02-27 11:48:15+00,carrier_feed
96d0480f-2675-5933-a8bc-ab802286ee9f,af290ce0-7229-5010-91f8-8ad8c07b1240,delivered,in_transit,2024-03-23 14:55:41+00,2024-03-23 15:06:41+00,carrier_feed
8ffc4964-b68e-5240-a135-4895bef94106,dd3c3988-50ab-5664-94ac-03c700407c7e,scheduled,,2024-02-26 08:23:40+00,2024-02-26 08:28:40+00,carrier_feed
548f1043-e8be-5f72-927b-797051026d45,dd3c3988-50ab-5664-94ac-03c700407c7e,in_transit,scheduled,2024-02-26 11:05:20+00,2024-02-26 11:20:20+00,carrier_feed
5bb09df3-a497-523f-8cc4-01003ac5183d,dd3c3988-50ab-5664-94ac-03c700407c7e,delivered,in_transit,2024-03-22 07:45:00+00,2024-03-22 08:10:00+00,carrier_feed
bc1f2481-c191-50c6-8a50-f7c82abb5056,ed78bfe0-d37b-5946-86d9-d0dd967a2b51,scheduled,,2024-02-26 09:16:38+00,2024-02-26 09:33:38+00,carrier_feed
f475c767-f3fa-51b2-9e56-c5997fbcfa9e,ed78bfe0-d37b-5946-86d9-d0dd967a2b51,in_transit,scheduled,2024-02-29 15:58:30+00,2024-02-29 16:32:30+00,carrier_feed
8c3a4b21-99b0-5651-ad88-374d72e468f0,ed78bfe0-d37b-5946-86d9-d0dd967a2b51,delivered,in_transit,2024-03-31 16:20:04+00,2024-03-31 16:45:04+00,carrier_feed
153ee995-04f9-5cd7-bb77-242b4844a632,19067d50-52f0-5793-931c-2666e1eba414,scheduled,,2024-02-26 08:44:08+00,2024-02-26 09:26:08+00,carrier_feed
d54c99c7-a843-5591-b7f2-51aa50eca68c,19067d50-52f0-5793-931c-2666e1eba414,in_transit,scheduled,2024-02-27 12:55:00+00,2024-02-27 13:14:00+00,carrier_feed
d7e35884-c9f8-5ece-963e-dd4d539eb573,19067d50-52f0-5793-931c-2666e1eba414,delivered,in_transit,2024-03-03 07:24:31+00,2024-03-03 07:42:31+00,carrier_feed
4b0ef7e3-629e-51fd-97cc-96be41b2407a,67d36b6d-59b2-5af3-94ae-d9b032bff7ce,scheduled,,2024-02-26 08:45:39+00,2024-02-26 09:11:39+00,carrier_feed
2382b74a-5dbf-501e-8b4a-31620b93fbcf,67d36b6d-59b2-5af3-94ae-d9b032bff7ce,in_transit,scheduled,2024-02-28 16:21:13+00,2024-02-28 17:00:13+00,carrier_feed
65cc376a-e7f5-5c2d-9683-e62f77b76d22,67d36b6d-59b2-5af3-94ae-d9b032bff7ce,delivered,in_transit,2024-03-06 15:36:26+00,2024-03-06 16:01:26+00,carrier_feed
8292ed7a-0879-5e81-bbb8-259b69fc8fbe,d87e0315-d4cd-5c3b-b518-b1cd1b2b59f4,scheduled,,2024-02-26 09:04:19+00,2024-02-26 09:16:19+00,carrier_feed
9f9b37ed-94be-55bb-8eb6-492c363a3710,d87e0315-d4cd-5c3b-b518-b1cd1b2b59f4,in_transit,scheduled,2024-02-26 11:32:41+00,2024-02-26 11:59:41+00,carrier_feed
e9cb3038-571f-5998-9efb-df27497c7653,d87e0315-d4cd-5c3b-b518-b1cd1b2b59f4,delivered,in_transit,2024-03-22 19:09:22+00,2024-03-22 19:18:22+00,carrier_feed
1ce21540-e291-5922-bb7b-5238cf27c1cf,85857b4f-ca79-5056-bc4a-167f66310aca,scheduled,,2024-02-26 08:52:37+00,2024-02-26 09:37:37+00,carrier_feed
654e5e50-175e-5cfd-9033-f9acaec48571,85857b4f-ca79-5056-bc4a-167f66310aca,in_transit,scheduled,2024-02-26 14:11:37+00,2024-02-26 14:34:37+00,carrier_feed
a2a9ea9b-8129-5a04-bf7d-5829968c9df7,85857b4f-ca79-5056-bc4a-167f66310aca,delivered,in_transit,2024-03-21 09:29:40+00,2024-03-21 10:10:40+00,carrier_feed
f9ec7ad6-d878-53fd-9665-3317b48b8166,bfa48d75-b24b-5b16-b10e-5bf262b30f81,scheduled,,2024-02-26 08:29:37+00,2024-02-26 08:51:37+00,carrier_feed
f9ef1fe2-0fb2-58d5-aaae-61d06ad711a2,bfa48d75-b24b-5b16-b10e-5bf262b30f81,in_transit,scheduled,2024-02-26 16:57:46+00,2024-02-26 17:04:46+00,carrier_feed
45b2d0c4-730e-54ab-b5f9-96c03f4b1914,bfa48d75-b24b-5b16-b10e-5bf262b30f81,delayed,in_transit,2024-03-23 23:03:34+00,2024-03-23 23:09:34+00,carrier_feed
d00cc01c-70cd-511c-a962-31ef1ee40102,bfa48d75-b24b-5b16-b10e-5bf262b30f81,delivered,delayed,2024-03-26 17:01:48+00,2024-03-26 17:37:48+00,carrier_feed
7c978785-54d9-5624-b440-0a1534217f95,c6e36e76-e516-5dd3-8f90-8a3051cb69a5,scheduled,,2024-02-26 08:22:53+00,2024-02-26 08:43:53+00,carrier_feed
f007adad-52de-5454-ac6e-328497a43f1c,c6e36e76-e516-5dd3-8f90-8a3051cb69a5,in_transit,scheduled,2024-02-27 16:42:00+00,2024-02-27 17:14:00+00,carrier_feed
7aa8d313-0551-57d1-9184-1e3ff670caa4,c6e36e76-e516-5dd3-8f90-8a3051cb69a5,delivered,in_transit,2024-03-11 11:04:15+00,2024-03-11 11:39:15+00,carrier_feed
87240c9f-41dc-5604-b75c-750e649a4660,b3f3a691-af18-5fa5-ab90-3f946fb1b350,scheduled,,2024-02-26 08:53:57+00,2024-02-26 09:06:57+00,carrier_feed
77220740-40a3-5d59-9251-f3590ae08dad,b3f3a691-af18-5fa5-ab90-3f946fb1b350,in_transit,scheduled,2024-02-28 15:35:42+00,2024-02-28 15:54:42+00,carrier_feed
33d1772e-5621-546d-8051-57ab65a8c859,b3f3a691-af18-5fa5-ab90-3f946fb1b350,delivered,in_transit,2024-03-04 04:37:26+00,2024-03-04 05:19:26+00,carrier_feed
b8ce1e6e-6f72-5fc9-9dfe-9b1dbcf898da,4fa241da-5093-5967-a17d-459282554e84,scheduled,,2024-02-26 08:20:22+00,2024-02-26 08:54:22+00,carrier_feed
f8f2adae-1b4d-50a8-964f-2ef904df0665,4fa241da-5093-5967-a17d-459282554e84,in_transit,scheduled,2024-02-28 11:41:43+00,2024-02-28 12:25:43+00,carrier_feed
2b4569ae-3479-564d-9774-ef696ea81c32,4fa241da-5093-5967-a17d-459282554e84,delivered,in_transit,2024-03-24 09:06:46+00,2024-03-24 09:44:46+00,carrier_feed
551c7629-3957-55da-a061-221384e2fd15,6f3c23d5-3611-523f-a4a2-7d6ee2833925,scheduled,,2024-03-04 08:59:53+00,2024-03-04 09:38:53+00,carrier_feed
cc8ed766-f32f-5185-b303-60b6ca9f57c9,6f3c23d5-3611-523f-a4a2-7d6ee2833925,in_transit,scheduled,2024-03-04 14:06:02+00,2024-03-04 14:16:02+00,carrier_feed
05242953-586b-5928-b4b6-c10174395b2e,6f3c23d5-3611-523f-a4a2-7d6ee2833925,delivered,in_transit,2024-03-08 16:12:04+00,2024-03-08 16:23:04+00,carrier_feed
c1e9d390-b4ef-51c6-8d1e-a6b566a97094,a4e3ea0c-ef5f-58b4-8390-d212a36ffd10,scheduled,,2024-03-04 08:38:19+00,2024-03-04 09:16:19+00,carrier_feed
28571f44-f7b7-5a0a-a152-e9f637f92ed1,a4e3ea0c-ef5f-58b4-8390-d212a36ffd10,in_transit,scheduled,2024-03-06 15:38:52+00,2024-03-06 16:15:52+00,carrier_feed
0f933f56-fb32-5388-9fb8-eb686d6e236e,a4e3ea0c-ef5f-58b4-8390-d212a36ffd10,delivered,in_transit,2024-03-12 12:19:26+00,2024-03-12 12:33:26+00,carrier_feed
8e72ff1c-2f4b-5232-9f29-3a01d49dd970,f3bb666d-c58c-59bd-b699-460192e3e97e,scheduled,,2024-03-04 08:56:10+00,2024-03-04 09:07:10+00,carrier_feed
23fb4234-962f-537a-b249-2e56036b3b38,f3bb666d-c58c-59bd-b699-460192e3e97e,in_transit,scheduled,2024-03-04 12:58:51+00,2024-03-04 13:06:51+00,carrier_feed
717d37b9-140e-504a-bb4d-318cbd93d14d,f3bb666d-c58c-59bd-b699-460192e3e97e,delivered,in_transit,2024-03-09 19:19:41+00,2024-03-09 19:52:41+00,carrier_feed
af045ec1-f4c0-51ed-bc21-f31f24aa145e,f145df67-4cba-510a-ba2d-3413abd7593e,scheduled,,2024-03-04 08:52:32+00,2024-03-04 09:21:32+00,carrier_feed
70155701-5e71-59f2-98b2-2c12056e40e2,f145df67-4cba-510a-ba2d-3413abd7593e,in_transit,scheduled,2024-03-04 18:21:15+00,2024-03-04 18:28:15+00,carrier_feed
d0acd8c5-269a-5c7a-b1bf-28c38dd2e911,f145df67-4cba-510a-ba2d-3413abd7593e,delivered,in_transit,2024-03-29 13:36:00+00,2024-03-29 14:01:00+00,carrier_feed
ada5f292-f21c-505e-a415-33d1f3ef17d7,b7c16dae-857e-583e-992c-f68b9f9cd8de,scheduled,,2024-03-04 08:56:32+00,2024-03-04 09:37:32+00,carrier_feed
460a129a-f4ab-56c6-83fb-f61fcfd27df9,b7c16dae-857e-583e-992c-f68b9f9cd8de,in_transit,scheduled,2024-03-06 14:33:30+00,2024-03-06 15:01:30+00,carrier_feed
30ebb6dc-797f-55d1-92b6-1ee39434d95d,b7c16dae-857e-583e-992c-f68b9f9cd8de,delivered,in_transit,2024-03-31 21:46:39+00,2024-03-31 22:11:39+00,carrier_feed
e6e7fd2f-28cb-545d-a352-c90b949f797b,8efec8cd-d0fc-5915-bd58-e33d416e0e43,scheduled,,2024-03-04 08:52:09+00,2024-03-04 09:31:09+00,carrier_feed
23c1c3ef-251b-53b2-8760-e58f0702bbeb,8efec8cd-d0fc-5915-bd58-e33d416e0e43,in_transit,scheduled,2024-03-05 18:14:20+00,2024-03-05 18:59:20+00,carrier_feed
2c519746-9a44-51c4-89bd-ec384d714f6f,8efec8cd-d0fc-5915-bd58-e33d416e0e43,delivered,in_transit,2024-03-13 16:23:59+00,2024-03-13 16:57:59+00,carrier_feed
f553cdfb-18af-5273-8261-7ca7d4c6cab7,8c206cb1-74eb-54fe-9a61-e18cb9baa58f,scheduled,,2024-03-04 08:40:30+00,2024-03-04 08:47:30+00,carrier_feed
efa3308a-03c8-513e-b1fe-ad76cdca2ff7,8c206cb1-74eb-54fe-9a61-e18cb9baa58f,in_transit,scheduled,2024-03-07 18:18:47+00,2024-03-07 18:39:47+00,carrier_feed
e78a512b-430c-5fc3-8f01-fbcdd81c8e8c,8c206cb1-74eb-54fe-9a61-e18cb9baa58f,delivered,in_transit,2024-03-28 01:52:10+00,2024-03-28 02:06:10+00,carrier_feed
26a6264b-dbd4-5bb7-994a-f78dc962aa22,0807c9c3-761f-5b28-9a6f-8664208828fd,scheduled,,2024-03-04 08:45:41+00,2024-03-04 09:13:41+00,carrier_feed
957c7514-8b93-55e0-bba4-7df8b44cc457,0807c9c3-761f-5b28-9a6f-8664208828fd,in_transit,scheduled,2024-03-06 17:10:32+00,2024-03-06 17:29:32+00,carrier_feed
d2c3b83b-c3c5-5a7e-96cc-ec20c750bbe4,0807c9c3-761f-5b28-9a6f-8664208828fd,delivered,in_transit,2024-03-24 04:39:16+00,2024-03-24 05:12:16+00,carrier_feed
b98e397a-970d-5b86-8066-7a79c22f2cca,af38dfa3-4b72-5df8-9cdd-581aa2abcd3d,scheduled,,2024-03-04 08:22:27+00,2024-03-04 08:56:27+00,carrier_feed
683624e1-66ef-5d65-a20a-cf3403c7ecff,af38dfa3-4b72-5df8-9cdd-581aa2abcd3d,in_transit,scheduled,2024-03-07 10:31:20+00,2024-03-07 11:02:20+00,carrier_feed
a1338532-cd44-5cbe-ba16-91c83651ac75,af38dfa3-4b72-5df8-9cdd-581aa2abcd3d,delayed,in_transit,2024-04-01 16:42:50+00,2024-04-01 17:24:50+00,carrier_feed
c5749998-8e1b-5100-8a15-78fb5d1721ed,af38dfa3-4b72-5df8-9cdd-581aa2abcd3d,delivered,delayed,2024-04-03 10:54:53+00,2024-04-03 11:25:53+00,carrier_feed
8ff5d40c-4ed4-517a-9c11-203443b4d1f7,ddc5f7aa-d45b-5f0f-869c-92a2bae02263,scheduled,,2024-03-04 08:50:22+00,2024-03-04 09:25:22+00,carrier_feed
1122c7a5-6979-5248-84d1-4ea9f732cd18,ddc5f7aa-d45b-5f0f-869c-92a2bae02263,in_transit,scheduled,2024-03-07 16:56:28+00,2024-03-07 17:16:28+00,carrier_feed
d4051560-587a-587a-8f50-e6252899c47c,ddc5f7aa-d45b-5f0f-869c-92a2bae02263,delivered,in_transit,2024-03-11 15:58:19+00,2024-03-11 16:11:19+00,carrier_feed
8b8899fa-6c23-5139-8d8c-992cde23eab0,078aa6c7-4050-5fd4-8dd6-7c8647de9ba4,scheduled,,2024-03-04 08:47:04+00,2024-03-04 09:15:04+00,carrier_feed
5f7bc182-c49f-5d00-8c90-78ec203bb20d,078aa6c7-4050-5fd4-8dd6-7c8647de9ba4,in_transit,scheduled,2024-03-07 14:49:19+00,2024-03-07 15:11:19+00,carrier_feed
2c776cfd-29b4-5907-be0e-4e9a3663e631,078aa6c7-4050-5fd4-8dd6-7c8647de9ba4,delivered,in_transit,2024-03-18 13:02:13+00,2024-03-18 13:44:13+00,carrier_feed
9f44b604-8435-53cf-b9cf-f2c576cdb2ec,792a3751-2583-5ff4-a97f-257b2d80938b,scheduled,,2024-03-04 08:20:50+00,2024-03-04 08:50:50+00,carrier_feed
dca32f27-e8d8-5232-8f9e-64e65f4b081f,792a3751-2583-5ff4-a97f-257b2d80938b,in_transit,scheduled,2024-03-06 13:40:17+00,2024-03-06 14:09:17+00,carrier_feed
10475402-d216-5366-bba0-83ebe5fae1a9,792a3751-2583-5ff4-a97f-257b2d80938b,delivered,in_transit,2024-04-01 02:09:29+00,2024-04-01 02:15:29+00,carrier_feed
2950199b-145c-55dc-8b8e-1e733309cb73,98c501e4-8b43-5547-9ee2-63c87576b0f9,scheduled,,2024-03-04 08:34:51+00,2024-03-04 09:10:51+00,carrier_feed
5d3c7f78-e6fd-52b2-b9e9-66034f06b058,98c501e4-8b43-5547-9ee2-63c87576b0f9,in_transit,scheduled,2024-03-07 13:56:37+00,2024-03-07 14:01:37+00,carrier_feed
60424eea-ba90-5cb9-8e9d-fdd032c54a80,98c501e4-8b43-5547-9ee2-63c87576b0f9,delivered,in_transit,2024-03-31 07:17:59+00,2024-03-31 07:33:59+00,carrier_feed
7be97db6-8dbc-5ac9-a392-c8b88da9aa68,fca51e91-b0ba-5303-9394-8ba5c685af97,scheduled,,2024-03-04 08:33:59+00,2024-03-04 09:13:59+00,carrier_feed
98529785-635d-579f-b7b4-d012b1ce0580,fca51e91-b0ba-5303-9394-8ba5c685af97,in_transit,scheduled,2024-03-04 17:11:57+00,2024-03-04 17:56:57+00,carrier_feed
1ddad6c9-8f1b-5def-b46d-768c9de01f87,fca51e91-b0ba-5303-9394-8ba5c685af97,delivered,in_transit,2024-03-27 14:20:30+00,2024-03-27 14:55:30+00,carrier_feed
9fbee7a9-3676-5151-bfb3-c9b7a29adc52,43524503-5c35-537a-bf05-d723674997ce,scheduled,,2024-03-04 09:02:23+00,2024-03-04 09:20:23+00,carrier_feed
3179776d-44fb-541f-b7ac-64be15ce3980,43524503-5c35-537a-bf05-d723674997ce,in_transit,scheduled,2024-03-05 15:26:19+00,2024-03-05 16:02:19+00,carrier_feed
ec10ec2d-0cfe-5b79-8dbd-af985db519ca,43524503-5c35-537a-bf05-d723674997ce,delivered,in_transit,2024-03-22 15:03:18+00,2024-03-22 15:16:18+00,carrier_feed
6407c3e4-c90d-5dce-b27c-4f16f86a8f94,ae735c76-6af5-54eb-a6a4-6f1e12bc07b1,scheduled,,2024-03-04 09:09:27+00,2024-03-04 09:27:27+00,carrier_feed
1f611e40-4178-5955-9307-585055944275,ae735c76-6af5-54eb-a6a4-6f1e12bc07b1,in_transit,scheduled,2024-03-07 18:17:57+00,2024-03-07 18:57:57+00,carrier_feed
820df449-1706-5086-92b3-3c843800b8f3,ae735c76-6af5-54eb-a6a4-6f1e12bc07b1,delivered,in_transit,2024-03-12 17:27:24+00,2024-03-12 17:33:24+00,carrier_feed
902e8694-07ca-5f45-a7d2-c8748170c4c8,a7b2b8fb-23c9-5273-b33a-c7dd70deaa12,scheduled,,2024-03-04 08:56:13+00,2024-03-04 09:24:13+00,carrier_feed
4e94ab21-4b1e-5a92-812e-449980177ea7,a7b2b8fb-23c9-5273-b33a-c7dd70deaa12,in_transit,scheduled,2024-03-04 17:21:00+00,2024-03-04 17:55:00+00,carrier_feed
18cb2b60-b8fc-5be1-88a9-58a81783d51b,a7b2b8fb-23c9-5273-b33a-c7dd70deaa12,delivered,in_transit,2024-03-22 12:41:36+00,2024-03-22 12:53:36+00,carrier_feed
92b912ef-7029-5bfc-a9a5-da2154633d58,b4c4ad7d-f61c-5392-ad4a-58f7a07a5be7,scheduled,,2024-03-11 08:49:24+00,2024-03-11 09:03:24+00,carrier_feed
b52085e2-9e9a-5a07-b744-676cdc7fd17d,b4c4ad7d-f61c-5392-ad4a-58f7a07a5be7,in_transit,scheduled,2024-03-13 18:23:13+00,2024-03-13 18:35:13+00,carrier_feed
98a97c51-f0d4-5eba-b706-d8a2936c01be,b4c4ad7d-f61c-5392-ad4a-58f7a07a5be7,delivered,in_transit,2024-04-08 17:55:13+00,2024-04-08 18:25:13+00,carrier_feed
32140e50-2e5b-5c0d-8a5e-599bb80489ad,9ef5e67b-aaf4-5ece-a4f9-f715404ae94a,scheduled,,2024-03-11 08:08:00+00,2024-03-11 08:40:00+00,carrier_feed
af1c918c-22c2-5188-93ba-71d2cabf6386,9ef5e67b-aaf4-5ece-a4f9-f715404ae94a,in_transit,scheduled,2024-03-12 11:35:43+00,2024-03-12 11:51:43+00,carrier_feed
133c209e-7836-5331-a9ca-4191ff08cea8,9ef5e67b-aaf4-5ece-a4f9-f715404ae94a,delivered,in_transit,2024-04-06 17:39:50+00,2024-04-06 18:22:50+00,carrier_feed
c69e1979-1485-5058-adcf-77bb2c5b5b6e,625a8331-e65d-58a9-a028-100e6d229429,scheduled,,2024-03-11 09:08:02+00,2024-03-11 09:37:02+00,carrier_feed
0e5874f2-9acd-56c8-b5f4-19c9ed3530d6,625a8331-e65d-58a9-a028-100e6d229429,in_transit,scheduled,2024-03-12 12:10:31+00,2024-03-12 12:39:31+00,carrier_feed
86e298aa-b71d-52db-9777-a4e7ff958295,625a8331-e65d-58a9-a028-100e6d229429,delivered,in_transit,2024-04-06 10:12:54+00,2024-04-06 10:50:54+00,carrier_feed
f5eae1ea-7cf8-591b-876c-dd2b9341617a,41c07e41-4fd5-5ec0-b0f1-bbdbfc496943,scheduled,,2024-03-11 08:39:58+00,2024-03-11 09:24:58+00,carrier_feed
06f87b34-00fc-57f9-a660-fd2787eff141,41c07e41-4fd5-5ec0-b0f1-bbdbfc496943,in_transit,scheduled,2024-03-13 10:12:22+00,2024-03-13 10:28:22+00,carrier_feed
b2446412-5296-5184-a873-da8bf196cb01,41c07e41-4fd5-5ec0-b0f1-bbdbfc496943,delivered,in_transit,2024-04-06 13:30:43+00,2024-04-06 14:05:43+00,carrier_feed
e04c802f-f385-52d6-8ff0-c3c95db874af,b7ed7d56-8cb1-53bc-a916-6a7a2bd98c96,scheduled,,2024-03-11 08:50:07+00,2024-03-11 09:09:07+00,carrier_feed
b8016f0c-af64-59c3-a08f-54a476247518,b7ed7d56-8cb1-53bc-a916-6a7a2bd98c96,in_transit,scheduled,2024-03-12 15:20:22+00,2024-03-12 15:41:22+00,carrier_feed
b0c322f1-6ac6-5632-91b2-95d699f71cdf,b7ed7d56-8cb1-53bc-a916-6a7a2bd98c96,delivered,in_transit,2024-04-07 16:02:07+00,2024-04-07 16:17:07+00,carrier_feed
cbeedbc3-55bb-5f85-8a22-4dca08cb121f,101400e9-eebc-5b86-a0c9-bb534c755d6e,scheduled,,2024-03-11 08:43:36+00,2024-03-11 09:21:36+00,carrier_feed
b26cc3fd-fae4-54ac-8f30-67b5d8aad1b8,101400e9-eebc-5b86-a0c9-bb534c755d6e,in_transit,scheduled,2024-03-12 14:49:30+00,2024-03-12 15:30:30+00,carrier_feed
8b9364d9-9d6d-5834-9ce9-471e70844a4c,101400e9-eebc-5b86-a0c9-bb534c755d6e,delivered,in_transit,2024-03-17 04:59:30+00,2024-03-17 05:07:30+00,carrier_feed
d2ff93a0-fb3f-5a01-b9f6-9e217d338ed2,f5e581e5-315a-593b-b254-a5924f3b315b,scheduled,,2024-03-11 08:40:55+00,2024-03-11 09:01:55+00,carrier_feed
02f7d09c-124f-500f-9dee-a7c8c719b7ba,f5e581e5-315a-593b-b254-a5924f3b315b,in_transit,scheduled,2024-03-11 14:55:14+00,2024-03-11 15:10:14+00,carrier_feed
454bd43e-4cf8-5eeb-804b-ccb25ab32883,f5e581e5-315a-593b-b254-a5924f3b315b,delivered,in_transit,2024-03-15 10:23:05+00,2024-03-15 10:53:05+00,carrier_feed
658c53a1-4e5b-5d5b-9aac-2a05ab7340eb,09af07e4-8ed6-5adc-a875-5f26906c1e5c,scheduled,,2024-03-11 08:30:11+00,2024-03-11 09:09:11+00,carrier_feed
167a0730-d040-5559-9b1a-f5375b9e7f27,09af07e4-8ed6-5adc-a875-5f26906c1e5c,in_transit,scheduled,2024-03-14 18:12:54+00,2024-03-14 18:37:54+00,carrier_feed
bb3a300c-b5c1-525e-bf8b-ea858ecdc7d5,09af07e4-8ed6-5adc-a875-5f26906c1e5c,delivered,in_transit,2024-03-19 10:44:37+00,2024-03-19 11:07:37+00,carrier_feed
b70c4d3d-27fb-512d-a96d-4c7e9699d7ca,9db592ed-22c0-5dc3-98b9-6b40952904dc,scheduled,,2024-03-11 08:50:10+00,2024-03-11 09:13:10+00,carrier_feed
328c3398-57a6-50e8-9f81-6d6d73a74e08,9db592ed-22c0-5dc3-98b9-6b40952904dc,in_transit,scheduled,2024-03-13 16:34:44+00,2024-03-13 17:04:44+00,carrier_feed
ae560f11-818a-5038-8036-95b3240cef1f,9db592ed-22c0-5dc3-98b9-6b40952904dc,delivered,in_transit,2024-04-15 15:06:48+00,2024-04-15 15:11:48+00,carrier_feed
2e1bcebc-f444-5779-a520-c3b1a3e8e4f1,13291fb7-c49f-5c20-aa76-3418ff4d1dc0,scheduled,,2024-03-11 08:39:35+00,2024-03-11 09:24:35+00,carrier_feed
2f3117a3-b6fc-5d64-9357-81c102ef3e31,13291fb7-c49f-5c20-aa76-3418ff4d1dc0,in_transit,scheduled,2024-03-12 12:03:32+00,2024-03-12 12:48:32+00,carrier_feed
1999b806-4ad5-5c32-aae3-8e521108c1d4,13291fb7-c49f-5c20-aa76-3418ff4d1dc0,delivered,in_transit,2024-04-06 15:35:01+00,2024-04-06 16:05:01+00,carrier_feed
5b41421d-ea16-55d5-988e-d67217731c48,495d64f1-6018-5c4f-8e5b-f8c5bb47e47c,scheduled,,2024-03-11 09:06:51+00,2024-03-11 09:43:51+00,carrier_feed
cb82304a-eb40-5446-898d-30c6a403e7bd,495d64f1-6018-5c4f-8e5b-f8c5bb47e47c,in_transit,scheduled,2024-03-14 10:37:02+00,2024-03-14 11:15:02+00,carrier_feed
13ba2c3a-d958-5d59-a34f-2accb06aae2d,495d64f1-6018-5c4f-8e5b-f8c5bb47e47c,delivered,in_transit,2024-03-26 07:47:33+00,2024-03-26 08:28:33+00,carrier_feed
6098faa6-318f-5b80-ad22-c0d9bb8e13e4,8525ea52-d4d4-5839-a10c-7021e0938e5b,scheduled,,2024-03-11 08:05:33+00,2024-03-11 08:31:33+00,carrier_feed
4a9e0dff-d4c3-5e6b-9360-f4e6b2d5c9e6,8525ea52-d4d4-5839-a10c-7021e0938e5b,in_transit,scheduled,2024-03-12 16:12:09+00,2024-03-12 16:49:09+00,carrier_feed
a5b31c93-a6d9-51c8-9286-ac0cfa37d6c5,8525ea52-d4d4-5839-a10c-7021e0938e5b,delivered,in_transit,2024-04-07 07:56:59+00,2024-04-07 08:39:59+00,carrier_feed
e19e27b3-4470-5e8a-9ac1-4e2d9436f468,160caf77-1656-581e-849a-b383dba039a8,scheduled,,2024-03-11 09:05:36+00,2024-03-11 09:48:36+00,carrier_feed
e41198b0-70e7-5f36-afd0-796f54db13d1,160caf77-1656-581e-849a-b383dba039a8,in_transit,scheduled,2024-03-14 18:27:22+00,2024-03-14 18:47:22+00,carrier_feed
e095057d-ec3b-572c-a887-4c7484e0760d,160caf77-1656-581e-849a-b383dba039a8,delivered,in_transit,2024-04-09 02:30:08+00,2024-04-09 02:44:08+00,carrier_feed
49485010-deee-5176-a53d-377e63dca164,65cd332d-1bd7-5b8e-8308-a6343f25063a,scheduled,,2024-03-11 09:03:38+00,2024-03-11 09:12:38+00,carrier_feed
ba99a6ee-3069-5803-a4d4-732274ae487a,65cd332d-1bd7-5b8e-8308-a6343f25063a,in_transit,scheduled,2024-03-13 16:32:47+00,2024-03-13 17:16:47+00,carrier_feed
d910de36-adad-54d3-a8af-c268678b173a,65cd332d-1bd7-5b8e-8308-a6343f25063a,delayed,in_transit,2024-03-21 23:05:20+00,2024-03-21 23:14:20+00,carrier_feed
8530c167-7a25-5064-958d-fc3aee0e77c1,65cd332d-1bd7-5b8e-8308-a6343f25063a,delivered,delayed,2024-03-22 16:47:15+00,2024-03-22 17:06:15+00,carrier_feed
8ea1b7f5-105e-5b1e-baea-00d0902fa160,76f9b916-6412-5136-bf9b-ca1c605095b6,scheduled,,2024-03-11 08:42:14+00,2024-03-11 08:59:14+00,carrier_feed
a1804ea1-9579-55d0-bb50-cffa79953c6a,76f9b916-6412-5136-bf9b-ca1c605095b6,in_transit,scheduled,2024-03-14 15:06:12+00,2024-03-14 15:13:12+00,carrier_feed
cd00cf59-905f-5cc7-bec2-494569c48f4b,76f9b916-6412-5136-bf9b-ca1c605095b6,delivered,in_transit,2024-04-04 02:40:31+00,2024-04-04 03:02:31+00,carrier_feed
33e0bbed-275f-5d9f-900e-4587f0815c4f,16fa0f6e-26cb-5aba-8fea-93bd1f324c12,scheduled,,2024-03-18 08:13:57+00,2024-03-18 08:37:57+00,carrier_feed
b28a6faa-68bc-5999-b5e2-285112d42276,16fa0f6e-26cb-5aba-8fea-93bd1f324c12,in_transit,scheduled,2024-03-18 09:18:37+00,2024-03-18 09:31:37+00,carrier_feed
0b509a5d-e024-5942-bfac-c45f785ae01b,16fa0f6e-26cb-5aba-8fea-93bd1f324c12,delivered,in_transit,2024-04-05 00:42:46+00,2024-04-05 00:53:46+00,carrier_feed
d0e155bb-ce04-5057-b6bb-442452f4e667,394d2b1e-5655-5567-b1bb-86c5db496552,scheduled,,2024-03-18 08:52:25+00,2024-03-18 09:27:25+00,carrier_feed
d0565db9-3776-53d7-b400-e98edca531ca,394d2b1e-5655-5567-b1bb-86c5db496552,in_transit,scheduled,2024-03-21 14:54:53+00,2024-03-21 15:37:53+00,carrier_feed
f0733ef6-8eb4-55e4-8e35-508171db0e7c,394d2b1e-5655-5567-b1bb-86c5db496552,delivered,in_transit,2024-04-08 05:03:07+00,2024-04-08 05:28:07+00,carrier_feed
357ecdae-491f-516c-ad79-db45cc2cfe8a,14605973-16b5-5795-ad6a-21978742d05e,scheduled,,2024-03-18 08:05:45+00,2024-03-18 08:23:45+00,carrier_feed
73059698-7282-5724-90a6-e3c990e44925,14605973-16b5-5795-ad6a-21978742d05e,in_transit,scheduled,2024-03-18 13:47:24+00,2024-03-18 14:11:24+00,carrier_feed
91c0035d-a2bd-5a15-99a3-a4992a258ac1,14605973-16b5-5795-ad6a-21978742d05e,delivered,in_transit,2024-04-12 19:01:19+00,2024-04-12 19:40:19+00,carrier_feed
4dcc9859-31cb-5579-b683-5ad44cb566e3,9c45e71b-2ab0-59a3-9a18-64f746b5540e,scheduled,,2024-03-18 08:14:00+00,2024-03-18 08:41:00+00,carrier_feed
de36281d-803e-5da5-980a-844b543dbeca,9c45e71b-2ab0-59a3-9a18-64f746b5540e,in_transit,scheduled,2024-03-20 09:17:33+00,2024-03-20 09:48:33+00,carrier_feed
a5ffa53b-26f7-5401-93ba-7fbf6a761edf,9c45e71b-2ab0-59a3-9a18-64f746b5540e,delivered,in_transit,2024-04-09 07:32:06+00,2024-04-09 07:53:06+00,carrier_feed
dd70d21d-3cfd-51a7-9346-a614eb4cafd3,25661c92-b990-5e59-9e5e-de580c39ffa4,scheduled,,2024-03-18 09:09:29+00,2024-03-18 09:36:29+00,carrier_feed
0db58fab-742e-5595-a681-ff5e72c1c53e,25661c92-b990-5e59-9e5e-de580c39ffa4,in_transit,scheduled,2024-03-20 16:20:01+00,2024-03-20 16:25:01+00,carrier_feed
f8daa950-bd68-5523-b916-079b6e1736ac,25661c92-b990-5e59-9e5e-de580c39ffa4,delivered,in_transit,2024-04-15 08:56:56+00,2024-04-15 09:19:56+00,carrier_feed
f8fa6aac-c5f2-5690-9a5a-1dbb78061be4,5dc7742d-f388-5bdf-ac5e-4181be84b078,scheduled,,2024-03-18 08:52:39+00,2024-03-18 09:16:39+00,carrier_feed
54ce5e29-12da-5793-9ea9-3a59ebc951e4,5dc7742d-f388-5bdf-ac5e-4181be84b078,in_transit,scheduled,2024-03-18 10:32:25+00,2024-03-18 11:03:25+00,carrier_feed
1e137c7a-653b-54b5-8937-601d35ac8bbf,5dc7742d-f388-5bdf-ac5e-4181be84b078,delivered,in_transit,2024-04-11 14:39:46+00,2024-04-11 14:54:46+00,carrier_feed
7bbcb31b-e51d-501f-81e6-2490efb3c584,a97151cc-7039-5d45-b3d6-4978cbf5b146,scheduled,,2024-03-18 08:15:06+00,2024-03-18 08:36:06+00,carrier_feed
11dfb04d-e786-55c9-87f7-07d58392e7be,a97151cc-7039-5d45-b3d6-4978cbf5b146,in_transit,scheduled,2024-03-18 13:57:26+00,2024-03-18 14:03:26+00,carrier_feed
35466f4d-eb60-59ec-b01d-c5bb9ac7b4bf,a97151cc-7039-5d45-b3d6-4978cbf5b146,delivered,in_transit,2024-04-07 09:41:50+00,2024-04-07 10:05:50+00,carrier_feed
e91ed27b-8d3d-565a-893d-21d09871d0df,285ff04b-2ff3-50f2-b8cf-bd64e3642581,scheduled,,2024-03-18 08:35:37+00,2024-03-18 08:58:37+00,carrier_feed
e6a92367-e580-567f-bb19-cf8329c2b2dd,285ff04b-2ff3-50f2-b8cf-bd64e3642581,in_transit,scheduled,2024-03-19 17:02:06+00,2024-03-19 17:13:06+00,carrier_feed
5744d2a4-5a69-5e78-8d79-7905dbbe5711,285ff04b-2ff3-50f2-b8cf-bd64e3642581,delivered,in_transit,2024-03-27 17:28:44+00,2024-03-27 17:58:44+00,carrier_feed
e2da8c74-c362-573a-8c7b-e42ebde5f969,a85483cb-f75c-5cce-96ce-1253dd81561c,scheduled,,2024-03-18 08:25:03+00,2024-03-18 08:43:03+00,carrier_feed
f81c86b0-2285-5efd-9c40-b5e83c30242e,a85483cb-f75c-5cce-96ce-1253dd81561c,in_transit,scheduled,2024-03-20 10:44:14+00,2024-03-20 10:54:14+00,carrier_feed
af718c39-23da-55fb-ad87-a0086681abcb,a85483cb-f75c-5cce-96ce-1253dd81561c,delivered,in_transit,2024-04-14 10:20:58+00,2024-04-14 10:52:58+00,carrier_feed
9d95afdb-9008-5938-8375-14bc89eebaaf,d2d98038-628c-58d1-b27a-468fc6e3b294,scheduled,,2024-03-18 08:46:19+00,2024-03-18 09:15:19+00,carrier_feed
0694f5f3-b321-554a-bbb2-58105e6f3a83,d2d98038-628c-58d1-b27a-468fc6e3b294,in_transit,scheduled,2024-03-19 13:49:23+00,2024-03-19 14:12:23+00,carrier_feed
2f3a72f8-a5b3-5515-b7e8-d7a62be3a936,d2d98038-628c-58d1-b27a-468fc6e3b294,delivered,in_transit,2024-04-14 10:57:13+00,2024-04-14 11:08:13+00,carrier_feed
2e146a94-3252-5858-a281-f2e9b82d61cb,4d7864be-6c8e-5091-ae0f-b7ad98a17c1c,scheduled,,2024-03-18 08:43:31+00,2024-03-18 09:19:31+00,carrier_feed
3a283429-ba29-5f8f-b02e-f558b5566a90,4d7864be-6c8e-5091-ae0f-b7ad98a17c1c,in_transit,scheduled,2024-03-19 15:04:44+00,2024-03-19 15:12:44+00,carrier_feed
94716ab2-0c3b-54cc-94c5-41533f86c5e2,4d7864be-6c8e-5091-ae0f-b7ad98a17c1c,delivered,in_transit,2024-04-09 10:13:29+00,2024-04-09 10:21:29+00,carrier_feed
71f95f7a-b08e-5b2b-88bd-8bbc6271812f,d20706fc-0338-5fc7-b5ba-091ae9b2458d,scheduled,,2024-03-18 08:55:42+00,2024-03-18 09:03:42+00,carrier_feed
e28b572f-23d9-5ba1-b067-8e461109171b,d20706fc-0338-5fc7-b5ba-091ae9b2458d,in_transit,scheduled,2024-03-21 11:04:31+00,2024-03-21 11:23:31+00,carrier_feed
c861025c-3fca-51c2-8755-fa3c575f4c3f,d20706fc-0338-5fc7-b5ba-091ae9b2458d,delayed,in_transit,2024-03-26 17:31:08+00,2024-03-26 17:50:08+00,carrier_feed
e25c7afd-26b5-50be-900e-c20833af0fa1,d20706fc-0338-5fc7-b5ba-091ae9b2458d,delivered,delayed,2024-03-29 11:19:12+00,2024-03-29 11:52:12+00,carrier_feed
20b9fc8a-1180-5b55-8276-d56707d36755,43a39060-f2b1-5d92-a16c-11abc88d1861,scheduled,,2024-03-18 08:31:20+00,2024-03-18 09:13:20+00,carrier_feed
0603e75a-b02c-5191-a68a-1722a89f4738,43a39060-f2b1-5d92-a16c-11abc88d1861,in_transit,scheduled,2024-03-19 12:47:55+00,2024-03-19 12:53:55+00,carrier_feed
6593ee11-a200-5f19-aaf7-2669cbcb7c18,43a39060-f2b1-5d92-a16c-11abc88d1861,delivered,in_transit,2024-04-20 12:27:33+00,2024-04-20 12:48:33+00,carrier_feed
6d429fc6-31f5-55c4-928d-8372398484bf,33178e11-077a-5800-baa7-7bb6b63d00c6,scheduled,,2024-03-18 08:15:46+00,2024-03-18 08:48:46+00,carrier_feed
814c92d9-a18d-55e5-8324-08b21c845c56,33178e11-077a-5800-baa7-7bb6b63d00c6,in_transit,scheduled,2024-03-20 12:35:52+00,2024-03-20 12:57:52+00,carrier_feed
3416ad22-88ad-5916-ab9a-a378576360db,33178e11-077a-5800-baa7-7bb6b63d00c6,delivered,in_transit,2024-04-19 18:09:44+00,2024-04-19 18:22:44+00,carrier_feed
cfe58ae5-2343-5a9e-b605-8f8d8237388c,84f55e2e-ce83-53b8-8433-1d5ecb5ef43d,scheduled,,2024-03-18 09:04:26+00,2024-03-18 09:16:26+00,carrier_feed
48df35dc-2cee-56ed-ab7b-c0e5192099de,84f55e2e-ce83-53b8-8433-1d5ecb5ef43d,in_transit,scheduled,2024-03-18 17:39:22+00,2024-03-18 17:52:22+00,carrier_feed
9abfb52a-8d66-5cec-8056-3c3f26d83f1c,84f55e2e-ce83-53b8-8433-1d5ecb5ef43d,delivered,in_transit,2024-04-28 11:48:17+00,2024-04-28 11:55:17+00,carrier_feed
8731cb61-6262-5658-b1f1-075a065da5bd,6436b31a-31e2-5206-9768-0937d91d829e,scheduled,,2024-03-25 08:34:19+00,2024-03-25 09:06:19+00,carrier_feed
261f56e8-7d5d-5e60-befd-dd5399e3fab9,6436b31a-31e2-5206-9768-0937d91d829e,in_transit,scheduled,2024-03-28 09:49:24+00,2024-03-28 10:19:24+00,carrier_feed
786fca42-dbb1-53eb-9f6b-8f325e7f57f0,6436b31a-31e2-5206-9768-0937d91d829e,delivered,in_transit,2024-04-17 21:13:30+00,2024-04-17 21:19:30+00,carrier_feed
9a4c50c7-47e8-59dc-b950-c82be2065a16,283b0028-63e2-53ec-9a44-621be562632d,scheduled,,2024-03-25 08:53:59+00,2024-03-25 09:21:59+00,carrier_feed
2a122797-7c71-5fbf-acd6-0416fb4c3981,283b0028-63e2-53ec-9a44-621be562632d,in_transit,scheduled,2024-03-26 10:21:26+00,2024-03-26 10:58:26+00,carrier_feed
399c51e6-7b4a-5cc5-94f7-cd3ae8cb9d40,283b0028-63e2-53ec-9a44-621be562632d,delivered,in_transit,2024-04-19 04:48:32+00,2024-04-19 04:54:32+00,carrier_feed
7996b2ec-da6a-5318-bbe4-917cab7435b9,7deff847-30a2-5a01-bb57-693db0ab72a7,scheduled,,2024-03-25 08:25:54+00,2024-03-25 09:04:54+00,carrier_feed
3b9f1b7a-c436-5434-b543-2b4979b853a7,7deff847-30a2-5a01-bb57-693db0ab72a7,in_transit,scheduled,2024-03-25 15:41:56+00,2024-03-25 16:06:56+00,carrier_feed
c96b4dba-02e2-5309-94ab-c5ea2bd1b34f,7deff847-30a2-5a01-bb57-693db0ab72a7,delivered,in_transit,2024-04-18 18:47:57+00,2024-04-18 19:18:57+00,carrier_feed
45cbbacd-6cb8-52c6-85df-bc379bf3d70c,934a8038-4e02-5d9f-adc8-c2f6ebecda81,scheduled,,2024-03-25 09:01:34+00,2024-03-25 09:43:34+00,carrier_feed
90a36e99-b130-5a0b-b10a-1fb5c27ac563,934a8038-4e02-5d9f-adc8-c2f6ebecda81,in_transit,scheduled,2024-03-27 14:12:57+00,2024-03-27 14:17:57+00,carrier_feed
337f7f1a-e298-505e-ab87-19872b0e7fb7,934a8038-4e02-5d9f-adc8-c2f6ebecda81,delivered,in_transit,2024-04-21 07:47:03+00,2024-04-21 08:00:03+00,carrier_feed
20794cb9-adc1-59d8-bc0f-8219cfa9e33a,27b6777a-82d8-58c0-9a92-2b9d5002a12f,scheduled,,2024-03-25 08:54:56+00,2024-03-25 09:34:56+00,carrier_feed
3dc4a8bb-0fcf-56b0-b273-76956cd38f14,27b6777a-82d8-58c0-9a92-2b9d5002a12f,in_transit,scheduled,2024-03-25 18:39:28+00,2024-03-25 19:21:28+00,carrier_feed
2051c6af-afde-52d7-a122-73f7dc96c581,27b6777a-82d8-58c0-9a92-2b9d5002a12f,delivered,in_transit,2024-04-19 09:51:41+00,2024-04-19 10:02:41+00,carrier_feed
4ced2d10-1523-518a-8146-db1c7a438e8a,5c2a0eb3-c694-5f54-9c25-4a52319359e1,scheduled,,2024-03-25 08:47:08+00,2024-03-25 09:32:08+00,carrier_feed
ed501df7-154e-579e-a5d6-f7b8d8dad724,5c2a0eb3-c694-5f54-9c25-4a52319359e1,in_transit,scheduled,2024-03-25 18:14:00+00,2024-03-25 18:50:00+00,carrier_feed
2a071fe6-2022-5ca3-92f9-7be54f90cda7,5c2a0eb3-c694-5f54-9c25-4a52319359e1,delivered,in_transit,2024-03-31 13:40:14+00,2024-03-31 13:48:14+00,carrier_feed
5493afe5-0cf8-59ca-8941-b9a4a9861e58,cfe01c26-9835-59ec-b831-5e666038793a,scheduled,,2024-03-25 08:20:26+00,2024-03-25 08:57:26+00,carrier_feed
e4a2f497-6ae5-5304-830a-18302c4361d0,cfe01c26-9835-59ec-b831-5e666038793a,in_transit,scheduled,2024-03-26 16:32:48+00,2024-03-26 17:09:48+00,carrier_feed
e0514f13-bf67-5d27-921c-c26dc3c24ae0,cfe01c26-9835-59ec-b831-5e666038793a,delivered,in_transit,2024-03-31 09:44:38+00,2024-03-31 10:21:38+00,carrier_feed
c70455e9-1491-5a34-9033-9a592e3dd21c,da5890c4-e523-5e4a-b471-7020c449a569,scheduled,,2024-03-25 08:33:51+00,2024-03-25 08:38:51+00,carrier_feed
01172a3c-680b-557f-a07b-13a1181dc38e,da5890c4-e523-5e4a-b471-7020c449a569,in_transit,scheduled,2024-03-25 10:56:45+00,2024-03-25 11:29:45+00,carrier_feed
5c46ade0-8a08-5481-a97c-96c3d40eee0d,da5890c4-e523-5e4a-b471-7020c449a569,delivered,in_transit,2024-04-18 16:03:17+00,2024-04-18 16:17:17+00,carrier_feed
53a54794-b53b-5f7f-b095-4aea97b65431,22d1c052-d323-5cd8-b3fb-a1668181737e,scheduled,,2024-03-25 09:10:55+00,2024-03-25 09:32:55+00,carrier_feed
14618d34-2523-5d94-bd7a-8a1bd8cf9c19,22d1c052-d323-5cd8-b3fb-a1668181737e,in_transit,scheduled,2024-03-25 16:45:35+00,2024-03-25 16:59:35+00,carrier_feed
2d45b548-3db9-5b46-8ed2-8e20d0e59b6d,22d1c052-d323-5cd8-b3fb-a1668181737e,delivered,in_transit,2024-04-19 01:23:15+00,2024-04-19 01:31:15+00,carrier_feed
ccb16ba6-87e4-5060-881f-b6d399252f3b,81072767-6583-5615-9f65-4fe4c498f889,scheduled,,2024-03-25 09:08:50+00,2024-03-25 09:43:50+00,carrier_feed
b9784b5d-1b66-5eaa-901a-fb77d70d6eb9,81072767-6583-5615-9f65-4fe4c498f889,in_transit,scheduled,2024-03-28 14:31:41+00,2024-03-28 14:57:41+00,carrier_feed
60f02aa1-0067-52f6-a393-452dfcbbdd2b,81072767-6583-5615-9f65-4fe4c498f889,delivered,in_transit,2024-04-22 18:58:07+00,2024-04-22 19:18:07+00,carrier_feed
9c560508-a50b-5215-b85e-3166078f0e61,fb310c20-805a-55e6-8f29-8027125ad174,scheduled,,2024-03-25 09:00:19+00,2024-03-25 09:06:19+00,carrier_feed
9d81f552-15c7-5943-b2d6-0d4dfd3341ca,fb310c20-805a-55e6-8f29-8027125ad174,in_transit,scheduled,2024-03-26 13:20:12+00,2024-03-26 14:00:12+00,carrier_feed
b414e9be-d053-5fd8-8e2a-94b2fbaeb7fc,fb310c20-805a-55e6-8f29-8027125ad174,delivered,in_transit,2024-04-18 23:39:23+00,2024-04-19 00:12:23+00,carrier_feed
ae5583bd-5357-505d-a85a-ae71a2c91fca,c78d9261-f946-5c3c-af03-e09894b6aec8,scheduled,,2024-03-25 08:45:15+00,2024-03-25 09:19:15+00,carrier_feed
c128747e-c65c-53c8-8cca-4bf4f25427d1,c78d9261-f946-5c3c-af03-e09894b6aec8,in_transit,scheduled,2024-03-25 14:02:25+00,2024-03-25 14:16:25+00,carrier_feed
7f8c8ae5-bbb8-520f-9311-2757cc280b09,c78d9261-f946-5c3c-af03-e09894b6aec8,delivered,in_transit,2024-04-15 04:32:56+00,2024-04-15 04:46:56+00,carrier_feed
5c390bbc-4598-50ae-be7a-fa4b0d4d99b4,33de7689-3b83-58d6-bfbd-bebf1d768463,scheduled,,2024-03-25 08:37:17+00,2024-03-25 09:06:17+00,carrier_feed
a7767b2b-b23f-576d-9a0c-9a0d34e3ad80,33de7689-3b83-58d6-bfbd-bebf1d768463,in_transit,scheduled,2024-03-27 10:11:08+00,2024-03-27 10:54:08+00,carrier_feed
0dd94590-1f9b-5a34-afa4-fed8ba59f08b,33de7689-3b83-58d6-bfbd-bebf1d768463,delayed,in_transit,2024-04-08 16:55:11+00,2024-04-08 17:27:11+00,carrier_feed
9a9dc047-d03a-5327-8cdc-3c59df9b5f52,33de7689-3b83-58d6-bfbd-bebf1d768463,delivered,delayed,2024-04-11 10:47:51+00,2024-04-11 11:17:51+00,carrier_feed
5d751b6b-9634-51b5-ae02-aa76a106cd81,ad97db1d-b528-5b56-91ba-50c7573a58bc,scheduled,,2024-04-01 08:45:20+00,2024-04-01 09:18:20+00,carrier_feed
9580e851-a134-5de6-b4a9-731b758358cb,ad97db1d-b528-5b56-91ba-50c7573a58bc,in_transit,scheduled,2024-04-01 12:47:20+00,2024-04-01 13:06:20+00,carrier_feed
860f83c5-c8ab-51bc-8711-a29dee9d9ddf,ad97db1d-b528-5b56-91ba-50c7573a58bc,delivered,in_transit,2024-05-01 17:27:49+00,2024-05-01 17:49:49+00,carrier_feed
0534f9ec-f862-596e-96a0-b26e70544fdf,f31b7b79-8e1f-5b4f-9f8f-d482b69434b6,scheduled,,2024-04-01 08:43:53+00,2024-04-01 09:27:53+00,carrier_feed
c0bdc170-d7c9-55a6-a748-721ea0ceaa9c,f31b7b79-8e1f-5b4f-9f8f-d482b69434b6,in_transit,scheduled,2024-04-02 11:45:38+00,2024-04-02 12:10:38+00,carrier_feed
ec27f94f-cf39-562a-9962-b3da116dcb9c,f31b7b79-8e1f-5b4f-9f8f-d482b69434b6,delayed,in_transit,2024-04-27 18:00:18+00,2024-04-27 18:38:18+00,carrier_feed
7ce04fa6-9dc9-54ac-a82a-d255f72227f0,f31b7b79-8e1f-5b4f-9f8f-d482b69434b6,delivered,delayed,2024-05-10 12:10:01+00,2024-05-10 12:42:01+00,carrier_feed
f49c28de-0c74-5748-a555-9e16df9a47d9,a0af9eb7-8220-5c9c-b17e-34f05e2ae145,scheduled,,2024-04-01 08:29:01+00,2024-04-01 08:37:01+00,carrier_feed
d16edbda-f360-533d-8853-e8567b9f96cd,a0af9eb7-8220-5c9c-b17e-34f05e2ae145,in_transit,scheduled,2024-04-01 12:32:50+00,2024-04-01 12:42:50+00,carrier_feed
d2cac633-44b9-5c6e-8b24-72da7063f688,a0af9eb7-8220-5c9c-b17e-34f05e2ae145,delivered,in_transit,2024-04-20 01:53:07+00,2024-04-20 02:18:07+00,carrier_feed
e307a904-60e1-5446-8624-a2d8842556e1,9c663c2f-a81d-5376-930c-5a31090ea507,scheduled,,2024-04-01 08:58:40+00,2024-04-01 09:05:40+00,carrier_feed
0e193d64-7463-5074-a63a-a7b2e4fc8be6,9c663c2f-a81d-5376-930c-5a31090ea507,in_transit,scheduled,2024-04-03 12:23:24+00,2024-04-03 12:30:24+00,carrier_feed
31327538-4156-54ae-897e-5fee9bf26e30,9c663c2f-a81d-5376-930c-5a31090ea507,delivered,in_transit,2024-05-06 22:51:59+00,2024-05-06 23:29:59+00,carrier_feed
01300235-e20f-527a-8d58-73866d6b35bc,ea5b3611-5424-5021-9742-14c7677ea077,scheduled,,2024-04-01 09:02:08+00,2024-04-01 09:30:08+00,carrier_feed
fced77b4-603b-5166-bd74-f48aa2ee8c6e,ea5b3611-5424-5021-9742-14c7677ea077,in_transit,scheduled,2024-04-01 18:41:11+00,2024-04-01 19:21:11+00,carrier_feed
1e8bcf07-93e3-5f9d-8117-b7825c6e23bc,ea5b3611-5424-5021-9742-14c7677ea077,delivered,in_transit,2024-04-21 11:00:51+00,2024-04-21 11:25:51+00,carrier_feed
392273e1-8e5b-5ea5-a422-07679dfcee29,981b9756-79ca-5578-82b1-db2d8361c6b1,scheduled,,2024-04-01 09:05:00+00,2024-04-01 09:27:00+00,carrier_feed
af2cd2f5-0f68-57ff-8303-73b2c6558710,981b9756-79ca-5578-82b1-db2d8361c6b1,in_transit,scheduled,2024-04-01 10:38:41+00,2024-04-01 11:19:41+00,carrier_feed
90f1acb3-c45f-5ad5-846a-6f0403cbe7b1,981b9756-79ca-5578-82b1-db2d8361c6b1,delayed,in_transit,2024-04-09 17:19:37+00,2024-04-09 17:28:37+00,carrier_feed
8ff463f8-378b-5e11-ac29-71c5f088fc56,981b9756-79ca-5578-82b1-db2d8361c6b1,delivered,delayed,2024-04-11 11:03:32+00,2024-04-11 11:26:32+00,carrier_feed
75ead801-eccd-544a-974f-d8e675ac0875,98b5ec75-8265-57e8-85ae-60a53b728e2c,scheduled,,2024-04-01 08:46:30+00,2024-04-01 09:15:30+00,carrier_feed
52c34540-6a36-511d-a63e-f8112e498b0a,98b5ec75-8265-57e8-85ae-60a53b728e2c,in_transit,scheduled,2024-04-01 16:15:36+00,2024-04-01 16:42:36+00,carrier_feed
48768ef5-b2a4-5362-9875-53bec7fccfe9,98b5ec75-8265-57e8-85ae-60a53b728e2c,delivered,in_transit,2024-04-26 19:54:04+00,2024-04-26 20:03:04+00,carrier_feed
c418b9d3-b75a-5767-8dc8-71e1d5b0dfc1,2dde8170-109d-5f3b-9628-93829448b476,scheduled,,2024-04-01 08:57:37+00,2024-04-01 09:29:37+00,carrier_feed
09ca1d7d-aa70-5557-9b42-e99fef9c468c,2dde8170-109d-5f3b-9628-93829448b476,in_transit,scheduled,2024-04-03 17:35:47+00,2024-04-03 18:11:47+00,carrier_feed
adffe092-8cbc-5ea4-bf33-7eb919e66019,2dde8170-109d-5f3b-9628-93829448b476,delivered,in_transit,2024-05-04 12:42:09+00,2024-05-04 13:24:09+00,carrier_feed
a3918ea1-e294-5607-926e-f35cc68c6006,9f11ed85-6c42-520d-91ae-31dba8c2bd59,scheduled,,2024-04-01 08:07:07+00,2024-04-01 08:22:07+00,carrier_feed
299dcce6-c317-5993-88a5-2e425ec0ba9b,9f11ed85-6c42-520d-91ae-31dba8c2bd59,in_transit,scheduled,2024-04-03 09:13:07+00,2024-04-03 09:25:07+00,carrier_feed
742436af-d9cb-5e99-8eea-29ca627bdc1a,9f11ed85-6c42-520d-91ae-31dba8c2bd59,delayed,in_transit,2024-04-29 15:53:53+00,2024-04-29 16:07:53+00,carrier_feed
a1b1c991-d769-5b9a-9d79-109aa1605381,9f11ed85-6c42-520d-91ae-31dba8c2bd59,delivered,delayed,2024-05-01 09:26:33+00,2024-05-01 09:59:33+00,carrier_feed
71d14d9c-71ff-541e-97cc-062e94a5a08d,f8f535c2-70b7-5a71-b7b4-0ea0e824a43d,scheduled,,2024-04-01 08:57:16+00,2024-04-01 09:06:16+00,carrier_feed
dfab612d-675d-5f5b-9242-26112f5fbfb6,f8f535c2-70b7-5a71-b7b4-0ea0e824a43d,in_transit,scheduled,2024-04-02 14:23:45+00,2024-04-02 15:06:45+00,carrier_feed
2770d023-7e3a-59e8-b62f-1b82dd21b40d,f8f535c2-70b7-5a71-b7b4-0ea0e824a43d,delivered,in_transit,2024-04-27 17:29:46+00,2024-04-27 17:54:46+00,carrier_feed
0b8ef02e-af80-5fd9-bd2e-15a8c7169247,f087d367-45d7-5c77-9d67-c0608b148e2d,scheduled,,2024-04-08 09:04:19+00,2024-04-08 09:18:19+00,carrier_feed
c22ea81d-7e6f-5cb5-8fe8-cff5992a17a6,f087d367-45d7-5c77-9d67-c0608b148e2d,in_transit,scheduled,2024-04-08 15:13:22+00,2024-04-08 15:43:22+00,carrier_feed
0d0222a6-9512-5b5c-a378-800c0358d964,f087d367-45d7-5c77-9d67-c0608b148e2d,delivered,in_transit,2024-04-20 17:25:40+00,2024-04-20 17:35:40+00,carrier_feed
09eb6dfb-8869-558a-9687-4958a1c848f4,0c443d0f-d94e-5de1-b314-fc8577fee20c,scheduled,,2024-04-08 08:19:45+00,2024-04-08 08:54:45+00,carrier_feed
7c924572-ba8c-5247-b7c8-365f7649ee3f,0c443d0f-d94e-5de1-b314-fc8577fee20c,in_transit,scheduled,2024-04-08 11:50:01+00,2024-04-08 12:02:01+00,carrier_feed
eecc53d8-9ffc-5e61-93aa-c54c67dbe947,0c443d0f-d94e-5de1-b314-fc8577fee20c,delivered,in_transit,2024-04-25 10:55:57+00,2024-04-25 11:32:57+00,carrier_feed
0b266d5b-318f-555b-bcb8-0c5133015591,cd8d69b8-060b-5a48-897b-924c396da496,scheduled,,2024-04-08 08:53:36+00,2024-04-08 09:24:36+00,carrier_feed
1adb177e-ce6b-54d4-8713-558f1c44e3fe,cd8d69b8-060b-5a48-897b-924c396da496,in_transit,scheduled,2024-04-10 12:22:20+00,2024-04-10 12:57:20+00,carrier_feed
1052500e-d7dc-50fb-9811-104f0a06dda2,cd8d69b8-060b-5a48-897b-924c396da496,delivered,in_transit,2024-05-01 08:26:01+00,2024-05-01 08:34:01+00,carrier_feed
55cbf977-c576-56eb-8fd8-c836502932b4,f58f671c-8ab9-5da9-9c0d-a1bbc3b5d8c8,scheduled,,2024-04-08 08:56:00+00,2024-04-08 09:38:00+00,carrier_feed
85af7fd7-ae19-5c95-9180-7e92a1563b96,f58f671c-8ab9-5da9-9c0d-a1bbc3b5d8c8,in_transit,scheduled,2024-04-08 10:37:25+00,2024-04-08 11:09:25+00,carrier_feed
130ca5b2-8074-5dee-9351-6a68163239bc,f58f671c-8ab9-5da9-9c0d-a1bbc3b5d8c8,delivered,in_transit,2024-04-13 02:04:07+00,2024-04-13 02:41:07+00,carrier_feed
72a4c32a-95c6-5e19-85fc-f2b0ac8ac2c2,14d79a43-90d8-568e-9090-de791e7b6c9f,scheduled,,2024-04-08 08:47:31+00,2024-04-08 09:07:31+00,carrier_feed
e5641a33-68ab-5345-8503-719663646945,14d79a43-90d8-568e-9090-de791e7b6c9f,in_transit,scheduled,2024-04-08 18:17:17+00,2024-04-08 18:52:17+00,carrier_feed
11606d48-2160-5601-a0c6-f1a616c24381,14d79a43-90d8-568e-9090-de791e7b6c9f,delivered,in_transit,2024-05-02 15:18:38+00,2024-05-02 15:31:38+00,carrier_feed
e6e7e915-ac3d-5ab5-9b62-b96d893ee562,563accd7-f64a-51b9-a7d5-dce35ae7412d,scheduled,,2024-04-08 08:39:11+00,2024-04-08 08:45:11+00,carrier_feed
97cc7219-4b65-5c8d-9ee8-3aa25027c626,563accd7-f64a-51b9-a7d5-dce35ae7412d,in_transit,scheduled,2024-04-08 15:14:56+00,2024-04-08 15:23:56+00,carrier_feed
2e3e70a5-a701-5558-aa16-02b0f62bb50e,563accd7-f64a-51b9-a7d5-dce35ae7412d,delivered,in_transit,2024-04-20 13:48:26+00,2024-04-20 14:20:26+00,carrier_feed
c57ce090-f547-5498-9944-804c08f68a55,84eb5518-8e8e-57f8-8f7c-9dc7d8c308c2,scheduled,,2024-04-08 09:07:35+00,2024-04-08 09:28:35+00,carrier_feed
c4bd0c83-c263-5419-be96-2086aa04acb8,84eb5518-8e8e-57f8-8f7c-9dc7d8c308c2,in_transit,scheduled,2024-04-09 15:10:38+00,2024-04-09 15:49:38+00,carrier_feed
6f18fecd-2e27-5391-9df0-9b4de34e97d4,84eb5518-8e8e-57f8-8f7c-9dc7d8c308c2,delayed,in_transit,2024-05-09 21:46:28+00,2024-05-09 22:11:28+00,carrier_feed
55840b8e-ec46-58e4-b09c-c4b81207ab4d,84eb5518-8e8e-57f8-8f7c-9dc7d8c308c2,delivered,delayed,2024-05-11 15:28:46+00,2024-05-11 15:49:46+00,carrier_feed
65d1521f-cd04-5455-9125-9386a1f299e8,dfe89815-ab76-596e-ac22-bb1c642a0667,scheduled,,2024-04-15 08:55:12+00,2024-04-15 09:29:12+00,carrier_feed
4331ed77-7758-54df-8ea2-5a2642def2f0,dfe89815-ab76-596e-ac22-bb1c642a0667,in_transit,scheduled,2024-04-16 11:22:58+00,2024-04-16 11:32:58+00,carrier_feed
4a2a134c-8b6b-5d84-a943-79317c1a851a,dfe89815-ab76-596e-ac22-bb1c642a0667,delivered,in_transit,2024-04-24 07:54:24+00,2024-04-24 08:14:24+00,carrier_feed
760f70b6-729c-5598-b8e4-be0a16f8cdd7,21c86fef-e8e2-5717-a8e9-c24b7f5cd522,scheduled,,2024-04-15 08:32:10+00,2024-04-15 08:51:10+00,carrier_feed
1cf1322b-342d-58e8-a015-d5d730a79bbb,21c86fef-e8e2-5717-a8e9-c24b7f5cd522,in_transit,scheduled,2024-04-16 10:32:15+00,2024-04-16 10:45:15+00,carrier_feed
3b484935-0eff-59c1-ab74-6de8d14779ca,21c86fef-e8e2-5717-a8e9-c24b7f5cd522,delivered,in_transit,2024-05-05 18:37:05+00,2024-05-05 19:02:05+00,carrier_feed
08e0cbd5-eb01-5a40-ab82-d41f79cae04d,a060ab26-edfd-5cc2-b07b-74e3f363cbed,scheduled,,2024-04-15 08:41:11+00,2024-04-15 09:21:11+00,carrier_feed
03b86757-ec35-5b0f-9d81-264107d83a77,a060ab26-edfd-5cc2-b07b-74e3f363cbed,in_transit,scheduled,2024-04-15 15:15:16+00,2024-04-15 15:25:16+00,carrier_feed
8ad38d50-40d6-533b-993b-812ab89bacb3,a060ab26-edfd-5cc2-b07b-74e3f363cbed,delivered,in_transit,2024-05-29 09:35:43+00,2024-05-29 10:17:43+00,carrier_feed
73f8ba49-94e5-56c2-9a85-3621eed1c148,cf6b73d9-08ec-5804-bfc0-ac40e075a529,scheduled,,2024-04-15 08:21:11+00,2024-04-15 08:52:11+00,carrier_feed
e9612efe-0ad0-5c62-a441-6bad1aefa33b,cf6b73d9-08ec-5804-bfc0-ac40e075a529,in_transit,scheduled,2024-04-17 11:49:19+00,2024-04-17 12:07:19+00,carrier_feed
e77406aa-297b-557e-ad9c-5d3165497436,cf6b73d9-08ec-5804-bfc0-ac40e075a529,delivered,in_transit,2024-05-08 11:57:33+00,2024-05-08 12:18:33+00,carrier_feed
42f02859-11fd-5b4d-a6a3-b20b0ab1992e,dbae88c8-0867-5348-92cd-d2d0820bea3e,scheduled,,2024-04-15 08:38:03+00,2024-04-15 09:18:03+00,carrier_feed
1aa5477c-ff7f-5e2e-a829-6ee7e31558be,dbae88c8-0867-5348-92cd-d2d0820bea3e,in_transit,scheduled,2024-04-17 14:07:48+00,2024-04-17 14:17:48+00,carrier_feed
5317667d-3e9a-5fe2-8c07-18c4588a33ae,dbae88c8-0867-5348-92cd-d2d0820bea3e,delivered,in_transit,2024-05-05 22:42:51+00,2024-05-05 23:01:51+00,carrier_feed
caf1f6d9-d3c3-5d9e-9073-33057836e006,4ea91dbd-ac37-57b4-bfff-e1c481119488,scheduled,,2024-04-15 08:48:38+00,2024-04-15 08:54:38+00,carrier_feed
bb65ab42-94a0-5f98-86c2-acc7f44e4bb5,4ea91dbd-ac37-57b4-bfff-e1c481119488,in_transit,scheduled,2024-04-15 16:09:56+00,2024-04-15 16:16:56+00,carrier_feed
b5807324-e2d6-5d6a-899a-882d34d51f33,4ea91dbd-ac37-57b4-bfff-e1c481119488,delivered,in_transit,2024-04-19 18:53:34+00,2024-04-19 19:17:34+00,carrier_feed
97301d31-0b6c-51ba-a1ec-74f497e8aeb1,9d4d0ab0-9d04-5305-b57e-e6b7efe45549,scheduled,,2024-04-22 09:09:18+00,2024-04-22 09:29:18+00,carrier_feed
4022507c-f3c5-5434-b8ae-a14a4e11461b,9d4d0ab0-9d04-5305-b57e-e6b7efe45549,in_transit,scheduled,2024-04-24 12:24:17+00,2024-04-24 12:53:17+00,carrier_feed
1d7f8be2-29b9-55a2-b47a-c2ef1b248600,9d4d0ab0-9d04-5305-b57e-e6b7efe45549,delivered,in_transit,2024-05-15 10:01:55+00,2024-05-15 10:15:55+00,carrier_feed
c6a951b0-9f2e-5d64-a145-b614848483f5,f0d61cbd-e682-5f01-a2b5-9920a3077281,scheduled,,2024-04-22 09:27:00+00,2024-04-22 09:55:00+00,carrier_feed
8d36a9d2-7e3b-50fe-8440-80e360e31fbc,f0d61cbd-e682-5f01-a2b5-9920a3077281,in_transit,scheduled,2024-04-23 18:04:29+00,2024-04-23 18:34:29+00,carrier_feed
d6defb8a-52d4-5e31-ac9a-56875fcc43b2,f0d61cbd-e682-5f01-a2b5-9920a3077281,delivered,in_transit,2024-04-29 02:05:56+00,2024-04-29 02:46:56+00,carrier_feed
4cda0168-d368-5902-8a0a-387a10ac21c0,df5498c7-98dd-58b6-a666-0760a3e5123e,scheduled,,2024-04-22 08:25:40+00,2024-04-22 08:37:40+00,carrier_feed
6aad7f0c-f027-5371-b521-26911a726114,df5498c7-98dd-58b6-a666-0760a3e5123e,in_transit,scheduled,2024-04-23 12:32:50+00,2024-04-23 12:58:50+00,carrier_feed
ac486d6b-4156-5f55-a3a8-6f5de4ba3dfc,df5498c7-98dd-58b6-a666-0760a3e5123e,delivered,in_transit,2024-05-17 20:07:13+00,2024-05-17 20:27:13+00,carrier_feed
b634b871-63c8-54a3-a49b-239b648879c4,3b1d317e-ead2-544b-bc60-9f1ec0b9cd9e,scheduled,,2024-04-22 08:07:34+00,2024-04-22 08:50:34+00,carrier_feed
6e8d66e9-6564-5b0a-ba35-046dfe14af42,3b1d317e-ead2-544b-bc60-9f1ec0b9cd9e,in_transit,scheduled,2024-04-25 09:16:45+00,2024-04-25 09:36:45+00,carrier_feed
e77c2c73-7f13-5777-8ab6-61eef3222d5d,3b1d317e-ead2-544b-bc60-9f1ec0b9cd9e,delivered,in_transit,2024-05-15 20:21:01+00,2024-05-15 20:26:01+00,carrier_feed
229dca99-c783-5d7f-8ca7-2e675bcce80a,1c9bc141-3395-5145-8908-aee442ea4be0,scheduled,,2024-04-22 08:15:51+00,2024-04-22 08:41:51+00,carrier_feed
2bfb4ba5-4345-5430-a95c-128d7cb0a701,1c9bc141-3395-5145-8908-aee442ea4be0,in_transit,scheduled,2024-04-23 14:40:51+00,2024-04-23 15:20:51+00,carrier_feed
f9bb5af4-3465-5f61-bf9e-66c3e33c0a17,1c9bc141-3395-5145-8908-aee442ea4be0,delivered,in_transit,2024-05-28 16:11:55+00,2024-05-28 16:21:55+00,carrier_feed
65f07d75-39ed-5038-83c4-96c41f781d19,114645a3-4707-59d1-9f0c-6578981e1fd2,scheduled,,2024-04-22 08:25:51+00,2024-04-22 09:04:51+00,carrier_feed
df83420c-a4ef-5f9c-ab97-fbe942c4cf42,114645a3-4707-59d1-9f0c-6578981e1fd2,in_transit,scheduled,2024-04-24 15:57:32+00,2024-04-24 16:33:32+00,carrier_feed
3761fd47-51e7-586f-b723-c8122dd49490,114645a3-4707-59d1-9f0c-6578981e1fd2,delivered,in_transit,2024-05-19 14:30:55+00,2024-05-19 14:59:55+00,carrier_feed
b9483274-e532-5686-bb71-7d55a9946327,1abe38ce-ac88-5707-aced-56d8f97c62c6,scheduled,,2024-04-22 08:59:53+00,2024-04-22 09:14:53+00,carrier_feed
931346f0-9ebc-5f47-aeeb-0c578e769e90,1abe38ce-ac88-5707-aced-56d8f97c62c6,in_transit,scheduled,2024-04-25 17:25:12+00,2024-04-25 17:48:12+00,carrier_feed
c2e9a066-7bda-5b3a-8868-15e3bed3b351,1abe38ce-ac88-5707-aced-56d8f97c62c6,delivered,in_transit,2024-04-30 11:59:20+00,2024-04-30 12:04:20+00,carrier_feed
63b91ad6-c619-57db-9419-f3b6c9fd7391,ef7f40d3-0e58-5e24-bafd-901087ee377f,scheduled,,2024-04-22 09:10:25+00,2024-04-22 09:32:25+00,carrier_feed
b66c5cd8-0b92-585c-8fab-a785ddc052a7,ef7f40d3-0e58-5e24-bafd-901087ee377f,in_transit,scheduled,2024-04-22 15:27:35+00,2024-04-22 15:59:35+00,carrier_feed
4395fd9d-3efc-5a7d-93e6-9d5f5b1dd314,ef7f40d3-0e58-5e24-bafd-901087ee377f,delayed,in_transit,2024-05-05 21:58:43+00,2024-05-05 22:27:43+00,carrier_feed
75ba53d8-6df4-59a9-91fb-b3819248dee9,ef7f40d3-0e58-5e24-bafd-901087ee377f,delivered,delayed,2024-05-07 15:56:17+00,2024-05-07 16:06:17+00,carrier_feed
e80f48b6-da49-5ffd-9dac-91a161d0f070,83901798-5023-5a09-ac3d-31ff9412c2c8,scheduled,,2024-04-22 08:42:27+00,2024-04-22 08:48:27+00,carrier_feed
c3fcafaf-c5db-52f0-b8d6-275fa6f4196d,83901798-5023-5a09-ac3d-31ff9412c2c8,in_transit,scheduled,2024-04-25 16:48:03+00,2024-04-25 16:57:03+00,carrier_feed
54adfb38-9f19-51c3-a05a-3c95dea1e682,83901798-5023-5a09-ac3d-31ff9412c2c8,delivered,in_transit,2024-05-28 16:56:04+00,2024-05-28 17:03:04+00,carrier_feed
7bf8cd8b-677b-5c8b-80ae-64fd8e34493b,0d7e3c86-789d-5c12-a457-5b9602a95886,scheduled,,2024-04-22 08:21:35+00,2024-04-22 08:53:35+00,carrier_feed
c878463c-3009-5d3e-939e-582ccafe8118,0d7e3c86-789d-5c12-a457-5b9602a95886,in_transit,scheduled,2024-04-23 09:39:23+00,2024-04-23 09:48:23+00,carrier_feed
23bc5b4b-d472-59bf-9a85-f01db5df4da7,0d7e3c86-789d-5c12-a457-5b9602a95886,delivered,in_transit,2024-06-06 03:14:25+00,2024-06-06 03:55:25+00,carrier_feed
201b0ec8-1a45-5a9d-ba69-13b2dfe77881,7b0343ff-da74-525d-9998-8d0745a255fa,scheduled,,2024-04-29 08:41:21+00,2024-04-29 09:08:21+00,carrier_feed
6b0cc1b0-9ede-5f91-81b4-3f949b9d7223,7b0343ff-da74-525d-9998-8d0745a255fa,in_transit,scheduled,2024-04-29 10:05:57+00,2024-04-29 10:42:57+00,carrier_feed
af46cd5f-b277-5e9b-b538-fc72b026e3aa,7b0343ff-da74-525d-9998-8d0745a255fa,delivered,in_transit,2024-06-12 05:11:05+00,2024-06-12 05:20:05+00,carrier_feed
9902d8ba-b6d1-520c-aef9-b0c3f50ea079,c32f8ea6-b89d-56a7-a307-1f73450a3936,scheduled,,2024-04-29 08:30:54+00,2024-04-29 08:59:54+00,carrier_feed
cd46e3cb-b0a5-514d-8054-72a9a717d50d,c32f8ea6-b89d-56a7-a307-1f73450a3936,in_transit,scheduled,2024-05-02 11:07:21+00,2024-05-02 11:17:21+00,carrier_feed
f93dabbc-02c6-5ede-9440-d3a7318b1ae3,c32f8ea6-b89d-56a7-a307-1f73450a3936,delivered,in_transit,2024-05-06 09:29:50+00,2024-05-06 10:07:50+00,carrier_feed
46cc40ca-29c4-54bd-80a4-024d8f5db43e,ce9cd06d-21fe-5673-9499-d1f112f04b7d,scheduled,,2024-04-29 09:08:56+00,2024-04-29 09:52:56+00,carrier_feed
a6fec3aa-e22b-552f-8d5f-a101fa67b1c9,ce9cd06d-21fe-5673-9499-d1f112f04b7d,in_transit,scheduled,2024-04-29 18:16:12+00,2024-04-29 18:33:12+00,carrier_feed
2f6035c4-5544-5059-9380-277d22c22ffd,ce9cd06d-21fe-5673-9499-d1f112f04b7d,delivered,in_transit,2024-05-16 23:55:49+00,2024-05-17 00:09:49+00,carrier_feed
da8ecb46-c957-537f-9262-da3193e78d09,86463338-89d7-5ba8-99d6-06c131226551,scheduled,,2024-04-29 08:31:27+00,2024-04-29 09:12:27+00,carrier_feed
fd6d592b-90c6-5125-9594-050052b1f888,86463338-89d7-5ba8-99d6-06c131226551,in_transit,scheduled,2024-05-01 09:34:46+00,2024-05-01 10:13:46+00,carrier_feed
91415e23-5cf3-5036-8ee0-67c71502f1dd,86463338-89d7-5ba8-99d6-06c131226551,delivered,in_transit,2024-05-31 22:13:33+00,2024-05-31 22:45:33+00,carrier_feed
93f1235e-db92-5e3c-8b7d-47bd61f7bb66,ce0d945f-972f-5900-99e2-d46076a1f39e,scheduled,,2024-04-29 08:56:49+00,2024-04-29 09:21:49+00,carrier_feed
923a96e8-41e6-5de6-aecb-bbd16641329c,ce0d945f-972f-5900-99e2-d46076a1f39e,in_transit,scheduled,2024-05-01 14:38:05+00,2024-05-01 14:55:05+00,carrier_feed
46b8c37b-3ef5-5f8a-8cdb-c417fc17bac2,ce0d945f-972f-5900-99e2-d46076a1f39e,delivered,in_transit,2024-05-25 11:02:16+00,2024-05-25 11:34:16+00,carrier_feed
54e31271-e2e1-51d5-bf6d-093164fcf781,a0936666-11e7-51df-9324-fefa6d013693,scheduled,,2024-04-29 08:27:06+00,2024-04-29 08:56:06+00,carrier_feed
1ab4f512-74cc-5d00-8c38-c8f9b1555282,a0936666-11e7-51df-9324-fefa6d013693,in_transit,scheduled,2024-04-30 16:34:22+00,2024-04-30 16:46:22+00,carrier_feed
61c04678-df0d-59af-aeab-60dd36b1d2b9,a0936666-11e7-51df-9324-fefa6d013693,delivered,in_transit,2024-05-25 12:44:16+00,2024-05-25 13:08:16+00,carrier_feed
bb586f19-3dae-5eb2-b5d8-add14427add1,9ee8ffd3-19c7-5b9e-a2ca-fee30c48773b,scheduled,,2024-04-29 08:49:58+00,2024-04-29 09:16:58+00,carrier_feed
77bcd1f4-86fb-5d8a-83f3-2944c22dcea5,9ee8ffd3-19c7-5b9e-a2ca-fee30c48773b,in_transit,scheduled,2024-04-29 13:52:43+00,2024-04-29 13:58:43+00,carrier_feed
9a5bae75-98a0-584d-a9e6-151fbddadf14,9ee8ffd3-19c7-5b9e-a2ca-fee30c48773b,delivered,in_transit,2024-05-16 09:19:18+00,2024-05-16 09:28:18+00,carrier_feed
1b9bbb07-797f-5dca-b356-bf31561fda30,bacd0aea-9520-5b1e-b4e1-f78750028a5a,scheduled,,2024-04-29 08:50:07+00,2024-04-29 09:30:07+00,carrier_feed
6727517c-b855-5b80-b732-3863b4bdf002,bacd0aea-9520-5b1e-b4e1-f78750028a5a,in_transit,scheduled,2024-04-30 10:22:40+00,2024-04-30 10:31:40+00,carrier_feed
8a989ccc-d307-5d63-9fd1-60a9c876516a,bacd0aea-9520-5b1e-b4e1-f78750028a5a,delivered,in_transit,2024-05-09 02:06:06+00,2024-05-09 02:46:06+00,carrier_feed
e80e8984-e939-5d30-b095-87b31cf05fe7,9b68e4cf-9d9e-54a0-8f79-badbfd485853,scheduled,,2024-04-29 08:13:36+00,2024-04-29 08:48:36+00,carrier_feed
73fca76d-063b-5857-906b-d74c60ce2d74,9b68e4cf-9d9e-54a0-8f79-badbfd485853,in_transit,scheduled,2024-04-29 09:23:01+00,2024-04-29 10:03:01+00,carrier_feed
5a8903b0-16e7-5680-9c2f-6e55d963a1a3,9b68e4cf-9d9e-54a0-8f79-badbfd485853,delivered,in_transit,2024-05-31 18:53:07+00,2024-05-31 19:21:07+00,carrier_feed
f71e5ca1-668e-59b3-993b-54a3635f73a2,b64e663a-f408-5683-8589-6230298dbe42,scheduled,,2024-05-06 08:33:17+00,2024-05-06 08:41:17+00,carrier_feed
2b0130fb-3504-5d28-b6ad-461b11acedb0,b64e663a-f408-5683-8589-6230298dbe42,in_transit,scheduled,2024-05-06 15:59:03+00,2024-05-06 16:18:03+00,carrier_feed
83295559-a179-563d-8f33-9ba262aed15c,b64e663a-f408-5683-8589-6230298dbe42,delivered,in_transit,2024-05-23 10:01:20+00,2024-05-23 10:35:20+00,carrier_feed
e0ff02c5-e55a-5e2f-bd50-f91207dbf99a,0c29624a-0df1-52a3-8796-51c50acde60a,scheduled,,2024-05-06 08:43:43+00,2024-05-06 09:07:43+00,carrier_feed
1ca20352-b95b-55f7-bdde-12efa088be77,0c29624a-0df1-52a3-8796-51c50acde60a,in_transit,scheduled,2024-05-08 16:20:18+00,2024-05-08 16:37:18+00,carrier_feed
cd177980-49ae-5720-ae3b-37023aea4398,0c29624a-0df1-52a3-8796-51c50acde60a,delivered,in_transit,2024-05-25 13:01:24+00,2024-05-25 13:30:24+00,carrier_feed
072c61d9-d09f-501f-95de-e45852e671f1,18bad3be-9519-5ec9-9c0b-5d83457b6d2e,scheduled,,2024-05-06 08:30:46+00,2024-05-06 08:39:46+00,carrier_feed
23f3875f-0c03-53fe-8b30-b8c13b1b0e43,18bad3be-9519-5ec9-9c0b-5d83457b6d2e,in_transit,scheduled,2024-05-09 13:56:31+00,2024-05-09 14:12:31+00,carrier_feed
9bb2e7d8-9c96-5143-9a9f-f4584bd3d079,18bad3be-9519-5ec9-9c0b-5d83457b6d2e,delivered,in_transit,2024-05-25 06:12:52+00,2024-05-25 06:38:52+00,carrier_feed
475bb554-b245-5651-a34b-2b5e584b13ee,75302db4-49ab-5783-92be-05b662db018b,scheduled,,2024-05-06 09:13:20+00,2024-05-06 09:22:20+00,carrier_feed
3cacb5a8-80b8-5e63-9f98-a116a7557473,75302db4-49ab-5783-92be-05b662db018b,in_transit,scheduled,2024-05-09 13:47:43+00,2024-05-09 14:10:43+00,carrier_feed
1af2537a-c934-59e7-b85f-6292663abdcb,75302db4-49ab-5783-92be-05b662db018b,delivered,in_transit,2024-05-29 00:17:31+00,2024-05-29 00:32:31+00,carrier_feed
37b6e010-1cb7-51be-9d06-9d75a6b95683,718e83ab-8b24-5bd2-95f8-1ad7d90f5274,scheduled,,2024-05-06 09:23:44+00,2024-05-06 09:52:44+00,carrier_feed
142b0622-1007-5b96-8fd3-834e9ac412f9,718e83ab-8b24-5bd2-95f8-1ad7d90f5274,in_transit,scheduled,2024-05-09 14:46:13+00,2024-05-09 14:57:13+00,carrier_feed
eabceaee-260f-51e3-a6c2-e8eb9bb21bfa,718e83ab-8b24-5bd2-95f8-1ad7d90f5274,delivered,in_transit,2024-06-02 09:58:50+00,2024-06-02 10:36:50+00,carrier_feed
01f54af9-b2be-51ed-995a-17236e0b0e1c,c184ed03-1fa8-5711-a447-0415d80156c0,scheduled,,2024-05-06 08:51:45+00,2024-05-06 09:34:45+00,carrier_feed
b8cd79f4-fd2b-5ea5-8d30-606c5bd17528,c184ed03-1fa8-5711-a447-0415d80156c0,in_transit,scheduled,2024-05-09 13:54:07+00,2024-05-09 14:04:07+00,carrier_feed
cb14165a-680f-5ff4-ab34-8021ce4c1d64,c184ed03-1fa8-5711-a447-0415d80156c0,delayed,in_transit,2024-05-14 20:23:35+00,2024-05-14 20:36:35+00,carrier_feed
0b232fe7-f6d1-502a-9f05-755949270988,c184ed03-1fa8-5711-a447-0415d80156c0,delivered,delayed,2024-05-19 14:22:26+00,2024-05-19 14:46:26+00,carrier_feed
edbea8e5-a10e-5643-b33b-a08cded290b0,f1a05aa9-6fde-50d8-88e0-e532b8d62916,scheduled,,2024-05-06 08:13:01+00,2024-05-06 08:22:01+00,carrier_feed
8fccd714-515e-51a2-bef8-776ae0e74ad7,f1a05aa9-6fde-50d8-88e0-e532b8d62916,in_transit,scheduled,2024-05-08 09:40:21+00,2024-05-08 10:05:21+00,carrier_feed
d83dcaa0-762c-510c-aa69-638bd653b242,f1a05aa9-6fde-50d8-88e0-e532b8d62916,delivered,in_transit,2024-05-18 18:16:39+00,2024-05-18 18:31:39+00,carrier_feed
2113bc48-eed3-5d2f-8cca-d66071725a52,c22e46e7-847e-59a5-bdbe-9471d8415edf,scheduled,,2024-05-06 09:03:08+00,2024-05-06 09:12:08+00,carrier_feed
9a46ec2a-25d1-5088-be25-67d3a191e627,c22e46e7-847e-59a5-bdbe-9471d8415edf,in_transit,scheduled,2024-05-09 11:26:35+00,2024-05-09 11:40:35+00,carrier_feed
29c15dab-e831-5f94-aa98-7b3d9f1bc9c1,c22e46e7-847e-59a5-bdbe-9471d8415edf,delivered,in_transit,2024-06-03 05:54:42+00,2024-06-03 06:04:42+00,carrier_feed
35b6974a-f734-591a-88dd-34404f8ae874,e0ed87f4-b310-514c-abdf-8885f2ce743f,scheduled,,2024-05-06 09:15:31+00,2024-05-06 10:00:31+00,carrier_feed
36135472-bf31-53c3-8eee-69d25ad04e00,e0ed87f4-b310-514c-abdf-8885f2ce743f,in_transit,scheduled,2024-05-06 13:37:55+00,2024-05-06 14:21:55+00,carrier_feed
6a6f543d-34b7-5706-aa80-0dfbadc92a7f,e0ed87f4-b310-514c-abdf-8885f2ce743f,delivered,in_transit,2024-05-25 02:06:52+00,2024-05-25 02:26:52+00,carrier_feed
a2411541-341e-5090-9c70-433a3c3726e0,9e6fab25-ae05-5f0d-9900-24e73e872e6b,scheduled,,2024-05-06 08:48:14+00,2024-05-06 09:06:14+00,carrier_feed
7b55be5d-f133-5c09-94f1-f5058a405796,9e6fab25-ae05-5f0d-9900-24e73e872e6b,in_transit,scheduled,2024-05-09 13:17:52+00,2024-05-09 13:56:52+00,carrier_feed
c88f52c6-29c3-58de-9b69-b3499972b6bc,9e6fab25-ae05-5f0d-9900-24e73e872e6b,delivered,in_transit,2024-06-02 14:59:15+00,2024-06-02 15:33:15+00,carrier_feed
a96b6044-164f-5ad5-92e5-2a625430c3a4,9b733456-95bc-57dd-b5e2-dbfe3f77a4c9,scheduled,,2024-05-06 08:30:57+00,2024-05-06 08:48:57+00,carrier_feed
95df4830-5a7a-54d1-afa8-7381980a78f3,9b733456-95bc-57dd-b5e2-dbfe3f77a4c9,in_transit,scheduled,2024-05-07 09:37:21+00,2024-05-07 09:43:21+00,carrier_feed
12b28f10-6d92-5460-9693-1163b83760b4,9b733456-95bc-57dd-b5e2-dbfe3f77a4c9,delivered,in_transit,2024-05-14 21:05:12+00,2024-05-14 21:12:12+00,carrier_feed
912ca32b-4c12-5d9a-b476-3f35db91f3a4,f6ea3ce4-e08b-55f9-8b4a-acea6b5b5fe8,scheduled,,2024-05-13 09:00:13+00,2024-05-13 09:29:13+00,carrier_feed
9a0ffad9-011b-5f15-a693-59de5632c561,f6ea3ce4-e08b-55f9-8b4a-acea6b5b5fe8,in_transit,scheduled,2024-05-16 11:19:51+00,2024-05-16 11:26:51+00,carrier_feed
b8bfa8d2-e05c-5f0b-b241-74cb73c7841c,f6ea3ce4-e08b-55f9-8b4a-acea6b5b5fe8,delivered,in_transit,2024-06-16 09:25:57+00,2024-06-16 09:45:57+00,carrier_feed
39defe4e-a0ab-5854-b89d-ed2a7c28a683,545d2b61-f28e-5324-a2fb-7f76c50da0c4,scheduled,,2024-05-13 08:47:39+00,2024-05-13 09:02:39+00,carrier_feed
f9a9f408-f90d-59eb-84fb-39b63cf82f07,545d2b61-f28e-5324-a2fb-7f76c50da0c4,in_transit,scheduled,2024-05-13 15:07:54+00,2024-05-13 15:44:54+00,carrier_feed
9d01aacc-21ba-5cde-9630-8957dc9cd110,545d2b61-f28e-5324-a2fb-7f76c50da0c4,delivered,in_transit,2024-05-19 16:21:36+00,2024-05-19 17:03:36+00,carrier_feed
af95c00b-609d-52ad-bc07-ecf6a811e18b,3c3e8182-8c35-5ca3-9f39-6db3e11126b7,scheduled,,2024-05-13 08:44:34+00,2024-05-13 09:17:34+00,carrier_feed
6d17cf5d-201a-5501-af1e-e620913094df,3c3e8182-8c35-5ca3-9f39-6db3e11126b7,in_transit,scheduled,2024-05-14 13:15:07+00,2024-05-14 13:58:07+00,carrier_feed
52d8f641-56bd-57ad-a2d9-882c9871acc6,3c3e8182-8c35-5ca3-9f39-6db3e11126b7,delivered,in_transit,2024-05-19 09:27:33+00,2024-05-19 09:54:33+00,carrier_feed
e9fb4335-fe71-51a7-99d1-2be2bdf7ef81,8d762bbd-9b3a-5c2a-a7bc-f4c14e8142c2,scheduled,,2024-05-13 08:52:42+00,2024-05-13 09:26:42+00,carrier_feed
897f815a-ff01-51e2-9a12-d8c5f6bd4d00,8d762bbd-9b3a-5c2a-a7bc-f4c14e8142c2,in_transit,scheduled,2024-05-15 09:58:38+00,2024-05-15 10:17:38+00,carrier_feed
978697f9-9ad6-5708-8d12-ae34187e956a,8d762bbd-9b3a-5c2a-a7bc-f4c14e8142c2,delivered,in_transit,2024-06-04 13:19:29+00,2024-06-04 13:53:29+00,carrier_feed
a00d70cf-fd40-598c-9d59-72a2b3e07013,cbb9bb47-f839-57c8-8b00-2fa1acd427db,scheduled,,2024-05-13 09:19:49+00,2024-05-13 09:53:49+00,carrier_feed
ed29d3fd-4a85-5f68-b1ea-cbd83e51e646,cbb9bb47-f839-57c8-8b00-2fa1acd427db,in_transit,scheduled,2024-05-14 16:20:08+00,2024-05-14 16:48:08+00,carrier_feed
764e7061-af2c-5b0f-a302-deabfef5992a,cbb9bb47-f839-57c8-8b00-2fa1acd427db,delivered,in_transit,2024-05-26 23:03:23+00,2024-05-26 23:35:23+00,carrier_feed
e4517851-ba64-5cc1-ba4f-d6a09a732f25,1928d12e-15c3-517b-840a-19de81769d6d,scheduled,,2024-05-13 09:09:32+00,2024-05-13 09:54:32+00,carrier_feed
a4f50173-598e-5a2f-b724-de3b029c823c,1928d12e-15c3-517b-840a-19de81769d6d,in_transit,scheduled,2024-05-14 17:13:16+00,2024-05-14 17:36:16+00,carrier_feed
ab34b3b1-dd04-574f-b330-e55e38275e56,1928d12e-15c3-517b-840a-19de81769d6d,delivered,in_transit,2024-06-09 09:45:10+00,2024-06-09 09:56:10+00,carrier_feed
01be2e7c-3a60-57f8-9812-9a73ba63495d,f0748d0e-0ce2-57ff-846b-059d2cf3505c,scheduled,,2024-05-20 08:59:12+00,2024-05-20 09:05:12+00,carrier_feed
171091f3-5f64-59c4-85fe-db6f6d1ede62,f0748d0e-0ce2-57ff-846b-059d2cf3505c,in_transit,scheduled,2024-05-20 15:09:34+00,2024-05-20 15:49:34+00,carrier_feed
4093ecbd-b61d-5728-b419-e38e962cd82e,f0748d0e-0ce2-57ff-846b-059d2cf3505c,delivered,in_transit,2024-06-06 10:22:52+00,2024-06-06 11:04:52+00,carrier_feed
8c5edb21-4eb5-50a0-af5d-c546bde85005,7b636b61-63c0-5bb0-9271-5c7708ba48a0,scheduled,,2024-05-20 08:25:59+00,2024-05-20 08:49:59+00,carrier_feed
0b1f681e-57b8-544f-85c8-3a73a6374975,7b636b61-63c0-5bb0-9271-5c7708ba48a0,in_transit,scheduled,2024-05-21 15:59:42+00,2024-05-21 16:27:42+00,carrier_feed
9382aac1-8594-5ab9-bbe3-8e5360e54601,7b636b61-63c0-5bb0-9271-5c7708ba48a0,delivered,in_transit,2024-06-03 13:05:23+00,2024-06-03 13:18:23+00,carrier_feed
3da30c62-801a-50e3-8bea-e347251fb43c,36ff02bf-680f-5905-b5fa-d8b94e4681fc,scheduled,,2024-05-20 08:38:39+00,2024-05-20 08:45:39+00,carrier_feed
c0b05ff0-6599-5698-a6a6-4671bcf4ddc6,36ff02bf-680f-5905-b5fa-d8b94e4681fc,in_transit,scheduled,2024-05-23 16:54:36+00,2024-05-23 17:29:36+00,carrier_feed
e4f57368-ea7a-5fd6-8280-4e5fb1460414,36ff02bf-680f-5905-b5fa-d8b94e4681fc,delivered,in_transit,2024-05-30 12:06:16+00,2024-05-30 12:19:16+00,carrier_feed
e1ddb7c3-cc27-5093-aa11-82ebf50caa8f,b516ae5c-3c7b-5024-97a8-c5a231fc8449,scheduled,,2024-05-20 08:38:13+00,2024-05-20 09:04:13+00,carrier_feed
cf091859-4ae7-5220-a32e-571f0d9aec09,b516ae5c-3c7b-5024-97a8-c5a231fc8449,in_transit,scheduled,2024-05-20 11:12:10+00,2024-05-20 11:55:10+00,carrier_feed
9b7aa7b2-adc6-5227-aea7-5a71b05081b5,b516ae5c-3c7b-5024-97a8-c5a231fc8449,delivered,in_transit,2024-06-13 21:23:34+00,2024-06-13 21:45:34+00,carrier_feed
330635f9-6df4-575d-a3ad-856964dd3449,8639c041-d0b2-5faa-9401-9e6d7f91a39f,scheduled,,2024-05-20 08:21:45+00,2024-05-20 08:26:45+00,carrier_feed
ea61595c-e38b-50e9-a959-ee71b0de79b6,8639c041-d0b2-5faa-9401-9e6d7f91a39f,in_transit,scheduled,2024-05-20 15:35:05+00,2024-05-20 15:52:05+00,carrier_feed
f0353aae-d47a-5349-b670-7b8e0437c7c9,8639c041-d0b2-5faa-9401-9e6d7f91a39f,delivered,in_transit,2024-06-06 22:37:12+00,2024-06-06 23:13:12+00,carrier_feed
067eebc2-e091-5584-8a02-7e839a9f9514,9122fd71-e237-578d-9b5f-3b384b5edb08,scheduled,,2024-05-20 08:46:29+00,2024-05-20 09:15:29+00,carrier_feed
e6ba7bec-1df2-546e-832d-dd9634406ac0,9122fd71-e237-578d-9b5f-3b384b5edb08,in_transit,scheduled,2024-05-23 16:18:12+00,2024-05-23 16:39:12+00,carrier_feed
ce81178f-3abb-5a60-a7ca-22f5d37ad15a,9122fd71-e237-578d-9b5f-3b384b5edb08,delivered,in_transit,2024-06-04 12:23:03+00,2024-06-04 13:05:03+00,carrier_feed
2b73f3bd-cfb5-5cd3-bc78-77f95f5ea72d,70be6fe7-0aa8-5765-9c07-4eba5e04fe54,scheduled,,2024-05-20 09:14:54+00,2024-05-20 09:38:54+00,carrier_feed
20101e19-6245-5a18-8ede-336fd512c6a8,70be6fe7-0aa8-5765-9c07-4eba5e04fe54,in_transit,scheduled,2024-05-21 15:27:50+00,2024-05-21 15:37:50+00,carrier_feed
e26cf9b9-0c4a-5014-9f01-29a3f0d532be,70be6fe7-0aa8-5765-9c07-4eba5e04fe54,delivered,in_transit,2024-06-03 15:09:58+00,2024-06-03 15:26:58+00,carrier_feed
c9d1595e-0409-5da5-9774-cdd0b7eab5e4,915540d2-2114-5e4e-a8a0-2206f1b34887,scheduled,,2024-05-20 08:36:49+00,2024-05-20 08:56:49+00,carrier_feed
bc625915-5bb2-5cd3-93f1-5cd0e650ef25,915540d2-2114-5e4e-a8a0-2206f1b34887,in_transit,scheduled,2024-05-21 15:51:16+00,2024-05-21 15:57:16+00,carrier_feed
aa98d5af-cc32-5036-b024-e202c5a8e342,915540d2-2114-5e4e-a8a0-2206f1b34887,delivered,in_transit,2024-06-15 15:27:19+00,2024-06-15 16:09:19+00,carrier_feed
c71c3381-be18-5f1a-95b4-c7ef1baed2dc,ff69ef1c-8c94-59ae-b4c7-2a74c1778cb3,scheduled,,2024-05-20 08:28:32+00,2024-05-20 09:05:32+00,carrier_feed
f70a02c2-cdb7-5c56-babd-7bb904b5fe7e,ff69ef1c-8c94-59ae-b4c7-2a74c1778cb3,in_transit,scheduled,2024-05-20 10:35:43+00,2024-05-20 10:56:43+00,carrier_feed
f80b5157-5281-5da9-ab4a-31f470ad0c85,ff69ef1c-8c94-59ae-b4c7-2a74c1778cb3,delivered,in_transit,2024-06-02 03:15:01+00,2024-06-02 03:40:01+00,carrier_feed
6c6f9205-a991-54fe-ab8e-1d247800a37d,ab8663e2-28b2-5a0a-a8ba-067d7eb00e32,scheduled,,2024-05-27 08:24:43+00,2024-05-27 08:52:43+00,carrier_feed
4fac9e6d-836a-5791-a8dc-07b35e9bced9,ab8663e2-28b2-5a0a-a8ba-067d7eb00e32,in_transit,scheduled,2024-05-27 16:46:17+00,2024-05-27 17:00:17+00,carrier_feed
af2a81e0-fd82-5acb-939d-69fa2d113a2f,ab8663e2-28b2-5a0a-a8ba-067d7eb00e32,delivered,in_transit,2024-06-14 09:11:26+00,2024-06-14 09:24:26+00,carrier_feed
cc2e07a7-d07d-50bc-b2bd-59a9b8eef382,6e5befe8-7d59-5214-8aa1-ce8934f4895a,scheduled,,2024-05-27 08:08:00+00,2024-05-27 08:36:00+00,carrier_feed
04a028e7-25f9-5b1e-925f-ff2c637f5f84,6e5befe8-7d59-5214-8aa1-ce8934f4895a,in_transit,scheduled,2024-05-28 13:35:36+00,2024-05-28 14:00:36+00,carrier_feed
b931e5d1-906c-5076-b9c5-0260b28e9900,6e5befe8-7d59-5214-8aa1-ce8934f4895a,delivered,in_transit,2024-06-19 09:51:53+00,2024-06-19 10:14:53+00,carrier_feed
e6a2364a-81b4-58be-907c-f7c1d3697b96,3fa026a1-ca71-5f10-a175-a293e98cd1c3,scheduled,,2024-05-27 08:48:05+00,2024-05-27 09:32:05+00,carrier_feed
71ac316d-0b8d-5b06-8175-89e30bb7ed58,3fa026a1-ca71-5f10-a175-a293e98cd1c3,in_transit,scheduled,2024-05-27 16:28:41+00,2024-05-27 16:49:41+00,carrier_feed
e73ec141-6f58-50a2-a26f-8f57b4e77c96,3fa026a1-ca71-5f10-a175-a293e98cd1c3,delivered,in_transit,2024-06-03 09:59:07+00,2024-06-03 10:12:07+00,carrier_feed
a55e461f-7d74-5afc-9a41-0ef84afcad9b,75486011-303b-5bab-a5ed-61e5fd28eaa3,scheduled,,2024-05-27 09:10:53+00,2024-05-27 09:25:53+00,carrier_feed
6a95b336-204c-5bef-826e-3b04dc6a9df4,75486011-303b-5bab-a5ed-61e5fd28eaa3,in_transit,scheduled,2024-05-30 18:26:22+00,2024-05-30 19:03:22+00,carrier_feed
e65d1e46-85bf-56ee-9173-e012ac52576d,75486011-303b-5bab-a5ed-61e5fd28eaa3,delivered,in_transit,2024-06-24 15:38:09+00,2024-06-24 16:04:09+00,carrier_feed
5c1411ef-9f44-59e8-9235-d44a8f935dde,b181423d-a2a2-5a57-b008-2c841be49f4e,scheduled,,2024-05-27 08:41:01+00,2024-05-27 08:50:01+00,carrier_feed
220def55-fde6-5cc0-9d61-c69457295dd4,b181423d-a2a2-5a57-b008-2c841be49f4e,in_transit,scheduled,2024-05-29 14:52:35+00,2024-05-29 15:13:35+00,carrier_feed
9c8fa8ae-ebec-556c-8bbc-f8882e62e556,b181423d-a2a2-5a57-b008-2c841be49f4e,delivered,in_transit,2024-06-02 10:14:34+00,2024-06-02 10:24:34+00,carrier_feed
5e5b9209-99c7-5ab0-aff8-08e8f26561f2,fa51bcdd-32a2-5d3a-b798-2b78bcc83828,scheduled,,2024-05-27 08:15:35+00,2024-05-27 08:35:35+00,carrier_feed
ff4ad424-0193-56c0-a4bc-7bba82c1a8d7,fa51bcdd-32a2-5d3a-b798-2b78bcc83828,in_transit,scheduled,2024-05-27 17:35:26+00,2024-05-27 18:05:26+00,carrier_feed
80af7b12-9129-58b4-aab2-73bc891f19ed,fa51bcdd-32a2-5d3a-b798-2b78bcc83828,delivered,in_transit,2024-06-22 12:44:46+00,2024-06-22 13:01:46+00,carrier_feed
0524922b-d590-5b49-966b-e23e8ff640d6,51bf522b-0d52-5ba8-ad33-c2ddaa319c53,scheduled,,2024-05-27 08:15:44+00,2024-05-27 08:29:44+00,carrier_feed
e4de601e-e2d1-552a-bedb-abff9d042ab2,51bf522b-0d52-5ba8-ad33-c2ddaa319c53,in_transit,scheduled,2024-05-28 11:38:19+00,2024-05-28 12:05:19+00,carrier_feed
c7aa88c9-559b-598c-a86f-f6bb523d9d54,51bf522b-0d52-5ba8-ad33-c2ddaa319c53,delivered,in_transit,2024-06-17 13:15:55+00,2024-06-17 13:40:55+00,carrier_feed
fe3749c9-b79c-5ea9-beec-44668092e12b,38dcc1ea-77d2-5dd6-9d6f-625e9b1edb5b,scheduled,,2024-05-27 08:47:54+00,2024-05-27 09:25:54+00,carrier_feed
8f1d9418-21f2-593d-b8fb-146694122ff9,38dcc1ea-77d2-5dd6-9d6f-625e9b1edb5b,in_transit,scheduled,2024-05-29 12:02:10+00,2024-05-29 12:34:10+00,carrier_feed
c7a6aef2-1940-5627-93a3-81de7dd2fad5,38dcc1ea-77d2-5dd6-9d6f-625e9b1edb5b,delivered,in_transit,2024-06-19 00:36:03+00,2024-06-19 00:47:03+00,carrier_feed
30bb0d81-6b4b-58d1-af18-f69e55d3c86b,b571365f-d566-5752-a866-9f057766b333,scheduled,,2024-05-27 08:58:20+00,2024-05-27 09:18:20+00,carrier_feed
5d9f655b-db6d-57c1-b410-e36873be2de0,b571365f-d566-5752-a866-9f057766b333,in_transit,scheduled,2024-05-27 16:28:22+00,2024-05-27 16:46:22+00,carrier_feed
523a74e4-8945-5e09-b38f-95507ce5d9b1,b571365f-d566-5752-a866-9f057766b333,delivered,in_transit,2024-06-10 13:50:12+00,2024-06-10 14:07:12+00,carrier_feed
b11ba83d-7bfb-57a9-8f18-bcf096a9e84d,59f2fc94-c62b-5ae7-93ee-e26ecc73e505,scheduled,,2024-05-27 08:43:18+00,2024-05-27 09:01:18+00,carrier_feed
fc9e7c14-86e1-54a2-bd5c-65427f0d961e,59f2fc94-c62b-5ae7-93ee-e26ecc73e505,in_transit,scheduled,2024-05-27 16:02:48+00,2024-05-27 16:07:48+00,carrier_feed
c82cdb6f-d08d-5f3e-ad0b-54f611270430,59f2fc94-c62b-5ae7-93ee-e26ecc73e505,delivered,in_transit,2024-06-22 09:20:12+00,2024-06-22 09:47:12+00,carrier_feed
89463486-ee4a-5c27-bcb0-ae63f6807d52,3452204d-95c7-5837-a290-e7870d5f99b6,scheduled,,2024-05-27 09:06:58+00,2024-05-27 09:38:58+00,carrier_feed
4ea521c7-5892-5cf3-bce5-c7cefd9e514c,3452204d-95c7-5837-a290-e7870d5f99b6,in_transit,scheduled,2024-05-28 17:38:30+00,2024-05-28 17:49:30+00,carrier_feed
ae2d4a43-6888-5b5a-a468-afec0808616b,3452204d-95c7-5837-a290-e7870d5f99b6,delivered,in_transit,2024-06-02 13:04:02+00,2024-06-02 13:49:02+00,carrier_feed
f3276417-c8c5-5d1c-9213-221568737f51,cf0a88e6-6c00-58f1-9393-ee673d135dff,scheduled,,2024-06-03 08:40:21+00,2024-06-03 08:59:21+00,carrier_feed
6941aa00-8879-52f4-9d0e-655e9e05f10f,cf0a88e6-6c00-58f1-9393-ee673d135dff,in_transit,scheduled,2024-06-05 15:12:18+00,2024-06-05 15:23:18+00,carrier_feed
a3f9d2e0-80b2-5f58-a048-2db31a4e24e9,cf0a88e6-6c00-58f1-9393-ee673d135dff,delivered,in_transit,2024-06-10 05:37:12+00,2024-06-10 05:46:12+00,carrier_feed
0ffefc42-f4a3-5e3d-b393-e27037035807,b51ee2b5-ea03-5656-8e96-f00c000005eb,scheduled,,2024-06-03 09:08:02+00,2024-06-03 09:20:02+00,carrier_feed
53eebf93-fbad-588a-b950-8a638c47a727,b51ee2b5-ea03-5656-8e96-f00c000005eb,in_transit,scheduled,2024-06-05 10:46:38+00,2024-06-05 11:06:38+00,carrier_feed
c277fe13-57cd-5491-b7b0-e0d1ecff35d4,b51ee2b5-ea03-5656-8e96-f00c000005eb,delivered,in_transit,2024-06-09 06:02:56+00,2024-06-09 06:38:56+00,carrier_feed
cd59dd0f-877c-5c09-891c-1e0bc857e6d3,01ade522-6171-5344-9edd-ce2d7de10561,scheduled,,2024-06-03 09:00:13+00,2024-06-03 09:13:13+00,carrier_feed
9c198cb0-dc0e-578d-b085-263cb43b7692,01ade522-6171-5344-9edd-ce2d7de10561,in_transit,scheduled,2024-06-03 16:08:10+00,2024-06-03 16:26:10+00,carrier_feed
0495cd3f-f2ac-5c8a-b617-0d7941e8bac8,01ade522-6171-5344-9edd-ce2d7de10561,delivered,in_transit,2024-06-29 14:23:07+00,2024-06-29 14:54:07+00,carrier_feed
f9503456-8911-5a21-aa08-31b474f53638,abd19fb4-39f3-5a87-b686-2c1228e85b7a,scheduled,,2024-06-03 08:47:45+00,2024-06-03 09:22:45+00,carrier_feed
43e4f859-87a3-5f2f-96a5-67f05fbef2da,abd19fb4-39f3-5a87-b686-2c1228e85b7a,in_transit,scheduled,2024-06-06 18:08:30+00,2024-06-06 18:52:30+00,carrier_feed
3ca3f6c0-f660-5435-ae3c-4f46bef780eb,abd19fb4-39f3-5a87-b686-2c1228e85b7a,delivered,in_transit,2024-06-27 00:43:08+00,2024-06-27 00:51:08+00,carrier_feed
0d3fd410-cd50-5c3c-80d1-4608dbc0bcaa,3bbcb878-848d-5f12-b5b7-21b6293ac6b9,scheduled,,2024-06-03 08:35:55+00,2024-06-03 09:12:55+00,carrier_feed
812003c8-88be-5e79-adff-d83428069ec2,3bbcb878-848d-5f12-b5b7-21b6293ac6b9,in_transit,scheduled,2024-06-04 16:56:42+00,2024-06-04 17:12:42+00,carrier_feed
9100415f-59e7-5da6-b9ad-a991880b78d7,3bbcb878-848d-5f12-b5b7-21b6293ac6b9,delivered,in_transit,2024-06-13 05:10:49+00,2024-06-13 05:22:49+00,carrier_feed
c0bf61ec-eefa-5bca-a03a-67948715ac42,afa44858-0ed2-59e2-9cdb-a1d92abf30da,scheduled,,2024-06-03 09:18:59+00,2024-06-03 09:36:59+00,carrier_feed
37560385-aa18-5ec5-920b-0f1f1be1ed74,afa44858-0ed2-59e2-9cdb-a1d92abf30da,in_transit,scheduled,2024-06-04 12:47:15+00,2024-06-04 13:15:15+00,carrier_feed
35246e64-327d-5986-afd1-e1c1a02af648,afa44858-0ed2-59e2-9cdb-a1d92abf30da,delivered,in_transit,2024-06-13 03:26:56+00,2024-06-13 04:11:56+00,carrier_feed
86de3ea8-7f5e-5cc9-866c-da6c5b989bea,4ad6ea84-bbf0-589f-b8ad-5359a8795d49,scheduled,,2024-06-03 08:42:58+00,2024-06-03 08:58:58+00,carrier_feed
a5435f0e-315e-5af1-a53f-87cf6faf3ca8,4ad6ea84-bbf0-589f-b8ad-5359a8795d49,in_transit,scheduled,2024-06-04 10:08:10+00,2024-06-04 10:22:10+00,carrier_feed
e7139a3e-e3e4-546d-b384-692ae84f1533,4ad6ea84-bbf0-589f-b8ad-5359a8795d49,delivered,in_transit,2024-06-24 20:46:05+00,2024-06-24 20:55:05+00,carrier_feed
bb3c1823-4c79-5b7c-8236-19f0b4eeb687,1526b23d-8f53-5e9f-8ed2-feb3b19a5f73,scheduled,,2024-06-03 08:43:48+00,2024-06-03 08:55:48+00,carrier_feed
1226075a-c1f6-5ae8-8e91-28989df3a303,1526b23d-8f53-5e9f-8ed2-feb3b19a5f73,in_transit,scheduled,2024-06-03 11:08:53+00,2024-06-03 11:17:53+00,carrier_feed
c6deb0cd-1021-5222-bc1c-1386d9dad7e7,1526b23d-8f53-5e9f-8ed2-feb3b19a5f73,delivered,in_transit,2024-06-27 12:36:12+00,2024-06-27 12:47:12+00,carrier_feed
6cf93f0f-5203-5787-976a-5ee720c8b774,60b28d9e-2982-54a1-a01e-f49d7dbdb806,scheduled,,2024-06-10 08:54:20+00,2024-06-10 09:32:20+00,carrier_feed
81b107d7-6431-5f24-acf1-dd9da8d9ede9,60b28d9e-2982-54a1-a01e-f49d7dbdb806,in_transit,scheduled,2024-06-12 16:25:05+00,2024-06-12 17:07:05+00,carrier_feed
0e7533a8-b354-52a7-b2d0-6b2c85e29d1f,60b28d9e-2982-54a1-a01e-f49d7dbdb806,delivered,in_transit,2024-06-19 09:30:15+00,2024-06-19 09:36:15+00,carrier_feed
3aa70bdf-5415-52f8-82e3-85b15755e331,e3e13ae9-543a-5277-aab2-65ccb33a2642,scheduled,,2024-06-10 08:40:36+00,2024-06-10 09:21:36+00,carrier_feed
3752a8ee-03cd-5cb4-a3af-bfcffaed8422,e3e13ae9-543a-5277-aab2-65ccb33a2642,in_transit,scheduled,2024-06-13 17:49:06+00,2024-06-13 18:29:06+00,carrier_feed
3adc703a-e635-5018-869c-be7f4f36653c,e3e13ae9-543a-5277-aab2-65ccb33a2642,delayed,in_transit,2024-07-04 23:58:25+00,2024-07-05 00:16:25+00,carrier_feed
7b1915da-6549-5052-9d23-c21e4d990d4e,e3e13ae9-543a-5277-aab2-65ccb33a2642,delivered,delayed,2024-07-06 17:55:33+00,2024-07-06 18:03:33+00,carrier_feed
621ef742-4fd2-52cc-b3c8-5444343f9318,0d993747-7ab0-57ec-8071-20897081f1fc,scheduled,,2024-06-10 08:27:17+00,2024-06-10 09:04:17+00,carrier_feed
1fe90fd3-1fe4-5f6f-bdc5-e453c4daa40a,0d993747-7ab0-57ec-8071-20897081f1fc,in_transit,scheduled,2024-06-13 17:30:36+00,2024-06-13 18:05:36+00,carrier_feed
4c55b2bb-11c4-5b54-abf9-f6a333733b2e,0d993747-7ab0-57ec-8071-20897081f1fc,delivered,in_transit,2024-06-17 23:52:58+00,2024-06-18 00:34:58+00,carrier_feed
7c3d2e73-c298-530a-9758-2b29ec0f348c,d62cb0c7-2b84-52e6-a4dc-045a740b38eb,scheduled,,2024-06-10 08:34:33+00,2024-06-10 09:15:33+00,carrier_feed
2e28e436-d09c-5fb8-a668-1831e2c7d545,d62cb0c7-2b84-52e6-a4dc-045a740b38eb,in_transit,scheduled,2024-06-11 18:09:07+00,2024-06-11 18:27:07+00,carrier_feed
42d9b662-9e52-5073-b4a0-99ac718f4ecc,d62cb0c7-2b84-52e6-a4dc-045a740b38eb,delivered,in_transit,2024-06-18 10:35:54+00,2024-06-18 10:54:54+00,carrier_feed
5e42969e-44e4-5006-b0cc-cc471a529cf3,aa5fca6c-f92f-5f2f-8f7a-cdbd70b37425,scheduled,,2024-06-10 08:45:31+00,2024-06-10 09:03:31+00,carrier_feed
297671ea-f5f2-5a52-954b-c1f5825810cb,aa5fca6c-f92f-5f2f-8f7a-cdbd70b37425,in_transit,scheduled,2024-06-10 12:46:25+00,2024-06-10 12:53:25+00,carrier_feed
81962a66-7eb7-5f7c-a4af-32f608a54030,aa5fca6c-f92f-5f2f-8f7a-cdbd70b37425,delivered,in_transit,2024-07-13 09:23:23+00,2024-07-13 10:06:23+00,carrier_feed
81245a01-0bea-5fe0-b282-c99efd6ad872,41d13553-cdcd-5d2b-9cdc-fe1f5ade8548,scheduled,,2024-06-10 08:53:52+00,2024-06-10 09:02:52+00,carrier_feed
b395e711-3fdf-50fa-82b9-5d07ab590e10,41d13553-cdcd-5d2b-9cdc-fe1f5ade8548,in_transit,scheduled,2024-06-13 16:25:49+00,2024-06-13 16:42:49+00,carrier_feed
d2f0bb1d-955a-5687-a5c5-12969cb980f2,41d13553-cdcd-5d2b-9cdc-fe1f5ade8548,delivered,in_transit,2024-07-01 03:28:17+00,2024-07-01 04:06:17+00,carrier_feed
65e58116-7d4f-5ac5-b5ef-ddd021cf75f5,15ee0729-b50f-5aa6-90cd-8ce668ee68a8,scheduled,,2024-06-10 08:48:34+00,2024-06-10 09:31:34+00,carrier_feed
d70bd138-b05d-51ec-be60-a32092e0828d,15ee0729-b50f-5aa6-90cd-8ce668ee68a8,in_transit,scheduled,2024-06-13 14:08:51+00,2024-06-13 14:18:51+00,carrier_feed
c3e29fff-6a39-5367-ad8f-d7bb78e421d9,15ee0729-b50f-5aa6-90cd-8ce668ee68a8,delivered,in_transit,2024-07-07 08:44:13+00,2024-07-07 09:29:13+00,carrier_feed
f3c94557-3507-565e-9d53-caa76dfdaa2a,5e883185-f208-5540-b634-b7c4b0f0d9bd,scheduled,,2024-06-10 08:39:21+00,2024-06-10 09:22:21+00,carrier_feed
4c980a3a-d532-59d5-8b32-ff8547305c34,5e883185-f208-5540-b634-b7c4b0f0d9bd,in_transit,scheduled,2024-06-10 15:10:44+00,2024-06-10 15:50:44+00,carrier_feed
e2a6226b-9efc-5bf8-b94c-8026edfbe634,5e883185-f208-5540-b634-b7c4b0f0d9bd,delivered,in_transit,2024-06-14 16:39:26+00,2024-06-14 17:11:26+00,carrier_feed
3228a177-1387-50d1-aa6b-ae7959072096,62f8fd96-b53d-54a9-b295-20c62f421140,scheduled,,2024-06-10 08:45:03+00,2024-06-10 08:51:03+00,carrier_feed
2d37e49e-adb6-5321-a90a-661ce9c558a9,62f8fd96-b53d-54a9-b295-20c62f421140,in_transit,scheduled,2024-06-11 14:06:57+00,2024-06-11 14:21:57+00,carrier_feed
3b721fe2-242a-5fe6-9e04-5f1c2aab7f90,62f8fd96-b53d-54a9-b295-20c62f421140,delivered,in_transit,2024-06-29 04:12:12+00,2024-06-29 04:18:12+00,carrier_feed
ae6544e5-fd32-518a-8f9e-18e7c47980bd,09e1aef9-e48c-5c60-b642-4c69838c7ed9,scheduled,,2024-06-10 08:54:06+00,2024-06-10 09:31:06+00,carrier_feed
f0062a91-8752-5235-babc-085d30bdb328,09e1aef9-e48c-5c60-b642-4c69838c7ed9,in_transit,scheduled,2024-06-13 17:11:13+00,2024-06-13 17:25:13+00,carrier_feed
9db9afa2-a1f7-5abf-bfda-0ae3b823c656,09e1aef9-e48c-5c60-b642-4c69838c7ed9,delivered,in_transit,2024-07-07 18:23:29+00,2024-07-07 19:03:29+00,carrier_feed
cf396b88-6660-5834-b81b-663511377726,50615071-c996-5e6a-9dd8-403aaec25bae,scheduled,,2024-06-10 09:19:58+00,2024-06-10 10:00:58+00,carrier_feed
75334275-b110-5161-8718-bf1da1989c51,50615071-c996-5e6a-9dd8-403aaec25bae,in_transit,scheduled,2024-06-12 16:51:50+00,2024-06-12 17:22:50+00,carrier_feed
c070d351-e58d-5bdd-a256-075494e73542,50615071-c996-5e6a-9dd8-403aaec25bae,delivered,in_transit,2024-07-07 20:06:24+00,2024-07-07 20:43:24+00,carrier_feed
36e66fa3-21bd-5958-b7af-1d68702ad97e,d4b54d45-9ea9-5b6e-b87d-91fc2ca26185,scheduled,,2024-06-17 08:12:53+00,2024-06-17 08:57:53+00,carrier_feed
bc50b746-2dae-50cf-b79a-84e7b1a9db07,d4b54d45-9ea9-5b6e-b87d-91fc2ca26185,in_transit,scheduled,2024-06-19 15:53:14+00,2024-06-19 16:05:14+00,carrier_feed
d824452b-a53a-5536-a763-881cfaeb0d15,d4b54d45-9ea9-5b6e-b87d-91fc2ca26185,delayed,in_transit,2024-07-05 22:06:50+00,2024-07-05 22:45:50+00,carrier_feed
6848347a-149c-56fb-83e3-88525a9ef0bb,d4b54d45-9ea9-5b6e-b87d-91fc2ca26185,delivered,delayed,2024-07-07 16:16:08+00,2024-07-07 16:28:08+00,carrier_feed
34a0472b-7994-500e-8cb7-a1056fe1139d,7f1302e8-350a-57a6-86fd-1b9d8c443181,scheduled,,2024-06-17 08:59:23+00,2024-06-17 09:21:23+00,carrier_feed
c55941ed-6299-574e-b5c9-bbb55eab7f72,7f1302e8-350a-57a6-86fd-1b9d8c443181,in_transit,scheduled,2024-06-17 14:36:18+00,2024-06-17 14:56:18+00,carrier_feed
adf3b220-f62d-5651-852c-24df6ec129fe,7f1302e8-350a-57a6-86fd-1b9d8c443181,delivered,in_transit,2024-07-11 09:51:28+00,2024-07-11 10:09:28+00,carrier_feed
7ca48139-1fde-5b59-a4ee-7a96e4bcf6c6,27e74995-4fc7-5d8b-8944-2d939f916998,scheduled,,2024-06-17 08:56:37+00,2024-06-17 09:21:37+00,carrier_feed
ad889ffe-2931-55f9-96b4-9dca0f809ed0,27e74995-4fc7-5d8b-8944-2d939f916998,in_transit,scheduled,2024-06-19 15:14:03+00,2024-06-19 15:52:03+00,carrier_feed
a336d02e-694d-5b77-94b8-84d308071d0e,27e74995-4fc7-5d8b-8944-2d939f916998,delivered,in_transit,2024-07-14 13:25:42+00,2024-07-14 13:56:42+00,carrier_feed
978941e2-fa30-5adc-9f83-88a618a03341,a005c70e-9b81-5c28-b5a6-5c5056617437,scheduled,,2024-06-17 08:50:12+00,2024-06-17 09:06:12+00,carrier_feed
b41615a6-440c-5d2a-80d1-ae673c8178ee,a005c70e-9b81-5c28-b5a6-5c5056617437,in_transit,scheduled,2024-06-17 12:24:51+00,2024-06-17 13:03:51+00,carrier_feed
4f7b440a-cc72-5801-b80b-447769c5a724,a005c70e-9b81-5c28-b5a6-5c5056617437,delivered,in_transit,2024-06-29 09:02:19+00,2024-06-29 09:22:19+00,carrier_feed
1513c533-848d-5f85-864c-0a8f92bc5881,c67362ad-9507-5c22-8d6b-730cfe3eb0b7,scheduled,,2024-06-17 08:27:01+00,2024-06-17 08:55:01+00,carrier_feed
90ade601-9a2b-585d-8088-68b1a4bec541,c67362ad-9507-5c22-8d6b-730cfe3eb0b7,in_transit,scheduled,2024-06-17 11:55:29+00,2024-06-17 12:32:29+00,carrier_feed
1b4bae9a-e435-55e3-9434-f9b1a98c11eb,c67362ad-9507-5c22-8d6b-730cfe3eb0b7,delivered,in_transit,2024-07-12 07:18:17+00,2024-07-12 07:58:17+00,carrier_feed
44ebefd3-b508-583f-9143-146066f6b18e,64b6fa3f-1b05-5886-baa1-940bdcf08c76,scheduled,,2024-06-17 08:36:33+00,2024-06-17 08:41:33+00,carrier_feed
c5e217e9-9212-57c0-b3cb-96ea533855a6,64b6fa3f-1b05-5886-baa1-940bdcf08c76,in_transit,scheduled,2024-06-19 09:55:08+00,2024-06-19 10:23:08+00,carrier_feed
db362837-258d-5379-9a3e-f67a8d9088e6,64b6fa3f-1b05-5886-baa1-940bdcf08c76,delivered,in_transit,2024-07-06 18:28:57+00,2024-07-06 19:07:57+00,carrier_feed
c1b011ea-b91e-5658-a9a5-c6acb1b1b95a,0ac46665-2b41-5774-9876-2278afbf86b1,scheduled,,2024-06-17 09:00:32+00,2024-06-17 09:38:32+00,carrier_feed
29df5cf9-37dd-561b-be31-29f2456e7ca0,0ac46665-2b41-5774-9876-2278afbf86b1,in_transit,scheduled,2024-06-18 15:08:31+00,2024-06-18 15:41:31+00,carrier_feed
861bf247-700e-5cbc-8e69-a827672098ed,0ac46665-2b41-5774-9876-2278afbf86b1,delivered,in_transit,2024-07-04 11:35:32+00,2024-07-04 12:11:32+00,carrier_feed
125441d6-d5ca-58ea-9de9-16701e168157,07c5194e-be91-57c4-b43e-b0a654eafd96,scheduled,,2024-06-17 08:23:40+00,2024-06-17 09:05:40+00,carrier_feed
5a7f5b96-aeb2-5fdd-b74b-5821b33221db,07c5194e-be91-57c4-b43e-b0a654eafd96,in_transit,scheduled,2024-06-20 13:54:44+00,2024-06-20 14:26:44+00,carrier_feed
8ae8e117-9033-5e3b-9b32-13fc913b92d6,07c5194e-be91-57c4-b43e-b0a654eafd96,delivered,in_transit,2024-07-03 06:28:08+00,2024-07-03 07:05:08+00,carrier_feed
48d13f3b-4520-5b3a-b846-c1e384e3f18c,cbcf500e-68ce-58f1-9aff-c352614d610d,scheduled,,2024-06-17 08:42:00+00,2024-06-17 08:49:00+00,carrier_feed
c5084e59-76ec-5476-9792-e33677212de1,cbcf500e-68ce-58f1-9aff-c352614d610d,in_transit,scheduled,2024-06-17 13:49:28+00,2024-06-17 14:23:28+00,carrier_feed
3301e954-2c76-5c55-8943-f7cb472ab080,cbcf500e-68ce-58f1-9aff-c352614d610d,delivered,in_transit,2024-06-21 23:10:53+00,2024-06-21 23:41:53+00,carrier_feed
7dcf67b4-e07d-5d90-b09b-c45810eac168,be2046df-8a20-5b95-9a9a-b6d753c361e2,scheduled,,2024-06-17 08:41:25+00,2024-06-17 09:21:25+00,carrier_feed
00d270e1-942e-5c83-9d51-cecd179605ab,be2046df-8a20-5b95-9a9a-b6d753c361e2,in_transit,scheduled,2024-06-20 16:46:04+00,2024-06-20 17:22:04+00,carrier_feed
2192a765-6a3d-5db2-bda6-58bacfac2844,be2046df-8a20-5b95-9a9a-b6d753c361e2,delivered,in_transit,2024-07-03 04:25:24+00,2024-07-03 05:06:24+00,carrier_feed
df3e60f4-92e6-5fb4-a98d-d5b48234f317,8ac67f29-0649-5f1c-b1bb-d1d26a721acb,scheduled,,2024-06-17 08:09:53+00,2024-06-17 08:17:53+00,carrier_feed
369c49ed-db78-5158-92d3-c6bed0203041,8ac67f29-0649-5f1c-b1bb-d1d26a721acb,in_transit,scheduled,2024-06-20 13:27:18+00,2024-06-20 13:43:18+00,carrier_feed
2d2e50a2-7685-55e4-bf04-cc5306054a88,8ac67f29-0649-5f1c-b1bb-d1d26a721acb,delivered,in_transit,2024-07-15 08:33:49+00,2024-07-15 08:55:49+00,carrier_feed
0082c9af-34f1-5594-944b-a0600027c18c,b94e4196-eb5b-52d9-a2a9-20fab0a2532a,scheduled,,2024-06-17 08:49:21+00,2024-06-17 09:12:21+00,carrier_feed
5e336c88-7ecf-5df1-ae3a-3784bdfaa2a7,b94e4196-eb5b-52d9-a2a9-20fab0a2532a,in_transit,scheduled,2024-06-19 13:59:51+00,2024-06-19 14:30:51+00,carrier_feed
12e6ce35-c672-59e1-ba91-f1ac482aee3b,b94e4196-eb5b-52d9-a2a9-20fab0a2532a,delivered,in_transit,2024-07-25 08:18:06+00,2024-07-25 08:39:06+00,carrier_feed
5da2a5cb-462f-5bf6-b0ae-0998d0964b3c,851d8333-12f4-55ad-8cdb-4d59c9396578,scheduled,,2024-06-24 08:40:33+00,2024-06-24 09:02:33+00,carrier_feed
37eaa3b5-ac48-59b0-a73d-e97fa57d00d5,851d8333-12f4-55ad-8cdb-4d59c9396578,in_transit,scheduled,2024-06-24 16:24:15+00,2024-06-24 16:39:15+00,carrier_feed
b764c246-0343-5209-a088-c8a81b0ac9fe,851d8333-12f4-55ad-8cdb-4d59c9396578,delivered,in_transit,2024-08-07 10:03:28+00,2024-08-07 10:20:28+00,carrier_feed
8228b97d-48dd-51fd-aa60-2a6f5c6055e9,ab7882a1-11bb-5d4b-82a0-b92d11402d43,scheduled,,2024-06-24 08:29:53+00,2024-06-24 08:56:53+00,carrier_feed
5c6e3f26-c547-57e4-ba81-792556b78275,ab7882a1-11bb-5d4b-82a0-b92d11402d43,in_transit,scheduled,2024-06-27 17:40:38+00,2024-06-27 18:21:38+00,carrier_feed
d216054e-a426-58e5-923d-bf85ff3fe059,ab7882a1-11bb-5d4b-82a0-b92d11402d43,delivered,in_transit,2024-07-28 16:54:34+00,2024-07-28 17:32:34+00,carrier_feed
7fa93f0f-2cb9-5f7c-b051-d474f551b961,224b6703-8dc4-552d-89a8-1d9830f5cf0f,scheduled,,2024-06-24 08:49:45+00,2024-06-24 09:34:45+00,carrier_feed
a6e357d4-dd52-50ba-ab07-7cedc2bc24b1,224b6703-8dc4-552d-89a8-1d9830f5cf0f,in_transit,scheduled,2024-06-25 15:57:16+00,2024-06-25 16:26:16+00,carrier_feed
8977aa43-4dd6-5ec4-adb5-6eca5c830347,224b6703-8dc4-552d-89a8-1d9830f5cf0f,delivered,in_transit,2024-07-08 16:27:20+00,2024-07-08 16:49:20+00,carrier_feed
6878d0d6-08ac-5bc7-9728-f8f84e259c3d,3e66a70f-5f63-5fdd-86ec-eb3bbc3f0e8c,scheduled,,2024-06-24 09:17:20+00,2024-06-24 09:54:20+00,carrier_feed
e9bd5980-b4de-57c3-862f-efd90498439a,3e66a70f-5f63-5fdd-86ec-eb3bbc3f0e8c,in_transit,scheduled,2024-06-27 12:39:02+00,2024-06-27 13:01:02+00,carrier_feed
287b0035-b766-5c55-ac47-aec49c4d7c64,3e66a70f-5f63-5fdd-86ec-eb3bbc3f0e8c,delivered,in_transit,2024-07-16 17:49:18+00,2024-07-16 17:55:18+00,carrier_feed
c794feed-c5b8-5a6e-a7a2-33d89a8d5ea6,65a84bec-3613-56af-8a18-08c76d672a90,scheduled,,2024-06-24 09:04:50+00,2024-06-24 09:46:50+00,carrier_feed
bb36515d-00c8-5808-a98c-a99394bb1297,65a84bec-3613-56af-8a18-08c76d672a90,in_transit,scheduled,2024-06-24 12:32:15+00,2024-06-24 12:48:15+00,carrier_feed
3c847999-640e-5f47-8cf7-1421264b0dba,65a84bec-3613-56af-8a18-08c76d672a90,delivered,in_transit,2024-06-30 22:13:18+00,2024-06-30 22:48:18+00,carrier_feed
ab51c983-c57f-5474-ab3c-67de384a7c65,e22476a5-38d1-5b0f-92f3-4e513a703726,scheduled,,2024-06-24 08:21:46+00,2024-06-24 08:27:46+00,carrier_feed
3c14e408-1769-57bc-893d-47e7ab101005,e22476a5-38d1-5b0f-92f3-4e513a703726,in_transit,scheduled,2024-06-26 15:02:38+00,2024-06-26 15:16:38+00,carrier_feed
a569d255-8e04-5174-8938-3a2a3f6c2483,e22476a5-38d1-5b0f-92f3-4e513a703726,delivered,in_transit,2024-07-09 10:29:10+00,2024-07-09 11:10:10+00,carrier_feed
afbef566-257c-59f0-b175-967a5f4b83c1,ce447c15-3e44-50e7-9713-7097b43d4275,scheduled,,2024-06-24 08:32:20+00,2024-06-24 08:39:20+00,carrier_feed
fac4cebb-30aa-5ea0-8bee-11be2a3ac3d6,ce447c15-3e44-50e7-9713-7097b43d4275,in_transit,scheduled,2024-06-27 15:56:31+00,2024-06-27 16:32:31+00,carrier_feed
8e31488f-a0ca-571b-8f2a-b894d6e21fb4,ce447c15-3e44-50e7-9713-7097b43d4275,delivered,in_transit,2024-07-01 13:31:29+00,2024-07-01 13:59:29+00,carrier_feed
a5dc1d48-766e-57dd-8d91-948d3634a5fe,d17dbabd-3b2d-5632-a94b-d4dca9238716,scheduled,,2024-06-24 08:30:24+00,2024-06-24 08:51:24+00,carrier_feed
2de2686b-9ec1-5961-8515-0de1b7984e8a,d17dbabd-3b2d-5632-a94b-d4dca9238716,in_transit,scheduled,2024-06-26 10:05:46+00,2024-06-26 10:19:46+00,carrier_feed
6dfd0a32-1df1-5306-9353-bc9c78219d83,d17dbabd-3b2d-5632-a94b-d4dca9238716,delivered,in_transit,2024-07-17 02:49:00+00,2024-07-17 03:03:00+00,carrier_feed
19c9c32b-563a-5aac-a131-0fbbd71ce560,46a7f424-0c0f-577e-8846-b12095c19393,scheduled,,2024-07-01 08:46:50+00,2024-07-01 09:31:50+00,carrier_feed
188be0c0-0f6b-5278-a8ce-f6811ce676b5,46a7f424-0c0f-577e-8846-b12095c19393,in_transit,scheduled,2024-07-01 10:51:01+00,2024-07-01 11:12:01+00,carrier_feed
96d299cd-8829-5655-bf1a-ed34f5710554,46a7f424-0c0f-577e-8846-b12095c19393,delivered,in_transit,2024-07-05 18:06:44+00,2024-07-05 18:46:44+00,carrier_feed
bd3b503a-aaef-5624-ba92-d97f54e160c3,2bc41aad-e0eb-5f5b-b946-b606de9c013f,scheduled,,2024-07-01 08:36:17+00,2024-07-01 09:18:17+00,carrier_feed
03df1653-994e-508d-92b5-58bf1146eb91,2bc41aad-e0eb-5f5b-b946-b606de9c013f,in_transit,scheduled,2024-07-04 17:18:40+00,2024-07-04 17:58:40+00,carrier_feed
c03c29a6-60a1-58d7-be15-2ce414e54959,2bc41aad-e0eb-5f5b-b946-b606de9c013f,delivered,in_transit,2024-07-21 21:33:48+00,2024-07-21 21:40:48+00,carrier_feed
a7de3ad9-e75c-5524-bac8-61bb64226c8c,a7749e14-640a-5f71-a788-fb4d8a26e2bf,scheduled,,2024-07-01 08:29:52+00,2024-07-01 08:39:52+00,carrier_feed
913920c1-a08d-5d6b-89c0-f787088a52a5,a7749e14-640a-5f71-a788-fb4d8a26e2bf,in_transit,scheduled,2024-07-02 11:47:52+00,2024-07-02 12:11:52+00,carrier_feed
8e0935d3-90d0-54ef-83ca-a560f5ad018f,a7749e14-640a-5f71-a788-fb4d8a26e2bf,delivered,in_transit,2024-07-07 08:21:29+00,2024-07-07 08:55:29+00,carrier_feed
f6c4cbd4-3a9d-55b5-bae6-d05077e41080,ff67ba47-1dc1-5c8f-a1cf-7c21bf32c313,scheduled,,2024-07-01 08:37:34+00,2024-07-01 09:06:34+00,carrier_feed
34f3f16e-fed0-5b9f-8d37-340d399222f8,ff67ba47-1dc1-5c8f-a1cf-7c21bf32c313,in_transit,scheduled,2024-07-04 18:20:22+00,2024-07-04 18:59:22+00,carrier_feed
073d8ede-3fe3-5bbc-b5f1-2a724a7140f7,ff67ba47-1dc1-5c8f-a1cf-7c21bf32c313,delivered,in_transit,2024-07-09 17:29:35+00,2024-07-09 18:10:35+00,carrier_feed
a7c3102e-7a27-5c52-babe-5bb0a3bb3f05,21d4896a-7341-5d5d-897d-c7feeb3ffd85,scheduled,,2024-07-01 09:13:20+00,2024-07-01 09:53:20+00,carrier_feed
2758ccca-e46d-570a-b930-1036cb22d967,21d4896a-7341-5d5d-897d-c7feeb3ffd85,in_transit,scheduled,2024-07-03 11:30:37+00,2024-07-03 11:48:37+00,carrier_feed
eadfe2ab-dae9-5ad6-8df7-1c31d41aab9f,21d4896a-7341-5d5d-897d-c7feeb3ffd85,delivered,in_transit,2024-07-23 11:33:32+00,2024-07-23 12:03:32+00,carrier_feed
81ec5c12-75b2-5d4d-9771-d566155843ad,ea77ac2d-46fa-51fb-9168-3c73a66f2ff2,scheduled,,2024-07-01 08:55:55+00,2024-07-01 09:12:55+00,carrier_feed
3bde7adf-71b6-5764-bc99-53f072406416,ea77ac2d-46fa-51fb-9168-3c73a66f2ff2,in_transit,scheduled,2024-07-03 17:22:16+00,2024-07-03 18:05:16+00,carrier_feed
a5456009-8d60-5b98-b76e-fcfacb38df80,ea77ac2d-46fa-51fb-9168-3c73a66f2ff2,delivered,in_transit,2024-07-07 18:50:36+00,2024-07-07 19:01:36+00,carrier_feed
f3262fc9-3a31-504e-96a9-6cc83f1777b6,f0554dca-9791-525f-a3f3-256a276dc7e2,scheduled,,2024-07-01 08:19:03+00,2024-07-01 08:45:03+00,carrier_feed
46d26dbc-11f7-5d15-b0a2-160afc8c944b,f0554dca-9791-525f-a3f3-256a276dc7e2,in_transit,scheduled,2024-07-04 12:45:40+00,2024-07-04 13:29:40+00,carrier_feed
0d3e24dc-b045-568c-b220-95ba5a49f2bd,f0554dca-9791-525f-a3f3-256a276dc7e2,delivered,in_transit,2024-07-29 07:53:43+00,2024-07-29 08:23:43+00,carrier_feed
fe876435-4037-5deb-84b1-7fbc94069662,61ef55a2-1ccf-52a3-b63f-014c27d0cf87,scheduled,,2024-07-01 08:32:26+00,2024-07-01 08:59:26+00,carrier_feed
d98b45ad-0a77-5920-8ba6-85d9d0542e8f,61ef55a2-1ccf-52a3-b63f-014c27d0cf87,in_transit,scheduled,2024-07-04 09:35:49+00,2024-07-04 10:12:49+00,carrier_feed
6a0f8498-6fb1-5bea-9e6d-a64ae76f902d,61ef55a2-1ccf-52a3-b63f-014c27d0cf87,delivered,in_transit,2024-08-03 15:52:41+00,2024-08-03 16:21:41+00,carrier_feed
fa231519-0fd0-5bc8-a868-ce1f175b2351,3a394389-e137-5811-a201-11d123bf5f0d,scheduled,,2024-07-08 08:25:52+00,2024-07-08 08:56:52+00,carrier_feed
39e0d555-3a43-52d3-850a-2306a389a18a,3a394389-e137-5811-a201-11d123bf5f0d,in_transit,scheduled,2024-07-11 18:07:40+00,2024-07-11 18:45:40+00,carrier_feed
966737be-a834-5088-8f11-469bb4855b3e,3a394389-e137-5811-a201-11d123bf5f0d,delivered,in_transit,2024-07-31 07:20:54+00,2024-07-31 07:31:54+00,carrier_feed
db7360db-9772-5a65-a0f7-4832d0452367,ebd3c9fe-bb8c-5a52-aef2-6cda0e1af232,scheduled,,2024-07-08 09:20:03+00,2024-07-08 09:42:03+00,carrier_feed
35b133d3-c7ad-5910-b1b7-fd0f884af01c,ebd3c9fe-bb8c-5a52-aef2-6cda0e1af232,in_transit,scheduled,2024-07-10 18:50:47+00,2024-07-10 18:58:47+00,carrier_feed
c76a5113-dfe0-53df-b6b8-9138975467cc,ebd3c9fe-bb8c-5a52-aef2-6cda0e1af232,delivered,in_transit,2024-08-12 03:31:26+00,2024-08-12 03:51:26+00,carrier_feed
efbe6bab-cd27-561e-b426-25c5561fbecb,fcf28ec8-ec39-55d5-849e-f4fadfcce52b,scheduled,,2024-07-08 08:58:55+00,2024-07-08 09:20:55+00,carrier_feed
42df96e5-7752-5aac-80a3-b883d4e7a284,fcf28ec8-ec39-55d5-849e-f4fadfcce52b,in_transit,scheduled,2024-07-11 11:28:37+00,2024-07-11 12:07:37+00,carrier_feed
ed98b30d-6a89-5936-80d5-3ee924faf21c,fcf28ec8-ec39-55d5-849e-f4fadfcce52b,delivered,in_transit,2024-07-31 17:50:28+00,2024-07-31 18:11:28+00,carrier_feed
255de182-c2e1-53f2-bee8-4bcb949e8817,169ffce8-204a-5125-b254-e6295c831169,scheduled,,2024-07-08 08:41:13+00,2024-07-08 09:07:13+00,carrier_feed
2e6d3bda-3f51-5ce2-a0a0-b6eb41e656d2,169ffce8-204a-5125-b254-e6295c831169,in_transit,scheduled,2024-07-09 12:58:04+00,2024-07-09 13:20:04+00,carrier_feed
6979989a-ada2-5c5b-8939-8dc3ec2ad67b,169ffce8-204a-5125-b254-e6295c831169,delivered,in_transit,2024-07-14 08:01:50+00,2024-07-14 08:26:50+00,carrier_feed
af6da97c-ea76-5073-803b-52959b8f4eaf,b83c1ada-721a-5cbe-a314-4ddfa7589ac5,scheduled,,2024-07-08 08:57:23+00,2024-07-08 09:17:23+00,carrier_feed
ccb03b2c-fa8c-5302-aa84-64ebfdc69d93,b83c1ada-721a-5cbe-a314-4ddfa7589ac5,in_transit,scheduled,2024-07-10 17:58:45+00,2024-07-10 18:29:45+00,carrier_feed
1135dbb6-07b9-50fb-bd48-a874d1eab6ac,b83c1ada-721a-5cbe-a314-4ddfa7589ac5,delivered,in_transit,2024-08-03 17:09:25+00,2024-08-03 17:43:25+00,carrier_feed
4732dc9c-852b-5756-9e62-daea373a6c00,0f5d3d3d-83ee-5fc0-a7fe-f6b6d85e61e9,scheduled,,2024-07-08 09:02:48+00,2024-07-08 09:43:48+00,carrier_feed
9f7c83ab-db61-5df8-b5a8-938ffeff99c7,0f5d3d3d-83ee-5fc0-a7fe-f6b6d85e61e9,in_transit,scheduled,2024-07-10 10:33:05+00,2024-07-10 10:50:05+00,carrier_feed
8a2cf516-83a2-559e-a513-fe166acb394d,0f5d3d3d-83ee-5fc0-a7fe-f6b6d85e61e9,delivered,in_transit,2024-07-28 16:00:22+00,2024-07-28 16:16:22+00,carrier_feed
d58529a4-d653-590e-8eac-04a477719256,ab9dbd65-81dd-5808-9d8f-5a712d09758c,scheduled,,2024-07-08 08:35:42+00,2024-07-08 09:06:42+00,carrier_feed
dd09591c-6bca-51ce-a6ae-285ebc611bc3,ab9dbd65-81dd-5808-9d8f-5a712d09758c,in_transit,scheduled,2024-07-09 11:45:46+00,2024-07-09 12:02:46+00,carrier_feed
4604b909-9c10-5dd6-bd59-1b2cff04655e,ab9dbd65-81dd-5808-9d8f-5a712d09758c,delivered,in_transit,2024-07-28 08:16:23+00,2024-07-28 08:34:23+00,carrier_feed
84f1b18e-86b5-5035-a6e8-e4a975918c05,f81010e4-c2e9-5e78-af78-369d8a5d29b7,scheduled,,2024-07-08 09:17:52+00,2024-07-08 09:38:52+00,carrier_feed
53db9db1-30a8-50b4-acc5-1142b1c50ed5,f81010e4-c2e9-5e78-af78-369d8a5d29b7,in_transit,scheduled,2024-07-10 10:48:49+00,2024-07-10 11:15:49+00,carrier_feed
188c1312-66d0-5d07-9b10-2ee53903a0af,f81010e4-c2e9-5e78-af78-369d8a5d29b7,delivered,in_transit,2024-08-04 11:12:39+00,2024-08-04 11:45:39+00,carrier_feed
81dfc034-726b-59b3-bde5-99307ef3bfaf,80d00535-d92d-52ec-853b-df897cb31dee,scheduled,,2024-07-08 08:43:01+00,2024-07-08 08:51:01+00,carrier_feed
3a648c38-6dcf-5f0f-b3a1-26cb85da8208,80d00535-d92d-52ec-853b-df897cb31dee,in_transit,scheduled,2024-07-11 09:55:31+00,2024-07-11 10:32:31+00,carrier_feed
2528959a-c8a4-5a82-b60a-79c7dbc16069,80d00535-d92d-52ec-853b-df897cb31dee,delivered,in_transit,2024-08-04 04:31:03+00,2024-08-04 04:40:03+00,carrier_feed
26b9b5e9-dbe9-5b06-b701-4f6f6dd82293,4d67d0c8-f289-5fb4-a85e-23541a6ee240,scheduled,,2024-07-08 08:54:35+00,2024-07-08 09:03:35+00,carrier_feed
a469c831-c6db-5c7d-8ac5-ef8bed45e47b,4d67d0c8-f289-5fb4-a85e-23541a6ee240,in_transit,scheduled,2024-07-09 14:55:23+00,2024-07-09 15:30:23+00,carrier_feed
5ee83cca-82fb-560a-b15a-6e92d79b94bb,4d67d0c8-f289-5fb4-a85e-23541a6ee240,delivered,in_transit,2024-08-09 10:17:47+00,2024-08-09 10:44:47+00,carrier_feed
198f7963-a42b-57ad-8fc8-30abf57da0de,22dbbd9f-887e-5166-b68f-4aec5afc463d,scheduled,,2024-07-15 08:29:15+00,2024-07-15 09:11:15+00,carrier_feed
3172a88b-c174-5840-bdf0-ce6dfa9ce127,22dbbd9f-887e-5166-b68f-4aec5afc463d,in_transit,scheduled,2024-07-18 14:02:30+00,2024-07-18 14:31:30+00,carrier_feed
bb89ae31-8089-5525-9089-94549fe34aea,22dbbd9f-887e-5166-b68f-4aec5afc463d,delivered,in_transit,2024-08-13 09:23:16+00,2024-08-13 09:54:16+00,carrier_feed
deb5e63d-cfb1-5e89-8991-4d87041243f0,fdfe42cd-50c2-55c3-ad15-2771e848ca5c,scheduled,,2024-07-15 09:15:03+00,2024-07-15 09:25:03+00,carrier_feed
b0dfc23a-683e-5fb4-9148-612721cb6981,fdfe42cd-50c2-55c3-ad15-2771e848ca5c,in_transit,scheduled,2024-07-18 14:40:14+00,2024-07-18 15:03:14+00,carrier_feed
69132292-bfc3-58a9-a2f8-f37b5f2438ad,fdfe42cd-50c2-55c3-ad15-2771e848ca5c,delivered,in_transit,2024-08-07 18:19:22+00,2024-08-07 18:43:22+00,carrier_feed
43dadfdf-dd7f-5b48-b54e-eaed8bbe7101,d0642a2f-a182-5cb4-a413-0be16028eb73,scheduled,,2024-07-15 08:19:21+00,2024-07-15 08:51:21+00,carrier_feed
af914e47-10ca-5de2-86bd-2e039005c8ed,d0642a2f-a182-5cb4-a413-0be16028eb73,in_transit,scheduled,2024-07-16 15:29:45+00,2024-07-16 15:58:45+00,carrier_feed
8497dccc-7a1d-5964-8d6c-1c958cba1cdd,d0642a2f-a182-5cb4-a413-0be16028eb73,delivered,in_transit,2024-07-25 10:06:09+00,2024-07-25 10:34:09+00,carrier_feed
2e418c18-7543-57d9-bcbb-0b85c5b74f38,a92788e4-bdc8-537d-9ca2-05a5a7ba364f,scheduled,,2024-07-15 08:11:34+00,2024-07-15 08:49:34+00,carrier_feed
4169ed5c-1d75-579b-868f-d8da4d4de3f0,a92788e4-bdc8-537d-9ca2-05a5a7ba364f,in_transit,scheduled,2024-07-18 10:21:53+00,2024-07-18 10:43:53+00,carrier_feed
3389264d-27ae-5659-b83b-94a71d98ea90,a92788e4-bdc8-537d-9ca2-05a5a7ba364f,delivered,in_transit,2024-08-05 04:42:49+00,2024-08-05 05:24:49+00,carrier_feed
0c7661db-a934-54eb-8420-8a1807252425,503b0e2d-42bf-5bf0-aa17-e116b47f0ce4,scheduled,,2024-07-15 08:27:41+00,2024-07-15 08:35:41+00,carrier_feed
d071e87b-33dc-54ee-9527-1cc376685a30,503b0e2d-42bf-5bf0-aa17-e116b47f0ce4,in_transit,scheduled,2024-07-16 11:55:38+00,2024-07-16 12:33:38+00,carrier_feed
16e621df-26ab-5217-b6e5-c8d7d05ea98d,503b0e2d-42bf-5bf0-aa17-e116b47f0ce4,delivered,in_transit,2024-07-20 22:24:57+00,2024-07-20 23:07:57+00,carrier_feed
5693ea82-51b4-5b33-9a13-d32c2a82ec6e,7bb9202e-ef88-5a7b-92ab-c82f179c73d4,scheduled,,2024-07-15 08:47:39+00,2024-07-15 09:14:39+00,carrier_feed
9b309005-b07c-5029-8a7d-31d70be3f68f,7bb9202e-ef88-5a7b-92ab-c82f179c73d4,in_transit,scheduled,2024-07-16 15:56:52+00,2024-07-16 16:31:52+00,carrier_feed
ce28a3a5-039e-5681-9d2e-b0f5cba11690,7bb9202e-ef88-5a7b-92ab-c82f179c73d4,delivered,in_transit,2024-08-09 13:05:00+00,2024-08-09 13:17:00+00,carrier_feed
843c4024-292b-504c-ab93-3f64f7a46e68,b01d8e51-74ea-535d-8f8d-266d634fbb0c,scheduled,,2024-07-15 08:26:21+00,2024-07-15 08:34:21+00,carrier_feed
2c16afd0-57c7-5828-bae5-52f95029b64a,b01d8e51-74ea-535d-8f8d-266d634fbb0c,in_transit,scheduled,2024-07-16 17:03:29+00,2024-07-16 17:38:29+00,carrier_feed
3a25ee7a-f095-59d0-9a6a-ef41e491262e,b01d8e51-74ea-535d-8f8d-266d634fbb0c,delivered,in_transit,2024-08-01 06:36:34+00,2024-08-01 06:43:34+00,carrier_feed
bf489c4a-9b31-5889-9cbc-06a954ce3b28,d44fa37a-f653-5b0a-9014-9d997707f6af,scheduled,,2024-07-15 08:26:36+00,2024-07-15 08:55:36+00,carrier_feed
b2ff46bb-9480-5508-ac2e-a4a17d577c05,d44fa37a-f653-5b0a-9014-9d997707f6af,in_transit,scheduled,2024-07-18 11:42:41+00,2024-07-18 11:54:41+00,carrier_feed
761ab6d2-ac24-5af1-aba0-7814bfc05967,d44fa37a-f653-5b0a-9014-9d997707f6af,delivered,in_transit,2024-08-13 00:46:45+00,2024-08-13 00:57:45+00,carrier_feed
a284def7-8bf1-5458-87cd-1b6079203aae,f9491538-24c2-5c94-a6cb-200dc95b280b,scheduled,,2024-07-15 08:51:24+00,2024-07-15 09:12:24+00,carrier_feed
1d2aca5e-20ab-5c57-ad29-2de897a547dc,f9491538-24c2-5c94-a6cb-200dc95b280b,in_transit,scheduled,2024-07-16 10:55:31+00,2024-07-16 11:00:31+00,carrier_feed
9af5c604-2e24-5cd6-9e2a-c90b5ddc8829,f9491538-24c2-5c94-a6cb-200dc95b280b,delivered,in_transit,2024-08-10 10:00:47+00,2024-08-10 10:16:47+00,carrier_feed
55faf636-5bfb-505a-a6e6-8ebc587a70a7,5257ca6f-a3ad-5b59-83ce-c8b65ad752ac,scheduled,,2024-07-22 08:29:23+00,2024-07-22 08:44:23+00,carrier_feed
07a3100f-9d27-52c1-b37e-01e3a2b8f42d,5257ca6f-a3ad-5b59-83ce-c8b65ad752ac,in_transit,scheduled,2024-07-22 10:49:38+00,2024-07-22 11:07:38+00,carrier_feed
685ceeec-d5ce-5e2b-8ed8-3806e412e35d,5257ca6f-a3ad-5b59-83ce-c8b65ad752ac,delivered,in_transit,2024-07-26 08:06:37+00,2024-07-26 08:51:37+00,carrier_feed
0905c835-cf71-5719-8981-23cb601b04e8,eb1db99f-8451-5427-9008-b2bb74146b0e,scheduled,,2024-07-22 09:03:22+00,2024-07-22 09:29:22+00,carrier_feed
61f378e1-91d2-5673-87e7-50541573485b,eb1db99f-8451-5427-9008-b2bb74146b0e,in_transit,scheduled,2024-07-24 18:20:01+00,2024-07-24 19:02:01+00,carrier_feed
2a4b4ba5-2248-5bbf-9d3e-f086df4ca650,eb1db99f-8451-5427-9008-b2bb74146b0e,delivered,in_transit,2024-08-14 07:22:39+00,2024-08-14 07:53:39+00,carrier_feed
2fbb0c95-848c-5a6a-a54d-c8a1d273aa59,66813410-3283-54ab-87a9-183ccaef9d92,scheduled,,2024-07-22 08:35:26+00,2024-07-22 08:40:26+00,carrier_feed
430da3d5-d6db-52ab-a534-3a8e642cbe8b,66813410-3283-54ab-87a9-183ccaef9d92,in_transit,scheduled,2024-07-23 14:47:51+00,2024-07-23 15:16:51+00,carrier_feed
e9879cc2-7b80-50cc-b849-7a5515a72381,66813410-3283-54ab-87a9-183ccaef9d92,delivered,in_transit,2024-07-29 08:32:22+00,2024-07-29 08:59:22+00,carrier_feed
3f7c2f27-d970-59dc-9294-326dcd4f549a,7202a5d9-758b-5244-8c18-ecbf4d2ec932,scheduled,,2024-07-22 09:01:55+00,2024-07-22 09:39:55+00,carrier_feed
4258deb5-5e1f-5ec7-a987-52a789bd952e,7202a5d9-758b-5244-8c18-ecbf4d2ec932,in_transit,scheduled,2024-07-24 10:38:58+00,2024-07-24 11:04:58+00,carrier_feed
65802b0e-9719-51f8-b750-7cd6a837459b,7202a5d9-758b-5244-8c18-ecbf4d2ec932,delivered,in_transit,2024-07-28 11:39:18+00,2024-07-28 12:06:18+00,carrier_feed
78e8e118-df0e-52b1-94ab-c949f9a0417d,31140d47-2f6f-55c2-aad8-e86a12e71a00,scheduled,,2024-07-22 08:47:03+00,2024-07-22 09:03:03+00,carrier_feed
5cab74a3-100a-510a-8512-7aa6e2ecbe5e,31140d47-2f6f-55c2-aad8-e86a12e71a00,in_transit,scheduled,2024-07-22 17:24:47+00,2024-07-22 17:40:47+00,carrier_feed
b1178ce5-a8b5-5590-ab12-e86c7b42bc9a,31140d47-2f6f-55c2-aad8-e86a12e71a00,delivered,in_transit,2024-08-24 13:44:38+00,2024-08-24 14:26:38+00,carrier_feed
f7f5e7c5-012e-59ee-8308-eded3b00c0d0,a85a2173-4883-59c1-9177-fd407646c3ff,scheduled,,2024-07-22 08:39:10+00,2024-07-22 09:07:10+00,carrier_feed
47cf1b7b-02d4-5629-b8d5-bffcc0c6a663,a85a2173-4883-59c1-9177-fd407646c3ff,in_transit,scheduled,2024-07-22 10:56:28+00,2024-07-22 11:02:28+00,carrier_feed
1d0161a3-869f-53ea-bf45-35b08e2152ac,a85a2173-4883-59c1-9177-fd407646c3ff,delivered,in_transit,2024-08-11 20:18:06+00,2024-08-11 21:01:06+00,carrier_feed
6506c898-0a63-5f0e-af38-6ff98960d7bf,204aacdb-b8d5-512a-bc56-43ab54d6a000,scheduled,,2024-07-22 09:26:18+00,2024-07-22 09:50:18+00,carrier_feed
f399ea59-b468-5035-910a-6836d48f191e,204aacdb-b8d5-512a-bc56-43ab54d6a000,in_transit,scheduled,2024-07-24 13:04:50+00,2024-07-24 13:27:50+00,carrier_feed
00e213a5-6a95-56f4-9af1-e5b1d55d1ada,204aacdb-b8d5-512a-bc56-43ab54d6a000,delayed,in_transit,2024-08-19 19:07:03+00,2024-08-19 19:25:03+00,carrier_feed
da3765a2-abf0-5b21-bcb2-3652d1b5117b,204aacdb-b8d5-512a-bc56-43ab54d6a000,delivered,delayed,2024-08-26 13:29:01+00,2024-08-26 14:01:01+00,carrier_feed
fca418e2-ae3d-58e2-9362-21d38538c4ae,86362f4d-a42c-56ac-baa5-a97cb482c7c7,scheduled,,2024-07-29 08:16:24+00,2024-07-29 08:22:24+00,carrier_feed
92868648-7fe5-5222-b5f5-5e20c1875ab4,86362f4d-a42c-56ac-baa5-a97cb482c7c7,in_transit,scheduled,2024-08-01 14:57:32+00,2024-08-01 15:19:32+00,carrier_feed
deb199de-c1ad-5f9d-a5aa-adfc7908e54c,86362f4d-a42c-56ac-baa5-a97cb482c7c7,delivered,in_transit,2024-08-13 22:07:40+00,2024-08-13 22:46:40+00,carrier_feed
2f4fc06b-0ecc-53f7-84b8-39782759e6f2,3644f34b-2367-5f1c-a4d1-6723e8eebab9,scheduled,,2024-07-29 08:30:45+00,2024-07-29 09:07:45+00,carrier_feed
0b925191-c51b-55ce-b6e6-2ef6c375b18c,3644f34b-2367-5f1c-a4d1-6723e8eebab9,in_transit,scheduled,2024-07-31 12:04:39+00,2024-07-31 12:27:39+00,carrier_feed
c1cda7e9-7129-5db2-a944-5559c896a03a,3644f34b-2367-5f1c-a4d1-6723e8eebab9,delivered,in_transit,2024-08-25 21:17:31+00,2024-08-25 21:56:31+00,carrier_feed
a11455ec-7d6c-53fa-8207-331b32371eb5,385201f5-9336-525f-a78a-4c1ae967b198,scheduled,,2024-07-29 09:02:13+00,2024-07-29 09:32:13+00,carrier_feed
0cb5e108-d624-5c32-a568-187cec155db0,385201f5-9336-525f-a78a-4c1ae967b198,in_transit,scheduled,2024-08-01 17:43:42+00,2024-08-01 17:52:42+00,carrier_feed
36f27083-2b78-5997-8e8b-4cf7cc396b82,385201f5-9336-525f-a78a-4c1ae967b198,delivered,in_transit,2024-09-02 20:25:07+00,2024-09-02 21:04:07+00,carrier_feed
13bf7e5a-85ee-55de-804b-85d6e48be06a,c671b845-cb99-5c2b-9ce5-c45abe367d6d,scheduled,,2024-07-29 08:21:09+00,2024-07-29 08:32:09+00,carrier_feed
4d6240bb-8158-512f-b2be-d109cfcfd8c0,c671b845-cb99-5c2b-9ce5-c45abe367d6d,in_transit,scheduled,2024-07-30 11:36:43+00,2024-07-30 12:12:43+00,carrier_feed
e8a88b2f-fc1b-5ecc-bafb-6f2875f8a645,c671b845-cb99-5c2b-9ce5-c45abe367d6d,delivered,in_transit,2024-08-18 06:38:59+00,2024-08-18 07:01:59+00,carrier_feed
13082c69-0edc-576e-b538-dff8998d7c3b,8fe096d1-782d-5258-a189-e2c70f100985,scheduled,,2024-07-29 08:54:23+00,2024-07-29 09:19:23+00,carrier_feed
9e95fb11-2b34-5d6a-9ce5-539db802f2c7,8fe096d1-782d-5258-a189-e2c70f100985,in_transit,scheduled,2024-07-31 10:03:41+00,2024-07-31 10:36:41+00,carrier_feed
5fcf2427-85c0-5797-9451-4f83cd9d4de8,8fe096d1-782d-5258-a189-e2c70f100985,delivered,in_transit,2024-08-24 17:22:49+00,2024-08-24 17:47:49+00,carrier_feed
a80bf209-4b25-5dfd-83c6-1d459580857b,c28a4aeb-f3d4-56fb-9ca1-ee8aec2f290d,scheduled,,2024-07-29 08:38:23+00,2024-07-29 09:11:23+00,carrier_feed
9bce8b6f-33d4-58df-b520-b84a8b6a084a,c28a4aeb-f3d4-56fb-9ca1-ee8aec2f290d,in_transit,scheduled,2024-08-01 11:44:58+00,2024-08-01 12:14:58+00,carrier_feed
030609d6-b592-5e4e-9f8a-4d03d104ea57,c28a4aeb-f3d4-56fb-9ca1-ee8aec2f290d,delivered,in_transit,2024-08-21 10:03:25+00,2024-08-21 10:41:25+00,carrier_feed
d76bfc68-b34e-52dc-8d0b-66ca66c01010,aa56fc9a-0f1e-53e4-8459-decb5c4aeb8b,scheduled,,2024-07-29 08:22:57+00,2024-07-29 08:35:57+00,carrier_feed
23b6e945-be22-54c1-812d-24493fd206ff,aa56fc9a-0f1e-53e4-8459-decb5c4aeb8b,in_transit,scheduled,2024-07-31 09:59:37+00,2024-07-31 10:31:37+00,carrier_feed
919026a4-50d4-599f-a7a7-077fcbb455f1,aa56fc9a-0f1e-53e4-8459-decb5c4aeb8b,delivered,in_transit,2024-08-04 15:27:54+00,2024-08-04 15:45:54+00,carrier_feed
ab949ba0-3d1b-5a3d-80ec-6a83621dc843,464b534e-2c64-55d4-873f-8a2a54afc31c,scheduled,,2024-07-29 09:07:01+00,2024-07-29 09:39:01+00,carrier_feed
85f2d43a-fc50-5b74-a491-4f32c58e8287,464b534e-2c64-55d4-873f-8a2a54afc31c,in_transit,scheduled,2024-08-01 16:43:05+00,2024-08-01 17:26:05+00,carrier_feed
21e420a3-1f35-586d-8ade-a12a5b3efe65,464b534e-2c64-55d4-873f-8a2a54afc31c,delivered,in_transit,2024-08-27 08:19:38+00,2024-08-27 08:24:38+00,carrier_feed
6653d2dc-cf11-501f-9fd9-0be1dc4c0f69,bfa45ce3-c93b-5aa2-b2cd-745dc0195eb5,scheduled,,2024-07-29 08:48:59+00,2024-07-29 09:33:59+00,carrier_feed
ac29adb3-1f76-5487-b185-4dccc1ea311e,bfa45ce3-c93b-5aa2-b2cd-745dc0195eb5,in_transit,scheduled,2024-07-29 15:27:37+00,2024-07-29 15:34:37+00,carrier_feed
99bfbe40-68fe-57e6-9fb7-443e5e9e7934,bfa45ce3-c93b-5aa2-b2cd-745dc0195eb5,delivered,in_transit,2024-09-11 15:48:39+00,2024-09-11 16:25:39+00,carrier_feed
af9857d5-d0e3-55b4-a838-f47ed9420256,a3da2f95-eb9d-507c-b761-a47d83387099,scheduled,,2024-07-29 08:38:47+00,2024-07-29 09:20:47+00,carrier_feed
d1f04801-a1c0-5d4c-9038-52e22c4ce172,a3da2f95-eb9d-507c-b761-a47d83387099,in_transit,scheduled,2024-08-01 14:11:37+00,2024-08-01 14:46:37+00,carrier_feed
3cf44179-ef90-5079-99e2-7ba77592a2da,a3da2f95-eb9d-507c-b761-a47d83387099,delivered,in_transit,2024-08-18 23:38:03+00,2024-08-18 23:57:03+00,carrier_feed
94cfb04e-5438-56eb-88eb-68bcbcce46f8,d0e6f4e0-d06c-507e-b837-c277695e3eae,scheduled,,2024-08-05 09:25:22+00,2024-08-05 09:33:22+00,carrier_feed
311c7952-2a7d-5a49-9cab-c05a95cd094f,d0e6f4e0-d06c-507e-b837-c277695e3eae,in_transit,scheduled,2024-08-06 14:46:24+00,2024-08-06 15:05:24+00,carrier_feed
b774a655-d622-56df-9cd4-e156488f3568,d0e6f4e0-d06c-507e-b837-c277695e3eae,delivered,in_transit,2024-08-25 18:23:25+00,2024-08-25 18:55:25+00,carrier_feed
0d645c8e-35e9-553d-a19f-4545c17a1c5d,c5c77a79-08ca-5db3-b2cf-566a519de3bf,scheduled,,2024-08-05 08:53:47+00,2024-08-05 09:20:47+00,carrier_feed
26910b8e-1a70-509e-b471-18bee7d453c9,c5c77a79-08ca-5db3-b2cf-566a519de3bf,in_transit,scheduled,2024-08-07 17:26:22+00,2024-08-07 18:10:22+00,carrier_feed
fd210958-68a9-5672-89b6-dd022ada1d64,c5c77a79-08ca-5db3-b2cf-566a519de3bf,delivered,in_transit,2024-09-01 12:33:56+00,2024-09-01 12:40:56+00,carrier_feed
422f17a8-4b9a-5c31-82ad-8f35a33582b6,0f0e97c2-c922-551a-b9aa-8ecb6e5a72d1,scheduled,,2024-08-05 08:38:16+00,2024-08-05 09:12:16+00,carrier_feed
97e7db51-c927-5c12-9eb8-55b7920409cb,0f0e97c2-c922-551a-b9aa-8ecb6e5a72d1,in_transit,scheduled,2024-08-05 13:06:14+00,2024-08-05 13:40:14+00,carrier_feed
2dd3e953-cbee-5b82-bf27-892462708496,0f0e97c2-c922-551a-b9aa-8ecb6e5a72d1,delivered,in_transit,2024-08-25 12:47:53+00,2024-08-25 13:09:53+00,carrier_feed
5cbcb1ff-ae72-5c7a-b1ed-2582c617b97b,5e62fa60-cfd4-553b-9b49-5c5e6bc29d3c,scheduled,,2024-08-05 08:48:36+00,2024-08-05 09:20:36+00,carrier_feed
8c548a4e-6b5f-5dee-916a-3694a0d0bdfb,5e62fa60-cfd4-553b-9b49-5c5e6bc29d3c,in_transit,scheduled,2024-08-06 16:27:47+00,2024-08-06 17:00:47+00,carrier_feed
756d7654-664e-50d5-99bd-932d836306dc,5e62fa60-cfd4-553b-9b49-5c5e6bc29d3c,delivered,in_transit,2024-08-19 11:46:48+00,2024-08-19 12:07:48+00,carrier_feed
8ea16b88-18f9-575c-b27e-5e96336250f1,25104a0d-d542-5009-83e5-ebc7efeac606,scheduled,,2024-08-05 08:07:20+00,2024-08-05 08:25:20+00,carrier_feed
2d18fac1-22ca-5ec7-a174-7b539e2f8df0,25104a0d-d542-5009-83e5-ebc7efeac606,in_transit,scheduled,2024-08-05 17:17:57+00,2024-08-05 17:34:57+00,carrier_feed
0229ed5c-9578-5860-8fb4-38d97f98f03e,25104a0d-d542-5009-83e5-ebc7efeac606,delivered,in_transit,2024-08-30 22:24:23+00,2024-08-30 22:48:23+00,carrier_feed
31ed68ea-ec5b-536f-acf9-372787c48731,00b50e1f-baef-5f75-8e23-0d80fef0f777,scheduled,,2024-08-05 08:38:34+00,2024-08-05 08:43:34+00,carrier_feed
18927914-b7f6-542e-a9ee-8677c9f2d710,00b50e1f-baef-5f75-8e23-0d80fef0f777,in_transit,scheduled,2024-08-07 12:14:44+00,2024-08-07 12:55:44+00,carrier_feed
cf5a3b71-e355-5a18-8fa1-884285a3f163,00b50e1f-baef-5f75-8e23-0d80fef0f777,delivered,in_transit,2024-09-01 00:31:16+00,2024-09-01 01:05:16+00,carrier_feed
7e554f35-a79a-50ba-823f-680b09d0d3e1,5466074c-8ce4-532d-9db7-41581423d9d7,scheduled,,2024-08-05 09:18:50+00,2024-08-05 09:26:50+00,carrier_feed
26bf14db-9600-5d4c-b898-d6007a92130d,5466074c-8ce4-532d-9db7-41581423d9d7,in_transit,scheduled,2024-08-05 10:38:56+00,2024-08-05 11:03:56+00,carrier_feed
6bd0d468-4238-5d3d-9098-90efa2c5f295,5466074c-8ce4-532d-9db7-41581423d9d7,delayed,in_transit,2024-08-26 17:19:40+00,2024-08-26 17:45:40+00,carrier_feed
0869dcb0-89d1-50dd-b8f4-106993b92e7b,5466074c-8ce4-532d-9db7-41581423d9d7,delivered,delayed,2024-08-27 10:50:13+00,2024-08-27 11:16:13+00,carrier_feed
3d35de50-26d8-5847-b8cf-c7c307f6c6ac,ac8e67ed-ef7d-5cf2-9bff-86a97bb30fef,scheduled,,2024-08-05 08:40:37+00,2024-08-05 08:46:37+00,carrier_feed
cbb0da98-94f0-5899-8287-f50eb4d4cab1,ac8e67ed-ef7d-5cf2-9bff-86a97bb30fef,in_transit,scheduled,2024-08-05 15:13:47+00,2024-08-05 15:25:47+00,carrier_feed
cb938bd0-18fa-5cd9-b4f5-9c5eb231a8b3,ac8e67ed-ef7d-5cf2-9bff-86a97bb30fef,delivered,in_transit,2024-08-25 18:48:51+00,2024-08-25 19:05:51+00,carrier_feed
4315fef3-e6b9-50f3-90ea-040701903d2d,f942b033-f79c-5db6-8d92-84a8db41a46f,scheduled,,2024-08-12 08:32:43+00,2024-08-12 08:50:43+00,carrier_feed
60c47ca9-99e9-5bea-82b5-c9d995d21702,f942b033-f79c-5db6-8d92-84a8db41a46f,in_transit,scheduled,2024-08-13 14:38:31+00,2024-08-13 14:55:31+00,carrier_feed
a33fed32-53f4-5d2a-b83b-6910c9258f64,f942b033-f79c-5db6-8d92-84a8db41a46f,delivered,in_transit,2024-09-08 06:55:33+00,2024-09-08 07:18:33+00,carrier_feed
b53d8eb9-a72f-5e81-a94a-65baa3dc6972,f4e6e695-3563-5829-9270-ebd3f28b78ee,scheduled,,2024-08-12 08:25:21+00,2024-08-12 08:44:21+00,carrier_feed
2a39997b-0900-5db6-9d2b-c0d1fe43523d,f4e6e695-3563-5829-9270-ebd3f28b78ee,in_transit,scheduled,2024-08-12 10:46:54+00,2024-08-12 10:56:54+00,carrier_feed
869bb39b-1219-517d-89fa-1a7d1cd0d334,f4e6e695-3563-5829-9270-ebd3f28b78ee,delivered,in_transit,2024-09-13 05:51:40+00,2024-09-13 06:26:40+00,carrier_feed
0ad2ca77-3b7b-5f08-9bdc-d10922c01b90,45510bbf-f73e-50eb-9a79-0a6ecd7db860,scheduled,,2024-08-12 09:15:11+00,2024-08-12 09:28:11+00,carrier_feed
54215c0f-55d2-50de-adca-0219b19bd689,45510bbf-f73e-50eb-9a79-0a6ecd7db860,in_transit,scheduled,2024-08-15 16:18:34+00,2024-08-15 16:54:34+00,carrier_feed
c953c9aa-765c-5a9a-a9ad-3d7b3b916991,45510bbf-f73e-50eb-9a79-0a6ecd7db860,delivered,in_transit,2024-08-27 08:52:51+00,2024-08-27 09:15:51+00,carrier_feed
bb91d4c3-bd2a-5172-9f4f-b7e4b7e7f488,303213fb-4542-5cd1-9aca-3c8b398d7f8c,scheduled,,2024-08-12 08:56:36+00,2024-08-12 09:40:36+00,carrier_feed
effddb39-60e9-57d3-97de-d4700e0b6193,303213fb-4542-5cd1-9aca-3c8b398d7f8c,in_transit,scheduled,2024-08-14 16:59:28+00,2024-08-14 17:31:28+00,carrier_feed
3ce049a0-bd34-5f4d-950c-d0fedac379c5,303213fb-4542-5cd1-9aca-3c8b398d7f8c,delivered,in_transit,2024-08-26 05:33:02+00,2024-08-26 05:52:02+00,carrier_feed
bb635c77-8c4e-5b93-a77d-994da3327133,250c32ca-70c6-5c50-aac1-df34db5a6009,scheduled,,2024-08-12 08:25:16+00,2024-08-12 08:36:16+00,carrier_feed
8feed15f-56b5-56a9-94fa-4cf9a25820d5,250c32ca-70c6-5c50-aac1-df34db5a6009,in_transit,scheduled,2024-08-13 13:35:09+00,2024-08-13 14:12:09+00,carrier_feed
b8dd5f57-8354-5789-b942-800ab574fcfc,250c32ca-70c6-5c50-aac1-df34db5a6009,delivered,in_transit,2024-09-06 23:18:06+00,2024-09-06 23:55:06+00,carrier_feed
0df525ab-4467-57a4-a575-25116ca288f5,3371ece0-f579-5fc6-96b4-f5fbbaa9715b,scheduled,,2024-08-12 08:47:29+00,2024-08-12 09:14:29+00,carrier_feed
4961f34f-8aa0-5fda-acfb-3a28c207deea,3371ece0-f579-5fc6-96b4-f5fbbaa9715b,in_transit,scheduled,2024-08-12 16:14:04+00,2024-08-12 16:34:04+00,carrier_feed
0dc3c9f8-d561-5d37-b8fb-b91344ae43ff,3371ece0-f579-5fc6-96b4-f5fbbaa9715b,delivered,in_transit,2024-09-07 07:49:14+00,2024-09-07 08:10:14+00,carrier_feed
91c4237a-cc3d-52d8-b4c8-8ac63a9c0dad,ff29bdbf-97a7-5a6e-adad-5fd3aa6ac683,scheduled,,2024-08-12 08:22:09+00,2024-08-12 08:28:09+00,carrier_feed
20a9f4b8-a35a-58b4-a92f-247d7a36af25,ff29bdbf-97a7-5a6e-adad-5fd3aa6ac683,in_transit,scheduled,2024-08-14 09:52:29+00,2024-08-14 10:06:29+00,carrier_feed
5df4df60-489c-521f-93e4-a0e84f19224a,ff29bdbf-97a7-5a6e-adad-5fd3aa6ac683,delivered,in_transit,2024-09-04 00:07:45+00,2024-09-04 00:37:45+00,carrier_feed
123878e9-5c60-5e76-aeb7-ae34ccfa1d59,951de9eb-3a39-50c2-ad4e-280b8df41c18,scheduled,,2024-08-12 08:46:26+00,2024-08-12 08:58:26+00,carrier_feed
56a6c258-e018-5f89-ab85-e3ab435ac42f,951de9eb-3a39-50c2-ad4e-280b8df41c18,in_transit,scheduled,2024-08-14 09:54:25+00,2024-08-14 10:02:25+00,carrier_feed
83581453-383f-5040-b32b-4fb52b4856de,951de9eb-3a39-50c2-ad4e-280b8df41c18,delivered,in_transit,2024-09-27 05:11:40+00,2024-09-27 05:23:40+00,carrier_feed
32f7674e-4aa6-5da5-a53d-ec7e05749e58,27d814aa-a1a9-5cc5-b1b1-702ebd20ac79,scheduled,,2024-08-19 09:18:11+00,2024-08-19 09:44:11+00,carrier_feed
21576a82-6fee-559d-a730-964d175000ad,27d814aa-a1a9-5cc5-b1b1-702ebd20ac79,in_transit,scheduled,2024-08-21 17:33:37+00,2024-08-21 18:11:37+00,carrier_feed
8d7886dd-61f9-59e6-9c69-5626ede72b72,27d814aa-a1a9-5cc5-b1b1-702ebd20ac79,delivered,in_transit,2024-08-26 16:15:22+00,2024-08-26 16:40:22+00,carrier_feed
4b615260-fd96-5695-bdd0-981b8186a430,38d99bdb-be1d-5d8a-ba7d-9a257461a9b4,scheduled,,2024-08-19 08:11:34+00,2024-08-19 08:25:34+00,carrier_feed
da0bea8f-1a02-541e-a2d9-18d63182e57b,38d99bdb-be1d-5d8a-ba7d-9a257461a9b4,in_transit,scheduled,2024-08-21 09:13:13+00,2024-08-21 09:42:13+00,carrier_feed
e30bc66f-1630-5fe6-a20a-f3d5820d1aee,38d99bdb-be1d-5d8a-ba7d-9a257461a9b4,delivered,in_transit,2024-08-26 02:50:30+00,2024-08-26 03:08:30+00,carrier_feed
b3cfca61-0fc6-552c-8702-85a99747c01a,02c5ac14-3a0b-5c4b-91c8-ccb0a7086576,scheduled,,2024-08-19 08:16:40+00,2024-08-19 08:31:40+00,carrier_feed
bc4bd536-7207-5827-a1bb-cb8f28975668,02c5ac14-3a0b-5c4b-91c8-ccb0a7086576,in_transit,scheduled,2024-08-22 09:23:02+00,2024-08-22 09:41:02+00,carrier_feed
f972a6e2-c539-51ff-b5e3-e8796a43713a,02c5ac14-3a0b-5c4b-91c8-ccb0a7086576,delivered,in_transit,2024-08-30 16:00:02+00,2024-08-30 16:10:02+00,carrier_feed
43a6db68-5180-5db6-8330-1ff3474c5d01,7a62a28e-b902-5260-9181-3308e74a7ffe,scheduled,,2024-08-19 08:44:15+00,2024-08-19 08:51:15+00,carrier_feed
c23f8d44-e1d0-57bc-bd20-b34272d0f179,7a62a28e-b902-5260-9181-3308e74a7ffe,in_transit,scheduled,2024-08-20 18:28:32+00,2024-08-20 19:01:32+00,carrier_feed
87f363aa-2094-5a3f-ac36-eb1a91485ea4,7a62a28e-b902-5260-9181-3308e74a7ffe,delivered,in_transit,2024-08-24 14:57:27+00,2024-08-24 15:35:27+00,carrier_feed
6ddd2324-7e46-5f04-b5af-fcad000b182e,123a66c6-fc82-55ad-af53-2d536d37a281,scheduled,,2024-08-19 08:23:36+00,2024-08-19 09:08:36+00,carrier_feed
af6fbeb6-839b-5788-a2f1-79a44761a86e,123a66c6-fc82-55ad-af53-2d536d37a281,in_transit,scheduled,2024-08-22 17:28:43+00,2024-08-22 17:54:43+00,carrier_feed
852f8f36-2a76-59be-9944-c7d2c0bcd5c7,123a66c6-fc82-55ad-af53-2d536d37a281,delivered,in_transit,2024-09-15 22:37:52+00,2024-09-15 23:12:52+00,carrier_feed
fdd4f154-d4a3-5804-a5d8-00f0f5356b75,e660d0f1-ac58-526d-953b-76b3f3a96941,scheduled,,2024-08-19 08:54:17+00,2024-08-19 09:29:17+00,carrier_feed
b9dbd32d-5fdf-5129-97c2-8ec85518a072,e660d0f1-ac58-526d-953b-76b3f3a96941,in_transit,scheduled,2024-08-19 18:17:53+00,2024-08-19 18:54:53+00,carrier_feed
e9ce3095-35cf-5f7b-8bc9-6af11cb3b887,e660d0f1-ac58-526d-953b-76b3f3a96941,delivered,in_transit,2024-09-07 10:35:27+00,2024-09-07 11:15:27+00,carrier_feed
9865a898-43c1-5529-9176-3cdd6d58c78d,955446d7-eded-521a-b49c-e1da36ffd632,scheduled,,2024-08-19 08:50:12+00,2024-08-19 09:13:12+00,carrier_feed
ce499e3b-2e85-56a2-a858-6909316824fe,955446d7-eded-521a-b49c-e1da36ffd632,in_transit,scheduled,2024-08-20 15:06:39+00,2024-08-20 15:37:39+00,carrier_feed
b786f623-2c77-5a5e-812f-a482e3d7bc11,955446d7-eded-521a-b49c-e1da36ffd632,delivered,in_transit,2024-09-03 11:35:12+00,2024-09-03 11:49:12+00,carrier_feed
76bf089f-d6ac-54ac-9fa9-27c36f3b4f6d,17981d3c-a7e7-5f65-b625-9c7619d9b595,scheduled,,2024-08-19 08:04:34+00,2024-08-19 08:11:34+00,carrier_feed
c5eca2e2-3132-5023-9db3-18b53540ef4b,17981d3c-a7e7-5f65-b625-9c7619d9b595,in_transit,scheduled,2024-08-19 14:22:18+00,2024-08-19 14:50:18+00,carrier_feed
48d39a8e-a5db-5b25-9d4e-cd1a876e4465,17981d3c-a7e7-5f65-b625-9c7619d9b595,delayed,in_transit,2024-09-13 21:00:19+00,2024-09-13 21:23:19+00,carrier_feed
87519323-4ffc-546c-8a49-b212e450c0fe,17981d3c-a7e7-5f65-b625-9c7619d9b595,delivered,delayed,2024-09-18 14:38:13+00,2024-09-18 14:51:13+00,carrier_feed
c28578c6-7057-58ef-a3ce-551d6c73b278,c2f1a7dd-fa4b-5609-9da6-23634a76bd86,scheduled,,2024-08-19 08:20:38+00,2024-08-19 08:26:38+00,carrier_feed
aec18c3a-e2cf-5ed7-8372-f40dd2b62cc0,c2f1a7dd-fa4b-5609-9da6-23634a76bd86,in_transit,scheduled,2024-08-21 11:29:32+00,2024-08-21 11:39:32+00,carrier_feed
e01960db-cafc-5c8c-aae9-5652d6aa5c79,c2f1a7dd-fa4b-5609-9da6-23634a76bd86,delivered,in_transit,2024-09-10 15:07:04+00,2024-09-10 15:17:04+00,carrier_feed
4b4a1431-7e80-5038-a301-ccd5faa12b82,36b9b943-a958-55b4-a647-149e87ccdf31,scheduled,,2024-08-19 08:34:31+00,2024-08-19 09:12:31+00,carrier_feed
f00fb8cd-ab0e-5d27-b79c-0211e5591a1a,36b9b943-a958-55b4-a647-149e87ccdf31,in_transit,scheduled,2024-08-19 16:38:33+00,2024-08-19 17:09:33+00,carrier_feed
ebe54406-f76f-5a14-80e2-3e9607e2aaac,36b9b943-a958-55b4-a647-149e87ccdf31,delivered,in_transit,2024-08-30 20:06:07+00,2024-08-30 20:36:07+00,carrier_feed
b33c7c54-032a-5a29-af08-8dc011448a8f,a0c79769-e9a0-5e27-80bb-f9f1af0f1b58,scheduled,,2024-08-26 08:46:08+00,2024-08-26 09:23:08+00,carrier_feed
19060227-b314-5d38-b480-41de84d43c31,a0c79769-e9a0-5e27-80bb-f9f1af0f1b58,in_transit,scheduled,2024-08-27 14:20:12+00,2024-08-27 14:36:12+00,carrier_feed
34ec140d-aaa0-544f-a9c0-3c1977b697e9,a0c79769-e9a0-5e27-80bb-f9f1af0f1b58,delivered,in_transit,2024-09-20 17:38:10+00,2024-09-20 18:13:10+00,carrier_feed
55357faf-ac2a-5ee5-9003-d71d43a11cab,b268cd0a-6fa5-534c-afa5-2f540d1478c8,scheduled,,2024-08-26 08:49:34+00,2024-08-26 09:04:34+00,carrier_feed
5ef9645b-68ec-501f-b691-6c96d5425b3e,b268cd0a-6fa5-534c-afa5-2f540d1478c8,in_transit,scheduled,2024-08-27 18:26:15+00,2024-08-27 18:56:15+00,carrier_feed
5f9a313a-a97b-5c5a-833c-854a199d0e05,b268cd0a-6fa5-534c-afa5-2f540d1478c8,delivered,in_transit,2024-09-17 08:50:46+00,2024-09-17 09:09:46+00,carrier_feed
00077491-6e50-51dd-8243-6e50d15df86d,93addc54-1284-57b4-9a75-0ab68eedb374,scheduled,,2024-08-26 08:51:22+00,2024-08-26 09:15:22+00,carrier_feed
21218579-51c9-537e-ad8c-aacd4eb4ea58,93addc54-1284-57b4-9a75-0ab68eedb374,in_transit,scheduled,2024-08-28 13:06:55+00,2024-08-28 13:13:55+00,carrier_feed
9db2e007-4ce1-5556-bcf0-d259187fe5ae,93addc54-1284-57b4-9a75-0ab68eedb374,delivered,in_transit,2024-09-23 09:47:24+00,2024-09-23 09:57:24+00,carrier_feed
d9d0f9d5-e765-5b1d-ab2a-93dbb1c3a176,7e3c17cf-f9b2-50a0-a6ce-d0ef0db9da7d,scheduled,,2024-08-26 08:42:12+00,2024-08-26 09:19:12+00,carrier_feed
aa5dcb68-b707-53ad-ab1a-2cf64d0b5a5e,7e3c17cf-f9b2-50a0-a6ce-d0ef0db9da7d,in_transit,scheduled,2024-08-29 18:02:06+00,2024-08-29 18:41:06+00,carrier_feed
71663ad4-3f36-5613-8fb1-e5586562caab,7e3c17cf-f9b2-50a0-a6ce-d0ef0db9da7d,delayed,in_transit,2024-09-17 00:41:00+00,2024-09-17 00:51:00+00,carrier_feed
11fc792a-142d-508a-bca8-cac1c60cbc5b,7e3c17cf-f9b2-50a0-a6ce-d0ef0db9da7d,delivered,delayed,2024-09-19 18:41:37+00,2024-09-19 19:04:37+00,carrier_feed
f5f1d639-ad86-5794-b6e7-c6d40d2265e8,80485067-15bf-5fab-bc53-ed0b34eee898,scheduled,,2024-08-26 09:15:57+00,2024-08-26 09:56:57+00,carrier_feed
97020d59-7707-54bc-b957-d4169b368fae,80485067-15bf-5fab-bc53-ed0b34eee898,in_transit,scheduled,2024-08-26 15:52:02+00,2024-08-26 16:25:02+00,carrier_feed
7601ec88-6f6e-51e0-857e-cb257f62db1e,80485067-15bf-5fab-bc53-ed0b34eee898,delivered,in_transit,2024-09-20 09:10:05+00,2024-09-20 09:43:05+00,carrier_feed
13cba788-0272-5f44-ab62-6e332e694000,483b1343-cb9f-5ee4-8560-7fbf934f35cc,scheduled,,2024-08-26 09:21:59+00,2024-08-26 09:42:59+00,carrier_feed
5e031a37-128b-533a-940e-15b2ecc339dd,483b1343-cb9f-5ee4-8560-7fbf934f35cc,in_transit,scheduled,2024-08-28 13:44:00+00,2024-08-28 13:55:00+00,carrier_feed
16402be7-1301-5dd2-9e4c-8711141041d0,483b1343-cb9f-5ee4-8560-7fbf934f35cc,delivered,in_transit,2024-09-09 21:28:46+00,2024-09-09 22:08:46+00,carrier_feed
7e017567-5c82-5a09-bfbe-32ff69c13ec5,52412086-1ba7-58bd-95bd-f9095096bd05,scheduled,,2024-08-26 09:17:37+00,2024-08-26 09:26:37+00,carrier_feed
e3691ceb-9964-5584-919f-aa22af7a4d30,52412086-1ba7-58bd-95bd-f9095096bd05,in_transit,scheduled,2024-08-27 18:01:00+00,2024-08-27 18:38:00+00,carrier_feed
9606b05d-7574-5364-afd9-31cee00c4616,52412086-1ba7-58bd-95bd-f9095096bd05,delivered,in_transit,2024-09-09 17:34:17+00,2024-09-09 17:47:17+00,carrier_feed
49e37b26-eacc-5b88-aab0-f522e382fe99,2fc69057-25d5-5aac-b9d6-c9d9cfbd3fd8,scheduled,,2024-08-26 08:31:08+00,2024-08-26 09:05:08+00,carrier_feed
a8d94e86-e27a-5a89-b8b1-ba015f2dba5a,2fc69057-25d5-5aac-b9d6-c9d9cfbd3fd8,in_transit,scheduled,2024-08-29 17:34:43+00,2024-08-29 17:44:43+00,carrier_feed
20cfac06-71f0-583a-b486-765bebf99c20,2fc69057-25d5-5aac-b9d6-c9d9cfbd3fd8,delayed,in_transit,2024-09-19 00:18:27+00,2024-09-19 00:45:27+00,carrier_feed
87aa3da4-b40a-5ecc-9252-e80552bff4f8,2fc69057-25d5-5aac-b9d6-c9d9cfbd3fd8,delivered,delayed,2024-09-25 18:17:08+00,2024-09-25 18:28:08+00,carrier_feed
fa7cce55-edc0-5823-bf2d-7537483906d5,a7b9b494-f9e6-5ad7-942e-818e31fb932e,scheduled,,2024-08-26 08:33:12+00,2024-08-26 08:50:12+00,carrier_feed
aa93a2c1-6ce2-58df-9fe3-2051e5d9f5d2,a7b9b494-f9e6-5ad7-942e-818e31fb932e,in_transit,scheduled,2024-08-26 16:59:06+00,2024-08-26 17:11:06+00,carrier_feed
2fc0b824-abf7-5168-91c4-9384c408afa4,a7b9b494-f9e6-5ad7-942e-818e31fb932e,delivered,in_transit,2024-09-21 16:08:49+00,2024-09-21 16:50:49+00,carrier_feed
9d9aa925-e500-5f9c-8670-d1dcf009917d,7ced93cd-9209-5414-9272-9129e5389a44,scheduled,,2024-08-26 08:27:42+00,2024-08-26 08:49:42+00,carrier_feed
2583966a-3a1b-5968-99d9-2071b7afe2fc,7ced93cd-9209-5414-9272-9129e5389a44,in_transit,scheduled,2024-08-26 14:38:51+00,2024-08-26 15:16:51+00,carrier_feed
e599288d-4e76-56ac-a90a-cb641f7505ad,7ced93cd-9209-5414-9272-9129e5389a44,delivered,in_transit,2024-09-19 14:52:56+00,2024-09-19 15:07:56+00,carrier_feed
f974620c-6790-5bdc-9e2d-accf834ba443,5b5a1f4f-abf9-5fd2-a23f-862d821e2bf1,scheduled,,2024-08-26 08:42:11+00,2024-08-26 09:21:11+00,carrier_feed
831d26ae-52a9-5473-9794-95e96afa9920,5b5a1f4f-abf9-5fd2-a23f-862d821e2bf1,in_transit,scheduled,2024-08-27 18:22:53+00,2024-08-27 19:02:53+00,carrier_feed
8688324e-f2c2-5df4-b040-7b9532645032,5b5a1f4f-abf9-5fd2-a23f-862d821e2bf1,delayed,in_transit,2024-09-11 00:51:24+00,2024-09-11 01:04:24+00,carrier_feed
502b6964-5bed-594c-be9d-8a784df7211b,5b5a1f4f-abf9-5fd2-a23f-862d821e2bf1,delivered,delayed,2024-09-13 19:06:13+00,2024-09-13 19:40:13+00,carrier_feed
a485bffc-c8ad-5a7b-9968-e4f402edf049,1ee1a0e1-d6ee-5f72-8d23-7bf07c8e5547,scheduled,,2024-09-02 08:46:45+00,2024-09-02 09:17:45+00,carrier_feed
d7fff35f-1173-5de9-a09b-b47f6d5431ca,1ee1a0e1-d6ee-5f72-8d23-7bf07c8e5547,in_transit,scheduled,2024-09-03 12:28:03+00,2024-09-03 12:47:03+00,carrier_feed
2f149ac8-e8de-54dc-b1b8-9968daf103ec,1ee1a0e1-d6ee-5f72-8d23-7bf07c8e5547,delivered,in_transit,2024-09-10 20:42:59+00,2024-09-10 21:04:59+00,carrier_feed
400ca07e-954a-5172-8a7d-4481bc32cd68,8a4c9316-2d75-5597-882c-5933ea2a5625,scheduled,,2024-09-02 08:54:15+00,2024-09-02 09:12:15+00,carrier_feed
d8801954-973f-54ea-b911-b631f81f9cae,8a4c9316-2d75-5597-882c-5933ea2a5625,in_transit,scheduled,2024-09-05 12:24:45+00,2024-09-05 13:07:45+00,carrier_feed
9a56b81a-1c3f-5eba-8ba3-67004d515610,8a4c9316-2d75-5597-882c-5933ea2a5625,delivered,in_transit,2024-09-22 07:59:02+00,2024-09-22 08:20:02+00,carrier_feed
09e6d10b-47cd-5a75-9026-fb086bc786cd,1ab9e35b-45a4-58ae-a5b3-3c25650d26b7,scheduled,,2024-09-02 08:22:00+00,2024-09-02 08:54:00+00,carrier_feed
ecce245e-0fbb-56af-9cef-4895eb458ad6,1ab9e35b-45a4-58ae-a5b3-3c25650d26b7,in_transit,scheduled,2024-09-04 16:05:36+00,2024-09-04 16:24:36+00,carrier_feed
e3885340-94d5-50d1-8b3e-e15c6c90e2d5,1ab9e35b-45a4-58ae-a5b3-3c25650d26b7,delivered,in_transit,2024-09-28 23:11:27+00,2024-09-28 23:39:27+00,carrier_feed
01a9dc38-69df-52cb-be2a-338595b13022,c147afd8-87b3-5eb3-898d-0ca60dd2ccc6,scheduled,,2024-09-02 08:56:04+00,2024-09-02 09:29:04+00,carrier_feed
22c6cb10-f730-5cee-8532-dd97229dfef4,c147afd8-87b3-5eb3-898d-0ca60dd2ccc6,in_transit,scheduled,2024-09-02 10:14:53+00,2024-09-02 10:25:53+00,carrier_feed
48c14122-3c7f-57ef-9746-1b94fc61b975,c147afd8-87b3-5eb3-898d-0ca60dd2ccc6,delivered,in_transit,2024-09-17 15:18:10+00,2024-09-17 15:57:10+00,carrier_feed
ef7ff94e-13d8-5173-a231-1e9e3e113856,d3b12502-b45e-545b-b0ef-2ae65f50b6b0,scheduled,,2024-09-02 09:23:21+00,2024-09-02 10:01:21+00,carrier_feed
30ffcf45-5ae2-5f36-ad3f-c07b1e923479,d3b12502-b45e-545b-b0ef-2ae65f50b6b0,in_transit,scheduled,2024-09-04 12:57:06+00,2024-09-04 13:27:06+00,carrier_feed
f92cac18-2af3-581d-9854-0759bd1cf94e,d3b12502-b45e-545b-b0ef-2ae65f50b6b0,delivered,in_transit,2024-09-22 09:03:27+00,2024-09-22 09:48:27+00,carrier_feed
a70faa2d-c397-56ce-b15f-63a9785651e7,33a6d65d-b5c1-500e-bc3e-b0dca497e215,scheduled,,2024-09-02 08:05:27+00,2024-09-02 08:44:27+00,carrier_feed
a60491b8-8550-5e9c-b871-29fbb799d324,33a6d65d-b5c1-500e-bc3e-b0dca497e215,in_transit,scheduled,2024-09-04 17:28:58+00,2024-09-04 17:45:58+00,carrier_feed
9a54f0f0-6334-52b4-b393-094488b446f5,33a6d65d-b5c1-500e-bc3e-b0dca497e215,delivered,in_transit,2024-09-17 09:29:45+00,2024-09-17 09:54:45+00,carrier_feed
eab2aede-9373-5f03-83da-32992d752ac4,107d2a77-3b47-5d48-a911-87392ec8abe9,scheduled,,2024-09-02 09:10:46+00,2024-09-02 09:32:46+00,carrier_feed
207658b7-1482-5b6e-9b01-feedbc6eab8b,107d2a77-3b47-5d48-a911-87392ec8abe9,in_transit,scheduled,2024-09-05 12:21:09+00,2024-09-05 12:56:09+00,carrier_feed
48c2332a-a8b8-5dba-8bfe-38b8036bb10e,107d2a77-3b47-5d48-a911-87392ec8abe9,delivered,in_transit,2024-09-22 17:41:53+00,2024-09-22 18:00:53+00,carrier_feed
4e0fd7fd-1e3a-581b-972f-59f0e7539fb7,58f3c8ce-122d-5f1c-a288-7f0c5abcacaf,scheduled,,2024-09-02 08:40:36+00,2024-09-02 09:14:36+00,carrier_feed
06e3cb9a-a7e6-50f5-ac93-119a51f9899e,58f3c8ce-122d-5f1c-a288-7f0c5abcacaf,in_transit,scheduled,2024-09-03 15:05:54+00,2024-09-03 15:28:54+00,carrier_feed
4c3eecd3-6361-57fd-8a56-0039b6e22476,58f3c8ce-122d-5f1c-a288-7f0c5abcacaf,delayed,in_transit,2024-09-28 21:12:08+00,2024-09-28 21:38:08+00,carrier_feed
96a82fb3-25f0-5809-86cb-230d5cff07a7,58f3c8ce-122d-5f1c-a288-7f0c5abcacaf,delivered,delayed,2024-10-07 15:18:18+00,2024-10-07 15:52:18+00,carrier_feed
1234dde7-8dba-5e32-a19b-2ad8c22c6c70,834b231c-d1fd-507e-bb3e-e078e43032d6,scheduled,,2024-09-02 09:16:02+00,2024-09-02 09:28:02+00,carrier_feed
fa0c9405-1674-507a-98b4-d825f19ba3c2,834b231c-d1fd-507e-bb3e-e078e43032d6,in_transit,scheduled,2024-09-05 13:24:02+00,2024-09-05 13:48:02+00,carrier_feed
caa4293d-c8ce-540b-8173-e81d57bbf5c9,834b231c-d1fd-507e-bb3e-e078e43032d6,delivered,in_transit,2024-09-23 09:35:25+00,2024-09-23 10:08:25+00,carrier_feed
539bfa06-d032-58f2-8dd4-fc236de44654,b00c465c-18ce-5c78-8426-eb9235407c94,scheduled,,2024-09-02 08:26:03+00,2024-09-02 08:42:03+00,carrier_feed
37d15c4a-a542-5c1e-9125-54912195d24f,b00c465c-18ce-5c78-8426-eb9235407c94,in_transit,scheduled,2024-09-04 11:32:36+00,2024-09-04 12:05:36+00,carrier_feed
ccee9c17-b1e7-5987-b80e-8be6f8da4982,b00c465c-18ce-5c78-8426-eb9235407c94,delivered,in_transit,2024-09-29 17:56:27+00,2024-09-29 18:17:27+00,carrier_feed
e09c8e62-772d-57e6-9369-264c2584d949,409a10f6-5442-56d4-bc12-43b0bc917b09,scheduled,,2024-09-02 08:11:45+00,2024-09-02 08:45:45+00,carrier_feed
e8231a7f-9d2a-51df-8dc9-4bc19b520a17,409a10f6-5442-56d4-bc12-43b0bc917b09,in_transit,scheduled,2024-09-05 12:26:57+00,2024-09-05 13:09:57+00,carrier_feed
309763c8-fa85-5138-8f1e-7e3628a771fa,409a10f6-5442-56d4-bc12-43b0bc917b09,delivered,in_transit,2024-09-12 12:55:38+00,2024-09-12 13:12:38+00,carrier_feed
ec4e012d-b028-5fe1-9438-c8a149d95d9b,871a53b0-4ca4-5d00-8311-146de04978ba,scheduled,,2024-09-02 08:44:41+00,2024-09-02 08:56:41+00,carrier_feed
549f81ae-0186-5768-8875-49adfdfb9455,871a53b0-4ca4-5d00-8311-146de04978ba,in_transit,scheduled,2024-09-05 17:55:33+00,2024-09-05 18:38:33+00,carrier_feed
1ec896e9-8b4a-50db-a55e-4f55a67a282f,871a53b0-4ca4-5d00-8311-146de04978ba,delivered,in_transit,2024-09-23 13:20:29+00,2024-09-23 13:59:29+00,carrier_feed
86127bc6-d8c2-56bd-acad-110cce83b7e1,475e03f4-bb45-526b-9d96-618dca97f3fe,scheduled,,2024-09-02 08:05:26+00,2024-09-02 08:11:26+00,carrier_feed
ab7688cc-6c33-556e-b647-b355c87e8828,475e03f4-bb45-526b-9d96-618dca97f3fe,in_transit,scheduled,2024-09-04 14:42:11+00,2024-09-04 15:15:11+00,carrier_feed
fd11e3fc-5aa6-587e-81a5-635fa78fc926,475e03f4-bb45-526b-9d96-618dca97f3fe,delayed,in_transit,2024-09-29 20:47:49+00,2024-09-29 20:56:49+00,carrier_feed
10a15e2f-c498-5bd5-a594-5bebf0c49526,475e03f4-bb45-526b-9d96-618dca97f3fe,delivered,delayed,2024-10-09 14:56:01+00,2024-10-09 15:09:01+00,carrier_feed
73161422-6c16-5984-8e6d-a2f3da9b308e,3d808f98-4ad8-53d4-a4ba-43c4d91eb4db,scheduled,,2024-09-02 08:52:01+00,2024-09-02 09:12:01+00,carrier_feed
a88404ab-7093-53e9-9d78-8123e190cee1,3d808f98-4ad8-53d4-a4ba-43c4d91eb4db,in_transit,scheduled,2024-09-04 16:29:12+00,2024-09-04 16:46:12+00,carrier_feed
7d70f3b2-4e39-5b44-af18-ca43e8f32b36,3d808f98-4ad8-53d4-a4ba-43c4d91eb4db,delivered,in_transit,2024-09-21 19:57:58+00,2024-09-21 20:29:58+00,carrier_feed
9036637c-cb7d-5815-90da-5135247add47,3c47c2e1-db9a-56bc-92ad-53e9b8365c6b,scheduled,,2024-09-02 09:08:55+00,2024-09-02 09:41:55+00,carrier_feed
44f5e770-f37d-5061-b011-893d95b3eb76,3c47c2e1-db9a-56bc-92ad-53e9b8365c6b,in_transit,scheduled,2024-09-03 12:19:22+00,2024-09-03 12:56:22+00,carrier_feed
f3aec522-103c-5b00-b333-30188067d129,3c47c2e1-db9a-56bc-92ad-53e9b8365c6b,delayed,in_transit,2024-09-29 18:37:43+00,2024-09-29 18:48:43+00,carrier_feed
dd74382c-150b-5c54-b99f-79f2c183fcd5,3c47c2e1-db9a-56bc-92ad-53e9b8365c6b,delivered,delayed,2024-10-25 12:36:52+00,2024-10-25 12:50:52+00,carrier_feed
b0007689-b2a9-563c-9aa7-9d0280512c3d,d214a3fd-d0ee-55ac-b974-6be45ce1566c,scheduled,,2024-09-02 08:37:43+00,2024-09-02 08:48:43+00,carrier_feed
dc761499-6ee2-5dad-a9e1-8b38d25de8fc,d214a3fd-d0ee-55ac-b974-6be45ce1566c,in_transit,scheduled,2024-09-03 16:22:09+00,2024-09-03 16:48:09+00,carrier_feed
b9dbd591-e758-5b0e-89d1-5d4fcbb345aa,d214a3fd-d0ee-55ac-b974-6be45ce1566c,delivered,in_transit,2024-09-16 16:46:44+00,2024-09-16 17:13:44+00,carrier_feed
1251be90-5098-5d6d-b4a7-d585ef6fbc7b,baada0db-839c-5d2b-bf81-b974078c2247,scheduled,,2024-09-02 08:51:35+00,2024-09-02 09:13:35+00,carrier_feed
1d1e3c5f-cd6c-56bb-90f2-e6c33af30eeb,baada0db-839c-5d2b-bf81-b974078c2247,in_transit,scheduled,2024-09-02 18:35:58+00,2024-09-02 18:50:58+00,carrier_feed
72eb413d-509c-57f4-96d1-ab6c58a2b837,baada0db-839c-5d2b-bf81-b974078c2247,delivered,in_transit,2024-09-18 02:10:28+00,2024-09-18 02:29:28+00,carrier_feed
e4fddd4d-9d8a-5771-b441-568df9113668,9434018d-a534-59d0-8976-027c9a59aa1d,scheduled,,2024-09-02 09:01:23+00,2024-09-02 09:34:23+00,carrier_feed
78a4249d-450a-5580-8f66-23bf0319467c,9434018d-a534-59d0-8976-027c9a59aa1d,in_transit,scheduled,2024-09-05 18:19:13+00,2024-09-05 18:39:13+00,carrier_feed
d45a2e9c-16d6-5100-8fe1-58e1ce9175b5,9434018d-a534-59d0-8976-027c9a59aa1d,delayed,in_transit,2024-09-26 00:23:42+00,2024-09-26 01:05:42+00,carrier_feed
b7557a4b-6cd9-5578-a016-289133479fe5,9434018d-a534-59d0-8976-027c9a59aa1d,delivered,delayed,2024-10-03 18:21:27+00,2024-10-03 19:03:27+00,carrier_feed
8dbe4ae1-e85e-5470-8a33-aecd48ac3857,2e722e2d-d5d0-5003-96bb-b0412b7da7ec,scheduled,,2024-09-02 08:56:25+00,2024-09-02 09:29:25+00,carrier_feed
453544e6-4d32-5993-9bea-369a8617ee0b,2e722e2d-d5d0-5003-96bb-b0412b7da7ec,in_transit,scheduled,2024-09-02 11:07:18+00,2024-09-02 11:40:18+00,carrier_feed
18a9c800-e645-5a1a-a48b-87f42fd1013d,2e722e2d-d5d0-5003-96bb-b0412b7da7ec,delivered,in_transit,2024-10-05 00:49:33+00,2024-10-05 00:55:33+00,carrier_feed
683c8e6b-5082-53d7-bab6-1080b317e4b7,c0710672-9094-528c-b9bf-6fec4be96e91,scheduled,,2024-09-02 08:09:35+00,2024-09-02 08:31:35+00,carrier_feed
8db53079-3071-5d43-86f1-4660a727be23,c0710672-9094-528c-b9bf-6fec4be96e91,in_transit,scheduled,2024-09-05 14:18:28+00,2024-09-05 14:29:28+00,carrier_feed
fbae17cd-8979-5945-a3cf-14db40b9365b,c0710672-9094-528c-b9bf-6fec4be96e91,delivered,in_transit,2024-09-25 09:45:31+00,2024-09-25 10:06:31+00,carrier_feed
7c47c53f-442a-5b05-b138-04f3ba25f63a,ce18d44a-6e1e-5e3a-8ae1-d6f61300a2fa,scheduled,,2024-09-09 08:41:04+00,2024-09-09 09:07:04+00,carrier_feed
beeb8a64-d85d-52ce-9208-6a6c9b7c92cb,ce18d44a-6e1e-5e3a-8ae1-d6f61300a2fa,in_transit,scheduled,2024-09-09 14:07:33+00,2024-09-09 14:46:33+00,carrier_feed
7b54bb68-a50c-571d-a443-ee9019ef650a,ce18d44a-6e1e-5e3a-8ae1-d6f61300a2fa,delivered,in_transit,2024-10-02 12:23:40+00,2024-10-02 13:02:40+00,carrier_feed
72b25e32-7321-57a7-99fc-1454f9beded8,35367180-4cf6-5670-a9a4-e40be89027a5,scheduled,,2024-09-09 08:39:53+00,2024-09-09 09:10:53+00,carrier_feed
e4bd1151-5fd6-5dcf-aee1-8c6451b7851e,35367180-4cf6-5670-a9a4-e40be89027a5,in_transit,scheduled,2024-09-12 11:13:00+00,2024-09-12 11:23:00+00,carrier_feed
e4671f69-328b-5462-95ff-68d5c4db1f7f,35367180-4cf6-5670-a9a4-e40be89027a5,delivered,in_transit,2024-09-27 07:37:47+00,2024-09-27 07:55:47+00,carrier_feed
24ea78c9-ae04-5569-8ccd-952272ccf5c7,b42f8ea0-ae94-56ac-9a13-951cd06800b5,scheduled,,2024-09-09 09:06:36+00,2024-09-09 09:36:36+00,carrier_feed
d7e6f0e7-11f2-54d9-b75b-0d9244b2628e,b42f8ea0-ae94-56ac-9a13-951cd06800b5,in_transit,scheduled,2024-09-12 16:29:38+00,2024-09-12 16:51:38+00,carrier_feed
401ca418-059c-5da7-b9ec-6cd1305d8dc8,b42f8ea0-ae94-56ac-9a13-951cd06800b5,delivered,in_transit,2024-09-17 22:33:02+00,2024-09-17 22:50:02+00,carrier_feed
24197426-3ef2-5015-844a-c3d46a721bec,190f2af5-5188-53f9-b706-0495fd493601,scheduled,,2024-09-09 08:22:00+00,2024-09-09 08:36:00+00,carrier_feed
2a823fcb-7e33-523c-b7f9-6020db07e642,190f2af5-5188-53f9-b706-0495fd493601,in_transit,scheduled,2024-09-11 17:23:19+00,2024-09-11 17:43:19+00,carrier_feed
e9e06947-3cb7-5e2a-b346-d7ee5e23737d,190f2af5-5188-53f9-b706-0495fd493601,delivered,in_transit,2024-10-06 18:01:02+00,2024-10-06 18:29:02+00,carrier_feed
e07684e9-405a-5489-9e10-8fa86d364602,b6782073-b133-5825-8e30-ab85b5b73869,scheduled,,2024-09-09 08:42:49+00,2024-09-09 09:23:49+00,carrier_feed
c067181b-0e32-57b3-8848-b28ddc0a3189,b6782073-b133-5825-8e30-ab85b5b73869,in_transit,scheduled,2024-09-11 16:19:32+00,2024-09-11 16:26:32+00,carrier_feed
8a26a6a8-c77f-5603-90ff-a61f50381993,b6782073-b133-5825-8e30-ab85b5b73869,delivered,in_transit,2024-10-05 14:02:58+00,2024-10-05 14:32:58+00,carrier_feed
df83ca51-c25c-5133-9559-e42f83b19872,39411679-08ec-5cd0-92e1-779477264822,scheduled,,2024-09-09 08:42:34+00,2024-09-09 09:02:34+00,carrier_feed
15f9ec4f-9ed6-5b35-a9a3-d01dc8afcf63,39411679-08ec-5cd0-92e1-779477264822,in_transit,scheduled,2024-09-12 16:02:43+00,2024-09-12 16:15:43+00,carrier_feed
4af6545f-4d7c-5e79-b4bf-a5031c96db1b,39411679-08ec-5cd0-92e1-779477264822,delayed,in_transit,2024-09-17 22:10:34+00,2024-09-17 22:47:34+00,carrier_feed
c2cdb30e-e68e-508b-81ac-69da3299d658,39411679-08ec-5cd0-92e1-779477264822,delivered,delayed,2024-09-20 16:34:44+00,2024-09-20 17:08:44+00,carrier_feed
74aad793-5894-5859-b2b5-b31317e986ef,f7a47b00-f978-50e4-a0af-44a9c59a11b9,scheduled,,2024-09-09 08:18:42+00,2024-09-09 08:51:42+00,carrier_feed
9b86b51d-df38-59db-8e0e-989fcf8094d5,f7a47b00-f978-50e4-a0af-44a9c59a11b9,in_transit,scheduled,2024-09-11 12:46:52+00,2024-09-11 13:11:52+00,carrier_feed
99e3db8d-4df2-5340-8fd0-f4c3c78b5e78,f7a47b00-f978-50e4-a0af-44a9c59a11b9,delivered,in_transit,2024-10-02 12:28:31+00,2024-10-02 12:54:31+00,carrier_feed
7025a077-9bc0-530b-ab66-d1dd4a1869a2,b2475bfa-d024-5a21-b66f-47a4350a4292,scheduled,,2024-09-09 08:13:55+00,2024-09-09 08:34:55+00,carrier_feed
9b20dcbf-4a0a-5d4a-8b77-0f36e31aa46d,b2475bfa-d024-5a21-b66f-47a4350a4292,in_transit,scheduled,2024-09-12 13:21:35+00,2024-09-12 13:58:35+00,carrier_feed
d091dd54-a3d3-5a2c-ab20-36a880160848,b2475bfa-d024-5a21-b66f-47a4350a4292,delivered,in_transit,2024-09-29 12:50:47+00,2024-09-29 13:13:47+00,carrier_feed
0c9ec62f-a576-5457-8c1a-088eafe22e24,a5f3dd31-f581-5dc8-b4a7-0f6cf93e7578,scheduled,,2024-09-09 09:15:38+00,2024-09-09 09:22:38+00,carrier_feed
e8e9692d-ecbf-5da6-99e1-746f3f7c9166,a5f3dd31-f581-5dc8-b4a7-0f6cf93e7578,in_transit,scheduled,2024-09-09 17:28:27+00,2024-09-09 17:33:27+00,carrier_feed
d2a47e70-6814-5e0f-acf8-e1f595b72010,a5f3dd31-f581-5dc8-b4a7-0f6cf93e7578,delivered,in_transit,2024-09-22 12:10:09+00,2024-09-22 12:33:09+00,carrier_feed
42982639-4dfb-5a9a-9825-0d5fc2c57195,d52e3443-94fb-52c1-b636-58a2855bc112,scheduled,,2024-09-09 09:15:09+00,2024-09-09 09:29:09+00,carrier_feed
e1019403-c6e7-54f8-b733-da9e554adf3c,d52e3443-94fb-52c1-b636-58a2855bc112,in_transit,scheduled,2024-09-09 18:17:33+00,2024-09-09 18:26:33+00,carrier_feed
ead93422-4ac1-5490-a5b5-9affdad7926f,d52e3443-94fb-52c1-b636-58a2855bc112,delivered,in_transit,2024-10-12 13:53:44+00,2024-10-12 13:58:44+00,carrier_feed
62c700fe-5e16-5dc6-99ae-7ad4345beca5,3ef26a23-6edf-5c55-b7e2-51c155ff557c,scheduled,,2024-09-09 08:48:34+00,2024-09-09 09:31:34+00,carrier_feed
0f6c1eb2-a084-5fb4-85cd-7a1f72aff4c7,3ef26a23-6edf-5c55-b7e2-51c155ff557c,in_transit,scheduled,2024-09-09 10:10:59+00,2024-09-09 10:51:59+00,carrier_feed
b86c978d-d3b0-54b0-a3d8-6b9688281c2b,3ef26a23-6edf-5c55-b7e2-51c155ff557c,delayed,in_transit,2024-09-14 16:13:22+00,2024-09-14 16:49:22+00,carrier_feed
d810c07a-a18e-5131-8903-d2ec3c8ae9e6,3ef26a23-6edf-5c55-b7e2-51c155ff557c,delivered,delayed,2024-09-17 10:42:15+00,2024-09-17 11:24:15+00,carrier_feed
d5c657e7-fbd3-5a62-94c8-9c0379736e3c,1b5ab2c1-9b1f-5654-a0c3-c6b25f51fe34,scheduled,,2024-09-09 09:00:41+00,2024-09-09 09:38:41+00,carrier_feed
81f53680-f3db-53f1-b7e6-ac7772292c84,1b5ab2c1-9b1f-5654-a0c3-c6b25f51fe34,in_transit,scheduled,2024-09-09 15:26:07+00,2024-09-09 16:04:07+00,carrier_feed
d0d257e9-4bec-5395-8346-b8fe887d2522,1b5ab2c1-9b1f-5654-a0c3-c6b25f51fe34,delivered,in_transit,2024-09-14 03:07:38+00,2024-09-14 03:33:38+00,carrier_feed
1516544a-39b9-5a19-9941-532aad57dcee,c70041b4-7a03-5f64-8441-d1be7b58fe96,scheduled,,2024-09-09 08:49:57+00,2024-09-09 09:23:57+00,carrier_feed
dc3d3609-2249-5a43-ae21-2d166c9455f3,c70041b4-7a03-5f64-8441-d1be7b58fe96,in_transit,scheduled,2024-09-11 11:08:04+00,2024-09-11 11:39:04+00,carrier_feed
96757d87-8db6-5552-9f71-45ab1ecd06ac,c70041b4-7a03-5f64-8441-d1be7b58fe96,delayed,in_transit,2024-10-07 17:35:10+00,2024-10-07 17:40:10+00,carrier_feed
ba5a807c-0c0f-5d57-a7d7-856585981c65,c70041b4-7a03-5f64-8441-d1be7b58fe96,delivered,delayed,2024-10-11 11:38:40+00,2024-10-11 11:47:40+00,carrier_feed
aae735a7-d2cf-5a1f-8e3f-7ac08f8cf71f,a9412ddf-4888-5826-a849-b197282656fe,scheduled,,2024-09-09 08:43:03+00,2024-09-09 09:24:03+00,carrier_feed
88ba42a3-46ae-57f8-9473-c308c770e278,a9412ddf-4888-5826-a849-b197282656fe,in_transit,scheduled,2024-09-11 11:59:16+00,2024-09-11 12:29:16+00,carrier_feed
0d7464e0-d10a-5fd5-b8b5-decc7f8d67a9,a9412ddf-4888-5826-a849-b197282656fe,delivered,in_transit,2024-09-29 05:29:24+00,2024-09-29 06:00:24+00,carrier_feed
c7be6f77-f8c9-5708-a907-940cec152f41,02cd7965-3945-5020-988e-90049ecf9ca9,scheduled,,2024-09-09 08:17:57+00,2024-09-09 08:46:57+00,carrier_feed
ac09bf13-2fe6-53eb-80fe-01ee86dbffd2,02cd7965-3945-5020-988e-90049ecf9ca9,in_transit,scheduled,2024-09-09 17:35:53+00,2024-09-09 18:08:53+00,carrier_feed
d0ba0fb8-499f-56fe-a106-8f29834061d6,02cd7965-3945-5020-988e-90049ecf9ca9,delivered,in_transit,2024-09-14 15:48:44+00,2024-09-14 16:29:44+00,carrier_feed
34ce9609-3052-5bd4-a048-0145bbd302bf,1930bfac-e417-5d19-87cf-1f73c7169983,scheduled,,2024-09-09 08:57:44+00,2024-09-09 09:15:44+00,carrier_feed
ab49e24f-1efd-59bf-856b-8a28100db24e,1930bfac-e417-5d19-87cf-1f73c7169983,in_transit,scheduled,2024-09-09 16:32:40+00,2024-09-09 17:14:40+00,carrier_feed
1765681a-650b-56f3-8dfb-8f6c5b1e77f0,1930bfac-e417-5d19-87cf-1f73c7169983,delivered,in_transit,2024-09-21 22:44:41+00,2024-09-21 23:25:41+00,carrier_feed
f8269c50-b52b-51b8-8ebb-cc6a69c24c8c,2593e3a6-d27e-5c1b-a86a-e0ac672b8cb1,scheduled,,2024-09-16 08:54:26+00,2024-09-16 09:10:26+00,carrier_feed
59e19608-c890-5d87-990f-6bcb12170170,2593e3a6-d27e-5c1b-a86a-e0ac672b8cb1,in_transit,scheduled,2024-09-16 11:21:51+00,2024-09-16 11:57:51+00,carrier_feed
a65d1947-2619-5080-9dd2-b6c39f50327e,2593e3a6-d27e-5c1b-a86a-e0ac672b8cb1,delivered,in_transit,2024-10-03 22:39:15+00,2024-10-03 23:18:15+00,carrier_feed
a0eb38de-a551-5aa2-9d71-f7666473a15a,e350231a-41a1-5f02-87c0-b4f33c5f076f,scheduled,,2024-09-16 08:59:20+00,2024-09-16 09:16:20+00,carrier_feed
2bfbd6c0-2b07-53c5-b5ff-a60c5e4f7825,e350231a-41a1-5f02-87c0-b4f33c5f076f,in_transit,scheduled,2024-09-18 13:03:17+00,2024-09-18 13:32:17+00,carrier_feed
d14a7ef1-47a3-505f-839c-a0d294eac825,e350231a-41a1-5f02-87c0-b4f33c5f076f,delivered,in_transit,2024-09-29 09:13:52+00,2024-09-29 09:58:52+00,carrier_feed
b43636bf-8c3e-57c9-9640-063c5cb71370,3cb106b7-ab0f-5604-a140-ca25d3fe8a09,scheduled,,2024-09-16 08:14:24+00,2024-09-16 08:21:24+00,carrier_feed
771c61c3-0454-5342-be98-31dc532010e8,3cb106b7-ab0f-5604-a140-ca25d3fe8a09,in_transit,scheduled,2024-09-19 16:52:07+00,2024-09-19 17:28:07+00,carrier_feed
52526de9-eca0-5d24-bdde-f11dd1216272,3cb106b7-ab0f-5604-a140-ca25d3fe8a09,delayed,in_transit,2024-09-25 22:54:40+00,2024-09-25 23:36:40+00,carrier_feed
b7a6aab2-eb25-5120-8216-88e61d0d219c,3cb106b7-ab0f-5604-a140-ca25d3fe8a09,delivered,delayed,2024-09-29 17:25:39+00,2024-09-29 18:03:39+00,carrier_feed
aee56cb7-7132-5869-a92b-589b082b95bb,d77c4f84-5746-5128-af56-466aea90c1dc,scheduled,,2024-09-16 08:49:10+00,2024-09-16 09:32:10+00,carrier_feed
f2da60e0-1811-50de-bef4-4e95371b7887,d77c4f84-5746-5128-af56-466aea90c1dc,in_transit,scheduled,2024-09-17 15:57:54+00,2024-09-17 16:04:54+00,carrier_feed
ea76f740-dd1c-55de-8951-60d029cbeeb6,d77c4f84-5746-5128-af56-466aea90c1dc,delivered,in_transit,2024-09-22 02:18:53+00,2024-09-22 02:59:53+00,carrier_feed
4f232075-cb21-54dd-8f6a-be98f99f7cab,0da847ee-c168-5ba5-a410-147731e0d76d,scheduled,,2024-09-16 08:56:11+00,2024-09-16 09:32:11+00,carrier_feed
e59f007b-165e-5aa7-a021-fc59aa1a5b34,0da847ee-c168-5ba5-a410-147731e0d76d,in_transit,scheduled,2024-09-17 15:39:54+00,2024-09-17 16:18:54+00,carrier_feed
e5cf7e69-9d0f-569f-9229-409dcd3f0e54,0da847ee-c168-5ba5-a410-147731e0d76d,delayed,in_transit,2024-10-13 21:43:15+00,2024-10-13 22:26:15+00,carrier_feed
efbcc5d6-99a5-5683-83ff-44b010a230f1,0da847ee-c168-5ba5-a410-147731e0d76d,delivered,delayed,2024-10-15 16:19:38+00,2024-10-15 17:04:38+00,carrier_feed
e75927e2-77c8-542e-88f4-5506c4fabfe0,dbd56065-0a08-5899-b205-fd9e024443a6,scheduled,,2024-09-16 09:14:13+00,2024-09-16 09:30:13+00,carrier_feed
9d079295-0057-59db-8291-88fc966f1805,dbd56065-0a08-5899-b205-fd9e024443a6,in_transit,scheduled,2024-09-17 14:37:22+00,2024-09-17 14:43:22+00,carrier_feed
99e6eaaf-d3a3-5319-a550-2616fbfb7cd5,dbd56065-0a08-5899-b205-fd9e024443a6,delivered,in_transit,2024-09-22 01:42:23+00,2024-09-22 02:18:23+00,carrier_feed
a0d53120-5ad5-5f66-b56a-da606e3233b7,5dd07ff3-b469-5761-800a-5f6b625348fa,scheduled,,2024-09-16 08:16:42+00,2024-09-16 08:57:42+00,carrier_feed
c8efc918-7b14-584c-84db-ac4881f817e9,5dd07ff3-b469-5761-800a-5f6b625348fa,in_transit,scheduled,2024-09-19 13:22:50+00,2024-09-19 13:59:50+00,carrier_feed
74e4087b-2d94-5f54-ae2b-a9c150ae4ed4,5dd07ff3-b469-5761-800a-5f6b625348fa,delivered,in_transit,2024-10-02 01:04:32+00,2024-10-02 01:24:32+00,carrier_feed
a7eff11d-89d2-5c90-8007-315a8e7f2b74,d4e06d1e-8251-5338-a043-d9dee2d9cacb,scheduled,,2024-09-16 08:58:08+00,2024-09-16 09:18:08+00,carrier_feed
d2e2abe2-dbdd-5a79-af28-ed8358f00b00,d4e06d1e-8251-5338-a043-d9dee2d9cacb,in_transit,scheduled,2024-09-18 15:19:56+00,2024-09-18 15:57:56+00,carrier_feed
19d22bb7-53d3-5edb-b4b2-8c12a16d91cd,d4e06d1e-8251-5338-a043-d9dee2d9cacb,delivered,in_transit,2024-10-03 23:45:44+00,2024-10-03 23:54:44+00,carrier_feed
031c8d4f-f9f9-5c9f-8f30-9f8deff73fe4,2ea6665f-fcd8-5f37-a765-a70d196d3dc6,scheduled,,2024-09-16 08:40:57+00,2024-09-16 08:45:57+00,carrier_feed
dcf24731-eb9e-5058-8836-1fa1e183ebe6,2ea6665f-fcd8-5f37-a765-a70d196d3dc6,in_transit,scheduled,2024-09-19 15:12:13+00,2024-09-19 15:23:13+00,carrier_feed
e78fd77a-37e2-5b61-9d35-06c3cb785881,2ea6665f-fcd8-5f37-a765-a70d196d3dc6,delivered,in_transit,2024-10-09 14:36:55+00,2024-10-09 14:53:55+00,carrier_feed
7ddba71f-293a-5e9c-aef9-4540bd793d39,d74ff358-7062-5fb1-a0f7-e2f8b66baf19,scheduled,,2024-09-16 08:58:15+00,2024-09-16 09:28:15+00,carrier_feed
80a35e21-15e6-531b-aeb8-cf598b5bc070,d74ff358-7062-5fb1-a0f7-e2f8b66baf19,in_transit,scheduled,2024-09-16 12:09:02+00,2024-09-16 12:22:02+00,carrier_feed
ae52c547-dac7-57cb-8797-66581417e235,d74ff358-7062-5fb1-a0f7-e2f8b66baf19,delivered,in_transit,2024-09-21 08:50:29+00,2024-09-21 09:12:29+00,carrier_feed
37471757-0749-5b98-9f92-f2180855a1aa,30acf5a6-cee5-58f2-8ca4-cdce6142e030,scheduled,,2024-09-16 09:14:21+00,2024-09-16 09:19:21+00,carrier_feed
3b8a1fdf-e170-5115-87c3-19860a6cb3fd,30acf5a6-cee5-58f2-8ca4-cdce6142e030,in_transit,scheduled,2024-09-18 11:17:56+00,2024-09-18 11:54:56+00,carrier_feed
44008df9-3a6a-55b7-b27e-b62a38d6addf,30acf5a6-cee5-58f2-8ca4-cdce6142e030,delivered,in_transit,2024-10-13 04:45:10+00,2024-10-13 05:02:10+00,carrier_feed
9d84564b-a891-51a9-9148-5ad9f34ea5e8,f6ea8444-c588-5f4c-b176-2c01723665b6,scheduled,,2024-09-16 09:20:58+00,2024-09-16 09:30:58+00,carrier_feed
76cb481c-c790-574b-a3b0-10cf3da9ccb3,f6ea8444-c588-5f4c-b176-2c01723665b6,in_transit,scheduled,2024-09-17 12:30:01+00,2024-09-17 13:14:01+00,carrier_feed
651fe8f7-3a3b-52dc-a762-fe9797fc46b8,f6ea8444-c588-5f4c-b176-2c01723665b6,delivered,in_transit,2024-10-12 17:56:09+00,2024-10-12 18:22:09+00,carrier_feed
65199753-ef17-5023-8198-4bec8f7de131,b631263f-6d80-5398-bdf4-3fc0a8fa3f3c,scheduled,,2024-09-16 08:22:55+00,2024-09-16 08:36:55+00,carrier_feed
6afd5e1c-8017-5323-91b7-9c6d87cf9249,b631263f-6d80-5398-bdf4-3fc0a8fa3f3c,in_transit,scheduled,2024-09-18 13:24:32+00,2024-09-18 13:53:32+00,carrier_feed
1303fdb3-8c03-5ce8-bfc6-215f48517d1c,b631263f-6d80-5398-bdf4-3fc0a8fa3f3c,delivered,in_transit,2024-10-13 21:07:10+00,2024-10-13 21:28:10+00,carrier_feed
87edaaa5-772d-545f-83df-fe259cac8c2f,fa27128a-c02a-52ee-a60f-eec9d2017c19,scheduled,,2024-09-16 09:10:21+00,2024-09-16 09:40:21+00,carrier_feed
90f2dda6-f1e3-5d56-915c-5cda878cd6e6,fa27128a-c02a-52ee-a60f-eec9d2017c19,in_transit,scheduled,2024-09-19 10:45:48+00,2024-09-19 11:20:48+00,carrier_feed
3fb2b2c0-ca74-5ed0-bb26-01aecc0f87af,fa27128a-c02a-52ee-a60f-eec9d2017c19,delivered,in_transit,2024-10-14 19:14:44+00,2024-10-14 19:37:44+00,carrier_feed
c9116612-7094-5257-9af8-ec9e068fd159,cdb7411c-addc-5a83-8e19-af8d4a508eb1,scheduled,,2024-09-23 09:17:18+00,2024-09-23 09:38:18+00,carrier_feed
3989e784-6f26-59ac-ac58-b8e6d60720e1,cdb7411c-addc-5a83-8e19-af8d4a508eb1,in_transit,scheduled,2024-09-23 10:55:31+00,2024-09-23 11:20:31+00,carrier_feed
3179a893-4f82-588c-912c-29ac8c45c9b4,cdb7411c-addc-5a83-8e19-af8d4a508eb1,delivered,in_transit,2024-09-28 00:32:02+00,2024-09-28 01:03:02+00,carrier_feed
f0790313-4f1e-5e86-addd-cd5cfe8aac44,9fa47101-c4c0-55c7-b86c-3aaf211a675b,scheduled,,2024-09-23 09:08:38+00,2024-09-23 09:25:38+00,carrier_feed
7c77b85f-43a7-59ec-8868-14f66aef0c9b,9fa47101-c4c0-55c7-b86c-3aaf211a675b,in_transit,scheduled,2024-09-26 14:35:33+00,2024-09-26 14:51:33+00,carrier_feed
02f1de67-5441-5cee-a3ea-5f473081dbec,9fa47101-c4c0-55c7-b86c-3aaf211a675b,delivered,in_transit,2024-10-05 13:08:15+00,2024-10-05 13:22:15+00,carrier_feed
337bbae0-d53f-57d1-acb2-89be745b3fb1,1bc6a3d3-3e2e-5b28-afa5-7f0c12cf0374,scheduled,,2024-09-23 08:35:52+00,2024-09-23 09:01:52+00,carrier_feed
d61ec533-ac86-5648-954d-91da8fbe206f,1bc6a3d3-3e2e-5b28-afa5-7f0c12cf0374,in_transit,scheduled,2024-09-25 13:42:54+00,2024-09-25 13:48:54+00,carrier_feed
65faecb2-6f7a-5eef-8963-9eb212892667,1bc6a3d3-3e2e-5b28-afa5-7f0c12cf0374,delivered,in_transit,2024-10-25 18:14:38+00,2024-10-25 18:42:38+00,carrier_feed
615cdaa1-0c4f-51bf-8e62-291321503ac6,f5c9ffc9-0930-5e39-9332-e37f8f5a3cfc,scheduled,,2024-09-23 08:59:25+00,2024-09-23 09:23:25+00,carrier_feed
70db2f79-654d-5d7f-a8eb-8eb68f09a28b,f5c9ffc9-0930-5e39-9332-e37f8f5a3cfc,in_transit,scheduled,2024-09-24 18:00:02+00,2024-09-24 18:29:02+00,carrier_feed
0b14906a-987e-5b24-8eed-15dd4b459c97,f5c9ffc9-0930-5e39-9332-e37f8f5a3cfc,delivered,in_transit,2024-10-18 17:40:15+00,2024-10-18 18:14:15+00,carrier_feed
23fa7e07-a42a-5da7-aecc-13e39b31aa7c,489dc309-1fce-5c3c-919b-c3f30bf70195,scheduled,,2024-09-23 08:55:56+00,2024-09-23 09:33:56+00,carrier_feed
30173c32-ca03-5bbb-97c2-f88b8039c93c,489dc309-1fce-5c3c-919b-c3f30bf70195,in_transit,scheduled,2024-09-24 11:17:30+00,2024-09-24 11:55:30+00,carrier_feed
4136bcbb-3479-5f59-b633-0ee940054efe,489dc309-1fce-5c3c-919b-c3f30bf70195,delivered,in_transit,2024-10-13 02:18:29+00,2024-10-13 02:41:29+00,carrier_feed
1f32a7a5-dcd5-57fe-9033-b2517732eea0,e7e12583-28b9-51b1-ad64-4ab3ad16ff32,scheduled,,2024-09-23 09:06:13+00,2024-09-23 09:43:13+00,carrier_feed
a4bf72b9-d51d-5629-8e9b-90990274478b,e7e12583-28b9-51b1-ad64-4ab3ad16ff32,in_transit,scheduled,2024-09-25 12:37:46+00,2024-09-25 13:17:46+00,carrier_feed
f358e01c-a559-5e87-a2b1-78d8c8e72140,e7e12583-28b9-51b1-ad64-4ab3ad16ff32,delivered,in_transit,2024-10-06 23:44:07+00,2024-10-06 23:49:07+00,carrier_feed
b0f76b4f-a1bc-54ad-89a7-ab22ee4f31bc,cb5312f1-559a-5287-b2b9-82dc7f43b768,scheduled,,2024-09-23 08:32:48+00,2024-09-23 09:00:48+00,carrier_feed
2919612b-8dbb-52e9-b528-db48e4a72a97,cb5312f1-559a-5287-b2b9-82dc7f43b768,in_transit,scheduled,2024-09-25 16:14:49+00,2024-09-25 16:55:49+00,carrier_feed
766478cd-87af-5cbe-9115-2349f4a02e64,cb5312f1-559a-5287-b2b9-82dc7f43b768,delivered,in_transit,2024-10-13 12:16:10+00,2024-10-13 12:42:10+00,carrier_feed
4070691b-4bb8-59a2-bc81-ecaac51bc01c,d3f2d676-c3c2-54a7-93de-23f87c7b48d4,scheduled,,2024-09-23 09:00:21+00,2024-09-23 09:21:21+00,carrier_feed
643ccb1b-6e63-5409-83f0-308fdf8974c7,d3f2d676-c3c2-54a7-93de-23f87c7b48d4,in_transit,scheduled,2024-09-26 15:09:56+00,2024-09-26 15:44:56+00,carrier_feed
2bb9d540-2032-5ad0-b99f-7501d788daa1,d3f2d676-c3c2-54a7-93de-23f87c7b48d4,delayed,in_transit,2024-10-22 21:29:08+00,2024-10-22 21:52:08+00,carrier_feed
90a88951-3182-5d1c-81aa-0459d606a0a5,d3f2d676-c3c2-54a7-93de-23f87c7b48d4,delivered,delayed,2024-10-30 15:34:38+00,2024-10-30 15:50:38+00,carrier_feed
e0036851-9401-51a1-b795-8342a9505d5e,d49cdd57-47d1-5977-a35b-c352886678c8,scheduled,,2024-09-23 08:50:23+00,2024-09-23 08:55:23+00,carrier_feed
2345d508-6149-5881-a66c-c29e42d1df92,d49cdd57-47d1-5977-a35b-c352886678c8,in_transit,scheduled,2024-09-23 11:31:28+00,2024-09-23 11:37:28+00,carrier_feed
a6311c89-116f-5568-8ec8-a4923d99d939,d49cdd57-47d1-5977-a35b-c352886678c8,delivered,in_transit,2024-10-11 12:06:29+00,2024-10-11 12:19:29+00,carrier_feed
d17a993b-2816-5a38-a9c7-3abeee7e43d1,2ddbb324-b4a8-5528-a9e7-1fa7101831ba,scheduled,,2024-09-23 08:50:24+00,2024-09-23 09:29:24+00,carrier_feed
8b3643da-9d42-51f1-8af1-979197e3a111,2ddbb324-b4a8-5528-a9e7-1fa7101831ba,in_transit,scheduled,2024-09-25 11:07:06+00,2024-09-25 11:48:06+00,carrier_feed
49924260-8059-5123-b549-a8d48fe22ecc,2ddbb324-b4a8-5528-a9e7-1fa7101831ba,delivered,in_transit,2024-09-30 03:10:03+00,2024-09-30 03:24:03+00,carrier_feed
c60967ec-b80e-5eea-8a36-cd8604058c74,1dfb36f9-3df9-5fcd-8b54-f8552caa5d43,scheduled,,2024-09-23 08:52:56+00,2024-09-23 09:11:56+00,carrier_feed
d17ef410-51a5-53ef-a168-e5b2c1b657ea,1dfb36f9-3df9-5fcd-8b54-f8552caa5d43,in_transit,scheduled,2024-09-24 14:07:06+00,2024-09-24 14:31:06+00,carrier_feed
2a776a16-2fff-5f32-b23d-d905ba33c589,1dfb36f9-3df9-5fcd-8b54-f8552caa5d43,delayed,in_transit,2024-10-15 20:41:32+00,2024-10-15 21:00:32+00,carrier_feed
99759d63-8467-5172-bbe2-d494f1967c7b,1dfb36f9-3df9-5fcd-8b54-f8552caa5d43,delivered,delayed,2024-10-21 14:43:55+00,2024-10-21 15:16:55+00,carrier_feed
35218486-ce52-53f0-9735-eff2653add58,1caa97f2-221b-5666-a1cb-5a70a7479ebc,scheduled,,2024-09-23 08:34:02+00,2024-09-23 08:45:02+00,carrier_feed
5d2aa325-d651-5a05-9e9b-d7e6ec664e26,1caa97f2-221b-5666-a1cb-5a70a7479ebc,in_transit,scheduled,2024-09-25 16:17:44+00,2024-09-25 16:40:44+00,carrier_feed
ab43841c-d096-5f85-8215-4cd58a544f35,1caa97f2-221b-5666-a1cb-5a70a7479ebc,delivered,in_transit,2024-10-20 12:32:00+00,2024-10-20 12:48:00+00,carrier_feed
88f3e07b-491f-5bd5-80b2-956ea58fd16e,88f9fe84-133b-5976-8bf9-667212df8372,scheduled,,2024-09-23 08:42:10+00,2024-09-23 09:05:10+00,carrier_feed
95ce04be-1cc3-56f5-baef-8cb67e67a838,88f9fe84-133b-5976-8bf9-667212df8372,in_transit,scheduled,2024-09-25 11:45:16+00,2024-09-25 12:02:16+00,carrier_feed
88c1dd9c-5599-52b5-b863-724465b8d541,88f9fe84-133b-5976-8bf9-667212df8372,delivered,in_transit,2024-10-05 11:25:13+00,2024-10-05 12:02:13+00,carrier_feed
bca07a13-c368-52d6-9b57-839e6b2475a8,b6b9f3ab-092e-55a5-8b88-9b8967b17d08,scheduled,,2024-09-23 09:01:17+00,2024-09-23 09:38:17+00,carrier_feed
73d1af5f-4f28-527d-802c-79712a513b69,b6b9f3ab-092e-55a5-8b88-9b8967b17d08,in_transit,scheduled,2024-09-23 17:17:21+00,2024-09-23 17:25:21+00,carrier_feed
d1bf2177-625d-5962-8669-ca8d85d4e2cb,b6b9f3ab-092e-55a5-8b88-9b8967b17d08,delivered,in_transit,2024-10-17 23:50:22+00,2024-10-18 00:02:22+00,carrier_feed
82672ba3-07d7-5ebd-b5ad-b7a698212495,fed2cadf-73b8-5744-8c98-85f24bc50422,scheduled,,2024-09-23 08:44:32+00,2024-09-23 09:04:32+00,carrier_feed
5c4de85a-64d4-5759-bd52-1ffbd67b4593,fed2cadf-73b8-5744-8c98-85f24bc50422,in_transit,scheduled,2024-09-26 16:54:06+00,2024-09-26 17:28:06+00,carrier_feed
82e11c15-1a9b-5883-b87c-b45ba7a67c43,fed2cadf-73b8-5744-8c98-85f24bc50422,delivered,in_transit,2024-10-28 14:14:37+00,2024-10-28 14:30:37+00,carrier_feed
6f54d68d-41d4-5797-a7d6-f102d03edec4,1b946a41-8a74-574b-845d-f1ab8d495de6,scheduled,,2024-09-23 09:09:36+00,2024-09-23 09:31:36+00,carrier_feed
80b8c29b-d223-5187-ae83-693cb4b6b4b4,1b946a41-8a74-574b-845d-f1ab8d495de6,in_transit,scheduled,2024-09-24 11:27:03+00,2024-09-24 12:10:03+00,carrier_feed
bde19dcc-110e-5985-b889-ad670a605747,1b946a41-8a74-574b-845d-f1ab8d495de6,delayed,in_transit,2024-10-20 17:44:36+00,2024-10-20 17:59:36+00,carrier_feed
4614883e-ca83-5716-ba15-c87742794d56,1b946a41-8a74-574b-845d-f1ab8d495de6,delivered,delayed,2024-10-22 12:01:26+00,2024-10-22 12:40:26+00,carrier_feed
3b0011dc-e657-54de-83bc-38ee49af2076,7a57c95b-a875-5bdb-b6e3-80446960d860,scheduled,,2024-09-30 09:00:14+00,2024-09-30 09:40:14+00,carrier_feed
71db2211-cb80-5001-8830-9765e2344ba8,7a57c95b-a875-5bdb-b6e3-80446960d860,in_transit,scheduled,2024-09-30 10:40:02+00,2024-09-30 11:03:02+00,carrier_feed
07439de8-ebf6-5828-925e-85454c6bb072,7a57c95b-a875-5bdb-b6e3-80446960d860,delivered,in_transit,2024-10-06 13:22:16+00,2024-10-06 13:29:16+00,carrier_feed
fbeb6b73-87a8-5667-b756-4c03b39d5d62,0c05368a-309f-54fb-b23d-277b78e3bd78,scheduled,,2024-09-30 09:01:53+00,2024-09-30 09:42:53+00,carrier_feed
7911dec5-d6f7-570d-a747-9ad1c65c1c2e,0c05368a-309f-54fb-b23d-277b78e3bd78,in_transit,scheduled,2024-09-30 16:16:16+00,2024-09-30 16:46:16+00,carrier_feed
bf8ab514-0c6e-50a7-9bf5-c621620a8cd0,0c05368a-309f-54fb-b23d-277b78e3bd78,delivered,in_transit,2024-10-31 06:21:46+00,2024-10-31 07:04:46+00,carrier_feed
d5c83aee-70aa-54fd-bc0e-3de16b09934f,78885443-699f-5880-8e7a-c7ce89eeae13,scheduled,,2024-09-30 08:40:49+00,2024-09-30 09:11:49+00,carrier_feed
2fe79ad7-2d76-5021-a73f-6434adacdc4c,78885443-699f-5880-8e7a-c7ce89eeae13,in_transit,scheduled,2024-10-03 13:04:42+00,2024-10-03 13:29:42+00,carrier_feed
5792c1dd-588f-51fd-9db6-29c723ab3217,78885443-699f-5880-8e7a-c7ce89eeae13,delivered,in_transit,2024-10-07 11:25:55+00,2024-10-07 12:01:55+00,carrier_feed
43373009-3493-5443-8795-5cc119dddf2e,b29f648b-1856-5ac4-ae99-72451bd6ed7d,scheduled,,2024-09-30 08:19:03+00,2024-09-30 08:38:03+00,carrier_feed
ea63c165-504b-59af-a74d-d6a5d9716412,b29f648b-1856-5ac4-ae99-72451bd6ed7d,in_transit,scheduled,2024-09-30 13:20:12+00,2024-09-30 13:58:12+00,carrier_feed
4e56302f-248b-5e09-ba71-d8acb9204745,b29f648b-1856-5ac4-ae99-72451bd6ed7d,delivered,in_transit,2024-10-21 03:04:19+00,2024-10-21 03:30:19+00,carrier_feed
cc4d9cca-fe25-5c75-81a6-9f1a2b34bc73,d3cb4ee8-e6fb-5573-90f1-b99da30c9be9,scheduled,,2024-09-30 08:33:49+00,2024-09-30 08:52:49+00,carrier_feed
d0e7267b-7850-59be-83c0-3b9e0b4e6cfa,d3cb4ee8-e6fb-5573-90f1-b99da30c9be9,in_transit,scheduled,2024-10-03 09:46:59+00,2024-10-03 10:31:59+00,carrier_feed
977d22fa-925a-5d87-95a8-6109042f9ffb,d3cb4ee8-e6fb-5573-90f1-b99da30c9be9,delayed,in_transit,2024-10-11 15:52:42+00,2024-10-11 16:26:42+00,carrier_feed
2764d899-86f4-5071-ab6c-fcbab5b97e59,d3cb4ee8-e6fb-5573-90f1-b99da30c9be9,delivered,delayed,2024-10-19 10:10:58+00,2024-10-19 10:35:58+00,carrier_feed
90c27e3f-91f1-5c54-b1a5-de2ea22392d0,5f37f582-b298-5323-b910-56638da2f694,scheduled,,2024-09-30 08:21:00+00,2024-09-30 08:32:00+00,carrier_feed
2d61f9b2-e8eb-5d06-b9f2-215249529bd6,5f37f582-b298-5323-b910-56638da2f694,in_transit,scheduled,2024-10-01 14:56:34+00,2024-10-01 15:12:34+00,carrier_feed
236af2b2-c386-5f24-9857-758587c16991,5f37f582-b298-5323-b910-56638da2f694,delivered,in_transit,2024-10-05 18:34:49+00,2024-10-05 18:48:49+00,carrier_feed
545fd7c2-720c-5869-bc92-9efc366b0bc1,15f64395-60ac-5e21-aa56-6205b5cdbd04,scheduled,,2024-09-30 08:37:18+00,2024-09-30 08:42:18+00,carrier_feed
0973797d-a1d8-57ed-b03e-3ee3aec11df7,15f64395-60ac-5e21-aa56-6205b5cdbd04,in_transit,scheduled,2024-10-02 14:09:13+00,2024-10-02 14:45:13+00,carrier_feed
19f38071-93a4-58ea-9a97-bf16b73a5a6a,15f64395-60ac-5e21-aa56-6205b5cdbd04,delivered,in_transit,2024-10-26 16:21:38+00,2024-10-26 16:34:38+00,carrier_feed
abecaf44-7431-530c-b5d3-57cda4fba3fe,7480bfad-7661-50c4-8d22-30e18dca706f,scheduled,,2024-09-30 08:52:41+00,2024-09-30 09:02:41+00,carrier_feed
f06f7168-9bec-54bd-9faa-41ff9d43633e,7480bfad-7661-50c4-8d22-30e18dca706f,in_transit,scheduled,2024-10-02 11:08:06+00,2024-10-02 11:33:06+00,carrier_feed
784ad137-d6a9-51ce-9844-3756b6a4da64,7480bfad-7661-50c4-8d22-30e18dca706f,delivered,in_transit,2024-10-27 04:16:13+00,2024-10-27 04:57:13+00,carrier_feed
777554dc-d130-5f00-b06a-99621fe8e9fc,01008c32-d750-52e6-9a74-b3bac8af1de4,scheduled,,2024-09-30 08:50:11+00,2024-09-30 09:29:11+00,carrier_feed
aa174459-3f99-503b-908d-66619b345616,01008c32-d750-52e6-9a74-b3bac8af1de4,in_transit,scheduled,2024-10-03 11:08:04+00,2024-10-03 11:53:04+00,carrier_feed
3b42f55e-d90f-5290-8ce3-67873eaaef29,01008c32-d750-52e6-9a74-b3bac8af1de4,delayed,in_transit,2024-10-24 17:10:17+00,2024-10-24 17:18:17+00,carrier_feed
f0c86479-6759-56b3-abcc-ccc5d82ea32d,01008c32-d750-52e6-9a74-b3bac8af1de4,delivered,delayed,2024-10-30 11:15:31+00,2024-10-30 11:41:31+00,carrier_feed
40e14699-7895-5b00-8990-9a2023417e59,1bea43b3-cb05-5233-8424-2c04cab9dd83,scheduled,,2024-09-30 08:58:55+00,2024-09-30 09:27:55+00,carrier_feed
38f93cd1-acf7-5d79-8894-7ae4239333ac,1bea43b3-cb05-5233-8424-2c04cab9dd83,in_transit,scheduled,2024-09-30 12:38:18+00,2024-09-30 12:43:18+00,carrier_feed
3f229e17-e409-59c5-a6d8-25dba87e9466,1bea43b3-cb05-5233-8424-2c04cab9dd83,delivered,in_transit,2024-10-25 16:54:21+00,2024-10-25 17:10:21+00,carrier_feed
9624c02f-61fc-5c85-bd01-f473aab1c4f8,af371e04-4524-57f3-b6bd-ebf415be7fb3,scheduled,,2024-09-30 08:52:30+00,2024-09-30 09:08:30+00,carrier_feed
458ae160-95e0-5ee0-a8f6-98f90ceaa4c4,af371e04-4524-57f3-b6bd-ebf415be7fb3,in_transit,scheduled,2024-10-02 10:28:25+00,2024-10-02 10:42:25+00,carrier_feed
9ec26259-56a1-509e-86e2-b7196200b905,af371e04-4524-57f3-b6bd-ebf415be7fb3,delayed,in_transit,2024-10-28 17:11:46+00,2024-10-28 17:33:46+00,carrier_feed
0ae9c7e1-b557-58a2-a106-15d627fc1336,af371e04-4524-57f3-b6bd-ebf415be7fb3,delivered,delayed,2024-11-01 11:07:04+00,2024-11-01 11:43:04+00,carrier_feed
bf9ff82f-c14d-5cc6-b622-2e370c2c74e3,2dd78c87-e8f5-5841-8e9d-688bb445f385,scheduled,,2024-09-30 08:17:12+00,2024-09-30 08:24:12+00,carrier_feed
7a344988-57df-5e22-8505-364ceb8808f8,2dd78c87-e8f5-5841-8e9d-688bb445f385,in_transit,scheduled,2024-10-03 14:45:51+00,2024-10-03 15:04:51+00,carrier_feed
ef2cabbc-635b-5ce6-9fad-c52dbc357d89,2dd78c87-e8f5-5841-8e9d-688bb445f385,delivered,in_transit,2024-10-08 01:48:50+00,2024-10-08 02:03:50+00,carrier_feed
7a477a5a-0423-59d6-ab77-f18288afa4f0,d3ed8682-47c0-5c58-800f-fda028ef323a,scheduled,,2024-09-30 09:27:43+00,2024-09-30 09:37:43+00,carrier_feed
167184bc-6d82-5c16-aedc-b4f4fd6c9cfe,d3ed8682-47c0-5c58-800f-fda028ef323a,in_transit,scheduled,2024-10-01 10:40:43+00,2024-10-01 11:00:43+00,carrier_feed
892bc187-506b-5dd4-9eb7-4d22c3a47b2e,d3ed8682-47c0-5c58-800f-fda028ef323a,delayed,in_transit,2024-10-27 17:19:42+00,2024-10-27 17:36:42+00,carrier_feed
5ef2d6e2-397a-50c2-9f71-1bf033c85019,d3ed8682-47c0-5c58-800f-fda028ef323a,delivered,delayed,2024-11-08 11:09:40+00,2024-11-08 11:43:40+00,carrier_feed
75961ae3-3495-5bb9-abc3-4f082fe82bae,90153bdc-e9ef-5c0c-a364-b96ae8dea6ee,scheduled,,2024-10-07 08:54:28+00,2024-10-07 09:33:28+00,carrier_feed
66a6c7e5-fecb-5bb2-adbb-d9a3df8ba44d,90153bdc-e9ef-5c0c-a364-b96ae8dea6ee,in_transit,scheduled,2024-10-08 14:21:46+00,2024-10-08 14:27:46+00,carrier_feed
3c7849bc-16fa-5e26-b09e-6a7a466de352,90153bdc-e9ef-5c0c-a364-b96ae8dea6ee,delivered,in_transit,2024-11-02 18:56:58+00,2024-11-02 19:04:58+00,carrier_feed
a38b00d3-eacb-5750-b23d-9e8eee4996f3,e7f98624-7ad6-50ed-a919-56794b5e94c8,scheduled,,2024-10-07 09:27:19+00,2024-10-07 09:56:19+00,carrier_feed
27f161ee-38c0-5d18-be6e-a5cd414f86a0,e7f98624-7ad6-50ed-a919-56794b5e94c8,in_transit,scheduled,2024-10-07 12:59:00+00,2024-10-07 13:38:00+00,carrier_feed
e6775dd8-7265-5cf2-9196-e048b2b6abea,e7f98624-7ad6-50ed-a919-56794b5e94c8,delivered,in_transit,2024-10-27 08:33:40+00,2024-10-27 08:57:40+00,carrier_feed
5e407fd2-03e7-54fc-9bc6-8c19e3750016,8ebbd27e-d5fc-5921-a09e-19ace58c76e5,scheduled,,2024-10-07 09:07:48+00,2024-10-07 09:12:48+00,carrier_feed
74bc73ef-4fb4-57c3-abe2-4c688640c8ce,8ebbd27e-d5fc-5921-a09e-19ace58c76e5,in_transit,scheduled,2024-10-10 10:13:17+00,2024-10-10 10:57:17+00,carrier_feed
432c184f-c501-515e-93b9-b25c1a295c61,8ebbd27e-d5fc-5921-a09e-19ace58c76e5,delivered,in_transit,2024-11-12 19:32:45+00,2024-11-12 20:03:45+00,carrier_feed
98b406ae-df02-5e57-a4ed-701dab4dd91c,e28fe0ed-9887-5240-a1fd-0676697db8a8,scheduled,,2024-10-07 09:14:42+00,2024-10-07 09:36:42+00,carrier_feed
e8fa1aff-3273-5a93-bc33-2fc322e9598d,e28fe0ed-9887-5240-a1fd-0676697db8a8,in_transit,scheduled,2024-10-10 12:34:18+00,2024-10-10 12:48:18+00,carrier_feed
96c9438b-3c66-5514-93c9-0ed93057ad72,e28fe0ed-9887-5240-a1fd-0676697db8a8,delivered,in_transit,2024-10-23 21:54:01+00,2024-10-23 22:35:01+00,carrier_feed
5293a895-2a65-53b9-a49c-f7ec2920897f,460d8e43-f616-5950-b464-6028492ee19b,scheduled,,2024-10-07 09:12:47+00,2024-10-07 09:31:47+00,carrier_feed
b6ca178b-3670-571f-9e7f-4d2842b347fe,460d8e43-f616-5950-b464-6028492ee19b,in_transit,scheduled,2024-10-09 16:49:41+00,2024-10-09 17:29:41+00,carrier_feed
6747ee34-ef1a-5300-931a-cbbf16790d23,460d8e43-f616-5950-b464-6028492ee19b,delivered,in_transit,2024-10-29 18:18:46+00,2024-10-29 18:46:46+00,carrier_feed
72b31ce0-3c30-54e5-9ba6-9f7c5f77c2ef,5ecfe8bc-c33d-5b82-a184-598b4242f381,scheduled,,2024-10-07 09:18:05+00,2024-10-07 09:43:05+00,carrier_feed
75728755-948e-53e8-96a5-8b031477fe13,5ecfe8bc-c33d-5b82-a184-598b4242f381,in_transit,scheduled,2024-10-09 14:49:09+00,2024-10-09 15:17:09+00,carrier_feed
e0bfa3c5-ef21-53a4-ba82-3f61cc4e49e4,5ecfe8bc-c33d-5b82-a184-598b4242f381,delayed,in_transit,2024-10-28 21:14:32+00,2024-10-28 21:21:32+00,carrier_feed
453004a6-7702-5407-bcce-3b5cd726bb48,5ecfe8bc-c33d-5b82-a184-598b4242f381,delivered,delayed,2024-11-05 15:10:24+00,2024-11-05 15:43:24+00,carrier_feed
439d41da-1690-5f4c-b027-96188e03f7b6,2d41cd85-1ac1-55ca-87b3-aeffb3228321,scheduled,,2024-10-07 09:03:54+00,2024-10-07 09:48:54+00,carrier_feed
c599c286-f4ea-5909-bc83-40d3f4f55f1c,2d41cd85-1ac1-55ca-87b3-aeffb3228321,in_transit,scheduled,2024-10-07 17:35:26+00,2024-10-07 18:17:26+00,carrier_feed
8ebbf31c-2539-5ef0-90b5-ce23dc2717d2,2d41cd85-1ac1-55ca-87b3-aeffb3228321,delivered,in_transit,2024-11-01 16:10:55+00,2024-11-01 16:27:55+00,carrier_feed
b46cca56-72db-5b9c-b02d-4307379bd6c8,4349e121-a6d6-517f-bb69-d9eb3eea59b4,scheduled,,2024-10-07 08:34:53+00,2024-10-07 08:50:53+00,carrier_feed
e30056bc-d4c0-5054-a331-899ed07b2a13,4349e121-a6d6-517f-bb69-d9eb3eea59b4,in_transit,scheduled,2024-10-10 16:10:09+00,2024-10-10 16:15:09+00,carrier_feed
62b4535d-5099-5295-b032-87ad6ec01b5d,4349e121-a6d6-517f-bb69-d9eb3eea59b4,delivered,in_transit,2024-10-15 10:44:40+00,2024-10-15 10:51:40+00,carrier_feed
0db6922c-9e60-5f60-8827-9f70b3dfcf45,6f89ac50-70cb-5227-b7af-8ba190532bf1,scheduled,,2024-10-07 08:38:28+00,2024-10-07 09:16:28+00,carrier_feed
8bf9efe0-9b89-5aac-9ace-157d75de439c,6f89ac50-70cb-5227-b7af-8ba190532bf1,in_transit,scheduled,2024-10-08 12:50:30+00,2024-10-08 13:03:30+00,carrier_feed
f30e7e4c-3e5e-52c5-a677-4efdd7a98008,6f89ac50-70cb-5227-b7af-8ba190532bf1,delivered,in_transit,2024-11-01 15:25:44+00,2024-11-01 15:38:44+00,carrier_feed
9ce361df-a4dd-5bb5-8e28-5a1fe04116c1,7d5cd7ee-5b59-513b-90de-f1a65ce15313,scheduled,,2024-10-07 08:12:52+00,2024-10-07 08:36:52+00,carrier_feed
c7c178bd-dda3-5ed5-99fb-ea333cc83846,7d5cd7ee-5b59-513b-90de-f1a65ce15313,in_transit,scheduled,2024-10-08 12:19:40+00,2024-10-08 12:41:40+00,carrier_feed
4c466dae-f9e1-5e68-beea-ea8218943650,7d5cd7ee-5b59-513b-90de-f1a65ce15313,delivered,in_transit,2024-11-01 16:21:56+00,2024-11-01 17:03:56+00,carrier_feed
fb4b9fea-79cc-57bd-a9e7-24063c4e4713,58c2114f-3bca-56e0-9285-f465403d8019,scheduled,,2024-10-14 09:11:45+00,2024-10-14 09:23:45+00,carrier_feed
5203bf40-4138-547d-b2ee-51929460d1d9,58c2114f-3bca-56e0-9285-f465403d8019,in_transit,scheduled,2024-10-16 18:38:20+00,2024-10-16 18:57:20+00,carrier_feed
d5c692eb-b5e0-59c5-9164-6be9d644fadf,58c2114f-3bca-56e0-9285-f465403d8019,delivered,in_transit,2024-11-05 17:41:19+00,2024-11-05 17:48:19+00,carrier_feed
52759f64-1feb-5fd2-87ce-179b186e1074,580e4cf9-be35-581d-8502-c5d2e965738a,scheduled,,2024-10-14 08:40:02+00,2024-10-14 09:25:02+00,carrier_feed
da34815c-7dce-57de-8494-0e7553b4d4df,580e4cf9-be35-581d-8502-c5d2e965738a,in_transit,scheduled,2024-10-17 15:40:05+00,2024-10-17 16:09:05+00,carrier_feed
4c671f75-0f93-510c-922d-d0bfacb978b2,580e4cf9-be35-581d-8502-c5d2e965738a,delivered,in_transit,2024-11-02 06:40:46+00,2024-11-02 06:51:46+00,carrier_feed
7396f821-bf92-5f45-b62a-4b490f892c2a,8fa65247-0a40-54cf-8c5b-d109608f4042,scheduled,,2024-10-14 08:48:47+00,2024-10-14 08:53:47+00,carrier_feed
fdb5d488-61df-5486-803d-541d02f0d05b,8fa65247-0a40-54cf-8c5b-d109608f4042,in_transit,scheduled,2024-10-14 16:10:50+00,2024-10-14 16:47:50+00,carrier_feed
036776e4-2348-5461-8326-cb603c57f1ad,8fa65247-0a40-54cf-8c5b-d109608f4042,delivered,in_transit,2024-11-01 04:51:09+00,2024-11-01 05:19:09+00,carrier_feed
bb5c8159-49d5-5b0d-bd71-dd3ce241ebdf,82490ee6-9bf1-5d44-ab13-58fc2d9009b4,scheduled,,2024-10-14 08:28:33+00,2024-10-14 08:53:33+00,carrier_feed
6ded7567-090d-5639-97aa-6293c3e2c32f,82490ee6-9bf1-5d44-ab13-58fc2d9009b4,in_transit,scheduled,2024-10-14 13:38:35+00,2024-10-14 14:14:35+00,carrier_feed
ce9bcec2-9ec0-5106-98f0-bf37e2d9adb9,82490ee6-9bf1-5d44-ab13-58fc2d9009b4,delivered,in_transit,2024-11-08 11:49:05+00,2024-11-08 11:57:05+00,carrier_feed
a305b469-fd02-5df9-a174-f6a19d5fce64,62c344bd-8ea5-52f9-b090-6f26e1cc807e,scheduled,,2024-10-14 08:07:36+00,2024-10-14 08:29:36+00,carrier_feed
5940676c-dc50-5f35-9a97-c2f5050b00b1,62c344bd-8ea5-52f9-b090-6f26e1cc807e,in_transit,scheduled,2024-10-15 11:38:09+00,2024-10-15 11:50:09+00,carrier_feed
547bcce2-e8a3-52cc-80ee-522e6c0e934c,62c344bd-8ea5-52f9-b090-6f26e1cc807e,delivered,in_transit,2024-11-08 16:49:50+00,2024-11-08 17:31:50+00,carrier_feed
27a7e83f-a063-5bb4-bcf8-8a02f6a03a15,e55a5bcc-2e4d-5058-b63c-62c4f11eb18b,scheduled,,2024-10-14 08:44:30+00,2024-10-14 09:01:30+00,carrier_feed
cfed995b-831e-5d6b-b9a2-b4f1ce3d92d7,e55a5bcc-2e4d-5058-b63c-62c4f11eb18b,in_transit,scheduled,2024-10-17 17:24:05+00,2024-10-17 17:55:05+00,carrier_feed
fb4488be-3dae-5dd4-8c13-0ab4ec4edfc0,e55a5bcc-2e4d-5058-b63c-62c4f11eb18b,delivered,in_transit,2024-11-12 11:49:44+00,2024-11-12 12:10:44+00,carrier_feed
8bde8938-db3c-5f72-94fe-bb0dd3ce0bb8,9b269607-acf1-5c82-ae38-8e11dac9e867,scheduled,,2024-10-14 08:41:26+00,2024-10-14 08:46:26+00,carrier_feed
1ae6797e-7e8b-5eee-8fb2-87d85715e0f6,9b269607-acf1-5c82-ae38-8e11dac9e867,in_transit,scheduled,2024-10-16 16:13:30+00,2024-10-16 16:42:30+00,carrier_feed
fb0f94eb-26ed-54b9-987e-baf6c50b52de,9b269607-acf1-5c82-ae38-8e11dac9e867,delivered,in_transit,2024-11-10 11:42:16+00,2024-11-10 12:04:16+00,carrier_feed
fe1e7fe7-cf3c-58f1-bc69-8b9902299ad1,d9267489-11c3-58ad-9784-3f511e137223,scheduled,,2024-10-14 08:23:13+00,2024-10-14 08:34:13+00,carrier_feed
ab7d62c1-1797-5eb8-abf9-9fcf41e01743,d9267489-11c3-58ad-9784-3f511e137223,in_transit,scheduled,2024-10-16 14:49:41+00,2024-10-16 15:17:41+00,carrier_feed
46e3ef88-56ff-583e-8e27-fad54c308517,d9267489-11c3-58ad-9784-3f511e137223,delivered,in_transit,2024-11-10 15:25:20+00,2024-11-10 15:36:20+00,carrier_feed
7beb4807-1109-5ffb-ba54-2bc88e67be22,0d4834cd-9172-55ce-888d-65c93bb2e0a0,scheduled,,2024-10-14 09:10:12+00,2024-10-14 09:22:12+00,carrier_feed
677d5eae-100c-5dc6-9487-e17efef019ac,0d4834cd-9172-55ce-888d-65c93bb2e0a0,in_transit,scheduled,2024-10-15 13:54:04+00,2024-10-15 14:31:04+00,carrier_feed
69b1de3a-dd48-5dc9-afba-60b3a18dd482,0d4834cd-9172-55ce-888d-65c93bb2e0a0,delivered,in_transit,2024-11-10 06:01:46+00,2024-11-10 06:14:46+00,carrier_feed
1ac180a8-2152-5b66-8c51-bfde069738da,d0863612-704f-58bf-953f-5e4fd57a2b61,scheduled,,2024-10-14 08:18:00+00,2024-10-14 08:34:00+00,carrier_feed
4a34e620-427e-5f62-a744-3c20452db2c2,d0863612-704f-58bf-953f-5e4fd57a2b61,in_transit,scheduled,2024-10-14 13:41:13+00,2024-10-14 13:56:13+00,carrier_feed
975ef33c-6315-5670-8dfd-d02cc0392bce,d0863612-704f-58bf-953f-5e4fd57a2b61,delivered,in_transit,2024-10-19 03:20:09+00,2024-10-19 03:43:09+00,carrier_feed
abb8c8d4-cfb5-5e7e-ae6e-e9eea043fff4,f9b6ee02-3b3a-55ef-b755-b0aded179443,scheduled,,2024-10-14 08:29:03+00,2024-10-14 08:41:03+00,carrier_feed
dfd81a51-3214-5db6-926b-475c5b86f38c,f9b6ee02-3b3a-55ef-b755-b0aded179443,in_transit,scheduled,2024-10-14 17:58:47+00,2024-10-14 18:17:47+00,carrier_feed
b74e04a6-2ca0-54ba-bda6-aeb6bf943e1a,f9b6ee02-3b3a-55ef-b755-b0aded179443,delivered,in_transit,2024-11-09 09:33:07+00,2024-11-09 09:48:07+00,carrier_feed
87bba7f7-8e8d-5ebc-a339-a5a1f76fefc8,b3712e8d-140e-56ad-8c5f-31023b6a9bc4,scheduled,,2024-10-14 09:00:39+00,2024-10-14 09:41:39+00,carrier_feed
208ca168-8d97-5786-8dc4-ca5f9e0b4201,b3712e8d-140e-56ad-8c5f-31023b6a9bc4,in_transit,scheduled,2024-10-15 15:44:46+00,2024-10-15 16:12:46+00,carrier_feed
ecc8735b-5155-57c7-a82c-1af978fce8c8,b3712e8d-140e-56ad-8c5f-31023b6a9bc4,delivered,in_transit,2024-11-10 04:47:35+00,2024-11-10 04:55:35+00,carrier_feed
d8a11155-2451-5c60-b178-9f7f7fcdac85,1b519c9d-2cf1-5290-bd17-5f68257e1324,scheduled,,2024-10-14 08:11:49+00,2024-10-14 08:20:49+00,carrier_feed
6b97d100-d11d-51b2-ab8e-450a58ac8233,1b519c9d-2cf1-5290-bd17-5f68257e1324,in_transit,scheduled,2024-10-16 11:37:00+00,2024-10-16 11:43:00+00,carrier_feed
a48e6eb4-37e0-51e8-8bc7-86de5f2bcf2c,1b519c9d-2cf1-5290-bd17-5f68257e1324,delivered,in_transit,2024-10-20 15:55:02+00,2024-10-20 16:08:02+00,carrier_feed
f1844f35-c90f-5b2b-b012-d30e27531594,edbeeb2a-6005-5ad5-9819-4a03f17638d9,scheduled,,2024-10-14 08:44:07+00,2024-10-14 09:04:07+00,carrier_feed
c0448910-dd45-5814-8fc8-1cb5b677a73d,edbeeb2a-6005-5ad5-9819-4a03f17638d9,in_transit,scheduled,2024-10-14 17:29:06+00,2024-10-14 17:45:06+00,carrier_feed
4598c4c6-623c-508f-99e6-51442f2590d2,edbeeb2a-6005-5ad5-9819-4a03f17638d9,delivered,in_transit,2024-10-19 04:04:53+00,2024-10-19 04:21:53+00,carrier_feed
e0b209a7-af7b-500b-91a7-1dc950c77a9e,28e62b69-6d4e-5bc0-8eda-25562179ba73,scheduled,,2024-10-14 08:06:45+00,2024-10-14 08:21:45+00,carrier_feed
4d036534-bc55-5945-925a-06bd486d7a39,28e62b69-6d4e-5bc0-8eda-25562179ba73,in_transit,scheduled,2024-10-16 12:11:52+00,2024-10-16 12:23:52+00,carrier_feed
59c8f85d-21d8-529c-ab21-989b84f14042,28e62b69-6d4e-5bc0-8eda-25562179ba73,delayed,in_transit,2024-11-11 18:17:53+00,2024-11-11 18:35:53+00,carrier_feed
4a493d28-1760-5e27-b1c5-6cd799323925,28e62b69-6d4e-5bc0-8eda-25562179ba73,delivered,delayed,2024-11-12 12:26:40+00,2024-11-12 13:07:40+00,carrier_feed
274aae9b-0511-59b4-b629-4bc1805fa778,06ce9e3b-b972-5c71-ab3b-a55906795f6d,scheduled,,2024-10-14 08:30:59+00,2024-10-14 09:11:59+00,carrier_feed
7fbed4ed-1899-5d32-b106-7966789fc7a1,06ce9e3b-b972-5c71-ab3b-a55906795f6d,in_transit,scheduled,2024-10-14 16:01:21+00,2024-10-14 16:46:21+00,carrier_feed
7d8ad5da-dbc9-57ec-a7b1-d10308019fbc,06ce9e3b-b972-5c71-ab3b-a55906795f6d,delivered,in_transit,2024-11-09 05:45:33+00,2024-11-09 05:58:33+00,carrier_feed
84550e92-f973-54ff-a0b7-659352e1e5cb,e78d9d04-19c2-5cc7-899f-a26f3481d819,scheduled,,2024-10-14 08:20:09+00,2024-10-14 08:59:09+00,carrier_feed
0c7d5c42-1e07-5286-b795-19a12106d3c6,e78d9d04-19c2-5cc7-899f-a26f3481d819,in_transit,scheduled,2024-10-17 10:27:17+00,2024-10-17 10:52:17+00,carrier_feed
fd408949-3ea1-5fae-bc42-b3d6a8951d8c,e78d9d04-19c2-5cc7-899f-a26f3481d819,delivered,in_transit,2024-11-17 07:35:18+00,2024-11-17 08:12:18+00,carrier_feed
5986c8f5-0ec6-53d5-9a7b-a3b3bdfa3e89,05bc0308-58ce-56df-b7c7-5091316209d8,scheduled,,2024-10-14 08:16:06+00,2024-10-14 08:28:06+00,carrier_feed
16875870-1df6-5506-86e1-428a299c6244,05bc0308-58ce-56df-b7c7-5091316209d8,in_transit,scheduled,2024-10-17 10:28:51+00,2024-10-17 10:51:51+00,carrier_feed
1b353595-c42f-587d-8bf2-31b6801f6635,05bc0308-58ce-56df-b7c7-5091316209d8,delivered,in_transit,2024-11-16 20:38:45+00,2024-11-16 20:54:45+00,carrier_feed
19235947-5e2c-5de4-bb2d-48c89952b52b,4b7a8992-99f0-57f0-a8c6-d8e16484c6d1,scheduled,,2024-10-14 09:19:00+00,2024-10-14 09:55:00+00,carrier_feed
63edafcb-a15f-53c3-a6b5-5e545993e07f,4b7a8992-99f0-57f0-a8c6-d8e16484c6d1,in_transit,scheduled,2024-10-15 11:59:19+00,2024-10-15 12:18:19+00,carrier_feed
914bcd11-5df4-583e-8759-fc61977f520f,4b7a8992-99f0-57f0-a8c6-d8e16484c6d1,delivered,in_transit,2024-11-14 06:17:40+00,2024-11-14 06:42:40+00,carrier_feed
968c58a1-52cc-535c-9797-0f83e862b9f9,0e5cbb99-92b2-5e40-be5b-dea811f081b6,scheduled,,2024-10-14 08:53:51+00,2024-10-14 09:00:51+00,carrier_feed
6b669fa5-1c22-5b79-b3a7-bd69bace1aac,0e5cbb99-92b2-5e40-be5b-dea811f081b6,in_transit,scheduled,2024-10-17 11:33:56+00,2024-10-17 11:49:56+00,carrier_feed
76f0e2b6-fb7e-5731-aead-06ddf94d5abc,0e5cbb99-92b2-5e40-be5b-dea811f081b6,delayed,in_transit,2024-11-02 18:09:10+00,2024-11-02 18:22:10+00,carrier_feed
18a93652-df3f-5d50-a334-684a4a774b10,0e5cbb99-92b2-5e40-be5b-dea811f081b6,delivered,delayed,2024-11-25 11:46:32+00,2024-11-25 11:57:32+00,carrier_feed
f51e7c82-30e1-5baa-9b40-5d0b0b466ed5,cbd7cef9-7e4f-511c-b283-0bfe35ccf618,scheduled,,2024-10-14 08:30:39+00,2024-10-14 08:52:39+00,carrier_feed
d92b28ac-510a-5d4d-85cc-7855e5fa1f80,cbd7cef9-7e4f-511c-b283-0bfe35ccf618,in_transit,scheduled,2024-10-17 14:14:39+00,2024-10-17 14:58:39+00,carrier_feed
dcbd956e-1a73-59d3-9ee7-6a3797d6fd18,cbd7cef9-7e4f-511c-b283-0bfe35ccf618,delivered,in_transit,2024-11-07 07:51:00+00,2024-11-07 08:01:00+00,carrier_feed
42339816-6e3b-535d-a55d-35eee96a00a3,c003125d-75f6-5861-88ac-41167131da7f,scheduled,,2024-10-14 08:43:07+00,2024-10-14 09:13:07+00,carrier_feed
85433d05-77be-5083-aa8d-a16ee400744d,c003125d-75f6-5861-88ac-41167131da7f,in_transit,scheduled,2024-10-14 14:47:54+00,2024-10-14 14:57:54+00,carrier_feed
47cac8a0-6fcb-5289-89b1-53dccaf33008,c003125d-75f6-5861-88ac-41167131da7f,delivered,in_transit,2024-11-09 10:26:30+00,2024-11-09 10:34:30+00,carrier_feed
f5c320ce-4f83-5e67-90f6-a34f3f652325,6d051106-701e-5433-8646-83662e918295,scheduled,,2024-10-21 08:35:51+00,2024-10-21 08:45:51+00,carrier_feed
a3922b09-c4af-51f2-bde4-6f416b4bbfc0,6d051106-701e-5433-8646-83662e918295,in_transit,scheduled,2024-10-21 16:36:03+00,2024-10-21 17:19:03+00,carrier_feed
8c2ac2ed-9561-54b9-8b8c-aeea1270ea8d,6d051106-701e-5433-8646-83662e918295,delivered,in_transit,2024-11-14 12:45:14+00,2024-11-14 13:27:14+00,carrier_feed
115b0562-49d4-5b4a-a9e8-81df53236b8d,70c6bd52-8a3f-5488-b368-d59643d75a6f,scheduled,,2024-10-21 08:37:37+00,2024-10-21 09:03:37+00,carrier_feed
a85b8a4e-4c0f-521a-8d9b-5b9a61699038,70c6bd52-8a3f-5488-b368-d59643d75a6f,in_transit,scheduled,2024-10-21 11:08:04+00,2024-10-21 11:27:04+00,carrier_feed
bcc2a2ed-16c0-5893-8918-c758eed79126,70c6bd52-8a3f-5488-b368-d59643d75a6f,delivered,in_transit,2024-11-07 06:18:22+00,2024-11-07 06:32:22+00,carrier_feed
813a4d3c-5545-5d10-825a-e4ff1afe3c48,9cb149ef-3d4a-57d0-8778-07f76efeee8c,scheduled,,2024-10-21 08:19:50+00,2024-10-21 08:29:50+00,carrier_feed
5e50b59f-84ec-5c90-87a5-ae4b7ca0534b,9cb149ef-3d4a-57d0-8778-07f76efeee8c,in_transit,scheduled,2024-10-21 13:02:29+00,2024-10-21 13:07:29+00,carrier_feed
0ea400c6-06f1-5462-9882-bf32f0c809ad,9cb149ef-3d4a-57d0-8778-07f76efeee8c,delayed,in_transit,2024-11-03 19:29:10+00,2024-11-03 19:55:10+00,carrier_feed
6f2fdf8f-cd2c-5f3a-883b-1a792f60aa67,9cb149ef-3d4a-57d0-8778-07f76efeee8c,delivered,delayed,2024-11-07 13:35:04+00,2024-11-07 14:19:04+00,carrier_feed
701f5652-acfb-51f1-84ef-9ec1c9be8e5a,b1d3aea5-5b92-534b-b8d9-736086a74d12,scheduled,,2024-10-21 08:56:49+00,2024-10-21 09:31:49+00,carrier_feed
6572ccd7-7879-57c6-abf9-2d7e68f02fca,b1d3aea5-5b92-534b-b8d9-736086a74d12,in_transit,scheduled,2024-10-21 15:20:59+00,2024-10-21 15:57:59+00,carrier_feed
25e5875a-576e-5abf-9ba7-2b909936b662,b1d3aea5-5b92-534b-b8d9-736086a74d12,delayed,in_transit,2024-11-16 21:24:18+00,2024-11-16 21:48:18+00,carrier_feed
9cc5c14d-10ad-56f5-b690-84b02ef751bb,b1d3aea5-5b92-534b-b8d9-736086a74d12,delivered,delayed,2024-11-28 15:44:10+00,2024-11-28 16:00:10+00,carrier_feed
30246ebf-06e1-56ec-a026-e7aad160fc2f,7a494fd3-d476-5e03-94fc-c636c1cf82d8,scheduled,,2024-10-21 08:58:27+00,2024-10-21 09:37:27+00,carrier_feed
c3ca5b81-3f9d-5abe-a991-e3107a7a0ac2,7a494fd3-d476-5e03-94fc-c636c1cf82d8,in_transit,scheduled,2024-10-23 16:18:35+00,2024-10-23 16:28:35+00,carrier_feed
94c374fd-58d1-51d1-a9f7-fa6d40c0de77,7a494fd3-d476-5e03-94fc-c636c1cf82d8,delivered,in_transit,2024-11-26 14:58:31+00,2024-11-26 15:21:31+00,carrier_feed
b15fc57f-b1eb-599d-8c08-05758842c906,06a6c0c5-f741-502f-a155-e3e40749340b,scheduled,,2024-10-21 08:55:38+00,2024-10-21 09:15:38+00,carrier_feed
f70220fd-edf4-5e93-a576-399a68db97fc,06a6c0c5-f741-502f-a155-e3e40749340b,in_transit,scheduled,2024-10-22 16:29:18+00,2024-10-22 17:14:18+00,carrier_feed
d8d58f9f-865c-5c8c-ae46-3fbad7a51791,06a6c0c5-f741-502f-a155-e3e40749340b,delivered,in_transit,2024-12-02 21:30:16+00,2024-12-02 21:55:16+00,carrier_feed
486bef90-e8ed-53d4-b511-7cb80f212a9b,37ea601d-6cd2-56e1-a6fb-2757dd56ec97,scheduled,,2024-10-21 08:40:35+00,2024-10-21 08:52:35+00,carrier_feed
f5e4023d-e869-5328-a4f4-b22cff3eac05,37ea601d-6cd2-56e1-a6fb-2757dd56ec97,in_transit,scheduled,2024-10-22 09:55:07+00,2024-10-22 10:39:07+00,carrier_feed
efcf6a2d-1f2f-57d6-9605-8fea53e91fd1,37ea601d-6cd2-56e1-a6fb-2757dd56ec97,delivered,in_transit,2024-11-04 01:33:01+00,2024-11-04 01:57:01+00,carrier_feed
81816c1a-82ff-526b-801f-fc8188301551,5aba7f67-8884-5080-9d87-3e80d55ee2f9,scheduled,,2024-10-21 08:39:00+00,2024-10-21 08:51:00+00,carrier_feed
92b8a739-5383-5c53-955a-7c2250a0aa50,5aba7f67-8884-5080-9d87-3e80d55ee2f9,in_transit,scheduled,2024-10-22 17:15:50+00,2024-10-22 17:59:50+00,carrier_feed
22181434-cc60-5f7d-a2b5-ccc66e69fd6a,5aba7f67-8884-5080-9d87-3e80d55ee2f9,delivered,in_transit,2024-11-04 17:23:43+00,2024-11-04 18:04:43+00,carrier_feed
3169db8b-1551-5ca8-87bd-2b07530e32fe,3cf258cb-b76a-54d7-8ec9-4dc9a823beb1,scheduled,,2024-10-21 08:51:49+00,2024-10-21 09:25:49+00,carrier_feed
cca4100f-5a8a-5471-ad83-da56780977f8,3cf258cb-b76a-54d7-8ec9-4dc9a823beb1,in_transit,scheduled,2024-10-23 14:32:43+00,2024-10-23 15:15:43+00,carrier_feed
f35c5f7f-13b7-5644-bce6-5bca00d2bf38,3cf258cb-b76a-54d7-8ec9-4dc9a823beb1,delayed,in_transit,2024-11-08 20:37:49+00,2024-11-08 21:16:49+00,carrier_feed
32266374-eaa3-53bb-9596-4edf7a6ffb29,3cf258cb-b76a-54d7-8ec9-4dc9a823beb1,delivered,delayed,2024-11-12 14:59:55+00,2024-11-12 15:09:55+00,carrier_feed
0dd617d1-b9bd-5298-9d5d-b3e86eb0daca,4e24860d-4496-5330-af19-de3eed59e7c7,scheduled,,2024-10-21 08:06:44+00,2024-10-21 08:42:44+00,carrier_feed
a48779aa-0a72-5b52-a8c2-3eaab26613fe,4e24860d-4496-5330-af19-de3eed59e7c7,in_transit,scheduled,2024-10-23 16:29:54+00,2024-10-23 17:00:54+00,carrier_feed
a013c21b-3a09-5703-9bb8-6e33f0b4139a,4e24860d-4496-5330-af19-de3eed59e7c7,delivered,in_transit,2024-11-12 18:01:50+00,2024-11-12 18:21:50+00,carrier_feed
e0c4ae26-045d-580c-a992-c80d4ab8295c,c7eb5897-4b28-5674-8c39-f7719a9263cc,scheduled,,2024-10-21 09:20:30+00,2024-10-21 09:26:30+00,carrier_feed
527511bc-0151-50fa-a8fe-1d6d7e467fc4,c7eb5897-4b28-5674-8c39-f7719a9263cc,in_transit,scheduled,2024-10-23 12:34:20+00,2024-10-23 12:45:20+00,carrier_feed
02dc9d6f-e488-5259-a264-ad196ababcc8,c7eb5897-4b28-5674-8c39-f7719a9263cc,delivered,in_transit,2024-11-04 14:19:17+00,2024-11-04 15:02:17+00,carrier_feed
2684ecc2-c00c-565e-ae4c-f07efbe4ec92,e68cfa15-cfdd-5c36-8246-232c5a331542,scheduled,,2024-10-21 08:55:06+00,2024-10-21 09:06:06+00,carrier_feed
56739cc1-caaa-5548-9859-ef52119fdf6e,e68cfa15-cfdd-5c36-8246-232c5a331542,in_transit,scheduled,2024-10-21 14:15:12+00,2024-10-21 14:26:12+00,carrier_feed
f0e904a4-c129-5aa2-9cc4-993fb6a93da7,e68cfa15-cfdd-5c36-8246-232c5a331542,delivered,in_transit,2024-10-30 14:31:04+00,2024-10-30 14:58:04+00,carrier_feed
7e6cb671-b8b4-5786-8bd2-5e02c9207bc9,ec320f19-516d-563a-a764-c63e222e49b6,scheduled,,2024-10-21 09:09:25+00,2024-10-21 09:31:25+00,carrier_feed
bfe8fac9-8da8-5f19-98cd-827cf3f69c3a,ec320f19-516d-563a-a764-c63e222e49b6,in_transit,scheduled,2024-10-21 14:53:49+00,2024-10-21 15:11:49+00,carrier_feed
3a153259-3f41-53e2-aef2-9a7cbca18c6f,ec320f19-516d-563a-a764-c63e222e49b6,delivered,in_transit,2024-11-02 11:14:48+00,2024-11-02 11:26:48+00,carrier_feed
1ef8bda2-e7e8-5372-bb86-403c0df0dca1,087f5364-1c70-5ffa-bdf8-12f661ef098c,scheduled,,2024-10-21 08:44:39+00,2024-10-21 09:16:39+00,carrier_feed
13cefdd3-7b8d-5cbd-8f1b-14f0fdc44279,087f5364-1c70-5ffa-bdf8-12f661ef098c,in_transit,scheduled,2024-10-21 17:19:21+00,2024-10-21 17:52:21+00,carrier_feed
a2622e2a-db14-562c-bf60-43b68a2a1de3,087f5364-1c70-5ffa-bdf8-12f661ef098c,delivered,in_transit,2024-11-15 03:42:04+00,2024-11-15 03:50:04+00,carrier_feed
d2428a57-a81c-5922-9eaf-dd77028b9a44,92ac0f3f-939c-5f51-ad3b-549faf807fbc,scheduled,,2024-10-21 08:34:11+00,2024-10-21 08:44:11+00,carrier_feed
b49dfb07-1556-514b-9882-96c042e3c889,92ac0f3f-939c-5f51-ad3b-549faf807fbc,in_transit,scheduled,2024-10-23 17:44:51+00,2024-10-23 18:07:51+00,carrier_feed
de8d085f-ad39-5f95-a351-edabd6b163be,92ac0f3f-939c-5f51-ad3b-549faf807fbc,delivered,in_transit,2024-11-17 10:29:23+00,2024-11-17 10:41:23+00,carrier_feed
b8721119-0ecc-5f0c-9cee-00385f41dd40,fa4bc3f5-8a99-528c-bf65-84cc88c4aa0e,scheduled,,2024-10-21 08:58:42+00,2024-10-21 09:03:42+00,carrier_feed
a72a9cbf-fd0f-5ca1-a1d8-1143e23a51e3,fa4bc3f5-8a99-528c-bf65-84cc88c4aa0e,in_transit,scheduled,2024-10-23 13:58:42+00,2024-10-23 14:22:42+00,carrier_feed
907c2e01-cf35-5510-b08a-a2ad416ee0cc,fa4bc3f5-8a99-528c-bf65-84cc88c4aa0e,delivered,in_transit,2024-11-25 05:30:51+00,2024-11-25 06:10:51+00,carrier_feed
27b2adce-7ad5-57a4-907e-e2b6c8c2393c,926049a8-d95c-57e9-a008-bec333d71162,scheduled,,2024-10-28 09:11:36+00,2024-10-28 09:49:36+00,carrier_feed
7deba91b-5377-5ca2-88fb-5d745260df50,926049a8-d95c-57e9-a008-bec333d71162,in_transit,scheduled,2024-10-29 18:33:18+00,2024-10-29 18:46:18+00,carrier_feed
b30ca5ed-c0cf-5b9c-80ba-de8105df56c4,926049a8-d95c-57e9-a008-bec333d71162,delayed,in_transit,2024-11-19 00:37:26+00,2024-11-19 00:43:26+00,carrier_feed
eb4ee6d2-4040-5259-a8e7-df64f9d8639b,926049a8-d95c-57e9-a008-bec333d71162,delivered,delayed,2024-11-30 18:52:26+00,2024-11-30 19:23:26+00,carrier_feed
d614ea0a-d7d4-5540-95c7-33108d3979d9,52ec7f6a-47e3-5150-a775-9639f9f3b4ca,scheduled,,2024-10-28 08:49:32+00,2024-10-28 09:10:32+00,carrier_feed
4f220a47-a31e-5535-b2a6-0b818eba7d6b,52ec7f6a-47e3-5150-a775-9639f9f3b4ca,in_transit,scheduled,2024-10-31 18:32:58+00,2024-10-31 18:59:58+00,carrier_feed
f7bff825-e258-5e02-b67b-13c2bcdba05f,52ec7f6a-47e3-5150-a775-9639f9f3b4ca,delivered,in_transit,2024-11-06 02:03:46+00,2024-11-06 02:32:46+00,carrier_feed
a4f51ee1-af51-5549-9235-cd50dddd6e48,eb3c5d7d-49db-57c6-9b1c-fb3b8d055a64,scheduled,,2024-10-28 08:50:22+00,2024-10-28 09:04:22+00,carrier_feed
57d1e7cf-edb5-556b-84ba-2fda5b370709,eb3c5d7d-49db-57c6-9b1c-fb3b8d055a64,in_transit,scheduled,2024-10-28 14:56:07+00,2024-10-28 15:41:07+00,carrier_feed
0447dca9-fe7d-5520-bfa4-b829961dac05,eb3c5d7d-49db-57c6-9b1c-fb3b8d055a64,delivered,in_transit,2024-11-21 14:37:19+00,2024-11-21 14:43:19+00,carrier_feed
a8cc62f8-18ca-58fd-bf6b-3ef3a22eea1a,c80ad25e-c509-5a3f-a12f-eda903ecbe41,scheduled,,2024-10-28 08:59:07+00,2024-10-28 09:44:07+00,carrier_feed
ff554b36-846c-5791-b30d-2d64dd813171,c80ad25e-c509-5a3f-a12f-eda903ecbe41,in_transit,scheduled,2024-10-29 13:26:26+00,2024-10-29 13:32:26+00,carrier_feed
2c7abbf1-9809-5499-ab95-196a11ce73bb,c80ad25e-c509-5a3f-a12f-eda903ecbe41,delivered,in_transit,2024-11-24 08:50:14+00,2024-11-24 09:34:14+00,carrier_feed
32cb962b-73ad-5e79-8847-dd01f3b3d3d2,64192724-99dc-5ac1-9579-6079710f9db5,scheduled,,2024-10-28 08:27:03+00,2024-10-28 09:07:03+00,carrier_feed
346f87ca-7dee-562e-9156-4d20dfb9754c,64192724-99dc-5ac1-9579-6079710f9db5,in_transit,scheduled,2024-10-30 15:06:01+00,2024-10-30 15:23:01+00,carrier_feed
d3ff4da9-2cbe-5aee-993a-fdaee06a6936,64192724-99dc-5ac1-9579-6079710f9db5,delivered,in_transit,2024-11-24 15:36:40+00,2024-11-24 16:21:40+00,carrier_feed
f972292f-2e74-537f-8d5a-c25196900e2b,9da24c22-ad84-5aef-b494-451a3e026710,scheduled,,2024-10-28 08:38:37+00,2024-10-28 08:54:37+00,carrier_feed
feb35da6-f267-58f2-8e2e-73a6b00938f8,9da24c22-ad84-5aef-b494-451a3e026710,in_transit,scheduled,2024-10-29 09:43:11+00,2024-10-29 10:19:11+00,carrier_feed
a504d2ba-15a6-5cab-bd53-902db23a3581,9da24c22-ad84-5aef-b494-451a3e026710,delivered,in_transit,2024-11-23 08:57:57+00,2024-11-23 09:14:57+00,carrier_feed
265df4cb-67de-5dda-8cfd-f5557c320d3d,5c2601ba-84e4-59d9-8932-37a014824b89,scheduled,,2024-10-28 09:17:14+00,2024-10-28 09:49:14+00,carrier_feed
2933d3ad-a31b-5da4-bbe1-09c9cdd1df8c,5c2601ba-84e4-59d9-8932-37a014824b89,in_transit,scheduled,2024-10-29 16:51:24+00,2024-10-29 17:19:24+00,carrier_feed
926f39ae-c3a8-51ed-a9f7-86e3cfe7beda,5c2601ba-84e4-59d9-8932-37a014824b89,delivered,in_transit,2024-11-05 04:34:35+00,2024-11-05 04:48:35+00,carrier_feed
76ec6bb9-4fa4-5b5d-8012-5e4fcaeeba75,42f54958-7082-5391-ac41-469fa9634584,scheduled,,2024-10-28 08:36:43+00,2024-10-28 09:17:43+00,carrier_feed
df6a51c5-0905-528c-8766-e6a2885c34fb,42f54958-7082-5391-ac41-469fa9634584,in_transit,scheduled,2024-10-31 12:45:44+00,2024-10-31 13:03:44+00,carrier_feed
55fff7b4-0ae7-57c1-8fa9-fb8605198251,42f54958-7082-5391-ac41-469fa9634584,delivered,in_transit,2024-11-24 10:16:20+00,2024-11-24 11:00:20+00,carrier_feed
3649fddf-9b93-5918-9ba1-2c3ec9af4ea9,e174bd95-a4b5-5435-841d-5c4c34dd45a4,scheduled,,2024-10-28 09:18:03+00,2024-10-28 09:52:03+00,carrier_feed
b4c3d171-b2a5-5833-9da7-a5c2e4656fba,e174bd95-a4b5-5435-841d-5c4c34dd45a4,in_transit,scheduled,2024-10-29 10:57:21+00,2024-10-29 11:10:21+00,carrier_feed
03cc5517-e2a8-5130-b212-9e91563a3e72,e174bd95-a4b5-5435-841d-5c4c34dd45a4,delivered,in_transit,2024-12-01 05:31:39+00,2024-12-01 05:59:39+00,carrier_feed
dc3384bc-02eb-5ea5-8477-cad26679fdcb,249b42d7-06d4-5574-ba36-2a00104c9512,scheduled,,2024-10-28 08:48:56+00,2024-10-28 09:33:56+00,carrier_feed
ae413ffe-9d8c-51b7-ac8e-4c067cb6832c,249b42d7-06d4-5574-ba36-2a00104c9512,in_transit,scheduled,2024-10-30 17:18:00+00,2024-10-30 17:31:00+00,carrier_feed
67fb3307-9ad2-59aa-a4e8-13594ae87027,249b42d7-06d4-5574-ba36-2a00104c9512,delayed,in_transit,2024-11-15 23:44:30+00,2024-11-15 23:52:30+00,carrier_feed
fc391555-0ba2-5a2f-927f-2413c8f334ff,249b42d7-06d4-5574-ba36-2a00104c9512,delivered,delayed,2024-11-24 18:00:52+00,2024-11-24 18:45:52+00,carrier_feed
6d059653-a75b-524e-add9-303283f22e6d,55945b62-1f32-543c-8997-6cc0a964dea9,scheduled,,2024-10-28 08:20:01+00,2024-10-28 08:45:01+00,carrier_feed
0fb552a8-40a5-5595-af98-3e66a1796128,55945b62-1f32-543c-8997-6cc0a964dea9,in_transit,scheduled,2024-10-28 14:38:10+00,2024-10-28 15:07:10+00,carrier_feed
45b97e10-8622-5230-8431-1064bb13ab4a,55945b62-1f32-543c-8997-6cc0a964dea9,delivered,in_transit,2024-11-09 20:21:16+00,2024-11-09 20:48:16+00,carrier_feed
ef228616-fb05-50ac-87c9-ef095ba7848e,6fa9fcf2-9f96-5f4b-9a91-fd1ec99c3ebe,scheduled,,2024-10-28 08:43:59+00,2024-10-28 09:14:59+00,carrier_feed
c544f821-f8ea-5b27-bb94-6b61259b988d,6fa9fcf2-9f96-5f4b-9a91-fd1ec99c3ebe,in_transit,scheduled,2024-10-31 17:44:54+00,2024-10-31 18:18:54+00,carrier_feed
1758215c-151b-5a17-8150-19448748292a,6fa9fcf2-9f96-5f4b-9a91-fd1ec99c3ebe,delivered,in_transit,2024-11-19 16:08:07+00,2024-11-19 16:52:07+00,carrier_feed
57ab84eb-f1a5-5900-b580-8de69ab53088,49fd4580-4e9f-5d6b-96d3-d71a2602a836,scheduled,,2024-10-28 08:48:13+00,2024-10-28 08:59:13+00,carrier_feed
debc8c1a-0a08-5418-8daa-5e209c5a657c,49fd4580-4e9f-5d6b-96d3-d71a2602a836,in_transit,scheduled,2024-10-29 10:12:42+00,2024-10-29 10:44:42+00,carrier_feed
8f816b0f-fb01-521c-9b69-91a6d77ce079,49fd4580-4e9f-5d6b-96d3-d71a2602a836,delivered,in_transit,2024-11-10 09:36:10+00,2024-11-10 10:09:10+00,carrier_feed
af3862a1-a4e5-5c6c-8ed2-03c3b1a320c7,093d451b-67e0-5c66-b30f-5d2ad9743c39,scheduled,,2024-10-28 08:46:00+00,2024-10-28 08:55:00+00,carrier_feed
50123251-44db-5205-a7f1-e066b58fda6e,093d451b-67e0-5c66-b30f-5d2ad9743c39,in_transit,scheduled,2024-10-30 18:29:18+00,2024-10-30 18:43:18+00,carrier_feed
228fa46b-2abc-5ba0-9dd2-f2a748ae4ab2,093d451b-67e0-5c66-b30f-5d2ad9743c39,delivered,in_transit,2024-11-25 02:42:56+00,2024-11-25 03:16:56+00,carrier_feed
83af15d4-d8a8-527d-9e79-7ef8eae63226,3e13e501-1356-5d95-8f4b-ecef23c9941b,scheduled,,2024-10-28 08:57:55+00,2024-10-28 09:41:55+00,carrier_feed
257875c1-466b-5108-9d34-09d93b98b672,3e13e501-1356-5d95-8f4b-ecef23c9941b,in_transit,scheduled,2024-10-30 11:16:36+00,2024-10-30 11:40:36+00,carrier_feed
45c7405f-5eae-53dd-9f20-4818edb5766f,3e13e501-1356-5d95-8f4b-ecef23c9941b,delayed,in_transit,2024-11-17 17:16:45+00,2024-11-17 17:38:45+00,carrier_feed
b43d02ab-b7ab-5fd2-a42a-522e10a9bcad,3e13e501-1356-5d95-8f4b-ecef23c9941b,delivered,delayed,2024-11-21 11:18:53+00,2024-11-21 11:24:53+00,carrier_feed
59075dc4-e1a2-5388-bcab-7da06978a165,9a0ed486-b850-54b7-a13e-76883871cac9,scheduled,,2024-10-28 09:05:37+00,2024-10-28 09:16:37+00,carrier_feed
d6917ffe-2948-5980-a69d-e8f9f442cee1,9a0ed486-b850-54b7-a13e-76883871cac9,in_transit,scheduled,2024-10-28 12:18:44+00,2024-10-28 12:37:44+00,carrier_feed
7becb3c8-ba3e-5454-b0fb-2d8e0ea3d375,9a0ed486-b850-54b7-a13e-76883871cac9,delivered,in_transit,2024-11-08 20:25:48+00,2024-11-08 20:31:48+00,carrier_feed
b5b6f3f0-563a-5695-8937-ecb9f919ed10,5039e53f-781c-5a05-83e4-5c0c4f81fc79,scheduled,,2024-10-28 08:29:59+00,2024-10-28 08:56:59+00,carrier_feed
3259ed08-15c8-5265-a943-a49972b7ac0d,5039e53f-781c-5a05-83e4-5c0c4f81fc79,in_transit,scheduled,2024-10-30 13:36:53+00,2024-10-30 14:17:53+00,carrier_feed
62efd243-39c7-5dd9-a3a1-bf5c78a6d747,5039e53f-781c-5a05-83e4-5c0c4f81fc79,delivered,in_transit,2024-11-19 17:15:23+00,2024-11-19 17:48:23+00,carrier_feed
d684fdff-6871-5175-8391-74830ac693a4,af7ed262-8201-5393-8215-116d20cd23cc,scheduled,,2024-11-04 08:13:37+00,2024-11-04 08:26:37+00,carrier_feed
4bdd92eb-0fa2-5d71-b017-db0ccf1fd1bd,af7ed262-8201-5393-8215-116d20cd23cc,in_transit,scheduled,2024-11-07 15:52:05+00,2024-11-07 16:17:05+00,carrier_feed
d4ea74c3-4151-5333-b375-827a46fdcf2b,af7ed262-8201-5393-8215-116d20cd23cc,delivered,in_transit,2024-11-12 14:35:34+00,2024-11-12 14:52:34+00,carrier_feed
ab9c5f8d-97de-5428-aa1e-8a97bd8de11d,b9201807-ae68-58e2-a00c-9f2ae1a94cd9,scheduled,,2024-11-04 08:30:12+00,2024-11-04 08:50:12+00,carrier_feed
de8309dc-af49-5fc2-93f3-c278f6640798,b9201807-ae68-58e2-a00c-9f2ae1a94cd9,in_transit,scheduled,2024-11-07 15:53:13+00,2024-11-07 16:08:13+00,carrier_feed
ef2dd406-c6be-542d-8068-a10f72751908,b9201807-ae68-58e2-a00c-9f2ae1a94cd9,delivered,in_transit,2024-11-11 20:19:51+00,2024-11-11 20:43:51+00,carrier_feed
7d44bb6d-c6dc-570a-a12c-0fdf436e92ab,358b1387-6e22-5051-b982-1cb5565c69c6,scheduled,,2024-11-04 08:43:13+00,2024-11-04 09:28:13+00,carrier_feed
7e05ae65-b7ab-5f75-8511-79e53351145f,358b1387-6e22-5051-b982-1cb5565c69c6,in_transit,scheduled,2024-11-04 15:14:39+00,2024-11-04 15:56:39+00,carrier_feed
bb30452c-9477-596d-bb58-e36b008e027b,358b1387-6e22-5051-b982-1cb5565c69c6,delivered,in_transit,2024-11-28 21:49:23+00,2024-11-28 22:23:23+00,carrier_feed
6fc119d5-026e-5252-8464-315967b830ea,d76202c2-96b0-5172-b7fb-e51ea645188a,scheduled,,2024-11-04 08:33:26+00,2024-11-04 08:40:26+00,carrier_feed
530f20f8-6b72-5029-9c9d-167a4dc45db9,d76202c2-96b0-5172-b7fb-e51ea645188a,in_transit,scheduled,2024-11-06 13:46:03+00,2024-11-06 14:20:03+00,carrier_feed
951063a3-c279-5b08-aff5-c8f2bcc52d7f,d76202c2-96b0-5172-b7fb-e51ea645188a,delivered,in_transit,2024-12-07 07:17:47+00,2024-12-07 07:34:47+00,carrier_feed
7a09e740-9802-5e9f-936d-b0cd481c8b88,fc21259f-f3a9-54ce-a670-8178ec975fab,scheduled,,2024-11-04 08:30:46+00,2024-11-04 08:36:46+00,carrier_feed
fe2344c7-35e8-55e3-aa81-79ba0edc8ddf,fc21259f-f3a9-54ce-a670-8178ec975fab,in_transit,scheduled,2024-11-04 14:09:13+00,2024-11-04 14:39:13+00,carrier_feed
d82f895b-afac-5c92-abe1-ee1753003ec0,fc21259f-f3a9-54ce-a670-8178ec975fab,delivered,in_transit,2024-11-24 19:53:37+00,2024-11-24 20:33:37+00,carrier_feed
e6e81b34-4300-5476-a68e-419f6d8a4054,7d6ad2c3-9c90-51b6-8475-df5b9fe17284,scheduled,,2024-11-04 08:40:02+00,2024-11-04 09:12:02+00,carrier_feed
10c987f8-20af-5b2a-80a8-8e63a1a26303,7d6ad2c3-9c90-51b6-8475-df5b9fe17284,in_transit,scheduled,2024-11-07 13:45:20+00,2024-11-07 14:25:20+00,carrier_feed
331dd6a3-afb2-5177-a8e2-8beab821d7c4,7d6ad2c3-9c90-51b6-8475-df5b9fe17284,delayed,in_transit,2024-11-12 20:05:07+00,2024-11-12 20:42:07+00,carrier_feed
bed7f97c-a355-5e21-96a1-d670d6a56e41,7d6ad2c3-9c90-51b6-8475-df5b9fe17284,delivered,delayed,2024-11-13 14:14:59+00,2024-11-13 14:49:59+00,carrier_feed
a51fa89f-f92e-5600-92f6-06e398a79a5f,52f05e7a-9208-58d7-a40d-7067f658c4eb,scheduled,,2024-11-04 08:37:16+00,2024-11-04 09:17:16+00,carrier_feed
e626fd45-ee64-5dc0-9270-ab90f600f843,52f05e7a-9208-58d7-a40d-7067f658c4eb,in_transit,scheduled,2024-11-07 10:44:30+00,2024-11-07 11:16:30+00,carrier_feed
0438ebca-edf0-5e64-9b28-8223e2eea4c9,52f05e7a-9208-58d7-a40d-7067f658c4eb,delivered,in_transit,2024-12-01 02:18:34+00,2024-12-01 02:30:34+00,carrier_feed
5b97a2b2-8686-50d0-bb59-e6bd2b8ecc41,93876abb-cafa-5b43-b7a1-7f2c0373ded6,scheduled,,2024-11-04 08:57:10+00,2024-11-04 09:38:10+00,carrier_feed
8d03e32a-8b19-557a-918b-ac91ffb7ce12,93876abb-cafa-5b43-b7a1-7f2c0373ded6,in_transit,scheduled,2024-11-07 17:18:09+00,2024-11-07 17:34:09+00,carrier_feed
9a7e4f39-4439-5b52-8620-ecc853e267a9,93876abb-cafa-5b43-b7a1-7f2c0373ded6,delivered,in_transit,2024-11-14 12:46:21+00,2024-11-14 12:54:21+00,carrier_feed
85eef2f7-992c-523c-aed1-216cedeea457,a1a9e6e7-c6a4-5165-9321-8126934dd316,scheduled,,2024-11-04 08:56:11+00,2024-11-04 09:09:11+00,carrier_feed
d80653c4-76fc-5892-91ab-50c2eee2a520,a1a9e6e7-c6a4-5165-9321-8126934dd316,in_transit,scheduled,2024-11-07 13:26:37+00,2024-11-07 13:40:37+00,carrier_feed
251753cc-0978-5e6c-9b02-ba762f01eb5a,a1a9e6e7-c6a4-5165-9321-8126934dd316,delayed,in_transit,2024-11-12 19:50:15+00,2024-11-12 20:29:15+00,carrier_feed
48822fa7-63cd-5e5e-b53d-c8b768d0e14d,a1a9e6e7-c6a4-5165-9321-8126934dd316,delivered,delayed,2024-11-14 14:00:32+00,2024-11-14 14:27:32+00,carrier_feed
cbb00696-32a8-521a-8b22-d2ef3f4b9d4e,68a5c355-3e08-57c4-9467-c1d9525d8933,scheduled,,2024-11-04 09:19:14+00,2024-11-04 09:42:14+00,carrier_feed
315a042b-1fc2-563d-b15b-fca29c140801,68a5c355-3e08-57c4-9467-c1d9525d8933,in_transit,scheduled,2024-11-06 14:22:35+00,2024-11-06 14:29:35+00,carrier_feed
e8b33537-9d5f-59a8-ae12-70b13a5a7862,68a5c355-3e08-57c4-9467-c1d9525d8933,delivered,in_transit,2024-11-12 15:55:51+00,2024-11-12 16:17:51+00,carrier_feed
3e6c6116-6bc7-587d-bcc4-efe77b4a46ba,755e7cc0-bc69-530e-9831-fba2bfb4a64a,scheduled,,2024-11-04 08:39:27+00,2024-11-04 08:44:27+00,carrier_feed
77b0b66c-ca66-577c-a469-fd14635fca17,755e7cc0-bc69-530e-9831-fba2bfb4a64a,in_transit,scheduled,2024-11-04 15:44:04+00,2024-11-04 15:58:04+00,carrier_feed
5c1e9ef4-51c4-576a-a8c4-b9554b868509,755e7cc0-bc69-530e-9831-fba2bfb4a64a,delivered,in_transit,2024-11-21 17:17:30+00,2024-11-21 17:47:30+00,carrier_feed
151e1f6c-e79b-5e20-8234-4ff9813b9839,ab821d64-e058-569f-bb6a-fa43f4aab4b0,scheduled,,2024-11-04 08:45:11+00,2024-11-04 08:55:11+00,carrier_feed
edcb214c-9004-5446-a567-1223528a867a,ab821d64-e058-569f-bb6a-fa43f4aab4b0,in_transit,scheduled,2024-11-07 17:29:00+00,2024-11-07 18:01:00+00,carrier_feed
a65311c5-27eb-5c09-a926-cc79079164b6,ab821d64-e058-569f-bb6a-fa43f4aab4b0,delayed,in_transit,2024-11-12 23:43:22+00,2024-11-13 00:12:22+00,carrier_feed
df746acf-ec88-57a3-97e6-68c1dadc623f,ab821d64-e058-569f-bb6a-fa43f4aab4b0,delivered,delayed,2024-11-14 17:52:01+00,2024-11-14 18:30:01+00,carrier_feed
74dfe6a2-82e4-53e1-a902-847da0e18009,60a22d09-f175-5029-bffd-de47822ac8f0,scheduled,,2024-11-04 08:39:15+00,2024-11-04 09:00:15+00,carrier_feed
55884eff-478d-5852-876a-03af7da95e5e,60a22d09-f175-5029-bffd-de47822ac8f0,in_transit,scheduled,2024-11-05 15:19:22+00,2024-11-05 15:44:22+00,carrier_feed
3eeb7011-e42e-5276-960c-e7781f26df98,60a22d09-f175-5029-bffd-de47822ac8f0,delayed,in_transit,2024-12-01 21:43:45+00,2024-12-01 21:51:45+00,carrier_feed
e23dc6a8-00b3-5075-886c-a8043f0333f3,60a22d09-f175-5029-bffd-de47822ac8f0,delivered,delayed,2024-12-10 15:57:12+00,2024-12-10 16:08:12+00,carrier_feed
578c82e2-f908-5794-9bf7-056c59d2d441,e38858c7-05f7-5a02-99ea-dc1f2fb53049,scheduled,,2024-11-04 08:50:04+00,2024-11-04 09:15:04+00,carrier_feed
6e8f351b-9184-52b3-b41a-133b8fc28f2e,e38858c7-05f7-5a02-99ea-dc1f2fb53049,in_transit,scheduled,2024-11-06 16:32:32+00,2024-11-06 17:04:32+00,carrier_feed
7fd5c4b0-f42f-543e-9ccd-df0b009aa3f5,e38858c7-05f7-5a02-99ea-dc1f2fb53049,delivered,in_transit,2024-11-25 11:36:34+00,2024-11-25 11:49:34+00,carrier_feed
2e63f557-9d73-5408-9510-6daeca321300,50588cc7-5e49-5d98-b4c8-46d912039e20,scheduled,,2024-11-04 08:06:18+00,2024-11-04 08:21:18+00,carrier_feed
bfdc4003-a3bc-5861-8a47-aa7355f6e0db,50588cc7-5e49-5d98-b4c8-46d912039e20,in_transit,scheduled,2024-11-07 11:23:01+00,2024-11-07 11:49:01+00,carrier_feed
3bea417a-ac1b-5a26-8908-0938a20f8da6,50588cc7-5e49-5d98-b4c8-46d912039e20,delivered,in_transit,2024-11-28 08:47:46+00,2024-11-28 09:26:46+00,carrier_feed
4399a4ed-d974-5ca3-88a0-fa9e80fbed62,8aeae1e8-5420-5456-8127-a8817df9721f,scheduled,,2024-11-11 08:42:46+00,2024-11-11 09:03:46+00,carrier_feed
37cd3403-305e-50e0-ae98-ae082c902d73,8aeae1e8-5420-5456-8127-a8817df9721f,in_transit,scheduled,2024-11-12 11:03:05+00,2024-11-12 11:41:05+00,carrier_feed
8aba5684-f6f9-5ab0-9ec7-95130a05571f,8aeae1e8-5420-5456-8127-a8817df9721f,delivered,in_transit,2024-12-08 09:29:24+00,2024-12-08 09:41:24+00,carrier_feed
1b59e2ae-a75a-57cf-aa92-cc3eaf7a628a,b53ddbe6-62b8-5a71-90eb-db4337411d4c,scheduled,,2024-11-11 08:49:10+00,2024-11-11 09:33:10+00,carrier_feed
4ae40fc0-7caf-5c1c-abc2-bdcf5f0b48a7,b53ddbe6-62b8-5a71-90eb-db4337411d4c,in_transit,scheduled,2024-11-11 17:23:53+00,2024-11-11 17:29:53+00,carrier_feed
f8e7b240-6332-5c22-9e00-f5be322cfb65,b53ddbe6-62b8-5a71-90eb-db4337411d4c,delivered,in_transit,2024-12-06 12:47:36+00,2024-12-06 13:18:36+00,carrier_feed
89c7a2fd-6095-5918-8f3c-fd73e5a04172,3647e63f-5042-51f5-bf05-7eb0f869d89c,scheduled,,2024-11-11 08:47:32+00,2024-11-11 08:52:32+00,carrier_feed
892dbd4d-fa47-5356-b78b-11982743e139,3647e63f-5042-51f5-bf05-7eb0f869d89c,in_transit,scheduled,2024-11-12 11:56:27+00,2024-11-12 12:19:27+00,carrier_feed
e004c629-e49d-5353-9b74-a75815f2bc53,3647e63f-5042-51f5-bf05-7eb0f869d89c,delivered,in_transit,2024-12-06 17:06:08+00,2024-12-06 17:32:08+00,carrier_feed
a61b4806-9eda-5db2-b0ca-30021d3b91c1,7dbaa413-7811-5798-9210-9f49178fb9db,scheduled,,2024-11-11 09:01:26+00,2024-11-11 09:45:26+00,carrier_feed
1c3861fd-f0dd-5051-926e-92fadd0f3f01,7dbaa413-7811-5798-9210-9f49178fb9db,in_transit,scheduled,2024-11-11 18:02:56+00,2024-11-11 18:41:56+00,carrier_feed
3dac392e-7a46-5531-befa-0eb9e2d69f98,7dbaa413-7811-5798-9210-9f49178fb9db,delivered,in_transit,2024-11-17 07:31:24+00,2024-11-17 07:47:24+00,carrier_feed
225c8516-13f1-5f72-838b-048b137c1f8f,573a8493-48e9-5c85-a95e-9bee5fcc7783,scheduled,,2024-11-11 08:15:30+00,2024-11-11 08:48:30+00,carrier_feed
d499e004-5402-53cf-bbc9-66278cf7dddb,573a8493-48e9-5c85-a95e-9bee5fcc7783,in_transit,scheduled,2024-11-12 15:27:34+00,2024-11-12 16:07:34+00,carrier_feed
275202d0-f8b6-5a11-b5dd-0d1d234e8f6d,573a8493-48e9-5c85-a95e-9bee5fcc7783,delivered,in_transit,2024-12-03 07:48:11+00,2024-12-03 07:57:11+00,carrier_feed
bbbac321-cdb7-5d38-83aa-2a8839d629aa,1e8724d9-d1bc-58c5-bdb0-38c6de6a361c,scheduled,,2024-11-11 08:42:37+00,2024-11-11 09:05:37+00,carrier_feed
c15972c8-49a0-5fd7-bc95-1265d3435788,1e8724d9-d1bc-58c5-bdb0-38c6de6a361c,in_transit,scheduled,2024-11-14 10:05:53+00,2024-11-14 10:40:53+00,carrier_feed
dd9d09ac-1a50-559f-a582-ea8e45e3d364,1e8724d9-d1bc-58c5-bdb0-38c6de6a361c,delivered,in_transit,2024-11-27 00:16:03+00,2024-11-27 00:23:03+00,carrier_feed
c5b95e70-7f89-5ec6-a6f7-dcd3afbfe4bc,0f41a13b-afa3-54f7-9122-e4e6982b3785,scheduled,,2024-11-11 08:45:44+00,2024-11-11 09:11:44+00,carrier_feed
96ea0fc2-7499-5b6f-9839-3b9e5e24413a,0f41a13b-afa3-54f7-9122-e4e6982b3785,in_transit,scheduled,2024-11-13 16:08:14+00,2024-11-13 16:40:14+00,carrier_feed
0626b837-0fd5-5169-aa5d-59266bcf0c7b,0f41a13b-afa3-54f7-9122-e4e6982b3785,delivered,in_transit,2024-11-23 13:11:56+00,2024-11-23 13:35:56+00,carrier_feed
98d885d3-fe14-54f3-854f-de0fdb0b4173,dc017880-4d0d-5e72-af34-1692c8f070d3,scheduled,,2024-11-11 08:40:06+00,2024-11-11 09:24:06+00,carrier_feed
aa231646-4c3e-53f4-b7d1-1728b4acf753,dc017880-4d0d-5e72-af34-1692c8f070d3,in_transit,scheduled,2024-11-14 13:58:45+00,2024-11-14 14:32:45+00,carrier_feed
a04c9a6e-7cef-5acb-8344-39104fe33dc5,dc017880-4d0d-5e72-af34-1692c8f070d3,delivered,in_transit,2024-12-03 10:05:29+00,2024-12-03 10:16:29+00,carrier_feed
df6ce575-194c-575f-87ce-e8041b02bc12,d3880466-21a5-53b3-ab3b-066c55182ffb,scheduled,,2024-11-11 08:40:05+00,2024-11-11 09:15:05+00,carrier_feed
80ea36d8-c695-5d0f-a6f9-8191e2a875c4,d3880466-21a5-53b3-ab3b-066c55182ffb,in_transit,scheduled,2024-11-12 17:46:24+00,2024-11-12 18:00:24+00,carrier_feed
9e824293-38f4-5d8d-a69d-b172c9d47dc1,d3880466-21a5-53b3-ab3b-066c55182ffb,delivered,in_transit,2024-12-02 15:25:44+00,2024-12-02 16:07:44+00,carrier_feed
8dec5bb3-1526-5ba2-86bb-0d5daa203b65,ca52d128-111a-542f-932a-9a6ec38cf1f7,scheduled,,2024-11-11 08:45:22+00,2024-11-11 08:57:22+00,carrier_feed
87e90277-134a-5bca-a73c-604eec679ac0,ca52d128-111a-542f-932a-9a6ec38cf1f7,in_transit,scheduled,2024-11-11 11:11:21+00,2024-11-11 11:26:21+00,carrier_feed
a9815b0e-1dd4-5263-a7e2-2cd9d5ff6170,ca52d128-111a-542f-932a-9a6ec38cf1f7,delivered,in_transit,2024-12-01 10:24:42+00,2024-12-01 10:54:42+00,carrier_feed
44e4cf4d-c57b-5f22-afe0-ba39ad107d96,3317e8a9-2b1e-5a8d-bef7-7a43cc8c7044,scheduled,,2024-11-11 08:53:05+00,2024-11-11 09:34:05+00,carrier_feed
558ad882-abe8-5759-aadf-109a3bcbbfc9,3317e8a9-2b1e-5a8d-bef7-7a43cc8c7044,in_transit,scheduled,2024-11-13 15:30:42+00,2024-11-13 16:07:42+00,carrier_feed
40200873-52a7-5f57-979f-9827b98ea798,3317e8a9-2b1e-5a8d-bef7-7a43cc8c7044,delivered,in_transit,2024-12-09 11:05:40+00,2024-12-09 11:16:40+00,carrier_feed
3c7aa2ad-5acf-57e1-8f34-d82d050e85d5,1674d8cf-2def-5638-ba65-47d24f8226d9,scheduled,,2024-11-18 08:42:50+00,2024-11-18 09:07:50+00,carrier_feed
e2a0dce3-61e8-57d4-8142-13846db781ad,1674d8cf-2def-5638-ba65-47d24f8226d9,in_transit,scheduled,2024-11-20 10:09:18+00,2024-11-20 10:29:18+00,carrier_feed
91e2d667-5e76-58f1-81a8-d24c9674fb5d,1674d8cf-2def-5638-ba65-47d24f8226d9,delivered,in_transit,2024-12-12 20:18:53+00,2024-12-12 20:37:53+00,carrier_feed
04163c8e-a16e-5c64-beb4-a255e4c70c7a,42fa39cd-2738-5024-a12b-f12490d78f3b,scheduled,,2024-11-18 08:47:19+00,2024-11-18 09:09:19+00,carrier_feed
a24b1270-5669-5d62-9eb8-f98d2387ed52,42fa39cd-2738-5024-a12b-f12490d78f3b,in_transit,scheduled,2024-11-19 11:01:39+00,2024-11-19 11:28:39+00,carrier_feed
ab4dcb34-a66a-5a7c-a46c-5b20cc7fbf27,42fa39cd-2738-5024-a12b-f12490d78f3b,delivered,in_transit,2024-12-14 16:30:50+00,2024-12-14 16:49:50+00,carrier_feed
922f675e-3637-563f-ac50-a8bbcad0e7c9,7126c768-f71c-5e72-83d3-7c5e3b512281,scheduled,,2024-11-18 09:11:08+00,2024-11-18 09:28:08+00,carrier_feed
034c90e4-500a-56be-a678-3c6a3283ceba,7126c768-f71c-5e72-83d3-7c5e3b512281,in_transit,scheduled,2024-11-21 12:32:23+00,2024-11-21 13:11:23+00,carrier_feed
489d941a-c6ab-5a76-bfd4-aa57d44933a9,7126c768-f71c-5e72-83d3-7c5e3b512281,delivered,in_transit,2024-12-09 19:57:00+00,2024-12-09 20:21:00+00,carrier_feed
c63287ae-8269-5c3c-89ec-9d26a9cab9fa,087c5f28-124a-595f-bd2c-bba590a6ee25,scheduled,,2024-11-18 08:51:05+00,2024-11-18 09:09:05+00,carrier_feed
f8cc352f-b419-544d-89c8-a09ef3c714fc,087c5f28-124a-595f-bd2c-bba590a6ee25,in_transit,scheduled,2024-11-18 15:16:21+00,2024-11-18 15:22:21+00,carrier_feed
e61e989f-d969-5eed-9839-65ee957d72a4,087c5f28-124a-595f-bd2c-bba590a6ee25,delivered,in_transit,2024-12-13 08:49:13+00,2024-12-13 09:33:13+00,carrier_feed
6c4d32ae-3315-5c67-9b35-cee49d819fe1,bd5d1ed6-cfae-52be-b241-6331fd15e938,scheduled,,2024-11-18 08:53:26+00,2024-11-18 09:38:26+00,carrier_feed
ba82fe4e-b847-5051-ac93-a28dc6bbd315,bd5d1ed6-cfae-52be-b241-6331fd15e938,in_transit,scheduled,2024-11-20 13:13:16+00,2024-11-20 13:26:16+00,carrier_feed
ee5516a8-2c64-5e2f-924e-0f7c8d78bd45,bd5d1ed6-cfae-52be-b241-6331fd15e938,delivered,in_transit,2024-11-27 10:46:23+00,2024-11-27 11:17:23+00,carrier_feed
58d484b2-0d42-50b8-9144-ccef1707d7de,1d5c99f0-b7dd-5557-9faf-db0223d2965b,scheduled,,2024-11-18 09:02:32+00,2024-11-18 09:45:32+00,carrier_feed
ad60b49a-665e-5b10-b0bb-77caa91c8b85,1d5c99f0-b7dd-5557-9faf-db0223d2965b,in_transit,scheduled,2024-11-18 10:28:40+00,2024-11-18 11:02:40+00,carrier_feed
26ce7496-594e-505e-a07a-024c7a124058,1d5c99f0-b7dd-5557-9faf-db0223d2965b,delivered,in_transit,2024-11-22 19:44:07+00,2024-11-22 20:21:07+00,carrier_feed
a2ad16af-a5f5-5d7f-9d43-f671a7d4eee4,ec20e35b-d3d7-5078-9394-d170f36f397e,scheduled,,2024-11-18 08:47:02+00,2024-11-18 09:24:02+00,carrier_feed
2282eadd-1e4b-553e-b998-7971d0425833,ec20e35b-d3d7-5078-9394-d170f36f397e,in_transit,scheduled,2024-11-21 18:29:04+00,2024-11-21 18:46:04+00,carrier_feed
e584777a-b042-5bd0-8fa9-3184905b2c64,ec20e35b-d3d7-5078-9394-d170f36f397e,delivered,in_transit,2024-11-26 13:45:08+00,2024-11-26 14:03:08+00,carrier_feed
473a307b-21c6-5181-8630-f4d7d8176941,509fbbbd-0c55-5329-8bc0-8de1c10c561c,scheduled,,2024-11-18 08:53:15+00,2024-11-18 09:05:15+00,carrier_feed
09aee257-f918-59e2-b2fe-fa6c56712d1b,509fbbbd-0c55-5329-8bc0-8de1c10c561c,in_transit,scheduled,2024-11-18 12:16:45+00,2024-11-18 12:24:45+00,carrier_feed
07434a1e-ec97-5e56-ac01-34d4aa905b0a,509fbbbd-0c55-5329-8bc0-8de1c10c561c,delivered,in_transit,2024-12-17 13:59:33+00,2024-12-17 14:15:33+00,carrier_feed
9fb1bc2e-1dad-5ebd-b767-9d19620b4899,c22bd5e6-a90f-540b-b94a-856a5875f2a3,scheduled,,2024-11-25 08:10:46+00,2024-11-25 08:18:46+00,carrier_feed
8bfabe56-1f7a-51c7-bafe-6d24c94bbbc7,c22bd5e6-a90f-540b-b94a-856a5875f2a3,in_transit,scheduled,2024-11-26 16:19:43+00,2024-11-26 16:56:43+00,carrier_feed
b50c207e-c8d4-5143-967c-a2d461683662,c22bd5e6-a90f-540b-b94a-856a5875f2a3,delivered,in_transit,2024-12-03 14:23:27+00,2024-12-03 14:49:27+00,carrier_feed
f6b583ce-226a-5df0-9761-491e87eb8e68,21d8ccb6-7125-51e5-9891-5fdea7c0d3cc,scheduled,,2024-11-25 09:12:20+00,2024-11-25 09:26:20+00,carrier_feed
66b476bd-d8f9-5ee0-992b-f2718ba7aa08,21d8ccb6-7125-51e5-9891-5fdea7c0d3cc,in_transit,scheduled,2024-11-26 11:23:32+00,2024-11-26 11:30:32+00,carrier_feed
c5806376-3f01-5851-9adf-b9421b96ea13,21d8ccb6-7125-51e5-9891-5fdea7c0d3cc,delivered,in_transit,2024-12-01 22:34:28+00,2024-12-01 23:02:28+00,carrier_feed
54f12810-b5a2-52d3-9481-3ffe060c2a5f,2f85392e-2242-56de-947d-b714fdc1bc03,scheduled,,2024-11-25 08:44:05+00,2024-11-25 09:14:05+00,carrier_feed
6fb6d1d5-70b5-534a-8fe7-4c08574ae085,2f85392e-2242-56de-947d-b714fdc1bc03,in_transit,scheduled,2024-11-28 14:18:03+00,2024-11-28 14:39:03+00,carrier_feed
32d9bf30-7901-505d-aee4-ec215ef99c46,2f85392e-2242-56de-947d-b714fdc1bc03,delivered,in_transit,2024-12-23 20:42:29+00,2024-12-23 21:08:29+00,carrier_feed
88f970d6-ff06-5d8a-95a9-9b03e6c574c8,52568bb6-27c4-505e-b39b-c528069028ab,scheduled,,2024-11-25 08:35:47+00,2024-11-25 09:19:47+00,carrier_feed
80f0beda-8133-568e-b747-0c72db000097,52568bb6-27c4-505e-b39b-c528069028ab,in_transit,scheduled,2024-11-27 10:02:50+00,2024-11-27 10:40:50+00,carrier_feed
16055cba-ce39-57de-ad65-87f70c797ddd,52568bb6-27c4-505e-b39b-c528069028ab,delivered,in_transit,2024-12-27 11:42:30+00,2024-12-27 11:47:30+00,carrier_feed
30c32662-fb34-5154-8701-936bab8b1e01,8d65461f-2cd8-5a34-98fd-5fb6090df055,scheduled,,2024-11-25 08:54:46+00,2024-11-25 09:11:46+00,carrier_feed
022e5854-0d2a-545f-aea7-8923d4678a0a,8d65461f-2cd8-5a34-98fd-5fb6090df055,in_transit,scheduled,2024-11-28 14:57:55+00,2024-11-28 15:18:55+00,carrier_feed
9c327afd-7d89-5303-aa71-ed3a967ed48c,8d65461f-2cd8-5a34-98fd-5fb6090df055,delivered,in_transit,2024-12-22 22:01:07+00,2024-12-22 22:22:07+00,carrier_feed
4d05c23a-0e64-5ca8-aca0-61fff31d9348,99838961-c529-5e90-a188-2db657cff140,scheduled,,2024-11-25 08:37:51+00,2024-11-25 08:45:51+00,carrier_feed
ca336f53-2484-5841-96cf-fd7b1024fba5,99838961-c529-5e90-a188-2db657cff140,in_transit,scheduled,2024-11-25 13:44:49+00,2024-11-25 14:10:49+00,carrier_feed
e7f0da95-1176-52ff-9982-e14f8c33b36b,99838961-c529-5e90-a188-2db657cff140,delivered,in_transit,2024-11-29 14:16:32+00,2024-11-29 14:55:32+00,carrier_feed
0d53fa65-cac7-5a21-a530-1e0dc67db16d,d17a86f1-719c-59c2-b3c0-f84b6a2eeec9,scheduled,,2024-11-25 08:54:39+00,2024-11-25 09:21:39+00,carrier_feed
f2097c24-ea0d-5ca7-bc2e-1eb5a6985902,d17a86f1-719c-59c2-b3c0-f84b6a2eeec9,in_transit,scheduled,2024-11-27 13:37:47+00,2024-11-27 14:09:47+00,carrier_feed
fffcc35e-7c25-5a83-90bd-40928a09e8c9,d17a86f1-719c-59c2-b3c0-f84b6a2eeec9,delivered,in_transit,2024-12-02 07:00:24+00,2024-12-02 07:27:24+00,carrier_feed
1d20091d-4711-5adc-aa28-585ac045b2b4,9f5ab6b9-6ccb-58ae-b434-d5ee94482694,scheduled,,2024-11-25 08:53:17+00,2024-11-25 09:37:17+00,carrier_feed
8e163035-9812-56fe-b3c8-1bf139de1d0c,9f5ab6b9-6ccb-58ae-b434-d5ee94482694,in_transit,scheduled,2024-11-26 15:37:19+00,2024-11-26 16:05:19+00,carrier_feed
a2915d62-60df-5d31-bce5-26b9070d859e,9f5ab6b9-6ccb-58ae-b434-d5ee94482694,delivered,in_transit,2024-12-13 18:00:30+00,2024-12-13 18:10:30+00,carrier_feed
e9d750d6-e2e5-5ef4-9eaf-803a1cd5d089,eb7320d0-d9bf-55c3-9a47-8c47cf728f86,scheduled,,2024-11-25 08:10:36+00,2024-11-25 08:52:36+00,carrier_feed
4a52cf55-8552-5415-8f88-021ff99caa83,eb7320d0-d9bf-55c3-9a47-8c47cf728f86,in_transit,scheduled,2024-11-28 13:49:51+00,2024-11-28 14:24:51+00,carrier_feed
860fdaa3-fd76-5eba-97a2-13719784c643,eb7320d0-d9bf-55c3-9a47-8c47cf728f86,delivered,in_transit,2024-12-13 13:54:10+00,2024-12-13 14:15:10+00,carrier_feed
77b4521a-371a-573c-91bd-eb7f4e867a53,5331da00-e06d-50c5-b10a-cd9f7eeb16ea,scheduled,,2024-11-25 08:56:05+00,2024-11-25 09:16:05+00,carrier_feed
b3a08c71-8ab0-504d-bdcc-96c6ad5f8f9e,5331da00-e06d-50c5-b10a-cd9f7eeb16ea,in_transit,scheduled,2024-11-25 16:02:24+00,2024-11-25 16:45:24+00,carrier_feed
66d4e388-a564-5734-82af-cf47a464accc,5331da00-e06d-50c5-b10a-cd9f7eeb16ea,delivered,in_transit,2024-11-30 03:42:28+00,2024-11-30 04:09:28+00,carrier_feed
554e590a-43a0-5cbb-a682-e02689a27a9e,ae79ddd4-3dd7-5ee9-96ad-a221adff221b,scheduled,,2024-11-25 09:16:52+00,2024-11-25 09:23:52+00,carrier_feed
b24ba195-b612-5ed5-85d6-d474094ed1c6,ae79ddd4-3dd7-5ee9-96ad-a221adff221b,in_transit,scheduled,2024-11-26 17:48:28+00,2024-11-26 18:09:28+00,carrier_feed
3b870d76-05da-562d-b031-fdd8224d1ebe,ae79ddd4-3dd7-5ee9-96ad-a221adff221b,delivered,in_transit,2024-12-20 20:16:24+00,2024-12-20 20:39:24+00,carrier_feed
29a824ac-cd3b-52f3-89f1-f23128c8de02,2e310adc-959d-5d80-9ef9-754676affe1a,scheduled,,2024-11-25 09:02:39+00,2024-11-25 09:47:39+00,carrier_feed
eb67a835-0654-5a85-b8cd-84ac196dfc15,2e310adc-959d-5d80-9ef9-754676affe1a,in_transit,scheduled,2024-11-28 13:20:27+00,2024-11-28 13:44:27+00,carrier_feed
edd59002-397b-5b9c-bed6-de1404bb2e76,2e310adc-959d-5d80-9ef9-754676affe1a,delivered,in_transit,2024-12-02 09:33:44+00,2024-12-02 10:14:44+00,carrier_feed
0008e9ac-9590-5b11-a91f-106cabba0f9e,56f41fe4-8c3e-5873-ade6-caa51db02f5f,scheduled,,2024-11-25 08:15:11+00,2024-11-25 08:28:11+00,carrier_feed
1fb23f45-fcb6-5c91-b479-1e7f3478bb21,56f41fe4-8c3e-5873-ade6-caa51db02f5f,in_transit,scheduled,2024-11-26 11:18:52+00,2024-11-26 11:24:52+00,carrier_feed
5d12b9f9-a92b-5e02-9dcd-a8d33b3bedd4,56f41fe4-8c3e-5873-ade6-caa51db02f5f,delivered,in_transit,2024-12-20 19:38:55+00,2024-12-20 20:20:55+00,carrier_feed
1356bfb3-6e8f-512e-a634-30fbdbd9b6b9,2d951305-c363-54d0-8cd3-afefccfb07f5,scheduled,,2024-11-25 09:12:28+00,2024-11-25 09:40:28+00,carrier_feed
f8afbcec-0b2d-5863-bc5b-b5d0da344678,2d951305-c363-54d0-8cd3-afefccfb07f5,in_transit,scheduled,2024-11-25 10:32:19+00,2024-11-25 10:54:19+00,carrier_feed
bf36a241-12f2-5b5e-96bc-0e57fac33328,2d951305-c363-54d0-8cd3-afefccfb07f5,delivered,in_transit,2024-12-19 13:55:34+00,2024-12-19 14:20:34+00,carrier_feed
753b24a1-245c-5602-add2-5d5d6a584ec2,3c3d9f8f-4853-59ff-a8e4-eed4c17c2fa1,scheduled,,2024-11-25 08:09:38+00,2024-11-25 08:37:38+00,carrier_feed
58ffce0e-c0cd-5c5f-aa1f-9f47483fdb65,3c3d9f8f-4853-59ff-a8e4-eed4c17c2fa1,in_transit,scheduled,2024-11-25 17:54:14+00,2024-11-25 18:16:14+00,carrier_feed
2310e4f8-22e4-5873-8e28-6fa5ae758ea3,3c3d9f8f-4853-59ff-a8e4-eed4c17c2fa1,delivered,in_transit,2024-12-20 11:37:01+00,2024-12-20 12:20:01+00,carrier_feed
0166a0ca-f76d-5837-8846-ca1895db65e0,dc31e8b2-5442-5de3-bd14-089b247ebdc2,scheduled,,2024-11-25 08:36:23+00,2024-11-25 08:46:23+00,carrier_feed
c704984f-876d-5971-9067-49c0bd882e56,dc31e8b2-5442-5de3-bd14-089b247ebdc2,in_transit,scheduled,2024-11-25 12:40:25+00,2024-11-25 12:56:25+00,carrier_feed
8fa3d8e5-2afc-5ffb-8c15-fba389f5ed3c,dc31e8b2-5442-5de3-bd14-089b247ebdc2,delivered,in_transit,2024-12-27 14:12:42+00,2024-12-27 14:50:42+00,carrier_feed
13066cfb-f0d0-5574-b313-b00611719715,beb05651-5605-5853-aa3d-672dee42e9f0,scheduled,,2024-11-25 09:12:59+00,2024-11-25 09:30:59+00,carrier_feed
d2cf1ca7-b04e-5870-80f6-640b6f657c3f,beb05651-5605-5853-aa3d-672dee42e9f0,in_transit,scheduled,2024-11-27 13:39:31+00,2024-11-27 13:48:31+00,carrier_feed
ac76aac6-6210-5e1c-8f48-91375ca61a54,beb05651-5605-5853-aa3d-672dee42e9f0,delivered,in_transit,2024-12-17 19:48:14+00,2024-12-17 19:59:14+00,carrier_feed
d971bb38-c68f-56f7-b405-cfa59e6cf6a1,2809e229-62f1-56c1-ba8b-6b0c872882a8,scheduled,,2024-12-02 08:42:02+00,2024-12-02 09:15:02+00,carrier_feed
38adc953-db48-51f6-9067-6375725bda0a,2809e229-62f1-56c1-ba8b-6b0c872882a8,in_transit,scheduled,2024-12-02 18:23:42+00,2024-12-02 19:04:42+00,carrier_feed
5c54851f-31eb-55c4-929a-38f5e01f3aef,2809e229-62f1-56c1-ba8b-6b0c872882a8,delivered,in_transit,2024-12-11 18:40:46+00,2024-12-11 19:03:46+00,carrier_feed
16e3dcd6-997a-5a51-bde5-655fb6d0a5f6,b00e8383-3f87-5ee7-989b-21f771946c04,scheduled,,2024-12-02 08:28:17+00,2024-12-02 09:10:17+00,carrier_feed
f6d9f199-a4ca-56ee-80ba-abcf869bad4c,b00e8383-3f87-5ee7-989b-21f771946c04,in_transit,scheduled,2024-12-04 10:39:29+00,2024-12-04 11:02:29+00,carrier_feed
3d4e5c5f-8323-57d0-a3a4-5b89d5c36675,b00e8383-3f87-5ee7-989b-21f771946c04,delivered,in_transit,2024-12-29 10:39:35+00,2024-12-29 11:01:35+00,carrier_feed
1fcb0b8c-eb22-55eb-80c6-fb19aae9fa80,7bf1ff9b-c1b5-5e8f-b440-cf941f259083,scheduled,,2024-12-02 08:17:13+00,2024-12-02 08:30:13+00,carrier_feed
ca066c79-a7ae-598d-8f0e-a7d97d5f0092,7bf1ff9b-c1b5-5e8f-b440-cf941f259083,in_transit,scheduled,2024-12-02 12:23:07+00,2024-12-02 12:39:07+00,carrier_feed
3c7688fe-8183-5637-82e9-4d4a1a4d93ba,7bf1ff9b-c1b5-5e8f-b440-cf941f259083,delivered,in_transit,2024-12-09 00:33:33+00,2024-12-09 01:10:33+00,carrier_feed
30936cba-e490-50d7-95da-dccad5a3a0de,aa7af29e-aab7-5203-9c8c-568532a6df53,scheduled,,2024-12-02 08:42:10+00,2024-12-02 09:02:10+00,carrier_feed
cf039c7e-b227-5d51-9a7f-0bdecc8943f7,aa7af29e-aab7-5203-9c8c-568532a6df53,in_transit,scheduled,2024-12-04 17:07:50+00,2024-12-04 17:21:50+00,carrier_feed
4f37211e-c21c-5168-a9b4-afcda89790c0,aa7af29e-aab7-5203-9c8c-568532a6df53,delivered,in_transit,2024-12-25 15:37:21+00,2024-12-25 16:21:21+00,carrier_feed
bb516c52-738c-57ce-9f4f-59171333eb6b,330691ad-01a5-5142-9077-37ef04f667fd,scheduled,,2024-12-02 08:31:44+00,2024-12-02 09:16:44+00,carrier_feed
6456c39c-1809-58bb-a58f-c50164311cc1,330691ad-01a5-5142-9077-37ef04f667fd,in_transit,scheduled,2024-12-02 15:12:30+00,2024-12-02 15:53:30+00,carrier_feed
12a29ddf-d7e2-559b-a198-9fa56fa3b30c,330691ad-01a5-5142-9077-37ef04f667fd,delivered,in_transit,2024-12-15 07:22:33+00,2024-12-15 07:48:33+00,carrier_feed
4885fcef-ff88-5b91-8242-80429dd1d9ca,b50fc235-1493-58e9-8566-f0fc8a5a9526,scheduled,,2024-12-02 09:11:19+00,2024-12-02 09:48:19+00,carrier_feed
ba57d911-38f3-56a5-bc16-9b3b6668ff9d,b50fc235-1493-58e9-8566-f0fc8a5a9526,in_transit,scheduled,2024-12-03 14:46:14+00,2024-12-03 15:20:14+00,carrier_feed
139d730e-768f-57ca-ab35-23e6e1cd70ee,b50fc235-1493-58e9-8566-f0fc8a5a9526,delivered,in_transit,2024-12-23 10:01:23+00,2024-12-23 10:24:23+00,carrier_feed
15885532-e7b4-5cdc-b8a3-a41dd4e4244a,1e45e856-52a0-595f-8864-e1f0bd30c647,scheduled,,2024-12-09 09:10:10+00,2024-12-09 09:24:10+00,carrier_feed
cd36d8e1-af0d-535b-a9ce-ae12c7aa141b,1e45e856-52a0-595f-8864-e1f0bd30c647,in_transit,scheduled,2024-12-12 11:47:18+00,2024-12-12 12:20:18+00,carrier_feed
27a676c7-af23-5b0e-b254-c8ef474c7e11,1e45e856-52a0-595f-8864-e1f0bd30c647,delayed,in_transit,2024-12-25 18:03:56+00,2024-12-25 18:46:56+00,carrier_feed
3b6b1a20-7f23-5c19-a563-4d3b1ee2b95a,1e45e856-52a0-595f-8864-e1f0bd30c647,delivered,delayed,2024-12-26 12:10:25+00,2024-12-26 12:41:25+00,carrier_feed
70b69aad-4ebc-507b-aa53-ca1bddfafe0b,089e728a-1b55-5fac-b02d-b74fd88bf89d,scheduled,,2024-12-09 08:07:39+00,2024-12-09 08:26:39+00,carrier_feed
a346d315-ef08-5c59-a182-1a842cd51640,089e728a-1b55-5fac-b02d-b74fd88bf89d,in_transit,scheduled,2024-12-09 15:46:18+00,2024-12-09 15:51:18+00,carrier_feed
ec916c57-bf17-5b18-97fe-680c618b59e1,089e728a-1b55-5fac-b02d-b74fd88bf89d,delivered,in_transit,2024-12-27 08:26:26+00,2024-12-27 08:48:26+00,carrier_feed
05cb3c2d-c4fb-558f-9d3f-6df113b44712,b8cb6b2d-41a0-5cfe-8be5-4e6370ec2e4d,scheduled,,2024-12-09 09:02:14+00,2024-12-09 09:46:14+00,carrier_feed
3716e39d-8684-5512-96d0-1c55b529bc22,b8cb6b2d-41a0-5cfe-8be5-4e6370ec2e4d,in_transit,scheduled,2024-12-11 14:37:35+00,2024-12-11 15:02:35+00,carrier_feed
28ca2728-9a77-57e9-94b4-b9842c939bb9,b8cb6b2d-41a0-5cfe-8be5-4e6370ec2e4d,delivered,in_transit,2024-12-16 10:12:25+00,2024-12-16 10:38:25+00,carrier_feed
897787c4-317e-5ef1-bf95-58c44f459ebf,dbc4e6e4-6f01-54a8-902f-e4603c51638a,scheduled,,2024-12-09 08:12:50+00,2024-12-09 08:18:50+00,carrier_feed
0a4f0b03-125d-5f35-9124-6a4d630597c9,dbc4e6e4-6f01-54a8-902f-e4603c51638a,in_transit,scheduled,2024-12-12 13:54:28+00,2024-12-12 14:35:28+00,carrier_feed
0a1ffc75-d9f3-5895-bbf1-507dc5c60c0c,dbc4e6e4-6f01-54a8-902f-e4603c51638a,delivered,in_transit,2024-12-16 09:37:58+00,2024-12-16 10:01:58+00,carrier_feed
47c292dc-d524-5b90-89de-aaf3e5f60b01,102aed88-6f7b-5fbb-9fb5-8aff0e3e275d,scheduled,,2024-12-09 09:01:03+00,2024-12-09 09:34:03+00,carrier_feed
655b41e6-b139-5d97-8dd2-32812cb1d210,102aed88-6f7b-5fbb-9fb5-8aff0e3e275d,in_transit,scheduled,2024-12-11 14:37:31+00,2024-12-11 15:16:31+00,carrier_feed
ed4635d1-a64d-5f69-b7e6-30e3e2bdaf6b,102aed88-6f7b-5fbb-9fb5-8aff0e3e275d,delivered,in_transit,2024-12-30 11:11:37+00,2024-12-30 11:40:37+00,carrier_feed
d9fc5f0e-aef8-5a94-b80a-a218f287ea66,60873ac0-2af0-5552-b275-788bbdcdc565,scheduled,,2024-12-09 08:03:57+00,2024-12-09 08:26:57+00,carrier_feed
2316d7cb-afc9-5d14-aaf0-c4c9ad0d749a,60873ac0-2af0-5552-b275-788bbdcdc565,in_transit,scheduled,2024-12-10 10:24:26+00,2024-12-10 10:33:26+00,carrier_feed
88451602-e4d5-5d2f-80ee-5cacd95433b3,60873ac0-2af0-5552-b275-788bbdcdc565,delivered,in_transit,2024-12-17 21:46:42+00,2024-12-17 22:18:42+00,carrier_feed
2a504d43-4113-516f-8c5b-9ffeb3a885c7,e3a7ecd0-b572-5574-9a9c-4334a2125fe9,scheduled,,2024-12-09 08:32:09+00,2024-12-09 08:49:09+00,carrier_feed
3acabb33-4da9-5c17-bf54-6b4d90e8518b,e3a7ecd0-b572-5574-9a9c-4334a2125fe9,in_transit,scheduled,2024-12-09 15:42:38+00,2024-12-09 16:21:38+00,carrier_feed
f6f67e55-8909-5833-a530-0cccc3c59da1,e3a7ecd0-b572-5574-9a9c-4334a2125fe9,delivered,in_transit,2024-12-25 04:59:14+00,2024-12-25 05:39:14+00,carrier_feed
3d08bdc9-658b-5ed8-a5aa-dfe37bfb94ba,1eeeab9f-70de-521a-a1e2-deb23ab56643,scheduled,,2024-12-16 08:45:14+00,2024-12-16 09:00:14+00,carrier_feed
fdd9e6dd-d0c6-5546-a13f-1db5b26e8ae8,1eeeab9f-70de-521a-a1e2-deb23ab56643,in_transit,scheduled,2024-12-17 17:59:00+00,2024-12-17 18:36:00+00,carrier_feed
2b808041-c66d-5cd2-a773-66b2f0045412,1eeeab9f-70de-521a-a1e2-deb23ab56643,delivered,in_transit,2024-12-24 19:33:33+00,2024-12-24 19:42:33+00,carrier_feed
40cba530-08d6-51e9-bf09-e392e87d38aa,e034506e-dfbc-5a0e-a300-e5a0243360d7,scheduled,,2024-12-16 09:19:55+00,2024-12-16 09:24:55+00,carrier_feed
7e3a50fc-e8a9-5bbe-bdc9-af3ccdd4bfc1,e034506e-dfbc-5a0e-a300-e5a0243360d7,in_transit,scheduled,2024-12-17 12:39:33+00,2024-12-17 13:05:33+00,carrier_feed
4b21fb3c-2698-54cc-8aa4-579791ff911c,f981d60d-0f52-5d0e-a270-d84619020878,scheduled,,2024-12-16 08:55:15+00,2024-12-16 09:36:15+00,carrier_feed
1845943e-bd7d-5b22-91f1-50ab6158877a,f981d60d-0f52-5d0e-a270-d84619020878,in_transit,scheduled,2024-12-17 15:11:43+00,2024-12-17 15:26:43+00,carrier_feed
a9acb255-920f-5c46-830f-e51bc64cd834,08d9c438-0a10-5d56-b207-d8c71ca0feec,scheduled,,2024-12-16 09:06:06+00,2024-12-16 09:33:06+00,carrier_feed
6e00c27f-cdea-5a87-b66b-ce78257691d2,08d9c438-0a10-5d56-b207-d8c71ca0feec,in_transit,scheduled,2024-12-17 14:44:32+00,2024-12-17 14:55:32+00,carrier_feed
84bcee0f-258c-56db-b90c-b3552b8ad722,c7bb27fc-c33e-5619-92ba-602238828cb8,scheduled,,2024-12-16 08:43:30+00,2024-12-16 08:58:30+00,carrier_feed
5253ebf2-b9b3-5438-b124-beb4180310fe,c7bb27fc-c33e-5619-92ba-602238828cb8,in_transit,scheduled,2024-12-18 12:57:17+00,2024-12-18 13:08:17+00,carrier_feed
0cad6fb0-3f0a-50f9-b220-ae3417c769dd,4380bbcc-80cc-5f14-9d90-50b148140fd3,scheduled,,2024-12-16 08:19:44+00,2024-12-16 08:31:44+00,carrier_feed
163fd79b-e229-5e72-b581-348a7150e9bc,4380bbcc-80cc-5f14-9d90-50b148140fd3,in_transit,scheduled,2024-12-16 14:45:46+00,2024-12-16 15:22:46+00,carrier_feed
7ede8b20-9f47-502b-8301-9f413b2ba75e,f2ea8c2f-4485-59f3-a4e0-32018a7e63e6,scheduled,,2024-12-16 08:33:42+00,2024-12-16 09:15:42+00,carrier_feed
fcd1a740-3c02-539b-9f6d-2aa3076523b0,f2ea8c2f-4485-59f3-a4e0-32018a7e63e6,in_transit,scheduled,2024-12-18 15:04:28+00,2024-12-18 15:27:28+00,carrier_feed
a249c663-5179-5c04-92fe-0726704ca195,c982bf10-9317-5b88-bc14-ab996d1c153e,scheduled,,2024-12-16 08:57:51+00,2024-12-16 09:26:51+00,carrier_feed
0d297ebb-49e9-5283-b463-ea40d6559e10,c982bf10-9317-5b88-bc14-ab996d1c153e,in_transit,scheduled,2024-12-17 11:25:15+00,2024-12-17 11:40:15+00,carrier_feed
a8b16f9a-9620-5de6-97f7-4c3304db0ecb,c982bf10-9317-5b88-bc14-ab996d1c153e,delivered,in_transit,2024-12-23 11:37:11+00,2024-12-23 11:57:11+00,carrier_feed
b75ebd22-1c52-54a5-9770-713522d8c3d5,5b7840b8-cb61-50a4-8414-5eeac3a71433,scheduled,,2024-12-16 08:27:38+00,2024-12-16 08:38:38+00,carrier_feed
bb48ff0e-1da2-56e7-b57b-f2d76f0b6991,5b7840b8-cb61-50a4-8414-5eeac3a71433,in_transit,scheduled,2024-12-19 15:30:40+00,2024-12-19 15:40:40+00,carrier_feed
f3c3970e-0f6c-5b86-9cad-9053683acdd7,bb912630-5786-5529-b8a2-1cba39a82886,scheduled,,2024-12-16 08:40:34+00,2024-12-16 09:12:34+00,carrier_feed
1dc10baa-8eac-50ae-91a1-75500b3d7482,bb912630-5786-5529-b8a2-1cba39a82886,in_transit,scheduled,2024-12-18 16:59:04+00,2024-12-18 17:28:04+00,carrier_feed
534ba2cb-c3e8-5416-9035-9cdf7adb37c3,bb912630-5786-5529-b8a2-1cba39a82886,delivered,in_transit,2024-12-22 21:16:47+00,2024-12-22 21:44:47+00,carrier_feed
9daf1827-1184-5576-8f04-8a95da1d4046,f6b79122-4b9f-54a2-a07b-d38b359a99aa,scheduled,,2024-12-16 08:32:09+00,2024-12-16 09:00:09+00,carrier_feed
0ae48ae4-574d-5887-ba11-5b69d02ede9b,f6b79122-4b9f-54a2-a07b-d38b359a99aa,in_transit,scheduled,2024-12-19 10:04:28+00,2024-12-19 10:33:28+00,carrier_feed
df2cb93f-66ac-5d3a-8f28-f8586b3afedc,6d54bc3e-749c-5530-9222-de2c712d6180,scheduled,,2024-12-16 08:41:42+00,2024-12-16 09:00:42+00,carrier_feed
ab452bc4-e268-58b7-936e-ca939c376355,6d54bc3e-749c-5530-9222-de2c712d6180,in_transit,scheduled,2024-12-18 14:18:29+00,2024-12-18 15:03:29+00,carrier_feed
f4b6547a-d9f5-5f15-ba55-f8667b070f05,6d54bc3e-749c-5530-9222-de2c712d6180,delivered,in_transit,2024-12-22 22:51:49+00,2024-12-22 23:23:49+00,carrier_feed
de21e882-4147-5c2f-a552-61097f4f6dfd,885be1d0-b841-5fa1-bc57-ea4828a505f3,scheduled,,2024-12-16 08:56:55+00,2024-12-16 09:15:55+00,carrier_feed
5922bbc0-5a02-5d88-b2b0-be15b7063ba7,885be1d0-b841-5fa1-bc57-ea4828a505f3,in_transit,scheduled,2024-12-19 13:34:09+00,2024-12-19 13:39:09+00,carrier_feed
d4bc25e1-ee34-52d2-9be2-961019789b7b,885be1d0-b841-5fa1-bc57-ea4828a505f3,delivered,in_transit,2024-12-24 05:54:09+00,2024-12-24 06:02:09+00,carrier_feed
9de55695-07a9-5886-8585-e6c8a6752723,a9ec80cf-2163-5a73-9af5-50e853b29b21,scheduled,,2024-12-23 08:44:40+00,2024-12-23 09:07:40+00,carrier_feed
07fcce4e-4a02-5a2c-9c0c-589d0f7183a8,a9ec80cf-2163-5a73-9af5-50e853b29b21,in_transit,scheduled,2024-12-26 17:02:08+00,2024-12-26 17:19:08+00,carrier_feed
0f52cc8c-6f53-5344-92cf-60015a111368,ef36d9d7-b1f8-5fe9-8f8d-524f87210530,scheduled,,2024-12-23 08:18:37+00,2024-12-23 08:35:37+00,carrier_feed
5a4d9fda-4692-56ac-8ed6-37273c7f8a03,ef36d9d7-b1f8-5fe9-8f8d-524f87210530,in_transit,scheduled,2024-12-25 10:01:05+00,2024-12-25 10:26:05+00,carrier_feed
b8f6ac92-bc00-59f2-8d77-159a89065eac,2b9d4630-a8eb-5d80-8b05-ffa7cdd40b85,scheduled,,2024-12-23 08:15:08+00,2024-12-23 08:57:08+00,carrier_feed
05f5bdcc-0210-5fde-9041-0a87d11cbc83,2b9d4630-a8eb-5d80-8b05-ffa7cdd40b85,in_transit,scheduled,2024-12-26 15:42:04+00,2024-12-26 15:49:04+00,carrier_feed
2a6ab9b7-6ca6-5824-bb25-754261ce4c6a,d5321ee2-fc6b-5c68-b677-08974cb904ff,scheduled,,2024-12-23 09:05:53+00,2024-12-23 09:15:53+00,carrier_feed
deb0d626-1545-5c6c-b5dd-1427340913a2,d5321ee2-fc6b-5c68-b677-08974cb904ff,in_transit,scheduled,2024-12-25 15:40:03+00,2024-12-25 16:07:03+00,carrier_feed
6e0f04eb-6626-5f1e-b748-c31035b75946,fd1b0bf1-aa95-5dba-81a6-a89ccaf73002,scheduled,,2024-12-23 08:08:15+00,2024-12-23 08:38:15+00,carrier_feed
0eddb189-1b3b-525b-8c92-3bcbb589a14e,fd1b0bf1-aa95-5dba-81a6-a89ccaf73002,in_transit,scheduled,2024-12-26 11:23:37+00,2024-12-26 11:46:37+00,carrier_feed
8d5e3301-a96b-5129-8433-2d746a16a123,df3fdff6-deed-5925-8136-ef40807f87c0,scheduled,,2024-12-23 08:55:45+00,2024-12-23 09:00:45+00,carrier_feed
633d9a2a-3e02-5b3c-ad23-996975221ca0,df3fdff6-deed-5925-8136-ef40807f87c0,in_transit,scheduled,2024-12-23 13:10:29+00,2024-12-23 13:44:29+00,carrier_feed
dc887d74-fe2f-5d00-92e9-66487f22a8cf,65fb60af-62fc-5522-9350-61cc3351fcab,scheduled,,2024-12-23 09:00:40+00,2024-12-23 09:45:40+00,carrier_feed
b7dffbf1-a9fa-59b0-8724-a08324dd75af,65fb60af-62fc-5522-9350-61cc3351fcab,in_transit,scheduled,2024-12-23 10:12:38+00,2024-12-23 10:40:38+00,carrier_feed
aba8fad1-9f7b-58eb-83b4-1eea7ee1af06,2385f785-59cf-5f4e-a1b6-2fe620010ac1,scheduled,,2024-12-23 08:31:57+00,2024-12-23 08:57:57+00,carrier_feed
3734b287-28bb-52ca-ac18-f8fa59bf7efd,2385f785-59cf-5f4e-a1b6-2fe620010ac1,in_transit,scheduled,2024-12-26 17:13:17+00,2024-12-26 17:43:17+00,carrier_feed
5417dd84-1e06-5f8c-b896-7c5600c31804,2385f785-59cf-5f4e-a1b6-2fe620010ac1,delivered,in_transit,2024-12-30 20:33:22+00,2024-12-30 21:14:22+00,carrier_feed
b8dc39e2-f617-57b3-a6af-59bb3d156993,d80cfbc4-eb95-5081-a0e7-231ffe92daf5,scheduled,,2024-12-23 08:40:05+00,2024-12-23 09:03:05+00,carrier_feed
f7c2f89f-a2a3-5d45-b158-f4bcc450bdcd,d80cfbc4-eb95-5081-a0e7-231ffe92daf5,in_transit,scheduled,2024-12-26 12:45:33+00,2024-12-26 12:55:33+00,carrier_feed
e9902323-ba06-578b-8c0a-8cc6ac5d765e,66aa0629-051a-5b98-b993-dad887fb1965,scheduled,,2024-12-23 08:53:59+00,2024-12-23 09:14:59+00,carrier_feed
8d043ea1-b034-522a-91db-bfef506756a7,66aa0629-051a-5b98-b993-dad887fb1965,in_transit,scheduled,2024-12-24 12:19:47+00,2024-12-24 12:48:47+00,carrier_feed
1deccf5e-da88-5f26-9903-a755e2a2cd74,12f03068-8183-5d25-bef7-0bbdd1f057df,scheduled,,2024-12-23 08:22:25+00,2024-12-23 08:55:25+00,carrier_feed
8123851b-615c-55b2-9531-8a3c8aa60a8d,12f03068-8183-5d25-bef7-0bbdd1f057df,in_transit,scheduled,2024-12-24 13:50:59+00,2024-12-24 14:08:59+00,carrier_feed
113b0e72-a83f-5be3-a1da-cafd80e02563,7867a8c5-9acc-5c5a-8c8b-c0a752790a99,scheduled,,2024-12-23 09:08:34+00,2024-12-23 09:34:34+00,carrier_feed
e6d990f5-e34d-54b6-8239-90b205391473,7867a8c5-9acc-5c5a-8c8b-c0a752790a99,in_transit,scheduled,2024-12-26 18:15:33+00,2024-12-26 18:59:33+00,carrier_feed
d6ca1115-e061-5bab-a5d7-b69301dac500,15c59ff6-c362-5cc6-b860-b95629763ab1,scheduled,,2024-12-23 08:59:00+00,2024-12-23 09:13:00+00,carrier_feed
c069408d-f996-5fa2-8467-e3498060ee1d,15c59ff6-c362-5cc6-b860-b95629763ab1,in_transit,scheduled,2024-12-25 12:06:46+00,2024-12-25 12:43:46+00,carrier_feed
5c0e35c2-4907-571f-b5c7-2a5d09e69750,15c59ff6-c362-5cc6-b860-b95629763ab1,delivered,in_transit,2024-12-29 20:08:28+00,2024-12-29 20:25:28+00,carrier_feed
dad0b85a-f287-590f-b2d3-bed3b950e70b,90b8e17d-4f2b-544d-adb7-e24524afd697,scheduled,,2024-12-30 08:35:34+00,2024-12-30 09:19:34+00,carrier_feed
24133c3f-14b1-50ef-9951-07bcbf1a0b63,90b8e17d-4f2b-544d-adb7-e24524afd697,in_transit,scheduled,2025-01-02 16:48:23+00,2025-01-02 17:17:23+00,carrier_feed
2e22a972-f248-5217-b57d-baf4e463073b,7b68f764-fbe8-5405-a10f-7bcdd9654d70,scheduled,,2024-12-30 08:51:30+00,2024-12-30 09:05:30+00,carrier_feed
73642a1e-79d1-535e-bbc8-3f64a5eadf7c,7b68f764-fbe8-5405-a10f-7bcdd9654d70,in_transit,scheduled,2025-01-01 17:01:33+00,2025-01-01 17:29:33+00,carrier_feed
1bdbc176-39d4-5f0c-83a5-8226804363c9,7f13944f-1a0e-548f-839b-0d1de619db88,scheduled,,2024-12-30 08:55:05+00,2024-12-30 09:30:05+00,carrier_feed
a9c6e950-87f9-5854-8edb-ed344c8cd9e6,7f13944f-1a0e-548f-839b-0d1de619db88,in_transit,scheduled,2025-01-01 17:55:38+00,2025-01-01 18:29:38+00,carrier_feed
ec4fba43-e064-51de-92a9-ff887db9f21a,69757598-2a62-5b05-903c-8e44738c9c94,scheduled,,2024-12-30 08:34:04+00,2024-12-30 08:55:04+00,carrier_feed
59a066f0-bd5d-5d77-b413-8d48f0f653c2,69757598-2a62-5b05-903c-8e44738c9c94,in_transit,scheduled,2024-12-30 17:02:42+00,2024-12-30 17:13:42+00,carrier_feed
451b3f8a-2106-5041-b684-c58a8e532a31,2fde22a7-4f43-5e9d-bb59-6f34ee9a4c65,scheduled,,2024-12-30 08:29:23+00,2024-12-30 08:59:23+00,carrier_feed
e8c4e151-b804-588b-9898-c7e5db5fcb9e,2fde22a7-4f43-5e9d-bb59-6f34ee9a4c65,in_transit,scheduled,2025-01-01 13:35:06+00,2025-01-01 13:47:06+00,carrier_feed
912c2649-78c0-5e22-bdec-7835b5737e2b,a9adb22b-f439-576c-9419-6bd664d6405d,scheduled,,2024-12-30 08:58:39+00,2024-12-30 09:30:39+00,carrier_feed
a9cccfc2-20bd-5f2d-a797-3debefc9d207,a9adb22b-f439-576c-9419-6bd664d6405d,in_transit,scheduled,2025-01-02 18:38:26+00,2025-01-02 19:06:26+00,carrier_feed
3e33bd98-6140-5757-86e5-553d780c99ac,b6f9d055-f049-551a-9e87-3e44092c6bb8,scheduled,,2024-12-30 08:51:55+00,2024-12-30 09:22:55+00,carrier_feed
fc24602b-25f2-5bb4-99ac-c3ac94cdb6e4,b6f9d055-f049-551a-9e87-3e44092c6bb8,in_transit,scheduled,2024-12-30 12:36:28+00,2024-12-30 13:06:28+00,carrier_feed
3e3dc41e-01fd-58fa-ab09-b99bdfc0ee5c,e5cbd271-0013-5b6c-af6b-b422e819aa79,scheduled,,2024-12-30 08:55:38+00,2024-12-30 09:20:38+00,carrier_feed
7f787583-6d19-5d18-aba5-6ef5b673386d,e5cbd271-0013-5b6c-af6b-b422e819aa79,in_transit,scheduled,2024-12-30 18:14:11+00,2024-12-30 18:48:11+00,carrier_feed
5f6550c7-69b5-59dc-86ea-bb804e68164a,e6b19501-a9b9-54d5-9812-86a6209f0dbb,scheduled,,2024-12-30 09:00:16+00,2024-12-30 09:30:16+00,carrier_feed
35c10954-e6d0-5bab-b4bf-98ac681c05f9,e6b19501-a9b9-54d5-9812-86a6209f0dbb,in_transit,scheduled,2025-01-02 14:36:24+00,2025-01-02 15:00:24+00,carrier_feed
55668ab9-22d5-5386-a8e7-0638a9d08714,d90ee04e-1eb5-5087-a274-f2cac529b3e6,scheduled,,2024-12-30 08:25:56+00,2024-12-30 08:30:56+00,carrier_feed
6ab95222-307c-5409-a0b9-d541e6cd8dd0,d90ee04e-1eb5-5087-a274-f2cac529b3e6,in_transit,scheduled,2025-01-01 09:32:34+00,2025-01-01 10:02:34+00,carrier_feed
9f581fe4-3135-50bf-af30-aefae915d384,f80fdfbc-2440-5e14-9578-b1b93533d0d9,scheduled,,2024-12-30 08:39:56+00,2024-12-30 08:57:56+00,carrier_feed
6169fddb-f29c-507f-b8ce-21478c09097d,f80fdfbc-2440-5e14-9578-b1b93533d0d9,in_transit,scheduled,2024-12-30 15:17:54+00,2024-12-30 15:37:54+00,carrier_feed
e41e4c7f-eff7-592a-8cf4-e3890272c831,2edfa4a3-cd0c-5dec-b72e-1d2e4f772c0f,scheduled,,2024-12-30 09:01:31+00,2024-12-30 09:30:31+00,carrier_feed
640e3ba0-29b2-581e-aaf9-d4a4a1ed9699,2edfa4a3-cd0c-5dec-b72e-1d2e4f772c0f,in_transit,scheduled,2024-12-30 15:44:50+00,2024-12-30 16:11:50+00,carrier_feed
57bff71c-859b-56ad-84f5-8b60a6c760e7,fead3f07-b919-5073-bf49-c70cf20b2559,scheduled,,2024-12-30 08:34:27+00,2024-12-30 09:00:27+00,carrier_feed
f5a987b7-ab06-5331-8dbd-15520d066593,fead3f07-b919-5073-bf49-c70cf20b2559,in_transit,scheduled,2025-01-02 16:03:40+00,2025-01-02 16:40:40+00,carrier_feed
a2f55a9e-abd3-5d9d-aef3-58f64dda695d,cf2a7209-3a5c-5ed3-8664-f38c98bddd2d,scheduled,,2024-12-30 09:04:07+00,2024-12-30 09:34:07+00,carrier_feed
71cb7605-505d-5e4e-9ae0-34c4dee2c016,cf2a7209-3a5c-5ed3-8664-f38c98bddd2d,in_transit,scheduled,2025-01-01 11:40:03+00,2025-01-01 11:52:03+00,carrier_feed
2491f851-2ad6-5270-a785-4ce55cc906d2,f6d9e0e6-ba60-58c5-930b-39497d076250,scheduled,,2024-12-30 08:52:52+00,2024-12-30 09:25:52+00,carrier_feed
838f5cb2-c785-5fdb-9c9b-2b618595d17a,f6d9e0e6-ba60-58c5-930b-39497d076250,in_transit,scheduled,2025-01-02 13:13:08+00,2025-01-02 13:25:08+00,carrier_feed
66c3b328-5fdb-5d06-9168-6db54cdb0d3a,bd66ba7a-495b-511b-84db-ff9072e55d6c,scheduled,,2024-12-30 08:41:56+00,2024-12-30 08:51:56+00,carrier_feed
2dabe41f-a20b-5017-ad18-a17a5e7b0da9,bd66ba7a-495b-511b-84db-ff9072e55d6c,in_transit,scheduled,2024-12-31 10:56:38+00,2024-12-31 11:04:38+00,carrier_feed
