id,supplier_id,as_of_date,on_time_rate_30d,on_time_rate_90d,on_time_rate_180d,trend_slope,lateness_variance,days_since_last_late,shipment_count_180d,computed_at,feature_spec_version
bef8c61d-2056-5c54-9849-148b418d09ba,afa15ef0-34ab-58ff-ad47-8060502e5f84,2024-07-01,1.0,1.0,0.9778,0.0,,97,45,2025-01-02 09:18:29+00,v1
7f9d79a6-b467-5a9b-87d5-7ee04241d428,b3288dd6-e3cd-5ec3-a951-39986285505b,2024-07-01,0.9412,0.9524,0.931,-0.042424,6.6777,2,116,2025-01-02 09:06:50+00,v1
48ae05d8-dca7-53d3-bbd2-17c80d9d7403,bed19e03-5ade-5692-8a4e-81fb3e8f965d,2024-07-01,0.8,0.8889,0.8974,0.024242,9.6612,13,39,2025-01-02 09:23:39+00,v1
bcf5673a-ba6d-54a6-83de-d87b91eb7dc5,3dffa708-7186-5ce1-9e9c-96972e56f8bf,2024-07-01,1.0,1.0,1.0,0.0,,,78,2025-01-02 09:26:14+00,v1
e2929eb4-6e73-50a1-80d2-9fcc43c6699d,d6589668-bf03-550c-93d5-57ece0241efc,2024-07-01,1.0,1.0,1.0,0.0,,,12,2025-01-02 09:11:02+00,v1
db74db78-c5b3-5e89-b41b-ec41f7872241,9981b718-1ab2-586a-ac86-82ab2f6f445c,2024-07-01,0.6667,0.75,0.8,-0.1,,2,5,2025-01-02 09:29:53+00,v1
6dd2ecdf-3b59-59d1-b39a-2fc6fd3773f6,9df2da2e-507c-507e-b146-3af5cb0eb852,2024-07-01,,1.0,1.0,0.0,,,9,2025-01-02 09:09:45+00,v1
1893b644-e8a5-5ddc-a8aa-bfda52b1d488,224ca423-2c12-5113-bbd1-50eab06cf470,2024-07-01,,0.7778,0.8,-0.012121,19.1434,49,20,2025-01-02 09:23:33+00,v1
2f26cefd-2090-5f1c-85a4-9de47777ec3d,960f8f6e-5384-5c35-bfda-77ba61e7822e,2024-07-01,0.6667,0.8667,0.8636,-0.054545,5.56,5,22,2025-01-02 09:11:42+00,v1
931adf9a-a11a-59c0-bf9d-0b64cc1f6991,8c61a3ad-eb5d-59bc-9d10-16ddbfa7f8b0,2024-07-01,,1.0,0.8333,0.142857,,133,6,2025-01-02 09:16:24+00,v1
6c63f435-bb2f-5a39-9230-7307e210ccbc,ea344b5b-a6fa-5c52-a82d-6aca1e325dfd,2024-07-01,,0.75,0.9167,-0.054545,,28,12,2025-01-02 09:01:21+00,v1
67206f98-c9d8-5aee-955c-4cdb21b546ee,a204cedc-9bbc-5113-b524-27b81d9b9e2d,2024-07-01,,1.0,1.0,0.0,,,9,2025-01-02 09:24:25+00,v1
ee05ad6a-fc0b-597e-bbd2-0f12faf1ba6e,c809308b-6bd0-5e7f-8fed-63aa0be429db,2024-07-01,,1.0,0.8182,0.048485,2.2306,146,11,2025-01-02 09:20:44+00,v1
427dacc1-9eda-5e3c-831b-ccea9c5a9b99,b518e4a1-8b14-5e0f-a7c6-0b6631fe0a5a,2024-07-01,,1.0,1.0,0.0,,,5,2025-01-02 09:29:33+00,v1
96ed85b8-ba68-5949-8fb8-9ba880a3f209,43b32e98-5a29-5473-b8a5-4357668f5f74,2024-07-01,1.0,1.0,0.9375,0.0,,94,16,2025-01-02 09:03:20+00,v1
91231e5f-0606-5965-becc-ed2aeab40576,8f1f2a54-a01e-54a1-9234-72cb24fac6ff,2024-07-01,,1.0,1.0,0.0,,,13,2025-01-02 09:19:48+00,v1
add0063d-a929-53bd-888a-a1ea26f12aa3,48e2fe7c-35ad-5935-824d-697bfa8226f3,2024-07-01,,,0.75,,,79,4,2025-01-02 09:21:41+00,v1
6f7f9f5d-8bc0-5726-b061-ad21e8992cdc,f94dbc7c-8aca-554e-ad3f-4e1fa92c88e7,2024-07-01,,1.0,1.0,0.0,,,10,2025-01-02 09:10:04+00,v1
de746285-a134-5ace-abba-f27da6aff7c8,f478ae52-7c2a-5617-95bb-5f296860910f,2024-07-01,,1.0,0.8889,0.05,,137,9,2025-01-02 09:28:32+00,v1
ec9b0d1a-3107-5f2f-a161-caea7c9511ca,80102db8-d5d3-5b2c-9e54-5b4fbebca6eb,2024-07-01,,,,,,,0,2025-01-02 09:22:14+00,v1
94c11e81-8c72-5b2a-8873-6b5190ea6784,c27afee2-997d-5290-a74e-2530422664f5,2024-07-01,,,,,,,1,2025-01-02 09:23:52+00,v1
68bf63a1-d872-559b-a0db-c67d21fcfff5,7126e422-addd-5f29-b3f2-b752caf2e66c,2024-07-01,,,,,,,0,2025-01-02 09:07:18+00,v1
5e473b24-c994-589c-9c57-5d0410ab17a1,7910ac44-1e40-56bb-9ab8-d9ba56ac335c,2024-07-01,,,1.0,,,,3,2025-01-02 09:26:29+00,v1
b0f3bda2-8d87-5f9a-9764-b0788edb8d7f,b9aec7bd-f7f9-55cb-b673-5177ddff5e0d,2024-07-01,,1.0,1.0,0.0,,,5,2025-01-02 09:20:49+00,v1
06aac6d1-ac3f-5338-ac86-991bb56c929a,b0a44c22-e899-52ff-98a1-85dc4e254380,2024-07-01,,,,,,,0,2025-01-02 09:24:12+00,v1
97cfd406-c7ca-5cd1-857d-55416cbcfa02,eee4f3d5-a93a-5cf2-85cd-907416aee337,2024-07-01,,1.0,0.8889,0.05,,143,9,2025-01-02 09:04:40+00,v1
bccd2afa-1401-5910-9800-a45d384254d6,ce3f1829-b358-52a7-bd0e-9eb3d2d95666,2024-07-01,,0.8333,0.9,-0.042424,,25,10,2025-01-02 09:27:37+00,v1
55de94c3-944f-593e-9784-82d1e218a77f,1cf67535-10cf-5364-a9c7-5b0562d7a6d6,2024-07-01,,1.0,0.8333,0.142857,,144,6,2025-01-02 09:13:21+00,v1
cfd5b2ef-b0db-5d0a-a1fd-92affb7183e1,b1482d47-285e-53ab-995d-cc9a8165b52c,2024-07-01,,,,,,,2,2025-01-02 09:02:58+00,v1
1bc9a2b6-9728-55c2-858d-cf6e7122aff0,d48fc4d1-ee5a-5d55-92e3-efa651af5e0b,2024-07-01,,,1.0,0.0,,,7,2025-01-02 09:19:24+00,v1
45e3870d-9b42-5235-bf98-f3ae1e358248,7cff550d-7458-54fe-906b-849912e2bac5,2024-07-01,,0.75,0.8824,0.0,0.0,70,17,2025-01-02 09:26:54+00,v1
c033fe4e-0de2-50a7-831f-c3ed8d7e1055,3a67adbf-5513-5a16-82f1-1ee2075f84a5,2024-07-01,,,,,,,0,2025-01-02 09:02:55+00,v1
78bea126-e9a6-5526-b7e1-63d20f4ac0c1,1439fed7-3f86-5a06-ae10-6169b01a836b,2024-07-01,1.0,1.0,0.9231,0.042424,,101,13,2025-01-02 09:07:09+00,v1
eaee0fa9-b654-5eb8-9408-a0f71cbc71cf,6bfe9d03-1d68-5349-a2e7-d2c71322d817,2024-07-01,,,,,,19,2,2025-01-02 09:17:38+00,v1
0e4d3688-89d5-5b15-a820-b3b2dbc4327c,bda40a80-19c9-5fe0-b729-308b0f59ad25,2024-07-01,,1.0,0.9,0.030303,,136,10,2025-01-02 09:24:54+00,v1
ba80c196-3736-5401-8c1a-1d1096f96145,4140807d-c496-53ae-8f87-15c93cde916b,2024-07-01,,,,,,,1,2025-01-02 09:10:59+00,v1
d78e4f47-3eb1-565e-9bba-92e3c28bcc61,6e1d922d-415a-53d0-97d8-f4767299c10e,2024-07-01,,,,,,,1,2025-01-02 09:12:09+00,v1
f1a9244d-4a87-5c47-a4f9-b2fea67eaa2e,f0aa8198-c2d3-59dc-b748-7bbb43f72614,2024-07-01,,0.5556,0.6667,-0.012121,4.7065,59,12,2025-01-02 09:12:34+00,v1
a11eac4c-a9ef-5990-b6a5-aaf04822b59a,9ecc4544-0aaa-5d4b-a20b-19b8dce2c71c,2024-07-01,,0.8333,0.8889,-0.030303,6.2482,39,27,2025-01-02 09:03:31+00,v1
87830b38-1147-5547-8d6d-517ae508e43f,d56202a0-5ac9-5000-bdef-df809a781522,2024-07-01,,1.0,1.0,0.0,,,12,2025-01-02 09:12:04+00,v1
7d2ac1a2-ace9-58ab-b333-13125f56065f,43b5c255-48c1-5b61-ab8b-8bc95266bb1f,2024-07-01,,,,,,,1,2025-01-02 09:05:49+00,v1
b99cb9c7-f0ff-5110-8aba-b58184c07a63,feeb172c-57c6-5067-97db-54ddf632027a,2024-07-01,0.7778,0.8889,0.9077,0.042424,2.8126,0,65,2025-01-02 09:27:44+00,v1
574aec04-d7f8-53c2-8aee-44178963721d,15a4b7b5-0940-5f38-887a-51e62e07c4cf,2024-07-01,,,,,,,1,2025-01-02 09:09:27+00,v1
ab1d0b99-5c9a-5c85-85b0-5d2c334e2d88,ea95a540-f662-5975-8a79-88352e65c9c4,2024-07-01,,1.0,1.0,0.0,,,10,2025-01-02 09:13:06+00,v1
f2d5f16e-8471-5d41-8fda-4a85a3e39240,09b007da-c3cd-5c90-912c-64f13e0cb7eb,2024-07-01,,,,,,,2,2025-01-02 09:22:54+00,v1
f04b1302-e72a-5ed7-9029-d2825abae331,035f03a2-0aa4-54ab-b965-ffe92a15c554,2024-07-01,,1.0,0.75,,,140,4,2025-01-02 09:21:38+00,v1
7e0c486d-46d2-5456-8b6d-5723fcefc0b2,a080f3ab-6ea0-59f4-b082-807399acde92,2024-07-01,,,,,,,2,2025-01-02 09:18:39+00,v1
bfb5f245-1f8b-5d7a-8869-224f12ab6de5,962efb96-78cf-56c2-9668-d0081024f66b,2024-07-01,,1.0,1.0,,,,3,2025-01-02 09:06:58+00,v1
de00e3e2-2eac-5ab0-b719-23d40fd67c20,d21da0bc-d1b2-5971-a037-be72ab2d0b0f,2024-07-01,,1.0,0.8571,0.071429,,129,7,2025-01-02 09:24:21+00,v1
14b18702-7d88-5f9a-9e1b-d7c987439623,6e4b4b02-c6c9-56a6-899b-544e87e288d9,2024-07-01,,,,,,,0,2025-01-02 09:17:20+00,v1
0edf8381-3e0a-5214-90dd-3cff906862c5,620e7b33-9778-5fbb-b4ad-f547ad7f37e4,2024-07-01,,,1.0,,,,4,2025-01-02 09:13:00+00,v1
625f9756-964a-57b7-81c7-2718d6fb1bc1,ef593dbc-d5e0-5b32-b0c1-59e7e62b3b93,2024-07-01,,,,,,,0,2025-01-02 09:28:20+00,v1
2d06d2eb-2e04-5d9c-9125-4d39a0240199,2acb4323-7672-57b0-a6ff-2311178e47d0,2024-07-01,,,0.6667,,,76,3,2025-01-02 09:16:50+00,v1
f3e143e8-7376-5e46-bf83-1041fdb46f42,0ed71b3f-e7bd-5b63-8de5-842e174a2b41,2024-07-01,,1.0,1.0,0.0,,,5,2025-01-02 09:23:14+00,v1
cd506ce0-dbde-5526-afc2-b64f08a04749,f64331a4-51a2-5b06-9056-d0c2cad44675,2024-07-01,,,0.75,,,151,4,2025-01-02 09:11:59+00,v1
86941df1-babe-5915-bf91-def3ce9497f7,1f86b535-bdb3-574d-9dbb-25b5fa82652b,2024-07-01,,,,,,,0,2025-01-02 09:00:21+00,v1
71e16d6e-8e3d-5cd0-b424-1b8dab26b3f3,d218df5c-aa02-51a7-913f-5a5b5fc8400f,2024-07-01,,1.0,1.0,0.0,,,5,2025-01-02 09:15:23+00,v1
505906f4-f970-5487-887a-b9dbbe325d38,3d18327f-e1fc-5926-943c-c64c3863d165,2024-07-01,,1.0,1.0,0.0,,,17,2025-01-02 09:03:43+00,v1
5f54d160-6d66-502e-aea3-5b8055472d75,4f3c3f1b-e7e4-54c5-884a-84b5b42e6a16,2024-07-01,,,,,,,0,2025-01-02 09:21:22+00,v1
99ed49b1-eca0-5d7d-a305-e80f2148507d,d05aa5b5-1e60-594a-bad0-42d0aeb5d232,2024-07-01,,,1.0,,,,3,2025-01-02 09:18:34+00,v1
f148e511-c790-5a00-ada2-0fe2c7dcd8e1,3f5d4bf9-7262-5bf6-a738-0859f809219d,2024-07-01,,,,,,,1,2025-01-02 09:20:21+00,v1
902f3c50-da53-54ed-af35-c5130770de57,264e880d-3b17-54dc-8e9c-e1fb490de6ac,2024-07-01,,,,,,,2,2025-01-02 09:16:49+00,v1
c1b33e65-3fc0-5afc-89e8-5cce5ae2a59c,488b2b70-5056-5ec9-956e-5e769150eb8a,2024-07-01,,,,,,75,2,2025-01-02 09:25:59+00,v1
601148c8-043e-5458-9acf-e27adf5763f5,fac986ec-aa71-58e9-bba9-59c9637fadea,2024-07-01,,1.0,1.0,0.0,,,5,2025-01-02 09:17:42+00,v1
06485efd-46f8-5fb8-b687-94b1c7980b7e,463b4a52-d8f1-536f-bec8-06e23d2f6c9c,2024-07-01,,,1.0,,,,3,2025-01-02 09:20:07+00,v1
f7bd05f8-30f7-5c12-9a81-2ac70f0dfe19,1dd40ffd-af9b-5e68-a850-c5d51f8221d6,2024-07-01,,1.0,1.0,0.0,,,5,2025-01-02 09:05:49+00,v1
543e583e-9544-57b4-a00d-48cadbad55ca,fb5a4c36-67a2-5f2a-95c0-4940d42cc3d1,2024-07-01,,,,,,,0,2025-01-02 09:15:17+00,v1
36daeef8-bada-552f-b822-899a208c61eb,47c8a9fe-5376-5db4-ba44-b7b1991d4397,2024-07-01,,,,,,,0,2025-01-02 09:25:19+00,v1
d6a879cb-c107-5953-98ba-5bcfab23e501,5e65bb1d-205f-58d3-9e97-373d6ab4cec1,2024-07-01,,,,,,,0,2025-01-02 09:29:31+00,v1
cb461f40-62ec-5be0-bfc2-2fd647f887e3,c9d15727-b69d-5040-b3c5-c48f08762291,2024-07-01,,,,,,,2,2025-01-02 09:08:51+00,v1
ad688b43-b520-58df-861d-be20b70c4f12,db5c70cc-56fa-5582-b9c5-28a7bb381322,2024-07-01,,,,,,,0,2025-01-02 09:03:21+00,v1
487e22e3-ea72-579b-9d59-ca17d306d59e,f60697dc-c659-577f-8df1-20511a0a4373,2024-07-01,,1.0,0.9333,0.042424,,108,15,2025-01-02 09:21:24+00,v1
77074e6d-d89b-5c02-8b69-a23541e5fc35,bc5b82c4-bcbb-515e-bad5-88e21f43508a,2024-07-01,,1.0,1.0,,,,4,2025-01-02 09:12:51+00,v1
5e30d208-f59b-50f3-a3be-c22b5ee8f6b4,71627912-343b-5d8b-b8b6-d23d11e6c4e7,2024-07-01,,,,,,,0,2025-01-02 09:00:36+00,v1
a877dd7e-ae89-520f-9463-acde27d2c66c,f34e6f55-692e-54d3-9fde-1abf2501717f,2024-07-01,,,,,,,0,2025-01-02 09:14:45+00,v1
8145be62-407d-5339-9c27-ecbbb2d48eeb,93b0f4df-acf5-572e-b6a4-7979c3847675,2024-07-01,,1.0,1.0,,,,4,2025-01-02 09:13:40+00,v1
746db6a0-914b-5f11-8dc3-3d567a7ce66c,39acaddf-1233-54d7-a2b0-ae4649dcb6dd,2024-07-01,,,,,,,0,2025-01-02 09:23:03+00,v1
215b1997-f74d-5003-a35d-351153dafe0f,46c4f3df-0f5d-5c00-9b89-21742485af45,2024-07-01,,,,,,,1,2025-01-02 09:28:47+00,v1
318cc13d-105e-5518-bece-d9a31da133ca,b6f36eda-3822-52f7-b533-6831d5e35275,2024-07-01,,,,,,,0,2025-01-02 09:23:33+00,v1
f890ea72-26c2-5ba9-8b87-c54a26fe12aa,5d515261-e313-5f81-8e63-d5cb6a889665,2024-07-01,,,1.0,,,,4,2025-01-02 09:25:21+00,v1
7c4180c6-e3cc-5c08-8a40-9c2a2d454c3c,fd39e4d1-8ee1-508d-b400-dcbf8f411fa2,2024-07-01,,,0.5,,0.2465,76,4,2025-01-02 09:00:58+00,v1
f1aa759f-6763-5ccb-8309-7c5fe0b1fe6b,898c490c-7456-59bd-a31d-c943b5097c2a,2024-07-01,,0.7143,0.7,0.018182,2.0018,36,10,2025-01-02 09:18:25+00,v1
38296fed-1f32-5a25-8f13-3a265e7cf055,c617d29f-cfe0-5ea9-921e-42b791ba8455,2024-07-01,,0.8,0.9375,-0.042424,,53,16,2025-01-02 09:22:30+00,v1
c5e44412-17d4-59cd-b1b5-3a78c14ffe08,d78b0306-ff73-5aef-984d-a2339b24b66d,2024-07-01,,,1.0,,,,3,2025-01-02 09:22:34+00,v1
bc65f9ea-d71b-5269-bc58-b2b490e3afce,8a349d8b-0f00-51fc-b24b-03bd984b0ac2,2024-07-01,,,,,,,1,2025-01-02 09:14:18+00,v1
03410cf5-9f69-50c8-9f90-a6abb027a773,5db7b12c-721e-55a9-9aab-abfd83993230,2024-07-01,,,,,,,0,2025-01-02 09:17:44+00,v1
9b63f976-aee0-56e9-84ad-cfdc7c2f11a2,75bab8e9-1edc-5fb3-955a-8b05df6c7ec9,2024-07-01,,,,,,,1,2025-01-02 09:23:07+00,v1
f3cd9734-d712-5be8-af72-64d02bce4c1a,71cf99c0-a72d-5db3-94d6-fb981f3a78b5,2024-07-01,,,1.0,,,,3,2025-01-02 09:05:24+00,v1
bfb224c4-5ed2-518a-bb67-d6dc3f87a637,e9bc7dc1-c44d-5e2d-ae5b-40f8a1a866e2,2024-07-01,,,,,,,1,2025-01-02 09:06:15+00,v1
55004ffa-582f-568e-bde8-68dcf2f27fc8,c56b6071-e42a-54ce-a650-ff4227c5a623,2024-07-01,,,,,,,0,2025-01-02 09:11:19+00,v1
195eb313-8b18-57b7-879d-6a2204e34466,02205db5-7374-5a5c-885e-f94d69a2fdd9,2024-07-01,,,0.75,,,158,4,2025-01-02 09:16:29+00,v1
d43a2854-fae7-52d2-ab96-cdad2b5f72b3,d6c01b90-4652-5257-9513-25cf71407962,2024-07-01,,,,,,,0,2025-01-02 09:00:31+00,v1
4c119e5f-3716-5cbf-b09e-2eb4be8d6aa5,ea30c0d4-dde7-52a4-bb52-ff2137705956,2024-07-01,,,,,,,1,2025-01-02 09:21:52+00,v1
f2a12173-ef0b-534d-98df-8b39e8bde82c,8ec906cc-8e27-5537-a7fe-1c168b4c7761,2024-07-01,,,1.0,,,,3,2025-01-02 09:04:08+00,v1
460924d1-96ec-5155-afaf-8bb857521a26,8e7d762f-d623-547c-901b-6a809a76b1e0,2024-07-01,,,,,,,2,2025-01-02 09:11:34+00,v1
2eed56ec-4d41-5b04-ba77-e378d47a22b5,3ced5417-d4ec-5e5a-aae7-78408a170f64,2024-07-01,,,1.0,,,,3,2025-01-02 09:26:43+00,v1
f92b9bc9-0f1e-50f8-b0c6-3b952eecd8bf,a61087b9-4e85-5ce4-acba-99b114e08385,2024-07-01,,,,,,,2,2025-01-02 09:07:27+00,v1
3a31d069-5cfe-54fd-a3f1-eadb45a1befa,c7824afc-aed7-53ca-8db0-39281e01b3db,2024-07-01,,,,,,,1,2025-01-02 09:09:14+00,v1
dac81f2f-b62c-547c-9c5b-12efeb4407ce,cb1c837d-0892-5c41-8ec6-fdd1736ecfb5,2024-07-01,,1.0,1.0,0.0,,,12,2025-01-02 09:12:55+00,v1
f4ca93ad-fcf2-580b-9691-cacc75d1bd66,a41989d9-98e5-5739-84ef-967a846019d4,2024-07-01,,,,,,,0,2025-01-02 09:13:31+00,v1
6d6e4c68-8466-5c84-b179-fbc216fec98a,1ae3ff03-0430-52b0-a6c8-9cb0930eabca,2024-07-01,,,,,,,0,2025-01-02 09:29:27+00,v1
8cb4b66f-449e-5d71-a8b5-ee7d0442bafc,7df370ac-bf18-5e22-8470-a90d30f80a1b,2024-07-01,,,,,,,0,2025-01-02 09:23:24+00,v1
185431a0-010a-59a8-9da6-2b2128b59143,2b1bef2d-1631-5d70-ae40-0e1da7dc57ee,2024-07-01,,,,,,,0,2025-01-02 09:23:29+00,v1
0f40078c-3d6b-5af3-9ba7-b640d5d263a6,4c878b61-e524-5f15-95af-8540be93499c,2024-07-01,,,,,,,1,2025-01-02 09:28:49+00,v1
8cea4c1a-358f-5d0a-93a9-29b5aec8657f,74beaacd-53c0-559f-ab4a-8d5d9d039d4e,2024-07-01,,,1.0,,,,3,2025-01-02 09:01:39+00,v1
4da612b3-3f95-53e8-b86b-81344191ba8c,a988a28a-ce98-53e0-9cc6-4a06b5096d0b,2024-07-01,,,,,,,1,2025-01-02 09:04:43+00,v1
0a92386f-6a8b-5757-a875-6c4b6545c018,365d1596-4f8b-5601-bc80-e9dc0ad6bb6d,2024-07-01,,1.0,1.0,0.0,,,6,2025-01-02 09:25:31+00,v1
b19ee400-3260-512f-9618-08d5ea7b20e6,9e923201-7acd-5309-82e1-75c97d1be1ab,2024-07-01,,,1.0,,,,3,2025-01-02 09:14:46+00,v1
c9098ca7-f274-5d38-82f2-dda88303b420,8ee5e50b-aeda-542a-872f-e28cf5c35296,2024-07-01,,,,,,,0,2025-01-02 09:03:32+00,v1
ddceb8a4-3bcd-57c5-8690-5185317a4de0,72d5fa76-fe12-54c9-bf34-fa8c83a1e972,2024-07-01,,,1.0,,,,3,2025-01-02 09:08:40+00,v1
2e885f84-80bb-59d7-afb6-3fa070c1b4fe,a75d6275-d747-55a8-8d1c-436d2622e4ed,2024-07-01,,,,,,,0,2025-01-02 09:13:01+00,v1
d1c0d9b6-ac98-5233-80d3-cda9ee63dc78,bf3b3b4f-0058-5d64-a9fd-695f12d7c59a,2024-07-01,,,1.0,,,,3,2025-01-02 09:06:17+00,v1
233d28e9-c6e2-55a9-a18c-000d4e05477c,9a6dab5e-6ec0-5a4a-bf93-80f994e2582e,2024-07-01,,,,,,,1,2025-01-02 09:07:58+00,v1
377884c1-7814-5ed5-b222-747c86cf5edf,0aeec9e3-e0fa-5f23-bd7f-a309b8b8801a,2024-07-01,,,,,,,0,2025-01-02 09:21:52+00,v1
b9abc097-a738-5194-b2f9-605a66a5c6c5,0770b2fc-077c-5358-b9b4-b4deb150a16f,2024-07-01,,,,,,,0,2025-01-02 09:01:59+00,v1
14f3abe1-985e-5baa-9380-5516466abd79,aa48b7ad-fb31-5be7-8ec6-14772bcfbac6,2024-07-01,,,1.0,,,,3,2025-01-02 09:22:48+00,v1
8a78e4c8-6c5a-57db-9cf5-2dfcad7b1584,d1b7dbbc-bd6f-51f7-b643-f48f82ea753b,2024-07-01,,,0.75,,,157,4,2025-01-02 09:27:02+00,v1
2850d43e-02f1-5fed-8a08-9163e5e6b2c0,5495add5-7bf6-583c-a9d8-82516386e5bd,2024-07-01,,1.0,1.0,0.0,,,6,2025-01-02 09:10:37+00,v1
9906eaff-c052-586b-a925-545259af0f21,6a50b744-1131-578e-a6f1-553222e98f95,2024-07-01,,,,,,,0,2025-01-02 09:13:04+00,v1
226b67b6-1b94-5377-887f-c6cac6e9dc86,f02925e7-8a92-58b9-8a59-178c11da9c26,2024-07-01,,1.0,1.0,0.0,,,6,2025-01-02 09:17:35+00,v1
ddfb9624-d854-5858-ad72-468965b172b9,1ff8a181-35a8-5bc8-84fd-3e882672ffc7,2024-07-01,,,,,,,2,2025-01-02 09:01:15+00,v1
205883b2-61ab-59f4-a4d4-994177ad4934,a53cf2cd-5dec-5640-855d-f85900d633f1,2024-07-01,,,,,,,0,2025-01-02 09:02:08+00,v1
3c6872b0-67f7-5460-acfb-2a3036b9a003,c0af8110-7381-5d39-aac0-730aa9405d50,2024-07-01,,0.8182,0.7895,0.0,0.7503,36,19,2025-01-02 09:27:11+00,v1
d9245d9f-a10d-5d82-9976-014ada42fe6a,44df5d8c-b3ec-5d0a-8aee-600bcb155f44,2024-07-01,,1.0,1.0,0.0,,,5,2025-01-02 09:26:38+00,v1
34da669e-7b1e-5d12-8a23-83bc2b0debd9,3e7a5438-d7e1-56a3-b1a2-d227407de26b,2024-07-01,,,,,,,0,2025-01-02 09:15:24+00,v1
04fd3229-48df-534f-85ab-491d68a2aaa7,b26c15f9-24e6-5f13-aebb-604d9972f392,2024-07-01,,,,,,,0,2025-01-02 09:20:20+00,v1
4414faa8-b6c9-5079-af62-004d09da58e4,f2d38c13-14be-5d53-b5be-0195b1a303ee,2024-07-01,,,,,,,2,2025-01-02 09:15:27+00,v1
6a90a03c-a6b3-5566-a537-f15de480f2fc,18a3294b-c0ab-5a9b-9ead-b01171cb062a,2024-07-01,,,1.0,,,,4,2025-01-02 09:27:25+00,v1
ff69a724-8260-59e8-aa6a-1437c162eb13,c45d7bbd-57af-5aa6-b8e5-43190333bc1f,2024-07-01,,,,,,,1,2025-01-02 09:19:58+00,v1
7414d8df-cc79-5614-a54f-cea095827bda,49f30c55-3164-52d3-96e6-d430644895d6,2024-07-01,,,,,,,0,2025-01-02 09:17:22+00,v1
54eb3ff0-d53c-5ff4-add1-9fc2ea44ccdf,64f360a5-dd91-53d4-b08f-6877ce13cee4,2024-07-01,,,,,,,0,2025-01-02 09:27:56+00,v1
d6e2b8f3-7220-56f2-be12-8f012c6a5280,3ebd62e2-76cf-5b92-897d-0e12a8f0c31f,2024-07-01,,,,,,,1,2025-01-02 09:05:24+00,v1
bbda89e4-2073-5a15-b723-8dae60a41791,e1d14570-01d9-5462-a614-96e9be4efe70,2024-07-01,,,,,,,1,2025-01-02 09:26:42+00,v1
f73a552a-fc6d-5ae9-8190-c15a6f0db67e,d1104815-5077-5067-a7f1-9e2ba896def7,2024-07-01,,,,,,,2,2025-01-02 09:28:59+00,v1
6a2f16b1-fdfb-50e6-b686-5353dc544fa0,9479681a-215a-5a77-b726-ce8bd5f0a71b,2024-07-01,,0.6667,0.8333,-0.085714,,54,6,2025-01-02 09:23:13+00,v1
46e873d7-adb6-5e0c-b0e7-15335fd12cd8,696fe914-0890-5b2b-b310-9964de714d66,2024-07-01,,,,,,,1,2025-01-02 09:03:17+00,v1
7f1d3f10-19d9-5c84-99c5-bb3de09a0311,0610f945-f9b7-57aa-8b15-96586d95fb57,2024-07-01,,,,,,,2,2025-01-02 09:18:35+00,v1
dcf03be1-85c5-5ed1-81b2-4682a259fe72,c24da349-b6f4-54bf-8b3a-64c69410f9a1,2024-07-01,,,,,,,2,2025-01-02 09:17:01+00,v1
15137f38-4fc0-5706-97ce-10b839ff3252,ca18e7cc-ecf1-5055-b19e-f814a13473f1,2024-07-01,,,,,,,0,2025-01-02 09:20:28+00,v1
d0a9fb06-6089-5f1c-9f53-372de3a34abc,83c2a190-a4e9-54bb-8a47-0a9be4b5d84f,2024-07-01,,,,,,,1,2025-01-02 09:18:25+00,v1
42565527-90c1-5124-b6ca-39a5494da5bb,ceec20ba-5cbc-5841-a953-c53864bae34b,2024-07-01,,,,,,,1,2025-01-02 09:23:58+00,v1
a9799c06-2097-54c1-9392-33a17f2c664f,6c4cf2e7-61f7-579a-9589-af076d22fd4f,2024-07-01,,,,,,,0,2025-01-02 09:01:40+00,v1
803c684c-82d3-5dcd-8ced-752f5e0844f2,21a0d8fe-c08f-5405-8f1f-48351294e158,2024-07-01,,,,,,,0,2025-01-02 09:05:11+00,v1
e20cb9ec-2478-5925-a9aa-40c1e7e76fd0,58bd5d2f-4d18-5dee-8c8c-f3277b2410e5,2024-07-01,,,,,,,2,2025-01-02 09:26:35+00,v1
c783c990-8455-5c8f-b5ea-263431fb0113,31cbf5d4-2233-5195-84e1-ba1bc7ba3b45,2024-07-01,,,1.0,,,,4,2025-01-02 09:17:59+00,v1
8b0e848f-d799-589e-86ab-12d0ef828f89,afb7095c-523c-5630-9d17-6f0acd1d8303,2024-07-01,,,,,,,0,2025-01-02 09:22:49+00,v1
ca1d28af-68d2-54cb-848d-817e09c60e89,c4b1cd6c-92dc-5355-8be6-2712dbf542f7,2024-07-01,,,,,,,2,2025-01-02 09:14:36+00,v1
452fc3d4-01f1-536e-a3c4-dd0be9895830,c86fd083-4330-5332-98e4-a0315ca803bb,2024-07-01,,,,,,,0,2025-01-02 09:27:40+00,v1
f3ceff2b-8ac2-50f8-bd38-52e34662e0ab,0bd3c5cf-7964-5033-9b72-1a050c72c8f6,2024-07-01,,,,,,,0,2025-01-02 09:18:25+00,v1
88492190-792a-5681-8d9c-d4b8ff1fb7c9,f03400f5-6379-528f-a884-912e998a9bbc,2024-07-01,,,,,,,0,2025-01-02 09:02:24+00,v1
57c09df9-7882-596c-aa35-117f4d40137f,8a11a319-02d5-5f14-bceb-b4396a01c3ac,2024-07-01,,,1.0,0.0,,,5,2025-01-02 09:03:23+00,v1
99cd8200-28a8-5fa9-8ab7-d071540e7d0c,2e7e61a3-585d-5dfa-b4ff-bcd5c1481a78,2024-07-01,,,,,,137,2,2025-01-02 09:19:03+00,v1
60c044f3-4edb-573b-8d3b-813edc1c7ae1,187a4cef-2d3a-5a35-a719-21abbf5a0623,2024-07-01,,,,,,,0,2025-01-02 09:24:31+00,v1
5f467a5d-8c8f-5c13-9094-277768fd5ead,77698098-1236-5728-943c-f98c1a32d82f,2024-07-01,,,,,,,2,2025-01-02 09:16:12+00,v1
da530019-5e78-5a15-bdaf-d00498fbb5c6,4aebf463-3c95-5e36-9414-8edcf6fc203e,2024-07-01,,,,,,,0,2025-01-02 09:00:03+00,v1
d2a1d5ae-73bd-52ed-ba22-c2f08e243df3,bcf0cf95-cfac-505e-be53-8340310cc0f0,2024-07-01,,1.0,1.0,0.0,,,14,2025-01-02 09:17:41+00,v1
ee06a9dc-ea6d-5cf8-a751-239a6385b8df,bd89ed3d-ddef-503a-86cb-c1d4c3d09416,2024-07-01,,,,,,,0,2025-01-02 09:25:19+00,v1
86e19fb4-0066-5009-8dc4-40dc2251c7d8,357edde5-3d22-57ff-b7af-1a22cb0c4eca,2024-07-01,,,,,,,2,2025-01-02 09:17:34+00,v1
68c4853c-722a-5731-bb89-54cdbfa873fa,9b7eafca-8be5-587f-94ee-7891407766ec,2024-07-01,,,,,,,0,2025-01-02 09:13:49+00,v1
4e2039bc-b4dc-5e0d-9a83-00ac719ad06e,10ce77f2-8241-5db5-8acf-9c90b9f72446,2024-07-01,,,,,,,0,2025-01-02 09:07:58+00,v1
11b93c9b-7611-52c9-96ed-932b70622f72,94ac7534-899f-5bc9-bab4-77e509ec2401,2024-07-01,,,,,,,2,2025-01-02 09:12:32+00,v1
99e4f865-fc8d-578b-8b70-0a1a0a8fc85c,8d8f807f-443e-59e5-a85c-e2c16318958f,2024-07-01,,,,,,,1,2025-01-02 09:29:13+00,v1
f7cbea84-1f87-557b-a12a-c86afb945679,c2678f7b-587c-52d2-a630-1e73238b2754,2024-07-01,,,,,,,0,2025-01-02 09:29:40+00,v1
1ab92771-01e3-5b0c-871b-f9b2ef700784,468fdb3d-917d-52bc-98bb-a49356bf5daa,2024-07-01,,,,,,128,2,2025-01-02 09:14:48+00,v1
eed92d9a-cee5-57a8-87b1-214c52598f60,d77b6010-752a-5366-b725-cb7f3e56b425,2024-07-01,,,,,,,1,2025-01-02 09:10:17+00,v1
91481bd8-2be5-55bb-bb14-b8e26d21391c,3fa7c0d8-e78f-5636-ad0f-83c650f64502,2024-07-01,,,,,,,0,2025-01-02 09:08:20+00,v1
91950a11-9360-5c6e-a73b-13972a0f8191,2039c8be-5300-55c4-a967-ba7227f88c02,2024-07-01,,,,,,,1,2025-01-02 09:13:33+00,v1
2da8e5f9-c466-50fa-879f-a0eeea2a0dfa,214b5ce7-3d2d-57b6-867b-f3bdfd0c81ec,2024-07-01,,,,,,,0,2025-01-02 09:24:00+00,v1
e248112e-f298-5f23-aded-18e8a2b524bd,b17bd294-5e8d-559e-839e-fef82f606254,2024-07-01,,,,,,,0,2025-01-02 09:25:01+00,v1
677619b2-111d-5099-85ef-c8733e8aace0,d5e64001-4bac-518c-824a-a99fd8929e01,2024-07-01,,,1.0,,,,3,2025-01-02 09:03:14+00,v1
ae3edda7-7871-569c-8e3c-ef76fe7a73a2,ae29d9c6-cfa6-53c2-b8e0-5e09a4fbf9e4,2024-07-01,,,,,,,0,2025-01-02 09:09:29+00,v1
4fccb16e-ab12-51a1-928a-33f571e2497d,55299765-65cd-516a-a2d8-deee7bcfcc51,2024-07-01,,,,,,,0,2025-01-02 09:18:54+00,v1
1285b629-161d-5c39-bae3-00c9e8468b56,bd6d0af6-c7ae-558a-9ad7-a581f7a34b87,2024-07-01,,,,,,119,1,2025-01-02 09:22:03+00,v1
943589ff-a1e7-54a2-8a79-0ab6ffb4cf3e,5c6a5696-3779-5532-98ab-4744475b1ed3,2024-07-01,,1.0,0.75,,,130,4,2025-01-02 09:13:22+00,v1
aee7ec94-8d27-5e11-89c3-8ad44f4cd4fc,0b90658f-82bb-5af5-8054-d6fe8aeb4f52,2024-07-01,,,,,,,0,2025-01-02 09:00:44+00,v1
253cd6d0-3670-59d2-bd6d-f42fe4dd000c,c349c7af-7b0f-5ccf-8d0e-8b4c154ee401,2024-07-01,,,,,,,2,2025-01-02 09:18:29+00,v1
97043e2f-0fd5-5238-b714-e878d2dd3fc5,0397b62b-af63-59df-a629-a9900711eee7,2024-07-01,,,,,,,2,2025-01-02 09:08:01+00,v1
13599be6-d97c-5607-a8f4-b778b02fb73e,f896c6db-d9c5-5bc6-945d-83d552eb9aea,2024-07-01,,,,,,,0,2025-01-02 09:27:45+00,v1
97790fdf-56f5-5158-b1d7-500654b92ed1,e60916b9-b699-5bb0-a19e-8e4fc52c86d2,2024-07-01,,1.0,1.0,0.0,,,10,2025-01-02 09:21:54+00,v1
d4fe4dd6-1574-5d37-b0a4-b7d7b8eaa568,a18dd31f-24e3-582b-9964-6b8d74699427,2024-07-01,,,,,,,0,2025-01-02 09:24:58+00,v1
3095d9c8-01d2-5639-95a6-c8ba2f058380,afa15ef0-34ab-58ff-ad47-8060502e5f84,2024-08-01,0.9,0.9615,0.9643,-0.018182,0.0002,16,56,2025-01-02 09:23:10+00,v1
30e73bec-54ca-5074-a326-e12f89e7f85f,b3288dd6-e3cd-5ec3-a951-39986285505b,2024-08-01,0.9286,0.9615,0.9333,-0.006061,6.979,13,120,2025-01-02 09:00:49+00,v1
59d4596e-dcda-5af2-8e83-84f97297369e,bed19e03-5ade-5692-8a4e-81fb3e8f965d,2024-08-01,1.0,0.8889,0.8947,0.0,9.6612,44,38,2025-01-02 09:01:23+00,v1
e6e9bbab-3708-56bf-9bb5-f6aec8761fed,3dffa708-7186-5ce1-9e9c-96972e56f8bf,2024-08-01,1.0,1.0,1.0,0.0,,,72,2025-01-02 09:15:53+00,v1
dbd9b7ae-cdbf-5786-ab0e-1a895752b536,d6589668-bf03-550c-93d5-57ece0241efc,2024-08-01,,1.0,1.0,0.0,,,11,2025-01-02 09:24:05+00,v1
c6203cba-f296-5280-b960-0f4d1def00f3,9981b718-1ab2-586a-ac86-82ab2f6f445c,2024-08-01,,0.75,0.8,-0.1,,33,5,2025-01-02 09:04:18+00,v1
debac509-4426-5109-a37b-09973334d483,9df2da2e-507c-507e-b146-3af5cb0eb852,2024-08-01,,1.0,1.0,0.0,,,8,2025-01-02 09:17:48+00,v1
f28afdbb-a869-5a05-931a-750be6be99a1,224ca423-2c12-5113-bbd1-50eab06cf470,2024-08-01,,0.8333,0.8421,0.012121,19.1434,80,19,2025-01-02 09:04:19+00,v1
65bbb53b-a3fd-5151-a391-23e0239e8474,960f8f6e-5384-5c35-bfda-77ba61e7822e,2024-08-01,1.0,0.9231,0.8889,0.006061,5.56,36,27,2025-01-02 09:06:43+00,v1
0028aba3-cb0b-56ed-96ac-40ea65109804,8c61a3ad-eb5d-59bc-9d10-16ddbfa7f8b0,2024-08-01,,1.0,0.875,0.083333,,164,8,2025-01-02 09:25:27+00,v1
7dc72e00-2bb4-52d7-ac64-fc8479e3b754,ea344b5b-a6fa-5c52-a82d-6aca1e325dfd,2024-08-01,1.0,0.8571,0.9231,-0.018182,,59,13,2025-01-02 09:16:18+00,v1
40e80fec-0dc6-5a33-933b-7be377dd6156,a204cedc-9bbc-5113-b524-27b81d9b9e2d,2024-08-01,,0.8333,0.8889,-0.054545,,7,9,2025-01-02 09:02:57+00,v1
bb82f1c5-be26-54fb-9db6-87f250e39dc0,c809308b-6bd0-5e7f-8fed-63aa0be429db,2024-08-01,0.8333,0.8571,0.8462,-0.030303,1.9863,13,13,2025-01-02 09:26:38+00,v1
51cc4ace-5548-5847-ae3e-c6f6af15760e,b518e4a1-8b14-5e0f-a7c6-0b6631fe0a5a,2024-08-01,,,1.0,0.0,,,3,2025-01-02 09:12:57+00,v1
8b32fa41-1a14-5c0e-aa7a-a1ea5fbf8f8f,43b32e98-5a29-5473-b8a5-4357668f5f74,2024-08-01,,1.0,0.9375,0.0,,125,16,2025-01-02 09:03:23+00,v1
d1005b24-c39d-5780-9738-012dafe22a43,8f1f2a54-a01e-54a1-9234-72cb24fac6ff,2024-08-01,,1.0,1.0,0.0,,,14,2025-01-02 09:17:21+00,v1
69ebc3d2-eb85-5e37-8499-9cac0b908f66,48e2fe7c-35ad-5935-824d-697bfa8226f3,2024-08-01,,,0.75,,,110,4,2025-01-02 09:25:41+00,v1
1e4473dd-8744-58be-96de-a01566d6aa17,f94dbc7c-8aca-554e-ad3f-4e1fa92c88e7,2024-08-01,,,1.0,0.0,,,10,2025-01-02 09:28:04+00,v1
5cd11802-fc45-5ad9-a053-0c4e94b0e460,f478ae52-7c2a-5617-95bb-5f296860910f,2024-08-01,,0.8,0.8,0.0,0.2504,23,10,2025-01-02 09:19:20+00,v1
9e2b0c03-b62c-5625-be3a-151fc5e05561,80102db8-d5d3-5b2c-9e54-5b4fbebca6eb,2024-08-01,,,,,,,0,2025-01-02 09:17:42+00,v1
aa670c3e-c930-58a8-84fe-a1343f0c4125,c27afee2-997d-5290-a74e-2530422664f5,2024-08-01,,,,,,,0,2025-01-02 09:23:16+00,v1
8698fe43-2a47-592a-88d4-c9d41724b28e,7126e422-addd-5f29-b3f2-b752caf2e66c,2024-08-01,,,,,,,2,2025-01-02 09:01:13+00,v1
1949e51b-0fda-583a-90d3-cd8932f479f9,7910ac44-1e40-56bb-9ab8-d9ba56ac335c,2024-08-01,,,1.0,,,,3,2025-01-02 09:22:08+00,v1
42d7a483-1efd-52fc-ad48-2500a542ac4d,b9aec7bd-f7f9-55cb-b673-5177ddff5e0d,2024-08-01,,,1.0,0.0,,,6,2025-01-02 09:16:25+00,v1
9e7210bd-cef4-5b82-8788-51b25500f1b2,b0a44c22-e899-52ff-98a1-85dc4e254380,2024-08-01,,,,,,,0,2025-01-02 09:10:45+00,v1
03446db5-ec76-50c8-a158-8694435dc721,eee4f3d5-a93a-5cf2-85cd-907416aee337,2024-08-01,,1.0,0.9091,0.054545,,174,11,2025-01-02 09:19:48+00,v1
25e9884e-968b-5d39-a193-0c4c4b2c3dde,ce3f1829-b358-52a7-bd0e-9eb3d2d95666,2024-08-01,,0.8,0.9167,-0.018182,,56,12,2025-01-02 09:15:09+00,v1
01d72a30-8e69-57d9-b8a7-6b8d4487fbca,1cf67535-10cf-5364-a9c7-5b0562d7a6d6,2024-08-01,,1.0,0.8333,0.142857,,175,6,2025-01-02 09:06:19+00,v1
fb54c9cb-9af1-5cbc-951a-74d7118fc400,b1482d47-285e-53ab-995d-cc9a8165b52c,2024-08-01,,,,,,,2,2025-01-02 09:09:55+00,v1
7882cdf8-d14c-5bec-92ae-133346c08190,d48fc4d1-ee5a-5d55-92e3-efa651af5e0b,2024-08-01,,1.0,1.0,0.0,,,7,2025-01-02 09:10:24+00,v1
c558a72b-2128-5615-b859-893e8c0114d1,7cff550d-7458-54fe-906b-849912e2bac5,2024-08-01,,,0.8667,0.024242,0.0,101,15,2025-01-02 09:02:04+00,v1
09adce61-b1b6-5d31-997e-bac5cbcf0739,3a67adbf-5513-5a16-82f1-1ee2075f84a5,2024-08-01,,,,,,,0,2025-01-02 09:08:57+00,v1
a7703db1-fe35-5ab4-b48c-b62b329ee1d3,1439fed7-3f86-5a06-ae10-6169b01a836b,2024-08-01,,1.0,0.9231,0.0,,132,13,2025-01-02 09:12:30+00,v1
d2254213-a655-5540-81bb-d9b1736b0c5d,6bfe9d03-1d68-5349-a2e7-d2c71322d817,2024-08-01,,,,,,50,2,2025-01-02 09:07:25+00,v1
5cad14d3-673f-5b79-9d97-47da208d0e18,bda40a80-19c9-5fe0-b729-308b0f59ad25,2024-08-01,,,0.9,0.042424,,167,10,2025-01-02 09:00:12+00,v1
3652f7f4-5ad1-512a-906f-ca7b27a5ed8c,4140807d-c496-53ae-8f87-15c93cde916b,2024-08-01,,,,,,,0,2025-01-02 09:04:06+00,v1
4203b0ce-331d-5499-9949-29d87cfd3cc7,6e1d922d-415a-53d0-97d8-f4767299c10e,2024-08-01,,,,,,,2,2025-01-02 09:14:17+00,v1
4b86f834-08f7-5ee8-af53-dede173cae5d,f0aa8198-c2d3-59dc-b748-7bbb43f72614,2024-08-01,,1.0,0.6667,0.036364,4.7065,90,12,2025-01-02 09:11:07+00,v1
01f39935-dde3-595b-b00f-219950b412e2,9ecc4544-0aaa-5d4b-a20b-19b8dce2c71c,2024-08-01,1.0,0.8889,0.8966,0.042424,6.2482,70,29,2025-01-02 09:14:13+00,v1
64325874-8a8e-552d-a8ed-30b17604bd08,d56202a0-5ac9-5000-bdef-df809a781522,2024-08-01,,1.0,1.0,0.0,,,11,2025-01-02 09:16:31+00,v1
5e909b17-1923-5f73-9dde-1455c3e34f73,43b5c255-48c1-5b61-ab8b-8bc95266bb1f,2024-08-01,,,,,,,1,2025-01-02 09:28:09+00,v1
c8b86fae-f667-5a6c-9456-5365cdc4be8b,feeb172c-57c6-5067-97db-54ddf632027a,2024-08-01,1.0,0.8919,0.9231,0.0,2.8126,31,78,2025-01-02 09:21:25+00,v1
630add33-eeab-51c6-bcfd-85884cde8f1e,15a4b7b5-0940-5f38-887a-51e62e07c4cf,2024-08-01,,,,,,,2,2025-01-02 09:24:31+00,v1
43fcde9d-8248-51ca-8b98-00ab6617db6b,ea95a540-f662-5975-8a79-88352e65c9c4,2024-08-01,,1.0,1.0,0.0,,,8,2025-01-02 09:08:23+00,v1
8cd05761-0138-5140-b3e2-3fd6fc33bf16,09b007da-c3cd-5c90-912c-64f13e0cb7eb,2024-08-01,,,,,,,2,2025-01-02 09:29:14+00,v1
c4010035-ee27-5eef-b855-5231c2e428f5,035f03a2-0aa4-54ab-b965-ffe92a15c554,2024-08-01,,,0.75,,,171,4,2025-01-02 09:02:10+00,v1
d49e2be0-dfdf-5f88-97d7-d19962a62b47,a080f3ab-6ea0-59f4-b082-807399acde92,2024-08-01,,,,,,,2,2025-01-02 09:15:17+00,v1
31fe2245-b05c-5213-b8a5-8147abad5d9b,962efb96-78cf-56c2-9668-d0081024f66b,2024-08-01,,,1.0,,,,4,2025-01-02 09:16:04+00,v1
9ec11f82-640a-5b85-b162-cc7421c738ef,d21da0bc-d1b2-5971-a037-be72ab2d0b0f,2024-08-01,,,0.8333,0.071429,,160,6,2025-01-02 09:05:13+00,v1
cf753dc8-cba1-51ae-b92e-5a063f455acf,6e4b4b02-c6c9-56a6-899b-544e87e288d9,2024-08-01,,,,,,,0,2025-01-02 09:01:20+00,v1
82e23876-7e0b-5f8a-b68e-b5a158fed57c,620e7b33-9778-5fbb-b4ad-f547ad7f37e4,2024-08-01,,,1.0,,,,4,2025-01-02 09:13:50+00,v1
4a20c12e-1056-5f41-ac92-7d241c5048c9,ef593dbc-d5e0-5b32-b0c1-59e7e62b3b93,2024-08-01,,,,,,,0,2025-01-02 09:07:30+00,v1
64044043-578c-5372-8e2f-6a1db7a1ea85,2acb4323-7672-57b0-a6ff-2311178e47d0,2024-08-01,,,0.6667,,,107,3,2025-01-02 09:26:44+00,v1
361d8040-d69e-593d-9b55-68ff3bdaaee7,0ed71b3f-e7bd-5b63-8de5-842e174a2b41,2024-08-01,,,1.0,0.0,,,5,2025-01-02 09:26:24+00,v1
53da3c85-0f32-55d5-a855-d85b37e7d092,f64331a4-51a2-5b06-9056-d0c2cad44675,2024-08-01,,,1.0,,,182,3,2025-01-02 09:08:35+00,v1
ffbb5595-b9f5-5155-83c3-bb1fa25635e3,1f86b535-bdb3-574d-9dbb-25b5fa82652b,2024-08-01,,,,,,,0,2025-01-02 09:10:27+00,v1
ee57b383-7c22-5c0a-b43a-ba6e8ba63533,d218df5c-aa02-51a7-913f-5a5b5fc8400f,2024-08-01,,,1.0,0.0,,,5,2025-01-02 09:14:02+00,v1
7413c406-06e9-5e3b-8b2c-ec92507162a8,3d18327f-e1fc-5926-943c-c64c3863d165,2024-08-01,,1.0,1.0,0.0,,,18,2025-01-02 09:26:17+00,v1
ffd2088c-6e24-5863-86c0-efe1014ac530,4f3c3f1b-e7e4-54c5-884a-84b5b42e6a16,2024-08-01,,,,,,,0,2025-01-02 09:07:38+00,v1
fdebb728-69fd-54ec-96d6-e1d277e34ad3,d05aa5b5-1e60-594a-bad0-42d0aeb5d232,2024-08-01,,,1.0,,,,3,2025-01-02 09:14:20+00,v1
1f1ebcfc-bfef-5043-9178-9fbd21bf2bc2,3f5d4bf9-7262-5bf6-a738-0859f809219d,2024-08-01,,,,,,,1,2025-01-02 09:06:58+00,v1
a0c83067-4fa9-58b9-893d-d78877fe0b86,264e880d-3b17-54dc-8e9c-e1fb490de6ac,2024-08-01,,,1.0,,,,3,2025-01-02 09:26:19+00,v1
8bcea079-f7f1-5268-81ee-d67767bf3eac,488b2b70-5056-5ec9-956e-5e769150eb8a,2024-08-01,,,,,,106,2,2025-01-02 09:10:27+00,v1
035b5776-f600-53c5-a6e7-8dd9224dc0db,fac986ec-aa71-58e9-bba9-59c9637fadea,2024-08-01,,,1.0,0.0,,,4,2025-01-02 09:06:25+00,v1
373d4d51-0bcb-50f5-95ee-bd904d4dfdf7,463b4a52-d8f1-536f-bec8-06e23d2f6c9c,2024-08-01,,,1.0,,,,3,2025-01-02 09:18:02+00,v1
aa9fec90-218c-590a-8253-233fa87397fe,1dd40ffd-af9b-5e68-a850-c5d51f8221d6,2024-08-01,,,1.0,0.0,,,6,2025-01-02 09:23:53+00,v1
fc0e3f52-6cc1-5ea4-8f7a-2e6481a3fa9b,fb5a4c36-67a2-5f2a-95c0-4940d42cc3d1,2024-08-01,,,,,,,0,2025-01-02 09:20:19+00,v1
203126bb-9790-5063-ae83-8acdac41aa34,47c8a9fe-5376-5db4-ba44-b7b1991d4397,2024-08-01,,,,,,,0,2025-01-02 09:25:41+00,v1
7cafc9a7-d413-5fe7-848b-a8f39421cda5,5e65bb1d-205f-58d3-9e97-373d6ab4cec1,2024-08-01,,,,,,,0,2025-01-02 09:21:10+00,v1
b423d739-830b-5740-bf04-76a0ac5632c3,c9d15727-b69d-5040-b3c5-c48f08762291,2024-08-01,,1.0,1.0,,,,4,2025-01-02 09:09:24+00,v1
aab2f9fb-fd65-584f-8d34-afceec106325,db5c70cc-56fa-5582-b9c5-28a7bb381322,2024-08-01,,,,,,,0,2025-01-02 09:10:39+00,v1
fe2e2ef7-8d91-5bc9-a767-68652a6e3110,f60697dc-c659-577f-8df1-20511a0a4373,2024-08-01,,,0.9333,0.042424,,139,15,2025-01-02 09:28:27+00,v1
de81efde-c728-5e0b-b900-62680b28c9e8,bc5b82c4-bcbb-515e-bad5-88e21f43508a,2024-08-01,,1.0,1.0,,,,4,2025-01-02 09:06:02+00,v1
f9004999-6af2-557c-9dc5-7e77dab8cab1,71627912-343b-5d8b-b8b6-d23d11e6c4e7,2024-08-01,,,,,,,0,2025-01-02 09:21:44+00,v1
7b191ec8-35e1-5be2-b4c8-423075504f34,f34e6f55-692e-54d3-9fde-1abf2501717f,2024-08-01,,,,,,,0,2025-01-02 09:08:55+00,v1
070f4cf7-c66c-5f84-ac41-ee1a11cf5650,93b0f4df-acf5-572e-b6a4-7979c3847675,2024-08-01,,,1.0,,,,3,2025-01-02 09:08:11+00,v1
f7654350-54da-5073-a2bb-4e1e97a8a1d0,39acaddf-1233-54d7-a2b0-ae4649dcb6dd,2024-08-01,,,,,,,0,2025-01-02 09:28:48+00,v1
d5bf0285-ecba-598c-939a-82349d9a6f77,46c4f3df-0f5d-5c00-9b89-21742485af45,2024-08-01,,,,,,,1,2025-01-02 09:23:47+00,v1
aa400ca3-052e-599d-ad0e-08d3ef3d2a9c,b6f36eda-3822-52f7-b533-6831d5e35275,2024-08-01,,,,,,,0,2025-01-02 09:26:57+00,v1
41c8b8c5-5bcd-513a-8847-e3af68925e46,5d515261-e313-5f81-8e63-d5cb6a889665,2024-08-01,,,1.0,,,,4,2025-01-02 09:20:56+00,v1
6ceabee5-2ddf-5e52-81a7-1507280bdb97,fd39e4d1-8ee1-508d-b400-dcbf8f411fa2,2024-08-01,,,0.6667,,0.2465,107,3,2025-01-02 09:02:25+00,v1
e3748bb8-5d40-556e-b3c2-1881ac3cd56e,898c490c-7456-59bd-a31d-c943b5097c2a,2024-08-01,,0.8333,0.7778,0.054545,2.0018,67,9,2025-01-02 09:15:29+00,v1
8b780f64-eba7-5796-8508-7dc0fe1ba56d,c617d29f-cfe0-5ea9-921e-42b791ba8455,2024-08-01,,0.6667,0.9412,-0.030303,,84,17,2025-01-02 09:16:55+00,v1
89c0acee-10f5-57aa-8bc1-5cc8328cb121,d78b0306-ff73-5aef-984d-a2339b24b66d,2024-08-01,,,1.0,,,,4,2025-01-02 09:10:00+00,v1
a25f8b0c-a7f3-5305-b23e-0f5c45eb8124,8a349d8b-0f00-51fc-b24b-03bd984b0ac2,2024-08-01,,,,,,,1,2025-01-02 09:00:51+00,v1
884352e5-1dbf-555b-a02c-54bb697602cd,5db7b12c-721e-55a9-9aab-abfd83993230,2024-08-01,,,,,,,0,2025-01-02 09:05:47+00,v1
1804eb81-e61e-5c47-8c93-54590c964d2b,75bab8e9-1edc-5fb3-955a-8b05df6c7ec9,2024-08-01,,,,,,,2,2025-01-02 09:23:13+00,v1
d8017fe1-0d3e-5e65-8091-936e6a980796,71cf99c0-a72d-5db3-94d6-fb981f3a78b5,2024-08-01,,,1.0,,,,3,2025-01-02 09:16:23+00,v1
dfcfea50-0c1f-5572-bb5c-7fff9ee60b98,e9bc7dc1-c44d-5e2d-ae5b-40f8a1a866e2,2024-08-01,,,,,,,1,2025-01-02 09:15:55+00,v1
9e588fd8-8062-56f8-91c3-cb2468303c42,c56b6071-e42a-54ce-a650-ff4227c5a623,2024-08-01,,,,,,,0,2025-01-02 09:29:19+00,v1
abee5956-e563-5773-ae66-3359d817e426,02205db5-7374-5a5c-885e-f94d69a2fdd9,2024-08-01,,,,,,189,2,2025-01-02 09:09:02+00,v1
e0f02433-3650-53df-9b7b-06aa8addf498,d6c01b90-4652-5257-9513-25cf71407962,2024-08-01,,,,,,,0,2025-01-02 09:17:22+00,v1
7f1120c7-891f-599a-8965-a90c42a77817,ea30c0d4-dde7-52a4-bb52-ff2137705956,2024-08-01,,,,,,,1,2025-01-02 09:04:02+00,v1
b24000e8-4e4f-5c9c-9c37-c1fba71553d4,8ec906cc-8e27-5537-a7fe-1c168b4c7761,2024-08-01,,,,,,,2,2025-01-02 09:13:05+00,v1
5838b35b-a7a9-5eaf-9611-86a0928f4c36,8e7d762f-d623-547c-901b-6a809a76b1e0,2024-08-01,,,,,,1,2,2025-01-02 09:14:21+00,v1
2c9dd955-7b11-51de-a27c-2b7628db8c32,3ced5417-d4ec-5e5a-aae7-78408a170f64,2024-08-01,,,,,,,1,2025-01-02 09:02:49+00,v1
8a92b1bd-51ab-5422-af06-70cb6bf15373,a61087b9-4e85-5ce4-acba-99b114e08385,2024-08-01,,,1.0,,,,3,2025-01-02 09:10:04+00,v1
1439a709-6506-50e7-9496-c5279dafebff,c7824afc-aed7-53ca-8db0-39281e01b3db,2024-08-01,,,,,,,2,2025-01-02 09:04:51+00,v1
f54a79c8-321a-5631-9a31-18e467572cb6,cb1c837d-0892-5c41-8ec6-fdd1736ecfb5,2024-08-01,,1.0,1.0,0.0,,,12,2025-01-02 09:16:15+00,v1
e6a0fc12-d5b6-5122-a416-75889647cfa2,a41989d9-98e5-5739-84ef-967a846019d4,2024-08-01,,,,,,,0,2025-01-02 09:28:29+00,v1
0b00c70f-e829-5573-8736-b088fefead38,1ae3ff03-0430-52b0-a6c8-9cb0930eabca,2024-08-01,,,,,,,0,2025-01-02 09:19:31+00,v1
fcb63f78-423d-5a4d-bf03-b979c1005c0d,7df370ac-bf18-5e22-8470-a90d30f80a1b,2024-08-01,,,,,,,0,2025-01-02 09:13:39+00,v1
82e4d83b-13a0-5b62-9b53-f147920fab8e,2b1bef2d-1631-5d70-ae40-0e1da7dc57ee,2024-08-01,,,,,,,0,2025-01-02 09:00:11+00,v1
4076ecb9-39ca-5160-ab45-09197f2ed917,4c878b61-e524-5f15-95af-8540be93499c,2024-08-01,,,,,,,1,2025-01-02 09:06:21+00,v1
73148b95-827f-5acc-a12f-f6f11eb6b469,74beaacd-53c0-559f-ab4a-8d5d9d039d4e,2024-08-01,,,1.0,,,,3,2025-01-02 09:05:07+00,v1
dc3c3fe5-2d55-5e12-bdc3-50eb91aeb278,a988a28a-ce98-53e0-9cc6-4a06b5096d0b,2024-08-01,,,,,,,1,2025-01-02 09:21:27+00,v1
4954875c-d058-5ccf-9a1f-4c5691d72c74,365d1596-4f8b-5601-bc80-e9dc0ad6bb6d,2024-08-01,,1.0,1.0,0.0,,,6,2025-01-02 09:20:24+00,v1
f8196e33-cdf7-5b6b-ba34-9fffd9e72b19,9e923201-7acd-5309-82e1-75c97d1be1ab,2024-08-01,,,1.0,,,,3,2025-01-02 09:01:59+00,v1
588c4035-297a-5a81-b17d-aa5c44226e65,8ee5e50b-aeda-542a-872f-e28cf5c35296,2024-08-01,,,,,,,0,2025-01-02 09:28:11+00,v1
496c3653-653a-5cce-a73d-2d04ca3b62f7,72d5fa76-fe12-54c9-bf34-fa8c83a1e972,2024-08-01,,,1.0,,,,4,2025-01-02 09:02:45+00,v1
e20d67e8-01bb-5dc5-b501-435c237dfd68,a75d6275-d747-55a8-8d1c-436d2622e4ed,2024-08-01,,,,,,,0,2025-01-02 09:03:44+00,v1
b981a547-9eb3-5a77-b6cf-b54fd82f3a02,bf3b3b4f-0058-5d64-a9fd-695f12d7c59a,2024-08-01,,,1.0,,,,3,2025-01-02 09:26:43+00,v1
352fbff7-f5ea-5544-9347-cdfe44b8a47c,9a6dab5e-6ec0-5a4a-bf93-80f994e2582e,2024-08-01,,,,,,,1,2025-01-02 09:25:40+00,v1
19d3b6e6-4b3c-558f-815c-6278f54b10a7,0aeec9e3-e0fa-5f23-bd7f-a309b8b8801a,2024-08-01,,,,,,,0,2025-01-02 09:21:04+00,v1
0c8e730f-bb87-522e-800b-bc3ee067d1ff,0770b2fc-077c-5358-b9b4-b4deb150a16f,2024-08-01,,,,,,,0,2025-01-02 09:24:03+00,v1
caec30c5-cd6c-5384-9976-fbcc907b5743,aa48b7ad-fb31-5be7-8ec6-14772bcfbac6,2024-08-01,,,,,,,2,2025-01-02 09:17:02+00,v1
b354410a-dbe3-557f-bc46-ba8a71fffd87,d1b7dbbc-bd6f-51f7-b643-f48f82ea753b,2024-08-01,,,1.0,,,188,3,2025-01-02 09:01:14+00,v1
090724ee-0311-5c76-80b4-31443c8c8583,5495add5-7bf6-583c-a9d8-82516386e5bd,2024-08-01,,0.75,0.875,-0.059524,,27,8,2025-01-02 09:23:17+00,v1
91848987-2015-58b5-a4dd-712575bf252a,6a50b744-1131-578e-a6f1-553222e98f95,2024-08-01,,,,,,,0,2025-01-02 09:06:43+00,v1
e08f8368-c097-502d-b7f3-93be36092138,f02925e7-8a92-58b9-8a59-178c11da9c26,2024-08-01,,1.0,1.0,0.0,,,7,2025-01-02 09:07:38+00,v1
2a3b2bab-8635-59e8-b332-958a8163a641,1ff8a181-35a8-5bc8-84fd-3e882672ffc7,2024-08-01,,,,,,,2,2025-01-02 09:04:13+00,v1
dd40ad4f-e68c-5ec5-9fc1-ac2b8a8fa026,a53cf2cd-5dec-5640-855d-f85900d633f1,2024-08-01,,,,,,,0,2025-01-02 09:12:43+00,v1
e76f81a6-5e6e-5264-907c-893ebcc18d3c,c0af8110-7381-5d39-aac0-730aa9405d50,2024-08-01,1.0,0.9,0.9048,0.054545,0.7503,67,21,2025-01-02 09:22:29+00,v1
684af63c-567a-566c-8db1-cb7f4d4c54d3,44df5d8c-b3ec-5d0a-8aee-600bcb155f44,2024-08-01,,1.0,1.0,0.0,,,6,2025-01-02 09:00:57+00,v1
c2b4bd9a-3690-51d8-92b3-b5b8b1afd936,3e7a5438-d7e1-56a3-b1a2-d227407de26b,2024-08-01,,,,,,,0,2025-01-02 09:26:17+00,v1
594cc8cb-f7eb-56e8-965e-66fd5231744a,b26c15f9-24e6-5f13-aebb-604d9972f392,2024-08-01,,,,,,,0,2025-01-02 09:09:34+00,v1
0910291d-592e-5f51-b50b-a16b906a7b0e,f2d38c13-14be-5d53-b5be-0195b1a303ee,2024-08-01,,,1.0,,,,3,2025-01-02 09:21:31+00,v1
93a48716-44b0-545e-807c-c05f3c48a425,18a3294b-c0ab-5a9b-9ead-b01171cb062a,2024-08-01,,,1.0,,,,3,2025-01-02 09:12:42+00,v1
71be2fa6-748c-5371-9c97-16e670a43383,c45d7bbd-57af-5aa6-b8e5-43190333bc1f,2024-08-01,,,,,,20,2,2025-01-02 09:25:31+00,v1
44b2cd32-c95b-5a89-8dd2-d62531fc3746,49f30c55-3164-52d3-96e6-d430644895d6,2024-08-01,,,,,,,0,2025-01-02 09:02:49+00,v1
970da86c-47bd-5ab5-a257-722d4ba134bb,64f360a5-dd91-53d4-b08f-6877ce13cee4,2024-08-01,,,,,,,0,2025-01-02 09:18:51+00,v1
c56bd3be-3830-5a91-9388-939224c36a1b,3ebd62e2-76cf-5b92-897d-0e12a8f0c31f,2024-08-01,,,,,,,0,2025-01-02 09:09:14+00,v1
2257a734-863e-5d42-be6b-783cea3466a5,e1d14570-01d9-5462-a614-96e9be4efe70,2024-08-01,,,,,,,1,2025-01-02 09:03:40+00,v1
b97a720f-816e-5c63-95d4-5f3ad97c06cb,d1104815-5077-5067-a7f1-9e2ba896def7,2024-08-01,,,,,,,1,2025-01-02 09:01:56+00,v1
b8fccd00-a045-55dc-ac51-92bccc278db0,9479681a-215a-5a77-b726-ce8bd5f0a71b,2024-08-01,,,0.8333,-0.085714,,85,6,2025-01-02 09:12:44+00,v1
e79ea550-ab74-5c79-98f4-7c5a8cb0fe17,696fe914-0890-5b2b-b310-9964de714d66,2024-08-01,,,,,,,1,2025-01-02 09:04:38+00,v1
0552166d-09dc-5195-9b57-59c516887ae1,0610f945-f9b7-57aa-8b15-96586d95fb57,2024-08-01,,,,,,,2,2025-01-02 09:13:05+00,v1
f90b8944-ef89-5ab9-8fa4-220b2412d6e3,c24da349-b6f4-54bf-8b3a-64c69410f9a1,2024-08-01,,,,,,,2,2025-01-02 09:23:38+00,v1
a5daec3a-0b62-5080-b940-157e133e0fac,ca18e7cc-ecf1-5055-b19e-f814a13473f1,2024-08-01,,,,,,,0,2025-01-02 09:29:09+00,v1
b48b9ed0-76e1-54ff-bed3-d76f7246be2f,83c2a190-a4e9-54bb-8a47-0a9be4b5d84f,2024-08-01,,,,,,,0,2025-01-02 09:16:50+00,v1
1ad7b78d-e03a-59aa-9960-c55253268cdb,ceec20ba-5cbc-5841-a953-c53864bae34b,2024-08-01,,,,,,11,2,2025-01-02 09:17:12+00,v1
d3485c60-00e0-5efd-b790-0fb218e8578a,6c4cf2e7-61f7-579a-9589-af076d22fd4f,2024-08-01,,,,,,,0,2025-01-02 09:08:30+00,v1
5b765db6-7c6b-5b9d-94c6-506310b894da,21a0d8fe-c08f-5405-8f1f-48351294e158,2024-08-01,,,,,,,0,2025-01-02 09:09:06+00,v1
bd334315-279a-5560-b850-7b49f4f0e1cb,58bd5d2f-4d18-5dee-8c8c-f3277b2410e5,2024-08-01,,,,,,,1,2025-01-02 09:11:22+00,v1
c4e8cf97-59ab-530d-ade7-1e4f34c854e5,31cbf5d4-2233-5195-84e1-ba1bc7ba3b45,2024-08-01,,,1.0,,,,4,2025-01-02 09:09:08+00,v1
562fbb48-f848-529c-9784-2c658a313be5,afb7095c-523c-5630-9d17-6f0acd1d8303,2024-08-01,,,,,,,0,2025-01-02 09:29:20+00,v1
58a01178-ac03-53f0-ae7a-b84b206afcf9,c4b1cd6c-92dc-5355-8be6-2712dbf542f7,2024-08-01,1.0,1.0,1.0,0.0,,,5,2025-01-02 09:13:36+00,v1
ce72b550-379e-50d2-ba8f-a29501bd198a,c86fd083-4330-5332-98e4-a0315ca803bb,2024-08-01,,,,,,,0,2025-01-02 09:01:16+00,v1
508c67c3-834b-5276-8fe4-37288e6beaac,0bd3c5cf-7964-5033-9b72-1a050c72c8f6,2024-08-01,,,,,,,0,2025-01-02 09:10:17+00,v1
4a52dffe-acf6-5bbf-ac1e-eec38bc3a760,f03400f5-6379-528f-a884-912e998a9bbc,2024-08-01,,,,,,,0,2025-01-02 09:21:54+00,v1
dd7aabb5-58f1-564d-95cf-ea42a5024bc9,8a11a319-02d5-5f14-bceb-b4396a01c3ac,2024-08-01,,1.0,1.0,0.0,,,5,2025-01-02 09:24:06+00,v1
15178666-8b00-5a7c-8d97-1a932ed45b57,2e7e61a3-585d-5dfa-b4ff-bcd5c1481a78,2024-08-01,,,,,,168,1,2025-01-02 09:03:13+00,v1
4f0960e7-27a3-54e2-9d4b-312062e1298e,187a4cef-2d3a-5a35-a719-21abbf5a0623,2024-08-01,,,,,,,0,2025-01-02 09:22:03+00,v1
b31612ac-f6aa-5e10-af77-f07b6e6edc8f,77698098-1236-5728-943c-f98c1a32d82f,2024-08-01,,,,,,,1,2025-01-02 09:21:38+00,v1
63331dee-f6e5-54d3-9de7-8718d8e99042,4aebf463-3c95-5e36-9414-8edcf6fc203e,2024-08-01,,,,,,,0,2025-01-02 09:13:39+00,v1
3c1cd4d8-f401-53e6-98c7-251c11af7543,bcf0cf95-cfac-505e-be53-8340310cc0f0,2024-08-01,1.0,1.0,1.0,0.0,,,15,2025-01-02 09:24:04+00,v1
9ed7043c-1207-529c-93b1-15a070e96128,bd89ed3d-ddef-503a-86cb-c1d4c3d09416,2024-08-01,,,,,,,0,2025-01-02 09:11:36+00,v1
086e752e-ba11-5b86-a4ff-a9ee9ddf254d,357edde5-3d22-57ff-b7af-1a22cb0c4eca,2024-08-01,,,,,,,2,2025-01-02 09:05:39+00,v1
66deb394-5bba-5ba1-9dc8-fc5fda5b0780,9b7eafca-8be5-587f-94ee-7891407766ec,2024-08-01,,,,,,,0,2025-01-02 09:23:44+00,v1
a4097287-bf77-54cc-a0f7-863d35d905f6,10ce77f2-8241-5db5-8acf-9c90b9f72446,2024-08-01,,,,,,,0,2025-01-02 09:26:50+00,v1
cc68ce19-32d6-5a35-ae26-4edde75ce437,94ac7534-899f-5bc9-bab4-77e509ec2401,2024-08-01,,,,,,,2,2025-01-02 09:05:46+00,v1
5a3440c3-4b26-5b1f-8b14-77655a2ea01d,8d8f807f-443e-59e5-a85c-e2c16318958f,2024-08-01,,,,,,,1,2025-01-02 09:06:02+00,v1
bbeaccec-aaf0-5fe3-a160-a98df97721d6,c2678f7b-587c-52d2-a630-1e73238b2754,2024-08-01,,,,,,,0,2025-01-02 09:06:05+00,v1
5973291f-8945-5898-8efd-944951858cb1,468fdb3d-917d-52bc-98bb-a49356bf5daa,2024-08-01,,,0.6667,,,159,3,2025-01-02 09:24:44+00,v1
faddecc5-14cb-5aa3-b8e8-8c142c597482,d77b6010-752a-5366-b725-cb7f3e56b425,2024-08-01,,,,,,,1,2025-01-02 09:14:45+00,v1
21096def-7777-5680-8200-04197fcfe91e,3fa7c0d8-e78f-5636-ad0f-83c650f64502,2024-08-01,,,,,,,0,2025-01-02 09:24:35+00,v1
2566bc43-3903-5aa4-8679-182b75e28fd5,2039c8be-5300-55c4-a967-ba7227f88c02,2024-08-01,,,,,,,1,2025-01-02 09:26:37+00,v1
711f8fb6-f317-5b7d-97b8-edd087fc7e9f,214b5ce7-3d2d-57b6-867b-f3bdfd0c81ec,2024-08-01,,,,,,,0,2025-01-02 09:00:59+00,v1
62068ea2-437d-5c95-9f69-2d339eb8742a,b17bd294-5e8d-559e-839e-fef82f606254,2024-08-01,,,,,,,0,2025-01-02 09:17:12+00,v1
244b958c-c4ae-5cb5-8897-a6d2bbec3c1f,d5e64001-4bac-518c-824a-a99fd8929e01,2024-08-01,,,1.0,,,,3,2025-01-02 09:23:40+00,v1
da038c1a-5f83-53e8-a390-5e2a9a3a2ffa,ae29d9c6-cfa6-53c2-b8e0-5e09a4fbf9e4,2024-08-01,,,,,,,1,2025-01-02 09:20:59+00,v1
c86dd119-298b-5570-a133-b2ff64eb8128,55299765-65cd-516a-a2d8-deee7bcfcc51,2024-08-01,,,,,,,0,2025-01-02 09:09:54+00,v1
cb41583f-0d09-5e87-bbdf-298444fa904b,bd6d0af6-c7ae-558a-9ad7-a581f7a34b87,2024-08-01,,,,,,150,1,2025-01-02 09:23:10+00,v1
3a899d5b-039a-506b-b8da-6ebea0d780d8,5c6a5696-3779-5532-98ab-4744475b1ed3,2024-08-01,,1.0,0.8,0.2,,161,5,2025-01-02 09:20:46+00,v1
3ad5aa4e-18d9-5dcc-b23a-d5d97f34fded,0b90658f-82bb-5af5-8054-d6fe8aeb4f52,2024-08-01,,,,,,,0,2025-01-02 09:23:02+00,v1
a977366e-082c-58f9-ada8-29fed35eb984,c349c7af-7b0f-5ccf-8d0e-8b4c154ee401,2024-08-01,,,,,,,2,2025-01-02 09:29:11+00,v1
daa564b7-9939-5e05-9e40-d2eadb62d03c,0397b62b-af63-59df-a629-a9900711eee7,2024-08-01,,,,,,,2,2025-01-02 09:08:34+00,v1
c5abbbc8-1131-5fc4-b232-8680188b49de,f896c6db-d9c5-5bc6-945d-83d552eb9aea,2024-08-01,,,,,,,0,2025-01-02 09:28:12+00,v1
5534fe5a-afc9-5832-bccf-751ff64f73e5,e60916b9-b699-5bb0-a19e-8e4fc52c86d2,2024-08-01,,1.0,1.0,0.0,,,10,2025-01-02 09:23:45+00,v1
a65ad860-94d5-5364-8611-8747b30b20cd,a18dd31f-24e3-582b-9964-6b8d74699427,2024-08-01,,,,,,,0,2025-01-02 09:23:11+00,v1
8284dea0-613f-51c4-b694-024610cc241b,afa15ef0-34ab-58ff-ad47-8060502e5f84,2024-09-01,0.8333,0.8929,0.9355,0.054545,4.6743,24,62,2025-01-02 09:15:46+00,v1
e6f6c5ab-58cd-576c-b9d4-ab8d0938605a,b3288dd6-e3cd-5ec3-a951-39986285505b,2024-09-01,0.95,0.9423,0.9487,-0.054545,6.3924,0,117,2025-01-02 09:27:35+00,v1
54a80a6f-6062-5b8c-8b71-c5ca4172201f,bed19e03-5ade-5692-8a4e-81fb3e8f965d,2024-09-01,0.8,0.8824,0.8947,-0.042424,8.2238,22,38,2025-01-02 09:11:44+00,v1
d361feb2-9862-55bf-b022-eec21999ec60,3dffa708-7186-5ce1-9e9c-96972e56f8bf,2024-09-01,0.875,0.9667,0.9828,0.006061,,22,58,2025-01-02 09:28:04+00,v1
a20c6571-d6a2-5146-af1d-228eb5cb23cf,d6589668-bf03-550c-93d5-57ece0241efc,2024-09-01,1.0,1.0,1.0,0.0,,,10,2025-01-02 09:23:01+00,v1
5024cc42-16d5-575b-942b-b0ea04c29510,9981b718-1ab2-586a-ac86-82ab2f6f445c,2024-09-01,,0.75,0.8,-0.028571,,64,5,2025-01-02 09:29:18+00,v1
78a84764-3e40-5249-a803-1d40633b6163,9df2da2e-507c-507e-b146-3af5cb0eb852,2024-09-01,,1.0,1.0,0.0,,,6,2025-01-02 09:17:47+00,v1
8dcd639d-3f8d-580c-b42c-8b91523db81d,224ca423-2c12-5113-bbd1-50eab06cf470,2024-09-01,,,0.8667,0.012121,19.1434,111,15,2025-01-02 09:26:08+00,v1
d365aded-c98a-53cb-911d-621186fabe06,960f8f6e-5384-5c35-bfda-77ba61e7822e,2024-09-01,0.75,0.8333,0.8621,0.012121,4.4987,11,29,2025-01-02 09:27:33+00,v1
20255d68-4ca7-52b2-a49d-ee207ec25967,8c61a3ad-eb5d-59bc-9d10-16ddbfa7f8b0,2024-09-01,,1.0,1.0,0.083333,,195,6,2025-01-02 09:11:00+00,v1
6a06cd0b-ecca-559c-b2fd-872b4b5dfd3f,ea344b5b-a6fa-5c52-a82d-6aca1e325dfd,2024-09-01,0.6667,0.8333,0.8333,-0.012121,0.2384,15,12,2025-01-02 09:05:21+00,v1
ddf0a746-9546-5f57-8fe0-6aef9f5e9ef3,a204cedc-9bbc-5113-b524-27b81d9b9e2d,2024-09-01,1.0,0.8571,0.9167,-0.006061,,38,12,2025-01-02 09:20:56+00,v1
447b3038-7751-5116-9f30-e1a004770e1e,c809308b-6bd0-5e7f-8fed-63aa0be429db,2024-09-01,1.0,0.8889,0.9167,0.006061,1.9863,44,12,2025-01-02 09:03:28+00,v1
810b738d-45f7-589e-a2c5-ee6063ec59f7,b518e4a1-8b14-5e0f-a7c6-0b6631fe0a5a,2024-09-01,,,1.0,0.0,,,3,2025-01-02 09:01:45+00,v1
e8843e33-4cb2-5db7-b883-2599bf9a9b09,43b32e98-5a29-5473-b8a5-4357668f5f74,2024-09-01,,1.0,0.9412,0.0,,156,17,2025-01-02 09:26:25+00,v1
c0c0a1b1-097a-5035-9e6a-73ef21b5115f,8f1f2a54-a01e-54a1-9234-72cb24fac6ff,2024-09-01,,1.0,1.0,0.0,,,10,2025-01-02 09:27:51+00,v1
7beecc71-3cb6-5b2a-8a53-ec110b08a6c1,48e2fe7c-35ad-5935-824d-697bfa8226f3,2024-09-01,,,0.3333,-0.2,4.0515,13,3,2025-01-02 09:03:01+00,v1
4712d2d7-65ff-5cfd-92ee-b1eccad553c8,f94dbc7c-8aca-554e-ad3f-4e1fa92c88e7,2024-09-01,,,1.0,0.0,,,6,2025-01-02 09:03:51+00,v1
dd741dfb-3cf8-58db-adbb-349ff78b2c3e,f478ae52-7c2a-5617-95bb-5f296860910f,2024-09-01,,0.6667,0.8571,0.0,0.2504,54,7,2025-01-02 09:11:16+00,v1
7cb99e9d-a658-5593-a8f7-713b341ee2c0,80102db8-d5d3-5b2c-9e54-5b4fbebca6eb,2024-09-01,,,,,,,0,2025-01-02 09:16:54+00,v1
c771c9ad-5e19-57f2-aecd-b97056b3ed49,c27afee2-997d-5290-a74e-2530422664f5,2024-09-01,,,,,,,0,2025-01-02 09:26:52+00,v1
a37c60c1-14c8-5122-8cff-64d9cc9abb10,7126e422-addd-5f29-b3f2-b752caf2e66c,2024-09-01,,,,,,,2,2025-01-02 09:18:56+00,v1
86654974-560a-5d01-8f92-7f76f0f5c088,7910ac44-1e40-56bb-9ab8-d9ba56ac335c,2024-09-01,,,1.0,,,,3,2025-01-02 09:23:55+00,v1
b16db0cf-e200-5789-a221-6f059bbacc73,b9aec7bd-f7f9-55cb-b673-5177ddff5e0d,2024-09-01,,,1.0,0.0,,,5,2025-01-02 09:01:58+00,v1
ac0c2b47-ad15-5507-a53c-2ec374200621,b0a44c22-e899-52ff-98a1-85dc4e254380,2024-09-01,,,,,,,0,2025-01-02 09:22:15+00,v1
007f2fdc-7626-5a4b-8b2d-271dbb9feddb,eee4f3d5-a93a-5cf2-85cd-907416aee337,2024-09-01,,1.0,1.0,0.0,,205,8,2025-01-02 09:23:37+00,v1
2dff2885-f53d-5456-89c7-abd4fc9a26ed,ce3f1829-b358-52a7-bd0e-9eb3d2d95666,2024-09-01,,0.75,0.8889,-0.018182,,87,9,2025-01-02 09:03:27+00,v1
51c4f324-07b5-5da1-9b8b-f71cec4c12d1,1cf67535-10cf-5364-a9c7-5b0562d7a6d6,2024-09-01,,,1.0,0.142857,,206,5,2025-01-02 09:00:45+00,v1
a090a5dd-8e54-5d03-8db4-1f078cedcc95,b1482d47-285e-53ab-995d-cc9a8165b52c,2024-09-01,,,1.0,,,,3,2025-01-02 09:05:21+00,v1
b3284a61-d929-5bbc-8a0f-6315b12165df,d48fc4d1-ee5a-5d55-92e3-efa651af5e0b,2024-09-01,,1.0,1.0,0.0,,,6,2025-01-02 09:18:52+00,v1
fa2e578b-c211-57f5-ba0b-187562708c79,7cff550d-7458-54fe-906b-849912e2bac5,2024-09-01,0.8333,0.875,0.8421,0.0,0.0001,1,19,2025-01-02 09:09:53+00,v1
3c32c6e8-b955-5637-be23-0908de21b461,3a67adbf-5513-5a16-82f1-1ee2075f84a5,2024-09-01,,,,,,,0,2025-01-02 09:05:43+00,v1
4eafae89-2d40-5395-9119-8b4ada66ac3d,1439fed7-3f86-5a06-ae10-6169b01a836b,2024-09-01,,1.0,0.9231,0.0,,163,13,2025-01-02 09:19:21+00,v1
32c189ee-3a12-5279-af01-8f45a2b8244e,6bfe9d03-1d68-5349-a2e7-d2c71322d817,2024-09-01,,,,,,81,2,2025-01-02 09:12:28+00,v1
93e0dade-481f-52e8-98c6-1795dc3e31ab,bda40a80-19c9-5fe0-b729-308b0f59ad25,2024-09-01,,1.0,1.0,0.0,,198,9,2025-01-02 09:01:28+00,v1
881acab8-0eb3-54e3-878e-9307f4735cee,4140807d-c496-53ae-8f87-15c93cde916b,2024-09-01,,,,,,,1,2025-01-02 09:15:45+00,v1
b793249a-9f7a-5c59-bd85-45d62925d8ac,6e1d922d-415a-53d0-97d8-f4767299c10e,2024-09-01,,,1.0,,,,3,2025-01-02 09:21:03+00,v1
fc7856ad-8580-51a5-843a-581e88cb6cab,f0aa8198-c2d3-59dc-b748-7bbb43f72614,2024-09-01,,,0.6,0.036364,4.7065,121,10,2025-01-02 09:04:03+00,v1
23b1f235-c8ac-5411-b6af-b5eb7f6dcbd0,9ecc4544-0aaa-5d4b-a20b-19b8dce2c71c,2024-09-01,0.8333,0.9231,0.8889,-0.030303,5.0136,5,27,2025-01-02 09:08:18+00,v1
2268a93e-2932-5cac-b2a2-a5fdafb24fcf,d56202a0-5ac9-5000-bdef-df809a781522,2024-09-01,,1.0,1.0,0.0,,,11,2025-01-02 09:05:44+00,v1
073ec598-8d10-58d7-88d1-54ade99d7c5e,43b5c255-48c1-5b61-ab8b-8bc95266bb1f,2024-09-01,,,,,,,0,2025-01-02 09:23:13+00,v1
6fae5ee0-d038-5191-9d88-0c684942c090,feeb172c-57c6-5067-97db-54ddf632027a,2024-09-01,0.8,0.9118,0.9091,0.0,3.9798,1,77,2025-01-02 09:18:53+00,v1
bca7ee84-b517-593d-8680-325c08863cec,15a4b7b5-0940-5f38-887a-51e62e07c4cf,2024-09-01,,,,,,,2,2025-01-02 09:27:14+00,v1
efb22bc8-8311-5066-a937-5d68ec92aa1b,ea95a540-f662-5975-8a79-88352e65c9c4,2024-09-01,0.6667,0.8,0.9,-0.042424,,12,10,2025-01-02 09:06:51+00,v1
6cf3708b-5a95-5899-a63f-f72cf40decf3,09b007da-c3cd-5c90-912c-64f13e0cb7eb,2024-09-01,,,1.0,,,,3,2025-01-02 09:21:55+00,v1
683013dc-05ea-5fdb-b31c-2819cdec518f,035f03a2-0aa4-54ab-b965-ffe92a15c554,2024-09-01,1.0,1.0,1.0,0.107143,,202,6,2025-01-02 09:16:58+00,v1
3b4a7127-dfab-554b-aed7-e980be4e8fca,a080f3ab-6ea0-59f4-b082-807399acde92,2024-09-01,,,,,,,2,2025-01-02 09:10:04+00,v1
5a2d83e7-eaec-5eff-9b31-c24fa4ce2b6b,962efb96-78cf-56c2-9668-d0081024f66b,2024-09-01,,,1.0,,,,4,2025-01-02 09:04:42+00,v1
cfea1168-c1c6-5089-b174-cd2d4af0b54b,d21da0bc-d1b2-5971-a037-be72ab2d0b0f,2024-09-01,,,1.0,0.071429,,191,5,2025-01-02 09:19:10+00,v1
d0c16a1f-333f-5625-bca9-a99da0e20681,6e4b4b02-c6c9-56a6-899b-544e87e288d9,2024-09-01,,,,,,,0,2025-01-02 09:12:24+00,v1
6b652c98-c4c4-5033-91c3-cb28143a734b,620e7b33-9778-5fbb-b4ad-f547ad7f37e4,2024-09-01,,,,,,,2,2025-01-02 09:10:10+00,v1
2cef7817-5ecb-5e19-9654-54eda9ab3a1a,ef593dbc-d5e0-5b32-b0c1-59e7e62b3b93,2024-09-01,,,,,,,0,2025-01-02 09:19:17+00,v1
d0af96dd-41f4-539a-81c3-fb66e34dc3a1,2acb4323-7672-57b0-a6ff-2311178e47d0,2024-09-01,,,0.75,,,138,4,2025-01-02 09:18:59+00,v1
3334c36e-6c3d-53cf-855a-7ec20b233299,0ed71b3f-e7bd-5b63-8de5-842e174a2b41,2024-09-01,,,1.0,0.0,,,5,2025-01-02 09:15:57+00,v1
fd88fc3d-f16e-5959-add5-ad87cfd8ec6f,f64331a4-51a2-5b06-9056-d0c2cad44675,2024-09-01,,,1.0,0.2,,213,4,2025-01-02 09:24:38+00,v1
19dfb72c-949a-5fa5-9e2a-b9bec86ff70f,1f86b535-bdb3-574d-9dbb-25b5fa82652b,2024-09-01,,,,,,,0,2025-01-02 09:26:19+00,v1
d0e8e0ad-8378-533e-b81f-52936f557112,d218df5c-aa02-51a7-913f-5a5b5fc8400f,2024-09-01,,,1.0,0.0,,,4,2025-01-02 09:00:20+00,v1
8d88c2eb-ec66-5e12-94d1-8fa557b5475a,3d18327f-e1fc-5926-943c-c64c3863d165,2024-09-01,1.0,1.0,1.0,0.0,,,15,2025-01-02 09:01:34+00,v1
3011933c-cb15-5f24-80d6-7f0fb6588f83,4f3c3f1b-e7e4-54c5-884a-84b5b42e6a16,2024-09-01,,,,,,,0,2025-01-02 09:01:04+00,v1
fada11d9-9716-5e69-8d2c-68ee0aa03704,d05aa5b5-1e60-594a-bad0-42d0aeb5d232,2024-09-01,,,,,,,1,2025-01-02 09:14:39+00,v1
b705d3a4-d782-5ca8-add2-dafdd6da72f6,3f5d4bf9-7262-5bf6-a738-0859f809219d,2024-09-01,,,,,,,0,2025-01-02 09:06:04+00,v1
de5dfad0-0955-5ddf-b5e6-988e015c1646,264e880d-3b17-54dc-8e9c-e1fb490de6ac,2024-09-01,,,,,,,2,2025-01-02 09:00:30+00,v1
b4be45aa-e302-5604-8956-952f435ef1ab,488b2b70-5056-5ec9-956e-5e769150eb8a,2024-09-01,,,0.6667,,,137,3,2025-01-02 09:18:30+00,v1
6a10713d-610f-5904-99fa-a78e132397e0,fac986ec-aa71-58e9-bba9-59c9637fadea,2024-09-01,,,1.0,0.0,,,4,2025-01-02 09:04:04+00,v1
02812116-471d-5dc2-8f0a-b4b8a245788b,463b4a52-d8f1-536f-bec8-06e23d2f6c9c,2024-09-01,,,,,,,1,2025-01-02 09:12:28+00,v1
dc66564f-c40d-5587-acc1-5d9c4a21cc4c,1dd40ffd-af9b-5e68-a850-c5d51f8221d6,2024-09-01,,,1.0,0.0,,,5,2025-01-02 09:18:43+00,v1
c2824997-1a18-5013-b3c5-4f35b8c498d6,fb5a4c36-67a2-5f2a-95c0-4940d42cc3d1,2024-09-01,,,,,,,0,2025-01-02 09:04:05+00,v1
06e2bac5-ca39-5eb3-ae4a-b3701f8e12dc,47c8a9fe-5376-5db4-ba44-b7b1991d4397,2024-09-01,,,,,,,0,2025-01-02 09:29:55+00,v1
770c1341-ed3e-5b10-8c17-0b9b7b0c1c21,5e65bb1d-205f-58d3-9e97-373d6ab4cec1,2024-09-01,,,,,,,0,2025-01-02 09:01:45+00,v1
c5fd06d3-229b-5fdf-9e5a-dd50e4c02276,c9d15727-b69d-5040-b3c5-c48f08762291,2024-09-01,,1.0,1.0,,,,4,2025-01-02 09:20:46+00,v1
ad43b53d-71d2-5ba6-a814-f551f8e1ce2b,db5c70cc-56fa-5582-b9c5-28a7bb381322,2024-09-01,,,,,,,0,2025-01-02 09:15:06+00,v1
16df69b9-d9fa-577e-823a-6246d41a51ec,f60697dc-c659-577f-8df1-20511a0a4373,2024-09-01,1.0,1.0,0.9375,0.0,,170,16,2025-01-02 09:00:52+00,v1
8b299c6c-f782-5ce8-811f-ab994b4f2e9a,bc5b82c4-bcbb-515e-bad5-88e21f43508a,2024-09-01,,,1.0,0.0,,,5,2025-01-02 09:24:59+00,v1
30b4c2cf-d0cb-5454-a958-bbfda1b85d2a,71627912-343b-5d8b-b8b6-d23d11e6c4e7,2024-09-01,,,,,,,0,2025-01-02 09:25:03+00,v1
1fa788fc-0a3b-56e0-9e78-bab9c722cac4,f34e6f55-692e-54d3-9fde-1abf2501717f,2024-09-01,,,,,,,0,2025-01-02 09:20:00+00,v1
fff3c901-adab-5874-9b40-1e8906671a50,93b0f4df-acf5-572e-b6a4-7979c3847675,2024-09-01,,,1.0,0.0,,,4,2025-01-02 09:14:13+00,v1
0ec017e4-4a96-5e10-bccc-c053c61084f1,39acaddf-1233-54d7-a2b0-ae4649dcb6dd,2024-09-01,,,,,,,1,2025-01-02 09:20:13+00,v1
7bcc28a6-ee36-5773-b3b6-9f9d104ca85b,46c4f3df-0f5d-5c00-9b89-21742485af45,2024-09-01,,,,,,,1,2025-01-02 09:27:33+00,v1
3c6a0595-d40b-5378-b5ae-317d6baf9677,b6f36eda-3822-52f7-b533-6831d5e35275,2024-09-01,,,,,,,0,2025-01-02 09:08:00+00,v1
8d24ce03-c2b3-5760-a77f-f7ec5e2a2722,5d515261-e313-5f81-8e63-d5cb6a889665,2024-09-01,,,1.0,,,,4,2025-01-02 09:01:19+00,v1
02cae5a8-ead5-5665-8882-237cf82aee75,fd39e4d1-8ee1-508d-b400-dcbf8f411fa2,2024-09-01,,,0.6667,,0.2465,138,3,2025-01-02 09:28:40+00,v1
26d0ca1f-1d46-57cf-84b5-bbff4c8b9c41,898c490c-7456-59bd-a31d-c943b5097c2a,2024-09-01,,1.0,0.8,0.024242,2.0018,98,10,2025-01-02 09:01:13+00,v1
e0260a3c-04d0-56d0-837f-951102c2a8e2,c617d29f-cfe0-5ea9-921e-42b791ba8455,2024-09-01,,1.0,0.9167,-0.006061,,115,12,2025-01-02 09:01:07+00,v1
ba069562-43fa-53d9-9ab6-a1d76ffcd669,d78b0306-ff73-5aef-984d-a2339b24b66d,2024-09-01,,,,,,,2,2025-01-02 09:17:07+00,v1
0ce00515-cf21-53c9-8c14-728b1c6fedbc,8a349d8b-0f00-51fc-b24b-03bd984b0ac2,2024-09-01,,,,,,,1,2025-01-02 09:28:52+00,v1
84e38c18-6862-5828-a33f-d67b1add02ba,5db7b12c-721e-55a9-9aab-abfd83993230,2024-09-01,,,,,,,0,2025-01-02 09:26:32+00,v1
75dda590-a6a0-5e2a-9edd-40dc5d5fbe55,75bab8e9-1edc-5fb3-955a-8b05df6c7ec9,2024-09-01,,,1.0,,,,3,2025-01-02 09:28:18+00,v1
169ebdab-f736-58e8-950b-fb7dcc8c2b53,71cf99c0-a72d-5db3-94d6-fb981f3a78b5,2024-09-01,,,0.75,,,10,4,2025-01-02 09:07:39+00,v1
640a632a-569e-56c6-a2e8-ae1e9de3257a,e9bc7dc1-c44d-5e2d-ae5b-40f8a1a866e2,2024-09-01,,,,,,,1,2025-01-02 09:28:15+00,v1
898e3994-b880-515d-b567-150b8e5dca5f,c56b6071-e42a-54ce-a650-ff4227c5a623,2024-09-01,,,,,,,0,2025-01-02 09:17:40+00,v1
9278f1bb-5d49-570f-8392-169ffef23511,02205db5-7374-5a5c-885e-f94d69a2fdd9,2024-09-01,,,,,,220,2,2025-01-02 09:21:31+00,v1
628b7f7b-ae0a-5149-af35-b4c7f83dee23,d6c01b90-4652-5257-9513-25cf71407962,2024-09-01,,,,,,,0,2025-01-02 09:10:50+00,v1
24a0966d-1b6d-5e89-a940-dcdf8a1e8106,ea30c0d4-dde7-52a4-bb52-ff2137705956,2024-09-01,,,,,,,1,2025-01-02 09:03:44+00,v1
aefd2516-b201-592e-8730-3b60620cd5d8,8ec906cc-8e27-5537-a7fe-1c168b4c7761,2024-09-01,,,,,,,2,2025-01-02 09:19:13+00,v1
8b5a3340-b55d-5681-98d2-53ddf6a5499a,8e7d762f-d623-547c-901b-6a809a76b1e0,2024-09-01,,,0.6667,,,32,3,2025-01-02 09:01:05+00,v1
39b841d2-c6c1-5bdb-b668-ea8b672accb6,3ced5417-d4ec-5e5a-aae7-78408a170f64,2024-09-01,,,,,,,1,2025-01-02 09:20:12+00,v1
db297950-5543-562c-b0d1-f249dad531ca,a61087b9-4e85-5ce4-acba-99b114e08385,2024-09-01,,1.0,1.0,0.0,,,5,2025-01-02 09:23:53+00,v1
af6960e2-7d46-509a-86b9-6e3130bfd5a2,c7824afc-aed7-53ca-8db0-39281e01b3db,2024-09-01,,,,,,,1,2025-01-02 09:26:29+00,v1
ec71554e-20e2-5c04-bffb-edcdeff5ac5d,cb1c837d-0892-5c41-8ec6-fdd1736ecfb5,2024-09-01,,1.0,1.0,0.0,,,11,2025-01-02 09:03:22+00,v1
f3fe7969-789c-5306-8e7d-757553251526,a41989d9-98e5-5739-84ef-967a846019d4,2024-09-01,,,,,,,0,2025-01-02 09:01:11+00,v1
1480e671-ba55-5724-a9bc-1089a1a89844,1ae3ff03-0430-52b0-a6c8-9cb0930eabca,2024-09-01,,,,,,,0,2025-01-02 09:24:50+00,v1
f451473b-3aed-5f5a-b766-bd5941e2d951,7df370ac-bf18-5e22-8470-a90d30f80a1b,2024-09-01,,,,,,,0,2025-01-02 09:09:40+00,v1
c5bebca9-9e97-5727-9d2c-8829c63152da,2b1bef2d-1631-5d70-ae40-0e1da7dc57ee,2024-09-01,,,,,,,0,2025-01-02 09:10:35+00,v1
8a9c1d26-de37-55f2-b7e3-d70fafb206e4,4c878b61-e524-5f15-95af-8540be93499c,2024-09-01,,,,,,,0,2025-01-02 09:08:38+00,v1
9e046408-9271-5b10-a013-f318a210ad60,74beaacd-53c0-559f-ab4a-8d5d9d039d4e,2024-09-01,,,1.0,,,,3,2025-01-02 09:18:34+00,v1
05ff1805-045e-5801-85f8-f4cf3889269a,a988a28a-ce98-53e0-9cc6-4a06b5096d0b,2024-09-01,,,,,,,1,2025-01-02 09:20:00+00,v1
a5437042-fb50-52c8-9333-e77b1aad487e,365d1596-4f8b-5601-bc80-e9dc0ad6bb6d,2024-09-01,,,1.0,0.0,,,6,2025-01-02 09:06:29+00,v1
1847a288-76a4-5436-a283-abb06660da42,9e923201-7acd-5309-82e1-75c97d1be1ab,2024-09-01,,,1.0,0.0,,,4,2025-01-02 09:23:17+00,v1
c549d4b0-de31-5c9c-8249-33ad5e540d83,8ee5e50b-aeda-542a-872f-e28cf5c35296,2024-09-01,,,,,,,0,2025-01-02 09:25:47+00,v1
d80b8f9e-8695-59f7-b8f4-39e23d054f74,72d5fa76-fe12-54c9-bf34-fa8c83a1e972,2024-09-01,,,1.0,,,,4,2025-01-02 09:05:30+00,v1
675353c4-82ca-599e-a682-6c65881875c6,a75d6275-d747-55a8-8d1c-436d2622e4ed,2024-09-01,,,,,,,0,2025-01-02 09:23:20+00,v1
3a0001cc-c44c-5a9f-a1fe-f318d8041e62,bf3b3b4f-0058-5d64-a9fd-695f12d7c59a,2024-09-01,,,1.0,,,,3,2025-01-02 09:00:52+00,v1
a2fd91dc-3e8b-5801-93d4-aae5994ec67f,9a6dab5e-6ec0-5a4a-bf93-80f994e2582e,2024-09-01,,,,,,,0,2025-01-02 09:06:16+00,v1
eb5ee89c-a6ba-5581-a297-be22a04b1c2d,0aeec9e3-e0fa-5f23-bd7f-a309b8b8801a,2024-09-01,,,,,,,0,2025-01-02 09:10:15+00,v1
a9009f3a-b12f-51e4-aabb-b72375b4be17,0770b2fc-077c-5358-b9b4-b4deb150a16f,2024-09-01,,,,,,,0,2025-01-02 09:20:39+00,v1
30117516-243d-5f1e-b325-436d1dbd99d7,aa48b7ad-fb31-5be7-8ec6-14772bcfbac6,2024-09-01,,,,,,,1,2025-01-02 09:13:27+00,v1
c5aba510-a338-5964-b140-60c69ec5f4a2,d1b7dbbc-bd6f-51f7-b643-f48f82ea753b,2024-09-01,,,1.0,0.2,,219,4,2025-01-02 09:22:48+00,v1
07302e5f-eaa6-5e6b-8a4b-ee778cb4cef1,5495add5-7bf6-583c-a9d8-82516386e5bd,2024-09-01,1.0,0.8333,0.9167,0.006061,,58,12,2025-01-02 09:04:41+00,v1
0786a7b3-f5e9-5455-8003-9ebd65a90e22,6a50b744-1131-578e-a6f1-553222e98f95,2024-09-01,,,,,,,0,2025-01-02 09:06:49+00,v1
70c5f8c9-f606-5157-96eb-ebe19e200fd0,f02925e7-8a92-58b9-8a59-178c11da9c26,2024-09-01,,,1.0,0.0,,,5,2025-01-02 09:01:41+00,v1
8b6e2feb-966b-56f5-8b84-645690d41b6e,1ff8a181-35a8-5bc8-84fd-3e882672ffc7,2024-09-01,,,,,,,2,2025-01-02 09:25:20+00,v1
fbbb25bc-700f-598c-9a20-d56be16affd7,a53cf2cd-5dec-5640-855d-f85900d633f1,2024-09-01,,,,,,,0,2025-01-02 09:00:04+00,v1
414b5ac6-6b02-5834-8bb7-8e2950648985,c0af8110-7381-5d39-aac0-730aa9405d50,2024-09-01,,1.0,0.9,0.0,0.7503,98,20,2025-01-02 09:23:34+00,v1
0c277029-639a-56ed-859c-20f4fc214640,44df5d8c-b3ec-5d0a-8aee-600bcb155f44,2024-09-01,,1.0,1.0,0.0,,,5,2025-01-02 09:08:26+00,v1
b9f6b014-f10f-5997-8ba4-26952c000648,3e7a5438-d7e1-56a3-b1a2-d227407de26b,2024-09-01,,,,,,,0,2025-01-02 09:18:56+00,v1
26b11169-d73c-5c2e-bf45-fc1a189782c7,b26c15f9-24e6-5f13-aebb-604d9972f392,2024-09-01,,,,,,,0,2025-01-02 09:08:05+00,v1
c2c43981-704c-5ca8-88da-ff7fc39b2cf1,f2d38c13-14be-5d53-b5be-0195b1a303ee,2024-09-01,,,,,,,1,2025-01-02 09:04:02+00,v1
af9d3a1b-0ea6-59d9-9d45-35a2bb660e7b,18a3294b-c0ab-5a9b-9ead-b01171cb062a,2024-09-01,,,1.0,,,,3,2025-01-02 09:26:25+00,v1
0ff94190-7f12-53f5-b952-ab52415d666a,c45d7bbd-57af-5aa6-b8e5-43190333bc1f,2024-09-01,,,,,,51,1,2025-01-02 09:08:56+00,v1
046de13f-5603-5010-8540-daf12b5434d1,49f30c55-3164-52d3-96e6-d430644895d6,2024-09-01,,,,,,,0,2025-01-02 09:25:52+00,v1
353608d9-fec9-52e6-a1c7-6d9ba7ab21a5,64f360a5-dd91-53d4-b08f-6877ce13cee4,2024-09-01,,,,,,,0,2025-01-02 09:22:12+00,v1
e2786bba-49d5-5700-aad7-ab7e7cafd142,3ebd62e2-76cf-5b92-897d-0e12a8f0c31f,2024-09-01,,,,,,,1,2025-01-02 09:15:38+00,v1
8e178a92-b297-599f-a2cd-718c844c27dc,e1d14570-01d9-5462-a614-96e9be4efe70,2024-09-01,,,,,,,2,2025-01-02 09:13:41+00,v1
49dadb8f-4300-5af7-8cf8-90ea5bddd242,d1104815-5077-5067-a7f1-9e2ba896def7,2024-09-01,,,,,,,2,2025-01-02 09:15:59+00,v1
63a4d660-81f5-5427-b752-aba4dd1d9b2f,9479681a-215a-5a77-b726-ce8bd5f0a71b,2024-09-01,1.0,1.0,0.8889,0.0,,116,9,2025-01-02 09:17:48+00,v1
361bfc2d-bcb0-5e76-90cb-2f5150688310,696fe914-0890-5b2b-b310-9964de714d66,2024-09-01,,,,,,,0,2025-01-02 09:21:49+00,v1
61de27f3-7416-5498-aebc-609f3f180ce4,0610f945-f9b7-57aa-8b15-96586d95fb57,2024-09-01,,,,,,,2,2025-01-02 09:04:46+00,v1
9717a8cc-c033-5fd1-aa92-8cac6e63572e,c24da349-b6f4-54bf-8b3a-64c69410f9a1,2024-09-01,,,,,,,1,2025-01-02 09:08:25+00,v1
a53f2d5b-7798-556a-a733-cbc3f957bc5b,ca18e7cc-ecf1-5055-b19e-f814a13473f1,2024-09-01,,,,,,,0,2025-01-02 09:01:36+00,v1
ef4226c0-86c7-5f6c-b9c3-26ee31fcb7ae,83c2a190-a4e9-54bb-8a47-0a9be4b5d84f,2024-09-01,,,,,,,1,2025-01-02 09:29:20+00,v1
70966a27-68bc-563c-b622-21578b52c698,ceec20ba-5cbc-5841-a953-c53864bae34b,2024-09-01,,,,,,42,2,2025-01-02 09:07:42+00,v1
7f5349b5-2c3d-5dd1-ad67-cb84473f376b,6c4cf2e7-61f7-579a-9589-af076d22fd4f,2024-09-01,,,,,,,0,2025-01-02 09:15:42+00,v1
107107f8-d105-553b-87aa-b83ba45a8b2e,21a0d8fe-c08f-5405-8f1f-48351294e158,2024-09-01,,,,,,,0,2025-01-02 09:18:47+00,v1
e91392ca-01e7-5413-ac61-4549142e5c87,58bd5d2f-4d18-5dee-8c8c-f3277b2410e5,2024-09-01,,,,,,,1,2025-01-02 09:22:29+00,v1
5dd1cf9e-bee6-5fbf-a310-ea2007bda235,31cbf5d4-2233-5195-84e1-ba1bc7ba3b45,2024-09-01,,,,,,,1,2025-01-02 09:14:42+00,v1
1780f7d7-77dd-58bc-ae65-c20231c1966d,afb7095c-523c-5630-9d17-6f0acd1d8303,2024-09-01,,,,,,,0,2025-01-02 09:06:14+00,v1
4f4a2405-c81d-5f6c-ba84-ae7e84b935d8,c4b1cd6c-92dc-5355-8be6-2712dbf542f7,2024-09-01,,1.0,1.0,0.0,,,7,2025-01-02 09:08:34+00,v1
a7d98c5d-2d9e-5744-ac27-bc1ad7c2dae2,c86fd083-4330-5332-98e4-a0315ca803bb,2024-09-01,,,,,,,0,2025-01-02 09:22:59+00,v1
79435aaa-e228-5815-baa5-a132debe8ec4,0bd3c5cf-7964-5033-9b72-1a050c72c8f6,2024-09-01,,,,,,,0,2025-01-02 09:28:27+00,v1
1e5dfd38-81dc-5a71-b182-3c0dd0c191db,f03400f5-6379-528f-a884-912e998a9bbc,2024-09-01,,,,,,,0,2025-01-02 09:13:40+00,v1
c7e6014c-1217-595f-9ccb-f45193710325,8a11a319-02d5-5f14-bceb-b4396a01c3ac,2024-09-01,,1.0,1.0,0.0,,,5,2025-01-02 09:23:30+00,v1
4b10a7ce-3c2f-55b0-bc6e-7737ac63a290,2e7e61a3-585d-5dfa-b4ff-bcd5c1481a78,2024-09-01,,,,,,199,0,2025-01-02 09:08:02+00,v1
1c9e858c-569b-56b9-9dff-46be828b2ecb,187a4cef-2d3a-5a35-a719-21abbf5a0623,2024-09-01,,,,,,,0,2025-01-02 09:08:42+00,v1
38d57a7f-627e-5c29-8030-c0eb2df92a0b,77698098-1236-5728-943c-f98c1a32d82f,2024-09-01,,,,,,,0,2025-01-02 09:27:06+00,v1
6a9b5935-35c8-576c-bc7f-8fad1b0eb422,4aebf463-3c95-5e36-9414-8edcf6fc203e,2024-09-01,,,,,,,1,2025-01-02 09:20:50+00,v1
d9ce1d46-fdfd-5512-a5a4-4425076a83ed,bcf0cf95-cfac-505e-be53-8340310cc0f0,2024-09-01,,1.0,1.0,0.0,,,10,2025-01-02 09:26:18+00,v1
cdb35f0d-f7cb-50f1-8ea7-83678350d9d3,bd89ed3d-ddef-503a-86cb-c1d4c3d09416,2024-09-01,,,,,,,0,2025-01-02 09:11:39+00,v1
9ead2839-196d-50a1-975c-55dd418b7ec3,357edde5-3d22-57ff-b7af-1a22cb0c4eca,2024-09-01,,,,,,,2,2025-01-02 09:15:53+00,v1
5983364f-dc2a-55b1-979d-f407cecdebea,9b7eafca-8be5-587f-94ee-7891407766ec,2024-09-01,,,,,,,0,2025-01-02 09:28:35+00,v1
b07550ac-4f15-55ad-90cc-a8d568cf69ca,10ce77f2-8241-5db5-8acf-9c90b9f72446,2024-09-01,,,,,,,0,2025-01-02 09:25:19+00,v1
0a1a4f72-5c05-5c4a-b43b-65fd5cddcfc8,94ac7534-899f-5bc9-bab4-77e509ec2401,2024-09-01,,,,,,,2,2025-01-02 09:05:54+00,v1
508fac87-708a-5732-a354-101fb0d05c18,8d8f807f-443e-59e5-a85c-e2c16318958f,2024-09-01,,,,,,,1,2025-01-02 09:19:35+00,v1
dac4b373-f9b9-5460-ae98-a67f72cb9f00,c2678f7b-587c-52d2-a630-1e73238b2754,2024-09-01,,,,,,,0,2025-01-02 09:29:29+00,v1
076f13c8-6007-5bf2-9c1e-f27b2753da5c,468fdb3d-917d-52bc-98bb-a49356bf5daa,2024-09-01,,,,,,190,2,2025-01-02 09:09:22+00,v1
c9ab2bab-44ca-5683-beae-414fcd66a7a6,d77b6010-752a-5366-b725-cb7f3e56b425,2024-09-01,,,,,,,1,2025-01-02 09:28:20+00,v1
892353cf-6ca9-5d15-9e9c-e13a2f39dcf7,3fa7c0d8-e78f-5636-ad0f-83c650f64502,2024-09-01,,,,,,,0,2025-01-02 09:00:55+00,v1
94f71f1e-20ad-5c21-baa4-1ec33c9731ba,2039c8be-5300-55c4-a967-ba7227f88c02,2024-09-01,,,,,,,1,2025-01-02 09:12:46+00,v1
858aa76d-27b0-534b-8675-acacd0b87335,214b5ce7-3d2d-57b6-867b-f3bdfd0c81ec,2024-09-01,,,,,,,0,2025-01-02 09:11:49+00,v1
032997c5-9d07-5ae6-ab6b-2ed09a07a224,b17bd294-5e8d-559e-839e-fef82f606254,2024-09-01,,,,,,,0,2025-01-02 09:27:41+00,v1
a5f42232-bad2-5fa9-a863-e9e74a377b40,d5e64001-4bac-518c-824a-a99fd8929e01,2024-09-01,,,,,,,2,2025-01-02 09:11:22+00,v1
a6ed111b-39f2-5875-8b3f-d7227cbd76b3,ae29d9c6-cfa6-53c2-b8e0-5e09a4fbf9e4,2024-09-01,,,,,,,1,2025-01-02 09:10:24+00,v1
7ca0cbbf-e038-5f3d-ba2f-bd8022103e7f,55299765-65cd-516a-a2d8-deee7bcfcc51,2024-09-01,,,,,,,0,2025-01-02 09:27:21+00,v1
ec366bb0-e375-58bf-8aa1-2e422af0bb8f,bd6d0af6-c7ae-558a-9ad7-a581f7a34b87,2024-09-01,,,,,,181,0,2025-01-02 09:21:43+00,v1
317c2fcf-d0de-5eb1-9669-5fa870b291c0,5c6a5696-3779-5532-98ab-4744475b1ed3,2024-09-01,,1.0,1.0,0.2,,192,4,2025-01-02 09:27:22+00,v1
5ed71313-0227-537d-8ca4-6f65a4d6cb63,0b90658f-82bb-5af5-8054-d6fe8aeb4f52,2024-09-01,,,,,,,0,2025-01-02 09:16:08+00,v1
47604462-e117-5219-ba28-d100f5da2825,c349c7af-7b0f-5ccf-8d0e-8b4c154ee401,2024-09-01,,,,,,,2,2025-01-02 09:01:54+00,v1
9da512c0-1380-5a76-a8b1-c8e38bf0f4a4,0397b62b-af63-59df-a629-a9900711eee7,2024-09-01,,,,,,,1,2025-01-02 09:09:39+00,v1
d0437967-5283-5775-b9e9-bdf26896314e,f896c6db-d9c5-5bc6-945d-83d552eb9aea,2024-09-01,,,,,,,0,2025-01-02 09:08:14+00,v1
70fdc868-6191-50f8-82d0-3cd4c42a239a,e60916b9-b699-5bb0-a19e-8e4fc52c86d2,2024-09-01,,1.0,1.0,0.0,,,11,2025-01-02 09:15:01+00,v1
4a97067c-21d7-55ff-aabe-cf062800649e,a18dd31f-24e3-582b-9964-6b8d74699427,2024-09-01,,,,,,,0,2025-01-02 09:28:51+00,v1
62c345ce-0b39-56d5-8012-07b1759396d5,afa15ef0-34ab-58ff-ad47-8060502e5f84,2024-10-01,1.0,0.8889,0.9423,0.0,4.6743,54,52,2025-01-02 09:02:33+00,v1
fda6bbc3-a7c1-5f7c-bea4-758f0377e664,b3288dd6-e3cd-5ec3-a951-39986285505b,2024-10-01,0.9259,0.9344,0.9431,0.024242,6.4045,4,123,2025-01-02 09:13:20+00,v1
d17aad6d-942e-5b68-b657-80ed0d300981,bed19e03-5ade-5692-8a4e-81fb3e8f965d,2024-10-01,0.8333,0.875,0.881,0.042424,6.1127,19,42,2025-01-02 09:18:09+00,v1
9f67351b-b1d6-5ce1-a456-0e7d1558de98,3dffa708-7186-5ce1-9e9c-96972e56f8bf,2024-10-01,0.8947,0.9211,0.9545,0.054545,4.2414,11,66,2025-01-02 09:07:45+00,v1
b4f06c1a-0c81-5382-8d1d-d3adcdcfba39,d6589668-bf03-550c-93d5-57ece0241efc,2024-10-01,1.0,1.0,1.0,0.0,,,12,2025-01-02 09:01:21+00,v1
44838bd6-49ed-5efd-8396-9b0c07636a05,9981b718-1ab2-586a-ac86-82ab2f6f445c,2024-10-01,,0.6667,0.7143,-0.047619,4.0451,5,7,2025-01-02 09:15:21+00,v1
119486cf-3684-5f76-9a1f-75f73633c576,9df2da2e-507c-507e-b146-3af5cb0eb852,2024-10-01,,1.0,1.0,0.0,,,7,2025-01-02 09:11:32+00,v1
f57a2f0f-411d-59d8-8688-f62c4212b879,224ca423-2c12-5113-bbd1-50eab06cf470,2024-10-01,1.0,1.0,0.8333,0.084848,19.1434,141,12,2025-01-02 09:09:10+00,v1
3690bfc2-2789-517a-bc3a-5fc064834bce,960f8f6e-5384-5c35-bfda-77ba61e7822e,2024-10-01,0.6667,0.8333,0.8462,-0.060606,3.7589,18,26,2025-01-02 09:27:27+00,v1
844f95a8-3a1b-52ca-a633-656982829cb7,8c61a3ad-eb5d-59bc-9d10-16ddbfa7f8b0,2024-10-01,,1.0,1.0,0.066667,,225,7,2025-01-02 09:26:51+00,v1
44724a2e-ce93-579e-b49d-90f978e7f66f,ea344b5b-a6fa-5c52-a82d-6aca1e325dfd,2024-10-01,,0.8571,0.8182,0.012121,0.2384,45,11,2025-01-02 09:20:28+00,v1
6586c3a7-0587-53f4-9f68-bb7e2ddf6afd,a204cedc-9bbc-5113-b524-27b81d9b9e2d,2024-10-01,,0.8333,0.9091,0.006061,,68,11,2025-01-02 09:04:54+00,v1
5bdbe9a5-872d-5860-aa87-743a38076756,c809308b-6bd0-5e7f-8fed-63aa0be429db,2024-10-01,,0.9,0.9167,0.018182,1.9863,74,12,2025-01-02 09:24:43+00,v1
e4ef1f07-0b1e-5445-b8f3-4d218d738321,b518e4a1-8b14-5e0f-a7c6-0b6631fe0a5a,2024-10-01,,,1.0,0.0,,,4,2025-01-02 09:28:54+00,v1
aecc2f68-5d94-5bad-b0cd-7bc3d7017fbd,43b32e98-5a29-5473-b8a5-4357668f5f74,2024-10-01,1.0,1.0,1.0,0.0,,186,19,2025-01-02 09:04:47+00,v1
b284491b-cc22-56aa-acd9-b25b975d9335,8f1f2a54-a01e-54a1-9234-72cb24fac6ff,2024-10-01,,1.0,1.0,0.0,,,9,2025-01-02 09:06:00+00,v1
28dfd3a1-ddfd-502c-b064-b9e657896c84,48e2fe7c-35ad-5935-824d-697bfa8226f3,2024-10-01,,,0.25,-0.2,13.55,15,4,2025-01-02 09:25:11+00,v1
75c9f6de-10c7-520d-a636-b4ec8de5ed96,f94dbc7c-8aca-554e-ad3f-4e1fa92c88e7,2024-10-01,,,1.0,0.0,,,5,2025-01-02 09:06:35+00,v1
d812d8d3-c697-56ee-89de-e99c24a35b81,f478ae52-7c2a-5617-95bb-5f296860910f,2024-10-01,1.0,0.8,0.875,-0.018182,0.2504,84,8,2025-01-02 09:00:11+00,v1
c6088c64-8ba7-56d1-8cd2-9437e9cb1084,80102db8-d5d3-5b2c-9e54-5b4fbebca6eb,2024-10-01,,,,,,,0,2025-01-02 09:13:13+00,v1
dd863927-c3af-5bd0-a59d-a34ac6a8d1a9,c27afee2-997d-5290-a74e-2530422664f5,2024-10-01,,,,,,,2,2025-01-02 09:23:52+00,v1
d1f45d37-c64d-5d83-b3a7-c9263f5fb964,7126e422-addd-5f29-b3f2-b752caf2e66c,2024-10-01,,1.0,1.0,,,,3,2025-01-02 09:27:43+00,v1
9c78dcad-edd2-566b-8d30-cd2f0d0fb2d9,7910ac44-1e40-56bb-9ab8-d9ba56ac335c,2024-10-01,,,,,,,2,2025-01-02 09:12:59+00,v1
24a5b57b-f9a0-57ba-a19f-6ecae5bde8b4,b9aec7bd-f7f9-55cb-b673-5177ddff5e0d,2024-10-01,,,0.8333,-0.107143,,19,6,2025-01-02 09:00:53+00,v1
6c631afa-d6a8-5b59-88c4-1df5fc338850,b0a44c22-e899-52ff-98a1-85dc4e254380,2024-10-01,,,,,,,0,2025-01-02 09:20:48+00,v1
17dd9044-ee94-5491-82c6-b7300f16f72b,eee4f3d5-a93a-5cf2-85cd-907416aee337,2024-10-01,0.5,0.75,0.8182,-0.072727,9.5574,3,11,2025-01-02 09:10:50+00,v1
736aaf8b-8e35-549c-9107-0ac42d36835a,ce3f1829-b358-52a7-bd0e-9eb3d2d95666,2024-10-01,,1.0,0.8889,-0.006061,,117,9,2025-01-02 09:18:25+00,v1
92f91ff8-95a6-5a86-b206-63216709077b,1cf67535-10cf-5364-a9c7-5b0562d7a6d6,2024-10-01,,,1.0,0.142857,,236,4,2025-01-02 09:07:18+00,v1
6cc827f1-c9e1-5fb6-90d6-cf64d683b1eb,b1482d47-285e-53ab-995d-cc9a8165b52c,2024-10-01,,,1.0,,,,3,2025-01-02 09:23:25+00,v1
b98e24a7-b106-5c2f-9bfc-e8634411f6bf,d48fc4d1-ee5a-5d55-92e3-efa651af5e0b,2024-10-01,,1.0,1.0,0.0,,,5,2025-01-02 09:06:34+00,v1
de60a79d-dc43-5c38-8a73-08981a10476f,7cff550d-7458-54fe-906b-849912e2bac5,2024-10-01,1.0,0.9333,0.8889,0.042424,0.0001,31,18,2025-01-02 09:26:02+00,v1
5b962783-648a-5d03-815a-3530c9e10746,3a67adbf-5513-5a16-82f1-1ee2075f84a5,2024-10-01,,,,,,,0,2025-01-02 09:23:18+00,v1
09f40b53-385d-56de-b2b3-fbe07fb40cd2,1439fed7-3f86-5a06-ae10-6169b01a836b,2024-10-01,,1.0,1.0,0.0,,193,10,2025-01-02 09:07:10+00,v1
967c975a-9b3a-5cca-aa31-dbb3c86d5aa7,6bfe9d03-1d68-5349-a2e7-d2c71322d817,2024-10-01,,,,,,111,2,2025-01-02 09:08:53+00,v1
b1374567-aa18-5a5e-95f5-8b01999bf274,bda40a80-19c9-5fe0-b729-308b0f59ad25,2024-10-01,1.0,1.0,1.0,0.0,,228,10,2025-01-02 09:07:59+00,v1
f5db6884-d039-5925-853c-c28f965751f1,4140807d-c496-53ae-8f87-15c93cde916b,2024-10-01,,,,,,,1,2025-01-02 09:06:19+00,v1
5299ab4c-3cc4-5819-8e66-99ce07b212a6,6e1d922d-415a-53d0-97d8-f4767299c10e,2024-10-01,,,1.0,,,,3,2025-01-02 09:01:21+00,v1
7d14c50b-e932-517e-98b3-e24221f3b8f6,f0aa8198-c2d3-59dc-b748-7bbb43f72614,2024-10-01,,,0.6364,0.084848,4.7065,151,11,2025-01-02 09:09:30+00,v1
4314304d-a252-5f70-b3b9-0410c69e47c9,9ecc4544-0aaa-5d4b-a20b-19b8dce2c71c,2024-10-01,,0.9286,0.9,-0.006061,5.0136,35,20,2025-01-02 09:02:36+00,v1
8beea58d-9ea3-5f79-bf0e-997a31363298,d56202a0-5ac9-5000-bdef-df809a781522,2024-10-01,,1.0,1.0,0.0,,,12,2025-01-02 09:28:32+00,v1
b065c5f6-791d-5924-ad52-87fea7d51081,43b5c255-48c1-5b61-ab8b-8bc95266bb1f,2024-10-01,,,,,,,0,2025-01-02 09:13:09+00,v1
d44cf71f-62c6-5ee6-9961-1a533c30978b,feeb172c-57c6-5067-97db-54ddf632027a,2024-10-01,0.8571,0.8947,0.8919,0.0,3.7909,19,74,2025-01-02 09:08:08+00,v1
61aae8ee-c141-5230-894a-4bcc7135d8b6,15a4b7b5-0940-5f38-887a-51e62e07c4cf,2024-10-01,,,,,,,1,2025-01-02 09:06:07+00,v1
069a0251-ee27-5d34-a3df-1c9194d70de5,ea95a540-f662-5975-8a79-88352e65c9c4,2024-10-01,1.0,0.8333,0.9167,-0.006061,,42,12,2025-01-02 09:04:43+00,v1
0ea7f15f-4c28-515c-95d1-f2fe47c3f2c1,09b007da-c3cd-5c90-912c-64f13e0cb7eb,2024-10-01,,,1.0,,,,3,2025-01-02 09:12:46+00,v1
d6aace79-c8e3-590f-ab46-a748560eeebf,035f03a2-0aa4-54ab-b965-ffe92a15c554,2024-10-01,,1.0,1.0,0.107143,,232,6,2025-01-02 09:25:27+00,v1
5173db13-0a30-5fe3-9dd3-e247fafaeaad,a080f3ab-6ea0-59f4-b082-807399acde92,2024-10-01,,,1.0,,,,3,2025-01-02 09:23:21+00,v1
1ce3d092-646e-5925-811e-d81a725eedc7,962efb96-78cf-56c2-9668-d0081024f66b,2024-10-01,,,1.0,0.0,,,4,2025-01-02 09:00:33+00,v1
db92138e-4d35-546e-b2dd-d37a72098b84,d21da0bc-d1b2-5971-a037-be72ab2d0b0f,2024-10-01,,,1.0,0.059524,,221,5,2025-01-02 09:19:47+00,v1
2c78f12a-9948-51e4-b4b4-ff84c1d0e0b4,6e4b4b02-c6c9-56a6-899b-544e87e288d9,2024-10-01,,,,,,,0,2025-01-02 09:05:49+00,v1
dfb518a2-e543-5fe4-b903-fd2e5b68d148,620e7b33-9778-5fbb-b4ad-f547ad7f37e4,2024-10-01,1.0,1.0,1.0,0.0,,,5,2025-01-02 09:17:44+00,v1
b933722e-5ace-556a-909b-7f2b99a94a95,ef593dbc-d5e0-5b32-b0c1-59e7e62b3b93,2024-10-01,,,,,,,0,2025-01-02 09:25:22+00,v1
e06eef2b-2fa9-55b0-a329-0e8b39f4b09e,2acb4323-7672-57b0-a6ff-2311178e47d0,2024-10-01,,,0.6667,,,168,3,2025-01-02 09:15:17+00,v1
621f1c6d-83f0-57a0-8352-83a0612cd43c,0ed71b3f-e7bd-5b63-8de5-842e174a2b41,2024-10-01,,,1.0,0.0,,,5,2025-01-02 09:26:43+00,v1
41db9670-96f9-545d-b6ed-585dae888e1c,f64331a4-51a2-5b06-9056-d0c2cad44675,2024-10-01,,,0.6667,0.0,0.242,26,3,2025-01-02 09:22:16+00,v1
95881545-b390-503d-b60a-1200b6cd5c28,1f86b535-bdb3-574d-9dbb-25b5fa82652b,2024-10-01,,,,,,,0,2025-01-02 09:29:43+00,v1
0c78195c-82a6-5720-8f95-7cab35a8ed83,d218df5c-aa02-51a7-913f-5a5b5fc8400f,2024-10-01,,,1.0,0.0,,,3,2025-01-02 09:01:47+00,v1
865d9305-d3e8-595f-aed2-081443d0ad35,3d18327f-e1fc-5926-943c-c64c3863d165,2024-10-01,1.0,1.0,1.0,0.0,,,15,2025-01-02 09:06:06+00,v1
f6aa66a4-2119-58a3-9cbc-0cabee99186b,4f3c3f1b-e7e4-54c5-884a-84b5b42e6a16,2024-10-01,,,,,,,0,2025-01-02 09:16:29+00,v1
620673d3-4687-5670-95a7-23a8b5d85556,d05aa5b5-1e60-594a-bad0-42d0aeb5d232,2024-10-01,,,,,,,1,2025-01-02 09:26:58+00,v1
76ed9fa2-e041-5d19-a96a-a73bbd68ba48,3f5d4bf9-7262-5bf6-a738-0859f809219d,2024-10-01,,,,,,,1,2025-01-02 09:29:26+00,v1
00f8c85d-ca88-5550-bbfd-1cef00b736ed,264e880d-3b17-54dc-8e9c-e1fb490de6ac,2024-10-01,,,1.0,,,,3,2025-01-02 09:03:39+00,v1
2e656017-35e4-59f8-9a5d-e079287226cf,488b2b70-5056-5ec9-956e-5e769150eb8a,2024-10-01,,,0.6667,,,167,3,2025-01-02 09:10:53+00,v1
b5850ab2-fe70-5763-8384-c6740a5b9e73,fac986ec-aa71-58e9-bba9-59c9637fadea,2024-10-01,,,1.0,0.0,,,3,2025-01-02 09:03:32+00,v1
7f9b07d0-f6b6-59a5-897e-854f98855cb4,463b4a52-d8f1-536f-bec8-06e23d2f6c9c,2024-10-01,,,,,,,0,2025-01-02 09:30:00+00,v1
4a5ecabb-bc9f-549d-978b-a4cc45f66ebf,1dd40ffd-af9b-5e68-a850-c5d51f8221d6,2024-10-01,1.0,1.0,1.0,0.0,,,8,2025-01-02 09:24:38+00,v1
6fa165b1-fc25-5d39-a8a9-85fcfc4211ad,fb5a4c36-67a2-5f2a-95c0-4940d42cc3d1,2024-10-01,,,,,,,0,2025-01-02 09:26:46+00,v1
b75c39b3-4616-5368-95cf-935e30252a4d,47c8a9fe-5376-5db4-ba44-b7b1991d4397,2024-10-01,,,,,,,0,2025-01-02 09:24:52+00,v1
9535e880-9526-57d6-a0e7-526e7e823b30,5e65bb1d-205f-58d3-9e97-373d6ab4cec1,2024-10-01,,,,,,,0,2025-01-02 09:25:56+00,v1
df8964ee-a1b0-5b31-9c41-2981faaa8e32,c9d15727-b69d-5040-b3c5-c48f08762291,2024-10-01,,,1.0,,,,3,2025-01-02 09:06:46+00,v1
ca3de813-fb9a-5e8e-863c-57f92e325042,db5c70cc-56fa-5582-b9c5-28a7bb381322,2024-10-01,,,,,,,0,2025-01-02 09:13:36+00,v1
48dde66e-39a8-5d90-93b4-0d881f69bce4,f60697dc-c659-577f-8df1-20511a0a4373,2024-10-01,0.8333,0.9091,0.9375,-0.018182,0.9883,16,16,2025-01-02 09:13:47+00,v1
8e619f91-6fe2-5067-8e0a-4a28af87b476,bc5b82c4-bcbb-515e-bad5-88e21f43508a,2024-10-01,,,1.0,0.0,,,4,2025-01-02 09:27:56+00,v1
03dfdbda-98d6-5ae5-94ec-7b99edb2a27c,71627912-343b-5d8b-b8b6-d23d11e6c4e7,2024-10-01,,,,,,,0,2025-01-02 09:16:21+00,v1
ea444caa-61ed-58d2-a0e3-23d1c135ddf6,f34e6f55-692e-54d3-9fde-1abf2501717f,2024-10-01,,,,,,,0,2025-01-02 09:25:40+00,v1
f4c8504f-688d-588d-8eb0-b4586c7928dd,93b0f4df-acf5-572e-b6a4-7979c3847675,2024-10-01,,,1.0,0.0,,,4,2025-01-02 09:21:02+00,v1
aee169e9-b463-5936-8617-051555baa103,39acaddf-1233-54d7-a2b0-ae4649dcb6dd,2024-10-01,,,,,,,1,2025-01-02 09:27:08+00,v1
25ca1da4-07b5-52cf-9f9a-cab4bd90da34,46c4f3df-0f5d-5c00-9b89-21742485af45,2024-10-01,,,,,,,0,2025-01-02 09:04:48+00,v1
45e95362-415d-56dc-88fa-c92545aefcc0,b6f36eda-3822-52f7-b533-6831d5e35275,2024-10-01,,,,,,,0,2025-01-02 09:27:02+00,v1
8c34b9c3-f85d-59e4-a50e-de3fc190512b,5d515261-e313-5f81-8e63-d5cb6a889665,2024-10-01,,,,,,,1,2025-01-02 09:26:43+00,v1
10bfd44b-0e66-52e5-89c6-474ba7affae0,fd39e4d1-8ee1-508d-b400-dcbf8f411fa2,2024-10-01,,,,,0.2465,168,2,2025-01-02 09:27:24+00,v1
da7b0342-f9ed-5578-a2cf-b87f70278c87,898c490c-7456-59bd-a31d-c943b5097c2a,2024-10-01,,1.0,0.8182,0.006061,2.0018,128,11,2025-01-02 09:25:48+00,v1
f430a576-88b7-50f1-bd3e-a09436329497,c617d29f-cfe0-5ea9-921e-42b791ba8455,2024-10-01,,1.0,0.8889,0.018182,,145,9,2025-01-02 09:06:34+00,v1
aae0f064-22e1-5471-bfc4-28ea600c375d,d78b0306-ff73-5aef-984d-a2339b24b66d,2024-10-01,,,1.0,0.0,,,3,2025-01-02 09:27:49+00,v1
c8fd2b24-4686-5c28-9089-df6ee5ac382e,8a349d8b-0f00-51fc-b24b-03bd984b0ac2,2024-10-01,,,,,,,1,2025-01-02 09:22:04+00,v1
de083833-a667-5d31-a1de-9426c8e0134d,5db7b12c-721e-55a9-9aab-abfd83993230,2024-10-01,,,,,,,0,2025-01-02 09:05:18+00,v1
3fceb1fc-87cf-5e90-949c-67a5face7a8b,75bab8e9-1edc-5fb3-955a-8b05df6c7ec9,2024-10-01,,,,,,,2,2025-01-02 09:14:36+00,v1
a09ca69b-987a-5708-8411-9a09140b234a,71cf99c0-a72d-5db3-94d6-fb981f3a78b5,2024-10-01,,,0.6667,-0.1,,40,3,2025-01-02 09:24:33+00,v1
4dcc8049-fea6-56f2-aeea-be42c486de4d,e9bc7dc1-c44d-5e2d-ae5b-40f8a1a866e2,2024-10-01,,,,,,,1,2025-01-02 09:07:23+00,v1
f3b85ca4-22fb-5226-bd5a-44c57d5ebc13,c56b6071-e42a-54ce-a650-ff4227c5a623,2024-10-01,,,,,,,0,2025-01-02 09:27:26+00,v1
85635619-779f-5429-b9af-606bc447fb77,02205db5-7374-5a5c-885e-f94d69a2fdd9,2024-10-01,,,,0.1,,250,2,2025-01-02 09:22:08+00,v1
d7cd4f4a-d730-5bc0-8c97-c35bb0b5cf42,d6c01b90-4652-5257-9513-25cf71407962,2024-10-01,,,,,,,0,2025-01-02 09:00:23+00,v1
6d4c8ff6-ad2b-5f33-8084-a2f8d7d6c6cb,ea30c0d4-dde7-52a4-bb52-ff2137705956,2024-10-01,,,,,,,1,2025-01-02 09:19:30+00,v1
5a297fc4-b482-5b4b-962a-9e09eae03bdf,8ec906cc-8e27-5537-a7fe-1c168b4c7761,2024-10-01,,,1.0,0.0,,,3,2025-01-02 09:25:15+00,v1
b60466bb-e2f9-5deb-91b3-931944740f84,8e7d762f-d623-547c-901b-6a809a76b1e0,2024-10-01,,,0.6667,,,62,3,2025-01-02 09:07:22+00,v1
bf7b4f98-abaf-5bf6-9fec-33fd9882ec39,3ced5417-d4ec-5e5a-aae7-78408a170f64,2024-10-01,,,,,,,1,2025-01-02 09:24:17+00,v1
23b082ba-d9b5-5122-a3a7-410ce61a0ba3,a61087b9-4e85-5ce4-acba-99b114e08385,2024-10-01,,0.75,0.75,-0.142857,,29,4,2025-01-02 09:03:37+00,v1
9492fdc1-a4e8-57ca-bec8-a6c3473fd824,c7824afc-aed7-53ca-8db0-39281e01b3db,2024-10-01,,,,,,,2,2025-01-02 09:14:01+00,v1
4cc951da-440b-54a3-b607-c024fc53e84d,cb1c837d-0892-5c41-8ec6-fdd1736ecfb5,2024-10-01,,1.0,1.0,0.0,,,10,2025-01-02 09:13:45+00,v1
5686f5d8-4de7-5219-ac90-2a53eeeb1e5c,a41989d9-98e5-5739-84ef-967a846019d4,2024-10-01,,,,,,,0,2025-01-02 09:27:33+00,v1
e72f3933-c0dd-5459-a02f-ed92d1819afb,1ae3ff03-0430-52b0-a6c8-9cb0930eabca,2024-10-01,,,,,,,1,2025-01-02 09:16:25+00,v1
fa9c06e7-7f82-53c6-b979-c547c06bcfa2,7df370ac-bf18-5e22-8470-a90d30f80a1b,2024-10-01,,,,,,2,1,2025-01-02 09:11:00+00,v1
181883e0-1b46-52b8-95a4-4425dfc8e915,2b1bef2d-1631-5d70-ae40-0e1da7dc57ee,2024-10-01,,,,,,,0,2025-01-02 09:16:37+00,v1
39f399bf-aabe-50d9-9da9-8749792a085d,4c878b61-e524-5f15-95af-8540be93499c,2024-10-01,,,,,,,0,2025-01-02 09:21:49+00,v1
72ee96a7-64ae-5bed-a2e8-0fa826849c34,74beaacd-53c0-559f-ab4a-8d5d9d039d4e,2024-10-01,,,,,,,2,2025-01-02 09:14:09+00,v1
f0fb8f59-4ac7-53ae-8129-aa1afadb6d87,a988a28a-ce98-53e0-9cc6-4a06b5096d0b,2024-10-01,,,,,,,1,2025-01-02 09:27:24+00,v1
c0ede12a-866c-55cf-b005-e74164300fc7,365d1596-4f8b-5601-bc80-e9dc0ad6bb6d,2024-10-01,,,1.0,0.0,,,4,2025-01-02 09:15:20+00,v1
52f739b1-7f10-55a9-b0a2-8f03f1c6ccbd,9e923201-7acd-5309-82e1-75c97d1be1ab,2024-10-01,,,,0.0,,,2,2025-01-02 09:24:58+00,v1
32306633-2ebd-5a65-9054-6e6c13b0222d,8ee5e50b-aeda-542a-872f-e28cf5c35296,2024-10-01,,,,,,,0,2025-01-02 09:13:06+00,v1
12dfee42-63a0-5501-b2aa-d1fa3059e9ce,72d5fa76-fe12-54c9-bf34-fa8c83a1e972,2024-10-01,,,1.0,0.0,,,4,2025-01-02 09:05:48+00,v1
8876edf3-b528-5408-95a4-675d9778a12a,a75d6275-d747-55a8-8d1c-436d2622e4ed,2024-10-01,,,,,,,0,2025-01-02 09:21:40+00,v1
7875be6d-3548-56cb-ba40-35fb41994ab3,bf3b3b4f-0058-5d64-a9fd-695f12d7c59a,2024-10-01,,,,,,,2,2025-01-02 09:16:50+00,v1
473346ac-3174-5d8d-b1db-6211f6c5557b,9a6dab5e-6ec0-5a4a-bf93-80f994e2582e,2024-10-01,,,,,,,0,2025-01-02 09:20:30+00,v1
a5efaf40-ed59-5862-a210-9a10da990621,0aeec9e3-e0fa-5f23-bd7f-a309b8b8801a,2024-10-01,,,,,,,0,2025-01-02 09:16:58+00,v1
14eaa450-8174-5bcd-921c-cb50a2b29a18,0770b2fc-077c-5358-b9b4-b4deb150a16f,2024-10-01,,,,,,,0,2025-01-02 09:22:23+00,v1
a9a37c9d-c58e-5e8c-a1e6-690252345b11,aa48b7ad-fb31-5be7-8ec6-14772bcfbac6,2024-10-01,,,,,,,0,2025-01-02 09:11:33+00,v1
43b95201-fb59-5093-9a5c-18498bda0471,d1b7dbbc-bd6f-51f7-b643-f48f82ea753b,2024-10-01,,,1.0,0.2,,249,3,2025-01-02 09:19:27+00,v1
bf2fda4f-2c69-5059-b90f-41645da840dd,5495add5-7bf6-583c-a9d8-82516386e5bd,2024-10-01,,0.8571,0.9167,0.018182,,88,12,2025-01-02 09:17:32+00,v1
c2723478-1743-5d2b-8298-a8648558a625,6a50b744-1131-578e-a6f1-553222e98f95,2024-10-01,,,,,,,0,2025-01-02 09:07:55+00,v1
80afaaef-3b1c-5943-9316-5cf0c8a585f3,f02925e7-8a92-58b9-8a59-178c11da9c26,2024-10-01,,,1.0,0.0,,,4,2025-01-02 09:23:45+00,v1
a89674c7-f7c6-554b-b60b-c17032fb0523,1ff8a181-35a8-5bc8-84fd-3e882672ffc7,2024-10-01,,,,,,,1,2025-01-02 09:00:54+00,v1
0999dfb0-c09d-5aa9-ac13-b915807f028a,a53cf2cd-5dec-5640-855d-f85900d633f1,2024-10-01,,,,,,,0,2025-01-02 09:15:27+00,v1
f79f68f9-a254-5345-a96c-8e92976a8e1f,c0af8110-7381-5d39-aac0-730aa9405d50,2024-10-01,,1.0,0.9,0.0,0.7503,128,20,2025-01-02 09:03:02+00,v1
0fc4eb2f-f808-511d-92a5-eb53ef85b04e,44df5d8c-b3ec-5d0a-8aee-600bcb155f44,2024-10-01,,,1.0,0.0,,,5,2025-01-02 09:00:19+00,v1
7ac8cc78-bc23-5150-9df5-a78a45c276d1,3e7a5438-d7e1-56a3-b1a2-d227407de26b,2024-10-01,,,,,,,0,2025-01-02 09:20:20+00,v1
4ddc5607-efd4-550b-b85e-5ce025daf480,b26c15f9-24e6-5f13-aebb-604d9972f392,2024-10-01,,,,,,,0,2025-01-02 09:28:46+00,v1
e8c179a8-aa7e-52aa-85f3-893b1673c7d8,f2d38c13-14be-5d53-b5be-0195b1a303ee,2024-10-01,,,,,,,1,2025-01-02 09:26:24+00,v1
d4e33784-5e99-50f2-8e33-5f6eff62d516,18a3294b-c0ab-5a9b-9ead-b01171cb062a,2024-10-01,,,,,,,2,2025-01-02 09:07:24+00,v1
d2247fdb-9033-5d16-b131-0a9168bcdef6,c45d7bbd-57af-5aa6-b8e5-43190333bc1f,2024-10-01,,,,,,81,1,2025-01-02 09:06:38+00,v1
f21b3168-2d06-51c6-baab-8879ff3e0d44,49f30c55-3164-52d3-96e6-d430644895d6,2024-10-01,,,,,,,0,2025-01-02 09:01:07+00,v1
9ea19a74-fc89-5b70-beec-5a7a27570e9b,64f360a5-dd91-53d4-b08f-6877ce13cee4,2024-10-01,,,,,,,0,2025-01-02 09:09:13+00,v1
12cb1344-59aa-5d7b-8330-b6810634bfff,3ebd62e2-76cf-5b92-897d-0e12a8f0c31f,2024-10-01,,,,,,,1,2025-01-02 09:05:34+00,v1
78cfe738-83e8-51e1-acc8-5e5dc4a72e0d,e1d14570-01d9-5462-a614-96e9be4efe70,2024-10-01,,,,,,,1,2025-01-02 09:20:38+00,v1
5cac0987-dff1-5e1f-9f5d-dd3b69516265,d1104815-5077-5067-a7f1-9e2ba896def7,2024-10-01,,,,,,,1,2025-01-02 09:03:05+00,v1
2d7660c9-b2a0-5698-95ef-63f9d4005dd4,9479681a-215a-5a77-b726-ce8bd5f0a71b,2024-10-01,,1.0,0.8333,0.0,,146,6,2025-01-02 09:10:50+00,v1
2d946d89-91c6-5f34-9695-6870cb8954a2,696fe914-0890-5b2b-b310-9964de714d66,2024-10-01,,,,,,,0,2025-01-02 09:22:33+00,v1
81b688de-d52c-5027-8950-f9b4cdf86d45,0610f945-f9b7-57aa-8b15-96586d95fb57,2024-10-01,,,,,,,2,2025-01-02 09:23:08+00,v1
d0b224db-cb71-5152-b989-46ab5d06beb0,c24da349-b6f4-54bf-8b3a-64c69410f9a1,2024-10-01,,,,,,,2,2025-01-02 09:11:36+00,v1
b59279e7-b893-5f97-81c9-b0808a0e3133,ca18e7cc-ecf1-5055-b19e-f814a13473f1,2024-10-01,,,,,,,0,2025-01-02 09:12:31+00,v1
d7ffc818-2f3b-5d5b-9b01-82f215ecbbdd,83c2a190-a4e9-54bb-8a47-0a9be4b5d84f,2024-10-01,,0.6667,0.6667,,,28,3,2025-01-02 09:27:38+00,v1
91e846eb-2ee3-5e5a-af39-1d77740c18d0,ceec20ba-5cbc-5841-a953-c53864bae34b,2024-10-01,,,,,,72,2,2025-01-02 09:14:11+00,v1
e61beb6b-8ae8-5990-8990-bd7d75d3c07a,6c4cf2e7-61f7-579a-9589-af076d22fd4f,2024-10-01,,,,,,,0,2025-01-02 09:13:24+00,v1
067bda85-c2df-5ee6-88b7-188739789b3c,21a0d8fe-c08f-5405-8f1f-48351294e158,2024-10-01,,,,,,,0,2025-01-02 09:16:02+00,v1
4a004cfe-8733-525a-813d-11e01c867d9b,58bd5d2f-4d18-5dee-8c8c-f3277b2410e5,2024-10-01,,,,,,,1,2025-01-02 09:13:58+00,v1
eb132a48-7ee8-5391-8cac-62d442d5dd4a,31cbf5d4-2233-5195-84e1-ba1bc7ba3b45,2024-10-01,,,1.0,0.0,,,3,2025-01-02 09:09:41+00,v1
74bcb6b9-18db-572c-bd70-8a411635ee0a,afb7095c-523c-5630-9d17-6f0acd1d8303,2024-10-01,,,,,,,0,2025-01-02 09:23:57+00,v1
d6770f3e-374f-51c4-aa0c-27613af7b7fc,c4b1cd6c-92dc-5355-8be6-2712dbf542f7,2024-10-01,,1.0,1.0,0.0,,,7,2025-01-02 09:08:39+00,v1
01f82c3e-1120-539b-8eab-6fa23cfb3b02,c86fd083-4330-5332-98e4-a0315ca803bb,2024-10-01,,,,,,,0,2025-01-02 09:29:19+00,v1
f2101b8f-9335-5606-bb48-40356b151ef3,0bd3c5cf-7964-5033-9b72-1a050c72c8f6,2024-10-01,,,,,,,1,2025-01-02 09:20:10+00,v1
daef5d1f-8ada-5fa0-a6bd-d23c4eea3357,f03400f5-6379-528f-a884-912e998a9bbc,2024-10-01,,,,,,,0,2025-01-02 09:26:30+00,v1
bf00ca44-ea4c-5ec7-9a05-03af6da3c4fc,8a11a319-02d5-5f14-bceb-b4396a01c3ac,2024-10-01,1.0,1.0,1.0,0.0,,,8,2025-01-02 09:17:38+00,v1
b898e69a-7481-5ced-a2b8-1cd5c7869b29,2e7e61a3-585d-5dfa-b4ff-bcd5c1481a78,2024-10-01,,,,,,229,0,2025-01-02 09:17:14+00,v1
34ae6a5d-230f-58ed-85c4-0b6bb8210cfa,187a4cef-2d3a-5a35-a719-21abbf5a0623,2024-10-01,,,,,,,1,2025-01-02 09:10:09+00,v1
8b352fae-b8cd-59b3-80f6-9d853741f23f,77698098-1236-5728-943c-f98c1a32d82f,2024-10-01,,,,,,,0,2025-01-02 09:25:06+00,v1
e5674632-b1f9-5911-b219-c1f063121364,4aebf463-3c95-5e36-9414-8edcf6fc203e,2024-10-01,,,,,,,1,2025-01-02 09:10:09+00,v1
0e876dc4-f518-5a74-b9b3-df5abf7684d2,bcf0cf95-cfac-505e-be53-8340310cc0f0,2024-10-01,,1.0,1.0,0.0,,,9,2025-01-02 09:16:37+00,v1
fd6f0253-58b9-50ff-a145-42f6ddcb711b,bd89ed3d-ddef-503a-86cb-c1d4c3d09416,2024-10-01,,,,,,,0,2025-01-02 09:04:12+00,v1
44dfbce1-35e5-55aa-bcba-de6ec7da754b,357edde5-3d22-57ff-b7af-1a22cb0c4eca,2024-10-01,,,,,,,1,2025-01-02 09:11:13+00,v1
b5d93f92-0b8e-5471-8dd5-31df96f7d961,9b7eafca-8be5-587f-94ee-7891407766ec,2024-10-01,,,,,,,0,2025-01-02 09:12:08+00,v1
c6eb470b-a9e8-50da-a417-10ed30977d59,10ce77f2-8241-5db5-8acf-9c90b9f72446,2024-10-01,,,,,,,0,2025-01-02 09:12:03+00,v1
061ae1b3-55e3-5aca-8d12-7554a323557e,94ac7534-899f-5bc9-bab4-77e509ec2401,2024-10-01,,,,,,,2,2025-01-02 09:25:36+00,v1
8a6e95cc-7478-578d-9986-378398a10583,8d8f807f-443e-59e5-a85c-e2c16318958f,2024-10-01,,,1.0,,,,3,2025-01-02 09:06:23+00,v1
7ba84caf-8f2e-53e4-8666-094e9e036f99,c2678f7b-587c-52d2-a630-1e73238b2754,2024-10-01,,,,,,,0,2025-01-02 09:04:22+00,v1
4ab9d28f-5d29-51eb-8b87-cbb4a9638b1d,468fdb3d-917d-52bc-98bb-a49356bf5daa,2024-10-01,,,,,,220,2,2025-01-02 09:15:24+00,v1
a2e0eac5-1b4a-5b3b-9853-4db3b01ad1ce,d77b6010-752a-5366-b725-cb7f3e56b425,2024-10-01,,,,,,,1,2025-01-02 09:15:20+00,v1
abce71bf-6e85-5950-a866-ecf5ef46e200,3fa7c0d8-e78f-5636-ad0f-83c650f64502,2024-10-01,,,,,,,1,2025-01-02 09:25:21+00,v1
f1083b43-7289-5b93-a70f-8980d6b687bc,2039c8be-5300-55c4-a967-ba7227f88c02,2024-10-01,,,,,,,1,2025-01-02 09:08:32+00,v1
77b7fc21-c17b-5706-98e4-d43e53c9c6c0,214b5ce7-3d2d-57b6-867b-f3bdfd0c81ec,2024-10-01,,,,,,,0,2025-01-02 09:16:44+00,v1
28fbc780-2943-567c-8e9c-0dcc05764b79,b17bd294-5e8d-559e-839e-fef82f606254,2024-10-01,,,,,,,0,2025-01-02 09:15:33+00,v1
f2f3171d-e5c2-5ff2-8514-516d6560d848,d5e64001-4bac-518c-824a-a99fd8929e01,2024-10-01,,,1.0,0.0,,,3,2025-01-02 09:07:25+00,v1
762021c7-74fb-5c8d-bc41-496391fba68d,ae29d9c6-cfa6-53c2-b8e0-5e09a4fbf9e4,2024-10-01,,,,,,,1,2025-01-02 09:15:48+00,v1
a42ec56c-7d23-5cd6-8c66-4b46ec845ca3,55299765-65cd-516a-a2d8-deee7bcfcc51,2024-10-01,,,,,,,0,2025-01-02 09:15:51+00,v1
8eac6bfd-ed4a-5640-979b-551d7e3f873e,bd6d0af6-c7ae-558a-9ad7-a581f7a34b87,2024-10-01,,,,,,211,0,2025-01-02 09:00:38+00,v1
52f59c72-4f2e-5a70-a80c-d8d01b8e36f3,5c6a5696-3779-5532-98ab-4744475b1ed3,2024-10-01,,,1.0,0.2,,222,4,2025-01-02 09:11:31+00,v1
858a62bc-5a8d-589b-9cb1-d00e90ac52e2,0b90658f-82bb-5af5-8054-d6fe8aeb4f52,2024-10-01,,,,,,,0,2025-01-02 09:07:01+00,v1
7181bebe-4c18-5235-8e49-a31dc33e1499,c349c7af-7b0f-5ccf-8d0e-8b4c154ee401,2024-10-01,,,,,,,0,2025-01-02 09:08:52+00,v1
8f9f7e76-33f8-5283-8793-9d11c9b70c2a,0397b62b-af63-59df-a629-a9900711eee7,2024-10-01,,,,,,,1,2025-01-02 09:06:51+00,v1
ed2a4318-aac1-5345-a589-233e737f1594,f896c6db-d9c5-5bc6-945d-83d552eb9aea,2024-10-01,,,,,,,0,2025-01-02 09:20:28+00,v1
ee0dc8ef-8804-5286-9272-f3e6f994c6e6,e60916b9-b699-5bb0-a19e-8e4fc52c86d2,2024-10-01,,1.0,1.0,0.0,,,10,2025-01-02 09:16:24+00,v1
9f3668a9-5cb3-5288-aa17-b3af00a85de2,a18dd31f-24e3-582b-9964-6b8d74699427,2024-10-01,,,,,,,0,2025-01-02 09:10:19+00,v1
46faa83e-dc59-5111-8ce2-dda5aeed2920,afa15ef0-34ab-58ff-ad47-8060502e5f84,2024-11-01,1.0,0.9259,0.9434,0.0,4.6743,85,53,2025-01-02 09:00:28+00,v1
3eb22d0f-b360-529a-964f-8d0a2bdcda4f,b3288dd6-e3cd-5ec3-a951-39986285505b,2024-11-01,0.7778,0.8784,0.9134,0.042424,9.9491,4,127,2025-01-02 09:16:50+00,v1
98f09de0-001e-546c-86ff-e338ec45098b,bed19e03-5ade-5692-8a4e-81fb3e8f965d,2024-11-01,0.5,0.7037,0.7674,-0.006061,12.5936,2,43,2025-01-02 09:05:42+00,v1
591bd1d1-a10c-51c6-ab04-c0250129646a,3dffa708-7186-5ce1-9e9c-96972e56f8bf,2024-11-01,0.9444,0.9111,0.9474,-0.042424,4.5258,0,76,2025-01-02 09:25:54+00,v1
ce400f6f-9837-581c-a5cb-53b3a1c43a34,d6589668-bf03-550c-93d5-57ece0241efc,2024-11-01,1.0,1.0,1.0,0.0,,,15,2025-01-02 09:10:42+00,v1
90bf0afe-fd7b-538e-bf29-616ea6f2c7d5,9981b718-1ab2-586a-ac86-82ab2f6f445c,2024-11-01,,0.8,0.7778,0.0,4.0451,36,9,2025-01-02 09:01:47+00,v1
2ab7ef46-6d0a-53ea-928b-ee4ca4b21150,9df2da2e-507c-507e-b146-3af5cb0eb852,2024-11-01,,1.0,1.0,0.0,,,9,2025-01-02 09:03:18+00,v1
cbc92ab9-304f-5231-b944-e2f92d242fed,224ca423-2c12-5113-bbd1-50eab06cf470,2024-11-01,,1.0,0.8889,0.084848,19.1434,172,9,2025-01-02 09:28:45+00,v1
5ca9d41c-2489-5e5b-8bf1-29394aa3b39f,960f8f6e-5384-5c35-bfda-77ba61e7822e,2024-11-01,0.7,0.7059,0.8,-0.006061,10.9757,2,30,2025-01-02 09:10:20+00,v1
5a98d3b3-1196-506b-b4ef-3e83758927cd,8c61a3ad-eb5d-59bc-9d10-16ddbfa7f8b0,2024-11-01,1.0,1.0,1.0,0.0,,256,10,2025-01-02 09:29:10+00,v1
63af9c7d-01c5-5b1a-98a4-372be35ae29b,ea344b5b-a6fa-5c52-a82d-6aca1e325dfd,2024-11-01,1.0,0.875,0.8667,0.030303,0.2384,76,15,2025-01-02 09:25:50+00,v1
abb31904-9420-5425-96db-ea38024e62ae,a204cedc-9bbc-5113-b524-27b81d9b9e2d,2024-11-01,,1.0,0.9167,0.018182,,99,12,2025-01-02 09:20:11+00,v1
5cfd8c72-3bf9-5299-bb02-35560d748897,c809308b-6bd0-5e7f-8fed-63aa0be429db,2024-11-01,1.0,1.0,0.9286,0.054545,1.9863,105,14,2025-01-02 09:05:13+00,v1
793814e8-5652-535d-beeb-da64ed68436b,b518e4a1-8b14-5e0f-a7c6-0b6631fe0a5a,2024-11-01,,,,0.0,,,2,2025-01-02 09:13:42+00,v1
bce46b95-7355-5cd0-ac6e-5e40fb96769d,43b32e98-5a29-5473-b8a5-4357668f5f74,2024-11-01,1.0,1.0,1.0,0.0,,217,21,2025-01-02 09:03:07+00,v1
44cb55e5-51f3-5dbc-a5dc-7430e315c8d2,8f1f2a54-a01e-54a1-9234-72cb24fac6ff,2024-11-01,1.0,1.0,1.0,0.0,,,12,2025-01-02 09:14:03+00,v1
02049be1-7a82-5e57-99e1-a72f11f2bbbe,48e2fe7c-35ad-5935-824d-697bfa8226f3,2024-11-01,,0.3333,0.5,-0.071429,13.55,46,4,2025-01-02 09:15:55+00,v1
cda66412-3f30-553a-912f-83b81315d398,f94dbc7c-8aca-554e-ad3f-4e1fa92c88e7,2024-11-01,,1.0,1.0,0.0,,,5,2025-01-02 09:02:37+00,v1
846bbd09-729b-5399-9a3e-ec8984bd844e,f478ae52-7c2a-5617-95bb-5f296860910f,2024-11-01,,1.0,0.8571,-0.018182,0.2504,115,7,2025-01-02 09:27:33+00,v1
91e34654-ff8a-5479-a523-4d1227a1edab,80102db8-d5d3-5b2c-9e54-5b4fbebca6eb,2024-11-01,,,,,,,0,2025-01-02 09:22:25+00,v1
c261e384-b452-5e44-9b93-141f5e8bc73a,c27afee2-997d-5290-a74e-2530422664f5,2024-11-01,,1.0,1.0,0.0,,,4,2025-01-02 09:14:16+00,v1
13351f2a-69e1-5fd8-98dd-d336b372c365,7126e422-addd-5f29-b3f2-b752caf2e66c,2024-11-01,,,1.0,,,,3,2025-01-02 09:01:52+00,v1
835cb60e-27c5-5bb4-a563-c2c5edd065ab,7910ac44-1e40-56bb-9ab8-d9ba56ac335c,2024-11-01,,,,,,,2,2025-01-02 09:09:38+00,v1
a15060e9-6780-5265-b30c-4849e548e374,b9aec7bd-f7f9-55cb-b673-5177ddff5e0d,2024-11-01,1.0,0.75,0.8,-0.018182,,50,5,2025-01-02 09:17:27+00,v1
de0da650-c15b-5ba2-b4f1-240489e14495,b0a44c22-e899-52ff-98a1-85dc4e254380,2024-11-01,,,,,,,0,2025-01-02 09:06:22+00,v1
a410041a-9039-5187-9aa8-e61d0e65dda3,eee4f3d5-a93a-5cf2-85cd-907416aee337,2024-11-01,0.3333,0.5556,0.6667,-0.09697,5.8418,4,12,2025-01-02 09:26:20+00,v1
31392b3a-f8d7-53eb-a704-257d96a07235,ce3f1829-b358-52a7-bd0e-9eb3d2d95666,2024-11-01,0.5,0.6667,0.7273,-0.030303,6.2093,6,11,2025-01-02 09:21:37+00,v1
9bdea8e4-9c84-57dd-ba21-f950d7c6a6d5,1cf67535-10cf-5364-a9c7-5b0562d7a6d6,2024-11-01,,,1.0,0.142857,,267,3,2025-01-02 09:05:55+00,v1
125f72b3-b57f-5a06-acb1-e27a18585f71,b1482d47-285e-53ab-995d-cc9a8165b52c,2024-11-01,,,,,,,2,2025-01-02 09:26:02+00,v1
fb715488-2f3a-5d7a-8b57-f6297107812a,d48fc4d1-ee5a-5d55-92e3-efa651af5e0b,2024-11-01,,,1.0,0.0,,,5,2025-01-02 09:21:18+00,v1
13ad3995-220e-5051-9703-557ae120c170,7cff550d-7458-54fe-906b-849912e2bac5,2024-11-01,0.8333,0.9,0.9091,0.006061,0.0001,26,22,2025-01-02 09:28:03+00,v1
288e986e-b10f-5128-a7e3-ab2486f0eeb2,3a67adbf-5513-5a16-82f1-1ee2075f84a5,2024-11-01,,,,,,,1,2025-01-02 09:22:13+00,v1
30ad867c-65ae-5e9a-86ed-82756d03e843,1439fed7-3f86-5a06-ae10-6169b01a836b,2024-11-01,,1.0,1.0,0.0,,224,10,2025-01-02 09:07:50+00,v1
e3515546-6212-5e1b-96eb-f00d4f1bb20b,6bfe9d03-1d68-5349-a2e7-d2c71322d817,2024-11-01,,,,,,142,2,2025-01-02 09:18:20+00,v1
96162634-d407-5496-a8ad-7ed8b40339e3,bda40a80-19c9-5fe0-b729-308b0f59ad25,2024-11-01,,0.8571,0.8889,-0.054545,2.2202,24,9,2025-01-02 09:06:32+00,v1
edbae54c-3522-5e1c-987a-5989edfaf2ec,4140807d-c496-53ae-8f87-15c93cde916b,2024-11-01,,,,,,,1,2025-01-02 09:22:45+00,v1
7939e7e7-7ef8-5319-b2f1-f43868a8de7a,6e1d922d-415a-53d0-97d8-f4767299c10e,2024-11-01,,,1.0,,,,4,2025-01-02 09:25:36+00,v1
55fbfda3-158d-53c2-bee6-f897be660bfb,f0aa8198-c2d3-59dc-b748-7bbb43f72614,2024-11-01,,,1.0,0.133333,4.7065,182,5,2025-01-02 09:13:51+00,v1
4c3f9701-4aaa-5191-83a7-c51fab0a4c08,9ecc4544-0aaa-5d4b-a20b-19b8dce2c71c,2024-11-01,1.0,0.9231,0.9091,0.054545,5.0136,66,22,2025-01-02 09:29:34+00,v1
6ae82159-f30e-5ba6-b4b0-df03c0983590,d56202a0-5ac9-5000-bdef-df809a781522,2024-11-01,0.6667,0.8571,0.9167,-0.042424,,27,12,2025-01-02 09:01:08+00,v1
1f100289-407e-5743-9f1e-ab01430e5df4,43b5c255-48c1-5b61-ab8b-8bc95266bb1f,2024-11-01,,,,,,,0,2025-01-02 09:22:44+00,v1
a5a5c230-1fac-548a-8e56-3dbcf922f46f,feeb172c-57c6-5067-97db-54ddf632027a,2024-11-01,0.9444,0.8837,0.8889,0.054545,3.5291,10,81,2025-01-02 09:26:15+00,v1
583dad9f-17a6-546f-a9f8-4b331c9af6f8,15a4b7b5-0940-5f38-887a-51e62e07c4cf,2024-11-01,,,,,,,1,2025-01-02 09:03:51+00,v1
da9379fc-f705-55f9-a371-5bf6adc59ba3,ea95a540-f662-5975-8a79-88352e65c9c4,2024-11-01,,0.8571,0.9167,0.006061,,73,12,2025-01-02 09:22:55+00,v1
9a228155-603e-5e83-b0a8-30c6e9d637bb,09b007da-c3cd-5c90-912c-64f13e0cb7eb,2024-11-01,,,1.0,,,,3,2025-01-02 09:00:20+00,v1
ccc0a257-077c-5a5f-8d25-46f947d6cf9a,035f03a2-0aa4-54ab-b965-ffe92a15c554,2024-11-01,,1.0,1.0,0.083333,,263,6,2025-01-02 09:09:21+00,v1
58dd7d74-c247-59e0-a1a1-801c6eff8166,a080f3ab-6ea0-59f4-b082-807399acde92,2024-11-01,,,,,,,1,2025-01-02 09:03:52+00,v1
891fa9ac-73a2-55d6-a4fd-787a890557ac,962efb96-78cf-56c2-9668-d0081024f66b,2024-11-01,,,1.0,0.0,,,4,2025-01-02 09:21:13+00,v1
bae52f7a-9a71-563f-8082-a9976a1eca65,d21da0bc-d1b2-5971-a037-be72ab2d0b0f,2024-11-01,1.0,1.0,1.0,0.054545,,252,6,2025-01-02 09:17:09+00,v1
6a970063-b1e3-5b72-b647-71c256d11291,6e4b4b02-c6c9-56a6-899b-544e87e288d9,2024-11-01,,,,,,,0,2025-01-02 09:17:23+00,v1
e8663d6e-3deb-52c2-890a-18f3816926c0,620e7b33-9778-5fbb-b4ad-f547ad7f37e4,2024-11-01,,1.0,1.0,0.0,,,5,2025-01-02 09:14:27+00,v1
b696fab2-3cc9-5d34-a673-0d0c79bb0433,ef593dbc-d5e0-5b32-b0c1-59e7e62b3b93,2024-11-01,,,,,,,0,2025-01-02 09:08:06+00,v1
6bfb28ac-4f47-5960-b7f4-ecd45a90cc3d,2acb4323-7672-57b0-a6ff-2311178e47d0,2024-11-01,,,,,,199,1,2025-01-02 09:07:20+00,v1
7d70254a-5edc-53eb-bdf8-ac904d2e0d11,0ed71b3f-e7bd-5b63-8de5-842e174a2b41,2024-11-01,,,1.0,0.0,,,4,2025-01-02 09:24:50+00,v1
259c90d0-eacf-5041-b4c0-d4510adbf299,f64331a4-51a2-5b06-9056-d0c2cad44675,2024-11-01,,0.5,0.5,-0.035714,0.2185,20,4,2025-01-02 09:01:43+00,v1
604deea7-d351-5833-8ecf-6f6b0cb69097,1f86b535-bdb3-574d-9dbb-25b5fa82652b,2024-11-01,,,,,,,0,2025-01-02 09:03:11+00,v1
8ce5f9ca-3bf2-5ccf-8dfe-b26716c37178,d218df5c-aa02-51a7-913f-5a5b5fc8400f,2024-11-01,,,,0.0,,,2,2025-01-02 09:24:20+00,v1
28c2fdd5-b06a-5394-9a6c-02cbf55be033,3d18327f-e1fc-5926-943c-c64c3863d165,2024-11-01,1.0,1.0,1.0,0.0,,,15,2025-01-02 09:08:28+00,v1
53d1a606-eec1-5e0e-b224-b2c5c9fdc189,4f3c3f1b-e7e4-54c5-884a-84b5b42e6a16,2024-11-01,,,,,,,0,2025-01-02 09:03:12+00,v1
4259e168-c3d5-52b8-bfe2-676ce2a1228d,d05aa5b5-1e60-594a-bad0-42d0aeb5d232,2024-11-01,,,,,,,1,2025-01-02 09:22:24+00,v1
50ee5c0a-6cdc-50ab-87ab-7b101a3864f9,3f5d4bf9-7262-5bf6-a738-0859f809219d,2024-11-01,,,,,,,1,2025-01-02 09:15:42+00,v1
656d14ae-812f-55d7-a573-9c314fcb8c99,264e880d-3b17-54dc-8e9c-e1fb490de6ac,2024-11-01,,,1.0,0.0,,,4,2025-01-02 09:09:00+00,v1
9a105571-9dbb-5d42-b907-22f9357310b4,488b2b70-5056-5ec9-956e-5e769150eb8a,2024-11-01,,,,,,198,2,2025-01-02 09:08:07+00,v1
be72c57c-d41f-5634-a793-864a85bf1ca5,fac986ec-aa71-58e9-bba9-59c9637fadea,2024-11-01,,,,0.0,,,1,2025-01-02 09:25:23+00,v1
3af476a9-a845-51da-a925-8c10ef6f9d53,463b4a52-d8f1-536f-bec8-06e23d2f6c9c,2024-11-01,,,,,,,0,2025-01-02 09:27:50+00,v1
66f55fb6-e670-5ed6-a0f6-8ea3122d75f7,1dd40ffd-af9b-5e68-a850-c5d51f8221d6,2024-11-01,,1.0,1.0,0.0,,,5,2025-01-02 09:09:49+00,v1
162e2b54-7aff-56cf-a490-e7b82dc14173,fb5a4c36-67a2-5f2a-95c0-4940d42cc3d1,2024-11-01,,,,,,,0,2025-01-02 09:24:40+00,v1
77993235-8c66-53ab-8246-2298ba6ba83d,47c8a9fe-5376-5db4-ba44-b7b1991d4397,2024-11-01,,,,,,,0,2025-01-02 09:22:24+00,v1
ee6b6121-4057-50e0-8325-4684dcf53f1c,5e65bb1d-205f-58d3-9e97-373d6ab4cec1,2024-11-01,,,,,,,0,2025-01-02 09:19:44+00,v1
91e545fa-9eee-594a-87b0-68dd370fe758,c9d15727-b69d-5040-b3c5-c48f08762291,2024-11-01,,,1.0,0.0,,,4,2025-01-02 09:09:34+00,v1
f1d79582-de02-5574-a932-3b7aa1e2186e,db5c70cc-56fa-5582-b9c5-28a7bb381322,2024-11-01,,,,,,,0,2025-01-02 09:22:51+00,v1
5f6388d0-d332-554a-820e-e8d458b60afd,f60697dc-c659-577f-8df1-20511a0a4373,2024-11-01,1.0,0.9231,0.9375,0.018182,0.9883,47,16,2025-01-02 09:03:13+00,v1
67c1ef4d-e6f0-5d33-b4ac-bd0eac3e5590,bc5b82c4-bcbb-515e-bad5-88e21f43508a,2024-11-01,,,1.0,0.0,,,5,2025-01-02 09:23:43+00,v1
82b19422-aae3-56ee-9575-38561d3f2da7,71627912-343b-5d8b-b8b6-d23d11e6c4e7,2024-11-01,,,,,,,0,2025-01-02 09:11:04+00,v1
4682cdbe-fd7b-5fba-a1c2-edaa8854666c,f34e6f55-692e-54d3-9fde-1abf2501717f,2024-11-01,,,,,,,0,2025-01-02 09:06:24+00,v1
c1765d98-18ff-5355-b4e1-d915a081054f,93b0f4df-acf5-572e-b6a4-7979c3847675,2024-11-01,,,1.0,0.0,,,3,2025-01-02 09:13:04+00,v1
aadf77f0-f24e-5dce-b5c4-274f38a41793,39acaddf-1233-54d7-a2b0-ae4649dcb6dd,2024-11-01,,,,,,,1,2025-01-02 09:08:40+00,v1
43b1ceda-b822-59cf-abdb-84fe4b99f4e1,46c4f3df-0f5d-5c00-9b89-21742485af45,2024-11-01,,,,,,,0,2025-01-02 09:26:36+00,v1
a5c6d14f-6c07-590e-aa83-dea82e82de07,b6f36eda-3822-52f7-b533-6831d5e35275,2024-11-01,,,,,,,0,2025-01-02 09:03:50+00,v1
fb5b69ec-cdc2-5a34-8beb-47edaac5e1fc,5d515261-e313-5f81-8e63-d5cb6a889665,2024-11-01,,,,0.0,,,2,2025-01-02 09:04:38+00,v1
6fa25fd3-253c-58a8-90c2-3ae31b8d2e78,fd39e4d1-8ee1-508d-b400-dcbf8f411fa2,2024-11-01,,,,0.2,0.2465,199,1,2025-01-02 09:26:01+00,v1
6abdae08-8ada-547c-8945-96aced0a1e9a,898c490c-7456-59bd-a31d-c943b5097c2a,2024-11-01,,1.0,0.8889,0.006061,2.0018,159,9,2025-01-02 09:28:14+00,v1
5dce5e82-b521-56ad-a21e-78d753ad2575,c617d29f-cfe0-5ea9-921e-42b791ba8455,2024-11-01,,0.8,0.75,-0.024242,9.0323,0,8,2025-01-02 09:05:08+00,v1
ed960fa3-2e61-512a-840c-20b2915fe81a,d78b0306-ff73-5aef-984d-a2339b24b66d,2024-11-01,,,1.0,0.0,,,3,2025-01-02 09:15:57+00,v1
2a150a37-7828-538f-842c-ea596ca03ea0,8a349d8b-0f00-51fc-b24b-03bd984b0ac2,2024-11-01,,,,,,,1,2025-01-02 09:21:32+00,v1
3be83ad4-7519-5a69-b077-785a758a4b6e,5db7b12c-721e-55a9-9aab-abfd83993230,2024-11-01,,,,,,,0,2025-01-02 09:16:51+00,v1
cdec703c-3fe0-587a-93ed-f0fada01ff24,75bab8e9-1edc-5fb3-955a-8b05df6c7ec9,2024-11-01,,,,,,,2,2025-01-02 09:15:50+00,v1
95b82b8e-5781-57e6-9727-9f8972d8efc5,71cf99c0-a72d-5db3-94d6-fb981f3a78b5,2024-11-01,,,,-0.1,,71,2,2025-01-02 09:12:59+00,v1
57f3fd58-daf5-595a-8ff0-5fd611bfddd4,e9bc7dc1-c44d-5e2d-ae5b-40f8a1a866e2,2024-11-01,,,,,,,1,2025-01-02 09:01:26+00,v1
296371b0-5c98-5a9c-abc4-393f6a2b38d7,c56b6071-e42a-54ce-a650-ff4227c5a623,2024-11-01,,,,,,,0,2025-01-02 09:06:55+00,v1
389f302b-7276-5a1e-91aa-25948994e96a,02205db5-7374-5a5c-885e-f94d69a2fdd9,2024-11-01,,,,0.1,,281,1,2025-01-02 09:05:05+00,v1
9c153393-97f9-5e39-bf12-bbc1cac5bce1,d6c01b90-4652-5257-9513-25cf71407962,2024-11-01,,,,,,,0,2025-01-02 09:24:57+00,v1
670b6fb4-8fd0-59fe-8041-77ff5ffe5fb8,ea30c0d4-dde7-52a4-bb52-ff2137705956,2024-11-01,,,,,,,0,2025-01-02 09:04:13+00,v1
f1d88132-44f2-5904-af93-1811e28c1d8b,8ec906cc-8e27-5537-a7fe-1c168b4c7761,2024-11-01,,0.75,0.8,-0.071429,,14,5,2025-01-02 09:26:27+00,v1
ede15e35-dea3-57c7-be13-d16063279ad4,8e7d762f-d623-547c-901b-6a809a76b1e0,2024-11-01,,,,,,93,2,2025-01-02 09:13:52+00,v1
8beb0ebb-fe88-5ed9-9da5-28f2a021ef05,3ced5417-d4ec-5e5a-aae7-78408a170f64,2024-11-01,,,,,,,1,2025-01-02 09:17:19+00,v1
f6a73e12-e406-5cb4-b1f8-6906f16f2873,a61087b9-4e85-5ce4-acba-99b114e08385,2024-11-01,,0.6667,0.75,-0.142857,,60,4,2025-01-02 09:14:51+00,v1
be5698db-0069-5c04-ba60-ec6c5639d23c,c7824afc-aed7-53ca-8db0-39281e01b3db,2024-11-01,,,,,,,2,2025-01-02 09:05:21+00,v1
e9076e8c-0a4b-5022-a1f4-4e6fc3c4b606,cb1c837d-0892-5c41-8ec6-fdd1736ecfb5,2024-11-01,0.75,0.8571,0.9167,-0.054545,,2,12,2025-01-02 09:09:03+00,v1
5ca8dc3b-6048-5d9b-9443-9f4285f5a03f,a41989d9-98e5-5739-84ef-967a846019d4,2024-11-01,,,,,,,0,2025-01-02 09:12:11+00,v1
c578d2ea-5070-5425-9739-78f38562ee46,1ae3ff03-0430-52b0-a6c8-9cb0930eabca,2024-11-01,,,,,,,1,2025-01-02 09:21:24+00,v1
1a6ea714-5a2d-534e-b8c3-5feceec82e79,7df370ac-bf18-5e22-8470-a90d30f80a1b,2024-11-01,,,,,,33,1,2025-01-02 09:10:48+00,v1
e2cb3b8a-ece4-5ec3-9fc6-771f157a3061,2b1bef2d-1631-5d70-ae40-0e1da7dc57ee,2024-11-01,,,,,,,0,2025-01-02 09:12:43+00,v1
3d433be3-771f-5ca0-a777-5857a3c858e5,4c878b61-e524-5f15-95af-8540be93499c,2024-11-01,,,,,,,0,2025-01-02 09:23:50+00,v1
ca44fd44-ab19-5000-94a6-b5651b65c2a6,74beaacd-53c0-559f-ab4a-8d5d9d039d4e,2024-11-01,,1.0,1.0,0.0,,,4,2025-01-02 09:24:04+00,v1
b424b535-5240-5afb-8b54-c7f23900b1fa,a988a28a-ce98-53e0-9cc6-4a06b5096d0b,2024-11-01,,,,,,,1,2025-01-02 09:22:44+00,v1
5b639538-bc41-5fc2-974b-25568854a8df,365d1596-4f8b-5601-bc80-e9dc0ad6bb6d,2024-11-01,,,0.8,-0.083333,,10,5,2025-01-02 09:22:30+00,v1
3d6aa757-633d-502d-8f61-1829060851f8,9e923201-7acd-5309-82e1-75c97d1be1ab,2024-11-01,1.0,1.0,1.0,0.0,,,6,2025-01-02 09:13:32+00,v1
329c1273-08b2-596b-be92-220ba59d3e2f,8ee5e50b-aeda-542a-872f-e28cf5c35296,2024-11-01,,,,,,,0,2025-01-02 09:03:12+00,v1
5be6a0ea-4a29-5c4e-b80c-6ce4a0068fc3,72d5fa76-fe12-54c9-bf34-fa8c83a1e972,2024-11-01,,1.0,1.0,0.0,,,4,2025-01-02 09:12:59+00,v1
3d20a0c5-2009-56e3-ade3-1e434368ff85,a75d6275-d747-55a8-8d1c-436d2622e4ed,2024-11-01,,,,,,,0,2025-01-02 09:03:26+00,v1
cff1493e-fc6b-57fe-942d-40780a030a93,bf3b3b4f-0058-5d64-a9fd-695f12d7c59a,2024-11-01,,,1.0,0.0,,,3,2025-01-02 09:29:44+00,v1
5c79d52e-2335-56ce-844a-e2f1ada2efa6,9a6dab5e-6ec0-5a4a-bf93-80f994e2582e,2024-11-01,,,,,,,1,2025-01-02 09:17:16+00,v1
d879b874-f9e6-5b30-bfb5-dac12de58cf2,0aeec9e3-e0fa-5f23-bd7f-a309b8b8801a,2024-11-01,,,,,,,0,2025-01-02 09:07:48+00,v1
45dd6a36-991f-5d59-b044-b35e6e880236,0770b2fc-077c-5358-b9b4-b4deb150a16f,2024-11-01,,,,,,,0,2025-01-02 09:27:31+00,v1
8a9f3ab5-7721-5fee-ae0b-a617d3e183f8,aa48b7ad-fb31-5be7-8ec6-14772bcfbac6,2024-11-01,,,,,,,0,2025-01-02 09:22:38+00,v1
ed3411a8-31a2-528c-944f-e25cb2dcabe9,d1b7dbbc-bd6f-51f7-b643-f48f82ea753b,2024-11-01,,,1.0,0.2,,280,3,2025-01-02 09:14:18+00,v1
9329c115-d353-5fb2-9bac-76b1492c21c0,5495add5-7bf6-583c-a9d8-82516386e5bd,2024-11-01,,1.0,0.9091,0.042424,,119,11,2025-01-02 09:26:08+00,v1
60d318dc-b615-51b9-9f47-743d58254e47,6a50b744-1131-578e-a6f1-553222e98f95,2024-11-01,,,,,,,0,2025-01-02 09:10:22+00,v1
1c0a71a8-99cb-558f-af62-3f959af1b008,f02925e7-8a92-58b9-8a59-178c11da9c26,2024-11-01,,,1.0,0.0,,,4,2025-01-02 09:16:40+00,v1
13257e2d-6da0-56a5-9c75-ee55ec9b6c32,1ff8a181-35a8-5bc8-84fd-3e882672ffc7,2024-11-01,,,,,,,1,2025-01-02 09:19:03+00,v1
f8acb747-0b04-57b0-a3fe-4c00bea5ed1d,a53cf2cd-5dec-5640-855d-f85900d633f1,2024-11-01,,,,,,,0,2025-01-02 09:23:07+00,v1
03a36686-9b2e-5d15-8366-cfefe92bf4a2,c0af8110-7381-5d39-aac0-730aa9405d50,2024-11-01,0.6667,0.8571,0.8824,-0.030303,0.6398,8,17,2025-01-02 09:29:33+00,v1
2ddd810a-c39d-5d3d-ad5a-016ac8196474,44df5d8c-b3ec-5d0a-8aee-600bcb155f44,2024-11-01,,,1.0,0.0,,,5,2025-01-02 09:03:01+00,v1
be05f8b7-5c66-55de-bf9c-3bee5c005c7e,3e7a5438-d7e1-56a3-b1a2-d227407de26b,2024-11-01,,,,,,,0,2025-01-02 09:27:10+00,v1
5e3056f1-54e5-514e-8118-733b9d1be366,b26c15f9-24e6-5f13-aebb-604d9972f392,2024-11-01,,,,,,,0,2025-01-02 09:06:18+00,v1
d8b318d6-019d-5269-875b-fe669232a185,f2d38c13-14be-5d53-b5be-0195b1a303ee,2024-11-01,,,,,,,1,2025-01-02 09:05:31+00,v1
675173c2-c24c-5606-ab3c-a6fc9900a623,18a3294b-c0ab-5a9b-9ead-b01171cb062a,2024-11-01,,,,,,,1,2025-01-02 09:28:02+00,v1
747ee14a-bc80-55b3-aad0-52a356999285,c45d7bbd-57af-5aa6-b8e5-43190333bc1f,2024-11-01,,,,,,112,1,2025-01-02 09:13:23+00,v1
2dba8043-d491-5b79-8641-40dec06a7f1f,49f30c55-3164-52d3-96e6-d430644895d6,2024-11-01,,,,,,,0,2025-01-02 09:21:33+00,v1
9e7b344a-fd60-5dcb-9b87-4d534618f828,64f360a5-dd91-53d4-b08f-6877ce13cee4,2024-11-01,,,,,,,0,2025-01-02 09:05:17+00,v1
e4fad9ff-9664-5839-b3a0-ef1e763d3170,3ebd62e2-76cf-5b92-897d-0e12a8f0c31f,2024-11-01,,,,,,,2,2025-01-02 09:08:41+00,v1
9f5957c3-6662-567c-8749-b1e341d4b8f6,e1d14570-01d9-5462-a614-96e9be4efe70,2024-11-01,,,,,,,1,2025-01-02 09:25:04+00,v1
d6142982-de0c-5b60-b1fa-298c14104e86,d1104815-5077-5067-a7f1-9e2ba896def7,2024-11-01,,,,,,,2,2025-01-02 09:10:20+00,v1
4ad33509-137a-5ee4-ab64-f61e2845b659,9479681a-215a-5a77-b726-ce8bd5f0a71b,2024-11-01,1.0,1.0,0.8889,0.042424,,177,9,2025-01-02 09:05:57+00,v1
458b13f9-3ee7-5887-97f6-44f8bd91c069,696fe914-0890-5b2b-b310-9964de714d66,2024-11-01,,,,,,,0,2025-01-02 09:25:41+00,v1
81e81e92-0f8d-547b-93ee-197d5a210d8b,0610f945-f9b7-57aa-8b15-96586d95fb57,2024-11-01,,,,,,,1,2025-01-02 09:11:12+00,v1
a2dabe12-c7d2-549e-97fb-ef0173d545c9,c24da349-b6f4-54bf-8b3a-64c69410f9a1,2024-11-01,,,,,,,2,2025-01-02 09:02:06+00,v1
46bcf6a1-b21c-5e08-85d2-e005f46b32bb,ca18e7cc-ecf1-5055-b19e-f814a13473f1,2024-11-01,,,,,,,0,2025-01-02 09:29:43+00,v1
4473c414-eb26-5acd-8617-912dad6538e4,83c2a190-a4e9-54bb-8a47-0a9be4b5d84f,2024-11-01,,0.6667,0.6667,,,59,3,2025-01-02 09:28:16+00,v1
b9b7e28b-9f6f-527d-be4d-e97bd6504605,ceec20ba-5cbc-5841-a953-c53864bae34b,2024-11-01,,,0.3333,,0.0,5,3,2025-01-02 09:12:53+00,v1
2d05f8ce-77ad-53ec-9fa2-a63d5f91d93e,6c4cf2e7-61f7-579a-9589-af076d22fd4f,2024-11-01,,,,,,,0,2025-01-02 09:01:08+00,v1
60076d78-4fe5-58b9-8628-d232a440b641,21a0d8fe-c08f-5405-8f1f-48351294e158,2024-11-01,,,,,,,0,2025-01-02 09:08:21+00,v1
2695f46d-2cb1-5a3f-aa26-08648724546b,58bd5d2f-4d18-5dee-8c8c-f3277b2410e5,2024-11-01,,,,,,,1,2025-01-02 09:18:34+00,v1
ddf56332-05d8-5265-9d3a-7f62c82b3e9b,31cbf5d4-2233-5195-84e1-ba1bc7ba3b45,2024-11-01,,,1.0,0.0,,,3,2025-01-02 09:01:30+00,v1
193e50df-50a2-53d7-bb53-0f340aadc106,afb7095c-523c-5630-9d17-6f0acd1d8303,2024-11-01,,,,,,,0,2025-01-02 09:19:03+00,v1
5ffa7bb2-f090-57af-a064-0d16548d9354,c4b1cd6c-92dc-5355-8be6-2712dbf542f7,2024-11-01,1.0,1.0,1.0,0.0,,,8,2025-01-02 09:03:24+00,v1
eceaac11-ede2-52ed-80bb-d58304f982ea,c86fd083-4330-5332-98e4-a0315ca803bb,2024-11-01,,,,,,,0,2025-01-02 09:12:55+00,v1
30fd522b-ca0f-560f-b14a-1bfbea13be99,0bd3c5cf-7964-5033-9b72-1a050c72c8f6,2024-11-01,,,,,,,1,2025-01-02 09:16:42+00,v1
e80849ff-0458-53d5-b290-92af9e03ae7b,f03400f5-6379-528f-a884-912e998a9bbc,2024-11-01,,,,,,,1,2025-01-02 09:12:45+00,v1
a25e8013-be13-54a7-baef-fe44db222721,8a11a319-02d5-5f14-bceb-b4396a01c3ac,2024-11-01,,1.0,1.0,0.0,,,9,2025-01-02 09:15:48+00,v1
5035bcbc-9bb0-58e3-bf90-790375599ff1,2e7e61a3-585d-5dfa-b4ff-bcd5c1481a78,2024-11-01,,,,,,260,0,2025-01-02 09:02:48+00,v1
eb4102de-12b0-5e90-9512-f001514ea073,187a4cef-2d3a-5a35-a719-21abbf5a0623,2024-11-01,,,,,,,1,2025-01-02 09:13:25+00,v1
5324b0fd-1eba-5440-91f6-b0a83665f4a9,77698098-1236-5728-943c-f98c1a32d82f,2024-11-01,,,,,,,0,2025-01-02 09:21:06+00,v1
de6f1220-2936-5e11-a379-541e07137e8d,4aebf463-3c95-5e36-9414-8edcf6fc203e,2024-11-01,,,,,,,1,2025-01-02 09:11:58+00,v1
6d491ad2-be89-5b6b-8e7d-6dac26a335cd,bcf0cf95-cfac-505e-be53-8340310cc0f0,2024-11-01,,1.0,1.0,0.0,,,10,2025-01-02 09:08:21+00,v1
9c0a27e8-bc3a-522c-b3dd-b010803c2275,bd89ed3d-ddef-503a-86cb-c1d4c3d09416,2024-11-01,,,,,,,0,2025-01-02 09:12:51+00,v1
8952617a-28ad-5d92-8308-07e6e04121a7,357edde5-3d22-57ff-b7af-1a22cb0c4eca,2024-11-01,,,,,,,1,2025-01-02 09:03:16+00,v1
27efe94f-6124-55fd-b58a-cf31969e1c5c,9b7eafca-8be5-587f-94ee-7891407766ec,2024-11-01,,,,,,,0,2025-01-02 09:10:15+00,v1
702d4065-f5ba-53ed-b9fc-debbcea4dd81,10ce77f2-8241-5db5-8acf-9c90b9f72446,2024-11-01,,,,,,,0,2025-01-02 09:00:04+00,v1
3f93f25c-f96d-544e-a2b9-85e02885eb6e,94ac7534-899f-5bc9-bab4-77e509ec2401,2024-11-01,,,,,,,2,2025-01-02 09:13:23+00,v1
7ca18813-11b2-5151-a631-9ef03aa5bd63,8d8f807f-443e-59e5-a85c-e2c16318958f,2024-11-01,,,1.0,,,,3,2025-01-02 09:27:01+00,v1
e877969f-0d68-548a-bc7b-478fad0f07e9,c2678f7b-587c-52d2-a630-1e73238b2754,2024-11-01,,,,,,,0,2025-01-02 09:01:22+00,v1
81d69575-7117-524f-a89f-62ab77167a9b,468fdb3d-917d-52bc-98bb-a49356bf5daa,2024-11-01,,,1.0,,,251,3,2025-01-02 09:28:44+00,v1
0ea1a65b-b1c9-594e-868d-35d134a3cc2f,d77b6010-752a-5366-b725-cb7f3e56b425,2024-11-01,,,,,,,0,2025-01-02 09:10:02+00,v1
86caea9d-ad38-56bb-895a-62f2faada78a,3fa7c0d8-e78f-5636-ad0f-83c650f64502,2024-11-01,,,,,,2,2,2025-01-02 09:10:16+00,v1
6fd2c65e-cdf3-57bd-a37e-485fe1376b6d,2039c8be-5300-55c4-a967-ba7227f88c02,2024-11-01,,,,,,,0,2025-01-02 09:11:56+00,v1
506a094a-6ca5-544b-af70-ddec7ad98b9b,214b5ce7-3d2d-57b6-867b-f3bdfd0c81ec,2024-11-01,,,,,,,0,2025-01-02 09:11:52+00,v1
7d6dbfd3-2e6b-5a9b-b2ee-64509de70c13,b17bd294-5e8d-559e-839e-fef82f606254,2024-11-01,,,,,,,0,2025-01-02 09:13:04+00,v1
a7d96727-a2e0-502f-8ca8-d2cac0066b76,d5e64001-4bac-518c-824a-a99fd8929e01,2024-11-01,,,1.0,0.0,,,3,2025-01-02 09:18:30+00,v1
47a72b26-c9a0-54fe-8d4c-550598ecfdc7,ae29d9c6-cfa6-53c2-b8e0-5e09a4fbf9e4,2024-11-01,,,,,,,1,2025-01-02 09:17:58+00,v1
a343d53a-643c-5825-8097-5323f47ca74b,55299765-65cd-516a-a2d8-deee7bcfcc51,2024-11-01,,,,,,,0,2025-01-02 09:22:43+00,v1
0320d913-e5bd-5e1f-9067-db912d40f7a7,bd6d0af6-c7ae-558a-9ad7-a581f7a34b87,2024-11-01,,,,,,242,0,2025-01-02 09:26:06+00,v1
ff3bc165-90c0-574d-b2df-c375d22faabc,5c6a5696-3779-5532-98ab-4744475b1ed3,2024-11-01,,,1.0,0.142857,,253,4,2025-01-02 09:23:39+00,v1
fe2645c8-03c7-5724-9c1f-192d6f38ac05,0b90658f-82bb-5af5-8054-d6fe8aeb4f52,2024-11-01,,,,,,,0,2025-01-02 09:07:13+00,v1
d3fecdab-fca9-5139-8c0c-1210b96aa0df,c349c7af-7b0f-5ccf-8d0e-8b4c154ee401,2024-11-01,,,,,,,0,2025-01-02 09:19:50+00,v1
329e6794-fff2-5fac-997e-5e4aa030eed9,0397b62b-af63-59df-a629-a9900711eee7,2024-11-01,,,,,,,2,2025-01-02 09:14:34+00,v1
fd7f9385-9db1-557e-9fa1-2dc4db280c79,f896c6db-d9c5-5bc6-945d-83d552eb9aea,2024-11-01,,,,,,,0,2025-01-02 09:13:01+00,v1
5525ae3e-9474-5288-a236-8c7e1b186c59,e60916b9-b699-5bb0-a19e-8e4fc52c86d2,2024-11-01,,1.0,1.0,0.0,,,6,2025-01-02 09:02:08+00,v1
130ef60a-8723-5924-b2c6-31be8551c795,a18dd31f-24e3-582b-9964-6b8d74699427,2024-11-01,,,,,,,0,2025-01-02 09:13:15+00,v1
63eeb07b-86f5-59bd-afd9-274e12d937b7,afa15ef0-34ab-58ff-ad47-8060502e5f84,2024-12-01,0.6364,0.8462,0.8704,-0.024242,11.2388,0,54,2025-01-02 09:06:14+00,v1
ddf4e36d-7cc9-581b-ade8-8da5a352df5c,b3288dd6-e3cd-5ec3-a951-39986285505b,2024-12-01,0.55,0.7703,0.8413,-0.024242,21.783,0,126,2025-01-02 09:06:30+00,v1
a1ecf52e-620b-5920-9358-b3cd99f0d874,bed19e03-5ade-5692-8a4e-81fb3e8f965d,2024-12-01,0.0,0.6,0.7073,-0.121212,24.6808,14,41,2025-01-02 09:23:22+00,v1
0b37000f-f725-5bc8-811a-48827cffd0fc,3dffa708-7186-5ce1-9e9c-96972e56f8bf,2024-12-01,0.9,0.9149,0.9351,-0.018182,3.7809,6,77,2025-01-02 09:17:44+00,v1
1940c77c-3c73-5ddb-8ad1-85127e6612ed,d6589668-bf03-550c-93d5-57ece0241efc,2024-12-01,,1.0,1.0,0.0,,,16,2025-01-02 09:01:44+00,v1
e5dcf0b0-44ca-5719-8dc9-6eb0e24e9fc5,9981b718-1ab2-586a-ac86-82ab2f6f445c,2024-12-01,,0.6,0.6667,-0.030303,2.6968,11,9,2025-01-02 09:18:00+00,v1
2ea57d48-2b0e-5749-8f68-cbc42d5a0615,9df2da2e-507c-507e-b146-3af5cb0eb852,2024-12-01,0.3333,0.6667,0.8,-0.084848,110.0741,3,10,2025-01-02 09:29:53+00,v1
64383481-f3c5-5166-bf1b-ca43f7488758,224ca423-2c12-5113-bbd1-50eab06cf470,2024-12-01,1.0,1.0,1.0,0.0,19.1434,202,9,2025-01-02 09:28:42+00,v1
36af72ff-6203-5b89-98f8-91e0d60bac86,960f8f6e-5384-5c35-bfda-77ba61e7822e,2024-12-01,1.0,0.7647,0.7931,0.036364,10.9757,32,29,2025-01-02 09:23:27+00,v1
650e4d36-d9f0-5f22-b0c5-8a08945d8580,8c61a3ad-eb5d-59bc-9d10-16ddbfa7f8b0,2024-12-01,1.0,1.0,1.0,0.0,,286,11,2025-01-02 09:10:13+00,v1
6180102d-e863-5c4d-8a55-43d42d8336bc,ea344b5b-a6fa-5c52-a82d-6aca1e325dfd,2024-12-01,0.75,0.8889,0.8667,-0.042424,2.8937,10,15,2025-01-02 09:02:36+00,v1
6b4b9976-9ed1-5048-b3bd-8d6939b5703d,a204cedc-9bbc-5113-b524-27b81d9b9e2d,2024-12-01,0.75,0.8333,0.8462,-0.042424,1.0013,19,13,2025-01-02 09:26:46+00,v1
5e021597-8ca7-54fc-a401-ca2159b86168,c809308b-6bd0-5e7f-8fed-63aa0be429db,2024-12-01,0.6667,0.8,0.8421,0.0,5.0416,19,19,2025-01-02 09:13:17+00,v1
3b3a3e12-78d7-59fe-9021-71d8d15128ff,b518e4a1-8b14-5e0f-a7c6-0b6631fe0a5a,2024-12-01,1.0,1.0,1.0,0.0,,,4,2025-01-02 09:05:47+00,v1
820f04c3-c336-5dde-89b5-c40f38a9c76b,43b32e98-5a29-5473-b8a5-4357668f5f74,2024-12-01,,1.0,1.0,0.0,,247,19,2025-01-02 09:24:14+00,v1
5f2f17c6-077f-56cd-807d-a6855cbb773d,8f1f2a54-a01e-54a1-9234-72cb24fac6ff,2024-12-01,,1.0,1.0,0.0,,,11,2025-01-02 09:02:10+00,v1
6c6427d7-904c-5fcd-a31f-a1fce5d59553,48e2fe7c-35ad-5935-824d-697bfa8226f3,2024-12-01,,0.75,0.6,0.016667,13.55,76,5,2025-01-02 09:16:00+00,v1
49ad2b25-99b0-5927-8cc6-dbe742ba5251,f94dbc7c-8aca-554e-ad3f-4e1fa92c88e7,2024-12-01,0.5,0.75,0.7778,-0.060606,9.0082,8,9,2025-01-02 09:08:42+00,v1
299ac68f-c308-5dc2-a95a-5b4e9152da82,f478ae52-7c2a-5617-95bb-5f296860910f,2024-12-01,,1.0,0.8571,-0.006061,0.2504,145,7,2025-01-02 09:22:08+00,v1
c97f646f-d75f-5f79-8f41-c247234fa02d,80102db8-d5d3-5b2c-9e54-5b4fbebca6eb,2024-12-01,,,,,,,0,2025-01-02 09:17:48+00,v1
597cfdb9-f195-5d0c-b7a4-e609fa370f10,c27afee2-997d-5290-a74e-2530422664f5,2024-12-01,,1.0,1.0,0.0,,,4,2025-01-02 09:02:45+00,v1
41f9ff05-e0e0-5111-905e-6be4bd32b84d,7126e422-addd-5f29-b3f2-b752caf2e66c,2024-12-01,,,1.0,,,,3,2025-01-02 09:29:54+00,v1
ad46407c-9f66-5728-885b-72f1dab7017d,7910ac44-1e40-56bb-9ab8-d9ba56ac335c,2024-12-01,,,1.0,0.0,,,3,2025-01-02 09:17:34+00,v1
be19e7b9-58ff-5ebb-bce9-3db4a46fea77,b9aec7bd-f7f9-55cb-b673-5177ddff5e0d,2024-12-01,0.6667,0.7143,0.75,-0.012121,0.0001,9,8,2025-01-02 09:22:48+00,v1
1770d2ea-1e72-580f-86cd-8a34d14cbabf,b0a44c22-e899-52ff-98a1-85dc4e254380,2024-12-01,,,,,,,0,2025-01-02 09:23:12+00,v1
420f2b32-c26f-5361-b30b-287bafea007b,eee4f3d5-a93a-5cf2-85cd-907416aee337,2024-12-01,,0.5,0.6923,-0.048485,5.8418,34,13,2025-01-02 09:23:36+00,v1
1011b2fa-8cb7-5852-84fa-e476feeb51f8,ce3f1829-b358-52a7-bd0e-9eb3d2d95666,2024-12-01,,0.5714,0.6364,-0.115152,4.7407,8,11,2025-01-02 09:27:30+00,v1
f8f8cc4c-13ae-5af1-8fe6-61d9508be082,1cf67535-10cf-5364-a9c7-5b0562d7a6d6,2024-12-01,0.6667,0.6667,0.8,0.033333,0.2455,17,5,2025-01-02 09:27:22+00,v1
c7236584-c3e2-5be9-910f-9bc3debffacf,b1482d47-285e-53ab-995d-cc9a8165b52c,2024-12-01,,,1.0,0.0,,,3,2025-01-02 09:05:05+00,v1
ec88783d-0c9b-5e51-bdd6-9bb4073b2152,d48fc4d1-ee5a-5d55-92e3-efa651af5e0b,2024-12-01,,,1.0,0.0,,,5,2025-01-02 09:27:50+00,v1
a82dcf9a-2a85-5b8d-b59c-77632d9a922e,7cff550d-7458-54fe-906b-849912e2bac5,2024-12-01,1.0,0.9412,0.92,0.042424,0.0001,56,25,2025-01-02 09:09:27+00,v1
a4454a1f-799c-598d-adc5-96320d8f3926,3a67adbf-5513-5a16-82f1-1ee2075f84a5,2024-12-01,,,,,,,1,2025-01-02 09:28:05+00,v1
0cfb7350-1228-5a86-b211-eeb058f3aa2a,1439fed7-3f86-5a06-ae10-6169b01a836b,2024-12-01,,,0.8889,-0.054545,0.2502,20,9,2025-01-02 09:25:40+00,v1
99843797-68bb-5f6b-9799-556cb0691ae4,6bfe9d03-1d68-5349-a2e7-d2c71322d817,2024-12-01,,,,,,172,2,2025-01-02 09:19:08+00,v1
09de6130-433f-53a1-b676-2ae3355b12f6,bda40a80-19c9-5fe0-b729-308b0f59ad25,2024-12-01,,0.6667,0.7778,-0.09697,1.9738,11,9,2025-01-02 09:06:36+00,v1
0340eb8d-7e00-57ba-abdd-813b0dbdc6a7,4140807d-c496-53ae-8f87-15c93cde916b,2024-12-01,,,,,,,1,2025-01-02 09:22:19+00,v1
b5d8110e-147a-52a9-a936-0dcf735a3b75,6e1d922d-415a-53d0-97d8-f4767299c10e,2024-12-01,,,1.0,,,,3,2025-01-02 09:17:05+00,v1
a1a802d6-e51b-54b1-a592-cab7ae822d27,f0aa8198-c2d3-59dc-b748-7bbb43f72614,2024-12-01,,1.0,1.0,0.084848,4.7065,212,6,2025-01-02 09:14:06+00,v1
f7e9a46f-732f-50be-b4de-bf03ed554cf2,9ecc4544-0aaa-5d4b-a20b-19b8dce2c71c,2024-12-01,0.9167,0.9474,0.9375,0.054545,5.4354,24,32,2025-01-02 09:21:00+00,v1
9d06a888-6c60-5a6b-8246-205c15384488,d56202a0-5ac9-5000-bdef-df809a781522,2024-12-01,1.0,0.8889,0.9167,-0.006061,,57,12,2025-01-02 09:02:00+00,v1
30c99710-7201-5a5c-8ecb-3e0777c0d64a,43b5c255-48c1-5b61-ab8b-8bc95266bb1f,2024-12-01,,,,,,,0,2025-01-02 09:12:25+00,v1
3cd54098-fbc9-5d6c-98bc-12165901576c,feeb172c-57c6-5067-97db-54ddf632027a,2024-12-01,0.9375,0.9184,0.9146,-0.006061,3.2356,8,82,2025-01-02 09:18:36+00,v1
ec7b473d-3412-53d4-b3f3-1be2c298b1fe,15a4b7b5-0940-5f38-887a-51e62e07c4cf,2024-12-01,,,,,,,1,2025-01-02 09:18:27+00,v1
cf782c75-7dda-5b0b-934b-8923673975c1,ea95a540-f662-5975-8a79-88352e65c9c4,2024-12-01,,0.8333,0.8182,-0.024242,6.2324,17,11,2025-01-02 09:05:50+00,v1
8bd991fd-5816-5980-9a9f-4f5654be8690,09b007da-c3cd-5c90-912c-64f13e0cb7eb,2024-12-01,,,1.0,0.0,,,3,2025-01-02 09:14:23+00,v1
857b55ec-04c9-5e08-9ef1-2c04235a237c,035f03a2-0aa4-54ab-b965-ffe92a15c554,2024-12-01,,0.3333,0.75,-0.042424,1.5513,4,8,2025-01-02 09:19:24+00,v1
519aaa4a-f3a1-5783-9319-0fb365c24572,a080f3ab-6ea0-59f4-b082-807399acde92,2024-12-01,,,,,,,1,2025-01-02 09:17:46+00,v1
d19db945-8212-595f-9663-63cbf9bf332a,962efb96-78cf-56c2-9668-d0081024f66b,2024-12-01,0.8,0.8571,0.8889,-0.054545,,2,9,2025-01-02 09:17:47+00,v1
f92f0748-6ee2-583f-892a-60080b32afe3,d21da0bc-d1b2-5971-a037-be72ab2d0b0f,2024-12-01,,0.8,0.8,-0.054545,2.2312,19,5,2025-01-02 09:09:18+00,v1
e322ee55-9a25-5bf2-891a-2b3e08919781,6e4b4b02-c6c9-56a6-899b-544e87e288d9,2024-12-01,,,,,,,0,2025-01-02 09:03:16+00,v1
452925f8-7835-5f0d-b24f-0f79ef688b9d,620e7b33-9778-5fbb-b4ad-f547ad7f37e4,2024-12-01,1.0,1.0,1.0,0.0,,,7,2025-01-02 09:28:29+00,v1
7fead8e1-da7f-57fc-9538-6e2728f39d2f,ef593dbc-d5e0-5b32-b0c1-59e7e62b3b93,2024-12-01,,,,,,,0,2025-01-02 09:03:43+00,v1
c663b5d1-ecb7-5a0f-ab52-6137d919eb04,2acb4323-7672-57b0-a6ff-2311178e47d0,2024-12-01,,,,,,229,1,2025-01-02 09:17:29+00,v1
b0b84f4a-1104-5a01-b468-64cb5ca88336,0ed71b3f-e7bd-5b63-8de5-842e174a2b41,2024-12-01,,,1.0,0.0,,,3,2025-01-02 09:24:33+00,v1
518e8663-66fb-5d17-890e-88bb6df1800e,f64331a4-51a2-5b06-9056-d0c2cad44675,2024-12-01,,0.6,0.6667,0.018182,0.2185,50,6,2025-01-02 09:08:49+00,v1
8b048626-f688-57f5-b0f8-977cb3b97f19,1f86b535-bdb3-574d-9dbb-25b5fa82652b,2024-12-01,,,,,,,0,2025-01-02 09:16:43+00,v1
9261ff2a-6727-578b-b2cd-a6cf35407d11,d218df5c-aa02-51a7-913f-5a5b5fc8400f,2024-12-01,,,1.0,0.0,,,3,2025-01-02 09:27:31+00,v1
c498b37a-4dc6-5a8b-b93d-bca27e71ac4e,3d18327f-e1fc-5926-943c-c64c3863d165,2024-12-01,,1.0,1.0,0.0,,,13,2025-01-02 09:07:19+00,v1
03c21061-c8fc-5b27-a03b-2077cda26708,4f3c3f1b-e7e4-54c5-884a-84b5b42e6a16,2024-12-01,,,,,,,0,2025-01-02 09:04:58+00,v1
7836dc3e-6b46-5958-89d1-c5819706158d,d05aa5b5-1e60-594a-bad0-42d0aeb5d232,2024-12-01,,,,,,,1,2025-01-02 09:27:07+00,v1
3ff412f0-5438-5744-9514-6ed240131354,3f5d4bf9-7262-5bf6-a738-0859f809219d,2024-12-01,,,,,,,2,2025-01-02 09:11:48+00,v1
ad854f5a-18af-5d41-8b19-7f40d9c1db4f,264e880d-3b17-54dc-8e9c-e1fb490de6ac,2024-12-01,,,1.0,0.0,,,3,2025-01-02 09:29:42+00,v1
ab1e87ce-acd6-57db-9fa1-e8770355b56d,488b2b70-5056-5ec9-956e-5e769150eb8a,2024-12-01,,,,,,228,2,2025-01-02 09:17:46+00,v1
440d5ece-d736-5944-840f-779dd93a1c8e,fac986ec-aa71-58e9-bba9-59c9637fadea,2024-12-01,,,,0.0,,,1,2025-01-02 09:01:27+00,v1
877510d1-139b-51bb-a6fc-bcc26d97879a,463b4a52-d8f1-536f-bec8-06e23d2f6c9c,2024-12-01,,,,,,,0,2025-01-02 09:23:48+00,v1
9cf25f87-d21b-5cc2-ab47-1f9179ff5e80,1dd40ffd-af9b-5e68-a850-c5d51f8221d6,2024-12-01,,0.75,0.8,-0.054545,,4,5,2025-01-02 09:25:53+00,v1
1ace368d-3752-54f0-ba86-51013b566dce,fb5a4c36-67a2-5f2a-95c0-4940d42cc3d1,2024-12-01,,,,,,,0,2025-01-02 09:18:09+00,v1
d2b3537f-56ae-5198-9cb1-a03fdab88f44,47c8a9fe-5376-5db4-ba44-b7b1991d4397,2024-12-01,,,,,,,1,2025-01-02 09:13:40+00,v1
c305170a-743b-536e-beab-0729284e7c28,5e65bb1d-205f-58d3-9e97-373d6ab4cec1,2024-12-01,,,,,,,0,2025-01-02 09:20:08+00,v1
a489f267-566a-5c9c-a581-28bcee523610,c9d15727-b69d-5040-b3c5-c48f08762291,2024-12-01,,,1.0,0.0,,,4,2025-01-02 09:14:06+00,v1
752bedaa-8ee1-5aaf-a825-a6c1384cb892,db5c70cc-56fa-5582-b9c5-28a7bb381322,2024-12-01,,,,,,,0,2025-01-02 09:18:25+00,v1
f7f1101c-cc9b-52c6-823d-7c6faca744db,f60697dc-c659-577f-8df1-20511a0a4373,2024-12-01,0.6667,0.8333,0.8824,0.0,0.6589,0,17,2025-01-02 09:13:10+00,v1
621a19f0-9ce4-5b6d-935b-fa1c5d213a2a,bc5b82c4-bcbb-515e-bad5-88e21f43508a,2024-12-01,,1.0,1.0,0.0,,,5,2025-01-02 09:17:25+00,v1
179dbd5f-2360-53e7-ba5b-41a61d2634c1,71627912-343b-5d8b-b8b6-d23d11e6c4e7,2024-12-01,,,,,,,0,2025-01-02 09:20:23+00,v1
6392faab-021c-5e11-b86c-4359f458c53d,f34e6f55-692e-54d3-9fde-1abf2501717f,2024-12-01,,,,,,,0,2025-01-02 09:04:13+00,v1
22e23420-d0a6-57fc-8adc-b1af532c1152,93b0f4df-acf5-572e-b6a4-7979c3847675,2024-12-01,,,,0.0,,,1,2025-01-02 09:06:41+00,v1
32e69e4c-fc31-5366-8c86-10441c8717c3,39acaddf-1233-54d7-a2b0-ae4649dcb6dd,2024-12-01,,,1.0,,,,3,2025-01-02 09:18:29+00,v1
eff09248-8de7-5991-b9f2-099f4982d55c,46c4f3df-0f5d-5c00-9b89-21742485af45,2024-12-01,,,,,,,0,2025-01-02 09:01:33+00,v1
bbe55c8e-700c-57fe-adf4-47c7d2f11f01,b6f36eda-3822-52f7-b533-6831d5e35275,2024-12-01,,,,,,,0,2025-01-02 09:13:53+00,v1
08057bf0-74b7-59d9-b047-0dc10fd861db,5d515261-e313-5f81-8e63-d5cb6a889665,2024-12-01,,,,0.0,,,2,2025-01-02 09:16:01+00,v1
e92b3533-c711-54e8-90e3-85ebe422533f,fd39e4d1-8ee1-508d-b400-dcbf8f411fa2,2024-12-01,,,,0.2,0.2465,229,1,2025-01-02 09:28:41+00,v1
4753267d-217d-587e-a43e-1030a0461f49,898c490c-7456-59bd-a31d-c943b5097c2a,2024-12-01,1.0,1.0,1.0,0.054545,2.0018,189,9,2025-01-02 09:12:14+00,v1
7eb96232-0d5f-5445-bf61-0ad85d361a47,c617d29f-cfe0-5ea9-921e-42b791ba8455,2024-12-01,,0.6,0.7778,-0.018182,6.0215,12,9,2025-01-02 09:10:20+00,v1
934f1f81-dd32-574d-a214-76ec8ee027e4,d78b0306-ff73-5aef-984d-a2339b24b66d,2024-12-01,,,1.0,0.0,,,3,2025-01-02 09:03:05+00,v1
4eb2f320-528d-502a-927d-ed1a8c340a8e,8a349d8b-0f00-51fc-b24b-03bd984b0ac2,2024-12-01,,,,,,,0,2025-01-02 09:18:38+00,v1
ea3fa67f-0954-5b8b-95c8-a8e6f9896f2e,5db7b12c-721e-55a9-9aab-abfd83993230,2024-12-01,,,,,,,0,2025-01-02 09:23:39+00,v1
2a2a2d19-b033-51c2-8293-0de4edb344f8,75bab8e9-1edc-5fb3-955a-8b05df6c7ec9,2024-12-01,,,,,,,2,2025-01-02 09:17:52+00,v1
33fdc2df-facc-5686-9ae1-6bdc2b13c447,71cf99c0-a72d-5db3-94d6-fb981f3a78b5,2024-12-01,,,,-0.1,,101,2,2025-01-02 09:15:40+00,v1
07d470de-1e07-5956-8751-4bed92d990dd,e9bc7dc1-c44d-5e2d-ae5b-40f8a1a866e2,2024-12-01,,,,,,,1,2025-01-02 09:11:49+00,v1
3a4c9800-4fe0-5464-bca4-f891f0904a78,c56b6071-e42a-54ce-a650-ff4227c5a623,2024-12-01,,,,,,,0,2025-01-02 09:09:31+00,v1
efa644e1-6d9d-545f-852b-f8a30e7db9ce,02205db5-7374-5a5c-885e-f94d69a2fdd9,2024-12-01,,,,0.1,,311,1,2025-01-02 09:26:03+00,v1
ba7860ef-245b-549c-80cb-9ee1b5fa8e3a,d6c01b90-4652-5257-9513-25cf71407962,2024-12-01,,,,,,,0,2025-01-02 09:21:23+00,v1
9ed6edda-cd54-5c4b-bb49-b13aaf866e2a,ea30c0d4-dde7-52a4-bb52-ff2137705956,2024-12-01,,,,,,,0,2025-01-02 09:25:26+00,v1
d555d1bb-2e49-5fd8-8f2b-701c7430fa41,8ec906cc-8e27-5537-a7fe-1c168b4c7761,2024-12-01,,0.8,0.8,-0.035714,,44,5,2025-01-02 09:11:48+00,v1
588f6e53-f449-58d0-a706-a1c0b49972e7,8e7d762f-d623-547c-901b-6a809a76b1e0,2024-12-01,,,,,,123,2,2025-01-02 09:12:53+00,v1
2cced091-dbbb-5ee1-b3e4-2586ba31f7a7,3ced5417-d4ec-5e5a-aae7-78408a170f64,2024-12-01,,,1.0,0.0,,,3,2025-01-02 09:18:03+00,v1
c7cc1ffa-206f-5498-af56-d738a92b48d6,a61087b9-4e85-5ce4-acba-99b114e08385,2024-12-01,,,0.75,-0.142857,,90,4,2025-01-02 09:01:29+00,v1
512282e8-7287-5fdd-89c5-7ccbd57085db,c7824afc-aed7-53ca-8db0-39281e01b3db,2024-12-01,,,1.0,,,,3,2025-01-02 09:10:24+00,v1
1fd3f37d-c52c-5315-800f-4e024fa974d6,cb1c837d-0892-5c41-8ec6-fdd1736ecfb5,2024-12-01,,0.7143,0.8,-0.09697,0.0001,19,10,2025-01-02 09:04:28+00,v1
d3fba53b-9074-5b16-9172-20cfa2f62bcb,a41989d9-98e5-5739-84ef-967a846019d4,2024-12-01,,,,,,,0,2025-01-02 09:27:41+00,v1
19d70b5c-5295-530c-876a-d785356ab07a,1ae3ff03-0430-52b0-a6c8-9cb0930eabca,2024-12-01,,,,,,,1,2025-01-02 09:08:25+00,v1
899f23e3-b900-5d00-819b-058dc905c384,7df370ac-bf18-5e22-8470-a90d30f80a1b,2024-12-01,,,,,,63,2,2025-01-02 09:20:43+00,v1
f1e05b30-96bb-5c71-833f-9b51940efc0c,2b1bef2d-1631-5d70-ae40-0e1da7dc57ee,2024-12-01,,,,,,,0,2025-01-02 09:21:44+00,v1
fab6fb92-b2b3-57dc-a5fb-31bdf1977b39,4c878b61-e524-5f15-95af-8540be93499c,2024-12-01,,,,,,,0,2025-01-02 09:27:56+00,v1
6e3251d1-b81a-5609-b2ed-19a89523524c,74beaacd-53c0-559f-ab4a-8d5d9d039d4e,2024-12-01,,1.0,1.0,0.0,,,6,2025-01-02 09:24:10+00,v1
f46963ec-860b-5f35-9ef3-c516a28e40db,a988a28a-ce98-53e0-9cc6-4a06b5096d0b,2024-12-01,,,,,,,1,2025-01-02 09:15:24+00,v1
e9798cab-0fef-54cc-bc89-0d950a0930e4,365d1596-4f8b-5601-bc80-e9dc0ad6bb6d,2024-12-01,1.0,0.8333,0.875,-0.006061,,40,8,2025-01-02 09:30:00+00,v1
0be2fc72-d604-530b-b546-fd44664a51fb,9e923201-7acd-5309-82e1-75c97d1be1ab,2024-12-01,,1.0,1.0,0.0,,,6,2025-01-02 09:07:49+00,v1
ab27e739-4e49-5669-9b6e-bd700c9d6897,8ee5e50b-aeda-542a-872f-e28cf5c35296,2024-12-01,,,,,,,0,2025-01-02 09:17:51+00,v1
3a66968a-d0e1-5993-a8f3-48b31e2a2f75,72d5fa76-fe12-54c9-bf34-fa8c83a1e972,2024-12-01,,1.0,1.0,0.0,,,5,2025-01-02 09:02:55+00,v1
ae1b0de9-7b6d-540c-9bea-182961317e79,a75d6275-d747-55a8-8d1c-436d2622e4ed,2024-12-01,,,,,,,0,2025-01-02 09:12:44+00,v1
e80a1d60-67e5-5f4d-9fcc-3e527ca213da,bf3b3b4f-0058-5d64-a9fd-695f12d7c59a,2024-12-01,,1.0,1.0,0.0,,,4,2025-01-02 09:20:14+00,v1
31eb07a5-64db-5cc7-845d-f56e649a54b8,9a6dab5e-6ec0-5a4a-bf93-80f994e2582e,2024-12-01,,,,,,,1,2025-01-02 09:14:04+00,v1
19869032-4ec8-599f-ad02-bcb392b66d7e,0aeec9e3-e0fa-5f23-bd7f-a309b8b8801a,2024-12-01,,,,,,,0,2025-01-02 09:27:56+00,v1
e07fe4dc-6d9a-56c3-9e7d-cf26efe59a54,0770b2fc-077c-5358-b9b4-b4deb150a16f,2024-12-01,,,,,,,0,2025-01-02 09:16:20+00,v1
af43a6de-e748-5209-8d2a-8497f626527c,aa48b7ad-fb31-5be7-8ec6-14772bcfbac6,2024-12-01,,,,,,,0,2025-01-02 09:29:29+00,v1
70c94534-2953-5d92-b751-d248bc1fdc91,d1b7dbbc-bd6f-51f7-b643-f48f82ea753b,2024-12-01,,,,0.2,,310,1,2025-01-02 09:25:19+00,v1
0d7c43a3-4304-5b06-8f88-9359ebd75765,5495add5-7bf6-583c-a9d8-82516386e5bd,2024-12-01,0.625,0.7273,0.7647,-0.006061,4.9752,7,17,2025-01-02 09:05:07+00,v1
dffb9de6-2db5-5e90-b6cd-13d20234d734,6a50b744-1131-578e-a6f1-553222e98f95,2024-12-01,,,,,,,0,2025-01-02 09:01:57+00,v1
99b6d6d0-066c-5bb0-ac9d-1d2bb5374af6,f02925e7-8a92-58b9-8a59-178c11da9c26,2024-12-01,,0.75,0.8333,-0.054545,,1,6,2025-01-02 09:08:46+00,v1
1363d4ad-cc36-5bcb-8cf3-74086dd4f7a4,1ff8a181-35a8-5bc8-84fd-3e882672ffc7,2024-12-01,,,,,,,1,2025-01-02 09:14:12+00,v1
e4ae6064-1db7-5acf-aeb4-434c581dc97a,a53cf2cd-5dec-5640-855d-f85900d633f1,2024-12-01,,,,,,,0,2025-01-02 09:20:01+00,v1
48dedbaa-da7a-506b-987d-c97afdfbd38b,c0af8110-7381-5d39-aac0-730aa9405d50,2024-12-01,1.0,0.9167,0.95,0.054545,0.6398,38,20,2025-01-02 09:05:21+00,v1
95e75a4e-5b13-5604-aa5b-f15246965f69,44df5d8c-b3ec-5d0a-8aee-600bcb155f44,2024-12-01,,1.0,1.0,0.0,,,7,2025-01-02 09:01:41+00,v1
f81c7370-d75b-50f2-8f96-5c5fd25fc892,3e7a5438-d7e1-56a3-b1a2-d227407de26b,2024-12-01,,,,,,,0,2025-01-02 09:23:59+00,v1
2d14f168-67b2-50ff-aa4c-27e44ed97794,b26c15f9-24e6-5f13-aebb-604d9972f392,2024-12-01,,,,,,,0,2025-01-02 09:26:22+00,v1
2477c495-88a3-58a3-bfbd-9ff42113677d,f2d38c13-14be-5d53-b5be-0195b1a303ee,2024-12-01,,,1.0,0.0,,,3,2025-01-02 09:23:25+00,v1
0febe5f7-a469-5600-83f3-eee068039c02,18a3294b-c0ab-5a9b-9ead-b01171cb062a,2024-12-01,,,,0.0,,,1,2025-01-02 09:28:55+00,v1
16fa8f5f-0a03-5632-8c68-ed1441f4df93,c45d7bbd-57af-5aa6-b8e5-43190333bc1f,2024-12-01,,,,,,142,1,2025-01-02 09:02:38+00,v1
bf12a4ec-99bf-5b73-94d2-86444e959d8a,49f30c55-3164-52d3-96e6-d430644895d6,2024-12-01,,,,,,,0,2025-01-02 09:02:34+00,v1
9b3753f9-1bd0-59fb-9449-927d36ac0e7a,64f360a5-dd91-53d4-b08f-6877ce13cee4,2024-12-01,,,,,,,0,2025-01-02 09:01:00+00,v1
1fcdc8ed-3d54-567d-986b-cf9316e342b4,3ebd62e2-76cf-5b92-897d-0e12a8f0c31f,2024-12-01,,,,,,,2,2025-01-02 09:18:28+00,v1
6e3dd92a-a1f9-54d3-b740-02d9c1ea7892,e1d14570-01d9-5462-a614-96e9be4efe70,2024-12-01,,,,,,,1,2025-01-02 09:23:32+00,v1
e7aedb2f-9f8b-5630-b20b-cbe93718098f,d1104815-5077-5067-a7f1-9e2ba896def7,2024-12-01,,,,,,,2,2025-01-02 09:27:44+00,v1
7b1eccb2-783a-5ef7-81e3-b4967a4e2d60,9479681a-215a-5a77-b726-ce8bd5f0a71b,2024-12-01,,0.8333,0.8889,-0.042424,56.3434,10,9,2025-01-02 09:00:21+00,v1
4216171a-938f-598d-8654-261e104dc105,696fe914-0890-5b2b-b310-9964de714d66,2024-12-01,,,,,,,0,2025-01-02 09:03:40+00,v1
6016cc16-86c3-5167-b8bb-749ef0012577,0610f945-f9b7-57aa-8b15-96586d95fb57,2024-12-01,,,,,,,0,2025-01-02 09:23:52+00,v1
aa291505-8d82-57fc-ac08-e6d17ab739c6,c24da349-b6f4-54bf-8b3a-64c69410f9a1,2024-12-01,,1.0,1.0,0.0,,,3,2025-01-02 09:16:26+00,v1
d9fb8e92-a3a5-5824-9112-4d0218219654,ca18e7cc-ecf1-5055-b19e-f814a13473f1,2024-12-01,,,,,,,0,2025-01-02 09:25:17+00,v1
1f4de0ec-7cd2-5916-b54b-1bcdfcbbcfa7,83c2a190-a4e9-54bb-8a47-0a9be4b5d84f,2024-12-01,,,0.6667,,,89,3,2025-01-02 09:20:50+00,v1
dabbb91c-bf8c-5936-9939-c09fb955dc6f,ceec20ba-5cbc-5841-a953-c53864bae34b,2024-12-01,,0.75,0.6,0.057143,0.0,35,5,2025-01-02 09:29:02+00,v1
18684048-324a-5d80-9af7-1da34d673133,6c4cf2e7-61f7-579a-9589-af076d22fd4f,2024-12-01,,,,,,,0,2025-01-02 09:00:21+00,v1
4028d811-b665-59f5-8999-ddad587d89f6,21a0d8fe-c08f-5405-8f1f-48351294e158,2024-12-01,,,,,,,0,2025-01-02 09:09:06+00,v1
3c4a3de0-bc64-55be-bb9c-46d607a66c95,58bd5d2f-4d18-5dee-8c8c-f3277b2410e5,2024-12-01,,,,,,,1,2025-01-02 09:18:57+00,v1
e296f7d7-aa40-536e-8c4a-8989c60c8574,31cbf5d4-2233-5195-84e1-ba1bc7ba3b45,2024-12-01,,0.75,0.75,-0.083333,,18,4,2025-01-02 09:20:30+00,v1
2f8dff22-9dc4-58d2-a5fc-f69e87a467fe,afb7095c-523c-5630-9d17-6f0acd1d8303,2024-12-01,,,,,,,0,2025-01-02 09:05:30+00,v1
9a9011b5-bab9-5f2f-b276-f103e863a03e,c4b1cd6c-92dc-5355-8be6-2712dbf542f7,2024-12-01,,1.0,1.0,0.0,,,8,2025-01-02 09:12:42+00,v1
df26c09e-ac4f-5a8a-ba6c-e3e310921844,c86fd083-4330-5332-98e4-a0315ca803bb,2024-12-01,,,,,,,0,2025-01-02 09:05:09+00,v1
8fa4cc81-f2b3-572b-8ec7-f1a19401a79a,0bd3c5cf-7964-5033-9b72-1a050c72c8f6,2024-12-01,,,,,,,1,2025-01-02 09:25:33+00,v1
173c7b05-b624-5c42-a1a3-07a2296faf6f,f03400f5-6379-528f-a884-912e998a9bbc,2024-12-01,,,,,,,2,2025-01-02 09:13:33+00,v1
ad5b7c9d-e924-5f51-82cf-ccc91430dc59,8a11a319-02d5-5f14-bceb-b4396a01c3ac,2024-12-01,,1.0,1.0,0.0,,,10,2025-01-02 09:23:59+00,v1
0cef6b41-982d-5269-a7ab-804117717d18,2e7e61a3-585d-5dfa-b4ff-bcd5c1481a78,2024-12-01,,,,,,290,1,2025-01-02 09:13:23+00,v1
c587ff5f-1df0-5282-955b-24bcf29ec971,187a4cef-2d3a-5a35-a719-21abbf5a0623,2024-12-01,,,,,,,1,2025-01-02 09:07:02+00,v1
846ad11c-da5f-54cb-8179-721df200b82a,77698098-1236-5728-943c-f98c1a32d82f,2024-12-01,,,,,,,0,2025-01-02 09:04:16+00,v1
9f6893ad-c0e8-5dec-a4ca-34e9f870f618,4aebf463-3c95-5e36-9414-8edcf6fc203e,2024-12-01,,,,,,,1,2025-01-02 09:18:06+00,v1
035847be-c7fe-5c85-b0c6-0b6362574afd,bcf0cf95-cfac-505e-be53-8340310cc0f0,2024-12-01,,1.0,1.0,0.0,,,10,2025-01-02 09:00:58+00,v1
8627c136-fd24-5987-8e19-295a00995899,bd89ed3d-ddef-503a-86cb-c1d4c3d09416,2024-12-01,,,,,,,0,2025-01-02 09:11:45+00,v1
f7d75747-68fd-5304-96c4-bb312ebe2e80,357edde5-3d22-57ff-b7af-1a22cb0c4eca,2024-12-01,,,,,,,2,2025-01-02 09:10:23+00,v1
698df3fc-0a4b-5b3a-9254-da4f0efdc807,9b7eafca-8be5-587f-94ee-7891407766ec,2024-12-01,,,,,,,0,2025-01-02 09:11:56+00,v1
74c2a802-332f-5b5c-8c34-99a0fd5120ac,10ce77f2-8241-5db5-8acf-9c90b9f72446,2024-12-01,,,,,,,0,2025-01-02 09:11:32+00,v1
7c5e2528-bbdc-54fd-af02-8de1e5b5819b,94ac7534-899f-5bc9-bab4-77e509ec2401,2024-12-01,,,,,,,1,2025-01-02 09:16:47+00,v1
5818fff6-cf06-5d86-864d-d661272a5ab7,8d8f807f-443e-59e5-a85c-e2c16318958f,2024-12-01,,1.0,1.0,,,,3,2025-01-02 09:28:51+00,v1
fc60d301-6e12-50da-a347-4b6ff5f8f3aa,c2678f7b-587c-52d2-a630-1e73238b2754,2024-12-01,,,,,,,0,2025-01-02 09:02:18+00,v1
26108ddb-9ab6-532b-b337-e213a73e0d3f,468fdb3d-917d-52bc-98bb-a49356bf5daa,2024-12-01,,,1.0,,,281,3,2025-01-02 09:26:04+00,v1
f4b7b3ce-a6d6-5bfb-a043-563d9be5245f,d77b6010-752a-5366-b725-cb7f3e56b425,2024-12-01,,,,,,,0,2025-01-02 09:29:12+00,v1
9bbfb36d-4548-5a15-b060-8cb14515f128,3fa7c0d8-e78f-5636-ad0f-83c650f64502,2024-12-01,,0.6667,0.6667,,,32,3,2025-01-02 09:14:34+00,v1
4f705299-3f07-5fca-9522-9cbffc3acd97,2039c8be-5300-55c4-a967-ba7227f88c02,2024-12-01,,,,,,,0,2025-01-02 09:00:29+00,v1
a291866f-cd7b-58c0-a18d-decc062c757c,214b5ce7-3d2d-57b6-867b-f3bdfd0c81ec,2024-12-01,,,,,,,0,2025-01-02 09:25:24+00,v1
dcc82ba2-4c1f-550c-8f2b-2faa039caddc,b17bd294-5e8d-559e-839e-fef82f606254,2024-12-01,,,,,,,0,2025-01-02 09:04:25+00,v1
56ea8c5a-98fd-5a16-9c03-f42a8d389485,d5e64001-4bac-518c-824a-a99fd8929e01,2024-12-01,,1.0,1.0,0.0,,,3,2025-01-02 09:25:27+00,v1
4e329632-10eb-518c-8664-390f9e76b325,ae29d9c6-cfa6-53c2-b8e0-5e09a4fbf9e4,2024-12-01,,,,,,,1,2025-01-02 09:27:31+00,v1
47a25781-1d65-57ef-be93-bef4c74d742e,55299765-65cd-516a-a2d8-deee7bcfcc51,2024-12-01,,,,,,,0,2025-01-02 09:19:32+00,v1
34be7104-33b0-57f9-8319-a2202b07cc0d,bd6d0af6-c7ae-558a-9ad7-a581f7a34b87,2024-12-01,,,,,,272,0,2025-01-02 09:04:51+00,v1
65743632-fbb5-561d-803b-7064c149ad3e,5c6a5696-3779-5532-98ab-4744475b1ed3,2024-12-01,,,1.0,0.107143,,283,5,2025-01-02 09:01:43+00,v1
9fb843a3-588f-5659-9f6b-7c508615f4ce,0b90658f-82bb-5af5-8054-d6fe8aeb4f52,2024-12-01,,,,,,,0,2025-01-02 09:16:00+00,v1
665e7f8c-db20-5d58-92e9-e2be50753b3a,c349c7af-7b0f-5ccf-8d0e-8b4c154ee401,2024-12-01,,,,,,,0,2025-01-02 09:09:49+00,v1
a17e8415-2733-5079-b143-ecb7daa3c23d,0397b62b-af63-59df-a629-a9900711eee7,2024-12-01,,,,,,,2,2025-01-02 09:12:37+00,v1
1bd6f77e-6129-5f36-a996-b1731f900e6f,f896c6db-d9c5-5bc6-945d-83d552eb9aea,2024-12-01,,,,,,,0,2025-01-02 09:06:50+00,v1
785a4ca2-8d43-5b02-a6a1-cf641f67055c,e60916b9-b699-5bb0-a19e-8e4fc52c86d2,2024-12-01,0.75,0.8,0.8889,-0.042424,,5,9,2025-01-02 09:07:52+00,v1
65f02cd1-e50c-5758-a308-145c76013e1d,a18dd31f-24e3-582b-9964-6b8d74699427,2024-12-01,,,,,,,0,2025-01-02 09:28:15+00,v1
