id,name,country,capacity_score,lead_time_days,reliability_history,is_active,created_at,updated_at
afa15ef0-34ab-58ff-ad47-8060502e5f84,CHI-Precision Supply 00,China,70.14,23,0.8629,true,2025-10-02 09:24:10+00,2025-10-02 09:24:10+00
b3288dd6-e3cd-5ec3-a951-39986285505b,VIE-Alloy Supply 01,Vietnam,72.27,32,0.9037,true,2025-10-02 09:12:00+00,2025-10-02 09:12:00+00
bed19e03-5ade-5692-8a4e-81fb3e8f965d,IND-Poly Supply 02,India,150.99,39,0.8401,true,2025-10-02 09:21:15+00,2025-10-02 09:21:15+00
3dffa708-7186-5ce1-9e9c-96972e56f8bf,GER-Micro Supply 03,Germany,92.15,6,0.8982,true,2025-10-02 09:18:00+00,2025-10-02 09:18:00+00
d6589668-bf03-550c-93d5-57ece0241efc,USA-Global Supply 04,USA,158.7,8,0.8935,true,2025-10-02 09:17:21+00,2025-10-02 09:17:21+00
9981b718-1ab2-586a-ac86-82ab2f6f445c,MEX-Prime Supply 05,Mexico,96.93,8,0.9345,true,2025-10-02 09:19:02+00,2025-10-02 09:19:02+00
9df2da2e-507c-507e-b146-3af5cb0eb852,CHI-Nova Supply 06,China,50.22,14,0.8571,true,2025-10-02 09:23:14+00,2025-10-02 09:23:14+00
224ca423-2c12-5113-bbd1-50eab06cf470,VIE-Delta Supply 07,Vietnam,153.92,19,0.9164,true,2025-10-02 09:20:33+00,2025-10-02 09:20:33+00
960f8f6e-5384-5c35-bfda-77ba61e7822e,IND-Precision Supply 08,India,39.43,16,0.9624,true,2025-10-02 09:12:46+00,2025-10-02 09:12:46+00
8c61a3ad-eb5d-59bc-9d10-16ddbfa7f8b0,GER-Alloy Supply 09,Germany,43.85,9,0.9437,true,2025-10-02 09:28:01+00,2025-10-02 09:28:01+00
ea344b5b-a6fa-5c52-a82d-6aca1e325dfd,USA-Poly Supply 10,USA,124.48,7,0.9122,true,2025-10-02 09:17:50+00,2025-10-02 09:17:50+00
a204cedc-9bbc-5113-b524-27b81d9b9e2d,MEX-Micro Supply 11,Mexico,90.84,9,0.7448,true,2025-10-02 09:07:52+00,2025-10-02 09:07:52+00
c809308b-6bd0-5e7f-8fed-63aa0be429db,GER-Global Supply 12,Germany,86.06,17,0.9455,true,2025-10-02 09:26:24+00,2025-10-02 09:26:24+00
b518e4a1-8b14-5e0f-a7c6-0b6631fe0a5a,CHI-Prime Supply 13,China,90.55,17,0.7917,true,2025-10-02 09:09:59+00,2025-10-02 09:09:59+00
43b32e98-5a29-5473-b8a5-4357668f5f74,USA-Nova Supply 14,USA,204.41,3,0.7931,true,2025-10-02 09:12:50+00,2025-10-02 09:12:50+00
8f1f2a54-a01e-54a1-9234-72cb24fac6ff,MEX-Delta Supply 15,Mexico,95.19,6,0.6442,true,2025-10-02 09:08:15+00,2025-10-02 09:08:15+00
48e2fe7c-35ad-5935-824d-697bfa8226f3,USA-Precision Supply 16,USA,115.62,13,0.8129,true,2025-10-02 09:28:22+00,2025-10-02 09:28:22+00
f94dbc7c-8aca-554e-ad3f-4e1fa92c88e7,IND-Alloy Supply 17,India,65.66,16,0.8752,true,2025-10-02 09:27:33+00,2025-10-02 09:27:33+00
f478ae52-7c2a-5617-95bb-5f296860910f,MEX-Poly Supply 18,Mexico,126.36,6,0.7496,true,2025-10-02 09:02:58+00,2025-10-02 09:02:58+00
80102db8-d5d3-5b2c-9e54-5b4fbebca6eb,VIE-Micro Supply 19,Vietnam,72.61,24,0.8485,true,2025-10-02 09:02:51+00,2025-10-02 09:02:51+00
c27afee2-997d-5290-a74e-2530422664f5,USA-Global Supply 20,USA,56.12,6,0.922,true,2025-10-02 09:17:29+00,2025-10-02 09:17:29+00
7126e422-addd-5f29-b3f2-b752caf2e66c,MEX-Prime Supply 21,Mexico,47.83,7,0.9415,true,2025-10-02 09:01:26+00,2025-10-02 09:01:26+00
7910ac44-1e40-56bb-9ab8-d9ba56ac335c,CHI-Nova Supply 22,China,70.83,29,0.8453,true,2025-10-02 09:02:52+00,2025-10-02 09:02:52+00
b9aec7bd-f7f9-55cb-b673-5177ddff5e0d,CHI-Delta Supply 23,China,26.63,28,0.7974,true,2025-10-02 09:01:41+00,2025-10-02 09:01:41+00
b0a44c22-e899-52ff-98a1-85dc4e254380,CHI-Precision Supply 24,China,158.68,19,0.8665,true,2025-10-02 09:15:27+00,2025-10-02 09:15:27+00
eee4f3d5-a93a-5cf2-85cd-907416aee337,USA-Alloy Supply 25,USA,61.58,9,0.892,true,2025-10-02 09:05:31+00,2025-10-02 09:05:31+00
ce3f1829-b358-52a7-bd0e-9eb3d2d95666,IND-Poly Supply 26,India,197.98,28,0.9168,true,2025-10-02 09:17:25+00,2025-10-02 09:17:25+00
1cf67535-10cf-5364-a9c7-5b0562d7a6d6,IND-Micro Supply 27,India,76.16,27,0.8491,true,2025-10-02 09:22:12+00,2025-10-02 09:22:12+00
b1482d47-285e-53ab-995d-cc9a8165b52c,GER-Global Supply 28,Germany,87.59,7,0.7831,true,2025-10-02 09:08:26+00,2025-10-02 09:08:26+00
d48fc4d1-ee5a-5d55-92e3-efa651af5e0b,CHI-Prime Supply 29,China,75.03,23,0.8922,true,2025-10-02 09:07:40+00,2025-10-02 09:07:40+00
7cff550d-7458-54fe-906b-849912e2bac5,USA-Nova Supply 30,USA,71.05,5,0.7832,true,2025-10-02 09:18:03+00,2025-10-02 09:18:03+00
3a67adbf-5513-5a16-82f1-1ee2075f84a5,CHI-Delta Supply 31,China,62.28,16,0.8314,true,2025-10-02 09:25:23+00,2025-10-02 09:25:23+00
1439fed7-3f86-5a06-ae10-6169b01a836b,USA-Precision Supply 32,USA,35.0,5,0.8434,true,2025-10-02 09:10:04+00,2025-10-02 09:10:04+00
6bfe9d03-1d68-5349-a2e7-d2c71322d817,GER-Alloy Supply 33,Germany,42.57,9,0.976,true,2025-10-02 09:01:47+00,2025-10-02 09:01:47+00
bda40a80-19c9-5fe0-b729-308b0f59ad25,USA-Poly Supply 34,USA,61.57,8,0.718,true,2025-10-02 09:11:23+00,2025-10-02 09:11:23+00
4140807d-c496-53ae-8f87-15c93cde916b,CHI-Micro Supply 35,China,58.58,16,0.8436,true,2025-10-02 09:19:47+00,2025-10-02 09:19:47+00
6e1d922d-415a-53d0-97d8-f4767299c10e,VIE-Global Supply 36,Vietnam,41.52,26,0.8339,true,2025-10-02 09:00:39+00,2025-10-02 09:00:39+00
f0aa8198-c2d3-59dc-b748-7bbb43f72614,USA-Prime Supply 37,USA,78.42,10,0.7864,true,2025-10-02 09:21:10+00,2025-10-02 09:21:10+00
9ecc4544-0aaa-5d4b-a20b-19b8dce2c71c,USA-Nova Supply 38,USA,154.18,7,0.8619,true,2025-10-02 09:06:31+00,2025-10-02 09:06:31+00
d56202a0-5ac9-5000-bdef-df809a781522,CHI-Delta Supply 39,China,49.57,17,0.9417,true,2025-10-02 09:16:47+00,2025-10-02 09:16:47+00
43b5c255-48c1-5b61-ab8b-8bc95266bb1f,CHI-Precision Supply 40,China,53.16,32,0.7528,true,2025-10-02 09:09:53+00,2025-10-02 09:09:53+00
feeb172c-57c6-5067-97db-54ddf632027a,GER-Alloy Supply 41,Germany,41.68,9,0.9497,true,2025-10-02 09:12:35+00,2025-10-02 09:12:35+00
15a4b7b5-0940-5f38-887a-51e62e07c4cf,IND-Poly Supply 42,India,57.28,18,0.8206,true,2025-10-02 09:22:03+00,2025-10-02 09:22:03+00
ea95a540-f662-5975-8a79-88352e65c9c4,IND-Micro Supply 43,India,82.58,18,0.9532,true,2025-10-02 09:14:49+00,2025-10-02 09:14:49+00
09b007da-c3cd-5c90-912c-64f13e0cb7eb,USA-Global Supply 44,USA,88.23,21,0.8898,true,2025-10-02 09:13:27+00,2025-10-02 09:13:27+00
035f03a2-0aa4-54ab-b965-ffe92a15c554,GER-Prime Supply 45,Germany,196.4,17,0.7784,true,2025-10-02 09:21:11+00,2025-10-02 09:21:11+00
a080f3ab-6ea0-59f4-b082-807399acde92,GER-Nova Supply 46,Germany,65.68,12,0.9176,true,2025-10-02 09:22:29+00,2025-10-02 09:22:29+00
962efb96-78cf-56c2-9668-d0081024f66b,CHI-Delta Supply 47,China,91.62,18,0.9027,true,2025-10-02 09:25:21+00,2025-10-02 09:25:21+00
d21da0bc-d1b2-5971-a037-be72ab2d0b0f,IND-Precision Supply 48,India,60.7,20,0.8536,true,2025-10-02 09:04:56+00,2025-10-02 09:04:56+00
6e4b4b02-c6c9-56a6-899b-544e87e288d9,VIE-Alloy Supply 49,Vietnam,63.7,42,0.6787,true,2025-10-02 09:09:22+00,2025-10-02 09:09:22+00
620e7b33-9778-5fbb-b4ad-f547ad7f37e4,VIE-Poly Supply 50,Vietnam,174.51,48,0.9401,true,2025-10-02 09:24:37+00,2025-10-02 09:24:37+00
ef593dbc-d5e0-5b32-b0c1-59e7e62b3b93,IND-Micro Supply 51,India,43.19,32,0.8823,true,2025-10-02 09:09:55+00,2025-10-02 09:09:55+00
2acb4323-7672-57b0-a6ff-2311178e47d0,VIE-Global Supply 52,Vietnam,89.1,30,0.565,true,2025-10-02 09:02:40+00,2025-10-02 09:02:40+00
0ed71b3f-e7bd-5b63-8de5-842e174a2b41,VIE-Prime Supply 53,Vietnam,41.06,57,0.7833,true,2025-10-02 09:19:33+00,2025-10-02 09:19:33+00
f64331a4-51a2-5b06-9056-d0c2cad44675,USA-Nova Supply 54,USA,34.17,8,0.907,true,2025-10-02 09:05:18+00,2025-10-02 09:05:18+00
1f86b535-bdb3-574d-9dbb-25b5fa82652b,USA-Delta Supply 55,USA,51.5,7,0.9725,true,2025-10-02 09:03:21+00,2025-10-02 09:03:21+00
d218df5c-aa02-51a7-913f-5a5b5fc8400f,IND-Precision Supply 56,India,30.49,26,0.9302,true,2025-10-02 09:12:39+00,2025-10-02 09:12:39+00
3d18327f-e1fc-5926-943c-c64c3863d165,IND-Alloy Supply 57,India,114.15,21,0.7619,true,2025-10-02 09:15:40+00,2025-10-02 09:15:40+00
4f3c3f1b-e7e4-54c5-884a-84b5b42e6a16,USA-Poly Supply 58,USA,105.12,9,0.6705,true,2025-10-02 09:11:51+00,2025-10-02 09:11:51+00
d05aa5b5-1e60-594a-bad0-42d0aeb5d232,USA-Micro Supply 59,USA,224.33,7,0.9316,true,2025-10-02 09:01:23+00,2025-10-02 09:01:23+00
3f5d4bf9-7262-5bf6-a738-0859f809219d,IND-Global Supply 60,India,56.56,13,0.6799,true,2025-10-02 09:21:28+00,2025-10-02 09:21:28+00
264e880d-3b17-54dc-8e9c-e1fb490de6ac,VIE-Prime Supply 61,Vietnam,82.39,44,0.8298,true,2025-10-02 09:22:31+00,2025-10-02 09:22:31+00
488b2b70-5056-5ec9-956e-5e769150eb8a,GER-Nova Supply 62,Germany,77.74,18,0.8393,true,2025-10-02 09:18:38+00,2025-10-02 09:18:38+00
fac986ec-aa71-58e9-bba9-59c9637fadea,GER-Delta Supply 63,Germany,36.99,10,0.9699,true,2025-10-02 09:14:13+00,2025-10-02 09:14:13+00
463b4a52-d8f1-536f-bec8-06e23d2f6c9c,GER-Precision Supply 64,Germany,88.31,16,0.9333,true,2025-10-02 09:19:34+00,2025-10-02 09:19:34+00
1dd40ffd-af9b-5e68-a850-c5d51f8221d6,MEX-Alloy Supply 65,Mexico,52.34,7,0.8428,true,2025-10-02 09:02:55+00,2025-10-02 09:02:55+00
fb5a4c36-67a2-5f2a-95c0-4940d42cc3d1,USA-Poly Supply 66,USA,134.58,7,0.914,true,2025-10-02 09:21:26+00,2025-10-02 09:21:26+00
47c8a9fe-5376-5db4-ba44-b7b1991d4397,CHI-Micro Supply 67,China,103.09,41,0.9575,true,2025-10-02 09:21:31+00,2025-10-02 09:21:31+00
5e65bb1d-205f-58d3-9e97-373d6ab4cec1,VIE-Global Supply 68,Vietnam,118.22,16,0.8469,true,2025-10-02 09:20:55+00,2025-10-02 09:20:55+00
c9d15727-b69d-5040-b3c5-c48f08762291,IND-Prime Supply 69,India,37.61,18,0.9411,true,2025-10-02 09:15:06+00,2025-10-02 09:15:06+00
db5c70cc-56fa-5582-b9c5-28a7bb381322,IND-Nova Supply 70,India,246.39,25,0.7352,true,2025-10-02 09:14:35+00,2025-10-02 09:14:35+00
f60697dc-c659-577f-8df1-20511a0a4373,CHI-Delta Supply 71,China,34.91,25,0.7392,true,2025-10-02 09:01:23+00,2025-10-02 09:01:23+00
bc5b82c4-bcbb-515e-bad5-88e21f43508a,CHI-Precision Supply 72,China,99.08,21,0.7314,true,2025-10-02 09:12:16+00,2025-10-02 09:12:16+00
71627912-343b-5d8b-b8b6-d23d11e6c4e7,GER-Alloy Supply 73,Germany,108.57,12,0.8811,true,2025-10-02 09:05:45+00,2025-10-02 09:05:45+00
f34e6f55-692e-54d3-9fde-1abf2501717f,GER-Poly Supply 74,Germany,98.74,19,0.8044,true,2025-10-02 09:12:13+00,2025-10-02 09:12:13+00
93b0f4df-acf5-572e-b6a4-7979c3847675,GER-Micro Supply 75,Germany,83.58,11,0.8844,true,2025-10-02 09:09:28+00,2025-10-02 09:09:28+00
39acaddf-1233-54d7-a2b0-ae4649dcb6dd,CHI-Global Supply 76,China,134.92,17,0.8223,true,2025-10-02 09:15:04+00,2025-10-02 09:15:04+00
46c4f3df-0f5d-5c00-9b89-21742485af45,USA-Prime Supply 77,USA,40.97,6,0.8958,true,2025-10-02 09:19:49+00,2025-10-02 09:19:49+00
b6f36eda-3822-52f7-b533-6831d5e35275,VIE-Nova Supply 78,Vietnam,66.48,32,0.8593,true,2025-10-02 09:08:14+00,2025-10-02 09:08:14+00
5d515261-e313-5f81-8e63-d5cb6a889665,IND-Delta Supply 79,India,85.62,41,0.8156,true,2025-10-02 09:08:11+00,2025-10-02 09:08:11+00
fd39e4d1-8ee1-508d-b400-dcbf8f411fa2,IND-Precision Supply 80,India,54.68,34,0.8273,true,2025-10-02 09:17:58+00,2025-10-02 09:17:58+00
898c490c-7456-59bd-a31d-c943b5097c2a,CHI-Alloy Supply 81,China,79.49,28,0.898,true,2025-10-02 09:19:58+00,2025-10-02 09:19:58+00
c617d29f-cfe0-5ea9-921e-42b791ba8455,MEX-Poly Supply 82,Mexico,67.74,7,0.7062,true,2025-10-02 09:08:43+00,2025-10-02 09:08:43+00
d78b0306-ff73-5aef-984d-a2339b24b66d,CHI-Micro Supply 83,China,45.54,20,0.8211,true,2025-10-02 09:08:19+00,2025-10-02 09:08:19+00
8a349d8b-0f00-51fc-b24b-03bd984b0ac2,CHI-Global Supply 84,China,102.39,23,0.8432,true,2025-10-02 09:21:14+00,2025-10-02 09:21:14+00
5db7b12c-721e-55a9-9aab-abfd83993230,GER-Prime Supply 85,Germany,197.18,22,0.9142,true,2025-10-02 09:04:20+00,2025-10-02 09:04:20+00
75bab8e9-1edc-5fb3-955a-8b05df6c7ec9,GER-Nova Supply 86,Germany,25.89,16,0.8311,true,2025-10-02 09:12:20+00,2025-10-02 09:12:20+00
71cf99c0-a72d-5db3-94d6-fb981f3a78b5,CHI-Delta Supply 87,China,82.74,18,0.8222,true,2025-10-02 09:24:42+00,2025-10-02 09:24:42+00
e9bc7dc1-c44d-5e2d-ae5b-40f8a1a866e2,CHI-Precision Supply 88,China,114.15,21,0.904,true,2025-10-02 09:12:06+00,2025-10-02 09:12:06+00
c56b6071-e42a-54ce-a650-ff4227c5a623,VIE-Alloy Supply 89,Vietnam,40.77,53,0.8261,true,2025-10-02 09:27:48+00,2025-10-02 09:27:48+00
02205db5-7374-5a5c-885e-f94d69a2fdd9,CHI-Poly Supply 90,China,94.52,41,0.761,true,2025-10-02 09:10:56+00,2025-10-02 09:10:56+00
d6c01b90-4652-5257-9513-25cf71407962,CHI-Micro Supply 91,China,88.32,33,0.9404,true,2025-10-02 09:21:44+00,2025-10-02 09:21:44+00
ea30c0d4-dde7-52a4-bb52-ff2137705956,IND-Global Supply 92,India,73.58,18,0.8938,true,2025-10-02 09:25:59+00,2025-10-02 09:25:59+00
8ec906cc-8e27-5537-a7fe-1c168b4c7761,GER-Prime Supply 93,Germany,19.51,12,0.8179,true,2025-10-02 09:00:23+00,2025-10-02 09:00:23+00
8e7d762f-d623-547c-901b-6a809a76b1e0,USA-Nova Supply 94,USA,74.36,7,0.9492,true,2025-10-02 09:04:48+00,2025-10-02 09:04:48+00
3ced5417-d4ec-5e5a-aae7-78408a170f64,MEX-Delta Supply 95,Mexico,71.76,13,0.8991,true,2025-10-02 09:23:51+00,2025-10-02 09:23:51+00
a61087b9-4e85-5ce4-acba-99b114e08385,MEX-Precision Supply 96,Mexico,51.63,14,0.8522,true,2025-10-02 09:14:27+00,2025-10-02 09:14:27+00
c7824afc-aed7-53ca-8db0-39281e01b3db,USA-Alloy Supply 97,USA,118.94,11,0.7811,true,2025-10-02 09:07:22+00,2025-10-02 09:07:22+00
cb1c837d-0892-5c41-8ec6-fdd1736ecfb5,CHI-Poly Supply 98,China,26.54,31,0.8644,true,2025-10-02 09:27:05+00,2025-10-02 09:27:05+00
a41989d9-98e5-5739-84ef-967a846019d4,MEX-Micro Supply 99,Mexico,56.65,6,0.7659,true,2025-10-02 09:23:13+00,2025-10-02 09:23:13+00
1ae3ff03-0430-52b0-a6c8-9cb0930eabca,MEX-Global Supply 100,Mexico,50.5,11,0.7879,true,2025-10-02 09:17:21+00,2025-10-02 09:17:21+00
7df370ac-bf18-5e22-8470-a90d30f80a1b,CHI-Prime Supply 101,China,79.85,40,0.8484,true,2025-10-02 09:29:56+00,2025-10-02 09:29:56+00
2b1bef2d-1631-5d70-ae40-0e1da7dc57ee,CHI-Nova Supply 102,China,72.43,17,0.86,true,2025-10-02 09:27:36+00,2025-10-02 09:27:36+00
4c878b61-e524-5f15-95af-8540be93499c,GER-Delta Supply 103,Germany,32.57,8,0.9457,true,2025-10-02 09:13:48+00,2025-10-02 09:13:48+00
74beaacd-53c0-559f-ab4a-8d5d9d039d4e,USA-Precision Supply 104,USA,91.57,7,0.8679,true,2025-10-02 09:20:57+00,2025-10-02 09:20:57+00
a988a28a-ce98-53e0-9cc6-4a06b5096d0b,USA-Alloy Supply 105,USA,47.54,11,0.9195,true,2025-10-02 09:01:48+00,2025-10-02 09:01:48+00
365d1596-4f8b-5601-bc80-e9dc0ad6bb6d,USA-Poly Supply 106,USA,56.89,4,0.8736,true,2025-10-02 09:28:20+00,2025-10-02 09:28:20+00
9e923201-7acd-5309-82e1-75c97d1be1ab,IND-Micro Supply 107,India,77.87,25,0.6254,true,2025-10-02 09:19:59+00,2025-10-02 09:19:59+00
8ee5e50b-aeda-542a-872f-e28cf5c35296,CHI-Global Supply 108,China,49.6,24,0.9572,true,2025-10-02 09:14:44+00,2025-10-02 09:14:44+00
72d5fa76-fe12-54c9-bf34-fa8c83a1e972,MEX-Prime Supply 109,Mexico,30.97,12,0.7156,true,2025-10-02 09:10:52+00,2025-10-02 09:10:52+00
a75d6275-d747-55a8-8d1c-436d2622e4ed,VIE-Nova Supply 110,Vietnam,54.68,60,0.7548,true,2025-10-02 09:21:22+00,2025-10-02 09:21:22+00
bf3b3b4f-0058-5d64-a9fd-695f12d7c59a,GER-Delta Supply 111,Germany,80.53,9,0.6499,true,2025-10-02 09:11:43+00,2025-10-02 09:11:43+00
9a6dab5e-6ec0-5a4a-bf93-80f994e2582e,IND-Precision Supply 112,India,100.94,38,0.9029,true,2025-10-02 09:09:35+00,2025-10-02 09:09:35+00
0aeec9e3-e0fa-5f23-bd7f-a309b8b8801a,USA-Alloy Supply 113,USA,70.58,5,0.8833,true,2025-10-02 09:12:09+00,2025-10-02 09:12:09+00
0770b2fc-077c-5358-b9b4-b4deb150a16f,CHI-Poly Supply 114,China,46.39,16,0.9585,true,2025-10-02 09:25:17+00,2025-10-02 09:25:17+00
aa48b7ad-fb31-5be7-8ec6-14772bcfbac6,GER-Micro Supply 115,Germany,58.24,19,0.7944,true,2025-10-02 09:15:17+00,2025-10-02 09:15:17+00
d1b7dbbc-bd6f-51f7-b643-f48f82ea753b,VIE-Global Supply 116,Vietnam,69.76,29,0.7625,true,2025-10-02 09:01:05+00,2025-10-02 09:01:05+00
5495add5-7bf6-583c-a9d8-82516386e5bd,CHI-Prime Supply 117,China,117.3,28,0.7888,true,2025-10-02 09:13:26+00,2025-10-02 09:13:26+00
6a50b744-1131-578e-a6f1-553222e98f95,IND-Nova Supply 118,India,52.7,25,0.7949,true,2025-10-02 09:11:25+00,2025-10-02 09:11:25+00
f02925e7-8a92-58b9-8a59-178c11da9c26,USA-Delta Supply 119,USA,84.66,7,0.7882,true,2025-10-02 09:09:00+00,2025-10-02 09:09:00+00
1ff8a181-35a8-5bc8-84fd-3e882672ffc7,CHI-Precision Supply 120,China,98.09,34,0.8435,true,2025-10-02 09:27:45+00,2025-10-02 09:27:45+00
a53cf2cd-5dec-5640-855d-f85900d633f1,USA-Alloy Supply 121,USA,64.84,4,0.8066,true,2025-10-02 09:16:44+00,2025-10-02 09:16:44+00
c0af8110-7381-5d39-aac0-730aa9405d50,CHI-Poly Supply 122,China,45.94,28,0.7523,true,2025-10-02 09:05:18+00,2025-10-02 09:05:18+00
44df5d8c-b3ec-5d0a-8aee-600bcb155f44,IND-Micro Supply 123,India,188.23,31,0.8449,true,2025-10-02 09:25:09+00,2025-10-02 09:25:09+00
3e7a5438-d7e1-56a3-b1a2-d227407de26b,GER-Global Supply 124,Germany,116.96,8,0.9007,true,2025-10-02 09:03:29+00,2025-10-02 09:03:29+00
b26c15f9-24e6-5f13-aebb-604d9972f392,USA-Prime Supply 125,USA,65.23,4,0.6182,true,2025-10-02 09:07:00+00,2025-10-02 09:07:00+00
f2d38c13-14be-5d53-b5be-0195b1a303ee,CHI-Nova Supply 126,China,45.55,29,0.8977,true,2025-10-02 09:02:19+00,2025-10-02 09:02:19+00
18a3294b-c0ab-5a9b-9ead-b01171cb062a,USA-Delta Supply 127,USA,98.02,4,0.9249,true,2025-10-02 09:20:16+00,2025-10-02 09:20:16+00
c45d7bbd-57af-5aa6-b8e5-43190333bc1f,MEX-Precision Supply 128,Mexico,45.09,6,0.7966,true,2025-10-02 09:00:29+00,2025-10-02 09:00:29+00
49f30c55-3164-52d3-96e6-d430644895d6,CHI-Alloy Supply 129,China,162.58,27,0.9476,true,2025-10-02 09:12:51+00,2025-10-02 09:12:51+00
64f360a5-dd91-53d4-b08f-6877ce13cee4,CHI-Poly Supply 130,China,56.57,13,0.9011,true,2025-10-02 09:28:11+00,2025-10-02 09:28:11+00
3ebd62e2-76cf-5b92-897d-0e12a8f0c31f,CHI-Micro Supply 131,China,27.98,19,0.9613,true,2025-10-02 09:06:33+00,2025-10-02 09:06:33+00
e1d14570-01d9-5462-a614-96e9be4efe70,VIE-Global Supply 132,Vietnam,42.2,27,0.6447,true,2025-10-02 09:08:27+00,2025-10-02 09:08:27+00
d1104815-5077-5067-a7f1-9e2ba896def7,CHI-Prime Supply 133,China,41.06,22,0.7861,true,2025-10-02 09:07:07+00,2025-10-02 09:07:07+00
9479681a-215a-5a77-b726-ce8bd5f0a71b,CHI-Nova Supply 134,China,45.65,33,0.8594,true,2025-10-02 09:15:29+00,2025-10-02 09:15:29+00
696fe914-0890-5b2b-b310-9964de714d66,USA-Delta Supply 135,USA,45.87,6,0.9223,true,2025-10-02 09:20:48+00,2025-10-02 09:20:48+00
0610f945-f9b7-57aa-8b15-96586d95fb57,MEX-Precision Supply 136,Mexico,37.36,14,0.8207,true,2025-10-02 09:07:36+00,2025-10-02 09:07:36+00
c24da349-b6f4-54bf-8b3a-64c69410f9a1,VIE-Alloy Supply 137,Vietnam,137.24,17,0.7966,true,2025-10-02 09:28:31+00,2025-10-02 09:28:31+00
ca18e7cc-ecf1-5055-b19e-f814a13473f1,USA-Poly Supply 138,USA,66.58,7,0.8016,true,2025-10-02 09:14:21+00,2025-10-02 09:14:21+00
83c2a190-a4e9-54bb-8a47-0a9be4b5d84f,CHI-Micro Supply 139,China,21.05,39,0.8286,true,2025-10-02 09:25:25+00,2025-10-02 09:25:25+00
ceec20ba-5cbc-5841-a953-c53864bae34b,IND-Global Supply 140,India,85.93,26,0.8981,true,2025-10-02 09:11:18+00,2025-10-02 09:11:18+00
6c4cf2e7-61f7-579a-9589-af076d22fd4f,USA-Prime Supply 141,USA,61.78,13,0.8467,true,2025-10-02 09:25:14+00,2025-10-02 09:25:14+00
21a0d8fe-c08f-5405-8f1f-48351294e158,USA-Nova Supply 142,USA,49.59,8,0.9344,true,2025-10-02 09:20:09+00,2025-10-02 09:20:09+00
58bd5d2f-4d18-5dee-8c8c-f3277b2410e5,CHI-Delta Supply 143,China,90.08,27,0.8843,true,2025-10-02 09:05:22+00,2025-10-02 09:05:22+00
31cbf5d4-2233-5195-84e1-ba1bc7ba3b45,USA-Precision Supply 144,USA,34.39,10,0.8841,true,2025-10-02 09:29:03+00,2025-10-02 09:29:03+00
afb7095c-523c-5630-9d17-6f0acd1d8303,MEX-Alloy Supply 145,Mexico,75.33,7,0.7697,true,2025-10-02 09:28:28+00,2025-10-02 09:28:28+00
c4b1cd6c-92dc-5355-8be6-2712dbf542f7,GER-Poly Supply 146,Germany,44.77,9,0.9526,true,2025-10-02 09:28:50+00,2025-10-02 09:28:50+00
c86fd083-4330-5332-98e4-a0315ca803bb,IND-Micro Supply 147,India,144.68,25,0.8256,true,2025-10-02 09:28:34+00,2025-10-02 09:28:34+00
0bd3c5cf-7964-5033-9b72-1a050c72c8f6,USA-Global Supply 148,USA,54.36,9,0.9393,true,2025-10-02 09:25:25+00,2025-10-02 09:25:25+00
f03400f5-6379-528f-a884-912e998a9bbc,GER-Prime Supply 149,Germany,106.45,12,0.9314,true,2025-10-02 09:14:03+00,2025-10-02 09:14:03+00
8a11a319-02d5-5f14-bceb-b4396a01c3ac,MEX-Nova Supply 150,Mexico,149.08,10,0.751,true,2025-10-02 09:07:54+00,2025-10-02 09:07:54+00
2e7e61a3-585d-5dfa-b4ff-bcd5c1481a78,IND-Delta Supply 151,India,43.92,29,0.8158,true,2025-10-02 09:20:06+00,2025-10-02 09:20:06+00
187a4cef-2d3a-5a35-a719-21abbf5a0623,CHI-Precision Supply 152,China,35.03,25,0.9458,true,2025-10-02 09:06:19+00,2025-10-02 09:06:19+00
77698098-1236-5728-943c-f98c1a32d82f,CHI-Alloy Supply 153,China,62.42,37,0.9215,true,2025-10-02 09:24:23+00,2025-10-02 09:24:23+00
4aebf463-3c95-5e36-9414-8edcf6fc203e,USA-Poly Supply 154,USA,76.44,9,0.9177,true,2025-10-02 09:27:56+00,2025-10-02 09:27:56+00
bcf0cf95-cfac-505e-be53-8340310cc0f0,CHI-Micro Supply 155,China,40.0,22,0.8273,true,2025-10-02 09:07:22+00,2025-10-02 09:07:22+00
bd89ed3d-ddef-503a-86cb-c1d4c3d09416,VIE-Global Supply 156,Vietnam,73.03,17,0.8403,true,2025-10-02 09:23:19+00,2025-10-02 09:23:19+00
357edde5-3d22-57ff-b7af-1a22cb0c4eca,IND-Prime Supply 157,India,140.04,22,0.9741,true,2025-10-02 09:14:59+00,2025-10-02 09:14:59+00
9b7eafca-8be5-587f-94ee-7891407766ec,IND-Nova Supply 158,India,47.57,27,0.8268,true,2025-10-02 09:03:56+00,2025-10-02 09:03:56+00
10ce77f2-8241-5db5-8acf-9c90b9f72446,USA-Delta Supply 159,USA,104.65,6,0.8997,true,2025-10-02 09:06:03+00,2025-10-02 09:06:03+00
94ac7534-899f-5bc9-bab4-77e509ec2401,CHI-Precision Supply 160,China,27.06,41,0.693,true,2025-10-02 09:07:49+00,2025-10-02 09:07:49+00
8d8f807f-443e-59e5-a85c-e2c16318958f,CHI-Alloy Supply 161,China,41.46,40,0.8929,true,2025-10-02 09:04:11+00,2025-10-02 09:04:11+00
c2678f7b-587c-52d2-a630-1e73238b2754,VIE-Poly Supply 162,Vietnam,44.38,35,0.9769,true,2025-10-02 09:00:08+00,2025-10-02 09:00:08+00
468fdb3d-917d-52bc-98bb-a49356bf5daa,GER-Micro Supply 163,Germany,85.67,11,0.8921,true,2025-10-02 09:08:49+00,2025-10-02 09:08:49+00
d77b6010-752a-5366-b725-cb7f3e56b425,MEX-Global Supply 164,Mexico,75.9,6,0.6272,true,2025-10-02 09:27:54+00,2025-10-02 09:27:54+00
3fa7c0d8-e78f-5636-ad0f-83c650f64502,IND-Prime Supply 165,India,55.42,53,0.6535,true,2025-10-02 09:22:12+00,2025-10-02 09:22:12+00
2039c8be-5300-55c4-a967-ba7227f88c02,CHI-Nova Supply 166,China,159.74,16,0.7795,true,2025-10-02 09:10:24+00,2025-10-02 09:10:24+00
214b5ce7-3d2d-57b6-867b-f3bdfd0c81ec,VIE-Delta Supply 167,Vietnam,144.33,30,0.9543,true,2025-10-02 09:20:17+00,2025-10-02 09:20:17+00
b17bd294-5e8d-559e-839e-fef82f606254,CHI-Precision Supply 168,China,73.14,27,0.9305,true,2025-10-02 09:02:26+00,2025-10-02 09:02:26+00
d5e64001-4bac-518c-824a-a99fd8929e01,GER-Alloy Supply 169,Germany,52.29,8,0.8934,true,2025-10-02 09:18:04+00,2025-10-02 09:18:04+00
ae29d9c6-cfa6-53c2-b8e0-5e09a4fbf9e4,CHI-Poly Supply 170,China,117.92,29,0.8196,true,2025-10-02 09:14:33+00,2025-10-02 09:14:33+00
55299765-65cd-516a-a2d8-deee7bcfcc51,VIE-Micro Supply 171,Vietnam,35.6,48,0.8053,true,2025-10-02 09:26:37+00,2025-10-02 09:26:37+00
bd6d0af6-c7ae-558a-9ad7-a581f7a34b87,IND-Global Supply 172,India,82.0,26,0.9388,true,2025-10-02 09:14:14+00,2025-10-02 09:14:14+00
5c6a5696-3779-5532-98ab-4744475b1ed3,MEX-Prime Supply 173,Mexico,95.76,10,0.9182,true,2025-10-02 09:15:49+00,2025-10-02 09:15:49+00
0b90658f-82bb-5af5-8054-d6fe8aeb4f52,CHI-Nova Supply 174,China,73.02,37,0.8119,true,2025-10-02 09:09:05+00,2025-10-02 09:09:05+00
c349c7af-7b0f-5ccf-8d0e-8b4c154ee401,CHI-Delta Supply 175,China,100.69,16,0.874,true,2025-10-02 09:25:38+00,2025-10-02 09:25:38+00
0397b62b-af63-59df-a629-a9900711eee7,IND-Precision Supply 176,India,95.16,22,0.895,true,2025-10-02 09:07:28+00,2025-10-02 09:07:28+00
f896c6db-d9c5-5bc6-945d-83d552eb9aea,VIE-Alloy Supply 177,Vietnam,101.51,25,0.8353,true,2025-10-02 09:25:09+00,2025-10-02 09:25:09+00
e60916b9-b699-5bb0-a19e-8e4fc52c86d2,USA-Poly Supply 178,USA,72.14,4,0.8794,true,2025-10-02 09:01:15+00,2025-10-02 09:01:15+00
a18dd31f-24e3-582b-9964-6b8d74699427,GER-Micro Supply 179,Germany,89.66,11,0.9463,true,2025-10-02 09:14:50+00,2025-10-02 09:14:50+00
2ef27f65-5029-5182-a4d4-bcd859196fbe,CHI-Global Supply 180,China,199.82,26,0.6815,true,2025-10-02 09:11:46+00,2025-10-02 09:11:46+00
ea36b216-f05f-55b7-aae1-14d9eddfd8a8,CHI-Prime Supply 181,China,135.59,28,0.9383,true,2025-10-02 09:07:54+00,2025-10-02 09:07:54+00
aa2be9b3-1053-5a99-9fbe-dfba8c828025,USA-Nova Supply 182,USA,30.06,4,0.9105,true,2025-10-02 09:23:49+00,2025-10-02 09:23:49+00
239b0468-ee4c-5363-8366-b9492c860189,USA-Delta Supply 183,USA,72.68,9,0.906,true,2025-10-02 09:04:37+00,2025-10-02 09:04:37+00
fe3ceda1-6c81-544e-8fcd-530ba770d347,CHI-Precision Supply 184,China,53.04,27,0.9148,true,2025-10-02 09:24:30+00,2025-10-02 09:24:30+00
25063097-1716-52e5-bd51-025dcb8fc39b,CHI-Alloy Supply 185,China,51.71,53,0.9471,true,2025-10-02 09:13:13+00,2025-10-02 09:13:13+00
433a5a1f-b1d7-5855-a82b-f87237cf860c,GER-Poly Supply 186,Germany,90.29,7,0.9369,true,2025-10-02 09:29:27+00,2025-10-02 09:29:27+00
08f2e161-61ac-51f1-a5c5-7c99935f0add,CHI-Micro Supply 187,China,124.0,22,0.9124,true,2025-10-02 09:09:27+00,2025-10-02 09:09:27+00
f1259639-3bbf-5f47-be83-bfa26b97f138,CHI-Global Supply 188,China,60.78,25,0.8283,true,2025-10-02 09:15:50+00,2025-10-02 09:15:50+00
2d69a89e-ac45-507e-bec5-9b658eb7d153,GER-Prime Supply 189,Germany,49.46,9,0.8343,true,2025-10-02 09:11:30+00,2025-10-02 09:11:30+00
04fe4f83-7bc4-540d-8f22-793b8ec8f82e,IND-Nova Supply 190,India,97.25,16,0.7239,true,2025-10-02 09:27:40+00,2025-10-02 09:27:40+00
030864e1-6287-5da3-97be-77e7ddd1dcac,IND-Delta Supply 191,India,80.11,21,0.9095,true,2025-10-02 09:16:15+00,2025-10-02 09:16:15+00
2d1aa1a6-12a6-5c23-ba9d-17a374be7c02,USA-Precision Supply 192,USA,160.73,4,0.824,true,2025-10-02 09:08:55+00,2025-10-02 09:08:55+00
9a659731-f968-59c2-b0f4-7653f174f784,GER-Alloy Supply 193,Germany,40.07,18,0.9579,true,2025-10-02 09:04:54+00,2025-10-02 09:04:54+00
2a212a2a-5bcb-5e44-838e-0ae59d5580be,CHI-Poly Supply 194,China,60.36,38,0.7644,true,2025-10-02 09:21:06+00,2025-10-02 09:21:06+00
30519f16-83a6-5dbb-9f24-aff031d8af66,VIE-Micro Supply 195,Vietnam,91.55,23,0.9491,true,2025-10-02 09:14:04+00,2025-10-02 09:14:04+00
16334686-c5e1-5733-ac58-e34bd7f4ba31,GER-Global Supply 196,Germany,125.54,9,0.8543,true,2025-10-02 09:10:43+00,2025-10-02 09:10:43+00
f2911b5a-7204-5171-941e-9f50618e9e9b,MEX-Prime Supply 197,Mexico,191.08,21,0.9019,true,2025-10-02 09:29:46+00,2025-10-02 09:29:46+00
0cb448f2-13f4-5920-8f67-61cf87711327,IND-Nova Supply 198,India,66.05,19,0.7713,true,2025-10-02 09:28:32+00,2025-10-02 09:28:32+00
e457cb22-8dab-52ca-a9f7-2930914cbf19,IND-Delta Supply 199,India,51.51,15,0.8459,true,2025-10-02 09:09:22+00,2025-10-02 09:09:22+00
693467fd-f9d5-5bce-ab07-fcfe8940cf1d,MEX-Precision Supply 200,Mexico,80.52,7,0.915,true,2025-10-02 09:19:35+00,2025-10-02 09:19:35+00
1e0e4e29-aa56-5bac-b3c8-4c07a9811cd1,CHI-Alloy Supply 201,China,135.01,36,0.8728,true,2025-10-02 09:12:34+00,2025-10-02 09:12:34+00
46ca72b1-55ca-55dc-9d63-b0ed748e7ac9,CHI-Poly Supply 202,China,39.59,23,0.7957,true,2025-10-02 09:20:39+00,2025-10-02 09:20:39+00
c7473619-8f41-531e-9977-16da825fd420,GER-Micro Supply 203,Germany,64.87,9,0.8961,true,2025-10-02 09:00:41+00,2025-10-02 09:00:41+00
36cc8092-b396-58e8-a4a5-e901e8a0a13e,CHI-Global Supply 204,China,53.97,28,0.8531,true,2025-10-02 09:15:55+00,2025-10-02 09:15:55+00
8304442a-44fb-55bc-aabd-4cddabf4161b,USA-Prime Supply 205,USA,106.67,8,0.8346,true,2025-10-02 09:10:06+00,2025-10-02 09:10:06+00
40869602-dcef-56f6-9312-d0b42abb41f1,IND-Nova Supply 206,India,96.47,36,0.9555,true,2025-10-02 09:21:45+00,2025-10-02 09:21:45+00
9ba329f3-aeef-5e20-88da-c7717196135b,MEX-Delta Supply 207,Mexico,90.27,17,0.7548,true,2025-10-02 09:09:46+00,2025-10-02 09:09:46+00
f2e51460-de5b-56dd-843b-1d1881466019,IND-Precision Supply 208,India,36.34,40,0.7252,true,2025-10-02 09:28:00+00,2025-10-02 09:28:00+00
2e33d49a-c94a-5b00-ab3d-5e766b802b88,VIE-Alloy Supply 209,Vietnam,68.95,25,0.7325,true,2025-10-02 09:28:53+00,2025-10-02 09:28:53+00
4575d352-930e-58ee-ba37-a697e82f0c3f,IND-Poly Supply 210,India,69.87,14,0.9437,true,2025-10-02 09:22:44+00,2025-10-02 09:22:44+00
c84cd6df-12b1-5fa7-a8eb-9961d63cd730,IND-Micro Supply 211,India,90.4,20,0.8971,true,2025-10-02 09:23:21+00,2025-10-02 09:23:21+00
7aaf13a5-dcb5-5be0-beec-55b0ecd1927f,CHI-Global Supply 212,China,52.73,39,0.6207,true,2025-10-02 09:16:04+00,2025-10-02 09:16:04+00
6e6d34a7-ede6-5da7-b108-7c7dd95b347f,IND-Prime Supply 213,India,47.49,27,0.895,true,2025-10-02 09:05:55+00,2025-10-02 09:05:55+00
53c6e1fb-1bf0-5e48-a9f7-59ce8ee1743a,USA-Nova Supply 214,USA,48.01,14,0.9002,true,2025-10-02 09:25:50+00,2025-10-02 09:25:50+00
4626a89f-df15-511c-937f-eacf35c46556,CHI-Delta Supply 215,China,67.5,21,0.9354,true,2025-10-02 09:13:30+00,2025-10-02 09:13:30+00
972e8b3b-578f-51ed-b2a3-5c3e49643cdc,CHI-Precision Supply 216,China,83.64,17,0.8916,true,2025-10-02 09:22:26+00,2025-10-02 09:22:26+00
47c256d6-dd1b-5312-939f-089b87b6ad3f,VIE-Alloy Supply 217,Vietnam,181.45,18,0.9018,true,2025-10-02 09:21:19+00,2025-10-02 09:21:19+00
b5f8d106-ce69-568e-9017-4c84273f7e9b,GER-Poly Supply 218,Germany,61.04,15,0.92,true,2025-10-02 09:04:40+00,2025-10-02 09:04:40+00
a0c37bcb-7c17-5765-b843-4f4d88f5dd52,USA-Micro Supply 219,USA,54.94,7,0.8294,true,2025-10-02 09:05:22+00,2025-10-02 09:05:22+00
c0b8f28d-3c38-533f-ba9e-d3233e9f4079,CHI-Global Supply 220,China,85.86,37,0.9106,true,2025-10-02 09:12:40+00,2025-10-02 09:12:40+00
5604c773-143c-50e1-9d2d-803bc63c48ce,GER-Prime Supply 221,Germany,71.97,17,0.9701,true,2025-10-02 09:24:48+00,2025-10-02 09:24:48+00
5a0f4164-81f5-50f8-a942-689a6bbbd1f3,USA-Nova Supply 222,USA,98.93,5,0.8564,true,2025-10-02 09:19:23+00,2025-10-02 09:19:23+00
5bcdd33e-1f93-5b9e-b8fc-8f6532a2c472,CHI-Delta Supply 223,China,57.12,20,0.9366,true,2025-10-02 09:03:12+00,2025-10-02 09:03:12+00
cde3373d-1b48-5811-8a5b-7332063f7903,VIE-Precision Supply 224,Vietnam,117.8,37,0.9165,true,2025-10-02 09:25:45+00,2025-10-02 09:25:45+00
748208ec-6690-567d-8b26-ff764bdcb02a,USA-Alloy Supply 225,USA,57.7,19,0.7904,true,2025-10-02 09:03:28+00,2025-10-02 09:03:28+00
2994b0cd-e1dd-5b9a-9347-1fd6db51df1d,CHI-Poly Supply 226,China,63.23,35,0.7885,true,2025-10-02 09:28:05+00,2025-10-02 09:28:05+00
9c5962c2-e5a4-5f21-ad0c-baa831e33468,USA-Micro Supply 227,USA,64.21,11,0.9161,true,2025-10-02 09:01:07+00,2025-10-02 09:01:07+00
b147ebde-6e1b-59f8-b23d-c4178499e3c1,CHI-Global Supply 228,China,44.2,33,0.867,true,2025-10-02 09:06:41+00,2025-10-02 09:06:41+00
45afb115-eb38-5e8f-8f48-f491d77c8214,CHI-Prime Supply 229,China,85.9,14,0.7681,true,2025-10-02 09:06:16+00,2025-10-02 09:06:16+00
7de7b716-3ff4-57fe-a95e-72300415b723,CHI-Nova Supply 230,China,108.22,23,0.8559,true,2025-10-02 09:06:01+00,2025-10-02 09:06:01+00
74020953-6b71-5446-96f1-9677eb79befc,VIE-Delta Supply 231,Vietnam,83.45,11,0.8405,true,2025-10-02 09:25:19+00,2025-10-02 09:25:19+00
ff72dbf8-f532-5792-a708-71fbf4d227ec,USA-Precision Supply 232,USA,42.51,8,0.9555,true,2025-10-02 09:05:58+00,2025-10-02 09:05:58+00
756358ae-b261-5982-a3b9-4afd7624e02f,CHI-Alloy Supply 233,China,64.98,30,0.8946,true,2025-10-02 09:00:26+00,2025-10-02 09:00:26+00
7d202787-0956-5846-a4f1-c9096d7e3738,GER-Poly Supply 234,Germany,43.75,13,0.942,true,2025-10-02 09:01:44+00,2025-10-02 09:01:44+00
12a27214-b694-52ee-b438-f562464ad5b0,CHI-Micro Supply 235,China,66.42,20,0.8628,true,2025-10-02 09:09:11+00,2025-10-02 09:09:11+00
4ee9fbbf-1b46-5efe-8889-8abb3561e004,MEX-Global Supply 236,Mexico,42.11,18,0.737,true,2025-10-02 09:03:34+00,2025-10-02 09:03:34+00
c18ebda0-2160-58a2-b9aa-3ee05b313ed3,CHI-Prime Supply 237,China,36.07,27,0.8594,true,2025-10-02 09:14:05+00,2025-10-02 09:14:05+00
92d61498-4160-5877-8dbc-fadc4e54f4d0,CHI-Nova Supply 238,China,92.82,52,0.8192,true,2025-10-02 09:08:58+00,2025-10-02 09:08:58+00
fc346ac0-1292-5175-85f3-c0557cb5e1be,IND-Delta Supply 239,India,88.87,35,0.7129,true,2025-10-02 09:16:10+00,2025-10-02 09:16:10+00
8287bc7d-3ff0-533a-94cf-d16a03c87dd8,GER-Precision Supply 240,Germany,56.78,8,0.8609,true,2025-10-02 09:29:43+00,2025-10-02 09:29:43+00
a928cadf-61dd-5207-b5e0-d503881ff646,CHI-Alloy Supply 241,China,114.99,55,0.8943,true,2025-10-02 09:19:22+00,2025-10-02 09:19:22+00
51e30eaf-728f-5bff-82f3-1d2b923efd7e,USA-Poly Supply 242,USA,44.31,8,0.8034,true,2025-10-02 09:20:12+00,2025-10-02 09:20:12+00
f15e24ce-25d8-5410-b645-3ae0c1e07ea1,VIE-Micro Supply 243,Vietnam,66.06,47,0.7304,true,2025-10-02 09:24:37+00,2025-10-02 09:24:37+00
732e73e2-04bb-521f-8515-03676bbfaeed,MEX-Global Supply 244,Mexico,106.51,7,0.886,true,2025-10-02 09:26:16+00,2025-10-02 09:26:16+00
45b49c63-a188-5981-826c-588e0da61071,USA-Prime Supply 245,USA,27.48,7,0.9412,true,2025-10-02 09:03:56+00,2025-10-02 09:03:56+00
90155f72-62df-5116-afa1-20131b2a2b45,GER-Nova Supply 246,Germany,61.02,9,0.9628,true,2025-10-02 09:17:47+00,2025-10-02 09:17:47+00
9e88b1d4-690d-5723-afbe-2029d5b05c8e,GER-Delta Supply 247,Germany,117.06,11,0.9352,true,2025-10-02 09:28:32+00,2025-10-02 09:28:32+00
a3c57775-7ced-5df4-b895-9bddd14dd34c,IND-Precision Supply 248,India,28.04,27,0.7004,true,2025-10-02 09:04:21+00,2025-10-02 09:04:21+00
c0e3813f-67d4-57eb-897a-8ecb4c72bbfe,CHI-Alloy Supply 249,China,134.82,42,0.8657,true,2025-10-02 09:15:30+00,2025-10-02 09:15:30+00
80aac7c8-c627-5a2f-8ccf-412b7ee6882b,USA-Poly Supply 250,USA,116.99,7,0.9551,true,2025-10-02 09:19:11+00,2025-10-02 09:19:11+00
67924c81-3af6-50ee-9028-58c0d09c44b8,IND-Micro Supply 251,India,139.1,32,0.9271,true,2025-10-02 09:03:40+00,2025-10-02 09:03:40+00
f4457fd5-a9a3-50ab-a91c-47c455722086,IND-Global Supply 252,India,37.42,40,0.6965,true,2025-10-02 09:05:24+00,2025-10-02 09:05:24+00
d226de74-af36-5a13-a390-4a8912009082,USA-Prime Supply 253,USA,147.3,8,0.9037,true,2025-10-02 09:06:41+00,2025-10-02 09:06:41+00
2537cc62-092c-583e-b7eb-1e3ed12e267b,GER-Nova Supply 254,Germany,50.36,10,0.8692,true,2025-10-02 09:08:02+00,2025-10-02 09:08:02+00
0478316b-ec5b-5777-a9be-075cdf1e19af,USA-Delta Supply 255,USA,80.04,3,0.9681,true,2025-10-02 09:12:12+00,2025-10-02 09:12:12+00
50583607-acdd-50db-b38b-387bbe2e9194,USA-Precision Supply 256,USA,90.03,6,0.7797,true,2025-10-02 09:25:08+00,2025-10-02 09:25:08+00
4448b932-86d3-5be1-b994-cd0971b4a5e6,USA-Alloy Supply 257,USA,120.76,11,0.7864,true,2025-10-02 09:18:26+00,2025-10-02 09:18:26+00
7d2e7b4f-ccf6-5ac8-b4ce-3b6aa4b20f11,IND-Poly Supply 258,India,73.76,33,0.8578,true,2025-10-02 09:17:42+00,2025-10-02 09:17:42+00
e1aed385-955b-5a42-b2e4-3b1bcea01848,USA-Micro Supply 259,USA,67.97,11,0.9004,true,2025-10-02 09:23:17+00,2025-10-02 09:23:17+00
27cb1fba-42f2-5e51-a92f-e137b9215c87,IND-Global Supply 260,India,47.0,24,0.8832,true,2025-10-02 09:04:18+00,2025-10-02 09:04:18+00
c4c575dd-dd7a-5ca2-946b-da0626309d82,VIE-Prime Supply 261,Vietnam,54.58,36,0.8675,true,2025-10-02 09:07:47+00,2025-10-02 09:07:47+00
62040523-fd20-51e0-8c47-c29347a392a1,CHI-Nova Supply 262,China,46.15,16,0.9352,true,2025-10-02 09:24:08+00,2025-10-02 09:24:08+00
a831a428-37f8-583a-a717-e50ffe4db1d2,VIE-Delta Supply 263,Vietnam,40.94,15,0.7254,true,2025-10-02 09:27:21+00,2025-10-02 09:27:21+00
4fb608e8-4baf-5e4b-9821-1845c4ede3b5,GER-Precision Supply 264,Germany,103.76,14,0.9435,true,2025-10-02 09:24:50+00,2025-10-02 09:24:50+00
5485d752-3e9a-5fed-85aa-2f67a099ad3d,USA-Alloy Supply 265,USA,68.91,7,0.9284,true,2025-10-02 09:15:23+00,2025-10-02 09:15:23+00
d01272fb-fd3d-5d12-9d98-bab8a78e7580,CHI-Poly Supply 266,China,130.05,43,0.9528,true,2025-10-02 09:13:38+00,2025-10-02 09:13:38+00
5c2f5c6b-cbc2-5eef-a1f7-b6b7f1eeae4b,MEX-Micro Supply 267,Mexico,72.48,11,0.7118,true,2025-10-02 09:27:53+00,2025-10-02 09:27:53+00
54fea344-88f8-526c-86de-8bd7a67f0212,CHI-Global Supply 268,China,91.64,23,0.7952,true,2025-10-02 09:22:17+00,2025-10-02 09:22:17+00
4bc6ed7e-4414-58c1-9f30-916aba6aafc0,USA-Prime Supply 269,USA,55.34,9,0.9083,true,2025-10-02 09:01:37+00,2025-10-02 09:01:37+00
52b509f2-2fde-580b-a3c5-fb440f572114,USA-Nova Supply 270,USA,42.03,7,0.8725,true,2025-10-02 09:11:47+00,2025-10-02 09:11:47+00
67d6ee51-b958-595a-94db-6e78e0cada57,IND-Delta Supply 271,India,79.77,46,0.8024,true,2025-10-02 09:00:49+00,2025-10-02 09:00:49+00
d2c87000-5b70-5976-a25c-9eda509d61cf,MEX-Precision Supply 272,Mexico,48.41,6,0.7932,true,2025-10-02 09:29:38+00,2025-10-02 09:29:38+00
4554a8c8-61fc-5ca7-aa47-479cb2549bd6,USA-Alloy Supply 273,USA,65.6,7,0.9333,true,2025-10-02 09:13:38+00,2025-10-02 09:13:38+00
b5751e88-7fc1-5c1e-8a7b-3794792e860b,CHI-Poly Supply 274,China,76.99,31,0.8998,true,2025-10-02 09:13:54+00,2025-10-02 09:13:54+00
9e1b4b29-9edf-5fd7-81da-245e59963411,GER-Micro Supply 275,Germany,26.63,12,0.9773,true,2025-10-02 09:24:01+00,2025-10-02 09:24:01+00
2ed33d3c-944a-5896-9b93-9464fa05f042,IND-Global Supply 276,India,45.96,30,0.8732,true,2025-10-02 09:25:37+00,2025-10-02 09:25:37+00
83849b12-4620-59d2-b438-9966f67e1be7,CHI-Prime Supply 277,China,75.04,41,0.8537,true,2025-10-02 09:28:54+00,2025-10-02 09:28:54+00
fad0cced-1f9a-5e20-ae7e-a35c1abc420b,GER-Nova Supply 278,Germany,57.5,20,0.9054,true,2025-10-02 09:23:58+00,2025-10-02 09:23:58+00
eade953b-7d01-5fb7-bd66-8cb56595e13d,USA-Delta Supply 279,USA,166.99,9,0.8819,true,2025-10-02 09:16:57+00,2025-10-02 09:16:57+00
bb1defc6-b5ce-577f-ae63-a6d24be3b99b,USA-Precision Supply 280,USA,98.67,8,0.9262,true,2025-10-02 09:14:33+00,2025-10-02 09:14:33+00
ed95e8f1-9b8b-5b94-af4b-0b4df4240618,VIE-Alloy Supply 281,Vietnam,115.3,21,0.9155,true,2025-10-02 09:29:36+00,2025-10-02 09:29:36+00
0e78f6dc-02ac-50bd-b875-bd924509b666,IND-Poly Supply 282,India,42.71,23,0.7535,true,2025-10-02 09:29:32+00,2025-10-02 09:29:32+00
b05f8cdc-060d-5baa-9cca-0a1fd36d0a98,CHI-Micro Supply 283,China,137.32,32,0.8643,true,2025-10-02 09:04:19+00,2025-10-02 09:04:19+00
d180a995-d922-5f2c-bced-fe3f84df9c0b,VIE-Global Supply 284,Vietnam,77.95,46,0.8322,true,2025-10-02 09:18:35+00,2025-10-02 09:18:35+00
c7f85a6e-c03b-5337-af74-ec820df6d5ee,CHI-Prime Supply 285,China,64.69,20,0.6689,true,2025-10-02 09:05:58+00,2025-10-02 09:05:58+00
9e7620ff-677e-5517-b597-c505e4b458fe,CHI-Nova Supply 286,China,51.79,29,0.849,true,2025-10-02 09:11:21+00,2025-10-02 09:11:21+00
e65328be-67a8-5b41-8bf5-0c84eb24ba2a,MEX-Delta Supply 287,Mexico,34.98,11,0.5982,true,2025-10-02 09:14:57+00,2025-10-02 09:14:57+00
cbd13d25-d4b8-50a6-a6ff-8ecec2b6eaaf,MEX-Precision Supply 288,Mexico,29.91,13,0.7847,true,2025-10-02 09:21:17+00,2025-10-02 09:21:17+00
8b734f65-70ad-5619-9803-e52e2bdf9321,CHI-Alloy Supply 289,China,43.78,34,0.9045,true,2025-10-02 09:22:33+00,2025-10-02 09:22:33+00
3874fe00-4f3a-57aa-8105-0664099ea857,USA-Poly Supply 290,USA,66.9,8,0.8232,true,2025-10-02 09:13:06+00,2025-10-02 09:13:06+00
093d922c-3e24-582a-aba5-b3520432eec6,IND-Micro Supply 291,India,68.72,13,0.8073,true,2025-10-02 09:28:00+00,2025-10-02 09:28:00+00
9261f969-1c1c-5723-ac13-d933bcf9f419,CHI-Global Supply 292,China,158.91,28,0.9059,true,2025-10-02 09:17:01+00,2025-10-02 09:17:01+00
3eed2f97-17cf-5754-95af-a1e6d8d907d9,GER-Prime Supply 293,Germany,120.09,11,0.9586,true,2025-10-02 09:28:32+00,2025-10-02 09:28:32+00
57312c0b-4717-5278-aa1b-1b0e041e2256,CHI-Nova Supply 294,China,113.09,33,0.792,true,2025-10-02 09:17:24+00,2025-10-02 09:17:24+00
3787edc5-94f3-5f59-88f6-deef6f68bbfe,VIE-Delta Supply 295,Vietnam,51.93,19,0.7868,true,2025-10-02 09:00:29+00,2025-10-02 09:00:29+00
291ab4ce-8dad-5268-af29-f4e1af89d306,CHI-Precision Supply 296,China,97.92,23,0.757,true,2025-10-02 09:07:58+00,2025-10-02 09:07:58+00
059cd98a-23bc-5d72-a644-fa73e9c82337,GER-Alloy Supply 297,Germany,82.38,9,0.8785,true,2025-10-02 09:27:11+00,2025-10-02 09:27:11+00
45f50efa-8acd-5e2e-a313-597698be368f,MEX-Poly Supply 298,Mexico,70.99,9,0.9176,true,2025-10-02 09:05:18+00,2025-10-02 09:05:18+00
7a204814-149e-5ef6-92da-edb3dc6f65db,GER-Micro Supply 299,Germany,67.87,13,0.9677,true,2025-10-02 09:25:26+00,2025-10-02 09:25:26+00
ac164238-2212-5dd4-9422-65ff4edbcd16,CHI-Global Supply 300,China,40.98,24,0.9429,true,2025-10-02 09:21:43+00,2025-10-02 09:21:43+00
264c9ac8-9c12-5ec3-a90c-124a04606a0d,CHI-Prime Supply 301,China,82.28,51,0.8715,true,2025-10-02 09:13:19+00,2025-10-02 09:13:19+00
c9a2d072-aa79-5436-a92e-6a5de01ad0a4,MEX-Nova Supply 302,Mexico,71.99,11,0.8559,true,2025-10-02 09:28:06+00,2025-10-02 09:28:06+00
929f8222-bce3-5ade-9726-06a45c731d41,CHI-Delta Supply 303,China,153.35,22,0.7758,true,2025-10-02 09:18:25+00,2025-10-02 09:18:25+00
28e4239e-6361-57a3-a385-ba6560b7880b,CHI-Precision Supply 304,China,66.61,45,0.8875,true,2025-10-02 09:20:53+00,2025-10-02 09:20:53+00
77742ece-e47e-554c-82e2-2b2f320c0b41,USA-Alloy Supply 305,USA,104.38,10,0.7944,true,2025-10-02 09:15:18+00,2025-10-02 09:15:18+00
d79c7795-a0cf-53c8-b67e-19ca59ac1a51,GER-Poly Supply 306,Germany,124.12,16,0.7858,true,2025-10-02 09:20:12+00,2025-10-02 09:20:12+00
3cfa1aca-fc2f-5341-b00f-320267f64da1,MEX-Micro Supply 307,Mexico,64.04,14,0.9063,true,2025-10-02 09:24:11+00,2025-10-02 09:24:11+00
038c6809-3a0d-5fbb-867d-fb0ee59b7ccb,IND-Global Supply 308,India,36.89,19,0.7112,true,2025-10-02 09:23:13+00,2025-10-02 09:23:13+00
0359f9cb-27de-5a4e-8c56-bc7021268b08,VIE-Prime Supply 309,Vietnam,53.01,32,0.8482,true,2025-10-02 09:10:59+00,2025-10-02 09:10:59+00
c3ae80a4-5248-5d44-b10c-ea964f4add58,CHI-Nova Supply 310,China,72.56,33,0.9406,true,2025-10-02 09:24:50+00,2025-10-02 09:24:50+00
fd5ccaed-3403-528a-a88e-b9003e7f6ce9,CHI-Delta Supply 311,China,38.31,23,0.922,true,2025-10-02 09:11:13+00,2025-10-02 09:11:13+00
64be6462-d756-5e82-b031-fed6159c669d,MEX-Precision Supply 312,Mexico,73.46,15,0.8813,true,2025-10-02 09:30:00+00,2025-10-02 09:30:00+00
8404a87e-5942-58a2-afc5-430405229eee,GER-Alloy Supply 313,Germany,109.84,11,0.9193,true,2025-10-02 09:15:00+00,2025-10-02 09:15:00+00
2237127f-1ded-5952-b1af-4abbabce07f4,CHI-Poly Supply 314,China,64.03,31,0.8422,true,2025-10-02 09:29:24+00,2025-10-02 09:29:24+00
576a206e-4943-5586-a484-5d5f64e27dc1,MEX-Micro Supply 315,Mexico,45.68,9,0.9005,true,2025-10-02 09:13:50+00,2025-10-02 09:13:50+00
15f4db9f-f958-53d0-b210-a4a8543f3509,GER-Global Supply 316,Germany,46.83,9,0.928,true,2025-10-02 09:17:18+00,2025-10-02 09:17:18+00
c9859856-865b-56ed-ad3f-bb70e8aaa1a3,USA-Prime Supply 317,USA,136.91,6,0.7519,true,2025-10-02 09:18:31+00,2025-10-02 09:18:31+00
a93e4222-d445-5c35-8077-dd832525bb5e,CHI-Nova Supply 318,China,107.64,21,0.8797,true,2025-10-02 09:02:06+00,2025-10-02 09:02:06+00
6e267068-73ce-5f11-9e7c-aa490c619b54,CHI-Delta Supply 319,China,105.43,19,0.9456,true,2025-10-02 09:18:56+00,2025-10-02 09:18:56+00
7119fb3f-a3c6-52b7-ba85-0b30f7065eeb,IND-Precision Supply 320,India,74.83,18,0.7368,true,2025-10-02 09:23:33+00,2025-10-02 09:23:33+00
f4dd881d-81be-5997-92a3-e398589e56d5,GER-Alloy Supply 321,Germany,49.61,10,0.9106,true,2025-10-02 09:15:21+00,2025-10-02 09:15:21+00
3bcd5dcf-bef0-504e-a22e-25a869e3f677,CHI-Poly Supply 322,China,52.93,23,0.9411,true,2025-10-02 09:17:13+00,2025-10-02 09:17:13+00
9a9f4c7b-d484-59fa-8bc0-9d169cb5a272,CHI-Micro Supply 323,China,57.27,24,0.9254,true,2025-10-02 09:11:02+00,2025-10-02 09:11:02+00
1bdd317c-80a6-5893-805d-940af8b107e3,CHI-Global Supply 324,China,32.51,26,0.7941,true,2025-10-02 09:21:44+00,2025-10-02 09:21:44+00
f971bc59-922d-54fe-836e-fe96ac908db4,USA-Prime Supply 325,USA,39.72,5,0.7843,true,2025-10-02 09:06:08+00,2025-10-02 09:06:08+00
a04395ac-2eff-5277-acf7-ecbb69cfd7a0,CHI-Nova Supply 326,China,50.91,28,0.7072,true,2025-10-02 09:01:11+00,2025-10-02 09:01:11+00
a149ae12-9ceb-5093-9927-e99e5d7d4a47,IND-Delta Supply 327,India,26.29,20,0.8825,true,2025-10-02 09:22:14+00,2025-10-02 09:22:14+00
e094ba97-dc8c-5d3a-ab5e-c061c91d1dd8,MEX-Precision Supply 328,Mexico,26.02,6,0.6459,true,2025-10-02 09:24:58+00,2025-10-02 09:24:58+00
ab829965-8be0-51cb-a502-19769b82c932,IND-Alloy Supply 329,India,52.56,21,0.8444,true,2025-10-02 09:23:02+00,2025-10-02 09:23:02+00
52c611d7-2e74-5cec-8a71-9d3d6516b488,GER-Poly Supply 330,Germany,50.76,12,0.7568,true,2025-10-02 09:10:36+00,2025-10-02 09:10:36+00
2592b25e-084a-5672-a730-128358a614c3,GER-Micro Supply 331,Germany,63.27,10,0.9669,true,2025-10-02 09:22:32+00,2025-10-02 09:22:32+00
884aba93-38cd-594a-a29f-45c0a1b94ac3,VIE-Global Supply 332,Vietnam,101.01,15,0.8815,true,2025-10-02 09:04:22+00,2025-10-02 09:04:22+00
9da5669b-782c-5486-8bc6-290187a8a6e1,USA-Prime Supply 333,USA,85.88,5,0.8992,true,2025-10-02 09:04:55+00,2025-10-02 09:04:55+00
b7741a1a-d9ae-5b40-a3ef-94bf463e842c,CHI-Nova Supply 334,China,44.17,44,0.7878,true,2025-10-02 09:28:29+00,2025-10-02 09:28:29+00
36f46b15-16c0-5033-96ef-e68252b54ae3,USA-Delta Supply 335,USA,52.57,3,0.963,true,2025-10-02 09:29:20+00,2025-10-02 09:29:20+00
00105e34-9877-54ae-aa8b-c422d5bbaf2c,VIE-Precision Supply 336,Vietnam,70.43,27,0.5998,true,2025-10-02 09:09:09+00,2025-10-02 09:09:09+00
7a013b8b-c2f1-58c5-8906-55c5ed3b5dab,IND-Alloy Supply 337,India,68.12,23,0.8127,true,2025-10-02 09:03:14+00,2025-10-02 09:03:14+00
e8b2df34-27d3-5a64-a7af-56c9de4b2b58,USA-Poly Supply 338,USA,71.82,5,0.6717,true,2025-10-02 09:08:18+00,2025-10-02 09:08:18+00
c1e42c42-405f-5e0b-866c-0f268b145419,CHI-Micro Supply 339,China,149.29,22,0.8566,true,2025-10-02 09:00:04+00,2025-10-02 09:00:04+00
588a42d6-d84c-579a-b2aa-e1358e196f99,IND-Global Supply 340,India,100.73,18,0.9134,true,2025-10-02 09:07:02+00,2025-10-02 09:07:02+00
75714d60-bc40-5026-8713-ca5330db50ec,CHI-Prime Supply 341,China,26.14,28,0.7956,true,2025-10-02 09:21:54+00,2025-10-02 09:21:54+00
d1916d04-f18f-5a0c-a865-a1851f1765dc,VIE-Nova Supply 342,Vietnam,55.43,27,0.8276,true,2025-10-02 09:10:57+00,2025-10-02 09:10:57+00
91639790-f592-56b6-9062-5e07188cb7d0,MEX-Delta Supply 343,Mexico,71.44,8,0.793,true,2025-10-02 09:24:57+00,2025-10-02 09:24:57+00
a64da59a-a30a-511c-8052-b1e5dbf5875a,USA-Precision Supply 344,USA,52.3,11,0.8496,true,2025-10-02 09:21:36+00,2025-10-02 09:21:36+00
6bee0d06-7a05-5096-9ee3-83c53a9bfe0e,CHI-Alloy Supply 345,China,57.76,52,0.8069,true,2025-10-02 09:29:45+00,2025-10-02 09:29:45+00
59366e27-c227-559c-b442-66ce650bc786,VIE-Poly Supply 346,Vietnam,90.36,31,0.7457,true,2025-10-02 09:29:17+00,2025-10-02 09:29:17+00
4ddff432-9e7e-54f7-9cae-dde345a7b324,USA-Micro Supply 347,USA,71.59,10,0.9345,true,2025-10-02 09:13:49+00,2025-10-02 09:13:49+00
c4bc086c-31de-5bd1-8a89-5c5a41c2ece6,CHI-Global Supply 348,China,33.95,35,0.772,true,2025-10-02 09:24:46+00,2025-10-02 09:24:46+00
41eeff49-0b35-5b0b-af67-994c4c28873f,GER-Prime Supply 349,Germany,92.5,10,0.9251,true,2025-10-02 09:09:45+00,2025-10-02 09:09:45+00
b3ccd90b-dfce-5164-8c60-0a7aca722416,IND-Nova Supply 350,India,28.92,26,0.8204,true,2025-10-02 09:25:08+00,2025-10-02 09:25:08+00
0107d693-ff47-5580-be40-aa22ed1986bd,CHI-Delta Supply 351,China,73.65,26,0.9295,true,2025-10-02 09:08:52+00,2025-10-02 09:08:52+00
72c211cc-eb95-5e2a-b5e6-286f9fbffc13,GER-Precision Supply 352,Germany,60.3,7,0.9679,true,2025-10-02 09:06:07+00,2025-10-02 09:06:07+00
8878b0ae-cecb-5c32-8cf6-00a69e635a18,VIE-Alloy Supply 353,Vietnam,62.93,31,0.7714,true,2025-10-02 09:23:11+00,2025-10-02 09:23:11+00
790ceceb-5521-5228-a66c-f4771af33afd,CHI-Poly Supply 354,China,80.4,35,0.9454,true,2025-10-02 09:28:28+00,2025-10-02 09:28:28+00
1296ca60-bdb6-5a3c-bbcd-b0e1e429e6ab,IND-Micro Supply 355,India,24.02,24,0.8422,true,2025-10-02 09:05:27+00,2025-10-02 09:05:27+00
27a9ca76-eb7b-5c59-b7e9-3ae86c280aef,CHI-Global Supply 356,China,74.21,32,0.8158,true,2025-10-02 09:03:20+00,2025-10-02 09:03:20+00
b5d994e3-ab87-5e6c-8d6c-c9e50f0a1d8e,GER-Prime Supply 357,Germany,78.78,7,0.8333,true,2025-10-02 09:14:23+00,2025-10-02 09:14:23+00
922c9c73-7b6b-506c-8e63-985b0e44bd6d,VIE-Nova Supply 358,Vietnam,42.08,13,0.8389,true,2025-10-02 09:16:54+00,2025-10-02 09:16:54+00
cb860f5d-baf8-5a1a-bb8d-715ea02920af,VIE-Delta Supply 359,Vietnam,151.79,27,0.7761,true,2025-10-02 09:28:24+00,2025-10-02 09:28:24+00
56cef91c-cf0f-54a3-9f64-354c25c9a8cb,USA-Precision Supply 360,USA,53.4,14,0.969,true,2025-10-02 09:15:44+00,2025-10-02 09:15:44+00
159e466e-d73e-5022-9fb0-0361637b1015,MEX-Alloy Supply 361,Mexico,49.02,11,0.7613,true,2025-10-02 09:29:36+00,2025-10-02 09:29:36+00
c4db1de4-f99b-5cf0-b411-e71a203839d6,CHI-Poly Supply 362,China,104.59,22,0.7982,true,2025-10-02 09:02:29+00,2025-10-02 09:02:29+00
fce5f831-ee41-50eb-9601-259f4d99d1f6,USA-Micro Supply 363,USA,41.28,8,0.7996,true,2025-10-02 09:23:23+00,2025-10-02 09:23:23+00
fc0b4afb-700b-5bcb-b18a-1862b641e21e,USA-Global Supply 364,USA,111.25,14,0.9172,true,2025-10-02 09:07:23+00,2025-10-02 09:07:23+00
cdf5118f-6cee-5a26-bdbe-95d0ff3a5d35,USA-Prime Supply 365,USA,49.37,5,0.9257,true,2025-10-02 09:02:22+00,2025-10-02 09:02:22+00
68d7cbc8-a865-521d-a0e2-8f1460ef7b77,GER-Nova Supply 366,Germany,32.1,9,0.8714,true,2025-10-02 09:02:49+00,2025-10-02 09:02:49+00
39ae7a80-9b2c-5dc2-be19-3bb832d98e87,IND-Delta Supply 367,India,49.92,18,0.9355,true,2025-10-02 09:09:59+00,2025-10-02 09:09:59+00
c8318b2c-9234-5182-9207-64076940ee94,MEX-Precision Supply 368,Mexico,46.3,11,0.9113,true,2025-10-02 09:13:40+00,2025-10-02 09:13:40+00
bbfd3953-8516-5dda-8821-bdcc27589298,CHI-Alloy Supply 369,China,79.38,35,0.7505,true,2025-10-02 09:24:44+00,2025-10-02 09:24:44+00
f576d184-b434-5c30-914a-97191069d013,USA-Poly Supply 370,USA,75.03,8,0.8398,true,2025-10-02 09:20:33+00,2025-10-02 09:20:33+00
cdeed455-dc9f-513f-87b0-aa7d9f46ee0e,VIE-Micro Supply 371,Vietnam,30.23,27,0.8943,true,2025-10-02 09:07:57+00,2025-10-02 09:07:57+00
9da8d977-57bb-549c-a7e3-4373f964ff96,CHI-Global Supply 372,China,81.01,40,0.7992,true,2025-10-02 09:09:28+00,2025-10-02 09:09:28+00
15cecf0f-796f-519e-86d9-fbc0cf139fe7,IND-Prime Supply 373,India,33.27,23,0.911,true,2025-10-02 09:10:54+00,2025-10-02 09:10:54+00
aa586904-270f-59e0-8e5d-14ffb23e4d05,MEX-Nova Supply 374,Mexico,68.94,18,0.7453,true,2025-10-02 09:15:49+00,2025-10-02 09:15:49+00
ca47bed7-1e53-5d2d-87e9-0f0adf955fe3,USA-Delta Supply 375,USA,78.65,9,0.77,true,2025-10-02 09:13:14+00,2025-10-02 09:13:14+00
de791a9e-50d9-5b12-be32-664803f65b98,CHI-Precision Supply 376,China,58.94,36,0.9088,true,2025-10-02 09:13:49+00,2025-10-02 09:13:49+00
1c07f70a-c181-54a4-971f-692b21192f66,CHI-Alloy Supply 377,China,69.24,21,0.8731,true,2025-10-02 09:25:43+00,2025-10-02 09:25:43+00
0953b266-a646-5360-87dd-d1da5540ff05,MEX-Poly Supply 378,Mexico,41.11,6,0.9151,true,2025-10-02 09:10:54+00,2025-10-02 09:10:54+00
143cd977-afa1-52da-9231-baa990f87a62,GER-Micro Supply 379,Germany,97.47,14,0.9212,true,2025-10-02 09:26:56+00,2025-10-02 09:26:56+00
1885630e-b2df-5380-bddb-899188b90e03,GER-Global Supply 380,Germany,40.53,15,0.8452,true,2025-10-02 09:11:56+00,2025-10-02 09:11:56+00
d679954e-25c1-50ad-ad37-cf946eab6755,VIE-Prime Supply 381,Vietnam,83.94,27,0.8759,true,2025-10-02 09:18:32+00,2025-10-02 09:18:32+00
145680b0-7169-50c0-870e-bd204709d72d,IND-Nova Supply 382,India,149.81,25,0.7827,true,2025-10-02 09:26:59+00,2025-10-02 09:26:59+00
ed4a2d56-5d9d-521b-9fc1-b6c46f626c2f,GER-Delta Supply 383,Germany,69.82,8,0.9512,true,2025-10-02 09:12:17+00,2025-10-02 09:12:17+00
29f0c371-efb4-522d-ae1b-82b4e1b002d1,IND-Precision Supply 384,India,138.44,14,0.8319,true,2025-10-02 09:29:14+00,2025-10-02 09:29:14+00
4128584c-ef16-58c6-8620-a65323ee4fd3,VIE-Alloy Supply 385,Vietnam,84.95,33,0.8542,true,2025-10-02 09:24:49+00,2025-10-02 09:24:49+00
763ae6cd-85fb-57f3-87fd-86d275de9053,USA-Poly Supply 386,USA,84.86,8,0.863,true,2025-10-02 09:22:08+00,2025-10-02 09:22:08+00
1e7eb521-57ad-53ee-8f91-8720d53c4061,GER-Micro Supply 387,Germany,100.51,19,0.9026,true,2025-10-02 09:07:43+00,2025-10-02 09:07:43+00
5431a8b7-52b8-5b8c-93e4-de45cd614e24,USA-Global Supply 388,USA,132.24,6,0.725,true,2025-10-02 09:13:04+00,2025-10-02 09:13:04+00
4fb176f3-18dd-54b5-8f46-d3cd0cea8811,VIE-Prime Supply 389,Vietnam,57.58,45,0.9034,true,2025-10-02 09:07:03+00,2025-10-02 09:07:03+00
996d5494-39b1-59ae-a472-16818c620186,CHI-Nova Supply 390,China,63.47,15,0.9161,true,2025-10-02 09:09:15+00,2025-10-02 09:09:15+00
4d440d38-8c92-510d-9a90-8633cb8ca09c,IND-Delta Supply 391,India,79.42,24,0.8974,true,2025-10-02 09:09:08+00,2025-10-02 09:09:08+00
5e3a9dc0-1e21-5501-b703-0abf59cddf4d,USA-Precision Supply 392,USA,64.73,7,0.8446,true,2025-10-02 09:18:01+00,2025-10-02 09:18:01+00
7d5e5d90-74b8-5f78-b499-ce2b94c59278,IND-Alloy Supply 393,India,50.52,27,0.9121,true,2025-10-02 09:04:57+00,2025-10-02 09:04:57+00
89064865-cf90-5850-942a-47a5bcb78140,CHI-Poly Supply 394,China,55.24,20,0.6993,true,2025-10-02 09:13:04+00,2025-10-02 09:13:04+00
725f8373-206c-553c-b33e-e4e15cbd2733,CHI-Micro Supply 395,China,63.08,33,0.7842,true,2025-10-02 09:02:56+00,2025-10-02 09:02:56+00
ec74e1a1-fdfe-50e8-8abd-7cad8b4eec4d,IND-Global Supply 396,India,108.38,27,0.8366,true,2025-10-02 09:26:32+00,2025-10-02 09:26:32+00
b218bd5b-7bd3-5e25-913d-8111a8b5fe46,GER-Prime Supply 397,Germany,64.46,13,0.8867,true,2025-10-02 09:13:00+00,2025-10-02 09:13:00+00
4620f797-1980-5b02-94c8-f32254c54b78,USA-Nova Supply 398,USA,49.58,12,0.803,true,2025-10-02 09:06:43+00,2025-10-02 09:06:43+00
1a086d39-5a02-516f-a0e5-782762c3f309,USA-Delta Supply 399,USA,121.51,17,0.8096,true,2025-10-02 09:24:58+00,2025-10-02 09:24:58+00
d2c0a989-ae3a-5db1-acc9-be7e57c268b8,CHI-Precision Supply 400,China,43.55,27,0.7636,true,2025-10-02 09:21:41+00,2025-10-02 09:21:41+00
90a365da-b247-549b-be5d-7a4d8ebb188f,USA-Alloy Supply 401,USA,57.33,8,0.8442,true,2025-10-02 09:29:27+00,2025-10-02 09:29:27+00
c923d666-5f4f-5179-8005-eac356161ce8,USA-Poly Supply 402,USA,77.58,10,0.8474,true,2025-10-02 09:16:27+00,2025-10-02 09:16:27+00
5cad2b5a-c8f1-557f-bf5a-3258a3dba7b2,MEX-Micro Supply 403,Mexico,216.62,10,0.8096,true,2025-10-02 09:12:56+00,2025-10-02 09:12:56+00
07253a28-2d7d-59c5-9b16-cf0a350c59e9,VIE-Global Supply 404,Vietnam,46.7,29,0.5813,true,2025-10-02 09:07:25+00,2025-10-02 09:07:25+00
7c016e60-77ed-5c4d-8e3d-8583f7795b6d,IND-Prime Supply 405,India,111.01,20,0.837,true,2025-10-02 09:15:03+00,2025-10-02 09:15:03+00
57172c52-28d8-5faf-bd8a-9b2cd9f21787,MEX-Nova Supply 406,Mexico,50.41,9,0.6356,true,2025-10-02 09:17:58+00,2025-10-02 09:17:58+00
1facd19a-99be-59d5-96d7-a81c1fe81c83,IND-Delta Supply 407,India,58.38,32,0.9286,true,2025-10-02 09:11:47+00,2025-10-02 09:11:47+00
f604b1d3-06b1-51fb-9232-598887821f47,VIE-Precision Supply 408,Vietnam,78.93,25,0.9193,true,2025-10-02 09:06:03+00,2025-10-02 09:06:03+00
ac2de1f6-8801-5bbd-9a46-b28e82730588,CHI-Alloy Supply 409,China,77.94,27,0.8756,true,2025-10-02 09:09:28+00,2025-10-02 09:09:28+00
28aa3097-8207-5d7e-9f2d-5399e01c78f1,CHI-Poly Supply 410,China,103.17,28,0.9139,true,2025-10-02 09:16:38+00,2025-10-02 09:16:38+00
abdd418d-23ed-57b3-a112-97b104d9ccf5,CHI-Micro Supply 411,China,63.36,28,0.8004,true,2025-10-02 09:26:30+00,2025-10-02 09:26:30+00
24fffd70-c7df-5cd4-8a20-09b322678820,CHI-Global Supply 412,China,56.27,27,0.813,true,2025-10-02 09:28:30+00,2025-10-02 09:28:30+00
33e78370-cb34-59a8-874d-c0c6ff85b9cd,VIE-Prime Supply 413,Vietnam,55.29,41,0.7649,true,2025-10-02 09:08:34+00,2025-10-02 09:08:34+00
25327de4-f1d4-566a-8b09-1062237b0ba4,MEX-Nova Supply 414,Mexico,135.0,17,0.8247,true,2025-10-02 09:00:40+00,2025-10-02 09:00:40+00
62a3b080-4c89-5e59-83d1-449fbc838196,VIE-Delta Supply 415,Vietnam,44.54,18,0.9438,true,2025-10-02 09:05:53+00,2025-10-02 09:05:53+00
aeb0ec32-132c-51a8-b42b-58a362e2d980,GER-Precision Supply 416,Germany,57.56,8,0.8775,true,2025-10-02 09:22:14+00,2025-10-02 09:22:14+00
fcf5563a-5b8e-5394-9fe4-a517af62d981,CHI-Alloy Supply 417,China,26.22,19,0.8925,true,2025-10-02 09:16:57+00,2025-10-02 09:16:57+00
d0ff37c2-4d0a-513c-8b90-3d9c9355ceda,VIE-Poly Supply 418,Vietnam,156.47,42,0.7905,true,2025-10-02 09:12:32+00,2025-10-02 09:12:32+00
5753ff0a-2a11-5545-afd1-78cc5eeeda11,IND-Micro Supply 419,India,78.54,18,0.7793,true,2025-10-02 09:21:24+00,2025-10-02 09:21:24+00
8c78a253-1c63-57cb-b51d-e3dbfc580f6b,MEX-Global Supply 420,Mexico,82.88,6,0.9061,true,2025-10-02 09:23:07+00,2025-10-02 09:23:07+00
945dd45d-d78f-5510-9b1c-a8a3b0926d08,USA-Prime Supply 421,USA,36.35,14,0.9024,true,2025-10-02 09:27:59+00,2025-10-02 09:27:59+00
df9ec9f3-29be-57d3-804a-8a31b47c5f4a,GER-Nova Supply 422,Germany,100.06,11,0.7497,true,2025-10-02 09:29:33+00,2025-10-02 09:29:33+00
18fb6637-a4aa-5a5d-af32-5a090ec7bc57,CHI-Delta Supply 423,China,44.84,35,0.8537,true,2025-10-02 09:14:53+00,2025-10-02 09:14:53+00
093bfdbf-6ee4-563d-954f-f3b8bb67bf45,MEX-Precision Supply 424,Mexico,55.66,29,0.6146,true,2025-10-02 09:00:36+00,2025-10-02 09:00:36+00
6fa9f894-af5f-5889-b9f9-896283a16e5a,CHI-Alloy Supply 425,China,171.29,36,0.8455,true,2025-10-02 09:19:09+00,2025-10-02 09:19:09+00
55156a06-b8da-51ad-984e-7d39c6c529ad,CHI-Poly Supply 426,China,81.94,27,0.8504,true,2025-10-02 09:10:40+00,2025-10-02 09:10:40+00
0874926e-18d4-5f3c-87b7-29f315539dc3,CHI-Micro Supply 427,China,34.19,29,0.9221,true,2025-10-02 09:26:41+00,2025-10-02 09:26:41+00
f49b9514-fd26-5fac-ac05-afca615c0018,MEX-Global Supply 428,Mexico,69.03,10,0.7135,true,2025-10-02 09:16:10+00,2025-10-02 09:16:10+00
f3b4cdfd-8e29-59a8-9987-24c177afb4a5,MEX-Prime Supply 429,Mexico,52.89,14,0.8505,true,2025-10-02 09:26:42+00,2025-10-02 09:26:42+00
aa41bd26-86c0-589b-9521-b452a8248179,MEX-Nova Supply 430,Mexico,35.11,5,0.764,true,2025-10-02 09:20:47+00,2025-10-02 09:20:47+00
29252039-9424-5647-a78c-74678d18ca99,CHI-Delta Supply 431,China,77.95,31,0.867,true,2025-10-02 09:11:27+00,2025-10-02 09:11:27+00
5b6bcc7e-0033-55b9-b161-b7e2e986dd70,CHI-Precision Supply 432,China,86.92,29,0.866,true,2025-10-02 09:17:31+00,2025-10-02 09:17:31+00
4c2d20c4-1961-59cf-8133-ba9822f0806a,GER-Alloy Supply 433,Germany,81.34,15,0.8671,true,2025-10-02 09:08:28+00,2025-10-02 09:08:28+00
4bf72ed6-915d-54dc-8e0d-40e3f4265b3f,CHI-Poly Supply 434,China,90.47,18,0.9376,true,2025-10-02 09:13:21+00,2025-10-02 09:13:21+00
e45709fb-9a6e-550b-9b75-70d91148018d,IND-Micro Supply 435,India,83.63,30,0.7852,true,2025-10-02 09:08:44+00,2025-10-02 09:08:44+00
1bcc3f21-f860-5dde-92a2-66140488a21d,MEX-Global Supply 436,Mexico,56.8,10,0.7976,true,2025-10-02 09:02:20+00,2025-10-02 09:02:20+00
d1b43fac-eaef-500f-9e1a-bab1a723371b,CHI-Prime Supply 437,China,102.9,23,0.9392,true,2025-10-02 09:19:30+00,2025-10-02 09:19:30+00
aeb96790-dfa1-5e38-a91a-a2d2a034e0bd,CHI-Nova Supply 438,China,45.92,27,0.7568,true,2025-10-02 09:10:31+00,2025-10-02 09:10:31+00
bdcbd204-d9da-5846-a641-990fd992b913,USA-Delta Supply 439,USA,73.59,9,0.8934,true,2025-10-02 09:06:55+00,2025-10-02 09:06:55+00
c760279f-3fcb-5f9a-b7d4-53f3e2201e05,CHI-Precision Supply 440,China,68.62,27,0.9154,true,2025-10-02 09:00:19+00,2025-10-02 09:00:19+00
941e78f8-8e31-517f-a5d3-4c4b5bef116c,VIE-Alloy Supply 441,Vietnam,64.93,42,0.7381,true,2025-10-02 09:09:54+00,2025-10-02 09:09:54+00
3eef0049-e6e7-5dad-946c-0ef2e6ae3b6d,GER-Poly Supply 442,Germany,65.73,9,0.8104,true,2025-10-02 09:17:15+00,2025-10-02 09:17:15+00
f1e7b8ec-2aea-50c2-8f3a-0d27affb4808,MEX-Micro Supply 443,Mexico,95.12,13,0.7313,true,2025-10-02 09:19:20+00,2025-10-02 09:19:20+00
df5ee335-7adb-5868-8bd7-69faacce324d,CHI-Global Supply 444,China,111.32,25,0.8729,true,2025-10-02 09:28:17+00,2025-10-02 09:28:17+00
3a967db0-06da-5c43-9505-e7cf946f4ef6,MEX-Prime Supply 445,Mexico,63.89,8,0.9134,true,2025-10-02 09:02:38+00,2025-10-02 09:02:38+00
1dc66fd1-b810-5522-b958-6cf062733dc6,VIE-Nova Supply 446,Vietnam,7.89,53,0.8494,true,2025-10-02 09:29:33+00,2025-10-02 09:29:33+00
b1575560-44be-5756-ad9d-222778bc3b57,GER-Delta Supply 447,Germany,125.23,15,0.9475,true,2025-10-02 09:28:27+00,2025-10-02 09:28:27+00
4e110f01-5a56-5c33-a75f-8075bf21baa4,GER-Precision Supply 448,Germany,70.19,7,0.9454,true,2025-10-02 09:11:14+00,2025-10-02 09:11:14+00
516890a8-bb68-548f-9f89-5ef83c7cb84f,USA-Alloy Supply 449,USA,40.56,11,0.9648,true,2025-10-02 09:05:01+00,2025-10-02 09:05:01+00
f033c057-4fef-583c-9bbc-e25ef8e981f6,CHI-Poly Supply 450,China,114.41,27,0.8823,true,2025-10-02 09:19:35+00,2025-10-02 09:19:35+00
80991029-79ee-5168-a75e-27489e0d6fbc,USA-Micro Supply 451,USA,57.5,6,0.9529,true,2025-10-02 09:12:15+00,2025-10-02 09:12:15+00
ec54cf5e-eef4-58f9-b25c-1271f60e462c,IND-Global Supply 452,India,254.0,27,0.9603,true,2025-10-02 09:22:08+00,2025-10-02 09:22:08+00
e1a369cd-17ba-513a-b46c-57e65751b0ba,CHI-Prime Supply 453,China,83.58,22,0.8198,true,2025-10-02 09:02:41+00,2025-10-02 09:02:41+00
d2a0d80b-499c-5a7a-8a51-0dc54ff71664,MEX-Nova Supply 454,Mexico,25.12,8,0.786,true,2025-10-02 09:16:34+00,2025-10-02 09:16:34+00
1c0468bd-df99-50bc-b387-75d173f27465,CHI-Delta Supply 455,China,65.04,24,0.9529,true,2025-10-02 09:12:59+00,2025-10-02 09:12:59+00
f201cf66-9665-510c-aca8-119f027ea1d5,CHI-Precision Supply 456,China,123.97,41,0.8245,true,2025-10-02 09:18:17+00,2025-10-02 09:18:17+00
0a3cf53c-e833-5638-9a2d-5b1736364400,CHI-Alloy Supply 457,China,69.94,39,0.8233,true,2025-10-02 09:07:54+00,2025-10-02 09:07:54+00
9bdec196-4c1a-5f50-8a41-2ab8fcf07aa7,VIE-Poly Supply 458,Vietnam,55.1,55,0.7825,true,2025-10-02 09:22:59+00,2025-10-02 09:22:59+00
e1f97c14-167b-5419-bf15-c3399108cbd4,USA-Micro Supply 459,USA,194.05,9,0.8855,true,2025-10-02 09:22:46+00,2025-10-02 09:22:46+00
c4851b24-609f-535f-ae60-f9a1851057c4,IND-Global Supply 460,India,36.59,20,0.9168,true,2025-10-02 09:00:13+00,2025-10-02 09:00:13+00
7e9d99da-c4f2-5c67-a69d-518b479af947,IND-Prime Supply 461,India,37.49,28,0.9286,true,2025-10-02 09:21:29+00,2025-10-02 09:21:29+00
20fe9e04-354a-5e01-b734-d5eaf6270a6a,CHI-Nova Supply 462,China,52.62,23,0.8953,true,2025-10-02 09:05:36+00,2025-10-02 09:05:36+00
55167eea-28ad-559a-a679-c984cf7ae8b5,CHI-Delta Supply 463,China,40.8,24,0.7135,true,2025-10-02 09:21:36+00,2025-10-02 09:21:36+00
3869ab9d-bdf5-5914-ad5a-fd0d0eef5674,IND-Precision Supply 464,India,39.24,14,0.8479,true,2025-10-02 09:10:34+00,2025-10-02 09:10:34+00
e8d55945-013c-571b-99a1-737a7cbfc42f,IND-Alloy Supply 465,India,78.35,29,0.7787,true,2025-10-02 09:03:06+00,2025-10-02 09:03:06+00
e2079053-9f7f-598b-b8fe-d9e113a8145e,IND-Poly Supply 466,India,55.8,18,0.9241,true,2025-10-02 09:24:50+00,2025-10-02 09:24:50+00
45601469-c8aa-5b17-9930-0019b4de5006,VIE-Micro Supply 467,Vietnam,41.38,38,0.7776,true,2025-10-02 09:00:07+00,2025-10-02 09:00:07+00
25b0fc22-0b2e-56e3-b1d5-e240c468edab,USA-Global Supply 468,USA,69.98,5,0.927,true,2025-10-02 09:26:31+00,2025-10-02 09:26:31+00
696c9d88-ee9e-5620-9c19-4fc65ac0a70e,USA-Prime Supply 469,USA,114.84,10,0.9135,true,2025-10-02 09:16:48+00,2025-10-02 09:16:48+00
a18c5c4c-9e8e-5c76-be2d-cc9184f35907,GER-Nova Supply 470,Germany,78.26,17,0.9392,true,2025-10-02 09:22:11+00,2025-10-02 09:22:11+00
52591054-ca95-5f9d-96a4-a0f863cb8c33,USA-Delta Supply 471,USA,94.99,9,0.88,true,2025-10-02 09:00:15+00,2025-10-02 09:00:15+00
72648e4f-576e-511f-9153-a325b74aee8e,CHI-Precision Supply 472,China,115.46,11,0.8563,true,2025-10-02 09:22:39+00,2025-10-02 09:22:39+00
2eefd12c-c36b-5a0e-829b-411d3db417b2,VIE-Alloy Supply 473,Vietnam,107.22,39,0.9095,true,2025-10-02 09:27:39+00,2025-10-02 09:27:39+00
e4c57dda-95fc-538f-8542-9d2930c4d8c3,USA-Poly Supply 474,USA,98.36,14,0.789,true,2025-10-02 09:20:04+00,2025-10-02 09:20:04+00
57433a2a-f333-5c95-989c-03bde5c78631,CHI-Micro Supply 475,China,118.76,28,0.923,true,2025-10-02 09:06:42+00,2025-10-02 09:06:42+00
70520aa1-57d2-5096-be05-c47187eea54a,IND-Global Supply 476,India,65.01,25,0.8769,true,2025-10-02 09:19:59+00,2025-10-02 09:19:59+00
56c7e29d-78d0-5c95-b7bf-0d07b6b8e3e1,VIE-Prime Supply 477,Vietnam,44.85,38,0.9507,true,2025-10-02 09:22:04+00,2025-10-02 09:22:04+00
204c0f41-fc33-5237-b208-3ee9927ea0a6,CHI-Nova Supply 478,China,67.51,47,0.8968,true,2025-10-02 09:07:41+00,2025-10-02 09:07:41+00
b1b63f26-f6f8-534e-b26a-7b21ae5a611a,CHI-Delta Supply 479,China,43.95,23,0.7885,true,2025-10-02 09:24:32+00,2025-10-02 09:24:32+00
bdb16b66-f3c4-5207-a766-3016c78ce1c3,CHI-Precision Supply 480,China,71.3,42,0.7223,true,2025-10-02 09:04:40+00,2025-10-02 09:04:40+00
796cc231-3c76-541f-96e9-6e40dc4712ad,GER-Alloy Supply 481,Germany,88.35,9,0.9583,true,2025-10-02 09:08:17+00,2025-10-02 09:08:17+00
9fd679ec-6e71-561c-8820-7a312c4e68b6,GER-Poly Supply 482,Germany,51.24,5,0.8958,true,2025-10-02 09:14:54+00,2025-10-02 09:14:54+00
1ccfd411-9325-5394-93af-c8e6a6e5323c,MEX-Micro Supply 483,Mexico,75.58,13,0.8169,true,2025-10-02 09:22:13+00,2025-10-02 09:22:13+00
1e0a6bd0-2093-5f2f-907d-db5c83ce8b26,MEX-Global Supply 484,Mexico,116.51,9,0.8592,true,2025-10-02 09:20:29+00,2025-10-02 09:20:29+00
3541480f-4a67-5f85-861d-edb3932dcf69,GER-Prime Supply 485,Germany,54.15,11,0.9615,true,2025-10-02 09:16:59+00,2025-10-02 09:16:59+00
34cf2edc-94c8-5fb2-adfd-71e60251d1dd,CHI-Nova Supply 486,China,73.45,22,0.9251,true,2025-10-02 09:05:08+00,2025-10-02 09:05:08+00
9db57f71-45fc-5674-914b-4f8dee011819,USA-Delta Supply 487,USA,29.44,9,0.8813,true,2025-10-02 09:07:41+00,2025-10-02 09:07:41+00
ae30659f-ce65-5a32-b228-72f9ea514d21,CHI-Precision Supply 488,China,128.5,20,0.95,true,2025-10-02 09:01:45+00,2025-10-02 09:01:45+00
bcd27d3c-2906-558c-8ecd-5f159fe7a628,GER-Alloy Supply 489,Germany,91.34,6,0.7564,true,2025-10-02 09:13:11+00,2025-10-02 09:13:11+00
b2d499e7-5b6b-5bcf-b722-9036f70ef866,GER-Poly Supply 490,Germany,32.94,11,0.8744,true,2025-10-02 09:02:48+00,2025-10-02 09:02:48+00
18152873-148d-52e7-bf2a-032687579ab3,MEX-Micro Supply 491,Mexico,103.91,9,0.9324,true,2025-10-02 09:08:38+00,2025-10-02 09:08:38+00
e097904e-1431-5cab-a2cc-88dceb787955,USA-Global Supply 492,USA,103.17,7,0.9478,true,2025-10-02 09:15:49+00,2025-10-02 09:15:49+00
82c0d00d-45e7-582e-9148-2a8681e3c472,GER-Prime Supply 493,Germany,77.87,10,0.8987,true,2025-10-02 09:08:56+00,2025-10-02 09:08:56+00
3daec824-12e7-5102-8eb5-7b2aac935e4b,MEX-Nova Supply 494,Mexico,57.35,8,0.7285,true,2025-10-02 09:09:53+00,2025-10-02 09:09:53+00
518d185a-d784-5f4d-b62c-f5925898af62,VIE-Delta Supply 495,Vietnam,51.8,26,0.818,true,2025-10-02 09:06:52+00,2025-10-02 09:06:52+00
0ab95811-a0cd-5dbc-9ac6-7dc3447968d3,CHI-Precision Supply 496,China,130.27,23,0.8544,true,2025-10-02 09:21:19+00,2025-10-02 09:21:19+00
f808e418-9c5a-5330-9113-30e06ed54fe1,VIE-Alloy Supply 497,Vietnam,94.07,37,0.8038,true,2025-10-02 09:15:56+00,2025-10-02 09:15:56+00
e770a3d4-0d38-57b1-b668-734adc23bec8,GER-Poly Supply 498,Germany,69.63,10,0.808,true,2025-10-02 09:20:00+00,2025-10-02 09:20:00+00
f72e3d63-ad83-5106-80df-9733bd74d56a,CHI-Micro Supply 499,China,39.48,46,0.9239,true,2025-10-02 09:10:47+00,2025-10-02 09:10:47+00
81918d51-f921-53c3-b296-282bf8751803,CHI-Global Supply 500,China,105.64,39,0.7642,true,2025-10-02 09:05:16+00,2025-10-02 09:05:16+00
ef7d5ccf-6e52-5ad8-9354-eb8b6429a25a,IND-Prime Supply 501,India,139.11,17,0.9637,true,2025-10-02 09:17:49+00,2025-10-02 09:17:49+00
465a9405-c8be-5315-9164-cf2f99c07f07,CHI-Nova Supply 502,China,77.63,20,0.7737,true,2025-10-02 09:15:45+00,2025-10-02 09:15:45+00
5e9e7eef-3231-50ab-8584-1fe0bab5a210,IND-Delta Supply 503,India,26.68,21,0.8313,true,2025-10-02 09:00:04+00,2025-10-02 09:00:04+00
26cfaf73-cb2a-579c-b9d7-3ce65c8603da,CHI-Precision Supply 504,China,60.88,20,0.9269,true,2025-10-02 09:18:52+00,2025-10-02 09:18:52+00
f66a52a1-0f25-58c9-9e4e-3e86569e9e3c,CHI-Alloy Supply 505,China,43.79,11,0.8617,true,2025-10-02 09:05:26+00,2025-10-02 09:05:26+00
349956ff-7aba-5998-9bb6-86eda6d986b3,USA-Poly Supply 506,USA,128.52,8,0.9027,true,2025-10-02 09:19:12+00,2025-10-02 09:19:12+00
c9a5d9ff-f0a8-599f-a88f-dcf1e92cd661,MEX-Micro Supply 507,Mexico,74.45,9,0.9095,true,2025-10-02 09:25:59+00,2025-10-02 09:25:59+00
5aef097c-5df9-57c1-91bb-e1fcd5caf9e9,MEX-Global Supply 508,Mexico,45.83,14,0.7793,true,2025-10-02 09:01:11+00,2025-10-02 09:01:11+00
04f0fbb5-7f3b-506a-b329-75194a2915c3,CHI-Prime Supply 509,China,77.53,26,0.8198,true,2025-10-02 09:08:49+00,2025-10-02 09:08:49+00
fc11cc3a-e89b-560a-a711-7af3eb09bcff,VIE-Nova Supply 510,Vietnam,118.22,44,0.7573,true,2025-10-02 09:08:14+00,2025-10-02 09:08:14+00
11c2b4cf-7a47-5037-9a5c-f0d6a4bb43d9,GER-Delta Supply 511,Germany,23.09,15,0.7634,true,2025-10-02 09:02:07+00,2025-10-02 09:02:07+00
20cf6b1f-b3aa-54a5-ad7a-60c73e8f62c8,VIE-Precision Supply 512,Vietnam,98.04,24,0.867,true,2025-10-02 09:10:54+00,2025-10-02 09:10:54+00
a1ac66f6-1cf5-50cb-a354-23ff5198477d,CHI-Alloy Supply 513,China,94.15,46,0.7768,true,2025-10-02 09:29:43+00,2025-10-02 09:29:43+00
895a6952-8da0-546b-903e-a47d8fc8e997,VIE-Poly Supply 514,Vietnam,89.03,41,0.8323,true,2025-10-02 09:20:07+00,2025-10-02 09:20:07+00
e169d91f-b953-5574-88f7-6b2443953083,IND-Micro Supply 515,India,220.84,26,0.7379,true,2025-10-02 09:27:11+00,2025-10-02 09:27:11+00
81b2da06-4f28-52f6-9c6a-f67a4c17d010,USA-Global Supply 516,USA,168.72,13,0.7747,true,2025-10-02 09:00:38+00,2025-10-02 09:00:38+00
3766857c-d926-5957-85a3-00ec74ffc323,USA-Prime Supply 517,USA,214.0,5,0.8915,true,2025-10-02 09:16:02+00,2025-10-02 09:16:02+00
eb8fbf9d-0270-5910-a827-c32a9b9c7711,MEX-Nova Supply 518,Mexico,38.18,5,0.7662,true,2025-10-02 09:08:53+00,2025-10-02 09:08:53+00
a42ab6c1-daae-5791-867a-bdfe30ba24cd,MEX-Delta Supply 519,Mexico,93.68,6,0.8993,true,2025-10-02 09:14:05+00,2025-10-02 09:14:05+00
7e6867d6-5362-5c35-954a-3e0fbbb9cddc,IND-Precision Supply 520,India,39.08,16,0.912,true,2025-10-02 09:24:20+00,2025-10-02 09:24:20+00
d21bed50-7963-5554-bd38-9b0e62aa6f5b,MEX-Alloy Supply 521,Mexico,113.15,7,0.895,true,2025-10-02 09:11:56+00,2025-10-02 09:11:56+00
c9ac0815-0ff0-594d-a54b-391d3a3fba41,USA-Poly Supply 522,USA,38.26,12,0.9439,true,2025-10-02 09:15:27+00,2025-10-02 09:15:27+00
a946c546-bd22-5cb4-966d-e511fa15e8a7,VIE-Micro Supply 523,Vietnam,96.87,27,0.8445,true,2025-10-02 09:05:30+00,2025-10-02 09:05:30+00
8c0560ff-d1cd-52a9-81e5-8737f37abe00,VIE-Global Supply 524,Vietnam,208.27,30,0.8823,true,2025-10-02 09:18:31+00,2025-10-02 09:18:31+00
2ab8e0c2-4d4c-58a5-9a65-3a4042d4e397,MEX-Prime Supply 525,Mexico,130.22,13,0.8679,true,2025-10-02 09:11:28+00,2025-10-02 09:11:28+00
52570e8c-913c-5aa0-9955-1a8c0f2cfd9b,CHI-Nova Supply 526,China,36.16,21,0.666,true,2025-10-02 09:00:31+00,2025-10-02 09:00:31+00
fdc145e7-c1fe-50cf-9d9e-96c421d12d4e,USA-Delta Supply 527,USA,98.05,7,0.9513,true,2025-10-02 09:14:43+00,2025-10-02 09:14:43+00
e6295926-9355-5756-aba1-e8bc9ae61739,CHI-Precision Supply 528,China,70.25,28,0.8858,true,2025-10-02 09:09:33+00,2025-10-02 09:09:33+00
458a3b5d-a6ed-5a57-b24f-42f49c83217a,IND-Alloy Supply 529,India,326.54,61,0.6284,true,2025-10-02 09:19:39+00,2025-10-02 09:19:39+00
ad1e0a4e-b1ee-57b2-8241-32f96c0ea03b,USA-Poly Supply 530,USA,165.78,14,0.7952,true,2025-10-02 09:03:20+00,2025-10-02 09:03:20+00
5fc6df46-bde2-512d-a190-0aa18f097b6b,CHI-Micro Supply 531,China,95.68,25,0.8024,true,2025-10-02 09:25:25+00,2025-10-02 09:25:25+00
25fde784-0bed-5d27-a7cf-3620e977eab8,USA-Global Supply 532,USA,97.6,4,0.8803,true,2025-10-02 09:00:00+00,2025-10-02 09:00:00+00
a89636c3-ff22-530f-bf99-ce47d567db52,GER-Prime Supply 533,Germany,63.67,6,0.9226,true,2025-10-02 09:22:23+00,2025-10-02 09:22:23+00
da65a463-10e5-510a-baf6-c9f5bebf2609,IND-Nova Supply 534,India,51.78,54,0.8662,true,2025-10-02 09:28:48+00,2025-10-02 09:28:48+00
aab7e15d-01e9-5f7f-88e6-b8a09f200ac2,CHI-Delta Supply 535,China,37.37,31,0.8448,true,2025-10-02 09:25:30+00,2025-10-02 09:25:30+00
1db79ea6-922e-5a66-ad7b-fc784a4fea9e,IND-Precision Supply 536,India,62.11,18,0.8917,true,2025-10-02 09:23:43+00,2025-10-02 09:23:43+00
020f35e7-bbf4-582f-a7a0-c7d203fd1bf3,GER-Alloy Supply 537,Germany,78.96,12,0.8761,true,2025-10-02 09:28:38+00,2025-10-02 09:28:38+00
a7104c2a-71c6-5683-ac08-8a0ddc0466f5,CHI-Poly Supply 538,China,98.68,26,0.8172,true,2025-10-02 09:01:42+00,2025-10-02 09:01:42+00
d8260187-0b8e-59cd-a6c7-a0c19ff1c1d2,CHI-Micro Supply 539,China,62.57,40,0.9343,true,2025-10-02 09:09:46+00,2025-10-02 09:09:46+00
a6222128-4feb-59fd-bb61-2e754eb5574e,USA-Global Supply 540,USA,32.79,7,0.8991,true,2025-10-02 09:27:03+00,2025-10-02 09:27:03+00
c07522ea-bd7a-541b-8e81-62416f102ec4,GER-Prime Supply 541,Germany,65.18,10,0.9438,true,2025-10-02 09:19:17+00,2025-10-02 09:19:17+00
26f55052-6092-54c9-9247-bc02bb49769b,CHI-Nova Supply 542,China,207.96,13,0.938,true,2025-10-02 09:29:48+00,2025-10-02 09:29:48+00
704db3ad-5a92-5676-9354-361f580362a9,GER-Delta Supply 543,Germany,153.86,12,0.8758,true,2025-10-02 09:11:55+00,2025-10-02 09:11:55+00
873dddb0-45e8-506a-b0e2-8bc24efb833e,IND-Precision Supply 544,India,58.27,31,0.9383,true,2025-10-02 09:16:44+00,2025-10-02 09:16:44+00
c4fc919d-01cf-5225-a94d-f68558aa1866,IND-Alloy Supply 545,India,47.15,35,0.8456,true,2025-10-02 09:05:11+00,2025-10-02 09:05:11+00
cceaf145-afef-5ef8-b0fd-ff6b1e8bf019,USA-Poly Supply 546,USA,236.94,8,0.793,true,2025-10-02 09:25:14+00,2025-10-02 09:25:14+00
53d8442e-a022-5fef-9770-3e77b00d33a7,USA-Micro Supply 547,USA,73.77,8,0.9458,true,2025-10-02 09:20:00+00,2025-10-02 09:20:00+00
3ed0ce1c-d1c1-5169-bdff-6c8c2c2b29ed,IND-Global Supply 548,India,43.85,21,0.8929,true,2025-10-02 09:07:52+00,2025-10-02 09:07:52+00
0a0bccbc-48d2-5b82-bbd4-692d8dae1550,CHI-Prime Supply 549,China,93.37,24,0.8238,true,2025-10-02 09:23:38+00,2025-10-02 09:23:38+00
e01c58d5-3c25-57f5-8392-e0f2625e0f3e,GER-Nova Supply 550,Germany,26.72,11,0.7431,true,2025-10-02 09:23:11+00,2025-10-02 09:23:11+00
c69772dd-e3d6-5173-a634-ef426f1d0b88,USA-Delta Supply 551,USA,56.57,6,0.9423,true,2025-10-02 09:14:08+00,2025-10-02 09:14:08+00
bd76b2a3-c184-5c0c-9403-56d030127979,USA-Precision Supply 552,USA,42.68,7,0.8893,true,2025-10-02 09:26:38+00,2025-10-02 09:26:38+00
885ea735-de14-5179-bd40-1a4e143898bf,VIE-Alloy Supply 553,Vietnam,58.81,33,0.9189,true,2025-10-02 09:26:14+00,2025-10-02 09:26:14+00
f31ac60c-906a-52ba-b145-3bb89fac2c37,IND-Poly Supply 554,India,97.83,22,0.9498,true,2025-10-02 09:14:22+00,2025-10-02 09:14:22+00
2f64bd39-8ca4-5e25-9bf9-201e3b7fb9b7,MEX-Micro Supply 555,Mexico,71.24,14,0.8349,true,2025-10-02 09:26:46+00,2025-10-02 09:26:46+00
012edc0d-4752-5010-8758-41f1183c08e6,USA-Global Supply 556,USA,79.84,6,0.9191,true,2025-10-02 09:06:31+00,2025-10-02 09:06:31+00
bc9381d7-dda9-5a9c-a0f1-58166402908c,GER-Prime Supply 557,Germany,140.16,15,0.9668,true,2025-10-02 09:13:52+00,2025-10-02 09:13:52+00
d428cad3-d43b-5887-bf6b-a0444660a7ad,CHI-Nova Supply 558,China,24.97,16,0.7594,true,2025-10-02 09:17:24+00,2025-10-02 09:17:24+00
ce690c59-e6a2-5dd7-824e-8490e70297fc,USA-Delta Supply 559,USA,42.16,5,0.9583,true,2025-10-02 09:01:47+00,2025-10-02 09:01:47+00
2710a768-0baf-5368-8696-c9e335efa572,USA-Precision Supply 560,USA,28.25,11,0.8556,true,2025-10-02 09:29:16+00,2025-10-02 09:29:16+00
96cabf02-07e0-5f07-9aaa-b13ea71d89af,USA-Alloy Supply 561,USA,102.88,11,0.8992,true,2025-10-02 09:05:05+00,2025-10-02 09:05:05+00
e2d45f74-e4f8-5b8b-b0c4-6be7c33bb652,CHI-Poly Supply 562,China,70.44,58,0.908,true,2025-10-02 09:22:32+00,2025-10-02 09:22:32+00
dfb8f379-5736-509e-b09d-5dd46d6267ce,IND-Micro Supply 563,India,47.67,22,0.8494,true,2025-10-02 09:08:40+00,2025-10-02 09:08:40+00
f31d3ee8-4ba0-5158-aa03-613936a68aae,USA-Global Supply 564,USA,43.99,6,0.837,true,2025-10-02 09:04:21+00,2025-10-02 09:04:21+00
4f0a6eeb-ec2b-5f95-8dee-4e3d59677d8b,IND-Prime Supply 565,India,48.03,26,0.9286,true,2025-10-02 09:26:05+00,2025-10-02 09:26:05+00
6a1fe929-f00a-547c-9770-94a9632b8bc9,USA-Nova Supply 566,USA,40.55,4,0.6534,true,2025-10-02 09:20:45+00,2025-10-02 09:20:45+00
d4e29bbc-e6fc-5abe-88e9-11a3c265f31a,USA-Delta Supply 567,USA,107.63,7,0.79,true,2025-10-02 09:06:04+00,2025-10-02 09:06:04+00
5ca2179a-c857-5db3-9772-b88d705e536a,USA-Precision Supply 568,USA,60.28,8,0.7657,true,2025-10-02 09:20:45+00,2025-10-02 09:20:45+00
c0581fc6-3afe-59e3-ac46-9d64570a182d,VIE-Alloy Supply 569,Vietnam,101.01,53,0.8636,true,2025-10-02 09:05:54+00,2025-10-02 09:05:54+00
9bcc3a10-3893-5e8a-b6b7-53a9d5d984e8,USA-Poly Supply 570,USA,71.49,10,0.8911,true,2025-10-02 09:10:51+00,2025-10-02 09:10:51+00
ee8c805b-d5e3-5755-a79d-7ffdcd49a251,GER-Micro Supply 571,Germany,121.3,8,0.8849,true,2025-10-02 09:03:33+00,2025-10-02 09:03:33+00
6bd9e7b8-049f-5fcd-ab13-c2d03f13fe51,USA-Global Supply 572,USA,39.65,8,0.9453,true,2025-10-02 09:07:10+00,2025-10-02 09:07:10+00
9d56fb99-4efc-5ea9-afb3-cd085b6aa55e,VIE-Prime Supply 573,Vietnam,40.13,25,0.8709,true,2025-10-02 09:24:36+00,2025-10-02 09:24:36+00
9bfaeff0-9458-50e9-8e9d-3cb779157457,IND-Nova Supply 574,India,51.27,14,0.9353,true,2025-10-02 09:10:56+00,2025-10-02 09:10:56+00
25437e9e-f93d-5f35-9eda-284f8f7e63ef,VIE-Delta Supply 575,Vietnam,65.08,19,0.6697,true,2025-10-02 09:12:28+00,2025-10-02 09:12:28+00
8b1a829e-0d7f-588a-922a-6c164461e7b5,VIE-Precision Supply 576,Vietnam,81.39,28,0.8952,true,2025-10-02 09:01:24+00,2025-10-02 09:01:24+00
7b3ec8fc-8b43-512f-9ac1-c29ca27cda23,IND-Alloy Supply 577,India,126.52,30,0.7828,true,2025-10-02 09:00:25+00,2025-10-02 09:00:25+00
c055320e-c028-51b5-9ace-0e3778c9ad59,MEX-Poly Supply 578,Mexico,64.2,14,0.8068,true,2025-10-02 09:17:19+00,2025-10-02 09:17:19+00
a2f0f4e1-8bba-52e0-8fdb-68633c5d291f,USA-Micro Supply 579,USA,106.65,7,0.8744,true,2025-10-02 09:19:09+00,2025-10-02 09:19:09+00
f25e2c62-c879-5e94-b7ea-8cb01666a31c,VIE-Global Supply 580,Vietnam,40.84,27,0.8349,true,2025-10-02 09:22:59+00,2025-10-02 09:22:59+00
72bb783f-4df3-585f-a520-993180b8cc73,VIE-Prime Supply 581,Vietnam,54.37,16,0.8389,true,2025-10-02 09:08:47+00,2025-10-02 09:08:47+00
fdc646dd-47c3-562b-b9ea-30b04ec1b860,GER-Nova Supply 582,Germany,76.6,7,0.9041,true,2025-10-02 09:16:04+00,2025-10-02 09:16:04+00
8e0c438f-5038-5c1e-b0d3-facf3dc7db1d,CHI-Delta Supply 583,China,57.51,51,0.7751,true,2025-10-02 09:11:35+00,2025-10-02 09:11:35+00
2bd484dc-6bbd-58bb-a523-c926f8fdaaab,USA-Precision Supply 584,USA,117.08,5,0.9643,true,2025-10-02 09:25:13+00,2025-10-02 09:25:13+00
813b20bb-1a28-5712-a6ca-2dd696ac3b1b,CHI-Alloy Supply 585,China,83.47,30,0.8764,true,2025-10-02 09:05:44+00,2025-10-02 09:05:44+00
c9e6f604-0a2e-5143-8edb-eaaad29b70da,CHI-Poly Supply 586,China,91.44,38,0.8973,true,2025-10-02 09:14:30+00,2025-10-02 09:14:30+00
90e0b7bf-1e6d-5fb6-9696-802591159047,GER-Micro Supply 587,Germany,40.88,12,0.9149,true,2025-10-02 09:06:54+00,2025-10-02 09:06:54+00
708abc12-48f8-575c-b1eb-53562205dcd9,USA-Global Supply 588,USA,129.44,4,0.8539,true,2025-10-02 09:28:19+00,2025-10-02 09:28:19+00
5ac24901-8820-5179-ae53-4e8b9102182f,MEX-Prime Supply 589,Mexico,48.08,6,0.7277,true,2025-10-02 09:19:31+00,2025-10-02 09:19:31+00
2b82b93c-9b1e-5e41-b129-2cc384e39a66,IND-Nova Supply 590,India,62.14,23,0.7615,true,2025-10-02 09:08:52+00,2025-10-02 09:08:52+00
a94eb491-022d-5af3-8812-ce4423039da1,CHI-Delta Supply 591,China,82.47,20,0.8691,true,2025-10-02 09:18:03+00,2025-10-02 09:18:03+00
13c84640-ef5a-5977-8c11-9210c015ec7f,VIE-Precision Supply 592,Vietnam,124.18,25,0.9316,true,2025-10-02 09:19:12+00,2025-10-02 09:19:12+00
2be9944d-1be8-5b3f-8851-cbb18c937f6d,USA-Alloy Supply 593,USA,62.1,9,0.8848,true,2025-10-02 09:28:08+00,2025-10-02 09:28:08+00
b07b1f6d-32ca-5f43-a188-3e89e35f97c9,GER-Poly Supply 594,Germany,33.74,12,0.8643,true,2025-10-02 09:19:08+00,2025-10-02 09:19:08+00
16e80bf5-f979-5ff1-b605-48e97edcf01a,USA-Micro Supply 595,USA,55.56,14,0.7575,true,2025-10-02 09:23:03+00,2025-10-02 09:23:03+00
6dc6811a-ab70-5c51-bea7-107305265ab2,CHI-Global Supply 596,China,46.48,29,0.8697,true,2025-10-02 09:26:44+00,2025-10-02 09:26:44+00
4b2dc36c-a7b4-5ff1-a05f-0ab824f71b1b,USA-Prime Supply 597,USA,87.99,7,0.8858,true,2025-10-02 09:11:31+00,2025-10-02 09:11:31+00
c32ab738-ddea-5c84-8561-62c0877e70d2,VIE-Nova Supply 598,Vietnam,113.57,25,0.6372,true,2025-10-02 09:27:37+00,2025-10-02 09:27:37+00
c1b0ccfc-0174-5bb4-9042-dd29ec93413e,CHI-Delta Supply 599,China,61.36,36,0.9014,true,2025-10-02 09:10:46+00,2025-10-02 09:10:46+00
8470db06-0aae-57bf-b79b-fd30af7c237f,IND-Precision Supply 600,India,38.24,19,0.7828,true,2025-10-02 09:04:45+00,2025-10-02 09:04:45+00
ea6977ff-66c5-5356-9e44-3320fc29aada,CHI-Alloy Supply 601,China,48.72,25,0.8008,true,2025-10-02 09:05:25+00,2025-10-02 09:05:25+00
2d7efb38-5724-59d9-bd3f-92a1887c9b9c,MEX-Poly Supply 602,Mexico,85.21,12,0.9483,true,2025-10-02 09:18:07+00,2025-10-02 09:18:07+00
4ee40ee4-585d-5241-ad64-7256f968527e,USA-Micro Supply 603,USA,91.19,6,0.713,true,2025-10-02 09:23:07+00,2025-10-02 09:23:07+00
daf9f279-5058-5c99-a185-e0cb9d2efc2f,VIE-Global Supply 604,Vietnam,96.49,24,0.827,true,2025-10-02 09:13:33+00,2025-10-02 09:13:33+00
e9b363af-4faf-5b89-b61a-7e1dcf19a528,CHI-Prime Supply 605,China,68.7,37,0.7173,true,2025-10-02 09:01:03+00,2025-10-02 09:01:03+00
a483f0c6-7360-544b-8a5e-d8b6df8be781,GER-Nova Supply 606,Germany,96.17,12,0.9179,true,2025-10-02 09:16:46+00,2025-10-02 09:16:46+00
64698083-1e35-5c2c-89bd-421524d12851,CHI-Delta Supply 607,China,111.68,13,0.9155,true,2025-10-02 09:04:16+00,2025-10-02 09:04:16+00
195bc731-fdfe-5f07-ac2e-651265c534fb,VIE-Precision Supply 608,Vietnam,49.11,51,0.9376,true,2025-10-02 09:10:57+00,2025-10-02 09:10:57+00
c71c7075-993b-5996-8346-cb527f97d663,IND-Alloy Supply 609,India,35.03,27,0.8593,true,2025-10-02 09:02:44+00,2025-10-02 09:02:44+00
7a1d562b-851e-5935-a709-c9713f9f18a2,VIE-Poly Supply 610,Vietnam,45.24,30,0.9604,true,2025-10-02 09:08:28+00,2025-10-02 09:08:28+00
40aefc77-b8f6-578a-a361-bccb322388eb,VIE-Micro Supply 611,Vietnam,25.33,54,0.7137,true,2025-10-02 09:14:15+00,2025-10-02 09:14:15+00
ccda62be-6b0f-5a79-8a12-1246f1738587,USA-Global Supply 612,USA,86.78,7,0.8771,true,2025-10-02 09:24:46+00,2025-10-02 09:24:46+00
bf131be7-81a0-568e-a1aa-f366646ae828,VIE-Prime Supply 613,Vietnam,95.05,15,0.7355,true,2025-10-02 09:21:44+00,2025-10-02 09:21:44+00
4dd937db-9bc4-5917-9645-2df4029aef90,USA-Nova Supply 614,USA,72.25,6,0.9346,true,2025-10-02 09:00:01+00,2025-10-02 09:00:01+00
6e6c421d-05aa-5e8a-840b-f960631379fa,GER-Delta Supply 615,Germany,69.96,16,0.9102,true,2025-10-02 09:07:27+00,2025-10-02 09:07:27+00
6e92dcf4-090d-5c01-a3ec-178665f6531f,CHI-Precision Supply 616,China,43.98,21,0.7313,true,2025-10-02 09:23:42+00,2025-10-02 09:23:42+00
37919331-2ed0-562c-968f-9612ad259cfe,IND-Alloy Supply 617,India,65.89,19,0.9328,true,2025-10-02 09:21:34+00,2025-10-02 09:21:34+00
5ce89de8-ce19-5333-b117-109cc687c7b1,CHI-Poly Supply 618,China,112.59,41,0.8099,true,2025-10-02 09:18:31+00,2025-10-02 09:18:31+00
19a5e449-b2ce-527e-9ed1-4250e7c8689f,CHI-Micro Supply 619,China,54.58,16,0.9284,true,2025-10-02 09:04:40+00,2025-10-02 09:04:40+00
bd4ac3fa-0199-51bc-ba67-f771f983e86a,IND-Global Supply 620,India,35.78,66,0.7948,true,2025-10-02 09:12:24+00,2025-10-02 09:12:24+00
2c4b7314-d7bb-52aa-8c7a-a7516e5eeca9,USA-Prime Supply 621,USA,58.85,9,0.892,true,2025-10-02 09:07:25+00,2025-10-02 09:07:25+00
14174ed2-410b-5551-bc95-dbd982934720,USA-Nova Supply 622,USA,96.45,5,0.9317,true,2025-10-02 09:18:06+00,2025-10-02 09:18:06+00
f931b731-7996-5d1e-844a-a7e5c85a1b26,MEX-Delta Supply 623,Mexico,39.58,6,0.8579,true,2025-10-02 09:27:25+00,2025-10-02 09:27:25+00
88633412-9eef-57be-9e80-46b99abae737,VIE-Precision Supply 624,Vietnam,93.62,35,0.8204,true,2025-10-02 09:08:29+00,2025-10-02 09:08:29+00
0b251c63-26de-5160-b11f-babcea634385,IND-Alloy Supply 625,India,44.64,17,0.7717,true,2025-10-02 09:03:21+00,2025-10-02 09:03:21+00
1f93aef5-90f6-5ff6-a2b5-3cf5d5a479ed,USA-Poly Supply 626,USA,65.76,7,0.8533,true,2025-10-02 09:00:14+00,2025-10-02 09:00:14+00
e6487142-ec63-540d-acff-8f02c19d1bdd,IND-Micro Supply 627,India,134.4,30,0.8342,true,2025-10-02 09:07:43+00,2025-10-02 09:07:43+00
69b06c7d-ca3b-5123-b8ab-5c8f0f936266,CHI-Global Supply 628,China,102.16,25,0.8321,true,2025-10-02 09:05:17+00,2025-10-02 09:05:17+00
eaeaa3f1-ac08-5037-8e41-8fe5c5cdb313,MEX-Prime Supply 629,Mexico,56.1,9,0.8994,true,2025-10-02 09:07:38+00,2025-10-02 09:07:38+00
721750de-d6f1-5cd4-862d-8545dcbaeb8c,GER-Nova Supply 630,Germany,47.66,9,0.9231,true,2025-10-02 09:24:16+00,2025-10-02 09:24:16+00
82aa59fd-815d-56e3-9d10-cc20edacb56b,IND-Delta Supply 631,India,64.21,18,0.8322,true,2025-10-02 09:13:13+00,2025-10-02 09:13:13+00
f7f6875d-e3b6-549b-bd25-c4e077fa9cfc,USA-Precision Supply 632,USA,95.85,9,0.845,true,2025-10-02 09:27:43+00,2025-10-02 09:27:43+00
d222ada8-b7d7-59e4-a092-de1374c5efaf,MEX-Alloy Supply 633,Mexico,46.46,14,0.6598,true,2025-10-02 09:21:04+00,2025-10-02 09:21:04+00
ae368c7a-6856-5ec7-80eb-e5b641a630c1,GER-Poly Supply 634,Germany,35.67,9,0.8423,true,2025-10-02 09:08:26+00,2025-10-02 09:08:26+00
5aa90fb4-f4f8-5a7b-8adf-ce3cb292cc4e,USA-Micro Supply 635,USA,315.55,8,0.9246,true,2025-10-02 09:06:59+00,2025-10-02 09:06:59+00
f6f54556-28ec-5b70-ba98-3c04bff8746c,USA-Global Supply 636,USA,79.72,6,0.8734,true,2025-10-02 09:04:05+00,2025-10-02 09:04:05+00
9ea8a091-3989-525d-9571-c6d08ad3b480,CHI-Prime Supply 637,China,107.81,38,0.8806,true,2025-10-02 09:23:05+00,2025-10-02 09:23:05+00
80b7a4da-d521-59f7-a3fc-d8ac3fe78e3f,VIE-Nova Supply 638,Vietnam,76.27,24,0.8301,true,2025-10-02 09:29:06+00,2025-10-02 09:29:06+00
7e9850d3-d206-5be6-aa42-d9f41a6d4a8a,CHI-Delta Supply 639,China,88.26,15,0.9305,true,2025-10-02 09:11:55+00,2025-10-02 09:11:55+00
f93d18a4-a52d-5ae7-bed9-5e756c52cf95,USA-Precision Supply 640,USA,27.26,6,0.8479,true,2025-10-02 09:28:57+00,2025-10-02 09:28:57+00
baaafc6f-6ead-5469-aeec-9c4aaaebba9a,CHI-Alloy Supply 641,China,229.94,44,0.7997,true,2025-10-02 09:13:19+00,2025-10-02 09:13:19+00
eccccf96-c29c-5cff-95cb-d626caad08da,USA-Poly Supply 642,USA,45.23,5,0.9477,true,2025-10-02 09:09:53+00,2025-10-02 09:09:53+00
c5ef73e6-e792-5dc4-ad31-081d8c5d7e22,IND-Micro Supply 643,India,66.83,19,0.7471,true,2025-10-02 09:02:53+00,2025-10-02 09:02:53+00
db5d334b-a7b6-5b6f-abe0-91bc24b19de3,IND-Global Supply 644,India,53.12,37,0.8099,true,2025-10-02 09:06:50+00,2025-10-02 09:06:50+00
87facc82-1af7-52a4-a62b-b03e1c7de524,CHI-Prime Supply 645,China,113.59,26,0.9034,true,2025-10-02 09:06:07+00,2025-10-02 09:06:07+00
a66d84ee-372e-57c0-8cdd-54a48072db96,GER-Nova Supply 646,Germany,59.16,19,0.8782,true,2025-10-02 09:07:29+00,2025-10-02 09:07:29+00
bc432253-1ca7-587f-b7b9-e12a90952f31,CHI-Delta Supply 647,China,45.23,44,0.8564,true,2025-10-02 09:02:41+00,2025-10-02 09:02:41+00
af8a96cf-855f-5476-9aa4-8510dceafbe2,CHI-Precision Supply 648,China,25.3,32,0.6751,true,2025-10-02 09:07:34+00,2025-10-02 09:07:34+00
a232fe9d-1fde-516f-9263-28b4a2f01751,USA-Alloy Supply 649,USA,95.06,7,0.905,true,2025-10-02 09:27:07+00,2025-10-02 09:27:07+00
b9fe3082-4f4e-558d-99e5-0e512c10efbc,GER-Poly Supply 650,Germany,134.33,14,0.942,true,2025-10-02 09:06:42+00,2025-10-02 09:06:42+00
d0fc6b3a-3d34-5397-8eda-e409518920d8,USA-Micro Supply 651,USA,150.02,3,0.8585,true,2025-10-02 09:10:52+00,2025-10-02 09:10:52+00
9a2c311b-8a0f-5459-a200-12d0a2f792df,CHI-Global Supply 652,China,78.64,22,0.7985,true,2025-10-02 09:12:04+00,2025-10-02 09:12:04+00
458873c0-f449-5c78-ae8f-647e25719880,CHI-Prime Supply 653,China,24.31,16,0.7303,true,2025-10-02 09:21:18+00,2025-10-02 09:21:18+00
18c76cfa-21a7-59ad-8459-1b211e51361d,MEX-Nova Supply 654,Mexico,59.0,11,0.745,true,2025-10-02 09:02:25+00,2025-10-02 09:02:25+00
ff971817-50e6-5497-ae3f-c0cd0457ad9a,USA-Delta Supply 655,USA,102.3,10,0.9133,true,2025-10-02 09:18:40+00,2025-10-02 09:18:40+00
92808e4f-c54e-53cc-89d8-4082e641b466,GER-Precision Supply 656,Germany,98.61,14,0.9174,true,2025-10-02 09:01:11+00,2025-10-02 09:01:11+00
b3c9f931-cefe-5898-8668-01fbee91281b,IND-Alloy Supply 657,India,88.64,26,0.8657,true,2025-10-02 09:16:43+00,2025-10-02 09:16:43+00
c0782507-6c45-530c-bbd3-b1db17e1b269,CHI-Poly Supply 658,China,96.01,17,0.858,true,2025-10-02 09:21:39+00,2025-10-02 09:21:39+00
744b16b9-7028-50f7-8ee6-04b06528d1f4,GER-Micro Supply 659,Germany,50.3,15,0.948,true,2025-10-02 09:02:16+00,2025-10-02 09:02:16+00
49289ad8-b0da-55f8-867b-a1962adfba1f,USA-Global Supply 660,USA,48.27,8,0.9259,true,2025-10-02 09:25:02+00,2025-10-02 09:25:02+00
3cb7898d-9fdc-5824-b6f4-7928653a3d0f,IND-Prime Supply 661,India,84.99,15,0.8153,true,2025-10-02 09:06:05+00,2025-10-02 09:06:05+00
c0af463c-149b-53ad-b799-07939beb8b9c,VIE-Nova Supply 662,Vietnam,93.76,49,0.8014,true,2025-10-02 09:26:16+00,2025-10-02 09:26:16+00
ef5cd954-c62a-55eb-9ff4-2884f058de12,CHI-Delta Supply 663,China,122.12,33,0.8263,true,2025-10-02 09:23:12+00,2025-10-02 09:23:12+00
e5188c6d-3f2a-503c-94cc-6f994f345d5c,VIE-Precision Supply 664,Vietnam,70.87,50,0.9009,true,2025-10-02 09:00:58+00,2025-10-02 09:00:58+00
4b1f44e3-168a-5eb0-92d8-885e68759071,CHI-Alloy Supply 665,China,102.93,27,0.8206,true,2025-10-02 09:27:48+00,2025-10-02 09:27:48+00
9b2fecd5-ac78-58e9-82c7-83073fce3e2b,VIE-Poly Supply 666,Vietnam,29.03,27,0.8637,true,2025-10-02 09:13:37+00,2025-10-02 09:13:37+00
bc3fd465-d244-5e1a-8fdc-69f5870a5759,CHI-Micro Supply 667,China,70.96,58,0.8757,true,2025-10-02 09:04:58+00,2025-10-02 09:04:58+00
4c8137c1-f614-5952-97fb-f325b3b8a4fd,GER-Global Supply 668,Germany,60.05,10,0.9387,true,2025-10-02 09:11:12+00,2025-10-02 09:11:12+00
ce31914e-213a-52d4-8dd3-a1acf6a7c4bd,USA-Prime Supply 669,USA,23.99,10,0.9066,true,2025-10-02 09:01:42+00,2025-10-02 09:01:42+00
c768714e-bc39-5a19-ac53-6ab567a4f5d5,VIE-Nova Supply 670,Vietnam,81.6,22,0.9708,true,2025-10-02 09:11:05+00,2025-10-02 09:11:05+00
ac37d2a9-6d9b-5a3d-be6d-ff0b7a0d0381,MEX-Delta Supply 671,Mexico,61.24,7,0.6459,true,2025-10-02 09:09:45+00,2025-10-02 09:09:45+00
55cf8bdc-5842-5fc4-8fa6-69b43005f5ec,CHI-Precision Supply 672,China,79.67,27,0.7371,true,2025-10-02 09:09:06+00,2025-10-02 09:09:06+00
536744f5-a177-5a81-b7ce-9a4de2e85ba1,GER-Alloy Supply 673,Germany,72.66,10,0.789,true,2025-10-02 09:26:15+00,2025-10-02 09:26:15+00
2257f8ad-fbc7-5817-a3e1-423c40a380c9,USA-Poly Supply 674,USA,78.75,9,0.8763,true,2025-10-02 09:06:37+00,2025-10-02 09:06:37+00
4b779655-d36e-5962-a2c2-a47c5570d435,IND-Micro Supply 675,India,33.67,24,0.9361,true,2025-10-02 09:21:34+00,2025-10-02 09:21:34+00
72b32fc2-5762-508e-bdd9-a9af7db7764e,CHI-Global Supply 676,China,95.67,33,0.873,true,2025-10-02 09:15:38+00,2025-10-02 09:15:38+00
54260fee-f3f7-58fe-9a39-b63e36c1e727,CHI-Prime Supply 677,China,147.89,50,0.8535,true,2025-10-02 09:17:21+00,2025-10-02 09:17:21+00
dc2b7ac6-b1a9-5d2b-b130-8db28a4c4ca3,USA-Nova Supply 678,USA,50.67,9,0.8666,true,2025-10-02 09:05:27+00,2025-10-02 09:05:27+00
0dfbc714-1453-5fde-a18d-7e1e89027399,CHI-Delta Supply 679,China,28.68,23,0.895,true,2025-10-02 09:19:51+00,2025-10-02 09:19:51+00
2c2419f8-145e-59cd-8819-516be38d482d,CHI-Precision Supply 680,China,68.93,22,0.7953,true,2025-10-02 09:28:57+00,2025-10-02 09:28:57+00
9fc6ba86-bd6b-56e4-9ce2-be84aafbe476,USA-Alloy Supply 681,USA,62.9,5,0.8566,true,2025-10-02 09:26:41+00,2025-10-02 09:26:41+00
7e8dfb8b-3d88-5d4b-83f2-970865e6a23f,GER-Poly Supply 682,Germany,59.36,7,0.8782,true,2025-10-02 09:09:02+00,2025-10-02 09:09:02+00
7fdeedba-520e-5b7a-9a0b-df1321e75318,MEX-Micro Supply 683,Mexico,239.23,4,0.7811,true,2025-10-02 09:17:35+00,2025-10-02 09:17:35+00
c9596078-0e8a-5308-ba3a-7d0d60210af4,IND-Global Supply 684,India,71.31,44,0.8101,true,2025-10-02 09:25:30+00,2025-10-02 09:25:30+00
c5c5b55d-f3eb-5094-a448-84496d973708,USA-Prime Supply 685,USA,38.48,7,0.8493,true,2025-10-02 09:18:43+00,2025-10-02 09:18:43+00
f2e0a85e-12c0-511c-b64f-9e9db8674714,USA-Nova Supply 686,USA,59.34,11,0.7043,true,2025-10-02 09:03:32+00,2025-10-02 09:03:32+00
310e281d-d23a-5d07-9621-48f13d7404cd,CHI-Delta Supply 687,China,97.56,29,0.9089,true,2025-10-02 09:05:34+00,2025-10-02 09:05:34+00
4316d1c1-b132-5206-a60b-38f24340347e,IND-Precision Supply 688,India,133.51,29,0.7771,true,2025-10-02 09:15:17+00,2025-10-02 09:15:17+00
cf87428c-b80a-5b0f-a864-51ee8a26e991,CHI-Alloy Supply 689,China,68.44,29,0.8186,true,2025-10-02 09:23:12+00,2025-10-02 09:23:12+00
3d98d17a-faac-57af-933a-a5b68415b2ce,CHI-Poly Supply 690,China,41.86,42,0.9273,true,2025-10-02 09:01:51+00,2025-10-02 09:01:51+00
3f71c929-ddd4-53f9-b4ca-70bb334edf36,USA-Micro Supply 691,USA,47.06,5,0.7694,true,2025-10-02 09:23:08+00,2025-10-02 09:23:08+00
0463cd4b-4e99-595d-aa46-a23a46be7efe,MEX-Global Supply 692,Mexico,48.34,16,0.6382,true,2025-10-02 09:04:20+00,2025-10-02 09:04:20+00
dba0da3e-85d0-586b-a5be-f612b1e5ff4c,VIE-Prime Supply 693,Vietnam,67.66,40,0.8166,true,2025-10-02 09:04:11+00,2025-10-02 09:04:11+00
50449a8f-1ebb-52b4-983b-2b914dc4b32a,CHI-Nova Supply 694,China,61.86,27,0.8887,true,2025-10-02 09:13:24+00,2025-10-02 09:13:24+00
b430ec3f-1323-5428-988f-458eebff07d2,USA-Delta Supply 695,USA,48.47,5,0.8797,true,2025-10-02 09:18:03+00,2025-10-02 09:18:03+00
bdb3c990-0383-54a3-a9a5-bc60918ba238,CHI-Precision Supply 696,China,57.37,21,0.7569,true,2025-10-02 09:18:04+00,2025-10-02 09:18:04+00
01318bcf-004a-5e03-8b81-02b857e28630,USA-Alloy Supply 697,USA,107.93,9,0.8893,true,2025-10-02 09:24:23+00,2025-10-02 09:24:23+00
6db04564-656d-5014-9a9c-a11aa591d8a1,CHI-Poly Supply 698,China,61.6,18,0.8408,true,2025-10-02 09:09:46+00,2025-10-02 09:09:46+00
b19ebe9d-9c40-5237-b73a-c2958b2617d0,IND-Micro Supply 699,India,19.92,29,0.8475,true,2025-10-02 09:18:37+00,2025-10-02 09:18:37+00
f8b156c4-b064-5a91-a364-0b870627a315,CHI-Global Supply 700,China,82.6,53,0.93,true,2025-10-02 09:13:54+00,2025-10-02 09:13:54+00
5d4a3a95-d0bd-56b0-8cc0-b4db8804b7b0,CHI-Prime Supply 701,China,50.92,24,0.8043,true,2025-10-02 09:20:59+00,2025-10-02 09:20:59+00
64ad24a1-cb3a-51d8-847f-8fffc3d870ee,IND-Nova Supply 702,India,56.7,27,0.8408,true,2025-10-02 09:28:35+00,2025-10-02 09:28:35+00
8548d736-f80a-5bad-b094-c3536791e48e,CHI-Delta Supply 703,China,91.99,20,0.842,true,2025-10-02 09:25:55+00,2025-10-02 09:25:55+00
79152686-30c8-51ce-b61a-9e457f99b21f,VIE-Precision Supply 704,Vietnam,44.53,37,0.8964,true,2025-10-02 09:18:50+00,2025-10-02 09:18:50+00
369458dc-00e6-5b05-836a-70fc9619c16b,MEX-Alloy Supply 705,Mexico,70.87,5,0.9274,true,2025-10-02 09:06:16+00,2025-10-02 09:06:16+00
b52defbd-4b76-589a-9836-0f5905060314,USA-Poly Supply 706,USA,57.04,9,0.8859,true,2025-10-02 09:26:46+00,2025-10-02 09:26:46+00
e67d7209-9b25-5bea-9a92-b9d03cd20e01,MEX-Micro Supply 707,Mexico,27.15,6,0.5942,true,2025-10-02 09:28:48+00,2025-10-02 09:28:48+00
3d662563-9760-5d90-bb7f-2d0257e4df0d,USA-Global Supply 708,USA,21.09,12,0.716,true,2025-10-02 09:29:31+00,2025-10-02 09:29:31+00
c39c295c-2b54-5dbe-82b6-1c25f9066335,VIE-Prime Supply 709,Vietnam,269.44,39,0.8947,true,2025-10-02 09:17:51+00,2025-10-02 09:17:51+00
815d0a0f-7f8d-5b6d-a610-71c66f670b2d,USA-Nova Supply 710,USA,70.38,7,0.919,true,2025-10-02 09:27:47+00,2025-10-02 09:27:47+00
c332785b-ba97-53b3-8743-66bd8cb94888,CHI-Delta Supply 711,China,68.7,39,0.9251,true,2025-10-02 09:05:14+00,2025-10-02 09:05:14+00
eec646c4-fef7-5835-8fb4-19290bc6eb2e,VIE-Precision Supply 712,Vietnam,54.47,33,0.7276,true,2025-10-02 09:16:31+00,2025-10-02 09:16:31+00
57b9c332-35d2-5c5d-99e2-b37ec32549a5,VIE-Alloy Supply 713,Vietnam,86.19,38,0.8303,true,2025-10-02 09:05:37+00,2025-10-02 09:05:37+00
7bea5ef9-fc41-53f9-93c1-990d87ba7ea5,USA-Poly Supply 714,USA,21.08,6,0.9202,true,2025-10-02 09:04:04+00,2025-10-02 09:04:04+00
106416bc-f07c-5102-8c43-668a076651cd,CHI-Micro Supply 715,China,52.91,22,0.9215,true,2025-10-02 09:22:49+00,2025-10-02 09:22:49+00
d5a27038-e6bc-5a6d-abaa-08a15a662ca9,CHI-Global Supply 716,China,183.65,19,0.9564,true,2025-10-02 09:17:46+00,2025-10-02 09:17:46+00
8c8c96c9-b8bb-54cb-9fb5-715696dd2e04,GER-Prime Supply 717,Germany,29.29,11,0.9513,true,2025-10-02 09:13:03+00,2025-10-02 09:13:03+00
d71a309e-9a52-5154-bf96-e25f79e8e44f,CHI-Nova Supply 718,China,43.28,20,0.7909,true,2025-10-02 09:06:27+00,2025-10-02 09:06:27+00
6d46d86b-744c-52ee-963c-25a53bf68590,CHI-Delta Supply 719,China,79.21,30,0.844,true,2025-10-02 09:28:34+00,2025-10-02 09:28:34+00
f91a7a3f-74a1-595a-935a-acbc256ae50a,USA-Precision Supply 720,USA,48.5,4,0.9239,true,2025-10-02 09:17:14+00,2025-10-02 09:17:14+00
2633df89-4386-54db-95cd-b07306e1c225,CHI-Alloy Supply 721,China,27.07,51,0.7739,true,2025-10-02 09:01:33+00,2025-10-02 09:01:33+00
41ca40ce-f044-5848-8e4a-35bc7abbff1b,VIE-Poly Supply 722,Vietnam,167.87,40,0.6989,true,2025-10-02 09:03:22+00,2025-10-02 09:03:22+00
8f607c81-52f8-52d3-802b-5fba45ba5b9a,CHI-Micro Supply 723,China,65.38,15,0.7603,true,2025-10-02 09:04:21+00,2025-10-02 09:04:21+00
61a2b088-75ec-5978-8a2b-771831436371,GER-Global Supply 724,Germany,50.96,17,0.9269,true,2025-10-02 09:13:53+00,2025-10-02 09:13:53+00
a6dce6e0-3c2f-56ba-b5c9-a98d5ed84ca2,GER-Prime Supply 725,Germany,58.05,9,0.843,true,2025-10-02 09:10:18+00,2025-10-02 09:10:18+00
e3ebf49b-c110-5f5f-9a18-805a4d25ef12,IND-Nova Supply 726,India,128.94,26,0.8393,true,2025-10-02 09:08:56+00,2025-10-02 09:08:56+00
485e430d-5fe7-56c0-a6f0-9f2660eb54ff,USA-Delta Supply 727,USA,54.28,18,0.7109,true,2025-10-02 09:27:52+00,2025-10-02 09:27:52+00
394506cb-d774-52a1-ad50-8d4ec1e5d3f3,USA-Precision Supply 728,USA,125.8,3,0.8177,true,2025-10-02 09:20:53+00,2025-10-02 09:20:53+00
9caa7f76-10d7-58fd-83a1-a8a669a0ff27,USA-Alloy Supply 729,USA,91.7,8,0.9675,true,2025-10-02 09:02:59+00,2025-10-02 09:02:59+00
6967611f-756c-5028-a77c-e8bce052a14c,CHI-Poly Supply 730,China,35.22,13,0.9136,true,2025-10-02 09:22:12+00,2025-10-02 09:22:12+00
4a953290-d4bd-5ee2-9abf-9840706ba55a,GER-Micro Supply 731,Germany,231.42,10,0.977,true,2025-10-02 09:06:42+00,2025-10-02 09:06:42+00
48502e19-d6a2-563d-8569-3cf8399d6c87,IND-Global Supply 732,India,49.63,24,0.8952,true,2025-10-02 09:07:17+00,2025-10-02 09:07:17+00
05a8d29f-5389-5715-a21f-f39cefd570a7,USA-Prime Supply 733,USA,93.33,10,0.9234,true,2025-10-02 09:19:20+00,2025-10-02 09:19:20+00
4d6cd501-64c4-52ff-b938-e9762779c670,USA-Nova Supply 734,USA,37.94,8,0.7745,true,2025-10-02 09:20:55+00,2025-10-02 09:20:55+00
42cd7d51-8955-5835-9e51-fdd0cd945465,IND-Delta Supply 735,India,38.52,12,0.8578,true,2025-10-02 09:04:50+00,2025-10-02 09:04:50+00
a20c455c-5a38-51a8-a7b4-4c30ef2abf1d,MEX-Precision Supply 736,Mexico,48.91,10,0.9531,true,2025-10-02 09:13:23+00,2025-10-02 09:13:23+00
4d0adc20-d9ce-5eec-924e-5befb678cef9,CHI-Alloy Supply 737,China,110.01,48,0.7517,true,2025-10-02 09:03:06+00,2025-10-02 09:03:06+00
b2d6149d-18ec-5efa-bb2b-a49f58917eeb,VIE-Poly Supply 738,Vietnam,87.78,20,0.7682,true,2025-10-02 09:00:57+00,2025-10-02 09:00:57+00
86f01a7b-751d-529d-9770-db8f00338dc0,MEX-Micro Supply 739,Mexico,53.74,10,0.8646,true,2025-10-02 09:03:29+00,2025-10-02 09:03:29+00
a6e82603-6e86-5169-91a4-8d7c1f45d667,USA-Global Supply 740,USA,82.94,5,0.9349,true,2025-10-02 09:09:39+00,2025-10-02 09:09:39+00
def96a59-0187-5272-abfd-1fbb1e0ba43b,USA-Prime Supply 741,USA,43.41,19,0.8603,true,2025-10-02 09:04:57+00,2025-10-02 09:04:57+00
010805c8-01bc-5899-8ab9-c956338d3951,USA-Nova Supply 742,USA,31.57,6,0.7943,true,2025-10-02 09:14:44+00,2025-10-02 09:14:44+00
b13b262a-5819-5260-9512-fb4c3cc71dcc,CHI-Delta Supply 743,China,47.42,40,0.9483,true,2025-10-02 09:07:16+00,2025-10-02 09:07:16+00
10f64232-34d5-5412-9815-079f91b749c4,IND-Precision Supply 744,India,53.88,32,0.9063,true,2025-10-02 09:26:53+00,2025-10-02 09:26:53+00
65b0ec30-94e1-59ae-9204-c730267419b7,VIE-Alloy Supply 745,Vietnam,126.64,19,0.8386,true,2025-10-02 09:28:00+00,2025-10-02 09:28:00+00
24837013-4d48-5365-b385-34606676facb,CHI-Poly Supply 746,China,64.83,21,0.8321,true,2025-10-02 09:26:49+00,2025-10-02 09:26:49+00
5b77a11a-9e33-5b8a-be32-f8dc577d34d8,CHI-Micro Supply 747,China,13.25,18,0.9612,true,2025-10-02 09:16:11+00,2025-10-02 09:16:11+00
38c607d5-ac16-5c97-b619-8e21d817a49b,VIE-Global Supply 748,Vietnam,59.38,27,0.8015,true,2025-10-02 09:04:13+00,2025-10-02 09:04:13+00
ce46a88f-3d2b-5421-8d53-d3d93eb3dfd3,USA-Prime Supply 749,USA,62.33,12,0.9064,true,2025-10-02 09:15:00+00,2025-10-02 09:15:00+00
11dc3173-294a-5b69-b7a7-76008da0f426,CHI-Nova Supply 750,China,72.99,33,0.9709,true,2025-10-02 09:23:56+00,2025-10-02 09:23:56+00
17a7fbcd-328a-59ec-948f-ee7a47bf11e4,GER-Delta Supply 751,Germany,63.97,13,0.9397,true,2025-10-02 09:25:22+00,2025-10-02 09:25:22+00
0c51185d-3984-5a88-9996-1c1cf0810b1e,USA-Precision Supply 752,USA,135.46,7,0.9406,true,2025-10-02 09:13:11+00,2025-10-02 09:13:11+00
47cdf1c5-d121-5af8-9ecf-86a0a8a1238c,IND-Alloy Supply 753,India,67.59,17,0.9604,true,2025-10-02 09:10:47+00,2025-10-02 09:10:47+00
15ada178-ab08-5d50-8c47-55eb2c7d023e,GER-Poly Supply 754,Germany,86.18,14,0.8812,true,2025-10-02 09:26:05+00,2025-10-02 09:26:05+00
c4a2fdd5-45b9-5844-baa5-0672cf2e52d3,CHI-Micro Supply 755,China,88.9,26,0.8856,true,2025-10-02 09:12:20+00,2025-10-02 09:12:20+00
0acda17d-cd93-59e9-b966-8fae8183e214,VIE-Global Supply 756,Vietnam,57.33,78,0.854,true,2025-10-02 09:23:01+00,2025-10-02 09:23:01+00
b370526b-a4f8-5405-9d0a-59c657f18a87,USA-Prime Supply 757,USA,62.62,7,0.787,true,2025-10-02 09:26:56+00,2025-10-02 09:26:56+00
302b7edd-80c3-5cee-bb7a-e63b078d800b,CHI-Nova Supply 758,China,131.04,27,0.9317,true,2025-10-02 09:18:07+00,2025-10-02 09:18:07+00
90e14d72-4b50-5b06-acaa-37f2f4570f72,CHI-Delta Supply 759,China,102.77,25,0.8814,true,2025-10-02 09:20:57+00,2025-10-02 09:20:57+00
c7c149fe-7a9d-5c3d-961a-89ef18d06c22,CHI-Precision Supply 760,China,137.36,42,0.7239,true,2025-10-02 09:00:44+00,2025-10-02 09:00:44+00
59e4266d-4682-548a-b748-1d3247342d25,USA-Alloy Supply 761,USA,68.47,8,0.9331,true,2025-10-02 09:21:28+00,2025-10-02 09:21:28+00
2489f4f7-f609-50f2-9ae5-6cefcc88b709,CHI-Poly Supply 762,China,42.1,40,0.7516,true,2025-10-02 09:15:57+00,2025-10-02 09:15:57+00
1dc37a67-cadb-55dd-9322-1942684c780a,MEX-Micro Supply 763,Mexico,37.15,8,0.7759,true,2025-10-02 09:24:37+00,2025-10-02 09:24:37+00
d021a25d-3e28-536b-8bed-255d2da1ac94,USA-Global Supply 764,USA,45.84,5,0.9217,true,2025-10-02 09:21:43+00,2025-10-02 09:21:43+00
2119a65d-a63b-5a83-81df-07d41d02741d,CHI-Prime Supply 765,China,90.22,61,0.9194,true,2025-10-02 09:02:21+00,2025-10-02 09:02:21+00
9cc27d41-1942-56d7-a834-6d6683c573b9,GER-Nova Supply 766,Germany,33.43,7,0.9378,true,2025-10-02 09:07:01+00,2025-10-02 09:07:01+00
bfd5b75c-6dd4-580b-9958-a416edd78cdd,VIE-Delta Supply 767,Vietnam,57.06,41,0.938,true,2025-10-02 09:01:16+00,2025-10-02 09:01:16+00
0cfa8599-f1b1-5884-aca3-be3021534deb,MEX-Precision Supply 768,Mexico,82.73,12,0.9425,true,2025-10-02 09:06:09+00,2025-10-02 09:06:09+00
b858bcd1-a201-53fc-9b04-cb0ff90940d8,CHI-Alloy Supply 769,China,55.17,15,0.9081,true,2025-10-02 09:23:44+00,2025-10-02 09:23:44+00
8ced0e4e-5186-5413-ac25-3a35caf4818f,USA-Poly Supply 770,USA,33.37,11,0.8925,true,2025-10-02 09:03:54+00,2025-10-02 09:03:54+00
9c3fdc9d-019e-547f-9308-44dc87649b9d,IND-Micro Supply 771,India,48.95,24,0.7208,true,2025-10-02 09:20:03+00,2025-10-02 09:20:03+00
c9a6a6cd-1878-5e30-bfa8-259477eb79f8,GER-Global Supply 772,Germany,51.49,15,0.9197,true,2025-10-02 09:18:43+00,2025-10-02 09:18:43+00
6a616df0-22ca-5014-8181-d261f0fb7be7,USA-Prime Supply 773,USA,29.42,9,0.8834,true,2025-10-02 09:04:57+00,2025-10-02 09:04:57+00
e9c467bd-b0f6-5a55-a61e-42024081e965,GER-Nova Supply 774,Germany,44.46,5,0.9303,true,2025-10-02 09:26:00+00,2025-10-02 09:26:00+00
25f9aa71-b0ea-574b-8b4e-d1847a582551,USA-Delta Supply 775,USA,72.68,7,0.9088,true,2025-10-02 09:06:38+00,2025-10-02 09:06:38+00
59b738e0-b028-5084-a7d2-6bc2a0bc15df,GER-Precision Supply 776,Germany,50.64,12,0.7086,true,2025-10-02 09:07:10+00,2025-10-02 09:07:10+00
c174dd57-e614-5b0b-a90a-bede571e9342,VIE-Alloy Supply 777,Vietnam,52.42,26,0.9417,true,2025-10-02 09:26:02+00,2025-10-02 09:26:02+00
d965045a-de10-59d5-8a39-44c616039c95,GER-Poly Supply 778,Germany,170.31,8,0.7879,true,2025-10-02 09:29:46+00,2025-10-02 09:29:46+00
28365b3f-c5be-5829-ab74-ee7510c0dae3,CHI-Micro Supply 779,China,90.83,36,0.8298,true,2025-10-02 09:21:43+00,2025-10-02 09:21:43+00
989fa3d3-eb9a-5bee-9acc-841fbadd5509,USA-Global Supply 780,USA,20.95,6,0.8601,true,2025-10-02 09:22:23+00,2025-10-02 09:22:23+00
808e8c63-7a9b-571c-9ccc-5139aef58891,MEX-Prime Supply 781,Mexico,111.69,5,0.8745,true,2025-10-02 09:13:48+00,2025-10-02 09:13:48+00
ac973454-cb1e-5404-983b-786ef0520222,CHI-Nova Supply 782,China,58.3,22,0.712,true,2025-10-02 09:05:07+00,2025-10-02 09:05:07+00
01af57ad-5457-514c-aac6-ca91aa64c26b,CHI-Delta Supply 783,China,48.45,29,0.9024,true,2025-10-02 09:14:02+00,2025-10-02 09:14:02+00
4c433366-7774-5f0e-96dd-b668152f50aa,VIE-Precision Supply 784,Vietnam,49.45,17,0.834,true,2025-10-02 09:08:44+00,2025-10-02 09:08:44+00
94f6d260-523a-57d6-8ee6-39e7dbe931b0,CHI-Alloy Supply 785,China,36.64,31,0.9226,true,2025-10-02 09:07:23+00,2025-10-02 09:07:23+00
6a827207-8d85-5a96-a1a9-1b593cb30a12,MEX-Poly Supply 786,Mexico,44.0,7,0.8845,true,2025-10-02 09:28:11+00,2025-10-02 09:28:11+00
925fb7eb-7760-5cd3-8268-36fdeafa2147,USA-Micro Supply 787,USA,85.94,8,0.9382,true,2025-10-02 09:09:19+00,2025-10-02 09:09:19+00
c1c1e329-8662-5802-8ed5-307262f6efb8,CHI-Global Supply 788,China,24.98,26,0.9503,true,2025-10-02 09:11:36+00,2025-10-02 09:11:36+00
40389207-7a55-57f5-af02-13d464ce48eb,USA-Prime Supply 789,USA,55.77,7,0.8474,true,2025-10-02 09:25:05+00,2025-10-02 09:25:05+00
f200e612-3901-5e84-8611-612ea6575efa,GER-Nova Supply 790,Germany,60.15,10,0.8141,true,2025-10-02 09:00:54+00,2025-10-02 09:00:54+00
4dd71cfe-e7f1-5d6b-89da-00ee1eafcc53,USA-Delta Supply 791,USA,90.96,10,0.8653,true,2025-10-02 09:09:02+00,2025-10-02 09:09:02+00
4af927b7-bc11-5517-90b3-97cba222374d,CHI-Precision Supply 792,China,64.54,28,0.8885,true,2025-10-02 09:24:24+00,2025-10-02 09:24:24+00
48d5fc97-b4d4-51af-986d-15252b3b1472,CHI-Alloy Supply 793,China,76.66,24,0.8499,true,2025-10-02 09:28:32+00,2025-10-02 09:28:32+00
734a81cb-d17e-523b-a92e-0a8e2f078e10,CHI-Poly Supply 794,China,96.55,42,0.9176,true,2025-10-02 09:26:16+00,2025-10-02 09:26:16+00
917390da-7e8f-5c53-8505-89463302713b,USA-Micro Supply 795,USA,156.54,7,0.813,true,2025-10-02 09:22:52+00,2025-10-02 09:22:52+00
d5be40fe-574d-587c-a658-8ba6a0b82689,CHI-Global Supply 796,China,36.16,42,0.5741,true,2025-10-02 09:02:10+00,2025-10-02 09:02:10+00
39b72c69-2b23-57b1-989a-5aee5f2877e9,CHI-Prime Supply 797,China,182.58,20,0.7649,true,2025-10-02 09:05:16+00,2025-10-02 09:05:16+00
d8e21975-d63e-5669-a660-d13623ec4a00,MEX-Nova Supply 798,Mexico,56.8,4,0.7655,true,2025-10-02 09:20:41+00,2025-10-02 09:20:41+00
ed8fd793-09d2-53c9-833b-a4a5d44fdd1a,MEX-Delta Supply 799,Mexico,19.86,8,0.7838,true,2025-10-02 09:01:06+00,2025-10-02 09:01:06+00
