id,snapshot_id,entity_type,entity_id,task,label,event_at,label_source
a64c913b-f97a-5312-b4fb-557eddc2dd63,cf849c78-db2c-52d2-94b9-b287fa74f1d4,shipment,4d526e48-4d80-5cc5-9846-48683761fefd,delay,false,,shipment_status_history
f931cd2e-64be-5ee0-9504-564ebb2d262b,cf849c78-db2c-52d2-94b9-b287fa74f1d4,shipment,e45008e2-705a-5ebd-a83b-7ff3499f4cf9,delay,false,,shipment_status_history
93078187-8959-5a38-b6c9-fc5ba1dd2008,cf849c78-db2c-52d2-94b9-b287fa74f1d4,shipment,341e6fd2-758c-5bac-82e2-d1bf669f1b19,delay,false,,shipment_status_history
e1d93e14-7dc6-5f9c-85ea-776084297e7f,cf849c78-db2c-52d2-94b9-b287fa74f1d4,shipment,f2351798-edfa-5c5d-9da9-5e97e0e44755,delay,false,,shipment_status_history
fc78a495-22c8-5909-a03c-f6760072c72e,cf849c78-db2c-52d2-94b9-b287fa74f1d4,shipment,8105f65a-fafb-5449-891e-52ddc084de2b,delay,false,,shipment_status_history
cd086106-298c-5d84-953e-cdae2a90bc7c,cf849c78-db2c-52d2-94b9-b287fa74f1d4,shipment,9425ad29-f11f-579c-9aa3-2f3fb88e6ac3,delay,false,,shipment_status_history
bb62b998-5b2f-5c4c-9276-fa00915a7897,cf849c78-db2c-52d2-94b9-b287fa74f1d4,shipment,f29388a9-4a7f-5316-b564-743cc0f59675,delay,false,,shipment_status_history
5a629aaa-e1bd-51fb-9c31-79f6c14973e6,cf849c78-db2c-52d2-94b9-b287fa74f1d4,shipment,e3e13ae9-543a-5277-aab2-65ccb33a2642,delay,true,2024-07-04 23:58:25+00,shipment_status_history
fadf1794-acce-506f-8d72-0d435a9282fc,cf849c78-db2c-52d2-94b9-b287fa74f1d4,shipment,aa5fca6c-f92f-5f2f-8f7a-cdbd70b37425,delay,false,,shipment_status_history
f5db56a9-9858-590c-a75c-d7b3909c7442,cf849c78-db2c-52d2-94b9-b287fa74f1d4,shipment,15ee0729-b50f-5aa6-90cd-8ce668ee68a8,delay,false,,shipment_status_history
120d0584-9b5d-546b-8cb5-0a093a1e37a1,cf849c78-db2c-52d2-94b9-b287fa74f1d4,shipment,09e1aef9-e48c-5c60-b642-4c69838c7ed9,delay,false,,shipment_status_history
2d2b0b22-d811-58d5-99e3-9eab8c90ceb0,cf849c78-db2c-52d2-94b9-b287fa74f1d4,shipment,50615071-c996-5e6a-9dd8-403aaec25bae,delay,false,,shipment_status_history
53f3198e-ed5d-519a-aec8-7336b5a0fc80,cf849c78-db2c-52d2-94b9-b287fa74f1d4,shipment,d4b54d45-9ea9-5b6e-b87d-91fc2ca26185,delay,true,2024-07-05 22:06:50+00,shipment_status_history
270bd862-262c-505e-8961-e43972bccbdb,cf849c78-db2c-52d2-94b9-b287fa74f1d4,shipment,7f1302e8-350a-57a6-86fd-1b9d8c443181,delay,false,,shipment_status_history
fbad5a54-4bec-5d24-86e4-d59168638033,cf849c78-db2c-52d2-94b9-b287fa74f1d4,shipment,27e74995-4fc7-5d8b-8944-2d939f916998,delay,false,,shipment_status_history
1d9b9f82-af40-5004-a139-056de80ce65a,cf849c78-db2c-52d2-94b9-b287fa74f1d4,shipment,c67362ad-9507-5c22-8d6b-730cfe3eb0b7,delay,false,,shipment_status_history
3a349372-2f00-5b3a-ac3c-74cca8fd223c,cf849c78-db2c-52d2-94b9-b287fa74f1d4,shipment,64b6fa3f-1b05-5886-baa1-940bdcf08c76,delay,false,,shipment_status_history
fe2e6c5d-cfaa-5710-a92a-4ba0fdd5ccaa,cf849c78-db2c-52d2-94b9-b287fa74f1d4,shipment,0ac46665-2b41-5774-9876-2278afbf86b1,delay,false,,shipment_status_history
bbb6cfb8-bc6a-567f-a91f-4566621c9fbb,cf849c78-db2c-52d2-94b9-b287fa74f1d4,shipment,07c5194e-be91-57c4-b43e-b0a654eafd96,delay,false,,shipment_status_history
b036844f-0854-5935-bb19-b3a5702df6b7,cf849c78-db2c-52d2-94b9-b287fa74f1d4,shipment,be2046df-8a20-5b95-9a9a-b6d753c361e2,delay,false,,shipment_status_history
9fe506c1-3207-5fa5-829f-76b7939d8328,cf849c78-db2c-52d2-94b9-b287fa74f1d4,shipment,8ac67f29-0649-5f1c-b1bb-d1d26a721acb,delay,false,,shipment_status_history
ea3505d1-a48b-5e43-91ac-4ade49b6ed0e,cf849c78-db2c-52d2-94b9-b287fa74f1d4,shipment,b94e4196-eb5b-52d9-a2a9-20fab0a2532a,delay,false,,shipment_status_history
9dbd7ac1-9261-5dbf-ad56-c09685451f64,cf849c78-db2c-52d2-94b9-b287fa74f1d4,shipment,851d8333-12f4-55ad-8cdb-4d59c9396578,delay,false,,shipment_status_history
eaf21718-e158-5f7a-b297-ac1522da180d,cf849c78-db2c-52d2-94b9-b287fa74f1d4,shipment,ab7882a1-11bb-5d4b-82a0-b92d11402d43,delay,false,,shipment_status_history
4a32d86c-2613-59b4-84fb-72ae17f483b6,cf849c78-db2c-52d2-94b9-b287fa74f1d4,shipment,224b6703-8dc4-552d-89a8-1d9830f5cf0f,delay,false,,shipment_status_history
e01fe153-c1cd-5b46-a774-4baf535b7479,cf849c78-db2c-52d2-94b9-b287fa74f1d4,shipment,3e66a70f-5f63-5fdd-86ec-eb3bbc3f0e8c,delay,false,,shipment_status_history
46ec3466-489c-5b85-9e45-12923dbae4c4,cf849c78-db2c-52d2-94b9-b287fa74f1d4,shipment,e22476a5-38d1-5b0f-92f3-4e513a703726,delay,false,,shipment_status_history
63902566-e77b-59e8-b427-a3fcf68607a5,cf849c78-db2c-52d2-94b9-b287fa74f1d4,shipment,ce447c15-3e44-50e7-9713-7097b43d4275,delay,false,,shipment_status_history
58c7b5ec-7600-535f-ab7d-279f32e9f6c2,cf849c78-db2c-52d2-94b9-b287fa74f1d4,shipment,d17dbabd-3b2d-5632-a94b-d4dca9238716,delay,false,,shipment_status_history
ffc8626e-e509-56a0-beeb-d5c35bb93a93,cf849c78-db2c-52d2-94b9-b287fa74f1d4,product,c0f44500-e1d1-59e0-b53b-e0e98b24a7cf,shortage,false,,inventory_history
0acb07bf-283d-5c4c-b3ea-3dc122aad73d,cf849c78-db2c-52d2-94b9-b287fa74f1d4,product,c0f44500-e1d1-59e0-b53b-e0e98b24a7cf,shortage,false,,inventory_history
763370d7-267d-5297-a073-38e7912da437,cf849c78-db2c-52d2-94b9-b287fa74f1d4,product,dfaf50bf-7ed8-5e30-b115-e55c44d8e0c1,shortage,false,,inventory_history
557cffc0-1f91-575c-a401-78111122829a,cf849c78-db2c-52d2-94b9-b287fa74f1d4,product,dfaf50bf-7ed8-5e30-b115-e55c44d8e0c1,shortage,false,,inventory_history
8f5eea31-63e8-5014-9582-d8911586c1a8,cf849c78-db2c-52d2-94b9-b287fa74f1d4,product,5abd18e8-de32-5af1-b593-d3190e9164a5,shortage,false,,inventory_history
d4419c85-eaef-5a0e-a539-9495f5f406e8,cf849c78-db2c-52d2-94b9-b287fa74f1d4,product,5abd18e8-de32-5af1-b593-d3190e9164a5,shortage,false,,inventory_history
1d09976e-8bd3-5c64-be95-dec04234e636,cf849c78-db2c-52d2-94b9-b287fa74f1d4,product,98f9ed1d-3d10-5a68-a387-66981e9dde59,shortage,false,,inventory_history
9ff6cfeb-9bd7-5c58-a572-9c58f0f0da64,cf849c78-db2c-52d2-94b9-b287fa74f1d4,product,98f9ed1d-3d10-5a68-a387-66981e9dde59,shortage,true,2024-07-01 14:00:00+00,inventory_history
ab64c3ae-cbff-5218-afad-d24eaa04e805,cf849c78-db2c-52d2-94b9-b287fa74f1d4,product,b8b98483-157a-5ddb-81bf-f65f95613caa,shortage,false,,inventory_history
b7df9c28-7b5c-51fe-9abf-efa83d351a16,cf849c78-db2c-52d2-94b9-b287fa74f1d4,product,b8b98483-157a-5ddb-81bf-f65f95613caa,shortage,false,,inventory_history
85376719-1df6-5a51-a63a-3d1004a6d5f1,cf849c78-db2c-52d2-94b9-b287fa74f1d4,product,b8b98483-157a-5ddb-81bf-f65f95613caa,shortage,false,,inventory_history
a3f00eb8-b097-5648-b9f4-bb53e29c12cb,cf849c78-db2c-52d2-94b9-b287fa74f1d4,product,ebdcc5e9-63c3-5a52-9521-f031c6154feb,shortage,false,,inventory_history
15bbb15a-7301-50d9-958c-ae46b581cb54,cf849c78-db2c-52d2-94b9-b287fa74f1d4,product,ebdcc5e9-63c3-5a52-9521-f031c6154feb,shortage,false,,inventory_history
b1d9ae8a-7556-5587-91ea-ef04ae05c952,cf849c78-db2c-52d2-94b9-b287fa74f1d4,product,6e22d3ea-9fc0-56fa-a367-352e633df40c,shortage,false,,inventory_history
970f3055-7f0e-5f44-99e6-cbb06c58f890,cf849c78-db2c-52d2-94b9-b287fa74f1d4,product,6e22d3ea-9fc0-56fa-a367-352e633df40c,shortage,false,,inventory_history
7b4f917c-6b43-5a64-b2ad-58271a0b643a,cf849c78-db2c-52d2-94b9-b287fa74f1d4,product,0f7722fa-332a-5a19-922d-1d9cab8dda65,shortage,false,,inventory_history
466a8409-80dd-58ed-a33e-6ff0f3efe685,cf849c78-db2c-52d2-94b9-b287fa74f1d4,product,0f7722fa-332a-5a19-922d-1d9cab8dda65,shortage,false,,inventory_history
90e9b470-2df6-5226-b43f-df589b48770d,cf849c78-db2c-52d2-94b9-b287fa74f1d4,product,e3a10959-a74e-5cdd-bd80-3c24836fb062,shortage,false,,inventory_history
c91ed636-8189-5ff2-9b7b-18b6c6279685,cf849c78-db2c-52d2-94b9-b287fa74f1d4,product,e3a10959-a74e-5cdd-bd80-3c24836fb062,shortage,false,,inventory_history
27713878-c300-59e4-b150-65731b8d46de,cf849c78-db2c-52d2-94b9-b287fa74f1d4,product,e3a10959-a74e-5cdd-bd80-3c24836fb062,shortage,false,,inventory_history
30d6dd45-4fe1-5e50-9e62-86bea2616de8,cf849c78-db2c-52d2-94b9-b287fa74f1d4,product,6852d7e8-9827-5aa7-a439-140e7dac645a,shortage,false,,inventory_history
11ee6995-a2fe-5ae1-9229-57bd26f79513,cf849c78-db2c-52d2-94b9-b287fa74f1d4,product,6852d7e8-9827-5aa7-a439-140e7dac645a,shortage,false,,inventory_history
4b3a5852-a7de-52a6-ab10-4e0714f28f41,cf849c78-db2c-52d2-94b9-b287fa74f1d4,product,6852d7e8-9827-5aa7-a439-140e7dac645a,shortage,false,,inventory_history
e521154f-3c0b-5d0d-9c1d-a41f3d5e0102,cf849c78-db2c-52d2-94b9-b287fa74f1d4,product,5b72fcba-23c2-5ea7-9dc2-b32eca367733,shortage,false,,inventory_history
a8bb22d0-1114-5378-9f16-2078dddb3726,cf849c78-db2c-52d2-94b9-b287fa74f1d4,product,5b72fcba-23c2-5ea7-9dc2-b32eca367733,shortage,false,,inventory_history
f1896787-96e1-51dd-90ae-54207a182a7f,cf849c78-db2c-52d2-94b9-b287fa74f1d4,product,c914dcac-18fe-5928-87c0-80e93bb776c2,shortage,false,,inventory_history
9892b8a1-4569-5169-a660-f8c7ac06eb84,cf849c78-db2c-52d2-94b9-b287fa74f1d4,product,c914dcac-18fe-5928-87c0-80e93bb776c2,shortage,false,,inventory_history
d63fad89-0557-50b1-bc61-1a9e19e85a82,cf849c78-db2c-52d2-94b9-b287fa74f1d4,product,d6481438-ce10-5e85-8b0a-fbc48dcd19e7,shortage,false,,inventory_history
a5cd1785-6e16-5598-9a64-d59cf840e9d1,cf849c78-db2c-52d2-94b9-b287fa74f1d4,product,d6481438-ce10-5e85-8b0a-fbc48dcd19e7,shortage,false,,inventory_history
f6a963b1-111f-5e8e-b9bb-9a3acd7484c1,cf849c78-db2c-52d2-94b9-b287fa74f1d4,product,015ee94d-a0dc-5a3a-96b4-4318093cd0c8,shortage,false,,inventory_history
7f03fedf-0bbb-51cf-a3f6-8c61521e85c9,cf849c78-db2c-52d2-94b9-b287fa74f1d4,product,015ee94d-a0dc-5a3a-96b4-4318093cd0c8,shortage,false,,inventory_history
144833d5-b4ef-5e33-b811-7b4f513d62f0,cf849c78-db2c-52d2-94b9-b287fa74f1d4,product,a4acb526-e0ea-590e-9293-ff9e90059c15,shortage,false,,inventory_history
b3587ef6-1903-5e4c-b2bc-ce2dcfeef22d,cf849c78-db2c-52d2-94b9-b287fa74f1d4,product,a4acb526-e0ea-590e-9293-ff9e90059c15,shortage,false,,inventory_history
013493a0-2f76-5eec-b4ac-6fae04277ec1,cf849c78-db2c-52d2-94b9-b287fa74f1d4,product,3ba63656-6a91-5254-8fd9-1b6d20dced02,shortage,false,,inventory_history
ee0a62b4-6535-5409-bd93-fdc621ec095e,cf849c78-db2c-52d2-94b9-b287fa74f1d4,product,3ba63656-6a91-5254-8fd9-1b6d20dced02,shortage,true,2024-07-01 14:00:00+00,inventory_history
2af43fe0-4c5d-5594-ad96-48ac52d79dd9,cf849c78-db2c-52d2-94b9-b287fa74f1d4,product,3ba63656-6a91-5254-8fd9-1b6d20dced02,shortage,false,,inventory_history
24e7257b-cf5e-5838-b4b8-c8119379fa98,cf849c78-db2c-52d2-94b9-b287fa74f1d4,product,3f7c929e-b070-5624-afcb-413255a3e8b7,shortage,false,,inventory_history
ca968e1a-f3d1-531b-9b40-429266ea16dd,cf849c78-db2c-52d2-94b9-b287fa74f1d4,product,3f7c929e-b070-5624-afcb-413255a3e8b7,shortage,false,,inventory_history
ee33fc49-5a17-5ad2-9ba9-9f59da6a543b,cf849c78-db2c-52d2-94b9-b287fa74f1d4,product,fc7fc417-cce4-5f70-a6f1-8ce7a0edf5e9,shortage,false,,inventory_history
45deb8c5-3656-5c4c-b251-f2cb90e1b0c0,cf849c78-db2c-52d2-94b9-b287fa74f1d4,product,fc7fc417-cce4-5f70-a6f1-8ce7a0edf5e9,shortage,false,,inventory_history
39dabcd6-9a75-5364-963f-8c797bdfd549,cf849c78-db2c-52d2-94b9-b287fa74f1d4,product,87bd34d0-75d8-568d-abd0-77f535fdb719,shortage,false,,inventory_history
caaa5bcc-7d6f-5221-b734-00b160d5d0cf,cf849c78-db2c-52d2-94b9-b287fa74f1d4,product,87bd34d0-75d8-568d-abd0-77f535fdb719,shortage,false,,inventory_history
b84ea6d3-3bcf-5716-a330-de3bf3532358,cf849c78-db2c-52d2-94b9-b287fa74f1d4,product,87bd34d0-75d8-568d-abd0-77f535fdb719,shortage,false,,inventory_history
c85d5ade-0401-5d0b-a21a-61e6070434ca,cf849c78-db2c-52d2-94b9-b287fa74f1d4,product,12d2e257-18af-5ea5-9b8e-109e869b4b9e,shortage,false,,inventory_history
5e05dae8-f206-580a-af7d-041077a20c73,cf849c78-db2c-52d2-94b9-b287fa74f1d4,product,12d2e257-18af-5ea5-9b8e-109e869b4b9e,shortage,false,,inventory_history
f0be7ab1-0614-5e96-812f-ad69f735ffa3,cf849c78-db2c-52d2-94b9-b287fa74f1d4,product,12d2e257-18af-5ea5-9b8e-109e869b4b9e,shortage,false,,inventory_history
47680f00-1cfa-503e-a6f7-286218959b82,cf849c78-db2c-52d2-94b9-b287fa74f1d4,product,7139ebf2-1aff-593d-9366-22949a04fd61,shortage,false,,inventory_history
ee2f6230-7a66-5cd3-bb69-c0efc78291b5,cf849c78-db2c-52d2-94b9-b287fa74f1d4,product,7139ebf2-1aff-593d-9366-22949a04fd61,shortage,false,,inventory_history
74c166f2-0f01-5349-8e4c-ad81270d9884,cf849c78-db2c-52d2-94b9-b287fa74f1d4,product,7139ebf2-1aff-593d-9366-22949a04fd61,shortage,false,,inventory_history
611510ef-b5fb-5692-8be6-9fe60882f383,cf849c78-db2c-52d2-94b9-b287fa74f1d4,product,48b59f70-e096-547d-97be-0afd9e0ef1f4,shortage,false,,inventory_history
af76656f-599d-5c7e-b53f-12e495da1a5e,cf849c78-db2c-52d2-94b9-b287fa74f1d4,product,48b59f70-e096-547d-97be-0afd9e0ef1f4,shortage,false,,inventory_history
70f8e9b5-e935-567e-bad4-d3a82eba4d64,cf849c78-db2c-52d2-94b9-b287fa74f1d4,product,c7c80e8e-2456-5c4b-97cb-5d6b8aea9e11,shortage,false,,inventory_history
bc5d9184-53d1-517c-995d-8c57cb9ab958,cf849c78-db2c-52d2-94b9-b287fa74f1d4,product,c7c80e8e-2456-5c4b-97cb-5d6b8aea9e11,shortage,false,,inventory_history
3e00dec6-deb7-5133-9c0c-455392097752,cf849c78-db2c-52d2-94b9-b287fa74f1d4,product,c7c80e8e-2456-5c4b-97cb-5d6b8aea9e11,shortage,false,,inventory_history
a7e17c28-3949-5daf-884d-b355be1520d2,cf849c78-db2c-52d2-94b9-b287fa74f1d4,product,8243c793-3801-5a72-86e5-9ab29d8d498d,shortage,false,,inventory_history
189187dc-0b3a-5af2-8e29-1293c78bd27c,cf849c78-db2c-52d2-94b9-b287fa74f1d4,product,8243c793-3801-5a72-86e5-9ab29d8d498d,shortage,false,,inventory_history
94416e1d-d3ec-52ff-8fbd-20eab4b10b16,cf849c78-db2c-52d2-94b9-b287fa74f1d4,product,8243c793-3801-5a72-86e5-9ab29d8d498d,shortage,false,,inventory_history
c9b4d441-c475-5910-86b9-15b7d9f5435a,cf849c78-db2c-52d2-94b9-b287fa74f1d4,product,5e2cc5fc-7d5b-5bba-ad99-4412ab325860,shortage,false,,inventory_history
113deec7-bd72-57be-8afa-363687e3a377,cf849c78-db2c-52d2-94b9-b287fa74f1d4,product,5e2cc5fc-7d5b-5bba-ad99-4412ab325860,shortage,false,,inventory_history
e022fe8e-ab72-5fb8-ae37-b542fd2ed545,cf849c78-db2c-52d2-94b9-b287fa74f1d4,product,ce143825-d54b-50ec-92fe-c61fdb5ae610,shortage,false,,inventory_history
94572084-49e1-5bb6-91d1-4ba846e96a99,cf849c78-db2c-52d2-94b9-b287fa74f1d4,product,ce143825-d54b-50ec-92fe-c61fdb5ae610,shortage,false,,inventory_history
ded67621-ad20-5769-b5ab-e82fc766db5c,cf849c78-db2c-52d2-94b9-b287fa74f1d4,product,ce143825-d54b-50ec-92fe-c61fdb5ae610,shortage,false,,inventory_history
7ffb7f6f-3c32-553b-86c7-3b6fb34a3d57,cf849c78-db2c-52d2-94b9-b287fa74f1d4,product,22326882-02d4-5cec-806a-1e1016a55411,shortage,false,,inventory_history
f02bd6c4-b8da-5ca0-99f0-20d57f681f37,cf849c78-db2c-52d2-94b9-b287fa74f1d4,product,22326882-02d4-5cec-806a-1e1016a55411,shortage,false,,inventory_history
dc0f7d45-16e1-5426-8947-1161a878f87b,cf849c78-db2c-52d2-94b9-b287fa74f1d4,product,5f832cdc-1407-55fc-8fd5-76ca28247722,shortage,false,,inventory_history
0c11f6f2-99d7-5b48-9780-923e33e61144,cf849c78-db2c-52d2-94b9-b287fa74f1d4,product,5f832cdc-1407-55fc-8fd5-76ca28247722,shortage,false,,inventory_history
fdc2186f-4327-500c-b97b-b3392ff2b025,cf849c78-db2c-52d2-94b9-b287fa74f1d4,product,5f832cdc-1407-55fc-8fd5-76ca28247722,shortage,false,,inventory_history
1c4cf752-7afc-59b0-93b5-ea0e4d235551,cf849c78-db2c-52d2-94b9-b287fa74f1d4,product,f3d43083-cf37-52fb-bc02-bff47203b7c9,shortage,false,,inventory_history
ccc50133-1fed-5f84-b390-2f42a70930ac,cf849c78-db2c-52d2-94b9-b287fa74f1d4,product,f3d43083-cf37-52fb-bc02-bff47203b7c9,shortage,false,,inventory_history
d0511efd-9b85-5596-a1de-fee8b1afeb80,cf849c78-db2c-52d2-94b9-b287fa74f1d4,product,f3d43083-cf37-52fb-bc02-bff47203b7c9,shortage,false,,inventory_history
f364b28e-c7e0-5755-93f7-c75891ccd6f0,cf849c78-db2c-52d2-94b9-b287fa74f1d4,product,d02cf696-fbfe-56b7-8ff3-89608483ee25,shortage,false,,inventory_history
db0f5409-2d50-56cb-b376-1d545d383565,cf849c78-db2c-52d2-94b9-b287fa74f1d4,product,d02cf696-fbfe-56b7-8ff3-89608483ee25,shortage,false,,inventory_history
f3b5feaf-f8fb-567f-b708-1d45e5201927,cf849c78-db2c-52d2-94b9-b287fa74f1d4,product,8191a9f6-2263-53f2-a6a6-4c31e81e996e,shortage,false,,inventory_history
63a8e2d3-cfe7-5aec-b517-4d449d307e3f,cf849c78-db2c-52d2-94b9-b287fa74f1d4,product,8191a9f6-2263-53f2-a6a6-4c31e81e996e,shortage,false,,inventory_history
985a886a-a847-5408-b3cd-f232702df21d,cf849c78-db2c-52d2-94b9-b287fa74f1d4,product,8191a9f6-2263-53f2-a6a6-4c31e81e996e,shortage,false,,inventory_history
06e66015-435c-576f-b6ae-7990e94c5daf,cf849c78-db2c-52d2-94b9-b287fa74f1d4,product,9b88c78b-34e7-51c0-8f51-940e61379648,shortage,false,,inventory_history
e552b470-92f7-5f06-826e-9e5026132d56,cf849c78-db2c-52d2-94b9-b287fa74f1d4,product,9b88c78b-34e7-51c0-8f51-940e61379648,shortage,false,,inventory_history
1b900026-df34-5380-953b-16c090859a40,cf849c78-db2c-52d2-94b9-b287fa74f1d4,product,9b88c78b-34e7-51c0-8f51-940e61379648,shortage,false,,inventory_history
65c3a856-c0ad-5bc4-84ce-928525279204,cf849c78-db2c-52d2-94b9-b287fa74f1d4,product,d6e9c7be-33cb-5851-ab77-08e587828108,shortage,false,,inventory_history
1c76b434-af56-592e-86df-ae3f8d08a115,cf849c78-db2c-52d2-94b9-b287fa74f1d4,product,d6e9c7be-33cb-5851-ab77-08e587828108,shortage,false,,inventory_history
87f38723-d559-5f1a-9ecf-5108a2a37d77,cf849c78-db2c-52d2-94b9-b287fa74f1d4,product,f3c9e6db-5001-5325-b688-27d1d3fc04c1,shortage,false,,inventory_history
61a2323b-b01e-58fd-bc0b-5d0a9a78b076,cf849c78-db2c-52d2-94b9-b287fa74f1d4,product,f3c9e6db-5001-5325-b688-27d1d3fc04c1,shortage,false,,inventory_history
1a62626f-db54-5e93-bc9a-5df2b6b97485,cf849c78-db2c-52d2-94b9-b287fa74f1d4,product,f3c9e6db-5001-5325-b688-27d1d3fc04c1,shortage,false,,inventory_history
8be6a52f-18a1-5d68-bfb2-a981b121dcf4,cf849c78-db2c-52d2-94b9-b287fa74f1d4,product,63b368d3-a702-5229-a0eb-00c0e02acf2c,shortage,false,,inventory_history
95955100-d7bc-55d0-9265-eeec8a9779db,cf849c78-db2c-52d2-94b9-b287fa74f1d4,product,63b368d3-a702-5229-a0eb-00c0e02acf2c,shortage,false,,inventory_history
33fe21e2-8d78-5bd4-99e5-0bc1dd1952d4,cf849c78-db2c-52d2-94b9-b287fa74f1d4,product,a32a21a2-1fde-52e6-a745-494a810ef82b,shortage,false,,inventory_history
c0f75aa7-8fb6-59c9-b282-f9e6659b0d5a,cf849c78-db2c-52d2-94b9-b287fa74f1d4,product,a32a21a2-1fde-52e6-a745-494a810ef82b,shortage,false,,inventory_history
d51984b4-e02c-556b-83c9-5c159f117872,cf849c78-db2c-52d2-94b9-b287fa74f1d4,product,637d71e2-55cf-575a-87f5-1bcee0d0072a,shortage,false,,inventory_history
abeeaa1c-5e22-593a-9c47-823c0fef86fd,cf849c78-db2c-52d2-94b9-b287fa74f1d4,product,637d71e2-55cf-575a-87f5-1bcee0d0072a,shortage,false,,inventory_history
b340feb7-f7b4-5a90-b512-a534b4827e89,cf849c78-db2c-52d2-94b9-b287fa74f1d4,product,43239255-9abf-522a-a0ca-d242c13539cf,shortage,false,,inventory_history
f06c129c-47f8-5b54-be5e-61528cd72921,cf849c78-db2c-52d2-94b9-b287fa74f1d4,product,43239255-9abf-522a-a0ca-d242c13539cf,shortage,false,,inventory_history
720a9952-91cb-5ef6-a526-a22b96e6de16,cf849c78-db2c-52d2-94b9-b287fa74f1d4,product,43239255-9abf-522a-a0ca-d242c13539cf,shortage,false,,inventory_history
6342ec46-61a6-53ba-9505-373ae1eba3fe,cf849c78-db2c-52d2-94b9-b287fa74f1d4,product,6a379419-7f07-55f2-a7a1-c92bb24d1f27,shortage,false,,inventory_history
d8e5a8ec-ac83-5f9d-90e0-a71840c8129a,cf849c78-db2c-52d2-94b9-b287fa74f1d4,product,6a379419-7f07-55f2-a7a1-c92bb24d1f27,shortage,false,,inventory_history
1bc4fb6f-c64e-510a-acc7-747bd1a8dd76,cf849c78-db2c-52d2-94b9-b287fa74f1d4,product,6a379419-7f07-55f2-a7a1-c92bb24d1f27,shortage,false,,inventory_history
a70376b9-6439-5a4a-ad2d-1ab6c541d659,cf849c78-db2c-52d2-94b9-b287fa74f1d4,product,dbfbb0d5-1eb8-59dd-bad5-834d7a45a348,shortage,false,,inventory_history
e2e13aa0-9900-5fcf-850c-e02f232851e7,cf849c78-db2c-52d2-94b9-b287fa74f1d4,product,dbfbb0d5-1eb8-59dd-bad5-834d7a45a348,shortage,false,,inventory_history
d1c6644f-1bad-5685-b788-28de27b2d293,cf849c78-db2c-52d2-94b9-b287fa74f1d4,product,dbfbb0d5-1eb8-59dd-bad5-834d7a45a348,shortage,false,,inventory_history
d1dc0ec0-0de0-5e30-9d73-f25955c3d091,cf849c78-db2c-52d2-94b9-b287fa74f1d4,product,76ce6f91-8d47-5bfd-a8a9-b086d8728beb,shortage,false,,inventory_history
2b2e36a8-02bd-5aaf-8f9e-881e7adbdb61,cf849c78-db2c-52d2-94b9-b287fa74f1d4,product,76ce6f91-8d47-5bfd-a8a9-b086d8728beb,shortage,false,,inventory_history
100beb57-a6e5-5ab1-b74f-8bef35e3dcd0,cf849c78-db2c-52d2-94b9-b287fa74f1d4,product,4ccb08b0-f9e0-5e25-89e3-bea409b0d0cb,shortage,false,,inventory_history
4c1e730b-bd7e-5f32-b746-19133adad27e,cf849c78-db2c-52d2-94b9-b287fa74f1d4,product,4ccb08b0-f9e0-5e25-89e3-bea409b0d0cb,shortage,false,,inventory_history
916f396b-c5e4-5f46-8509-a502057b7d04,cf849c78-db2c-52d2-94b9-b287fa74f1d4,product,4ccb08b0-f9e0-5e25-89e3-bea409b0d0cb,shortage,false,,inventory_history
06d5e757-7c61-596b-b46f-d75b3522cb57,cf849c78-db2c-52d2-94b9-b287fa74f1d4,product,7698a25a-a051-53c9-ae74-597da202ffca,shortage,false,,inventory_history
4b1208e8-4adf-5fa9-9c56-e70d6dac86e3,cf849c78-db2c-52d2-94b9-b287fa74f1d4,product,7698a25a-a051-53c9-ae74-597da202ffca,shortage,false,,inventory_history
2d18c9de-1e66-5d52-a6e8-0be0746fe0ab,cf849c78-db2c-52d2-94b9-b287fa74f1d4,product,721d117c-620d-5f92-b800-3e89864cc8d3,shortage,false,,inventory_history
3c64bdc3-75a9-55e1-8a43-f7818ddcdbf7,cf849c78-db2c-52d2-94b9-b287fa74f1d4,product,721d117c-620d-5f92-b800-3e89864cc8d3,shortage,false,,inventory_history
7e78b52e-a94c-5750-9f19-498e8d66babe,cf849c78-db2c-52d2-94b9-b287fa74f1d4,product,721d117c-620d-5f92-b800-3e89864cc8d3,shortage,false,,inventory_history
bd4c9094-282b-56d5-9502-15ec529247bb,cf849c78-db2c-52d2-94b9-b287fa74f1d4,product,571424b7-2fc1-5ceb-8982-7426cc703fff,shortage,false,,inventory_history
ca3ba194-4a28-5343-acff-95ac1b73f88c,cf849c78-db2c-52d2-94b9-b287fa74f1d4,product,571424b7-2fc1-5ceb-8982-7426cc703fff,shortage,false,,inventory_history
0be9774e-bd6c-59aa-bfbc-4ee3f6d3eec5,cf849c78-db2c-52d2-94b9-b287fa74f1d4,product,9096801a-a6fd-5ca3-a667-34759b5adb9e,shortage,false,,inventory_history
7e50287d-a06c-52d1-a0a6-c8566d83f0dc,cf849c78-db2c-52d2-94b9-b287fa74f1d4,product,9096801a-a6fd-5ca3-a667-34759b5adb9e,shortage,false,,inventory_history
36185254-e7b6-5ef9-a5df-d9a314fc35a8,cf849c78-db2c-52d2-94b9-b287fa74f1d4,product,1b8e1d0e-392d-5e23-854a-832f0d6ac35d,shortage,false,,inventory_history
a0fdb60e-1108-537b-905e-937affaa1b7d,cf849c78-db2c-52d2-94b9-b287fa74f1d4,product,1b8e1d0e-392d-5e23-854a-832f0d6ac35d,shortage,false,,inventory_history
b86e3178-a39d-53ea-9e9d-1f1d0933e3dd,cf849c78-db2c-52d2-94b9-b287fa74f1d4,product,1b8e1d0e-392d-5e23-854a-832f0d6ac35d,shortage,false,,inventory_history
7361376e-d5f5-5f28-b44b-cf84283a64f3,cf849c78-db2c-52d2-94b9-b287fa74f1d4,product,8110e190-2a4b-579b-be2c-511de85ab755,shortage,false,,inventory_history
e8aea09b-51b8-5517-a444-771f7d972b58,cf849c78-db2c-52d2-94b9-b287fa74f1d4,product,8110e190-2a4b-579b-be2c-511de85ab755,shortage,false,,inventory_history
e4d7cbf3-919b-5dea-a927-9237c7d6213c,cf849c78-db2c-52d2-94b9-b287fa74f1d4,product,ab9d2edf-ae6c-55be-beec-404b29edda19,shortage,false,,inventory_history
8fb9021f-1f09-59d0-8e08-e6cebea95a86,cf849c78-db2c-52d2-94b9-b287fa74f1d4,product,ab9d2edf-ae6c-55be-beec-404b29edda19,shortage,false,,inventory_history
bd402cc6-ec96-5cf1-87f1-82b26743b5d2,cf849c78-db2c-52d2-94b9-b287fa74f1d4,product,ab9d2edf-ae6c-55be-beec-404b29edda19,shortage,false,,inventory_history
b8e25572-4b33-5b1e-8de0-0c92e1a0cd8a,cf849c78-db2c-52d2-94b9-b287fa74f1d4,product,85ee2954-52d3-5ec2-8fea-0575175559ac,shortage,false,,inventory_history
890f448f-afe3-5020-bdfd-4e34b974c4ee,cf849c78-db2c-52d2-94b9-b287fa74f1d4,product,85ee2954-52d3-5ec2-8fea-0575175559ac,shortage,false,,inventory_history
9d3c7e0e-ce8f-5480-8ea4-fcd1120a2ff5,cf849c78-db2c-52d2-94b9-b287fa74f1d4,product,85ee2954-52d3-5ec2-8fea-0575175559ac,shortage,false,,inventory_history
251d4e0a-a944-50f7-aaa7-b55b12272c4b,cf849c78-db2c-52d2-94b9-b287fa74f1d4,product,f40bf37b-20d6-5349-82b6-18cbd1f10e83,shortage,false,,inventory_history
a883ed1d-b7c6-5ed4-9b9a-75dc1d328214,cf849c78-db2c-52d2-94b9-b287fa74f1d4,product,f40bf37b-20d6-5349-82b6-18cbd1f10e83,shortage,false,,inventory_history
3cc290e7-eb7d-5799-90d3-09171780c9dc,cf849c78-db2c-52d2-94b9-b287fa74f1d4,product,f40bf37b-20d6-5349-82b6-18cbd1f10e83,shortage,false,,inventory_history
ef97408c-ae8b-5f8e-bd40-36a88b8cc5e3,cf849c78-db2c-52d2-94b9-b287fa74f1d4,product,263e995b-8be3-5198-adb6-aa81c41bf770,shortage,false,,inventory_history
e4c36fe8-6bd0-5f81-a463-8e46fc988be8,cf849c78-db2c-52d2-94b9-b287fa74f1d4,product,263e995b-8be3-5198-adb6-aa81c41bf770,shortage,false,,inventory_history
e0457f02-3bf1-5add-9b68-3182f2a98e38,cf849c78-db2c-52d2-94b9-b287fa74f1d4,product,03daeeea-7468-535a-a03a-78f80e9f433f,shortage,false,,inventory_history
7e5a9525-03be-5446-864f-03a3f0c7a095,cf849c78-db2c-52d2-94b9-b287fa74f1d4,product,03daeeea-7468-535a-a03a-78f80e9f433f,shortage,false,,inventory_history
37edd245-30af-5980-a030-91b70c539e17,cf849c78-db2c-52d2-94b9-b287fa74f1d4,product,72067051-48fc-5737-a00c-93c490bd0b34,shortage,false,,inventory_history
c01edab9-4290-5609-9694-e7e92574c18c,cf849c78-db2c-52d2-94b9-b287fa74f1d4,product,72067051-48fc-5737-a00c-93c490bd0b34,shortage,false,,inventory_history
aedb925e-e19d-584f-b443-feae5048778e,cf849c78-db2c-52d2-94b9-b287fa74f1d4,product,72067051-48fc-5737-a00c-93c490bd0b34,shortage,false,,inventory_history
b76e8a1e-a077-565c-8615-3c4bbbab1582,cf849c78-db2c-52d2-94b9-b287fa74f1d4,product,73148ed3-fbe9-5571-a16d-34fb5520390e,shortage,false,,inventory_history
41369475-da37-56e4-b380-10fab9d895cf,cf849c78-db2c-52d2-94b9-b287fa74f1d4,product,73148ed3-fbe9-5571-a16d-34fb5520390e,shortage,false,,inventory_history
a8254ce4-f609-539d-aed8-8d286243140c,cf849c78-db2c-52d2-94b9-b287fa74f1d4,product,515f77ef-9c32-5e75-81c3-2b3795c000f2,shortage,false,,inventory_history
8a5cbe37-83dd-59cb-83b9-9ef33baa6fd3,cf849c78-db2c-52d2-94b9-b287fa74f1d4,product,515f77ef-9c32-5e75-81c3-2b3795c000f2,shortage,false,,inventory_history
fc8f45cb-1998-5b81-ad50-be9685fc243c,cf849c78-db2c-52d2-94b9-b287fa74f1d4,product,bcd21179-c89f-5095-808a-e72f06c0841d,shortage,false,,inventory_history
fcba7f67-b7b1-52ea-955c-a154fdc925ad,cf849c78-db2c-52d2-94b9-b287fa74f1d4,product,bcd21179-c89f-5095-808a-e72f06c0841d,shortage,false,,inventory_history
5d583220-db35-58ab-9d25-218db31a6aa2,cf849c78-db2c-52d2-94b9-b287fa74f1d4,product,df03a7e9-20ca-5987-a644-76566671155b,shortage,false,,inventory_history
6658dcd8-94ea-5ea5-94e7-dcd3e9e0676b,cf849c78-db2c-52d2-94b9-b287fa74f1d4,product,df03a7e9-20ca-5987-a644-76566671155b,shortage,false,,inventory_history
8b4f92b9-2759-52c1-825e-e339b4d3b4b7,cf849c78-db2c-52d2-94b9-b287fa74f1d4,product,df03a7e9-20ca-5987-a644-76566671155b,shortage,false,,inventory_history
b83fbff0-8d58-53cc-bde8-739ebaecb0e9,cf849c78-db2c-52d2-94b9-b287fa74f1d4,product,49690aee-94fa-525b-b5ce-92feaf54b957,shortage,false,,inventory_history
481a5fed-b09c-5afa-b252-9f8d8c96b301,cf849c78-db2c-52d2-94b9-b287fa74f1d4,product,49690aee-94fa-525b-b5ce-92feaf54b957,shortage,false,,inventory_history
57c8f373-b467-503e-a89c-f70934bf8a17,cf849c78-db2c-52d2-94b9-b287fa74f1d4,product,ef9ef5f5-f4f4-5cf3-8420-397a6fcbf152,shortage,false,,inventory_history
c9b97156-82ba-58e5-a2ee-0d30bb656fb5,cf849c78-db2c-52d2-94b9-b287fa74f1d4,product,ef9ef5f5-f4f4-5cf3-8420-397a6fcbf152,shortage,false,,inventory_history
f0de2416-0504-5104-bbb0-17566b671694,cf849c78-db2c-52d2-94b9-b287fa74f1d4,product,70b50d29-9125-53dc-a829-c961b011e429,shortage,false,,inventory_history
a3e4c19e-eb98-5747-b4dc-d8a7c6002c8a,cf849c78-db2c-52d2-94b9-b287fa74f1d4,product,70b50d29-9125-53dc-a829-c961b011e429,shortage,false,,inventory_history
55e21e02-1133-5317-a013-711f8b98fcfd,cf849c78-db2c-52d2-94b9-b287fa74f1d4,product,70b50d29-9125-53dc-a829-c961b011e429,shortage,false,,inventory_history
b1e02356-260b-5f9e-ae7c-39605909036c,cf849c78-db2c-52d2-94b9-b287fa74f1d4,product,cf40a232-f9b9-5adf-afb6-0a981f2ffcf7,shortage,false,,inventory_history
3a00f56e-c584-5adb-8829-04663e0267a1,cf849c78-db2c-52d2-94b9-b287fa74f1d4,product,cf40a232-f9b9-5adf-afb6-0a981f2ffcf7,shortage,false,,inventory_history
12721715-3a91-5210-ab1d-d3dba2f52b5b,cf849c78-db2c-52d2-94b9-b287fa74f1d4,product,cf40a232-f9b9-5adf-afb6-0a981f2ffcf7,shortage,false,,inventory_history
116461c8-126b-5d95-91fd-0c214bdbd612,cf849c78-db2c-52d2-94b9-b287fa74f1d4,product,047edcf5-114c-5342-b495-232fc4aaf6fe,shortage,false,,inventory_history
c6e496a7-e616-55dc-98d9-b3167e6dd50d,cf849c78-db2c-52d2-94b9-b287fa74f1d4,product,047edcf5-114c-5342-b495-232fc4aaf6fe,shortage,false,,inventory_history
d76fe4e0-7ae5-533e-a303-08cdacf7670f,cf849c78-db2c-52d2-94b9-b287fa74f1d4,product,047edcf5-114c-5342-b495-232fc4aaf6fe,shortage,false,,inventory_history
cbc73918-9195-5fdb-b498-b7e0a5393922,cf849c78-db2c-52d2-94b9-b287fa74f1d4,product,093be7d5-f016-5f2c-b71d-4dce4b0e9514,shortage,false,,inventory_history
2487dc08-7ce8-5ae0-bbde-f1fa55cf1c44,cf849c78-db2c-52d2-94b9-b287fa74f1d4,product,093be7d5-f016-5f2c-b71d-4dce4b0e9514,shortage,false,,inventory_history
5c67e5f8-b679-5ed0-ae6d-5a9cd4aa89ad,cf849c78-db2c-52d2-94b9-b287fa74f1d4,product,093be7d5-f016-5f2c-b71d-4dce4b0e9514,shortage,false,,inventory_history
3454ca49-b2f7-5bdb-8b07-aa76f75f8574,cf849c78-db2c-52d2-94b9-b287fa74f1d4,product,cf629a09-093e-5b99-8bf4-da2438fa51c4,shortage,false,,inventory_history
565c4ba6-a30b-502a-bb28-06df76885487,cf849c78-db2c-52d2-94b9-b287fa74f1d4,product,cf629a09-093e-5b99-8bf4-da2438fa51c4,shortage,false,,inventory_history
dda5434c-9b99-5c0d-ad5d-5f1829e66d68,cf849c78-db2c-52d2-94b9-b287fa74f1d4,product,5bfb3415-c6ae-5fa3-a84b-8a98a543ab9a,shortage,false,,inventory_history
1f81cc01-4334-5eb2-8aa6-1877d5b4ec87,cf849c78-db2c-52d2-94b9-b287fa74f1d4,product,5bfb3415-c6ae-5fa3-a84b-8a98a543ab9a,shortage,false,,inventory_history
d2ddaa73-0b19-598a-9167-ad27b2e8c1ac,cf849c78-db2c-52d2-94b9-b287fa74f1d4,product,c388846e-4e3c-5d57-b61f-ed13c7edc4da,shortage,false,,inventory_history
376976a7-0ec1-58d9-b611-882a2cc50fa2,cf849c78-db2c-52d2-94b9-b287fa74f1d4,product,c388846e-4e3c-5d57-b61f-ed13c7edc4da,shortage,false,,inventory_history
5bfc4dff-9e17-5b0f-8b40-8a7643c029cc,cf849c78-db2c-52d2-94b9-b287fa74f1d4,product,6feb3ffe-e89f-55ab-81d5-d9b136a73c27,shortage,false,,inventory_history
245d0e5b-7340-550d-816e-9f4df7869990,cf849c78-db2c-52d2-94b9-b287fa74f1d4,product,6feb3ffe-e89f-55ab-81d5-d9b136a73c27,shortage,false,,inventory_history
677bf6de-7892-5805-a2be-94b73447c56f,cf849c78-db2c-52d2-94b9-b287fa74f1d4,product,e7c66ad7-b5d3-5271-9438-d4741c6f9cbc,shortage,false,,inventory_history
0f446dfd-7822-5411-8b6a-e82d69b091ff,cf849c78-db2c-52d2-94b9-b287fa74f1d4,product,e7c66ad7-b5d3-5271-9438-d4741c6f9cbc,shortage,false,,inventory_history
d9ce6630-242d-5219-ab80-83fc31885112,cf849c78-db2c-52d2-94b9-b287fa74f1d4,product,e7c66ad7-b5d3-5271-9438-d4741c6f9cbc,shortage,false,,inventory_history
3a483a91-d09b-5784-bc15-d71fd6cb40b6,cf849c78-db2c-52d2-94b9-b287fa74f1d4,product,5e41eef3-c306-5dd1-ab8c-d305ebc7c2d5,shortage,false,,inventory_history
1c7d6dcc-cce6-5334-86d8-093f6768a371,cf849c78-db2c-52d2-94b9-b287fa74f1d4,product,5e41eef3-c306-5dd1-ab8c-d305ebc7c2d5,shortage,false,,inventory_history
a7a03b25-407d-532a-9e5f-9c371c847928,cf849c78-db2c-52d2-94b9-b287fa74f1d4,product,4bb3265f-5fd8-5ee9-b01b-7ca5808bca6b,shortage,false,,inventory_history
baf7e00a-9fa0-5510-a9b2-d3bb93bf5ed1,cf849c78-db2c-52d2-94b9-b287fa74f1d4,product,4bb3265f-5fd8-5ee9-b01b-7ca5808bca6b,shortage,false,,inventory_history
c8e50d33-4bdc-5503-be0e-b5e3ff9e007f,cf849c78-db2c-52d2-94b9-b287fa74f1d4,product,ae16db22-a7d1-5cd3-8409-669d957eb80d,shortage,false,,inventory_history
7270f98f-7995-584e-8ca0-a933e8dee2bf,cf849c78-db2c-52d2-94b9-b287fa74f1d4,product,ae16db22-a7d1-5cd3-8409-669d957eb80d,shortage,false,,inventory_history
8535bf68-b921-56fa-a093-7cddb6287372,cf849c78-db2c-52d2-94b9-b287fa74f1d4,product,950c0334-92d4-54ec-b05b-35e20983883c,shortage,false,,inventory_history
ac8f795b-f7c5-5a9c-a245-7e7f6cd31c22,cf849c78-db2c-52d2-94b9-b287fa74f1d4,product,950c0334-92d4-54ec-b05b-35e20983883c,shortage,false,,inventory_history
d06175a7-78cb-5e59-a71a-e6be880f3d90,cf849c78-db2c-52d2-94b9-b287fa74f1d4,product,950c0334-92d4-54ec-b05b-35e20983883c,shortage,false,,inventory_history
e8bda94f-d546-516f-a5dd-11acb0cb265c,cf849c78-db2c-52d2-94b9-b287fa74f1d4,product,59115f56-acf8-50f7-9dfd-c99816aa2172,shortage,false,,inventory_history
68e55dd4-c054-59d0-b3ef-2ba7febf2f1e,cf849c78-db2c-52d2-94b9-b287fa74f1d4,product,59115f56-acf8-50f7-9dfd-c99816aa2172,shortage,false,,inventory_history
139c4117-bf0f-5274-83cc-312a3ed4d049,cf849c78-db2c-52d2-94b9-b287fa74f1d4,product,605027f9-8c6a-5d9a-80f7-9d3d42930f12,shortage,false,,inventory_history
ba173051-7f4f-5767-ab42-995c130106b4,cf849c78-db2c-52d2-94b9-b287fa74f1d4,product,605027f9-8c6a-5d9a-80f7-9d3d42930f12,shortage,false,,inventory_history
c058dd36-1af0-5946-90a3-f93efff5ce33,cf849c78-db2c-52d2-94b9-b287fa74f1d4,product,605027f9-8c6a-5d9a-80f7-9d3d42930f12,shortage,false,,inventory_history
0b1d90db-a872-5684-96cf-5cf988cad1c3,cf849c78-db2c-52d2-94b9-b287fa74f1d4,product,a68ed02d-80a0-5ebb-a79e-1ef7c4187de5,shortage,false,,inventory_history
974a77f6-ad6f-5b7a-81c7-4979256bf44d,cf849c78-db2c-52d2-94b9-b287fa74f1d4,product,a68ed02d-80a0-5ebb-a79e-1ef7c4187de5,shortage,false,,inventory_history
33586f0b-8278-5413-b45f-a1540f6a8c94,cf849c78-db2c-52d2-94b9-b287fa74f1d4,product,a32d3b40-78a1-5f18-8b90-4dd8cd4ea27b,shortage,false,,inventory_history
c61bf79e-e143-543a-97f6-8c3624f78f9a,cf849c78-db2c-52d2-94b9-b287fa74f1d4,product,a32d3b40-78a1-5f18-8b90-4dd8cd4ea27b,shortage,false,,inventory_history
f6dc2d5e-bd8c-5d05-a8f5-1b60a4357cc6,cf849c78-db2c-52d2-94b9-b287fa74f1d4,product,eb65b5fa-c2cb-589b-9049-2b6c7bf4d22d,shortage,false,,inventory_history
aa36f163-77d6-5267-9b8b-850a07f7d4a8,cf849c78-db2c-52d2-94b9-b287fa74f1d4,product,eb65b5fa-c2cb-589b-9049-2b6c7bf4d22d,shortage,false,,inventory_history
11a082c4-1639-5fac-95d4-0a37f4122d51,cf849c78-db2c-52d2-94b9-b287fa74f1d4,product,474da520-6891-5d9b-ad56-dbc5e963bb3f,shortage,false,,inventory_history
e95fc3ea-f4ca-5c5d-a441-e7adc554a2fe,cf849c78-db2c-52d2-94b9-b287fa74f1d4,product,474da520-6891-5d9b-ad56-dbc5e963bb3f,shortage,false,,inventory_history
82413c4b-f175-538c-a685-d06185e12538,cf849c78-db2c-52d2-94b9-b287fa74f1d4,product,474da520-6891-5d9b-ad56-dbc5e963bb3f,shortage,false,,inventory_history
ab77fc3e-05c8-5501-9478-df1d31bb6474,cf849c78-db2c-52d2-94b9-b287fa74f1d4,product,2c21421b-d3c2-55c3-8144-0c1f6b3e4f6a,shortage,false,,inventory_history
9fad7c67-6e62-54b6-bc65-4dbe0de9c1e2,cf849c78-db2c-52d2-94b9-b287fa74f1d4,product,2c21421b-d3c2-55c3-8144-0c1f6b3e4f6a,shortage,false,,inventory_history
7f1fef1d-7a83-5073-970d-78bb4f7c1022,cf849c78-db2c-52d2-94b9-b287fa74f1d4,supplier,afa15ef0-34ab-58ff-ad47-8060502e5f84,impact,false,,shipment_status_history
6085ceb5-dbee-58d8-8ae5-0ece1268644d,cf849c78-db2c-52d2-94b9-b287fa74f1d4,supplier,b3288dd6-e3cd-5ec3-a951-39986285505b,impact,true,,shipment_status_history
63212bc7-3acb-5695-8940-b346262f511a,cf849c78-db2c-52d2-94b9-b287fa74f1d4,supplier,bed19e03-5ade-5692-8a4e-81fb3e8f965d,impact,false,,shipment_status_history
c7ae24b8-7500-55ba-932b-24d6cea74bdb,cf849c78-db2c-52d2-94b9-b287fa74f1d4,supplier,3dffa708-7186-5ce1-9e9c-96972e56f8bf,impact,false,,shipment_status_history
b24e543d-25ba-57be-8eda-7608ab05e5d0,cf849c78-db2c-52d2-94b9-b287fa74f1d4,supplier,d6589668-bf03-550c-93d5-57ece0241efc,impact,false,,shipment_status_history
24913266-4994-5b91-ada9-a383e9f4228d,cf849c78-db2c-52d2-94b9-b287fa74f1d4,supplier,9981b718-1ab2-586a-ac86-82ab2f6f445c,impact,false,,shipment_status_history
257725ee-5a16-5559-b45e-a55c04beb535,cf849c78-db2c-52d2-94b9-b287fa74f1d4,supplier,9df2da2e-507c-507e-b146-3af5cb0eb852,impact,false,,shipment_status_history
37a8103a-48f6-573f-a393-e27c9feebc03,cf849c78-db2c-52d2-94b9-b287fa74f1d4,supplier,224ca423-2c12-5113-bbd1-50eab06cf470,impact,false,,shipment_status_history
8aeffd89-4cbc-513f-90f3-97a366cf09ea,cf849c78-db2c-52d2-94b9-b287fa74f1d4,supplier,960f8f6e-5384-5c35-bfda-77ba61e7822e,impact,false,,shipment_status_history
c1ecbee2-10a4-58b9-b911-78e8a8c49310,cf849c78-db2c-52d2-94b9-b287fa74f1d4,supplier,8c61a3ad-eb5d-59bc-9d10-16ddbfa7f8b0,impact,false,,shipment_status_history
0c8bf9a3-2d93-5838-9fab-25e683b96c74,cf849c78-db2c-52d2-94b9-b287fa74f1d4,supplier,ea344b5b-a6fa-5c52-a82d-6aca1e325dfd,impact,false,,shipment_status_history
2a8161cd-0007-5bf2-8c26-55e0da5bcaa0,cf849c78-db2c-52d2-94b9-b287fa74f1d4,supplier,a204cedc-9bbc-5113-b524-27b81d9b9e2d,impact,false,,shipment_status_history
659a6f04-e86a-553e-834f-556910d53254,cf849c78-db2c-52d2-94b9-b287fa74f1d4,supplier,c809308b-6bd0-5e7f-8fed-63aa0be429db,impact,false,,shipment_status_history
e8034a88-5493-5507-912f-26c9669fcd0d,cf849c78-db2c-52d2-94b9-b287fa74f1d4,supplier,b518e4a1-8b14-5e0f-a7c6-0b6631fe0a5a,impact,false,,shipment_status_history
3318e0c7-5ad9-5fed-8856-880d23fd13dd,cf849c78-db2c-52d2-94b9-b287fa74f1d4,supplier,43b32e98-5a29-5473-b8a5-4357668f5f74,impact,false,,shipment_status_history
60ca4147-7c42-5d51-9c89-abddd4fc185f,cf849c78-db2c-52d2-94b9-b287fa74f1d4,supplier,8f1f2a54-a01e-54a1-9234-72cb24fac6ff,impact,false,,shipment_status_history
5b700e4d-a637-5cd9-a635-c0862a206af3,cf849c78-db2c-52d2-94b9-b287fa74f1d4,supplier,48e2fe7c-35ad-5935-824d-697bfa8226f3,impact,false,,shipment_status_history
f8fcd221-c739-567a-9a26-ab945ef34f7d,cf849c78-db2c-52d2-94b9-b287fa74f1d4,supplier,f94dbc7c-8aca-554e-ad3f-4e1fa92c88e7,impact,false,,shipment_status_history
66340acd-9c4d-569a-b095-5196779a1e14,cf849c78-db2c-52d2-94b9-b287fa74f1d4,supplier,f478ae52-7c2a-5617-95bb-5f296860910f,impact,false,,shipment_status_history
55d1f8be-7fcf-59f3-9400-3bbbb0fbf02e,cf849c78-db2c-52d2-94b9-b287fa74f1d4,supplier,80102db8-d5d3-5b2c-9e54-5b4fbebca6eb,impact,false,,shipment_status_history
f9cb5e6d-8d8b-506d-8828-f66cf7521882,cf849c78-db2c-52d2-94b9-b287fa74f1d4,supplier,c27afee2-997d-5290-a74e-2530422664f5,impact,false,,shipment_status_history
ab18ebf0-da9f-5509-9092-1c416bafbdd4,cf849c78-db2c-52d2-94b9-b287fa74f1d4,supplier,7126e422-addd-5f29-b3f2-b752caf2e66c,impact,false,,shipment_status_history
d88488a9-425b-53c3-80af-f29262a37c9c,cf849c78-db2c-52d2-94b9-b287fa74f1d4,supplier,7910ac44-1e40-56bb-9ab8-d9ba56ac335c,impact,false,,shipment_status_history
f1781589-aa3c-5f73-bfb4-f99474d2f128,cf849c78-db2c-52d2-94b9-b287fa74f1d4,supplier,b9aec7bd-f7f9-55cb-b673-5177ddff5e0d,impact,false,,shipment_status_history
1ef3aadc-6251-519c-8f91-71263b54ed02,cf849c78-db2c-52d2-94b9-b287fa74f1d4,supplier,b0a44c22-e899-52ff-98a1-85dc4e254380,impact,false,,shipment_status_history
b9b770c3-f215-58df-8dc7-792caa03188a,cf849c78-db2c-52d2-94b9-b287fa74f1d4,supplier,eee4f3d5-a93a-5cf2-85cd-907416aee337,impact,false,,shipment_status_history
8b063404-f58f-52e4-9b41-876f6930a450,cf849c78-db2c-52d2-94b9-b287fa74f1d4,supplier,ce3f1829-b358-52a7-bd0e-9eb3d2d95666,impact,false,,shipment_status_history
4699c738-bb0d-5d72-b4b2-fc9ba07e6287,cf849c78-db2c-52d2-94b9-b287fa74f1d4,supplier,1cf67535-10cf-5364-a9c7-5b0562d7a6d6,impact,false,,shipment_status_history
a2415a7e-65b5-5b61-bdca-190d24a08c98,cf849c78-db2c-52d2-94b9-b287fa74f1d4,supplier,b1482d47-285e-53ab-995d-cc9a8165b52c,impact,false,,shipment_status_history
62c5f196-0eba-59cb-ba99-d646d0c76ccf,cf849c78-db2c-52d2-94b9-b287fa74f1d4,supplier,d48fc4d1-ee5a-5d55-92e3-efa651af5e0b,impact,false,,shipment_status_history
2a1733e9-5c3b-58d5-b5fd-408ce9d5082b,cf849c78-db2c-52d2-94b9-b287fa74f1d4,supplier,7cff550d-7458-54fe-906b-849912e2bac5,impact,false,,shipment_status_history
f6c2ea7c-177d-592c-bdab-4dfce49b33d9,cf849c78-db2c-52d2-94b9-b287fa74f1d4,supplier,3a67adbf-5513-5a16-82f1-1ee2075f84a5,impact,false,,shipment_status_history
1246d61d-dc63-5642-917e-5124c74a674a,cf849c78-db2c-52d2-94b9-b287fa74f1d4,supplier,1439fed7-3f86-5a06-ae10-6169b01a836b,impact,false,,shipment_status_history
7edd7b32-5db7-577d-b194-bea2bc48b697,cf849c78-db2c-52d2-94b9-b287fa74f1d4,supplier,6bfe9d03-1d68-5349-a2e7-d2c71322d817,impact,false,,shipment_status_history
6f6511a3-c64b-5912-a765-3c3635793de5,cf849c78-db2c-52d2-94b9-b287fa74f1d4,supplier,bda40a80-19c9-5fe0-b729-308b0f59ad25,impact,false,,shipment_status_history
5a014c56-44b4-5b06-9971-0ac9fe61d964,cf849c78-db2c-52d2-94b9-b287fa74f1d4,supplier,4140807d-c496-53ae-8f87-15c93cde916b,impact,false,,shipment_status_history
82cd321a-7e07-5a8e-9c26-9d13cae93815,cf849c78-db2c-52d2-94b9-b287fa74f1d4,supplier,6e1d922d-415a-53d0-97d8-f4767299c10e,impact,false,,shipment_status_history
57b48361-c91e-5577-9d43-7dd0a1711d5d,cf849c78-db2c-52d2-94b9-b287fa74f1d4,supplier,f0aa8198-c2d3-59dc-b748-7bbb43f72614,impact,false,,shipment_status_history
fbca59cb-2b40-5e36-8188-fad5884332c7,cf849c78-db2c-52d2-94b9-b287fa74f1d4,supplier,9ecc4544-0aaa-5d4b-a20b-19b8dce2c71c,impact,false,,shipment_status_history
75f3b492-be9b-5dcf-8881-d0e2b02dec6a,cf849c78-db2c-52d2-94b9-b287fa74f1d4,supplier,d56202a0-5ac9-5000-bdef-df809a781522,impact,false,,shipment_status_history
e331a9b3-701d-58b1-852c-ea8f91799906,cf849c78-db2c-52d2-94b9-b287fa74f1d4,supplier,43b5c255-48c1-5b61-ab8b-8bc95266bb1f,impact,false,,shipment_status_history
809c1677-7a40-5bf0-9e47-17c166915b36,cf849c78-db2c-52d2-94b9-b287fa74f1d4,supplier,feeb172c-57c6-5067-97db-54ddf632027a,impact,false,,shipment_status_history
f31d618b-7f33-56de-b19c-46b61c9eed05,cf849c78-db2c-52d2-94b9-b287fa74f1d4,supplier,15a4b7b5-0940-5f38-887a-51e62e07c4cf,impact,false,,shipment_status_history
3b3ac054-78ed-5105-aa49-77c1e7c6c0e5,cf849c78-db2c-52d2-94b9-b287fa74f1d4,supplier,ea95a540-f662-5975-8a79-88352e65c9c4,impact,false,,shipment_status_history
14c13a3a-5e8b-533d-8866-c1631049c379,cf849c78-db2c-52d2-94b9-b287fa74f1d4,supplier,09b007da-c3cd-5c90-912c-64f13e0cb7eb,impact,false,,shipment_status_history
fc24e639-ea6a-5dd3-8c59-5e0af3c44982,cf849c78-db2c-52d2-94b9-b287fa74f1d4,supplier,035f03a2-0aa4-54ab-b965-ffe92a15c554,impact,true,,shipment_status_history
10a5dd0c-5de1-5d80-8f3f-069c729d17d7,cf849c78-db2c-52d2-94b9-b287fa74f1d4,supplier,a080f3ab-6ea0-59f4-b082-807399acde92,impact,false,,shipment_status_history
808c0907-c4bc-5d39-ae41-bb1d904e2f61,cf849c78-db2c-52d2-94b9-b287fa74f1d4,supplier,962efb96-78cf-56c2-9668-d0081024f66b,impact,false,,shipment_status_history
604c3fbc-4dea-51a3-928c-5cabb2d04f79,cf849c78-db2c-52d2-94b9-b287fa74f1d4,supplier,d21da0bc-d1b2-5971-a037-be72ab2d0b0f,impact,false,,shipment_status_history
897e17ea-e356-5647-8586-f43c6633c14b,cf849c78-db2c-52d2-94b9-b287fa74f1d4,supplier,6e4b4b02-c6c9-56a6-899b-544e87e288d9,impact,false,,shipment_status_history
eea7a9e7-e222-5ede-9736-6f66efd4b65c,723e7b6d-deec-5ad6-920c-84d03647a5c9,shipment,02d5e75b-4f6b-5e62-a096-ba2f36c9e5ff,delay,false,,shipment_status_history
9bd4c9e1-ad65-58cc-8510-b8493ae47e8b,723e7b6d-deec-5ad6-920c-84d03647a5c9,shipment,af6697f5-4667-52c8-809b-fc6777e325b4,delay,false,,shipment_status_history
6fa92698-78cf-59d2-aa8c-8f5c25019819,723e7b6d-deec-5ad6-920c-84d03647a5c9,shipment,3a074fb7-aa74-50c8-9d6d-097a85af850e,delay,false,,shipment_status_history
4e61142f-fe36-55fd-85e0-46033d773171,723e7b6d-deec-5ad6-920c-84d03647a5c9,shipment,ef2f0e3b-dc53-5fc8-b3a9-be8573c939e5,delay,true,2024-08-02 04:53:42+00,shipment_status_history
8f728d92-ac40-5eaa-9549-b637b774fec4,723e7b6d-deec-5ad6-920c-84d03647a5c9,shipment,fcdf127f-1916-5ff3-9dfe-7bf366e5dd55,delay,false,,shipment_status_history
c4168b4c-60f6-5513-99f3-6fcb4d358a0c,723e7b6d-deec-5ad6-920c-84d03647a5c9,shipment,3e7d6d6e-906c-507d-8905-e4708269849e,delay,false,,shipment_status_history
758079f6-ee8b-52ef-86b4-aaf9cb4aa548,723e7b6d-deec-5ad6-920c-84d03647a5c9,shipment,fc641094-d13f-5c9d-a485-6757b1be13af,delay,false,,shipment_status_history
c0b4e745-c976-5259-8d4e-b484d4004912,723e7b6d-deec-5ad6-920c-84d03647a5c9,shipment,851d8333-12f4-55ad-8cdb-4d59c9396578,delay,false,,shipment_status_history
424e3e19-5b23-5eac-84a2-83cfc5b0d090,723e7b6d-deec-5ad6-920c-84d03647a5c9,shipment,61ef55a2-1ccf-52a3-b63f-014c27d0cf87,delay,false,,shipment_status_history
191742fe-65a7-580c-9197-2140e6de9604,723e7b6d-deec-5ad6-920c-84d03647a5c9,shipment,ebd3c9fe-bb8c-5a52-aef2-6cda0e1af232,delay,false,,shipment_status_history
b101731f-d321-5d35-a7b9-9dd39bc9c3f6,723e7b6d-deec-5ad6-920c-84d03647a5c9,shipment,b83c1ada-721a-5cbe-a314-4ddfa7589ac5,delay,false,,shipment_status_history
daffa279-2244-57de-af6e-1d469c86f2cd,723e7b6d-deec-5ad6-920c-84d03647a5c9,shipment,f81010e4-c2e9-5e78-af78-369d8a5d29b7,delay,false,,shipment_status_history
818ff0dc-d3bb-5043-b65b-33c8a42c8225,723e7b6d-deec-5ad6-920c-84d03647a5c9,shipment,80d00535-d92d-52ec-853b-df897cb31dee,delay,false,,shipment_status_history
b389f868-7f79-595b-b9cb-c2d883b95802,723e7b6d-deec-5ad6-920c-84d03647a5c9,shipment,4d67d0c8-f289-5fb4-a85e-23541a6ee240,delay,false,,shipment_status_history
873bf397-ca62-5030-a184-923f4fc8bce1,723e7b6d-deec-5ad6-920c-84d03647a5c9,shipment,22dbbd9f-887e-5166-b68f-4aec5afc463d,delay,false,,shipment_status_history
5c1d95b6-066c-553e-8bc6-e80e8b985d22,723e7b6d-deec-5ad6-920c-84d03647a5c9,shipment,fdfe42cd-50c2-55c3-ad15-2771e848ca5c,delay,false,,shipment_status_history
3f9df6f1-31f1-569b-a59a-cbd4698b1b1d,723e7b6d-deec-5ad6-920c-84d03647a5c9,shipment,a92788e4-bdc8-537d-9ca2-05a5a7ba364f,delay,false,,shipment_status_history
6ec81da4-9a82-5747-ac84-dd1309cf6cdd,723e7b6d-deec-5ad6-920c-84d03647a5c9,shipment,7bb9202e-ef88-5a7b-92ab-c82f179c73d4,delay,false,,shipment_status_history
ce093b5a-4cfd-59d1-99ac-02c4d68ca4cb,723e7b6d-deec-5ad6-920c-84d03647a5c9,shipment,d44fa37a-f653-5b0a-9014-9d997707f6af,delay,false,,shipment_status_history
5acc10f7-bb48-5080-8a8c-b050d6047b23,723e7b6d-deec-5ad6-920c-84d03647a5c9,shipment,f9491538-24c2-5c94-a6cb-200dc95b280b,delay,false,,shipment_status_history
4f81ae08-3265-5a10-a0a3-9085c5f4e07a,723e7b6d-deec-5ad6-920c-84d03647a5c9,shipment,eb1db99f-8451-5427-9008-b2bb74146b0e,delay,false,,shipment_status_history
b00003cd-a171-5c88-95eb-072f6009f2bf,723e7b6d-deec-5ad6-920c-84d03647a5c9,shipment,31140d47-2f6f-55c2-aad8-e86a12e71a00,delay,false,,shipment_status_history
b268071f-af27-50ae-9458-b45ec046cdb3,723e7b6d-deec-5ad6-920c-84d03647a5c9,shipment,a85a2173-4883-59c1-9177-fd407646c3ff,delay,false,,shipment_status_history
2f43c024-25d5-5dde-922d-9c6612ddf8dd,723e7b6d-deec-5ad6-920c-84d03647a5c9,shipment,204aacdb-b8d5-512a-bc56-43ab54d6a000,delay,false,,shipment_status_history
a152702d-3a02-50ec-9f21-de257398e7c2,723e7b6d-deec-5ad6-920c-84d03647a5c9,shipment,86362f4d-a42c-56ac-baa5-a97cb482c7c7,delay,false,,shipment_status_history
acbf1410-8df7-5db8-8e69-e3e200faea72,723e7b6d-deec-5ad6-920c-84d03647a5c9,shipment,3644f34b-2367-5f1c-a4d1-6723e8eebab9,delay,false,,shipment_status_history
f90cdfdd-fc20-588e-8e55-b9be93628ff1,723e7b6d-deec-5ad6-920c-84d03647a5c9,shipment,385201f5-9336-525f-a78a-4c1ae967b198,delay,false,,shipment_status_history
60046fd7-31cf-5cd9-8043-a725af1f88ea,723e7b6d-deec-5ad6-920c-84d03647a5c9,shipment,c671b845-cb99-5c2b-9ce5-c45abe367d6d,delay,false,,shipment_status_history
4473bc2f-c101-5a09-96e5-df9edecf301b,723e7b6d-deec-5ad6-920c-84d03647a5c9,shipment,8fe096d1-782d-5258-a189-e2c70f100985,delay,false,,shipment_status_history
80362fb8-0b95-5f94-a821-10374cee420c,723e7b6d-deec-5ad6-920c-84d03647a5c9,shipment,c28a4aeb-f3d4-56fb-9ca1-ee8aec2f290d,delay,false,,shipment_status_history
e819e7c0-0948-59cc-8142-6009e1520d63,723e7b6d-deec-5ad6-920c-84d03647a5c9,shipment,aa56fc9a-0f1e-53e4-8459-decb5c4aeb8b,delay,false,,shipment_status_history
82172e42-9d5b-52a9-9d2d-3358a8a3ead6,723e7b6d-deec-5ad6-920c-84d03647a5c9,shipment,464b534e-2c64-55d4-873f-8a2a54afc31c,delay,false,,shipment_status_history
ca657d34-1313-500f-9f20-923b060acfa7,723e7b6d-deec-5ad6-920c-84d03647a5c9,shipment,bfa45ce3-c93b-5aa2-b2cd-745dc0195eb5,delay,false,,shipment_status_history
812277a0-a73b-58c4-b9b8-bc8f1592911e,723e7b6d-deec-5ad6-920c-84d03647a5c9,shipment,a3da2f95-eb9d-507c-b761-a47d83387099,delay,false,,shipment_status_history
2ff4d174-c19b-5176-a278-17aa2aa40b22,723e7b6d-deec-5ad6-920c-84d03647a5c9,product,c0f44500-e1d1-59e0-b53b-e0e98b24a7cf,shortage,false,,inventory_history
0335ffc9-59a1-5a3b-b644-da3cb01ba536,723e7b6d-deec-5ad6-920c-84d03647a5c9,product,c0f44500-e1d1-59e0-b53b-e0e98b24a7cf,shortage,false,,inventory_history
968459d3-7283-545a-a8e0-f54f00c4c1c1,723e7b6d-deec-5ad6-920c-84d03647a5c9,product,dfaf50bf-7ed8-5e30-b115-e55c44d8e0c1,shortage,false,,inventory_history
7382c40f-394a-5daa-b0a9-1e1e3765c391,723e7b6d-deec-5ad6-920c-84d03647a5c9,product,dfaf50bf-7ed8-5e30-b115-e55c44d8e0c1,shortage,false,,inventory_history
06b80677-61a7-5e7d-b4e5-4ec61cb19fc0,723e7b6d-deec-5ad6-920c-84d03647a5c9,product,5abd18e8-de32-5af1-b593-d3190e9164a5,shortage,false,,inventory_history
2986c55c-75a9-5dbb-86ca-906b3f57b5ea,723e7b6d-deec-5ad6-920c-84d03647a5c9,product,5abd18e8-de32-5af1-b593-d3190e9164a5,shortage,false,,inventory_history
cb5dcc39-b469-528f-8ee7-cbe752ce01a4,723e7b6d-deec-5ad6-920c-84d03647a5c9,product,98f9ed1d-3d10-5a68-a387-66981e9dde59,shortage,false,,inventory_history
0345c910-ac71-510f-8404-777483e47394,723e7b6d-deec-5ad6-920c-84d03647a5c9,product,98f9ed1d-3d10-5a68-a387-66981e9dde59,shortage,false,,inventory_history
a8fa92d3-8d3a-58e6-8412-c71c059a74e0,723e7b6d-deec-5ad6-920c-84d03647a5c9,product,b8b98483-157a-5ddb-81bf-f65f95613caa,shortage,false,,inventory_history
b881c4d7-aab0-5a37-8946-81408175e457,723e7b6d-deec-5ad6-920c-84d03647a5c9,product,b8b98483-157a-5ddb-81bf-f65f95613caa,shortage,false,,inventory_history
42625a55-069b-5a4f-a681-90c8b6b321e2,723e7b6d-deec-5ad6-920c-84d03647a5c9,product,b8b98483-157a-5ddb-81bf-f65f95613caa,shortage,false,,inventory_history
db0bd364-667b-5a31-b3b7-92bb9a5d5cc8,723e7b6d-deec-5ad6-920c-84d03647a5c9,product,ebdcc5e9-63c3-5a52-9521-f031c6154feb,shortage,false,,inventory_history
884daa39-bb32-5b72-baa5-2f3e75b43a6a,723e7b6d-deec-5ad6-920c-84d03647a5c9,product,ebdcc5e9-63c3-5a52-9521-f031c6154feb,shortage,false,,inventory_history
2287146f-1f48-5732-b026-90c41f878138,723e7b6d-deec-5ad6-920c-84d03647a5c9,product,6e22d3ea-9fc0-56fa-a367-352e633df40c,shortage,false,,inventory_history
a8c2d301-a9e5-59a8-83ca-0dc46726b0fd,723e7b6d-deec-5ad6-920c-84d03647a5c9,product,6e22d3ea-9fc0-56fa-a367-352e633df40c,shortage,false,,inventory_history
16ba91fb-b0bb-5a48-92d0-194d21368e2e,723e7b6d-deec-5ad6-920c-84d03647a5c9,product,0f7722fa-332a-5a19-922d-1d9cab8dda65,shortage,false,,inventory_history
d4744d05-8044-5266-88ad-636fb24e00e6,723e7b6d-deec-5ad6-920c-84d03647a5c9,product,0f7722fa-332a-5a19-922d-1d9cab8dda65,shortage,false,,inventory_history
c68fcb2e-b993-5ca4-970b-c0be0fc50154,723e7b6d-deec-5ad6-920c-84d03647a5c9,product,e3a10959-a74e-5cdd-bd80-3c24836fb062,shortage,false,,inventory_history
7cb9d03c-c6a8-5e96-b8d0-45e07494faee,723e7b6d-deec-5ad6-920c-84d03647a5c9,product,e3a10959-a74e-5cdd-bd80-3c24836fb062,shortage,false,,inventory_history
d2f37224-72a7-585d-b600-c60bdf095e25,723e7b6d-deec-5ad6-920c-84d03647a5c9,product,e3a10959-a74e-5cdd-bd80-3c24836fb062,shortage,false,,inventory_history
8ccdec82-ad76-5552-8c7c-0b87882fabf5,723e7b6d-deec-5ad6-920c-84d03647a5c9,product,6852d7e8-9827-5aa7-a439-140e7dac645a,shortage,false,,inventory_history
35dac30c-7827-50c5-9ed7-772685352fcc,723e7b6d-deec-5ad6-920c-84d03647a5c9,product,6852d7e8-9827-5aa7-a439-140e7dac645a,shortage,false,,inventory_history
200283d1-21e4-542f-9a42-0960d61c850a,723e7b6d-deec-5ad6-920c-84d03647a5c9,product,6852d7e8-9827-5aa7-a439-140e7dac645a,shortage,false,,inventory_history
4d3aa2ee-fbe3-51a8-89b7-c5d675ab6297,723e7b6d-deec-5ad6-920c-84d03647a5c9,product,5b72fcba-23c2-5ea7-9dc2-b32eca367733,shortage,false,,inventory_history
5c5e7a81-ffcc-5875-9171-e45d14f215a3,723e7b6d-deec-5ad6-920c-84d03647a5c9,product,5b72fcba-23c2-5ea7-9dc2-b32eca367733,shortage,false,,inventory_history
1fce05a6-c1d7-54d9-866b-5041983df9a1,723e7b6d-deec-5ad6-920c-84d03647a5c9,product,c914dcac-18fe-5928-87c0-80e93bb776c2,shortage,false,,inventory_history
3f1e440a-267b-5646-b1aa-f11c2f3dc755,723e7b6d-deec-5ad6-920c-84d03647a5c9,product,c914dcac-18fe-5928-87c0-80e93bb776c2,shortage,false,,inventory_history
ac281c67-4440-5795-9367-62cc6fa9fc39,723e7b6d-deec-5ad6-920c-84d03647a5c9,product,d6481438-ce10-5e85-8b0a-fbc48dcd19e7,shortage,false,,inventory_history
0f7ad0ff-0245-56ce-8853-e2a8c37a2868,723e7b6d-deec-5ad6-920c-84d03647a5c9,product,d6481438-ce10-5e85-8b0a-fbc48dcd19e7,shortage,false,,inventory_history
26dda8d7-d86d-5d8b-9af9-e8c37c583383,723e7b6d-deec-5ad6-920c-84d03647a5c9,product,015ee94d-a0dc-5a3a-96b4-4318093cd0c8,shortage,false,,inventory_history
0c233859-ec1c-5492-a1f4-339b6a7ceb5a,723e7b6d-deec-5ad6-920c-84d03647a5c9,product,015ee94d-a0dc-5a3a-96b4-4318093cd0c8,shortage,true,2024-08-05 14:00:00+00,inventory_history
66a1afa9-d258-55bc-8bc3-959e4492d96c,723e7b6d-deec-5ad6-920c-84d03647a5c9,product,a4acb526-e0ea-590e-9293-ff9e90059c15,shortage,false,,inventory_history
d2eaa7ed-d355-599b-a650-75796ed2114b,723e7b6d-deec-5ad6-920c-84d03647a5c9,product,a4acb526-e0ea-590e-9293-ff9e90059c15,shortage,false,,inventory_history
dac4e54d-6115-545e-831d-0b8977d10102,723e7b6d-deec-5ad6-920c-84d03647a5c9,product,3ba63656-6a91-5254-8fd9-1b6d20dced02,shortage,false,,inventory_history
5823cd75-4bd3-5531-ae09-897aa0ddf12e,723e7b6d-deec-5ad6-920c-84d03647a5c9,product,3ba63656-6a91-5254-8fd9-1b6d20dced02,shortage,false,,inventory_history
b873475e-28d3-5a80-a75e-463f85fa5a93,723e7b6d-deec-5ad6-920c-84d03647a5c9,product,3ba63656-6a91-5254-8fd9-1b6d20dced02,shortage,false,,inventory_history
6200b24b-c45e-5917-b704-b1667c761e2b,723e7b6d-deec-5ad6-920c-84d03647a5c9,product,3f7c929e-b070-5624-afcb-413255a3e8b7,shortage,false,,inventory_history
b8ec770f-5f71-55fc-a7af-4136eb8f2fd7,723e7b6d-deec-5ad6-920c-84d03647a5c9,product,3f7c929e-b070-5624-afcb-413255a3e8b7,shortage,false,,inventory_history
9f4a4bd2-bb88-5fa7-bbe8-547a605b21b8,723e7b6d-deec-5ad6-920c-84d03647a5c9,product,fc7fc417-cce4-5f70-a6f1-8ce7a0edf5e9,shortage,false,,inventory_history
04eb7fed-0d8f-518a-809d-4ed51ca89806,723e7b6d-deec-5ad6-920c-84d03647a5c9,product,fc7fc417-cce4-5f70-a6f1-8ce7a0edf5e9,shortage,false,,inventory_history
fa9a2a93-d6b9-53ae-9968-a8f725e78a9b,723e7b6d-deec-5ad6-920c-84d03647a5c9,product,87bd34d0-75d8-568d-abd0-77f535fdb719,shortage,false,,inventory_history
cb844f3b-6800-5b16-aef1-eb92caa46c18,723e7b6d-deec-5ad6-920c-84d03647a5c9,product,87bd34d0-75d8-568d-abd0-77f535fdb719,shortage,false,,inventory_history
574131b1-440d-5cc3-b252-e2bfa8205070,723e7b6d-deec-5ad6-920c-84d03647a5c9,product,87bd34d0-75d8-568d-abd0-77f535fdb719,shortage,false,,inventory_history
4ffbd2aa-8e35-5ee1-8093-63576f11b3e7,723e7b6d-deec-5ad6-920c-84d03647a5c9,product,12d2e257-18af-5ea5-9b8e-109e869b4b9e,shortage,false,,inventory_history
69fbd54c-f226-5db3-b4e1-5da35da85099,723e7b6d-deec-5ad6-920c-84d03647a5c9,product,12d2e257-18af-5ea5-9b8e-109e869b4b9e,shortage,false,,inventory_history
a69883c1-a208-57db-96fb-de4cbcf56c38,723e7b6d-deec-5ad6-920c-84d03647a5c9,product,12d2e257-18af-5ea5-9b8e-109e869b4b9e,shortage,false,,inventory_history
ff1aaa07-2fad-59cf-acb7-61fe5b41b3c8,723e7b6d-deec-5ad6-920c-84d03647a5c9,product,7139ebf2-1aff-593d-9366-22949a04fd61,shortage,false,,inventory_history
0571e897-b347-52d8-ba2e-de596a2dc238,723e7b6d-deec-5ad6-920c-84d03647a5c9,product,7139ebf2-1aff-593d-9366-22949a04fd61,shortage,false,,inventory_history
a77f7312-7bb4-5f28-9ba6-7bf60b467bbd,723e7b6d-deec-5ad6-920c-84d03647a5c9,product,7139ebf2-1aff-593d-9366-22949a04fd61,shortage,false,,inventory_history
0647663b-bf29-58fe-99ed-3e3adf84a36f,723e7b6d-deec-5ad6-920c-84d03647a5c9,product,48b59f70-e096-547d-97be-0afd9e0ef1f4,shortage,false,,inventory_history
fe081dcc-129e-57af-9189-5a903cb80d42,723e7b6d-deec-5ad6-920c-84d03647a5c9,product,48b59f70-e096-547d-97be-0afd9e0ef1f4,shortage,false,,inventory_history
e53bae51-29c5-5a50-956e-c9a745995a59,723e7b6d-deec-5ad6-920c-84d03647a5c9,product,c7c80e8e-2456-5c4b-97cb-5d6b8aea9e11,shortage,false,,inventory_history
2e20bee4-a483-5f6b-952a-8d2e3df72496,723e7b6d-deec-5ad6-920c-84d03647a5c9,product,c7c80e8e-2456-5c4b-97cb-5d6b8aea9e11,shortage,false,,inventory_history
366dde3e-51d5-5432-8a09-66b0748ede4e,723e7b6d-deec-5ad6-920c-84d03647a5c9,product,c7c80e8e-2456-5c4b-97cb-5d6b8aea9e11,shortage,false,,inventory_history
401d7c5c-70d3-513a-b1b6-3b9fd7949c7b,723e7b6d-deec-5ad6-920c-84d03647a5c9,product,8243c793-3801-5a72-86e5-9ab29d8d498d,shortage,false,,inventory_history
fac836f5-889b-527d-b48d-d427473e3d65,723e7b6d-deec-5ad6-920c-84d03647a5c9,product,8243c793-3801-5a72-86e5-9ab29d8d498d,shortage,false,,inventory_history
d4578e94-326e-54fa-9854-59e59adb38ff,723e7b6d-deec-5ad6-920c-84d03647a5c9,product,8243c793-3801-5a72-86e5-9ab29d8d498d,shortage,false,,inventory_history
0d29abe2-841a-5388-9424-c32860870d42,723e7b6d-deec-5ad6-920c-84d03647a5c9,product,5e2cc5fc-7d5b-5bba-ad99-4412ab325860,shortage,false,,inventory_history
2fc1a8cc-fdd4-569a-a12b-061dc2e1e942,723e7b6d-deec-5ad6-920c-84d03647a5c9,product,5e2cc5fc-7d5b-5bba-ad99-4412ab325860,shortage,false,,inventory_history
18a9b785-34de-55f8-bca4-f9f52c7daa87,723e7b6d-deec-5ad6-920c-84d03647a5c9,product,ce143825-d54b-50ec-92fe-c61fdb5ae610,shortage,false,,inventory_history
1d11e370-effd-51c9-9aae-8d9796322f49,723e7b6d-deec-5ad6-920c-84d03647a5c9,product,ce143825-d54b-50ec-92fe-c61fdb5ae610,shortage,false,,inventory_history
1fb4f450-1996-578b-b79d-26b35ea9e70b,723e7b6d-deec-5ad6-920c-84d03647a5c9,product,ce143825-d54b-50ec-92fe-c61fdb5ae610,shortage,false,,inventory_history
9077d1eb-6597-5871-869d-c288966b3b80,723e7b6d-deec-5ad6-920c-84d03647a5c9,product,22326882-02d4-5cec-806a-1e1016a55411,shortage,false,,inventory_history
c285c2b7-0bd1-5c43-add6-e8011c5134a9,723e7b6d-deec-5ad6-920c-84d03647a5c9,product,22326882-02d4-5cec-806a-1e1016a55411,shortage,false,,inventory_history
5f06e98f-e346-5d56-84c1-b7aa866da34c,723e7b6d-deec-5ad6-920c-84d03647a5c9,product,5f832cdc-1407-55fc-8fd5-76ca28247722,shortage,false,,inventory_history
426d8496-18e7-55db-9c32-32c93eb954c8,723e7b6d-deec-5ad6-920c-84d03647a5c9,product,5f832cdc-1407-55fc-8fd5-76ca28247722,shortage,false,,inventory_history
3810eeff-bbd6-5e5e-90cc-88d1421062bb,723e7b6d-deec-5ad6-920c-84d03647a5c9,product,5f832cdc-1407-55fc-8fd5-76ca28247722,shortage,false,,inventory_history
834c5b45-c9bf-592b-b483-01de096a3a80,723e7b6d-deec-5ad6-920c-84d03647a5c9,product,f3d43083-cf37-52fb-bc02-bff47203b7c9,shortage,false,,inventory_history
d367f3bc-1301-592d-adae-29870e9532b9,723e7b6d-deec-5ad6-920c-84d03647a5c9,product,f3d43083-cf37-52fb-bc02-bff47203b7c9,shortage,false,,inventory_history
20c0be3f-8e99-5232-9a3e-745f44bd8735,723e7b6d-deec-5ad6-920c-84d03647a5c9,product,f3d43083-cf37-52fb-bc02-bff47203b7c9,shortage,false,,inventory_history
ddcc0f93-7389-5632-835d-b7bd398c0bfd,723e7b6d-deec-5ad6-920c-84d03647a5c9,product,d02cf696-fbfe-56b7-8ff3-89608483ee25,shortage,false,,inventory_history
81c37354-841e-5471-9460-93c6c724b533,723e7b6d-deec-5ad6-920c-84d03647a5c9,product,d02cf696-fbfe-56b7-8ff3-89608483ee25,shortage,false,,inventory_history
d0506bd0-2dfb-5b3d-a680-14c997910329,723e7b6d-deec-5ad6-920c-84d03647a5c9,product,8191a9f6-2263-53f2-a6a6-4c31e81e996e,shortage,false,,inventory_history
66e36a3b-b820-52e7-b73d-c5f6353202d6,723e7b6d-deec-5ad6-920c-84d03647a5c9,product,8191a9f6-2263-53f2-a6a6-4c31e81e996e,shortage,false,,inventory_history
c8231622-15a9-51cb-bc8a-3540a89519a2,723e7b6d-deec-5ad6-920c-84d03647a5c9,product,8191a9f6-2263-53f2-a6a6-4c31e81e996e,shortage,false,,inventory_history
95f2ab37-9bbf-5db1-8364-fef46dcbd3d6,723e7b6d-deec-5ad6-920c-84d03647a5c9,product,9b88c78b-34e7-51c0-8f51-940e61379648,shortage,false,,inventory_history
e91b147b-d79a-5c92-8448-813aef71efa3,723e7b6d-deec-5ad6-920c-84d03647a5c9,product,9b88c78b-34e7-51c0-8f51-940e61379648,shortage,false,,inventory_history
e432cc52-2efd-591e-9f72-7efdc0f44e87,723e7b6d-deec-5ad6-920c-84d03647a5c9,product,9b88c78b-34e7-51c0-8f51-940e61379648,shortage,false,,inventory_history
1da4bbd7-4a24-58d5-93d1-0e11fb2d2772,723e7b6d-deec-5ad6-920c-84d03647a5c9,product,d6e9c7be-33cb-5851-ab77-08e587828108,shortage,false,,inventory_history
a41b7b9a-75dd-52bf-b74c-2081bf3bb27c,723e7b6d-deec-5ad6-920c-84d03647a5c9,product,d6e9c7be-33cb-5851-ab77-08e587828108,shortage,false,,inventory_history
6d1794f0-a684-5dce-b725-24bc7cc5e4f0,723e7b6d-deec-5ad6-920c-84d03647a5c9,product,f3c9e6db-5001-5325-b688-27d1d3fc04c1,shortage,false,,inventory_history
9df44a86-4cc8-5799-9f5b-50380725ff62,723e7b6d-deec-5ad6-920c-84d03647a5c9,product,f3c9e6db-5001-5325-b688-27d1d3fc04c1,shortage,false,,inventory_history
3fa0e547-070d-5d22-82e1-c45dc3994d94,723e7b6d-deec-5ad6-920c-84d03647a5c9,product,f3c9e6db-5001-5325-b688-27d1d3fc04c1,shortage,false,,inventory_history
d3ac1903-a12b-5993-b5c8-1e10f501be7f,723e7b6d-deec-5ad6-920c-84d03647a5c9,product,63b368d3-a702-5229-a0eb-00c0e02acf2c,shortage,false,,inventory_history
8fa7ce96-b276-5121-b303-3ce927c41177,723e7b6d-deec-5ad6-920c-84d03647a5c9,product,63b368d3-a702-5229-a0eb-00c0e02acf2c,shortage,false,,inventory_history
71a2fd12-9399-57e8-b578-7f2509cf1acd,723e7b6d-deec-5ad6-920c-84d03647a5c9,product,a32a21a2-1fde-52e6-a745-494a810ef82b,shortage,false,,inventory_history
a0f4bf61-b7bb-5001-9db9-fc8d8f5118ae,723e7b6d-deec-5ad6-920c-84d03647a5c9,product,a32a21a2-1fde-52e6-a745-494a810ef82b,shortage,false,,inventory_history
90936809-0ff5-5c31-91bb-333fdea82245,723e7b6d-deec-5ad6-920c-84d03647a5c9,product,637d71e2-55cf-575a-87f5-1bcee0d0072a,shortage,false,,inventory_history
f97d1cdc-5c7c-531b-b5e4-edd61c68d04f,723e7b6d-deec-5ad6-920c-84d03647a5c9,product,637d71e2-55cf-575a-87f5-1bcee0d0072a,shortage,false,,inventory_history
698a9b6d-4473-5c98-b900-bfa7d816cf7c,723e7b6d-deec-5ad6-920c-84d03647a5c9,product,43239255-9abf-522a-a0ca-d242c13539cf,shortage,false,,inventory_history
f6c2a0a0-765e-5983-9c81-247912f412ba,723e7b6d-deec-5ad6-920c-84d03647a5c9,product,43239255-9abf-522a-a0ca-d242c13539cf,shortage,false,,inventory_history
b6952664-1a8a-5fc7-bc3c-4d06ff4ad512,723e7b6d-deec-5ad6-920c-84d03647a5c9,product,43239255-9abf-522a-a0ca-d242c13539cf,shortage,false,,inventory_history
75778941-179a-5c17-85ee-bd7781ba1a2d,723e7b6d-deec-5ad6-920c-84d03647a5c9,product,6a379419-7f07-55f2-a7a1-c92bb24d1f27,shortage,false,,inventory_history
2dc2d315-37fe-5626-a758-33bb5440b492,723e7b6d-deec-5ad6-920c-84d03647a5c9,product,6a379419-7f07-55f2-a7a1-c92bb24d1f27,shortage,false,,inventory_history
4f939cb6-eebe-5d7b-8609-15e55dd35a46,723e7b6d-deec-5ad6-920c-84d03647a5c9,product,6a379419-7f07-55f2-a7a1-c92bb24d1f27,shortage,false,,inventory_history
a35ae30e-b258-54d6-b0b1-acea9ea38290,723e7b6d-deec-5ad6-920c-84d03647a5c9,product,dbfbb0d5-1eb8-59dd-bad5-834d7a45a348,shortage,false,,inventory_history
4198e92c-26e2-5200-9d24-85e2217a3101,723e7b6d-deec-5ad6-920c-84d03647a5c9,product,dbfbb0d5-1eb8-59dd-bad5-834d7a45a348,shortage,false,,inventory_history
1db3a072-df58-5f50-8202-178a8d44932f,723e7b6d-deec-5ad6-920c-84d03647a5c9,product,dbfbb0d5-1eb8-59dd-bad5-834d7a45a348,shortage,false,,inventory_history
518cbfc7-89c8-5655-8ff8-d9b22d7b42dd,723e7b6d-deec-5ad6-920c-84d03647a5c9,product,76ce6f91-8d47-5bfd-a8a9-b086d8728beb,shortage,false,,inventory_history
2476c2e5-e8b8-503c-8b8a-93edce657108,723e7b6d-deec-5ad6-920c-84d03647a5c9,product,76ce6f91-8d47-5bfd-a8a9-b086d8728beb,shortage,false,,inventory_history
b82b3cfb-7901-5d4e-a79b-86fafcf0403f,723e7b6d-deec-5ad6-920c-84d03647a5c9,product,4ccb08b0-f9e0-5e25-89e3-bea409b0d0cb,shortage,false,,inventory_history
bcc6a296-b273-5d4a-98e6-289d00e775e1,723e7b6d-deec-5ad6-920c-84d03647a5c9,product,4ccb08b0-f9e0-5e25-89e3-bea409b0d0cb,shortage,false,,inventory_history
6ccfe565-cae2-55ac-864c-b20e3b06051d,723e7b6d-deec-5ad6-920c-84d03647a5c9,product,4ccb08b0-f9e0-5e25-89e3-bea409b0d0cb,shortage,false,,inventory_history
cff50fe0-6cf2-56be-8828-679e13db7e78,723e7b6d-deec-5ad6-920c-84d03647a5c9,product,7698a25a-a051-53c9-ae74-597da202ffca,shortage,false,,inventory_history
22be10fc-b399-55f8-99f0-684314ae5741,723e7b6d-deec-5ad6-920c-84d03647a5c9,product,7698a25a-a051-53c9-ae74-597da202ffca,shortage,false,,inventory_history
c2c61f5b-5bb1-587d-a243-486347f98253,723e7b6d-deec-5ad6-920c-84d03647a5c9,product,721d117c-620d-5f92-b800-3e89864cc8d3,shortage,false,,inventory_history
d767a6e1-b5fb-5eec-8c81-6d8201889836,723e7b6d-deec-5ad6-920c-84d03647a5c9,product,721d117c-620d-5f92-b800-3e89864cc8d3,shortage,false,,inventory_history
1f4d5650-5f47-5b20-aa0e-665edae134c3,723e7b6d-deec-5ad6-920c-84d03647a5c9,product,721d117c-620d-5f92-b800-3e89864cc8d3,shortage,false,,inventory_history
f5b9fe49-216f-534f-b42f-676a9dadc47b,723e7b6d-deec-5ad6-920c-84d03647a5c9,product,571424b7-2fc1-5ceb-8982-7426cc703fff,shortage,false,,inventory_history
042e2726-89d4-5a62-a5a6-a8688f82c396,723e7b6d-deec-5ad6-920c-84d03647a5c9,product,571424b7-2fc1-5ceb-8982-7426cc703fff,shortage,false,,inventory_history
0264ccfc-4a86-556d-b854-10858674f972,723e7b6d-deec-5ad6-920c-84d03647a5c9,product,9096801a-a6fd-5ca3-a667-34759b5adb9e,shortage,false,,inventory_history
1634bf25-1be7-5ed4-80d8-1d956b0db664,723e7b6d-deec-5ad6-920c-84d03647a5c9,product,9096801a-a6fd-5ca3-a667-34759b5adb9e,shortage,false,,inventory_history
c8563609-2f80-5654-bbc5-8417b40b5343,723e7b6d-deec-5ad6-920c-84d03647a5c9,product,1b8e1d0e-392d-5e23-854a-832f0d6ac35d,shortage,false,,inventory_history
b824c8a1-b5b4-5b10-9ffc-38a9209cc70b,723e7b6d-deec-5ad6-920c-84d03647a5c9,product,1b8e1d0e-392d-5e23-854a-832f0d6ac35d,shortage,false,,inventory_history
e30cd801-7a6d-5b58-a7a6-64f61cc70824,723e7b6d-deec-5ad6-920c-84d03647a5c9,product,1b8e1d0e-392d-5e23-854a-832f0d6ac35d,shortage,false,,inventory_history
8e622c23-3ae0-5137-be38-b0d6240faa2f,723e7b6d-deec-5ad6-920c-84d03647a5c9,product,8110e190-2a4b-579b-be2c-511de85ab755,shortage,false,,inventory_history
445968a6-878e-54f7-9563-5d2ca12abf45,723e7b6d-deec-5ad6-920c-84d03647a5c9,product,8110e190-2a4b-579b-be2c-511de85ab755,shortage,false,,inventory_history
54c2abb3-2d6a-5803-bcbf-be995f2738fd,723e7b6d-deec-5ad6-920c-84d03647a5c9,product,ab9d2edf-ae6c-55be-beec-404b29edda19,shortage,false,,inventory_history
5a490d9c-600d-55fc-b1fc-a6582b585adb,723e7b6d-deec-5ad6-920c-84d03647a5c9,product,ab9d2edf-ae6c-55be-beec-404b29edda19,shortage,false,,inventory_history
c3885205-cd69-5e24-a808-6c4402640303,723e7b6d-deec-5ad6-920c-84d03647a5c9,product,ab9d2edf-ae6c-55be-beec-404b29edda19,shortage,false,,inventory_history
7931e74d-1e04-5163-8420-81472d96c56f,723e7b6d-deec-5ad6-920c-84d03647a5c9,product,85ee2954-52d3-5ec2-8fea-0575175559ac,shortage,false,,inventory_history
c9a22fe8-7350-5f56-964c-3d9a8925e3a1,723e7b6d-deec-5ad6-920c-84d03647a5c9,product,85ee2954-52d3-5ec2-8fea-0575175559ac,shortage,false,,inventory_history
d2accaf1-1ba8-5f95-8fcb-0b34c71f010d,723e7b6d-deec-5ad6-920c-84d03647a5c9,product,85ee2954-52d3-5ec2-8fea-0575175559ac,shortage,false,,inventory_history
5709d2a2-6bd3-5656-ad97-133971f7fba2,723e7b6d-deec-5ad6-920c-84d03647a5c9,product,f40bf37b-20d6-5349-82b6-18cbd1f10e83,shortage,false,,inventory_history
14576c11-f0e2-5116-ada2-50199481b388,723e7b6d-deec-5ad6-920c-84d03647a5c9,product,f40bf37b-20d6-5349-82b6-18cbd1f10e83,shortage,false,,inventory_history
e8f3e5fa-2806-596c-94d8-c45487c933e0,723e7b6d-deec-5ad6-920c-84d03647a5c9,product,f40bf37b-20d6-5349-82b6-18cbd1f10e83,shortage,false,,inventory_history
a921216f-e667-530d-8cbb-329155f74e8f,723e7b6d-deec-5ad6-920c-84d03647a5c9,product,263e995b-8be3-5198-adb6-aa81c41bf770,shortage,false,,inventory_history
6333f918-aff6-5129-a883-75eede07e97c,723e7b6d-deec-5ad6-920c-84d03647a5c9,product,263e995b-8be3-5198-adb6-aa81c41bf770,shortage,false,,inventory_history
04c43501-7927-5f8f-9576-fb6482bbc555,723e7b6d-deec-5ad6-920c-84d03647a5c9,product,03daeeea-7468-535a-a03a-78f80e9f433f,shortage,false,,inventory_history
3def040a-983f-5547-94ce-c304b3caeedd,723e7b6d-deec-5ad6-920c-84d03647a5c9,product,03daeeea-7468-535a-a03a-78f80e9f433f,shortage,false,,inventory_history
7313ff95-0fd5-5610-8c51-44cecf742173,723e7b6d-deec-5ad6-920c-84d03647a5c9,product,72067051-48fc-5737-a00c-93c490bd0b34,shortage,true,2024-08-05 14:00:00+00,inventory_history
9ae3f04c-344a-59bd-996b-344d2a72ab3f,723e7b6d-deec-5ad6-920c-84d03647a5c9,product,72067051-48fc-5737-a00c-93c490bd0b34,shortage,true,2024-08-05 14:00:00+00,inventory_history
b50035a0-2a0d-51b2-b51b-ae88437fa0af,723e7b6d-deec-5ad6-920c-84d03647a5c9,product,72067051-48fc-5737-a00c-93c490bd0b34,shortage,false,,inventory_history
52cbdb43-6eb3-5607-972f-8abe5db5e468,723e7b6d-deec-5ad6-920c-84d03647a5c9,product,73148ed3-fbe9-5571-a16d-34fb5520390e,shortage,false,,inventory_history
85b8717a-1b30-5b0d-ae94-9a1eba9d5c58,723e7b6d-deec-5ad6-920c-84d03647a5c9,product,73148ed3-fbe9-5571-a16d-34fb5520390e,shortage,false,,inventory_history
89c4a1f9-85c3-51b4-be71-942e131fd0b1,723e7b6d-deec-5ad6-920c-84d03647a5c9,product,515f77ef-9c32-5e75-81c3-2b3795c000f2,shortage,false,,inventory_history
84abfba3-cdb6-5012-aa14-7127227b1183,723e7b6d-deec-5ad6-920c-84d03647a5c9,product,515f77ef-9c32-5e75-81c3-2b3795c000f2,shortage,false,,inventory_history
4b9d5db2-4abe-5882-a1ed-19136d1e84d9,723e7b6d-deec-5ad6-920c-84d03647a5c9,product,bcd21179-c89f-5095-808a-e72f06c0841d,shortage,false,,inventory_history
a55afbd2-5a43-5d7d-aa56-4bd2ff72b5dd,723e7b6d-deec-5ad6-920c-84d03647a5c9,product,bcd21179-c89f-5095-808a-e72f06c0841d,shortage,false,,inventory_history
c0c16f32-48a3-52d9-9524-4e689e33a507,723e7b6d-deec-5ad6-920c-84d03647a5c9,product,df03a7e9-20ca-5987-a644-76566671155b,shortage,false,,inventory_history
2be7ab98-48d3-5d1c-8ad5-6f7b30405ca6,723e7b6d-deec-5ad6-920c-84d03647a5c9,product,df03a7e9-20ca-5987-a644-76566671155b,shortage,false,,inventory_history
b9ed5ba0-d1eb-5629-b1b5-48900c2be6e8,723e7b6d-deec-5ad6-920c-84d03647a5c9,product,df03a7e9-20ca-5987-a644-76566671155b,shortage,false,,inventory_history
8fbb1dc2-9b3a-5366-b005-32d6160c991a,723e7b6d-deec-5ad6-920c-84d03647a5c9,product,49690aee-94fa-525b-b5ce-92feaf54b957,shortage,false,,inventory_history
7d1e2018-5f34-5ce9-b99c-bb80245d8aff,723e7b6d-deec-5ad6-920c-84d03647a5c9,product,49690aee-94fa-525b-b5ce-92feaf54b957,shortage,false,,inventory_history
c763eb77-4c2a-5a77-8712-1a6304708c57,723e7b6d-deec-5ad6-920c-84d03647a5c9,product,ef9ef5f5-f4f4-5cf3-8420-397a6fcbf152,shortage,false,,inventory_history
6ebb5409-7f63-5a1f-bb6c-f16193cb1759,723e7b6d-deec-5ad6-920c-84d03647a5c9,product,ef9ef5f5-f4f4-5cf3-8420-397a6fcbf152,shortage,false,,inventory_history
194afdca-822e-55de-ab59-57563754db70,723e7b6d-deec-5ad6-920c-84d03647a5c9,product,70b50d29-9125-53dc-a829-c961b011e429,shortage,false,,inventory_history
48f050ab-242f-5fd2-8aea-19125771c4e5,723e7b6d-deec-5ad6-920c-84d03647a5c9,product,70b50d29-9125-53dc-a829-c961b011e429,shortage,false,,inventory_history
de57affe-d2eb-53e0-b4cb-bca971a1387e,723e7b6d-deec-5ad6-920c-84d03647a5c9,product,70b50d29-9125-53dc-a829-c961b011e429,shortage,false,,inventory_history
dff30691-eb9c-53ba-a79d-d1f896fe461b,723e7b6d-deec-5ad6-920c-84d03647a5c9,product,cf40a232-f9b9-5adf-afb6-0a981f2ffcf7,shortage,false,,inventory_history
c73ca9fa-92a2-56e4-817d-5a415d13d4cd,723e7b6d-deec-5ad6-920c-84d03647a5c9,product,cf40a232-f9b9-5adf-afb6-0a981f2ffcf7,shortage,false,,inventory_history
ad92a704-4e9f-5e09-9527-9bd945ea7bb4,723e7b6d-deec-5ad6-920c-84d03647a5c9,product,cf40a232-f9b9-5adf-afb6-0a981f2ffcf7,shortage,true,2024-08-05 14:00:00+00,inventory_history
8601ce2a-7d16-53e8-95ff-e26cff614c35,723e7b6d-deec-5ad6-920c-84d03647a5c9,product,047edcf5-114c-5342-b495-232fc4aaf6fe,shortage,false,,inventory_history
cf4e23e8-141f-54db-9fb2-d69efc489d89,723e7b6d-deec-5ad6-920c-84d03647a5c9,product,047edcf5-114c-5342-b495-232fc4aaf6fe,shortage,false,,inventory_history
23aaf4fa-553e-5165-b455-865a5a762a62,723e7b6d-deec-5ad6-920c-84d03647a5c9,product,047edcf5-114c-5342-b495-232fc4aaf6fe,shortage,false,,inventory_history
e59e87ce-315a-5664-beb8-60846f8a23c9,723e7b6d-deec-5ad6-920c-84d03647a5c9,product,093be7d5-f016-5f2c-b71d-4dce4b0e9514,shortage,false,,inventory_history
f0eb110e-e66e-5226-9387-3045aabd2261,723e7b6d-deec-5ad6-920c-84d03647a5c9,product,093be7d5-f016-5f2c-b71d-4dce4b0e9514,shortage,true,2024-08-12 14:00:00+00,inventory_history
ae85bc48-6dc5-58c7-9d28-b20b1ce54d8f,723e7b6d-deec-5ad6-920c-84d03647a5c9,product,093be7d5-f016-5f2c-b71d-4dce4b0e9514,shortage,false,,inventory_history
acfb3569-e9d4-5947-8000-035c0df5a41d,723e7b6d-deec-5ad6-920c-84d03647a5c9,product,cf629a09-093e-5b99-8bf4-da2438fa51c4,shortage,false,,inventory_history
786c6512-2b94-5e80-a728-8724a5ecd620,723e7b6d-deec-5ad6-920c-84d03647a5c9,product,cf629a09-093e-5b99-8bf4-da2438fa51c4,shortage,false,,inventory_history
00eac10b-6dc4-5815-9d58-008c1f41ec46,723e7b6d-deec-5ad6-920c-84d03647a5c9,product,5bfb3415-c6ae-5fa3-a84b-8a98a543ab9a,shortage,false,,inventory_history
f1afcb70-9083-55a7-9a3d-1f1a6bb573b5,723e7b6d-deec-5ad6-920c-84d03647a5c9,product,5bfb3415-c6ae-5fa3-a84b-8a98a543ab9a,shortage,false,,inventory_history
a71c078f-5b81-5a1e-a60c-aa075680ade4,723e7b6d-deec-5ad6-920c-84d03647a5c9,product,c388846e-4e3c-5d57-b61f-ed13c7edc4da,shortage,false,,inventory_history
ed5727b6-9600-5c10-b5c7-e38c4242a5f1,723e7b6d-deec-5ad6-920c-84d03647a5c9,product,c388846e-4e3c-5d57-b61f-ed13c7edc4da,shortage,false,,inventory_history
a525e6af-3ac5-51c1-8059-2655b10007a6,723e7b6d-deec-5ad6-920c-84d03647a5c9,product,6feb3ffe-e89f-55ab-81d5-d9b136a73c27,shortage,false,,inventory_history
305f90aa-db81-50cc-8c3b-bb6cc9edbf8a,723e7b6d-deec-5ad6-920c-84d03647a5c9,product,6feb3ffe-e89f-55ab-81d5-d9b136a73c27,shortage,false,,inventory_history
d791c334-7d31-54c1-92c5-96cf1447a829,723e7b6d-deec-5ad6-920c-84d03647a5c9,product,e7c66ad7-b5d3-5271-9438-d4741c6f9cbc,shortage,false,,inventory_history
8d23f18c-016d-5efe-841c-2bbaa75912f7,723e7b6d-deec-5ad6-920c-84d03647a5c9,product,e7c66ad7-b5d3-5271-9438-d4741c6f9cbc,shortage,true,2024-08-05 14:00:00+00,inventory_history
d3e6db44-3167-5110-8dbd-03ab8f94b5d4,723e7b6d-deec-5ad6-920c-84d03647a5c9,product,e7c66ad7-b5d3-5271-9438-d4741c6f9cbc,shortage,false,,inventory_history
e6344729-c97b-56c5-b8da-968ab3ff9625,723e7b6d-deec-5ad6-920c-84d03647a5c9,product,5e41eef3-c306-5dd1-ab8c-d305ebc7c2d5,shortage,false,,inventory_history
6953f454-364d-5362-ae46-f36eaac30635,723e7b6d-deec-5ad6-920c-84d03647a5c9,product,5e41eef3-c306-5dd1-ab8c-d305ebc7c2d5,shortage,false,,inventory_history
d69d3cb0-1a5f-54f1-859a-6d8ff7fa728a,723e7b6d-deec-5ad6-920c-84d03647a5c9,product,4bb3265f-5fd8-5ee9-b01b-7ca5808bca6b,shortage,false,,inventory_history
2a65ee47-92c0-5dc2-b69c-497dbe9dbbc3,723e7b6d-deec-5ad6-920c-84d03647a5c9,product,4bb3265f-5fd8-5ee9-b01b-7ca5808bca6b,shortage,false,,inventory_history
f3388aaf-9890-535c-9e61-537f8844ffbf,723e7b6d-deec-5ad6-920c-84d03647a5c9,product,ae16db22-a7d1-5cd3-8409-669d957eb80d,shortage,true,2024-08-05 14:00:00+00,inventory_history
7698d67f-b67c-58b1-a365-0cab99478b5d,723e7b6d-deec-5ad6-920c-84d03647a5c9,product,ae16db22-a7d1-5cd3-8409-669d957eb80d,shortage,false,,inventory_history
d47f8db7-aa6d-5b83-8e4a-35fc5056b431,723e7b6d-deec-5ad6-920c-84d03647a5c9,product,950c0334-92d4-54ec-b05b-35e20983883c,shortage,false,,inventory_history
6bd1cf2c-097c-5004-99e3-8be73f6bfb7f,723e7b6d-deec-5ad6-920c-84d03647a5c9,product,950c0334-92d4-54ec-b05b-35e20983883c,shortage,false,,inventory_history
bd6a8809-04f7-5171-96b1-98f903861afd,723e7b6d-deec-5ad6-920c-84d03647a5c9,product,950c0334-92d4-54ec-b05b-35e20983883c,shortage,false,,inventory_history
53dda552-7170-57d3-9365-0a15991cc6bf,723e7b6d-deec-5ad6-920c-84d03647a5c9,product,59115f56-acf8-50f7-9dfd-c99816aa2172,shortage,false,,inventory_history
a86528ae-24c3-5f1c-9e5b-170704453238,723e7b6d-deec-5ad6-920c-84d03647a5c9,product,59115f56-acf8-50f7-9dfd-c99816aa2172,shortage,false,,inventory_history
84d27d67-51a6-5b14-9275-9e92960a7af4,723e7b6d-deec-5ad6-920c-84d03647a5c9,product,605027f9-8c6a-5d9a-80f7-9d3d42930f12,shortage,false,,inventory_history
4262c12e-cd82-53ca-869a-0fa894f76c39,723e7b6d-deec-5ad6-920c-84d03647a5c9,product,605027f9-8c6a-5d9a-80f7-9d3d42930f12,shortage,false,,inventory_history
0dea7114-a2bb-50ce-9b01-8950679798ad,723e7b6d-deec-5ad6-920c-84d03647a5c9,product,605027f9-8c6a-5d9a-80f7-9d3d42930f12,shortage,false,,inventory_history
aa9468e0-4386-55dc-ae9c-4ad8fbc5d43b,723e7b6d-deec-5ad6-920c-84d03647a5c9,product,a68ed02d-80a0-5ebb-a79e-1ef7c4187de5,shortage,false,,inventory_history
1e47b8ab-08f2-585f-857b-940db433b9bc,723e7b6d-deec-5ad6-920c-84d03647a5c9,product,a68ed02d-80a0-5ebb-a79e-1ef7c4187de5,shortage,false,,inventory_history
3b6429d8-700f-5a46-a257-a9bef14cd6bd,723e7b6d-deec-5ad6-920c-84d03647a5c9,product,a32d3b40-78a1-5f18-8b90-4dd8cd4ea27b,shortage,false,,inventory_history
ae0e1c59-a52b-5d86-8ace-d812f86461cf,723e7b6d-deec-5ad6-920c-84d03647a5c9,product,a32d3b40-78a1-5f18-8b90-4dd8cd4ea27b,shortage,false,,inventory_history
6f5cc73a-fe19-5ade-87d4-f6a7f37fb17c,723e7b6d-deec-5ad6-920c-84d03647a5c9,product,eb65b5fa-c2cb-589b-9049-2b6c7bf4d22d,shortage,false,,inventory_history
4cd8f0d7-613d-5062-a3b2-a1213ffd7f43,723e7b6d-deec-5ad6-920c-84d03647a5c9,product,eb65b5fa-c2cb-589b-9049-2b6c7bf4d22d,shortage,false,,inventory_history
9b3143f3-f0a1-5978-bc0e-d2e6bf819d5f,723e7b6d-deec-5ad6-920c-84d03647a5c9,product,474da520-6891-5d9b-ad56-dbc5e963bb3f,shortage,false,,inventory_history
9a912ec6-9056-5a36-8af0-ab518b2a3979,723e7b6d-deec-5ad6-920c-84d03647a5c9,product,474da520-6891-5d9b-ad56-dbc5e963bb3f,shortage,false,,inventory_history
d59d131e-2c43-520f-844c-a6a10750fa72,723e7b6d-deec-5ad6-920c-84d03647a5c9,product,474da520-6891-5d9b-ad56-dbc5e963bb3f,shortage,false,,inventory_history
3650b627-4bb2-5ac8-9cd2-8be02f8b50c0,723e7b6d-deec-5ad6-920c-84d03647a5c9,product,2c21421b-d3c2-55c3-8144-0c1f6b3e4f6a,shortage,true,2024-08-12 14:00:00+00,inventory_history
5e861f2c-bf98-5042-bf0a-540f8e7544de,723e7b6d-deec-5ad6-920c-84d03647a5c9,product,2c21421b-d3c2-55c3-8144-0c1f6b3e4f6a,shortage,false,,inventory_history
f40ee510-2325-53f1-a01e-2dcceb43033f,723e7b6d-deec-5ad6-920c-84d03647a5c9,supplier,afa15ef0-34ab-58ff-ad47-8060502e5f84,impact,false,,shipment_status_history
33de893a-e3d6-5615-9f65-481a460a8d66,723e7b6d-deec-5ad6-920c-84d03647a5c9,supplier,b3288dd6-e3cd-5ec3-a951-39986285505b,impact,false,,shipment_status_history
15b6842a-0b21-51c8-8783-63727ca89d87,723e7b6d-deec-5ad6-920c-84d03647a5c9,supplier,bed19e03-5ade-5692-8a4e-81fb3e8f965d,impact,false,,shipment_status_history
fa6dcfc1-9bdc-5fef-9901-1abafe61690b,723e7b6d-deec-5ad6-920c-84d03647a5c9,supplier,3dffa708-7186-5ce1-9e9c-96972e56f8bf,impact,false,,shipment_status_history
1abc1787-7514-5885-a7e5-e4411fd04ea7,723e7b6d-deec-5ad6-920c-84d03647a5c9,supplier,d6589668-bf03-550c-93d5-57ece0241efc,impact,false,,shipment_status_history
d02d3f05-fdbe-50c3-90eb-d077af8ce134,723e7b6d-deec-5ad6-920c-84d03647a5c9,supplier,9981b718-1ab2-586a-ac86-82ab2f6f445c,impact,false,,shipment_status_history
ef59e68e-f221-5b41-9532-39b8f0f3f4ed,723e7b6d-deec-5ad6-920c-84d03647a5c9,supplier,9df2da2e-507c-507e-b146-3af5cb0eb852,impact,false,,shipment_status_history
f502331f-0424-5221-be09-d4f30354af3a,723e7b6d-deec-5ad6-920c-84d03647a5c9,supplier,224ca423-2c12-5113-bbd1-50eab06cf470,impact,false,,shipment_status_history
99eb8ffa-d6c6-5537-874d-d8f51a787e35,723e7b6d-deec-5ad6-920c-84d03647a5c9,supplier,960f8f6e-5384-5c35-bfda-77ba61e7822e,impact,false,,shipment_status_history
e596ca09-e280-5fec-a753-1af6f4d95c1f,723e7b6d-deec-5ad6-920c-84d03647a5c9,supplier,8c61a3ad-eb5d-59bc-9d10-16ddbfa7f8b0,impact,false,,shipment_status_history
655eb5cf-c16a-591f-b39b-8c6d52ae6b4a,723e7b6d-deec-5ad6-920c-84d03647a5c9,supplier,ea344b5b-a6fa-5c52-a82d-6aca1e325dfd,impact,false,,shipment_status_history
47d7ef17-1c71-51c8-8c7d-d2c18534661b,723e7b6d-deec-5ad6-920c-84d03647a5c9,supplier,a204cedc-9bbc-5113-b524-27b81d9b9e2d,impact,false,,shipment_status_history
0c04b1aa-7a8c-5328-b9a8-0a129b12bc07,723e7b6d-deec-5ad6-920c-84d03647a5c9,supplier,c809308b-6bd0-5e7f-8fed-63aa0be429db,impact,false,,shipment_status_history
fee864a9-1dbf-5f15-86bc-b1a8659673ab,723e7b6d-deec-5ad6-920c-84d03647a5c9,supplier,b518e4a1-8b14-5e0f-a7c6-0b6631fe0a5a,impact,false,,shipment_status_history
14c4ac49-5004-5e19-872a-9f193f873977,723e7b6d-deec-5ad6-920c-84d03647a5c9,supplier,43b32e98-5a29-5473-b8a5-4357668f5f74,impact,false,,shipment_status_history
fdc8227b-92a1-563e-829b-85dc8fe25417,723e7b6d-deec-5ad6-920c-84d03647a5c9,supplier,8f1f2a54-a01e-54a1-9234-72cb24fac6ff,impact,false,,shipment_status_history
2656483a-63d0-56f9-bc28-911e055c6372,723e7b6d-deec-5ad6-920c-84d03647a5c9,supplier,48e2fe7c-35ad-5935-824d-697bfa8226f3,impact,false,,shipment_status_history
dbe41973-b953-5a15-9905-fb36740fe0de,723e7b6d-deec-5ad6-920c-84d03647a5c9,supplier,f94dbc7c-8aca-554e-ad3f-4e1fa92c88e7,impact,false,,shipment_status_history
4c2abafd-cd73-5dc9-902e-b216a21ec959,723e7b6d-deec-5ad6-920c-84d03647a5c9,supplier,f478ae52-7c2a-5617-95bb-5f296860910f,impact,false,,shipment_status_history
7723da4b-7668-52a7-904c-1102294bd14e,723e7b6d-deec-5ad6-920c-84d03647a5c9,supplier,80102db8-d5d3-5b2c-9e54-5b4fbebca6eb,impact,false,,shipment_status_history
2b4873a8-ccac-5d5e-86e8-3b7b52d5c128,723e7b6d-deec-5ad6-920c-84d03647a5c9,supplier,c27afee2-997d-5290-a74e-2530422664f5,impact,false,,shipment_status_history
dc726f8f-640b-5a5b-9f1a-240ad5b3fd8b,723e7b6d-deec-5ad6-920c-84d03647a5c9,supplier,7126e422-addd-5f29-b3f2-b752caf2e66c,impact,false,,shipment_status_history
f017dacb-d6d9-5446-bd40-63711e2f218e,723e7b6d-deec-5ad6-920c-84d03647a5c9,supplier,7910ac44-1e40-56bb-9ab8-d9ba56ac335c,impact,false,,shipment_status_history
c35f24a9-4b84-5d34-9fa9-bf5d08d8b1b9,723e7b6d-deec-5ad6-920c-84d03647a5c9,supplier,b9aec7bd-f7f9-55cb-b673-5177ddff5e0d,impact,false,,shipment_status_history
796981da-88be-5d09-97b2-623bf459a20d,723e7b6d-deec-5ad6-920c-84d03647a5c9,supplier,b0a44c22-e899-52ff-98a1-85dc4e254380,impact,false,,shipment_status_history
61d11cda-0932-57ec-865b-8cb7de52601d,723e7b6d-deec-5ad6-920c-84d03647a5c9,supplier,eee4f3d5-a93a-5cf2-85cd-907416aee337,impact,false,,shipment_status_history
77022da8-7692-5382-ba9b-daf7e986386d,723e7b6d-deec-5ad6-920c-84d03647a5c9,supplier,ce3f1829-b358-52a7-bd0e-9eb3d2d95666,impact,false,,shipment_status_history
07cd9b5d-37d9-5a19-b884-684ea697e09c,723e7b6d-deec-5ad6-920c-84d03647a5c9,supplier,1cf67535-10cf-5364-a9c7-5b0562d7a6d6,impact,false,,shipment_status_history
47278b80-3d5d-5fcc-9e4d-63c39a4b645a,723e7b6d-deec-5ad6-920c-84d03647a5c9,supplier,b1482d47-285e-53ab-995d-cc9a8165b52c,impact,false,,shipment_status_history
706b5288-1cd8-5764-9361-24dffc963aea,723e7b6d-deec-5ad6-920c-84d03647a5c9,supplier,d48fc4d1-ee5a-5d55-92e3-efa651af5e0b,impact,false,,shipment_status_history
0e0bbd36-e7e5-59a9-baeb-cb6d75c79304,723e7b6d-deec-5ad6-920c-84d03647a5c9,supplier,7cff550d-7458-54fe-906b-849912e2bac5,impact,false,,shipment_status_history
953d390b-c0a9-59f0-83e4-efe4616756f4,723e7b6d-deec-5ad6-920c-84d03647a5c9,supplier,3a67adbf-5513-5a16-82f1-1ee2075f84a5,impact,false,,shipment_status_history
94c46199-a5d2-596f-8761-e65bff16f707,723e7b6d-deec-5ad6-920c-84d03647a5c9,supplier,1439fed7-3f86-5a06-ae10-6169b01a836b,impact,false,,shipment_status_history
352c516d-8061-5938-ba37-1044548c0f22,723e7b6d-deec-5ad6-920c-84d03647a5c9,supplier,6bfe9d03-1d68-5349-a2e7-d2c71322d817,impact,false,,shipment_status_history
81efa427-8dbc-5627-8969-a051cb40a3f6,723e7b6d-deec-5ad6-920c-84d03647a5c9,supplier,bda40a80-19c9-5fe0-b729-308b0f59ad25,impact,false,,shipment_status_history
2f7bcec3-49cc-5e77-b6d5-c5c9c05b4f13,723e7b6d-deec-5ad6-920c-84d03647a5c9,supplier,4140807d-c496-53ae-8f87-15c93cde916b,impact,false,,shipment_status_history
05f18510-7bb4-5ecb-aca6-8606c2d8ee3f,723e7b6d-deec-5ad6-920c-84d03647a5c9,supplier,6e1d922d-415a-53d0-97d8-f4767299c10e,impact,false,,shipment_status_history
48133cbe-b306-5f70-a0e3-dd051ca100c1,723e7b6d-deec-5ad6-920c-84d03647a5c9,supplier,f0aa8198-c2d3-59dc-b748-7bbb43f72614,impact,false,,shipment_status_history
669dd768-3ecb-58d0-ae4e-bca9f6a2d12d,723e7b6d-deec-5ad6-920c-84d03647a5c9,supplier,9ecc4544-0aaa-5d4b-a20b-19b8dce2c71c,impact,false,,shipment_status_history
8c5b78b9-fcec-5406-886d-09af2572aa47,723e7b6d-deec-5ad6-920c-84d03647a5c9,supplier,d56202a0-5ac9-5000-bdef-df809a781522,impact,false,,shipment_status_history
8a5e76dc-364c-5d39-9947-e15d0744f5d8,723e7b6d-deec-5ad6-920c-84d03647a5c9,supplier,43b5c255-48c1-5b61-ab8b-8bc95266bb1f,impact,false,,shipment_status_history
dce001c7-3f54-564d-bb90-cb1a20b102fc,723e7b6d-deec-5ad6-920c-84d03647a5c9,supplier,feeb172c-57c6-5067-97db-54ddf632027a,impact,false,,shipment_status_history
1085c478-d2e6-5ea2-90f9-8faaa6f80f53,723e7b6d-deec-5ad6-920c-84d03647a5c9,supplier,15a4b7b5-0940-5f38-887a-51e62e07c4cf,impact,false,,shipment_status_history
280f3ac9-28dc-5d6d-b747-d01e9cc16d96,723e7b6d-deec-5ad6-920c-84d03647a5c9,supplier,ea95a540-f662-5975-8a79-88352e65c9c4,impact,false,,shipment_status_history
5a5ca6a5-e7da-57a7-9c3a-8ca8bb08ce72,723e7b6d-deec-5ad6-920c-84d03647a5c9,supplier,09b007da-c3cd-5c90-912c-64f13e0cb7eb,impact,false,,shipment_status_history
b8293148-170d-53dd-8b89-fae241d8f45e,723e7b6d-deec-5ad6-920c-84d03647a5c9,supplier,035f03a2-0aa4-54ab-b965-ffe92a15c554,impact,false,,shipment_status_history
7451ea5b-0acd-562e-b457-ea4d126a870f,723e7b6d-deec-5ad6-920c-84d03647a5c9,supplier,a080f3ab-6ea0-59f4-b082-807399acde92,impact,false,,shipment_status_history
0f7314df-bb50-5459-a33d-0a86ad296446,723e7b6d-deec-5ad6-920c-84d03647a5c9,supplier,962efb96-78cf-56c2-9668-d0081024f66b,impact,false,,shipment_status_history
118ee351-c007-570f-b80e-afebd073f0c6,723e7b6d-deec-5ad6-920c-84d03647a5c9,supplier,d21da0bc-d1b2-5971-a037-be72ab2d0b0f,impact,false,,shipment_status_history
29e2b3cd-86b7-5cdb-98a0-df843276302a,723e7b6d-deec-5ad6-920c-84d03647a5c9,supplier,6e4b4b02-c6c9-56a6-899b-544e87e288d9,impact,false,,shipment_status_history
ddb0782e-d562-57a7-9537-27b8ad900da5,15665409-4d5c-58b3-b74c-b6e10393c8ef,shipment,eb9f9ed0-70a5-5f4a-a410-ca2cb229e631,delay,true,2024-09-02 07:32:14+00,shipment_status_history
a67a0d2d-72d1-5b05-8e7e-ee90fcf83612,15665409-4d5c-58b3-b74c-b6e10393c8ef,shipment,70e30344-8825-5d6e-9f20-608f47a99816,delay,true,2024-09-01 14:43:48+00,shipment_status_history
260261f0-3343-5185-90c7-cde193eebae8,15665409-4d5c-58b3-b74c-b6e10393c8ef,shipment,bb5ea020-c8a4-5996-af0b-8ed6c32bd8e7,delay,false,,shipment_status_history
e1cf247a-5ba6-59c7-bdff-fb7d011a71b6,15665409-4d5c-58b3-b74c-b6e10393c8ef,shipment,8aab5f8b-e8f3-57dc-a770-a6acc5ef65bb,delay,false,,shipment_status_history
f2da0b13-6e33-5d0d-b45d-fcea09e95da3,15665409-4d5c-58b3-b74c-b6e10393c8ef,shipment,5988b59b-1edc-5a16-9f41-357f60d50488,delay,true,2024-09-06 09:06:35+00,shipment_status_history
15573ad7-b790-5f1a-a859-bccd4c1d8cba,15665409-4d5c-58b3-b74c-b6e10393c8ef,shipment,fb3b30f4-c7ad-5f3e-b329-6f6263593c80,delay,false,,shipment_status_history
1220663e-0869-5d02-8f58-23011f05d199,15665409-4d5c-58b3-b74c-b6e10393c8ef,shipment,d6a4deae-c16a-5429-be45-469f1c28956f,delay,false,,shipment_status_history
da757fae-7f21-5c99-8869-553f25590091,15665409-4d5c-58b3-b74c-b6e10393c8ef,shipment,c3fad2e5-d768-56d6-b09f-e32c40f8ec15,delay,false,,shipment_status_history
62ebf5a2-b24f-59c5-aa77-37d58627f302,15665409-4d5c-58b3-b74c-b6e10393c8ef,shipment,c6b655a8-74ef-53e4-a3f4-c3446dcee0a3,delay,true,2024-09-04 09:47:16+00,shipment_status_history
964f3a24-2e59-5a36-87a1-bcc63ddaeb12,15665409-4d5c-58b3-b74c-b6e10393c8ef,shipment,385201f5-9336-525f-a78a-4c1ae967b198,delay,false,,shipment_status_history
7bd1414e-3b0b-52d1-9496-d2a4595ec6d6,15665409-4d5c-58b3-b74c-b6e10393c8ef,shipment,bfa45ce3-c93b-5aa2-b2cd-745dc0195eb5,delay,false,,shipment_status_history
748af8ba-2b9d-54c3-a447-1201012ce057,15665409-4d5c-58b3-b74c-b6e10393c8ef,shipment,c5c77a79-08ca-5db3-b2cf-566a519de3bf,delay,false,,shipment_status_history
d8e29576-5b43-5ed0-a855-1676d5599b50,15665409-4d5c-58b3-b74c-b6e10393c8ef,shipment,f942b033-f79c-5db6-8d92-84a8db41a46f,delay,false,,shipment_status_history
43153ef5-1fe5-5bee-9c69-5066b12b530c,15665409-4d5c-58b3-b74c-b6e10393c8ef,shipment,f4e6e695-3563-5829-9270-ebd3f28b78ee,delay,false,,shipment_status_history
ec867a13-9c18-5057-bffd-ad155bae040d,15665409-4d5c-58b3-b74c-b6e10393c8ef,shipment,250c32ca-70c6-5c50-aac1-df34db5a6009,delay,false,,shipment_status_history
b9ced5e6-f76f-5ce3-9313-44cd94d9e9cb,15665409-4d5c-58b3-b74c-b6e10393c8ef,shipment,3371ece0-f579-5fc6-96b4-f5fbbaa9715b,delay,false,,shipment_status_history
5d1006ec-bdbb-541e-b272-e947b4ae9830,15665409-4d5c-58b3-b74c-b6e10393c8ef,shipment,ff29bdbf-97a7-5a6e-adad-5fd3aa6ac683,delay,false,,shipment_status_history
91fd72c9-0e3b-5ac0-9795-3f11245de888,15665409-4d5c-58b3-b74c-b6e10393c8ef,shipment,951de9eb-3a39-50c2-ad4e-280b8df41c18,delay,false,,shipment_status_history
cd408635-d0dd-5846-92d7-f0a83458ef85,15665409-4d5c-58b3-b74c-b6e10393c8ef,shipment,123a66c6-fc82-55ad-af53-2d536d37a281,delay,false,,shipment_status_history
2a000a7e-a7f2-52af-8af4-04e6b81dc654,15665409-4d5c-58b3-b74c-b6e10393c8ef,shipment,e660d0f1-ac58-526d-953b-76b3f3a96941,delay,false,,shipment_status_history
cca04731-e965-5036-b3d3-b3763fe5bdb9,15665409-4d5c-58b3-b74c-b6e10393c8ef,shipment,955446d7-eded-521a-b49c-e1da36ffd632,delay,false,,shipment_status_history
0b391262-0354-5b85-9a9d-fea1e086d50a,15665409-4d5c-58b3-b74c-b6e10393c8ef,shipment,17981d3c-a7e7-5f65-b625-9c7619d9b595,delay,true,2024-09-13 21:00:19+00,shipment_status_history
82a20c00-9d5e-5ed8-bff8-830b958926b3,15665409-4d5c-58b3-b74c-b6e10393c8ef,shipment,c2f1a7dd-fa4b-5609-9da6-23634a76bd86,delay,false,,shipment_status_history
835725f7-8695-515d-8fe6-ed665cadae3c,15665409-4d5c-58b3-b74c-b6e10393c8ef,shipment,a0c79769-e9a0-5e27-80bb-f9f1af0f1b58,delay,false,,shipment_status_history
be71a0cf-bf77-51f8-b770-db757d66e7f8,15665409-4d5c-58b3-b74c-b6e10393c8ef,shipment,b268cd0a-6fa5-534c-afa5-2f540d1478c8,delay,false,,shipment_status_history
9fc1678c-9c7f-52f7-bc7c-20f57e8e9921,15665409-4d5c-58b3-b74c-b6e10393c8ef,shipment,93addc54-1284-57b4-9a75-0ab68eedb374,delay,false,,shipment_status_history
79f95dbd-ce82-5fd9-a2b4-a348c91d7904,15665409-4d5c-58b3-b74c-b6e10393c8ef,shipment,7e3c17cf-f9b2-50a0-a6ce-d0ef0db9da7d,delay,false,,shipment_status_history
6acfc8a4-64b6-50bf-ac8b-798f317b5fb0,15665409-4d5c-58b3-b74c-b6e10393c8ef,shipment,80485067-15bf-5fab-bc53-ed0b34eee898,delay,false,,shipment_status_history
1040e82b-5bf1-5e66-9cbd-caeda37f6e0e,15665409-4d5c-58b3-b74c-b6e10393c8ef,shipment,483b1343-cb9f-5ee4-8560-7fbf934f35cc,delay,false,,shipment_status_history
fbecdf93-8766-5998-838b-3ebc9443bdd0,15665409-4d5c-58b3-b74c-b6e10393c8ef,shipment,52412086-1ba7-58bd-95bd-f9095096bd05,delay,false,,shipment_status_history
cf5bb70d-9a8f-5f59-8b53-f9f05d87b643,15665409-4d5c-58b3-b74c-b6e10393c8ef,shipment,2fc69057-25d5-5aac-b9d6-c9d9cfbd3fd8,delay,false,,shipment_status_history
b21e463f-7219-5101-a9bb-0399d5c5ef80,15665409-4d5c-58b3-b74c-b6e10393c8ef,shipment,a7b9b494-f9e6-5ad7-942e-818e31fb932e,delay,false,,shipment_status_history
c798afb0-bec6-5cf1-acd0-870dd4800f8e,15665409-4d5c-58b3-b74c-b6e10393c8ef,shipment,7ced93cd-9209-5414-9272-9129e5389a44,delay,false,,shipment_status_history
dcfc539e-7edc-5415-b965-3c334bee015c,15665409-4d5c-58b3-b74c-b6e10393c8ef,shipment,5b5a1f4f-abf9-5fd2-a23f-862d821e2bf1,delay,true,2024-09-11 00:51:24+00,shipment_status_history
1e5f28d0-728a-5cab-a8c1-f6baac2ac4e0,15665409-4d5c-58b3-b74c-b6e10393c8ef,product,c0f44500-e1d1-59e0-b53b-e0e98b24a7cf,shortage,false,,inventory_history
0bfb02bf-e6fb-5d2e-9446-519ddc21f5dd,15665409-4d5c-58b3-b74c-b6e10393c8ef,product,c0f44500-e1d1-59e0-b53b-e0e98b24a7cf,shortage,false,,inventory_history
5bba1ab3-f799-5370-b7f7-2c6ba1c115d5,15665409-4d5c-58b3-b74c-b6e10393c8ef,product,dfaf50bf-7ed8-5e30-b115-e55c44d8e0c1,shortage,false,,inventory_history
aa977ed0-c2b5-5ba3-a78c-317b14fb6949,15665409-4d5c-58b3-b74c-b6e10393c8ef,product,dfaf50bf-7ed8-5e30-b115-e55c44d8e0c1,shortage,false,,inventory_history
614eeb68-56d3-5069-a622-8c685c26ac71,15665409-4d5c-58b3-b74c-b6e10393c8ef,product,5abd18e8-de32-5af1-b593-d3190e9164a5,shortage,true,2024-09-09 14:00:00+00,inventory_history
fc150aee-22c1-5445-815e-dddf8c0b1ba1,15665409-4d5c-58b3-b74c-b6e10393c8ef,product,5abd18e8-de32-5af1-b593-d3190e9164a5,shortage,false,,inventory_history
d7ac3efd-3872-5203-867b-1cb8e594f05b,15665409-4d5c-58b3-b74c-b6e10393c8ef,product,98f9ed1d-3d10-5a68-a387-66981e9dde59,shortage,false,,inventory_history
83de8190-e344-5fba-8e6b-e9d99f819c93,15665409-4d5c-58b3-b74c-b6e10393c8ef,product,98f9ed1d-3d10-5a68-a387-66981e9dde59,shortage,false,,inventory_history
4969e5d7-92fb-530b-9e6b-474d6e26dba7,15665409-4d5c-58b3-b74c-b6e10393c8ef,product,b8b98483-157a-5ddb-81bf-f65f95613caa,shortage,false,,inventory_history
359d0df0-6034-56ad-8f40-8b79d46851c3,15665409-4d5c-58b3-b74c-b6e10393c8ef,product,b8b98483-157a-5ddb-81bf-f65f95613caa,shortage,false,,inventory_history
d9119115-5748-53f7-b2f1-2e057da502f5,15665409-4d5c-58b3-b74c-b6e10393c8ef,product,b8b98483-157a-5ddb-81bf-f65f95613caa,shortage,false,,inventory_history
d121448a-d4f5-52b2-9f11-447811b68dbb,15665409-4d5c-58b3-b74c-b6e10393c8ef,product,ebdcc5e9-63c3-5a52-9521-f031c6154feb,shortage,false,,inventory_history
5f50f744-459e-5a89-8061-e229b64254ba,15665409-4d5c-58b3-b74c-b6e10393c8ef,product,ebdcc5e9-63c3-5a52-9521-f031c6154feb,shortage,false,,inventory_history
237b619f-082f-5609-8438-e26aefc627a0,15665409-4d5c-58b3-b74c-b6e10393c8ef,product,6e22d3ea-9fc0-56fa-a367-352e633df40c,shortage,false,,inventory_history
846432ed-fb81-53d5-b52c-c9e3c3dbe2b0,15665409-4d5c-58b3-b74c-b6e10393c8ef,product,6e22d3ea-9fc0-56fa-a367-352e633df40c,shortage,false,,inventory_history
b43b9546-fa56-53fa-a1e3-af296ef41e7d,15665409-4d5c-58b3-b74c-b6e10393c8ef,product,0f7722fa-332a-5a19-922d-1d9cab8dda65,shortage,false,,inventory_history
a0634c5e-ed4b-51c9-8812-0e0aad51c4ff,15665409-4d5c-58b3-b74c-b6e10393c8ef,product,0f7722fa-332a-5a19-922d-1d9cab8dda65,shortage,false,,inventory_history
84595f59-7821-5b5c-95e3-81aba9f8afe3,15665409-4d5c-58b3-b74c-b6e10393c8ef,product,e3a10959-a74e-5cdd-bd80-3c24836fb062,shortage,false,,inventory_history
da36cfd9-7ec7-5128-8fbf-29d8d06ac4d5,15665409-4d5c-58b3-b74c-b6e10393c8ef,product,e3a10959-a74e-5cdd-bd80-3c24836fb062,shortage,false,,inventory_history
944be94b-5b1e-586c-bca5-7cba41193251,15665409-4d5c-58b3-b74c-b6e10393c8ef,product,e3a10959-a74e-5cdd-bd80-3c24836fb062,shortage,false,,inventory_history
b9e76a31-f78c-5d82-9c2f-70dfe70072a2,15665409-4d5c-58b3-b74c-b6e10393c8ef,product,6852d7e8-9827-5aa7-a439-140e7dac645a,shortage,false,,inventory_history
b71b190c-f2a2-5a91-bf0f-5a453467f1cb,15665409-4d5c-58b3-b74c-b6e10393c8ef,product,6852d7e8-9827-5aa7-a439-140e7dac645a,shortage,false,,inventory_history
c1f9b081-c76b-5bae-a182-e4d85af2ba2f,15665409-4d5c-58b3-b74c-b6e10393c8ef,product,6852d7e8-9827-5aa7-a439-140e7dac645a,shortage,false,,inventory_history
09f68029-0ac5-59bc-a71f-fa34c62c5643,15665409-4d5c-58b3-b74c-b6e10393c8ef,product,5b72fcba-23c2-5ea7-9dc2-b32eca367733,shortage,true,2024-09-09 14:00:00+00,inventory_history
56937621-b675-572d-b75f-7cda3089022d,15665409-4d5c-58b3-b74c-b6e10393c8ef,product,5b72fcba-23c2-5ea7-9dc2-b32eca367733,shortage,false,,inventory_history
b43014c7-9ccd-51f7-af76-5a656e1e296d,15665409-4d5c-58b3-b74c-b6e10393c8ef,product,c914dcac-18fe-5928-87c0-80e93bb776c2,shortage,false,,inventory_history
19e9d041-06c2-5a90-b3df-4a7201b5efe9,15665409-4d5c-58b3-b74c-b6e10393c8ef,product,c914dcac-18fe-5928-87c0-80e93bb776c2,shortage,false,,inventory_history
a1c9fc5b-6726-5269-b5a5-b66ab96bf559,15665409-4d5c-58b3-b74c-b6e10393c8ef,product,d6481438-ce10-5e85-8b0a-fbc48dcd19e7,shortage,false,,inventory_history
092d0714-c209-51a9-9537-17fe9a2b19ff,15665409-4d5c-58b3-b74c-b6e10393c8ef,product,d6481438-ce10-5e85-8b0a-fbc48dcd19e7,shortage,false,,inventory_history
16ca9ca1-ee93-5e68-b3bf-3260dac8661b,15665409-4d5c-58b3-b74c-b6e10393c8ef,product,015ee94d-a0dc-5a3a-96b4-4318093cd0c8,shortage,false,,inventory_history
06a642ee-b595-51c4-9ad2-edcbfb6666ea,15665409-4d5c-58b3-b74c-b6e10393c8ef,product,015ee94d-a0dc-5a3a-96b4-4318093cd0c8,shortage,false,,inventory_history
e77a1a3c-dfe4-5b6d-a59c-6ddf917ee7cc,15665409-4d5c-58b3-b74c-b6e10393c8ef,product,a4acb526-e0ea-590e-9293-ff9e90059c15,shortage,false,,inventory_history
2e3645e8-3ad6-5888-b7cc-f59e4fd90aa1,15665409-4d5c-58b3-b74c-b6e10393c8ef,product,a4acb526-e0ea-590e-9293-ff9e90059c15,shortage,false,,inventory_history
8b28b4ef-d45d-53be-af8c-dc64d130a58c,15665409-4d5c-58b3-b74c-b6e10393c8ef,product,3ba63656-6a91-5254-8fd9-1b6d20dced02,shortage,false,,inventory_history
549b9e6e-f793-532a-9d42-4724d0e5a06a,15665409-4d5c-58b3-b74c-b6e10393c8ef,product,3ba63656-6a91-5254-8fd9-1b6d20dced02,shortage,false,,inventory_history
dd4a2dd3-20c8-5ab8-bddb-1387bb69e44e,15665409-4d5c-58b3-b74c-b6e10393c8ef,product,3ba63656-6a91-5254-8fd9-1b6d20dced02,shortage,false,,inventory_history
f297a242-0c13-59f3-a5f9-2631ab86e410,15665409-4d5c-58b3-b74c-b6e10393c8ef,product,3f7c929e-b070-5624-afcb-413255a3e8b7,shortage,false,,inventory_history
2a316410-3b9c-5272-90e7-9ebd04a3a248,15665409-4d5c-58b3-b74c-b6e10393c8ef,product,3f7c929e-b070-5624-afcb-413255a3e8b7,shortage,false,,inventory_history
e2b7085c-5db1-5464-8892-93daaecd2cc3,15665409-4d5c-58b3-b74c-b6e10393c8ef,product,fc7fc417-cce4-5f70-a6f1-8ce7a0edf5e9,shortage,false,,inventory_history
aefa6993-c844-5ef7-87cc-f8961f17d671,15665409-4d5c-58b3-b74c-b6e10393c8ef,product,fc7fc417-cce4-5f70-a6f1-8ce7a0edf5e9,shortage,false,,inventory_history
aec84567-bf2c-5251-81db-69acdd894a32,15665409-4d5c-58b3-b74c-b6e10393c8ef,product,87bd34d0-75d8-568d-abd0-77f535fdb719,shortage,true,2024-09-09 14:00:00+00,inventory_history
129a996d-f11a-59a8-8b1f-7c899f1ddecf,15665409-4d5c-58b3-b74c-b6e10393c8ef,product,87bd34d0-75d8-568d-abd0-77f535fdb719,shortage,false,,inventory_history
88eba78f-411e-56e3-9931-fa5cdfc8a87d,15665409-4d5c-58b3-b74c-b6e10393c8ef,product,87bd34d0-75d8-568d-abd0-77f535fdb719,shortage,false,,inventory_history
ce2c78ea-df8c-5d69-802a-1c81d90e9cae,15665409-4d5c-58b3-b74c-b6e10393c8ef,product,12d2e257-18af-5ea5-9b8e-109e869b4b9e,shortage,true,2024-09-02 14:00:00+00,inventory_history
a08a239c-bfc1-5a95-bf18-669857fb1e7a,15665409-4d5c-58b3-b74c-b6e10393c8ef,product,12d2e257-18af-5ea5-9b8e-109e869b4b9e,shortage,false,,inventory_history
b384ce7b-a1c0-5293-b25d-83e098de2541,15665409-4d5c-58b3-b74c-b6e10393c8ef,product,12d2e257-18af-5ea5-9b8e-109e869b4b9e,shortage,false,,inventory_history
8718c6c9-aa82-539c-a41e-8a135aee7f4b,15665409-4d5c-58b3-b74c-b6e10393c8ef,product,7139ebf2-1aff-593d-9366-22949a04fd61,shortage,false,,inventory_history
3f3d3d18-0c01-5ea3-ad2e-26fca64981f4,15665409-4d5c-58b3-b74c-b6e10393c8ef,product,7139ebf2-1aff-593d-9366-22949a04fd61,shortage,false,,inventory_history
c4c12515-5d6a-50a8-ae01-953d16415f24,15665409-4d5c-58b3-b74c-b6e10393c8ef,product,7139ebf2-1aff-593d-9366-22949a04fd61,shortage,false,,inventory_history
a155623a-e59f-53e3-9b9c-cd275027b4ad,15665409-4d5c-58b3-b74c-b6e10393c8ef,product,48b59f70-e096-547d-97be-0afd9e0ef1f4,shortage,true,2024-09-09 14:00:00+00,inventory_history
234af954-13b1-5d18-9c56-230270e15499,15665409-4d5c-58b3-b74c-b6e10393c8ef,product,48b59f70-e096-547d-97be-0afd9e0ef1f4,shortage,true,2024-09-02 14:00:00+00,inventory_history
0e3c0dc0-bcd6-5e6b-ac94-5856a38292c0,15665409-4d5c-58b3-b74c-b6e10393c8ef,product,c7c80e8e-2456-5c4b-97cb-5d6b8aea9e11,shortage,false,,inventory_history
ae659fe8-0591-5064-b5be-ab97011c31c4,15665409-4d5c-58b3-b74c-b6e10393c8ef,product,c7c80e8e-2456-5c4b-97cb-5d6b8aea9e11,shortage,false,,inventory_history
1a2a8d3b-e216-5c02-901a-6850d19bfe44,15665409-4d5c-58b3-b74c-b6e10393c8ef,product,c7c80e8e-2456-5c4b-97cb-5d6b8aea9e11,shortage,false,,inventory_history
cee5336c-f1a2-5fff-bbe9-29a2647ae6ff,15665409-4d5c-58b3-b74c-b6e10393c8ef,product,8243c793-3801-5a72-86e5-9ab29d8d498d,shortage,false,,inventory_history
e8432cf2-9103-52bd-ad10-41c0cf9840a9,15665409-4d5c-58b3-b74c-b6e10393c8ef,product,8243c793-3801-5a72-86e5-9ab29d8d498d,shortage,false,,inventory_history
0e5f293a-c7c9-54c7-9150-3e98f294d5cf,15665409-4d5c-58b3-b74c-b6e10393c8ef,product,8243c793-3801-5a72-86e5-9ab29d8d498d,shortage,false,,inventory_history
d493ee96-be22-53d9-a1be-6111bff34d73,15665409-4d5c-58b3-b74c-b6e10393c8ef,product,5e2cc5fc-7d5b-5bba-ad99-4412ab325860,shortage,false,,inventory_history
faf170de-0098-5038-994d-147921db351d,15665409-4d5c-58b3-b74c-b6e10393c8ef,product,5e2cc5fc-7d5b-5bba-ad99-4412ab325860,shortage,true,2024-09-09 14:00:00+00,inventory_history
4cd96ad5-c803-5b62-b22d-9a52a7c398ec,15665409-4d5c-58b3-b74c-b6e10393c8ef,product,ce143825-d54b-50ec-92fe-c61fdb5ae610,shortage,false,,inventory_history
ffc1707e-7845-578a-a2d2-ea7049c6d08e,15665409-4d5c-58b3-b74c-b6e10393c8ef,product,ce143825-d54b-50ec-92fe-c61fdb5ae610,shortage,false,,inventory_history
b1342c01-2893-514a-90a8-c25ff75a2cc2,15665409-4d5c-58b3-b74c-b6e10393c8ef,product,ce143825-d54b-50ec-92fe-c61fdb5ae610,shortage,false,,inventory_history
ae80c86e-413b-5210-8fbe-88add9d8affe,15665409-4d5c-58b3-b74c-b6e10393c8ef,product,22326882-02d4-5cec-806a-1e1016a55411,shortage,false,,inventory_history
817f226a-594b-56c4-8f41-e518aa0b5e63,15665409-4d5c-58b3-b74c-b6e10393c8ef,product,22326882-02d4-5cec-806a-1e1016a55411,shortage,false,,inventory_history
2a8fb856-f8a9-506c-b4a1-4091402ef561,15665409-4d5c-58b3-b74c-b6e10393c8ef,product,5f832cdc-1407-55fc-8fd5-76ca28247722,shortage,false,,inventory_history
56a2d3fc-463e-530d-9277-1c44644cf895,15665409-4d5c-58b3-b74c-b6e10393c8ef,product,5f832cdc-1407-55fc-8fd5-76ca28247722,shortage,false,,inventory_history
f0f32689-76e7-5f72-a971-7d0ac078f5d0,15665409-4d5c-58b3-b74c-b6e10393c8ef,product,5f832cdc-1407-55fc-8fd5-76ca28247722,shortage,false,,inventory_history
d52c8f74-36fd-5f81-b7f2-1e20aa6dbb88,15665409-4d5c-58b3-b74c-b6e10393c8ef,product,f3d43083-cf37-52fb-bc02-bff47203b7c9,shortage,false,,inventory_history
1ba49dae-8f69-5c2c-9a6a-6af0df8cca72,15665409-4d5c-58b3-b74c-b6e10393c8ef,product,f3d43083-cf37-52fb-bc02-bff47203b7c9,shortage,false,,inventory_history
74402499-30cc-541a-b789-9933a6e8a744,15665409-4d5c-58b3-b74c-b6e10393c8ef,product,f3d43083-cf37-52fb-bc02-bff47203b7c9,shortage,false,,inventory_history
db631a14-1edf-5bff-b727-6d5134a1dc77,15665409-4d5c-58b3-b74c-b6e10393c8ef,product,d02cf696-fbfe-56b7-8ff3-89608483ee25,shortage,false,,inventory_history
09673213-c4e5-566f-ade8-4868124ccce6,15665409-4d5c-58b3-b74c-b6e10393c8ef,product,d02cf696-fbfe-56b7-8ff3-89608483ee25,shortage,false,,inventory_history
7cb87c60-c7dd-5f73-88ff-b03168a7902e,15665409-4d5c-58b3-b74c-b6e10393c8ef,product,8191a9f6-2263-53f2-a6a6-4c31e81e996e,shortage,false,,inventory_history
a73b8a3d-a550-54f3-9269-2626f7687839,15665409-4d5c-58b3-b74c-b6e10393c8ef,product,8191a9f6-2263-53f2-a6a6-4c31e81e996e,shortage,false,,inventory_history
9d382809-2e91-5536-8f4f-4294a281d27b,15665409-4d5c-58b3-b74c-b6e10393c8ef,product,8191a9f6-2263-53f2-a6a6-4c31e81e996e,shortage,false,,inventory_history
13919855-8a8d-5c3d-b1a2-c2fc380b9225,15665409-4d5c-58b3-b74c-b6e10393c8ef,product,9b88c78b-34e7-51c0-8f51-940e61379648,shortage,false,,inventory_history
fe82c424-2e3d-5b16-8cae-641c4920a466,15665409-4d5c-58b3-b74c-b6e10393c8ef,product,9b88c78b-34e7-51c0-8f51-940e61379648,shortage,false,,inventory_history
68aa20c1-3783-53a9-9f54-3b0d2bdabbe7,15665409-4d5c-58b3-b74c-b6e10393c8ef,product,9b88c78b-34e7-51c0-8f51-940e61379648,shortage,false,,inventory_history
277da64f-5dba-55ff-91e2-f475139915ae,15665409-4d5c-58b3-b74c-b6e10393c8ef,product,d6e9c7be-33cb-5851-ab77-08e587828108,shortage,false,,inventory_history
902c3a38-2289-5197-89b7-db847d2ade68,15665409-4d5c-58b3-b74c-b6e10393c8ef,product,d6e9c7be-33cb-5851-ab77-08e587828108,shortage,false,,inventory_history
4bdc242f-eba6-585d-ab4a-8eca6e6446ce,15665409-4d5c-58b3-b74c-b6e10393c8ef,product,f3c9e6db-5001-5325-b688-27d1d3fc04c1,shortage,false,,inventory_history
c396528a-6913-59f8-8c59-33bc63abb281,15665409-4d5c-58b3-b74c-b6e10393c8ef,product,f3c9e6db-5001-5325-b688-27d1d3fc04c1,shortage,false,,inventory_history
9e4d2da7-c0e5-5a52-a13d-bcd843a18f26,15665409-4d5c-58b3-b74c-b6e10393c8ef,product,f3c9e6db-5001-5325-b688-27d1d3fc04c1,shortage,false,,inventory_history
db6e1f7a-3cd3-5bca-913f-736182218226,15665409-4d5c-58b3-b74c-b6e10393c8ef,product,63b368d3-a702-5229-a0eb-00c0e02acf2c,shortage,false,,inventory_history
9dec83dc-b759-5bfb-9020-16278657e07a,15665409-4d5c-58b3-b74c-b6e10393c8ef,product,63b368d3-a702-5229-a0eb-00c0e02acf2c,shortage,false,,inventory_history
ec6d3f16-1605-56ff-a81c-28e4f104b99b,15665409-4d5c-58b3-b74c-b6e10393c8ef,product,a32a21a2-1fde-52e6-a745-494a810ef82b,shortage,false,,inventory_history
404cd30a-d3e2-51c8-9137-bca3ae80d07e,15665409-4d5c-58b3-b74c-b6e10393c8ef,product,a32a21a2-1fde-52e6-a745-494a810ef82b,shortage,false,,inventory_history
d2f11393-79d0-5168-8ef6-314918da163a,15665409-4d5c-58b3-b74c-b6e10393c8ef,product,637d71e2-55cf-575a-87f5-1bcee0d0072a,shortage,false,,inventory_history
43956502-5c87-5ddb-95c0-8d73e2be718f,15665409-4d5c-58b3-b74c-b6e10393c8ef,product,637d71e2-55cf-575a-87f5-1bcee0d0072a,shortage,false,,inventory_history
c8386d3a-0ea5-563d-86f8-78cfb0dc2bd6,15665409-4d5c-58b3-b74c-b6e10393c8ef,product,43239255-9abf-522a-a0ca-d242c13539cf,shortage,true,2024-09-02 14:00:00+00,inventory_history
ffbc89e6-9007-5ae8-ae7d-d09edde1affc,15665409-4d5c-58b3-b74c-b6e10393c8ef,product,43239255-9abf-522a-a0ca-d242c13539cf,shortage,false,,inventory_history
4b0e1bf4-3d29-5fee-a2ad-268d560f8be2,15665409-4d5c-58b3-b74c-b6e10393c8ef,product,43239255-9abf-522a-a0ca-d242c13539cf,shortage,false,,inventory_history
287a0ee2-6da4-5480-9690-5bfb2b0ee36b,15665409-4d5c-58b3-b74c-b6e10393c8ef,product,6a379419-7f07-55f2-a7a1-c92bb24d1f27,shortage,false,,inventory_history
e2e29616-6e80-5cb9-9dbe-910d0b105599,15665409-4d5c-58b3-b74c-b6e10393c8ef,product,6a379419-7f07-55f2-a7a1-c92bb24d1f27,shortage,false,,inventory_history
1b48e833-1f40-505c-a0b9-200b901f63d9,15665409-4d5c-58b3-b74c-b6e10393c8ef,product,6a379419-7f07-55f2-a7a1-c92bb24d1f27,shortage,false,,inventory_history
cedbcf3f-8a38-54c9-9c9b-fa01c993959f,15665409-4d5c-58b3-b74c-b6e10393c8ef,product,dbfbb0d5-1eb8-59dd-bad5-834d7a45a348,shortage,false,,inventory_history
47ab363b-f34d-5b51-93da-9da5f461b95a,15665409-4d5c-58b3-b74c-b6e10393c8ef,product,dbfbb0d5-1eb8-59dd-bad5-834d7a45a348,shortage,false,,inventory_history
4b929612-2257-5fec-b2d6-99180d8e66a0,15665409-4d5c-58b3-b74c-b6e10393c8ef,product,dbfbb0d5-1eb8-59dd-bad5-834d7a45a348,shortage,true,2024-09-09 14:00:00+00,inventory_history
61000038-20ee-59ff-a4d4-4c620d4d6dde,15665409-4d5c-58b3-b74c-b6e10393c8ef,product,76ce6f91-8d47-5bfd-a8a9-b086d8728beb,shortage,false,,inventory_history
a479b074-f319-5528-8189-4620df4b9c99,15665409-4d5c-58b3-b74c-b6e10393c8ef,product,76ce6f91-8d47-5bfd-a8a9-b086d8728beb,shortage,false,,inventory_history
2213f31a-97e7-550c-8337-ed04e8e6ec4d,15665409-4d5c-58b3-b74c-b6e10393c8ef,product,4ccb08b0-f9e0-5e25-89e3-bea409b0d0cb,shortage,false,,inventory_history
27c1f833-7e16-5425-b540-e2a9a269908d,15665409-4d5c-58b3-b74c-b6e10393c8ef,product,4ccb08b0-f9e0-5e25-89e3-bea409b0d0cb,shortage,false,,inventory_history
50825590-7754-5fbd-8212-561c3c504489,15665409-4d5c-58b3-b74c-b6e10393c8ef,product,4ccb08b0-f9e0-5e25-89e3-bea409b0d0cb,shortage,false,,inventory_history
e925fc7f-2c0e-5ef0-8f10-081444db2149,15665409-4d5c-58b3-b74c-b6e10393c8ef,product,7698a25a-a051-53c9-ae74-597da202ffca,shortage,false,,inventory_history
0850b77b-3503-5c76-97df-259f6dc2c285,15665409-4d5c-58b3-b74c-b6e10393c8ef,product,7698a25a-a051-53c9-ae74-597da202ffca,shortage,false,,inventory_history
a50ddc71-f2d5-50f0-a34b-d177131a85cc,15665409-4d5c-58b3-b74c-b6e10393c8ef,product,721d117c-620d-5f92-b800-3e89864cc8d3,shortage,false,,inventory_history
b72b1d0c-9b6f-5be5-8ba5-6aa419f606e5,15665409-4d5c-58b3-b74c-b6e10393c8ef,product,721d117c-620d-5f92-b800-3e89864cc8d3,shortage,false,,inventory_history
7bbf9644-60d8-59b5-92a6-e5deb3a45ba8,15665409-4d5c-58b3-b74c-b6e10393c8ef,product,721d117c-620d-5f92-b800-3e89864cc8d3,shortage,false,,inventory_history
2c2b60ec-25df-5800-ad90-8e22c9562382,15665409-4d5c-58b3-b74c-b6e10393c8ef,product,571424b7-2fc1-5ceb-8982-7426cc703fff,shortage,false,,inventory_history
6fc2553b-0e0f-59cc-8d5c-10eb702e73e5,15665409-4d5c-58b3-b74c-b6e10393c8ef,product,571424b7-2fc1-5ceb-8982-7426cc703fff,shortage,false,,inventory_history
cb2c81ea-baba-56db-9ff7-6d4f4bc2f633,15665409-4d5c-58b3-b74c-b6e10393c8ef,product,9096801a-a6fd-5ca3-a667-34759b5adb9e,shortage,false,,inventory_history
6aa7fe58-9a83-5f21-a4a8-06ab8deb06dc,15665409-4d5c-58b3-b74c-b6e10393c8ef,product,9096801a-a6fd-5ca3-a667-34759b5adb9e,shortage,false,,inventory_history
8a7e3afa-69d7-5b14-95f7-54e4c8718bbb,15665409-4d5c-58b3-b74c-b6e10393c8ef,product,1b8e1d0e-392d-5e23-854a-832f0d6ac35d,shortage,false,,inventory_history
9315c3dd-fb61-5230-8c85-a671183d98fd,15665409-4d5c-58b3-b74c-b6e10393c8ef,product,1b8e1d0e-392d-5e23-854a-832f0d6ac35d,shortage,false,,inventory_history
bee1ed60-a486-557a-adcd-79286daa1422,15665409-4d5c-58b3-b74c-b6e10393c8ef,product,1b8e1d0e-392d-5e23-854a-832f0d6ac35d,shortage,false,,inventory_history
0b396dc4-7e35-5d6f-9da6-a2442064d875,15665409-4d5c-58b3-b74c-b6e10393c8ef,product,8110e190-2a4b-579b-be2c-511de85ab755,shortage,false,,inventory_history
ba3e26e6-7855-5c51-841d-509cce619caa,15665409-4d5c-58b3-b74c-b6e10393c8ef,product,8110e190-2a4b-579b-be2c-511de85ab755,shortage,false,,inventory_history
e9bc6564-4768-559a-a3db-64bf62f7d424,15665409-4d5c-58b3-b74c-b6e10393c8ef,product,ab9d2edf-ae6c-55be-beec-404b29edda19,shortage,false,,inventory_history
9dfab3c4-eb83-5497-94df-c740de6884cf,15665409-4d5c-58b3-b74c-b6e10393c8ef,product,ab9d2edf-ae6c-55be-beec-404b29edda19,shortage,false,,inventory_history
db141c72-aca1-56ca-b81b-f0b1b185b32e,15665409-4d5c-58b3-b74c-b6e10393c8ef,product,ab9d2edf-ae6c-55be-beec-404b29edda19,shortage,false,,inventory_history
2727b339-664e-5777-9615-5840f23fa03f,15665409-4d5c-58b3-b74c-b6e10393c8ef,product,85ee2954-52d3-5ec2-8fea-0575175559ac,shortage,false,,inventory_history
f5dbad8a-a13b-57c4-8a30-b72a72cbfded,15665409-4d5c-58b3-b74c-b6e10393c8ef,product,85ee2954-52d3-5ec2-8fea-0575175559ac,shortage,false,,inventory_history
27e08d83-fe4c-55a2-b0ae-4ee2daeadcff,15665409-4d5c-58b3-b74c-b6e10393c8ef,product,85ee2954-52d3-5ec2-8fea-0575175559ac,shortage,false,,inventory_history
936b0c9a-3ffe-578e-aa1a-2bc37b103041,15665409-4d5c-58b3-b74c-b6e10393c8ef,product,f40bf37b-20d6-5349-82b6-18cbd1f10e83,shortage,false,,inventory_history
8645f38d-983e-50a2-8865-c6ff55291385,15665409-4d5c-58b3-b74c-b6e10393c8ef,product,f40bf37b-20d6-5349-82b6-18cbd1f10e83,shortage,false,,inventory_history
a3002894-833e-5a20-bd7d-ee5952926e40,15665409-4d5c-58b3-b74c-b6e10393c8ef,product,f40bf37b-20d6-5349-82b6-18cbd1f10e83,shortage,false,,inventory_history
3a3c1343-db45-5a3b-9b4c-15a999b9cae2,15665409-4d5c-58b3-b74c-b6e10393c8ef,product,263e995b-8be3-5198-adb6-aa81c41bf770,shortage,false,,inventory_history
27b6d052-037f-50fa-9caf-2a2226d30425,15665409-4d5c-58b3-b74c-b6e10393c8ef,product,263e995b-8be3-5198-adb6-aa81c41bf770,shortage,false,,inventory_history
d1056330-d363-5a05-b5d2-2afe13017bcf,15665409-4d5c-58b3-b74c-b6e10393c8ef,product,03daeeea-7468-535a-a03a-78f80e9f433f,shortage,false,,inventory_history
14341744-256c-52f2-a859-23c9f1570ba8,15665409-4d5c-58b3-b74c-b6e10393c8ef,product,03daeeea-7468-535a-a03a-78f80e9f433f,shortage,false,,inventory_history
70a1e412-d11d-5ad8-ac48-95e90f69e563,15665409-4d5c-58b3-b74c-b6e10393c8ef,product,72067051-48fc-5737-a00c-93c490bd0b34,shortage,false,,inventory_history
6a13dd3d-870c-5a79-a5e3-b478486e163a,15665409-4d5c-58b3-b74c-b6e10393c8ef,product,72067051-48fc-5737-a00c-93c490bd0b34,shortage,false,,inventory_history
09765e2e-14c3-54ef-8e83-cdcb2d8a3a2f,15665409-4d5c-58b3-b74c-b6e10393c8ef,product,72067051-48fc-5737-a00c-93c490bd0b34,shortage,false,,inventory_history
29c08b6b-d459-51ec-8c22-7a9ef8e9e153,15665409-4d5c-58b3-b74c-b6e10393c8ef,product,73148ed3-fbe9-5571-a16d-34fb5520390e,shortage,false,,inventory_history
8094864d-fe2c-5c2e-85c7-1c7d9422d17f,15665409-4d5c-58b3-b74c-b6e10393c8ef,product,73148ed3-fbe9-5571-a16d-34fb5520390e,shortage,false,,inventory_history
ad9dc77d-7145-5f70-a618-f7b689c30f5f,15665409-4d5c-58b3-b74c-b6e10393c8ef,product,515f77ef-9c32-5e75-81c3-2b3795c000f2,shortage,false,,inventory_history
ef6a7e46-9e9f-58cd-8d23-ed8750be8691,15665409-4d5c-58b3-b74c-b6e10393c8ef,product,515f77ef-9c32-5e75-81c3-2b3795c000f2,shortage,false,,inventory_history
b06afac5-fc6e-57b5-848e-3b144c244b08,15665409-4d5c-58b3-b74c-b6e10393c8ef,product,bcd21179-c89f-5095-808a-e72f06c0841d,shortage,false,,inventory_history
91347956-a4b0-598c-92fb-37c4b24ce9f4,15665409-4d5c-58b3-b74c-b6e10393c8ef,product,bcd21179-c89f-5095-808a-e72f06c0841d,shortage,false,,inventory_history
f8f3a950-6908-5e2e-846f-94398465cf40,15665409-4d5c-58b3-b74c-b6e10393c8ef,product,df03a7e9-20ca-5987-a644-76566671155b,shortage,false,,inventory_history
57ddb3ec-f1be-5d34-9243-574513153825,15665409-4d5c-58b3-b74c-b6e10393c8ef,product,df03a7e9-20ca-5987-a644-76566671155b,shortage,false,,inventory_history
d6d4c2b4-7d4d-510f-a5eb-6091c5c472a2,15665409-4d5c-58b3-b74c-b6e10393c8ef,product,df03a7e9-20ca-5987-a644-76566671155b,shortage,false,,inventory_history
85246e00-4e60-5c42-8775-5e074549225d,15665409-4d5c-58b3-b74c-b6e10393c8ef,product,49690aee-94fa-525b-b5ce-92feaf54b957,shortage,false,,inventory_history
3cc3a1e6-b2c2-5fe4-8897-f1b2f906cd5f,15665409-4d5c-58b3-b74c-b6e10393c8ef,product,49690aee-94fa-525b-b5ce-92feaf54b957,shortage,false,,inventory_history
43312a2f-d01e-5886-b0ab-f294682cf10d,15665409-4d5c-58b3-b74c-b6e10393c8ef,product,ef9ef5f5-f4f4-5cf3-8420-397a6fcbf152,shortage,false,,inventory_history
3926c01b-4df9-5598-89f0-381ddb248410,15665409-4d5c-58b3-b74c-b6e10393c8ef,product,ef9ef5f5-f4f4-5cf3-8420-397a6fcbf152,shortage,false,,inventory_history
b5a3184b-229d-5565-a65b-1d095d9786a6,15665409-4d5c-58b3-b74c-b6e10393c8ef,product,70b50d29-9125-53dc-a829-c961b011e429,shortage,true,2024-09-02 14:00:00+00,inventory_history
9a6941f9-4bf0-593b-a896-48d3bd6f6775,15665409-4d5c-58b3-b74c-b6e10393c8ef,product,70b50d29-9125-53dc-a829-c961b011e429,shortage,false,,inventory_history
19cd7899-396f-5e04-b928-7de2138b2dcd,15665409-4d5c-58b3-b74c-b6e10393c8ef,product,70b50d29-9125-53dc-a829-c961b011e429,shortage,false,,inventory_history
36d18465-1bed-5f49-a11a-14ad00f8b3a8,15665409-4d5c-58b3-b74c-b6e10393c8ef,product,cf40a232-f9b9-5adf-afb6-0a981f2ffcf7,shortage,false,,inventory_history
291cea19-081a-5a5f-858b-8204a7621c97,15665409-4d5c-58b3-b74c-b6e10393c8ef,product,cf40a232-f9b9-5adf-afb6-0a981f2ffcf7,shortage,false,,inventory_history
56f916f1-0fa8-50f4-8f1d-c5ba84a07b58,15665409-4d5c-58b3-b74c-b6e10393c8ef,product,cf40a232-f9b9-5adf-afb6-0a981f2ffcf7,shortage,false,,inventory_history
2b451587-2178-5879-8161-ad6cceb02632,15665409-4d5c-58b3-b74c-b6e10393c8ef,product,047edcf5-114c-5342-b495-232fc4aaf6fe,shortage,false,,inventory_history
1f26779d-abe5-5842-9c63-3223fc428e2a,15665409-4d5c-58b3-b74c-b6e10393c8ef,product,047edcf5-114c-5342-b495-232fc4aaf6fe,shortage,false,,inventory_history
721c1906-f521-5e73-8243-ec90ab600e4b,15665409-4d5c-58b3-b74c-b6e10393c8ef,product,047edcf5-114c-5342-b495-232fc4aaf6fe,shortage,false,,inventory_history
beb4efbb-92f1-5229-9ee6-858b4b901e3e,15665409-4d5c-58b3-b74c-b6e10393c8ef,product,093be7d5-f016-5f2c-b71d-4dce4b0e9514,shortage,true,2024-09-02 14:00:00+00,inventory_history
0ef6075b-e0e1-5d4a-b3f7-0c0cc1e91464,15665409-4d5c-58b3-b74c-b6e10393c8ef,product,093be7d5-f016-5f2c-b71d-4dce4b0e9514,shortage,false,,inventory_history
dd342c41-7a30-5a9c-8d21-0c703b78f820,15665409-4d5c-58b3-b74c-b6e10393c8ef,product,093be7d5-f016-5f2c-b71d-4dce4b0e9514,shortage,false,,inventory_history
7ffc921b-3659-5fcf-8f70-4eb7d939fb4f,15665409-4d5c-58b3-b74c-b6e10393c8ef,product,cf629a09-093e-5b99-8bf4-da2438fa51c4,shortage,false,,inventory_history
b6df8803-38fc-56e9-8281-9b98659c7a5e,15665409-4d5c-58b3-b74c-b6e10393c8ef,product,cf629a09-093e-5b99-8bf4-da2438fa51c4,shortage,false,,inventory_history
3aa0a7f4-8bcd-566f-9764-f11e948798f9,15665409-4d5c-58b3-b74c-b6e10393c8ef,product,5bfb3415-c6ae-5fa3-a84b-8a98a543ab9a,shortage,false,,inventory_history
bb2cefb0-ca46-52c1-9495-2a77d5d6ea9a,15665409-4d5c-58b3-b74c-b6e10393c8ef,product,5bfb3415-c6ae-5fa3-a84b-8a98a543ab9a,shortage,false,,inventory_history
bf358151-da81-5f50-91c7-98d57fd9b9fa,15665409-4d5c-58b3-b74c-b6e10393c8ef,product,c388846e-4e3c-5d57-b61f-ed13c7edc4da,shortage,false,,inventory_history
323eac24-d387-5aa0-9a91-d5ab518915c5,15665409-4d5c-58b3-b74c-b6e10393c8ef,product,c388846e-4e3c-5d57-b61f-ed13c7edc4da,shortage,false,,inventory_history
950e321a-b01e-511d-9740-5e89d67a9564,15665409-4d5c-58b3-b74c-b6e10393c8ef,product,6feb3ffe-e89f-55ab-81d5-d9b136a73c27,shortage,false,,inventory_history
23a974af-f8d5-507b-b750-6219c1f5be60,15665409-4d5c-58b3-b74c-b6e10393c8ef,product,6feb3ffe-e89f-55ab-81d5-d9b136a73c27,shortage,false,,inventory_history
ed568ee9-1c17-53ac-b81e-b6e1a77b7a24,15665409-4d5c-58b3-b74c-b6e10393c8ef,product,e7c66ad7-b5d3-5271-9438-d4741c6f9cbc,shortage,false,,inventory_history
186af27b-6bb5-5daf-8da5-5ddc54af1167,15665409-4d5c-58b3-b74c-b6e10393c8ef,product,e7c66ad7-b5d3-5271-9438-d4741c6f9cbc,shortage,false,,inventory_history
686128db-b432-5eb5-9203-3962634da642,15665409-4d5c-58b3-b74c-b6e10393c8ef,product,e7c66ad7-b5d3-5271-9438-d4741c6f9cbc,shortage,false,,inventory_history
31421637-5deb-5472-9f83-fb168cc8b5f9,15665409-4d5c-58b3-b74c-b6e10393c8ef,product,5e41eef3-c306-5dd1-ab8c-d305ebc7c2d5,shortage,false,,inventory_history
7e03bf84-c2cd-529c-8f38-f6dd54da3258,15665409-4d5c-58b3-b74c-b6e10393c8ef,product,5e41eef3-c306-5dd1-ab8c-d305ebc7c2d5,shortage,false,,inventory_history
43fa6a91-ae1c-5cd1-87e5-a15e79c14df6,15665409-4d5c-58b3-b74c-b6e10393c8ef,product,4bb3265f-5fd8-5ee9-b01b-7ca5808bca6b,shortage,false,,inventory_history
1e2a713f-ead7-58a5-a628-5eb062cf4162,15665409-4d5c-58b3-b74c-b6e10393c8ef,product,4bb3265f-5fd8-5ee9-b01b-7ca5808bca6b,shortage,false,,inventory_history
550f7cb5-5ea3-5e35-aa7b-ac15143e224d,15665409-4d5c-58b3-b74c-b6e10393c8ef,product,ae16db22-a7d1-5cd3-8409-669d957eb80d,shortage,false,,inventory_history
a05ced86-bdbf-58aa-9473-8190a839406d,15665409-4d5c-58b3-b74c-b6e10393c8ef,product,ae16db22-a7d1-5cd3-8409-669d957eb80d,shortage,false,,inventory_history
bfbefc57-a55e-5f51-b8af-586ab1ee45ce,15665409-4d5c-58b3-b74c-b6e10393c8ef,product,950c0334-92d4-54ec-b05b-35e20983883c,shortage,false,,inventory_history
781e5640-d478-5f44-88ee-a8f3788811de,15665409-4d5c-58b3-b74c-b6e10393c8ef,product,950c0334-92d4-54ec-b05b-35e20983883c,shortage,false,,inventory_history
a4965e58-3617-5783-9f7b-a0bc760951d0,15665409-4d5c-58b3-b74c-b6e10393c8ef,product,950c0334-92d4-54ec-b05b-35e20983883c,shortage,false,,inventory_history
58cd64f1-9346-5a79-bbd5-6d069daef579,15665409-4d5c-58b3-b74c-b6e10393c8ef,product,59115f56-acf8-50f7-9dfd-c99816aa2172,shortage,false,,inventory_history
c1ca4c48-74bb-5299-b161-1296d9ae3a56,15665409-4d5c-58b3-b74c-b6e10393c8ef,product,59115f56-acf8-50f7-9dfd-c99816aa2172,shortage,false,,inventory_history
aedc315e-41bd-59c4-a594-8c90d42126af,15665409-4d5c-58b3-b74c-b6e10393c8ef,product,605027f9-8c6a-5d9a-80f7-9d3d42930f12,shortage,false,,inventory_history
13063f82-6d35-5de5-9368-3ae4a4a9d56b,15665409-4d5c-58b3-b74c-b6e10393c8ef,product,605027f9-8c6a-5d9a-80f7-9d3d42930f12,shortage,false,,inventory_history
0d06abc9-22e3-5f2e-8596-7cbabc083327,15665409-4d5c-58b3-b74c-b6e10393c8ef,product,605027f9-8c6a-5d9a-80f7-9d3d42930f12,shortage,false,,inventory_history
8437b042-c503-5538-bc9d-6801432d1240,15665409-4d5c-58b3-b74c-b6e10393c8ef,product,a68ed02d-80a0-5ebb-a79e-1ef7c4187de5,shortage,false,,inventory_history
1b9ff5a7-6e22-5284-b251-1766cfb55acc,15665409-4d5c-58b3-b74c-b6e10393c8ef,product,a68ed02d-80a0-5ebb-a79e-1ef7c4187de5,shortage,false,,inventory_history
a875c67f-e9af-5739-a0b0-0b94ce40f0d7,15665409-4d5c-58b3-b74c-b6e10393c8ef,product,a32d3b40-78a1-5f18-8b90-4dd8cd4ea27b,shortage,false,,inventory_history
b5b209c4-eb3f-5f4b-91b4-36a1605c6cf6,15665409-4d5c-58b3-b74c-b6e10393c8ef,product,a32d3b40-78a1-5f18-8b90-4dd8cd4ea27b,shortage,false,,inventory_history
9a64cc97-ae0e-5bbc-b6bd-11630a3086f6,15665409-4d5c-58b3-b74c-b6e10393c8ef,product,eb65b5fa-c2cb-589b-9049-2b6c7bf4d22d,shortage,false,,inventory_history
beb932ef-3043-5532-958b-8f1142bd5ddf,15665409-4d5c-58b3-b74c-b6e10393c8ef,product,eb65b5fa-c2cb-589b-9049-2b6c7bf4d22d,shortage,false,,inventory_history
03a74443-df00-53ae-9d71-887373043947,15665409-4d5c-58b3-b74c-b6e10393c8ef,product,474da520-6891-5d9b-ad56-dbc5e963bb3f,shortage,false,,inventory_history
860761e8-8b63-5f22-b0ee-78c7ad71d4c0,15665409-4d5c-58b3-b74c-b6e10393c8ef,product,474da520-6891-5d9b-ad56-dbc5e963bb3f,shortage,true,2024-09-02 14:00:00+00,inventory_history
42f34908-08fe-500b-a417-25815086512d,15665409-4d5c-58b3-b74c-b6e10393c8ef,product,474da520-6891-5d9b-ad56-dbc5e963bb3f,shortage,true,2024-09-02 14:00:00+00,inventory_history
62a0f13c-22e0-50a4-b583-f22f94d8c57e,15665409-4d5c-58b3-b74c-b6e10393c8ef,product,2c21421b-d3c2-55c3-8144-0c1f6b3e4f6a,shortage,false,,inventory_history
623bcebb-bf02-5172-80fe-c6c92b9034af,15665409-4d5c-58b3-b74c-b6e10393c8ef,product,2c21421b-d3c2-55c3-8144-0c1f6b3e4f6a,shortage,false,,inventory_history
136a5b1d-267e-5033-a378-050f71a84ee2,15665409-4d5c-58b3-b74c-b6e10393c8ef,supplier,afa15ef0-34ab-58ff-ad47-8060502e5f84,impact,true,,shipment_status_history
2932e426-45d2-574d-8b3a-bcb572380a62,15665409-4d5c-58b3-b74c-b6e10393c8ef,supplier,b3288dd6-e3cd-5ec3-a951-39986285505b,impact,false,,shipment_status_history
0d6f2df7-4f0a-55cb-9fa5-6f5a9ae7c1f1,15665409-4d5c-58b3-b74c-b6e10393c8ef,supplier,bed19e03-5ade-5692-8a4e-81fb3e8f965d,impact,false,,shipment_status_history
2965235f-db7c-571d-b0b9-e9778092bf74,15665409-4d5c-58b3-b74c-b6e10393c8ef,supplier,3dffa708-7186-5ce1-9e9c-96972e56f8bf,impact,false,,shipment_status_history
3f332b35-fde7-5ec6-b070-c2fee4999a87,15665409-4d5c-58b3-b74c-b6e10393c8ef,supplier,d6589668-bf03-550c-93d5-57ece0241efc,impact,false,,shipment_status_history
c415e4e3-1a06-5cf9-a85a-6faf332c6734,15665409-4d5c-58b3-b74c-b6e10393c8ef,supplier,9981b718-1ab2-586a-ac86-82ab2f6f445c,impact,false,,shipment_status_history
4eabdcc1-3778-5e52-ba41-17b61284f264,15665409-4d5c-58b3-b74c-b6e10393c8ef,supplier,9df2da2e-507c-507e-b146-3af5cb0eb852,impact,false,,shipment_status_history
392c5f53-c9c7-564e-861d-50cc5e06d8c0,15665409-4d5c-58b3-b74c-b6e10393c8ef,supplier,224ca423-2c12-5113-bbd1-50eab06cf470,impact,false,,shipment_status_history
2171c5c9-2f69-546f-af19-bfac07f13007,15665409-4d5c-58b3-b74c-b6e10393c8ef,supplier,960f8f6e-5384-5c35-bfda-77ba61e7822e,impact,false,,shipment_status_history
18db2373-d55d-56c2-87f7-2653d93960a5,15665409-4d5c-58b3-b74c-b6e10393c8ef,supplier,8c61a3ad-eb5d-59bc-9d10-16ddbfa7f8b0,impact,false,,shipment_status_history
edb990e6-6b17-575d-b190-50518c9e1ecb,15665409-4d5c-58b3-b74c-b6e10393c8ef,supplier,ea344b5b-a6fa-5c52-a82d-6aca1e325dfd,impact,false,,shipment_status_history
37ce5e3b-13b7-54df-9a6c-f5859832baed,15665409-4d5c-58b3-b74c-b6e10393c8ef,supplier,a204cedc-9bbc-5113-b524-27b81d9b9e2d,impact,false,,shipment_status_history
d2ad8452-35cf-5936-af14-d231360ca1dd,15665409-4d5c-58b3-b74c-b6e10393c8ef,supplier,c809308b-6bd0-5e7f-8fed-63aa0be429db,impact,false,,shipment_status_history
1bbd5bbe-05ea-513d-86b3-4516c0bcd6e3,15665409-4d5c-58b3-b74c-b6e10393c8ef,supplier,b518e4a1-8b14-5e0f-a7c6-0b6631fe0a5a,impact,false,,shipment_status_history
204b5d1a-d377-51cd-be4f-78301dda5321,15665409-4d5c-58b3-b74c-b6e10393c8ef,supplier,43b32e98-5a29-5473-b8a5-4357668f5f74,impact,false,,shipment_status_history
70592826-37d3-544b-807d-052cb8d36619,15665409-4d5c-58b3-b74c-b6e10393c8ef,supplier,8f1f2a54-a01e-54a1-9234-72cb24fac6ff,impact,false,,shipment_status_history
35f4075f-4aad-54a8-8622-d6c0551a7316,15665409-4d5c-58b3-b74c-b6e10393c8ef,supplier,48e2fe7c-35ad-5935-824d-697bfa8226f3,impact,false,,shipment_status_history
ac532e6d-8805-5e9f-be9a-911245d0d9eb,15665409-4d5c-58b3-b74c-b6e10393c8ef,supplier,f94dbc7c-8aca-554e-ad3f-4e1fa92c88e7,impact,false,,shipment_status_history
ba0c39d5-9627-5b2a-8fe1-5b90965e707a,15665409-4d5c-58b3-b74c-b6e10393c8ef,supplier,f478ae52-7c2a-5617-95bb-5f296860910f,impact,false,,shipment_status_history
ed84182c-be55-50a9-9f85-9c70b72af1a8,15665409-4d5c-58b3-b74c-b6e10393c8ef,supplier,80102db8-d5d3-5b2c-9e54-5b4fbebca6eb,impact,false,,shipment_status_history
627228bb-99c0-5a63-b437-4ce6b9d2ea58,15665409-4d5c-58b3-b74c-b6e10393c8ef,supplier,c27afee2-997d-5290-a74e-2530422664f5,impact,false,,shipment_status_history
c7c68851-6f84-5291-a323-5d754701bac2,15665409-4d5c-58b3-b74c-b6e10393c8ef,supplier,7126e422-addd-5f29-b3f2-b752caf2e66c,impact,false,,shipment_status_history
a2538928-a6cc-5c6a-bef7-85772547060e,15665409-4d5c-58b3-b74c-b6e10393c8ef,supplier,7910ac44-1e40-56bb-9ab8-d9ba56ac335c,impact,false,,shipment_status_history
a13e2340-4a13-5fb6-9f30-b41e0406e44d,15665409-4d5c-58b3-b74c-b6e10393c8ef,supplier,b9aec7bd-f7f9-55cb-b673-5177ddff5e0d,impact,false,,shipment_status_history
727a1793-e682-5893-bbaa-0f09c2388986,15665409-4d5c-58b3-b74c-b6e10393c8ef,supplier,b0a44c22-e899-52ff-98a1-85dc4e254380,impact,false,,shipment_status_history
cff6e9db-bd80-5398-8c52-0fa58d1598f5,15665409-4d5c-58b3-b74c-b6e10393c8ef,supplier,eee4f3d5-a93a-5cf2-85cd-907416aee337,impact,false,,shipment_status_history
e84a8806-ce30-5348-8b4d-a8a7cb62de8c,15665409-4d5c-58b3-b74c-b6e10393c8ef,supplier,ce3f1829-b358-52a7-bd0e-9eb3d2d95666,impact,false,,shipment_status_history
566cd81f-b4a6-58f1-9745-2776a3734732,15665409-4d5c-58b3-b74c-b6e10393c8ef,supplier,1cf67535-10cf-5364-a9c7-5b0562d7a6d6,impact,false,,shipment_status_history
611c4838-0957-5dcd-88eb-872403caa108,15665409-4d5c-58b3-b74c-b6e10393c8ef,supplier,b1482d47-285e-53ab-995d-cc9a8165b52c,impact,false,,shipment_status_history
c6b0100c-43bd-5fa6-84ef-1fc796a1c033,15665409-4d5c-58b3-b74c-b6e10393c8ef,supplier,d48fc4d1-ee5a-5d55-92e3-efa651af5e0b,impact,false,,shipment_status_history
b341c71d-1e43-5ba6-bbfb-f1cb0aaf1923,15665409-4d5c-58b3-b74c-b6e10393c8ef,supplier,7cff550d-7458-54fe-906b-849912e2bac5,impact,false,,shipment_status_history
bb4b02df-14eb-570e-aa0d-d75564d24e79,15665409-4d5c-58b3-b74c-b6e10393c8ef,supplier,3a67adbf-5513-5a16-82f1-1ee2075f84a5,impact,false,,shipment_status_history
3fc1c8a3-8546-57a7-b30b-919b518cc4b9,15665409-4d5c-58b3-b74c-b6e10393c8ef,supplier,1439fed7-3f86-5a06-ae10-6169b01a836b,impact,true,,shipment_status_history
0f79978b-d019-5957-887c-0ab7478de2b6,15665409-4d5c-58b3-b74c-b6e10393c8ef,supplier,6bfe9d03-1d68-5349-a2e7-d2c71322d817,impact,false,,shipment_status_history
9bdb017c-55da-5627-85f3-c1224550da37,15665409-4d5c-58b3-b74c-b6e10393c8ef,supplier,bda40a80-19c9-5fe0-b729-308b0f59ad25,impact,false,,shipment_status_history
bbd11f19-ed4f-5d0b-b545-e0e81f96fdab,15665409-4d5c-58b3-b74c-b6e10393c8ef,supplier,4140807d-c496-53ae-8f87-15c93cde916b,impact,false,,shipment_status_history
904d97bc-e457-566c-8e3f-488a362b2078,15665409-4d5c-58b3-b74c-b6e10393c8ef,supplier,6e1d922d-415a-53d0-97d8-f4767299c10e,impact,false,,shipment_status_history
4bbf71af-f0d7-5e78-9afc-5bb35cea6657,15665409-4d5c-58b3-b74c-b6e10393c8ef,supplier,f0aa8198-c2d3-59dc-b748-7bbb43f72614,impact,false,,shipment_status_history
8c370d5f-585d-5eca-b44b-f8e25615d982,15665409-4d5c-58b3-b74c-b6e10393c8ef,supplier,9ecc4544-0aaa-5d4b-a20b-19b8dce2c71c,impact,false,,shipment_status_history
bccd1042-e666-55f9-8d38-c02d049cc2f6,15665409-4d5c-58b3-b74c-b6e10393c8ef,supplier,d56202a0-5ac9-5000-bdef-df809a781522,impact,false,,shipment_status_history
9c57fed2-d1a9-511c-ba4a-1b54a97bb0fb,15665409-4d5c-58b3-b74c-b6e10393c8ef,supplier,43b5c255-48c1-5b61-ab8b-8bc95266bb1f,impact,false,,shipment_status_history
13476221-4b37-52b3-a85f-2179e08640c6,15665409-4d5c-58b3-b74c-b6e10393c8ef,supplier,feeb172c-57c6-5067-97db-54ddf632027a,impact,false,,shipment_status_history
f99d536e-757d-52fb-a458-b0643393ea51,15665409-4d5c-58b3-b74c-b6e10393c8ef,supplier,15a4b7b5-0940-5f38-887a-51e62e07c4cf,impact,false,,shipment_status_history
c0e542da-8595-5060-9eea-31b25320a317,15665409-4d5c-58b3-b74c-b6e10393c8ef,supplier,ea95a540-f662-5975-8a79-88352e65c9c4,impact,false,,shipment_status_history
dd8e6af2-215d-529f-877f-73c630194883,15665409-4d5c-58b3-b74c-b6e10393c8ef,supplier,09b007da-c3cd-5c90-912c-64f13e0cb7eb,impact,false,,shipment_status_history
f52204d7-71ca-51fc-ac14-a2f876f018cf,15665409-4d5c-58b3-b74c-b6e10393c8ef,supplier,035f03a2-0aa4-54ab-b965-ffe92a15c554,impact,false,,shipment_status_history
82a6874e-9083-5640-97c2-3e584d8433ce,15665409-4d5c-58b3-b74c-b6e10393c8ef,supplier,a080f3ab-6ea0-59f4-b082-807399acde92,impact,false,,shipment_status_history
496c2d89-82f8-5657-a6c4-52229f5cb39b,15665409-4d5c-58b3-b74c-b6e10393c8ef,supplier,962efb96-78cf-56c2-9668-d0081024f66b,impact,false,,shipment_status_history
7d55d809-16ac-5ea2-8c6a-27e4ce5b3e11,15665409-4d5c-58b3-b74c-b6e10393c8ef,supplier,d21da0bc-d1b2-5971-a037-be72ab2d0b0f,impact,false,,shipment_status_history
66ab9336-a39d-5882-8a78-56258c73d3c1,15665409-4d5c-58b3-b74c-b6e10393c8ef,supplier,6e4b4b02-c6c9-56a6-899b-544e87e288d9,impact,false,,shipment_status_history
bb759dca-cd5c-5f3b-81b8-75b1a55d00cc,0554616f-7c0f-505b-9935-e48b4f3d5f79,shipment,8c1f72bc-3a4a-5a53-ab9b-3bc263469590,delay,false,,shipment_status_history
8b1f19d5-0117-5a71-af36-f0a1f22c3ec5,0554616f-7c0f-505b-9935-e48b4f3d5f79,shipment,6d6f45f5-761d-595e-841c-707441127b9a,delay,false,,shipment_status_history
9174953b-ab18-58ff-9f2f-afe5fc1bc116,0554616f-7c0f-505b-9935-e48b4f3d5f79,shipment,3ca3817b-8c2c-5d44-a806-d11f1a1931c7,delay,true,2024-10-04 22:15:47+00,shipment_status_history
ef4a409d-37fc-52c0-a50a-b0c6417e70e7,0554616f-7c0f-505b-9935-e48b4f3d5f79,shipment,5ffdb81e-9ff5-54d1-ab15-c67bf18da798,delay,false,,shipment_status_history
e7f9a66b-d9bd-57bc-b68c-644ed346e0ad,0554616f-7c0f-505b-9935-e48b4f3d5f79,shipment,7176cc0c-4d3a-54f6-bfb3-8b328f416692,delay,false,,shipment_status_history
f8c1fa44-3f71-52fc-a28d-e19a7b472dc3,0554616f-7c0f-505b-9935-e48b4f3d5f79,shipment,404da333-7af7-5ca5-9880-bd1c48da5d6b,delay,false,,shipment_status_history
656fb269-0947-5a83-8347-c420675b7fff,0554616f-7c0f-505b-9935-e48b4f3d5f79,shipment,646eed59-582d-5fd9-a941-994216feef5e,delay,false,,shipment_status_history
db7be0d8-ca02-5751-90ba-e274f1e06db7,0554616f-7c0f-505b-9935-e48b4f3d5f79,shipment,ea6be57a-84be-513e-af57-b703b27446b1,delay,false,,shipment_status_history
12c1cb71-ec31-5eba-b31e-8bfd4839f265,0554616f-7c0f-505b-9935-e48b4f3d5f79,shipment,9e4948d5-4f67-59b5-8eed-804b92112733,delay,false,,shipment_status_history
6bbeb88c-60f5-55e9-9326-5a8607d6ba22,0554616f-7c0f-505b-9935-e48b4f3d5f79,shipment,a03dc675-f392-512a-b9d6-047f05de7836,delay,true,2024-10-03 09:36:18+00,shipment_status_history
75f0a81d-9d20-5f3b-b0db-602d835ed4a5,0554616f-7c0f-505b-9935-e48b4f3d5f79,shipment,99434451-49fc-538a-81fc-e836b5744077,delay,false,,shipment_status_history
1f4907be-683b-5f56-a4f4-4d965b228eb2,0554616f-7c0f-505b-9935-e48b4f3d5f79,shipment,c6c3066b-bf90-577c-94ff-763aade87048,delay,false,,shipment_status_history
71d38a30-7628-5843-b16d-2b9207529cae,0554616f-7c0f-505b-9935-e48b4f3d5f79,shipment,b606b6d8-9f33-5d5e-8f07-1c2fce50683d,delay,false,,shipment_status_history
6cefbd9e-cdaa-5a88-a28d-0111ee0158e3,0554616f-7c0f-505b-9935-e48b4f3d5f79,shipment,546a2aa6-b8b7-5da6-a47c-3fb091e60c44,delay,true,2024-10-08 02:51:37+00,shipment_status_history
503901e8-987e-5d6f-8d01-7edeca08f21f,0554616f-7c0f-505b-9935-e48b4f3d5f79,shipment,aed3c621-9da9-5f09-b29f-75b546b45991,delay,false,,shipment_status_history
ea9ac1d6-4587-52b3-ac7a-7d5bab7158c1,0554616f-7c0f-505b-9935-e48b4f3d5f79,shipment,2447c18e-d3a1-5876-8126-c45b40ab16b7,delay,false,,shipment_status_history
e3f58f9a-ff4e-5874-9595-998847b29ec6,0554616f-7c0f-505b-9935-e48b4f3d5f79,shipment,efe35a26-3fa3-59ff-99c3-46d39587527d,delay,false,,shipment_status_history
517f1c27-c8bf-578c-9170-960f8e50656b,0554616f-7c0f-505b-9935-e48b4f3d5f79,shipment,c33709ca-7782-54ff-b970-cedb64a8ab87,delay,true,2024-10-10 08:36:32+00,shipment_status_history
6b2bcfbf-060a-5044-b196-e6b616bc6347,0554616f-7c0f-505b-9935-e48b4f3d5f79,shipment,79dc6690-20f8-5694-8207-6b43a5e3885b,delay,true,2024-10-03 20:52:03+00,shipment_status_history
4c5feee0-0b00-5d42-a385-165fc65c13c5,0554616f-7c0f-505b-9935-e48b4f3d5f79,shipment,f4adb23a-b27c-5b12-9112-6089f82f855f,delay,false,,shipment_status_history
cf4b1828-2096-5bb7-9cbd-f28439909812,0554616f-7c0f-505b-9935-e48b4f3d5f79,shipment,9318da7f-e89a-59f6-91f2-9480ada56ccc,delay,false,,shipment_status_history
3e8e0318-36d6-5c28-96a6-d2c615695c43,0554616f-7c0f-505b-9935-e48b4f3d5f79,shipment,b2875083-556e-5cd9-9325-43a3a0d0ae86,delay,false,,shipment_status_history
5afa7219-0667-565c-b0f3-e76b1f1ac612,0554616f-7c0f-505b-9935-e48b4f3d5f79,shipment,8b8eefd0-7a66-5579-b6d2-77105f541714,delay,false,,shipment_status_history
83aadbfd-7fde-531b-8aaa-2328bb7f5288,0554616f-7c0f-505b-9935-e48b4f3d5f79,shipment,757986d1-f90c-5b35-8901-7aae3de99729,delay,false,,shipment_status_history
b79d6749-a3ba-5b6b-8707-d8ef0cf6019e,0554616f-7c0f-505b-9935-e48b4f3d5f79,shipment,67e623d6-0d62-5a58-a07c-5befd3f4980e,delay,false,,shipment_status_history
3a6f1686-aafb-5452-86d3-7de02f4202ba,0554616f-7c0f-505b-9935-e48b4f3d5f79,shipment,a0e0aee1-eafb-58ac-98ae-0f78e1ee8302,delay,false,,shipment_status_history
48040eff-b8ab-5084-b97d-8e9621a02b9b,0554616f-7c0f-505b-9935-e48b4f3d5f79,shipment,e47bc8a1-558a-5296-8408-c3f7bc944010,delay,false,,shipment_status_history
8d711000-b4a6-51af-a972-dec366566338,0554616f-7c0f-505b-9935-e48b4f3d5f79,shipment,b2d2e00e-4721-530d-bcfc-9332dd8e1be6,delay,false,,shipment_status_history
d01ef10c-6e6d-5433-be8b-906e20689100,0554616f-7c0f-505b-9935-e48b4f3d5f79,shipment,2e722e2d-d5d0-5003-96bb-b0412b7da7ec,delay,false,,shipment_status_history
94bbb6d6-eac3-5cba-9a81-9261f06d847d,0554616f-7c0f-505b-9935-e48b4f3d5f79,shipment,ce18d44a-6e1e-5e3a-8ae1-d6f61300a2fa,delay,false,,shipment_status_history
be1c526c-7d9c-533c-acca-2b9f67608a5e,0554616f-7c0f-505b-9935-e48b4f3d5f79,shipment,190f2af5-5188-53f9-b706-0495fd493601,delay,false,,shipment_status_history
c6e05520-aaf9-5fdb-93b1-587e54e46395,0554616f-7c0f-505b-9935-e48b4f3d5f79,shipment,b6782073-b133-5825-8e30-ab85b5b73869,delay,false,,shipment_status_history
74b1f229-56ce-50b5-bc10-5c2ec3809d34,0554616f-7c0f-505b-9935-e48b4f3d5f79,shipment,f7a47b00-f978-50e4-a0af-44a9c59a11b9,delay,false,,shipment_status_history
1042a416-fd7d-5516-9ba4-c8e914cbfab3,0554616f-7c0f-505b-9935-e48b4f3d5f79,shipment,d52e3443-94fb-52c1-b636-58a2855bc112,delay,false,,shipment_status_history
7897f188-a565-5117-8031-aace93bad429,0554616f-7c0f-505b-9935-e48b4f3d5f79,shipment,c70041b4-7a03-5f64-8441-d1be7b58fe96,delay,true,2024-10-07 17:35:10+00,shipment_status_history
d23e0c9c-93db-5cbb-8b2d-71ecd88db14d,0554616f-7c0f-505b-9935-e48b4f3d5f79,shipment,2593e3a6-d27e-5c1b-a86a-e0ac672b8cb1,delay,false,,shipment_status_history
e43e467a-c07f-5f20-995b-80e493bc9e40,0554616f-7c0f-505b-9935-e48b4f3d5f79,shipment,0da847ee-c168-5ba5-a410-147731e0d76d,delay,true,2024-10-13 21:43:15+00,shipment_status_history
1474de6b-88b2-5bab-b7e9-99600d48c698,0554616f-7c0f-505b-9935-e48b4f3d5f79,shipment,5dd07ff3-b469-5761-800a-5f6b625348fa,delay,false,,shipment_status_history
a389ab9a-46c9-5f81-a620-b28b4f3dc9f9,0554616f-7c0f-505b-9935-e48b4f3d5f79,shipment,d4e06d1e-8251-5338-a043-d9dee2d9cacb,delay,false,,shipment_status_history
d0f26922-1dc0-5855-8581-592765ce679c,0554616f-7c0f-505b-9935-e48b4f3d5f79,shipment,2ea6665f-fcd8-5f37-a765-a70d196d3dc6,delay,false,,shipment_status_history
81a25df7-485e-51a7-93de-fdfb953803c0,0554616f-7c0f-505b-9935-e48b4f3d5f79,shipment,30acf5a6-cee5-58f2-8ca4-cdce6142e030,delay,false,,shipment_status_history
c72c27f1-842e-56ea-87f5-3d8eda98392f,0554616f-7c0f-505b-9935-e48b4f3d5f79,shipment,f6ea8444-c588-5f4c-b176-2c01723665b6,delay,false,,shipment_status_history
90174861-aed1-50e9-9c37-f6cc1df49ecf,0554616f-7c0f-505b-9935-e48b4f3d5f79,shipment,b631263f-6d80-5398-bdf4-3fc0a8fa3f3c,delay,false,,shipment_status_history
cf821f58-7432-5bd4-b5ac-4dff30c7f030,0554616f-7c0f-505b-9935-e48b4f3d5f79,shipment,fa27128a-c02a-52ee-a60f-eec9d2017c19,delay,false,,shipment_status_history
772639e9-b48a-578e-a4c2-41b79bbf901d,0554616f-7c0f-505b-9935-e48b4f3d5f79,shipment,9fa47101-c4c0-55c7-b86c-3aaf211a675b,delay,false,,shipment_status_history
a6833e7d-bb07-5ea1-bc16-1f4cf94bad43,0554616f-7c0f-505b-9935-e48b4f3d5f79,shipment,1bc6a3d3-3e2e-5b28-afa5-7f0c12cf0374,delay,false,,shipment_status_history
648a2689-1c29-5b07-87db-63e2cbdec1c5,0554616f-7c0f-505b-9935-e48b4f3d5f79,shipment,f5c9ffc9-0930-5e39-9332-e37f8f5a3cfc,delay,false,,shipment_status_history
eb183f40-1eb7-5823-b610-c0faa99bbe62,0554616f-7c0f-505b-9935-e48b4f3d5f79,shipment,489dc309-1fce-5c3c-919b-c3f30bf70195,delay,false,,shipment_status_history
3a7d8695-352d-5356-98d4-27c4ffb11b97,0554616f-7c0f-505b-9935-e48b4f3d5f79,shipment,e7e12583-28b9-51b1-ad64-4ab3ad16ff32,delay,false,,shipment_status_history
594d1d6f-878b-546e-a886-889e1da9ddeb,0554616f-7c0f-505b-9935-e48b4f3d5f79,shipment,cb5312f1-559a-5287-b2b9-82dc7f43b768,delay,false,,shipment_status_history
39d77d0f-eba6-58c1-81ca-47c943155334,0554616f-7c0f-505b-9935-e48b4f3d5f79,shipment,d3f2d676-c3c2-54a7-93de-23f87c7b48d4,delay,false,,shipment_status_history
3c046707-2b3f-5277-a7e8-b7ec9f87cde9,0554616f-7c0f-505b-9935-e48b4f3d5f79,shipment,d49cdd57-47d1-5977-a35b-c352886678c8,delay,false,,shipment_status_history
20547b2f-85cb-5f6c-bb1f-0fea1565ef5b,0554616f-7c0f-505b-9935-e48b4f3d5f79,shipment,1dfb36f9-3df9-5fcd-8b54-f8552caa5d43,delay,false,,shipment_status_history
14fbe7a6-a33e-5268-80ae-23e094e3abd9,0554616f-7c0f-505b-9935-e48b4f3d5f79,shipment,1caa97f2-221b-5666-a1cb-5a70a7479ebc,delay,false,,shipment_status_history
d9108260-672d-5528-8077-42c4e422ad17,0554616f-7c0f-505b-9935-e48b4f3d5f79,shipment,88f9fe84-133b-5976-8bf9-667212df8372,delay,false,,shipment_status_history
33a59d3f-29ed-5b9d-90e6-c95daffb7113,0554616f-7c0f-505b-9935-e48b4f3d5f79,shipment,b6b9f3ab-092e-55a5-8b88-9b8967b17d08,delay,false,,shipment_status_history
e70dc2c9-5e50-52b6-b334-fb4e369c3b85,0554616f-7c0f-505b-9935-e48b4f3d5f79,shipment,fed2cadf-73b8-5744-8c98-85f24bc50422,delay,false,,shipment_status_history
ab51796d-2955-565e-b246-e6a4ea6d155d,0554616f-7c0f-505b-9935-e48b4f3d5f79,shipment,1b946a41-8a74-574b-845d-f1ab8d495de6,delay,false,,shipment_status_history
b870a0c0-882b-5772-ab76-856b27515080,0554616f-7c0f-505b-9935-e48b4f3d5f79,shipment,7a57c95b-a875-5bdb-b6e3-80446960d860,delay,false,,shipment_status_history
02c8a3f4-ac77-5de8-83dc-5962a0828295,0554616f-7c0f-505b-9935-e48b4f3d5f79,shipment,0c05368a-309f-54fb-b23d-277b78e3bd78,delay,false,,shipment_status_history
33b478f0-60f8-59b9-a4b6-ae21e782f1c3,0554616f-7c0f-505b-9935-e48b4f3d5f79,shipment,78885443-699f-5880-8e7a-c7ce89eeae13,delay,false,,shipment_status_history
96e36b34-77a1-5e11-8a03-3627851db684,0554616f-7c0f-505b-9935-e48b4f3d5f79,shipment,b29f648b-1856-5ac4-ae99-72451bd6ed7d,delay,false,,shipment_status_history
54961e01-ad90-55e2-8691-09b471f63fe9,0554616f-7c0f-505b-9935-e48b4f3d5f79,shipment,d3cb4ee8-e6fb-5573-90f1-b99da30c9be9,delay,true,2024-10-11 15:52:42+00,shipment_status_history
13f26201-f5b1-5000-8110-efd34496d912,0554616f-7c0f-505b-9935-e48b4f3d5f79,shipment,5f37f582-b298-5323-b910-56638da2f694,delay,false,,shipment_status_history
ba514892-8b04-5baa-bcc1-3a2c52a2f108,0554616f-7c0f-505b-9935-e48b4f3d5f79,shipment,15f64395-60ac-5e21-aa56-6205b5cdbd04,delay,false,,shipment_status_history
550fe5b3-1173-5f8a-8e93-b36fd2348b45,0554616f-7c0f-505b-9935-e48b4f3d5f79,shipment,7480bfad-7661-50c4-8d22-30e18dca706f,delay,false,,shipment_status_history
3ba9aabf-9097-57cc-91a9-61c69e635154,0554616f-7c0f-505b-9935-e48b4f3d5f79,shipment,01008c32-d750-52e6-9a74-b3bac8af1de4,delay,false,,shipment_status_history
e8106abf-59cc-5eee-87b2-5e89bd114f3b,0554616f-7c0f-505b-9935-e48b4f3d5f79,shipment,1bea43b3-cb05-5233-8424-2c04cab9dd83,delay,false,,shipment_status_history
39e66712-95c6-5288-a5a8-dd874c62dcc6,0554616f-7c0f-505b-9935-e48b4f3d5f79,shipment,af371e04-4524-57f3-b6bd-ebf415be7fb3,delay,false,,shipment_status_history
4691ab3d-b9f4-5c06-9ebc-3cc1d5ea5206,0554616f-7c0f-505b-9935-e48b4f3d5f79,shipment,2dd78c87-e8f5-5841-8e9d-688bb445f385,delay,false,,shipment_status_history
ea4a6b4f-238c-5818-86ee-e6aff890819d,0554616f-7c0f-505b-9935-e48b4f3d5f79,shipment,d3ed8682-47c0-5c58-800f-fda028ef323a,delay,false,,shipment_status_history
7308bafe-fcd8-5061-8347-e203aa2d20ec,0554616f-7c0f-505b-9935-e48b4f3d5f79,product,c0f44500-e1d1-59e0-b53b-e0e98b24a7cf,shortage,false,,inventory_history
f57e1911-e613-5500-a705-9081a51d8b19,0554616f-7c0f-505b-9935-e48b4f3d5f79,product,c0f44500-e1d1-59e0-b53b-e0e98b24a7cf,shortage,false,,inventory_history
19cebfcd-5874-5a85-8484-1774c9b4ad35,0554616f-7c0f-505b-9935-e48b4f3d5f79,product,dfaf50bf-7ed8-5e30-b115-e55c44d8e0c1,shortage,false,,inventory_history
3c1c8ecf-9219-575a-8ad3-59ca39890351,0554616f-7c0f-505b-9935-e48b4f3d5f79,product,dfaf50bf-7ed8-5e30-b115-e55c44d8e0c1,shortage,false,,inventory_history
6975a25c-01ef-5038-98ea-aea9c60ade6a,0554616f-7c0f-505b-9935-e48b4f3d5f79,product,5abd18e8-de32-5af1-b593-d3190e9164a5,shortage,false,,inventory_history
a94dd825-673a-51ad-8db7-6cbd59bb539c,0554616f-7c0f-505b-9935-e48b4f3d5f79,product,5abd18e8-de32-5af1-b593-d3190e9164a5,shortage,false,,inventory_history
7c062a5f-6c8e-5081-b415-944aa62e623b,0554616f-7c0f-505b-9935-e48b4f3d5f79,product,98f9ed1d-3d10-5a68-a387-66981e9dde59,shortage,false,,inventory_history
8808b629-7cb3-5985-8faf-f3d2ea32743f,0554616f-7c0f-505b-9935-e48b4f3d5f79,product,98f9ed1d-3d10-5a68-a387-66981e9dde59,shortage,false,,inventory_history
4224ce50-be67-51b3-a42d-8645ef0baf3f,0554616f-7c0f-505b-9935-e48b4f3d5f79,product,b8b98483-157a-5ddb-81bf-f65f95613caa,shortage,false,,inventory_history
84fc8de1-61a9-5d6b-8b4d-861be64451d2,0554616f-7c0f-505b-9935-e48b4f3d5f79,product,b8b98483-157a-5ddb-81bf-f65f95613caa,shortage,false,,inventory_history
459490a1-2aad-5cba-8a89-3de551006fba,0554616f-7c0f-505b-9935-e48b4f3d5f79,product,b8b98483-157a-5ddb-81bf-f65f95613caa,shortage,false,,inventory_history
91d5a880-13c8-5c71-a53c-8ed4bfa8aef4,0554616f-7c0f-505b-9935-e48b4f3d5f79,product,ebdcc5e9-63c3-5a52-9521-f031c6154feb,shortage,false,,inventory_history
93db308d-f16d-56a9-bb94-3237988de9de,0554616f-7c0f-505b-9935-e48b4f3d5f79,product,ebdcc5e9-63c3-5a52-9521-f031c6154feb,shortage,false,,inventory_history
b3e18eed-d66f-5d99-adae-c5c80846cb76,0554616f-7c0f-505b-9935-e48b4f3d5f79,product,6e22d3ea-9fc0-56fa-a367-352e633df40c,shortage,false,,inventory_history
8327e407-e46c-5cbe-b351-12ec3a8a377e,0554616f-7c0f-505b-9935-e48b4f3d5f79,product,6e22d3ea-9fc0-56fa-a367-352e633df40c,shortage,false,,inventory_history
fb082270-1c7c-5d4f-8970-3e2c36d97a8b,0554616f-7c0f-505b-9935-e48b4f3d5f79,product,0f7722fa-332a-5a19-922d-1d9cab8dda65,shortage,false,,inventory_history
87d4c085-f9ca-5d8a-aee4-b79ca732203b,0554616f-7c0f-505b-9935-e48b4f3d5f79,product,0f7722fa-332a-5a19-922d-1d9cab8dda65,shortage,true,2024-10-14 14:00:00+00,inventory_history
5c5aea38-9ba7-5e07-864b-c0c3b31ef38b,0554616f-7c0f-505b-9935-e48b4f3d5f79,product,e3a10959-a74e-5cdd-bd80-3c24836fb062,shortage,false,,inventory_history
af9919c5-fb73-529e-b5e7-a687f96750b5,0554616f-7c0f-505b-9935-e48b4f3d5f79,product,e3a10959-a74e-5cdd-bd80-3c24836fb062,shortage,false,,inventory_history
54127d0c-fe0b-5cd2-8672-f48809234ca4,0554616f-7c0f-505b-9935-e48b4f3d5f79,product,e3a10959-a74e-5cdd-bd80-3c24836fb062,shortage,false,,inventory_history
4621463b-9a20-583e-ac3f-415c988844fc,0554616f-7c0f-505b-9935-e48b4f3d5f79,product,6852d7e8-9827-5aa7-a439-140e7dac645a,shortage,false,,inventory_history
faae98f5-a9bd-5a86-ad91-74a21030f84c,0554616f-7c0f-505b-9935-e48b4f3d5f79,product,6852d7e8-9827-5aa7-a439-140e7dac645a,shortage,false,,inventory_history
a7d91313-0873-5e52-a7c3-9ab4827f7097,0554616f-7c0f-505b-9935-e48b4f3d5f79,product,6852d7e8-9827-5aa7-a439-140e7dac645a,shortage,false,,inventory_history
9da5dc43-65ca-5b66-9701-9676008973ee,0554616f-7c0f-505b-9935-e48b4f3d5f79,product,5b72fcba-23c2-5ea7-9dc2-b32eca367733,shortage,false,,inventory_history
0b7fce38-8f97-52b3-a02b-67b4bc79fb9c,0554616f-7c0f-505b-9935-e48b4f3d5f79,product,5b72fcba-23c2-5ea7-9dc2-b32eca367733,shortage,false,,inventory_history
f5033f60-3962-57d9-ab0b-f521b24a99ed,0554616f-7c0f-505b-9935-e48b4f3d5f79,product,c914dcac-18fe-5928-87c0-80e93bb776c2,shortage,false,,inventory_history
7a55f348-e256-5d20-a83e-c5b35912e66d,0554616f-7c0f-505b-9935-e48b4f3d5f79,product,c914dcac-18fe-5928-87c0-80e93bb776c2,shortage,false,,inventory_history
6e678b09-96e5-59fc-9e4a-615d409ec99b,0554616f-7c0f-505b-9935-e48b4f3d5f79,product,d6481438-ce10-5e85-8b0a-fbc48dcd19e7,shortage,false,,inventory_history
a3198ae3-c519-51bd-aad8-c08a3b9dcf27,0554616f-7c0f-505b-9935-e48b4f3d5f79,product,d6481438-ce10-5e85-8b0a-fbc48dcd19e7,shortage,false,,inventory_history
7582e59e-c141-57ed-bec1-8f121d03c1f7,0554616f-7c0f-505b-9935-e48b4f3d5f79,product,015ee94d-a0dc-5a3a-96b4-4318093cd0c8,shortage,false,,inventory_history
f6cc09b3-6616-54f2-988f-3232a2d1538f,0554616f-7c0f-505b-9935-e48b4f3d5f79,product,015ee94d-a0dc-5a3a-96b4-4318093cd0c8,shortage,false,,inventory_history
98288d9e-a05c-583a-aca5-cfc8a8a39e8b,0554616f-7c0f-505b-9935-e48b4f3d5f79,product,a4acb526-e0ea-590e-9293-ff9e90059c15,shortage,false,,inventory_history
e8af7b57-64e4-5025-b5c6-e2a8329e9ad7,0554616f-7c0f-505b-9935-e48b4f3d5f79,product,a4acb526-e0ea-590e-9293-ff9e90059c15,shortage,false,,inventory_history
eaf9f632-0387-5245-85da-69c2563b98f7,0554616f-7c0f-505b-9935-e48b4f3d5f79,product,3ba63656-6a91-5254-8fd9-1b6d20dced02,shortage,true,2024-10-07 14:00:00+00,inventory_history
d24ebf55-10bc-54d0-a35c-e04339a5fab0,0554616f-7c0f-505b-9935-e48b4f3d5f79,product,3ba63656-6a91-5254-8fd9-1b6d20dced02,shortage,false,,inventory_history
2bbfdde6-bf5b-5f4a-961b-bc63346a8a58,0554616f-7c0f-505b-9935-e48b4f3d5f79,product,3ba63656-6a91-5254-8fd9-1b6d20dced02,shortage,false,,inventory_history
1baae0ba-d8ff-5883-9122-5ba5f9dcca8d,0554616f-7c0f-505b-9935-e48b4f3d5f79,product,3f7c929e-b070-5624-afcb-413255a3e8b7,shortage,true,2024-10-14 14:00:00+00,inventory_history
7237ef40-185c-574f-bed5-1aaa17b59ab8,0554616f-7c0f-505b-9935-e48b4f3d5f79,product,3f7c929e-b070-5624-afcb-413255a3e8b7,shortage,false,,inventory_history
f9c9606c-2574-511c-9ef6-e45f428a4485,0554616f-7c0f-505b-9935-e48b4f3d5f79,product,fc7fc417-cce4-5f70-a6f1-8ce7a0edf5e9,shortage,false,,inventory_history
5d6a9b54-8592-5e91-bbd3-d090c0d2c954,0554616f-7c0f-505b-9935-e48b4f3d5f79,product,fc7fc417-cce4-5f70-a6f1-8ce7a0edf5e9,shortage,false,,inventory_history
d9f11d2a-4d9d-5459-ad51-596c3916d99e,0554616f-7c0f-505b-9935-e48b4f3d5f79,product,87bd34d0-75d8-568d-abd0-77f535fdb719,shortage,false,,inventory_history
c4d7966a-eee0-5b0b-890f-62095dbf10f3,0554616f-7c0f-505b-9935-e48b4f3d5f79,product,87bd34d0-75d8-568d-abd0-77f535fdb719,shortage,false,,inventory_history
26445c84-8bc0-5ef8-9186-dc522424d691,0554616f-7c0f-505b-9935-e48b4f3d5f79,product,87bd34d0-75d8-568d-abd0-77f535fdb719,shortage,false,,inventory_history
c366cab9-635a-5326-9718-4f8726984177,0554616f-7c0f-505b-9935-e48b4f3d5f79,product,12d2e257-18af-5ea5-9b8e-109e869b4b9e,shortage,false,,inventory_history
fdf06895-a387-5efa-90b7-d36df1282558,0554616f-7c0f-505b-9935-e48b4f3d5f79,product,12d2e257-18af-5ea5-9b8e-109e869b4b9e,shortage,false,,inventory_history
586e72b2-7565-56d3-b42c-8e763e9b89fc,0554616f-7c0f-505b-9935-e48b4f3d5f79,product,12d2e257-18af-5ea5-9b8e-109e869b4b9e,shortage,false,,inventory_history
ee4138c6-51ec-5537-a431-7411e30bdb60,0554616f-7c0f-505b-9935-e48b4f3d5f79,product,7139ebf2-1aff-593d-9366-22949a04fd61,shortage,false,,inventory_history
6cefa38a-3747-53b9-8407-dd0661080da4,0554616f-7c0f-505b-9935-e48b4f3d5f79,product,7139ebf2-1aff-593d-9366-22949a04fd61,shortage,false,,inventory_history
762c5dae-5322-5c0b-b076-6a825da58361,0554616f-7c0f-505b-9935-e48b4f3d5f79,product,7139ebf2-1aff-593d-9366-22949a04fd61,shortage,false,,inventory_history
db9e2fbd-9b9a-50d6-8c54-d3bccff4182a,0554616f-7c0f-505b-9935-e48b4f3d5f79,product,48b59f70-e096-547d-97be-0afd9e0ef1f4,shortage,false,,inventory_history
5a560157-afa7-5853-8667-e40670a812fd,0554616f-7c0f-505b-9935-e48b4f3d5f79,product,48b59f70-e096-547d-97be-0afd9e0ef1f4,shortage,true,2024-10-07 14:00:00+00,inventory_history
df7cdb61-862c-517b-9c8e-c8670119067a,0554616f-7c0f-505b-9935-e48b4f3d5f79,product,c7c80e8e-2456-5c4b-97cb-5d6b8aea9e11,shortage,false,,inventory_history
587c56e4-244e-5993-9a2c-14af812ff4a9,0554616f-7c0f-505b-9935-e48b4f3d5f79,product,c7c80e8e-2456-5c4b-97cb-5d6b8aea9e11,shortage,false,,inventory_history
63e003bb-ea57-5a6d-af2b-c8b5640ca228,0554616f-7c0f-505b-9935-e48b4f3d5f79,product,c7c80e8e-2456-5c4b-97cb-5d6b8aea9e11,shortage,false,,inventory_history
33d4fa08-ffcb-5715-975f-8521b5183c23,0554616f-7c0f-505b-9935-e48b4f3d5f79,product,8243c793-3801-5a72-86e5-9ab29d8d498d,shortage,false,,inventory_history
5418b006-7368-50f0-a7cb-5364c071ccc9,0554616f-7c0f-505b-9935-e48b4f3d5f79,product,8243c793-3801-5a72-86e5-9ab29d8d498d,shortage,false,,inventory_history
44c745db-0b9e-5971-b5a4-b24c39c0dc3c,0554616f-7c0f-505b-9935-e48b4f3d5f79,product,8243c793-3801-5a72-86e5-9ab29d8d498d,shortage,false,,inventory_history
07541623-e787-5774-ad47-2d8444503cee,0554616f-7c0f-505b-9935-e48b4f3d5f79,product,5e2cc5fc-7d5b-5bba-ad99-4412ab325860,shortage,false,,inventory_history
d83d1ff8-92ee-5647-8952-3bd76215eb9b,0554616f-7c0f-505b-9935-e48b4f3d5f79,product,5e2cc5fc-7d5b-5bba-ad99-4412ab325860,shortage,false,,inventory_history
4ceb18a9-bc8d-5c8e-9078-8bda002e93ab,0554616f-7c0f-505b-9935-e48b4f3d5f79,product,ce143825-d54b-50ec-92fe-c61fdb5ae610,shortage,false,,inventory_history
2f20c79f-f721-5e4f-9bb1-d485335f52df,0554616f-7c0f-505b-9935-e48b4f3d5f79,product,ce143825-d54b-50ec-92fe-c61fdb5ae610,shortage,false,,inventory_history
caba5ef6-ac69-5422-b5d9-441aaa944d7a,0554616f-7c0f-505b-9935-e48b4f3d5f79,product,ce143825-d54b-50ec-92fe-c61fdb5ae610,shortage,false,,inventory_history
eaaf8230-6b7b-58a9-9a7f-b6db58373cac,0554616f-7c0f-505b-9935-e48b4f3d5f79,product,22326882-02d4-5cec-806a-1e1016a55411,shortage,true,2024-10-14 14:00:00+00,inventory_history
74330430-c29d-5206-aca5-1d43c60a584e,0554616f-7c0f-505b-9935-e48b4f3d5f79,product,22326882-02d4-5cec-806a-1e1016a55411,shortage,false,,inventory_history
cfdf7248-bf39-54e1-b3f2-f2338bff3819,0554616f-7c0f-505b-9935-e48b4f3d5f79,product,5f832cdc-1407-55fc-8fd5-76ca28247722,shortage,false,,inventory_history
9eb1b17c-3715-5791-9bda-ee3aa6654e56,0554616f-7c0f-505b-9935-e48b4f3d5f79,product,5f832cdc-1407-55fc-8fd5-76ca28247722,shortage,false,,inventory_history
4e8b0186-0271-5fa3-bc04-5ee7c8f351c2,0554616f-7c0f-505b-9935-e48b4f3d5f79,product,5f832cdc-1407-55fc-8fd5-76ca28247722,shortage,true,2024-10-07 14:00:00+00,inventory_history
c9267b6c-848f-52bd-8eea-ee2208afaca7,0554616f-7c0f-505b-9935-e48b4f3d5f79,product,f3d43083-cf37-52fb-bc02-bff47203b7c9,shortage,false,,inventory_history
907118cc-3ee6-5755-8bed-d716bf375969,0554616f-7c0f-505b-9935-e48b4f3d5f79,product,f3d43083-cf37-52fb-bc02-bff47203b7c9,shortage,false,,inventory_history
87e7652d-7897-5c5c-97ee-b7468b4109c7,0554616f-7c0f-505b-9935-e48b4f3d5f79,product,f3d43083-cf37-52fb-bc02-bff47203b7c9,shortage,false,,inventory_history
1599f8dc-152e-5235-ad7b-735c6f0a74dc,0554616f-7c0f-505b-9935-e48b4f3d5f79,product,d02cf696-fbfe-56b7-8ff3-89608483ee25,shortage,false,,inventory_history
0ed2d2a2-637e-585e-9c80-e11ff697b2bb,0554616f-7c0f-505b-9935-e48b4f3d5f79,product,d02cf696-fbfe-56b7-8ff3-89608483ee25,shortage,false,,inventory_history
696387aa-7aa9-5f6c-b58d-2756dce6c72d,0554616f-7c0f-505b-9935-e48b4f3d5f79,product,8191a9f6-2263-53f2-a6a6-4c31e81e996e,shortage,false,,inventory_history
4139356d-6441-5f62-b842-ccd021f1656e,0554616f-7c0f-505b-9935-e48b4f3d5f79,product,8191a9f6-2263-53f2-a6a6-4c31e81e996e,shortage,false,,inventory_history
6c138f86-7a26-5f47-a8b1-a37f247320f2,0554616f-7c0f-505b-9935-e48b4f3d5f79,product,8191a9f6-2263-53f2-a6a6-4c31e81e996e,shortage,false,,inventory_history
61c64c71-1e32-5e0e-9cfc-2be711062330,0554616f-7c0f-505b-9935-e48b4f3d5f79,product,9b88c78b-34e7-51c0-8f51-940e61379648,shortage,false,,inventory_history
124d3df2-2d69-5c1e-afef-723218ada304,0554616f-7c0f-505b-9935-e48b4f3d5f79,product,9b88c78b-34e7-51c0-8f51-940e61379648,shortage,false,,inventory_history
bc2c10ef-e2fe-56db-b740-9d16d57cb72b,0554616f-7c0f-505b-9935-e48b4f3d5f79,product,9b88c78b-34e7-51c0-8f51-940e61379648,shortage,false,,inventory_history
f4e945d2-b718-5941-8fca-a85448c957e5,0554616f-7c0f-505b-9935-e48b4f3d5f79,product,d6e9c7be-33cb-5851-ab77-08e587828108,shortage,false,,inventory_history
735956c4-1b62-5819-9982-692fc06b758d,0554616f-7c0f-505b-9935-e48b4f3d5f79,product,d6e9c7be-33cb-5851-ab77-08e587828108,shortage,false,,inventory_history
adce89a8-93bf-504e-8ccb-f5a49d002126,0554616f-7c0f-505b-9935-e48b4f3d5f79,product,f3c9e6db-5001-5325-b688-27d1d3fc04c1,shortage,true,2024-10-07 14:00:00+00,inventory_history
113922ac-efe3-5467-8313-ee4c6c381fee,0554616f-7c0f-505b-9935-e48b4f3d5f79,product,f3c9e6db-5001-5325-b688-27d1d3fc04c1,shortage,true,2024-10-14 14:00:00+00,inventory_history
27d19e94-09c4-5972-bccf-4639503e1939,0554616f-7c0f-505b-9935-e48b4f3d5f79,product,f3c9e6db-5001-5325-b688-27d1d3fc04c1,shortage,false,,inventory_history
0f2bd185-4fcc-5348-8eb7-17dc2f911e1d,0554616f-7c0f-505b-9935-e48b4f3d5f79,product,63b368d3-a702-5229-a0eb-00c0e02acf2c,shortage,false,,inventory_history
addf56bf-c504-5339-ab91-15ac8a03fa5c,0554616f-7c0f-505b-9935-e48b4f3d5f79,product,63b368d3-a702-5229-a0eb-00c0e02acf2c,shortage,false,,inventory_history
e65ce3c1-6967-548f-8c61-319f0205a5ad,0554616f-7c0f-505b-9935-e48b4f3d5f79,product,a32a21a2-1fde-52e6-a745-494a810ef82b,shortage,false,,inventory_history
9873e165-a24f-51f5-970c-f38068bf114b,0554616f-7c0f-505b-9935-e48b4f3d5f79,product,a32a21a2-1fde-52e6-a745-494a810ef82b,shortage,false,,inventory_history
70e33b0f-77f6-551c-96e3-a76f33aee965,0554616f-7c0f-505b-9935-e48b4f3d5f79,product,637d71e2-55cf-575a-87f5-1bcee0d0072a,shortage,false,,inventory_history
48246c7d-3510-5ce1-ae58-4e729385eba0,0554616f-7c0f-505b-9935-e48b4f3d5f79,product,637d71e2-55cf-575a-87f5-1bcee0d0072a,shortage,false,,inventory_history
9f44c51d-daae-576c-842a-e1e93cddb538,0554616f-7c0f-505b-9935-e48b4f3d5f79,product,43239255-9abf-522a-a0ca-d242c13539cf,shortage,false,,inventory_history
4e7b560e-ffb0-52de-85b1-8f600cf54c4e,0554616f-7c0f-505b-9935-e48b4f3d5f79,product,43239255-9abf-522a-a0ca-d242c13539cf,shortage,false,,inventory_history
a077d14d-bb3f-5ae1-9fd4-33932a3827cf,0554616f-7c0f-505b-9935-e48b4f3d5f79,product,43239255-9abf-522a-a0ca-d242c13539cf,shortage,false,,inventory_history
0d3fe0ba-4392-5c54-8e40-de538e6f49fd,0554616f-7c0f-505b-9935-e48b4f3d5f79,product,6a379419-7f07-55f2-a7a1-c92bb24d1f27,shortage,false,,inventory_history
fcae89ba-f4b4-521d-8794-286b56560f66,0554616f-7c0f-505b-9935-e48b4f3d5f79,product,6a379419-7f07-55f2-a7a1-c92bb24d1f27,shortage,false,,inventory_history
5f85ba89-149a-5151-8bf4-e515705831f5,0554616f-7c0f-505b-9935-e48b4f3d5f79,product,6a379419-7f07-55f2-a7a1-c92bb24d1f27,shortage,false,,inventory_history
05d2526f-19cc-57fa-a59f-35f78dac62fb,0554616f-7c0f-505b-9935-e48b4f3d5f79,product,dbfbb0d5-1eb8-59dd-bad5-834d7a45a348,shortage,false,,inventory_history
a2e28a59-7bf2-57fd-90d4-544d2735a1ca,0554616f-7c0f-505b-9935-e48b4f3d5f79,product,dbfbb0d5-1eb8-59dd-bad5-834d7a45a348,shortage,false,,inventory_history
f7ee4726-7094-5e93-ae4e-454bbcc7c510,0554616f-7c0f-505b-9935-e48b4f3d5f79,product,dbfbb0d5-1eb8-59dd-bad5-834d7a45a348,shortage,false,,inventory_history
abd0e59c-8e78-58ff-badf-63e042203319,0554616f-7c0f-505b-9935-e48b4f3d5f79,product,76ce6f91-8d47-5bfd-a8a9-b086d8728beb,shortage,false,,inventory_history
c1dcfc46-9f83-5add-aac6-4ea6f99d8eee,0554616f-7c0f-505b-9935-e48b4f3d5f79,product,76ce6f91-8d47-5bfd-a8a9-b086d8728beb,shortage,false,,inventory_history
be74128f-1008-5d10-bcfc-7c940559103b,0554616f-7c0f-505b-9935-e48b4f3d5f79,product,4ccb08b0-f9e0-5e25-89e3-bea409b0d0cb,shortage,false,,inventory_history
854def55-c701-5d57-9e02-e02cbaa38292,0554616f-7c0f-505b-9935-e48b4f3d5f79,product,4ccb08b0-f9e0-5e25-89e3-bea409b0d0cb,shortage,false,,inventory_history
5fff02b5-f82f-5aaa-baba-acbb6838d097,0554616f-7c0f-505b-9935-e48b4f3d5f79,product,4ccb08b0-f9e0-5e25-89e3-bea409b0d0cb,shortage,false,,inventory_history
81847419-acbe-56e1-92db-82aa3e547bc4,0554616f-7c0f-505b-9935-e48b4f3d5f79,product,7698a25a-a051-53c9-ae74-597da202ffca,shortage,false,,inventory_history
37c5301d-253f-5d2b-b97c-60f28eea39c6,0554616f-7c0f-505b-9935-e48b4f3d5f79,product,7698a25a-a051-53c9-ae74-597da202ffca,shortage,true,2024-10-07 14:00:00+00,inventory_history
e9d3c4c2-36a5-53af-8002-fa377cb08eaa,0554616f-7c0f-505b-9935-e48b4f3d5f79,product,721d117c-620d-5f92-b800-3e89864cc8d3,shortage,false,,inventory_history
7bdf88cf-8a22-5f98-84b8-4abcb3699fe7,0554616f-7c0f-505b-9935-e48b4f3d5f79,product,721d117c-620d-5f92-b800-3e89864cc8d3,shortage,false,,inventory_history
0cf4b279-3e55-509f-8cec-7a3532d808e3,0554616f-7c0f-505b-9935-e48b4f3d5f79,product,721d117c-620d-5f92-b800-3e89864cc8d3,shortage,false,,inventory_history
14e5dcdb-4227-5946-ab88-3440870dfeb1,0554616f-7c0f-505b-9935-e48b4f3d5f79,product,571424b7-2fc1-5ceb-8982-7426cc703fff,shortage,false,,inventory_history
0d563237-9679-5d53-ae84-a61d80b3d6ee,0554616f-7c0f-505b-9935-e48b4f3d5f79,product,571424b7-2fc1-5ceb-8982-7426cc703fff,shortage,false,,inventory_history
a85fa1d4-fa38-50a3-bf3a-2a2bfe902073,0554616f-7c0f-505b-9935-e48b4f3d5f79,product,9096801a-a6fd-5ca3-a667-34759b5adb9e,shortage,false,,inventory_history
8d3ae0c3-a4b3-55a2-94d6-fd2d2150e617,0554616f-7c0f-505b-9935-e48b4f3d5f79,product,9096801a-a6fd-5ca3-a667-34759b5adb9e,shortage,false,,inventory_history
a365300e-7068-57b8-b459-319b4dc16447,0554616f-7c0f-505b-9935-e48b4f3d5f79,product,1b8e1d0e-392d-5e23-854a-832f0d6ac35d,shortage,false,,inventory_history
bb0c9b7f-d483-5a8a-9e7a-29d7400940fd,0554616f-7c0f-505b-9935-e48b4f3d5f79,product,1b8e1d0e-392d-5e23-854a-832f0d6ac35d,shortage,false,,inventory_history
e4383c34-1312-5cee-b823-e737884a2f16,0554616f-7c0f-505b-9935-e48b4f3d5f79,product,1b8e1d0e-392d-5e23-854a-832f0d6ac35d,shortage,false,,inventory_history
d84970ce-2d5f-57b6-b65e-577bd463a5d6,0554616f-7c0f-505b-9935-e48b4f3d5f79,product,8110e190-2a4b-579b-be2c-511de85ab755,shortage,true,2024-10-07 14:00:00+00,inventory_history
451c1322-5bb6-56a3-a052-632286c20c05,0554616f-7c0f-505b-9935-e48b4f3d5f79,product,8110e190-2a4b-579b-be2c-511de85ab755,shortage,false,,inventory_history
f1c7625a-5aa4-548b-b434-d9af0d70d2ed,0554616f-7c0f-505b-9935-e48b4f3d5f79,product,ab9d2edf-ae6c-55be-beec-404b29edda19,shortage,false,,inventory_history
d98df3a0-fbb5-5261-b45d-3b5f83834d73,0554616f-7c0f-505b-9935-e48b4f3d5f79,product,ab9d2edf-ae6c-55be-beec-404b29edda19,shortage,false,,inventory_history
40941fcc-5bfe-5e68-bebb-42a055c961e6,0554616f-7c0f-505b-9935-e48b4f3d5f79,product,ab9d2edf-ae6c-55be-beec-404b29edda19,shortage,false,,inventory_history
82e1c4dd-d42c-51e4-b2a6-a71900a8aaee,0554616f-7c0f-505b-9935-e48b4f3d5f79,product,85ee2954-52d3-5ec2-8fea-0575175559ac,shortage,false,,inventory_history
923f8cab-968d-5c95-bfa1-c6cad6ae89d5,0554616f-7c0f-505b-9935-e48b4f3d5f79,product,85ee2954-52d3-5ec2-8fea-0575175559ac,shortage,false,,inventory_history
0eeea948-a069-59b8-ad34-bf29ca8b238d,0554616f-7c0f-505b-9935-e48b4f3d5f79,product,85ee2954-52d3-5ec2-8fea-0575175559ac,shortage,false,,inventory_history
711f8602-3db9-524d-9b2e-7b12b91a5644,0554616f-7c0f-505b-9935-e48b4f3d5f79,product,f40bf37b-20d6-5349-82b6-18cbd1f10e83,shortage,false,,inventory_history
36cf301b-895e-52da-a74d-99c744c4b783,0554616f-7c0f-505b-9935-e48b4f3d5f79,product,f40bf37b-20d6-5349-82b6-18cbd1f10e83,shortage,false,,inventory_history
e446ba1b-7f02-58c6-9f97-7853c51171a6,0554616f-7c0f-505b-9935-e48b4f3d5f79,product,f40bf37b-20d6-5349-82b6-18cbd1f10e83,shortage,false,,inventory_history
22c3c3a4-e88b-5bf9-ba7a-fe6483142298,0554616f-7c0f-505b-9935-e48b4f3d5f79,product,263e995b-8be3-5198-adb6-aa81c41bf770,shortage,true,2024-10-07 14:00:00+00,inventory_history
b2506033-7458-50d7-87a4-9fb4a21aebdd,0554616f-7c0f-505b-9935-e48b4f3d5f79,product,263e995b-8be3-5198-adb6-aa81c41bf770,shortage,false,,inventory_history
197bbeef-f18b-54c9-89b3-6b2ed3f72403,0554616f-7c0f-505b-9935-e48b4f3d5f79,product,03daeeea-7468-535a-a03a-78f80e9f433f,shortage,false,,inventory_history
e79d26b4-307f-5612-b5d4-9150cbbdcfb6,0554616f-7c0f-505b-9935-e48b4f3d5f79,product,03daeeea-7468-535a-a03a-78f80e9f433f,shortage,false,,inventory_history
339afa14-c911-551d-a2f5-ea426904126d,0554616f-7c0f-505b-9935-e48b4f3d5f79,product,72067051-48fc-5737-a00c-93c490bd0b34,shortage,true,2024-10-07 14:00:00+00,inventory_history
8d2f477c-25fa-5b81-bb69-d88986f3558d,0554616f-7c0f-505b-9935-e48b4f3d5f79,product,72067051-48fc-5737-a00c-93c490bd0b34,shortage,true,2024-10-07 14:00:00+00,inventory_history
0e96c89b-1bf7-5e56-9d74-fbb60d8c4f92,0554616f-7c0f-505b-9935-e48b4f3d5f79,product,72067051-48fc-5737-a00c-93c490bd0b34,shortage,false,,inventory_history
c8cd21c8-5442-56f4-8741-3f88ce37b496,0554616f-7c0f-505b-9935-e48b4f3d5f79,product,73148ed3-fbe9-5571-a16d-34fb5520390e,shortage,false,,inventory_history
ad3c72fa-f12b-57b6-8d7f-4a9eedeb4182,0554616f-7c0f-505b-9935-e48b4f3d5f79,product,73148ed3-fbe9-5571-a16d-34fb5520390e,shortage,true,2024-10-07 14:00:00+00,inventory_history
3e9b4222-916f-5df1-ad86-9d49c803f0f0,0554616f-7c0f-505b-9935-e48b4f3d5f79,product,515f77ef-9c32-5e75-81c3-2b3795c000f2,shortage,false,,inventory_history
5d06f3ab-fc85-511e-a3b2-09b937529a2b,0554616f-7c0f-505b-9935-e48b4f3d5f79,product,515f77ef-9c32-5e75-81c3-2b3795c000f2,shortage,false,,inventory_history
024a9345-ddd1-5652-9507-9c51286b3680,0554616f-7c0f-505b-9935-e48b4f3d5f79,product,bcd21179-c89f-5095-808a-e72f06c0841d,shortage,false,,inventory_history
a60b75d5-0b65-5c5a-a0eb-d7002cd8f0f5,0554616f-7c0f-505b-9935-e48b4f3d5f79,product,bcd21179-c89f-5095-808a-e72f06c0841d,shortage,false,,inventory_history
184bff95-254d-5cda-8a72-4b3bf0dda6ea,0554616f-7c0f-505b-9935-e48b4f3d5f79,product,df03a7e9-20ca-5987-a644-76566671155b,shortage,true,2024-10-14 14:00:00+00,inventory_history
ce74d30e-b240-5308-9756-c1c45c06038b,0554616f-7c0f-505b-9935-e48b4f3d5f79,product,df03a7e9-20ca-5987-a644-76566671155b,shortage,false,,inventory_history
7f5a4011-33f8-55f5-9d5c-19db1259e1e1,0554616f-7c0f-505b-9935-e48b4f3d5f79,product,df03a7e9-20ca-5987-a644-76566671155b,shortage,false,,inventory_history
6e71011f-2704-541a-8680-e272b0a71a05,0554616f-7c0f-505b-9935-e48b4f3d5f79,product,49690aee-94fa-525b-b5ce-92feaf54b957,shortage,false,,inventory_history
1e095fe6-86c5-5827-9938-954774ea6b89,0554616f-7c0f-505b-9935-e48b4f3d5f79,product,49690aee-94fa-525b-b5ce-92feaf54b957,shortage,true,2024-10-14 14:00:00+00,inventory_history
aeb1fd82-4d65-5576-903d-c496d388090d,0554616f-7c0f-505b-9935-e48b4f3d5f79,product,ef9ef5f5-f4f4-5cf3-8420-397a6fcbf152,shortage,false,,inventory_history
f594565a-c55c-54c6-8178-a4bb6b035f3e,0554616f-7c0f-505b-9935-e48b4f3d5f79,product,ef9ef5f5-f4f4-5cf3-8420-397a6fcbf152,shortage,false,,inventory_history
3a6ee558-6540-5868-a282-540f03f570d6,0554616f-7c0f-505b-9935-e48b4f3d5f79,product,70b50d29-9125-53dc-a829-c961b011e429,shortage,false,,inventory_history
3b99fd35-72fe-58f4-8c0b-296b9769edbd,0554616f-7c0f-505b-9935-e48b4f3d5f79,product,70b50d29-9125-53dc-a829-c961b011e429,shortage,false,,inventory_history
347272d7-6502-5a44-adcf-4794f42f63ab,0554616f-7c0f-505b-9935-e48b4f3d5f79,product,70b50d29-9125-53dc-a829-c961b011e429,shortage,false,,inventory_history
2f274d79-51c1-5dc0-b744-1cd6d71e706f,0554616f-7c0f-505b-9935-e48b4f3d5f79,product,cf40a232-f9b9-5adf-afb6-0a981f2ffcf7,shortage,false,,inventory_history
5f00d86a-8f00-5ebd-8bef-ad1ef0a86c89,0554616f-7c0f-505b-9935-e48b4f3d5f79,product,cf40a232-f9b9-5adf-afb6-0a981f2ffcf7,shortage,true,2024-10-14 14:00:00+00,inventory_history
0ec55059-ca51-500b-98b4-a9cb27f018a4,0554616f-7c0f-505b-9935-e48b4f3d5f79,product,cf40a232-f9b9-5adf-afb6-0a981f2ffcf7,shortage,true,2024-10-14 14:00:00+00,inventory_history
2ee293f8-251c-5152-9b5f-190da6f5c802,0554616f-7c0f-505b-9935-e48b4f3d5f79,product,047edcf5-114c-5342-b495-232fc4aaf6fe,shortage,false,,inventory_history
9da4bbb4-a2be-58ff-b860-818dad566340,0554616f-7c0f-505b-9935-e48b4f3d5f79,product,047edcf5-114c-5342-b495-232fc4aaf6fe,shortage,false,,inventory_history
fd1efb2b-e21b-5972-beb9-70f8a6d3bf3d,0554616f-7c0f-505b-9935-e48b4f3d5f79,product,047edcf5-114c-5342-b495-232fc4aaf6fe,shortage,false,,inventory_history
5f66947c-c2b2-5f9c-91c8-3b2a09462978,0554616f-7c0f-505b-9935-e48b4f3d5f79,product,093be7d5-f016-5f2c-b71d-4dce4b0e9514,shortage,false,,inventory_history
8fe23af9-9e63-5b14-ac4e-b0981be393f1,0554616f-7c0f-505b-9935-e48b4f3d5f79,product,093be7d5-f016-5f2c-b71d-4dce4b0e9514,shortage,false,,inventory_history
66239a52-cc97-55c0-a50d-174a52ff1f56,0554616f-7c0f-505b-9935-e48b4f3d5f79,product,093be7d5-f016-5f2c-b71d-4dce4b0e9514,shortage,true,2024-10-07 14:00:00+00,inventory_history
2c70b7d7-49b5-5d09-b8a2-250ef9fc271d,0554616f-7c0f-505b-9935-e48b4f3d5f79,product,cf629a09-093e-5b99-8bf4-da2438fa51c4,shortage,false,,inventory_history
05aae284-c869-5fab-b42e-6d32e5b6ad70,0554616f-7c0f-505b-9935-e48b4f3d5f79,product,cf629a09-093e-5b99-8bf4-da2438fa51c4,shortage,false,,inventory_history
73298494-87ea-55e6-a3a4-6b30c69fade2,0554616f-7c0f-505b-9935-e48b4f3d5f79,product,5bfb3415-c6ae-5fa3-a84b-8a98a543ab9a,shortage,false,,inventory_history
b759ef34-d507-5659-bd46-fb29c7c22280,0554616f-7c0f-505b-9935-e48b4f3d5f79,product,5bfb3415-c6ae-5fa3-a84b-8a98a543ab9a,shortage,false,,inventory_history
f547388f-ba46-5c33-b231-aa3b167f03b3,0554616f-7c0f-505b-9935-e48b4f3d5f79,product,c388846e-4e3c-5d57-b61f-ed13c7edc4da,shortage,false,,inventory_history
b30480a4-ffcf-5033-ae56-b7eb84a83613,0554616f-7c0f-505b-9935-e48b4f3d5f79,product,c388846e-4e3c-5d57-b61f-ed13c7edc4da,shortage,false,,inventory_history
a8bc75c4-5924-572e-a1e1-4487aa0a4d3f,0554616f-7c0f-505b-9935-e48b4f3d5f79,product,6feb3ffe-e89f-55ab-81d5-d9b136a73c27,shortage,false,,inventory_history
cac97af1-85e4-5ab5-89b1-558c1571c6bf,0554616f-7c0f-505b-9935-e48b4f3d5f79,product,6feb3ffe-e89f-55ab-81d5-d9b136a73c27,shortage,false,,inventory_history
e088bce5-0698-5aef-a688-7af3f0d0d4fb,0554616f-7c0f-505b-9935-e48b4f3d5f79,product,e7c66ad7-b5d3-5271-9438-d4741c6f9cbc,shortage,true,2024-10-07 14:00:00+00,inventory_history
f7bb4ac7-c4ee-59e6-9bb2-c2b42272404d,0554616f-7c0f-505b-9935-e48b4f3d5f79,product,e7c66ad7-b5d3-5271-9438-d4741c6f9cbc,shortage,true,2024-10-07 14:00:00+00,inventory_history
53341eec-8b35-5f55-bb2b-bf9a688ceb07,0554616f-7c0f-505b-9935-e48b4f3d5f79,product,e7c66ad7-b5d3-5271-9438-d4741c6f9cbc,shortage,false,,inventory_history
960aeb81-9418-5371-9317-04a1abf75417,0554616f-7c0f-505b-9935-e48b4f3d5f79,product,5e41eef3-c306-5dd1-ab8c-d305ebc7c2d5,shortage,false,,inventory_history
26c42fc6-6e81-5764-b8b9-1857a8ffc5da,0554616f-7c0f-505b-9935-e48b4f3d5f79,product,5e41eef3-c306-5dd1-ab8c-d305ebc7c2d5,shortage,false,,inventory_history
17abf818-27a6-53b1-9d3a-289ca074b920,0554616f-7c0f-505b-9935-e48b4f3d5f79,product,4bb3265f-5fd8-5ee9-b01b-7ca5808bca6b,shortage,true,2024-10-07 14:00:00+00,inventory_history
449f18f1-e20f-5083-a9c3-b900d6c26f94,0554616f-7c0f-505b-9935-e48b4f3d5f79,product,4bb3265f-5fd8-5ee9-b01b-7ca5808bca6b,shortage,false,,inventory_history
1c05ae50-1199-53cd-81ab-7573e676525a,0554616f-7c0f-505b-9935-e48b4f3d5f79,product,ae16db22-a7d1-5cd3-8409-669d957eb80d,shortage,false,,inventory_history
2639f2c5-7661-572d-aa12-29a88ac31a56,0554616f-7c0f-505b-9935-e48b4f3d5f79,product,ae16db22-a7d1-5cd3-8409-669d957eb80d,shortage,false,,inventory_history
51795e07-bc41-530f-aa64-3bb600c4052e,0554616f-7c0f-505b-9935-e48b4f3d5f79,product,950c0334-92d4-54ec-b05b-35e20983883c,shortage,false,,inventory_history
a0356fb2-cfde-5fb4-ae10-1468b3287a0b,0554616f-7c0f-505b-9935-e48b4f3d5f79,product,950c0334-92d4-54ec-b05b-35e20983883c,shortage,true,2024-10-07 14:00:00+00,inventory_history
74e134d9-5dd1-56b8-8cfd-68f22e1e03b7,0554616f-7c0f-505b-9935-e48b4f3d5f79,product,950c0334-92d4-54ec-b05b-35e20983883c,shortage,false,,inventory_history
84f0d3ba-fc23-5570-b684-84d3b9e7d374,0554616f-7c0f-505b-9935-e48b4f3d5f79,product,59115f56-acf8-50f7-9dfd-c99816aa2172,shortage,false,,inventory_history
ae1d02ec-61e1-58e6-b26c-06b0de111759,0554616f-7c0f-505b-9935-e48b4f3d5f79,product,59115f56-acf8-50f7-9dfd-c99816aa2172,shortage,true,2024-10-07 14:00:00+00,inventory_history
6f86f11b-630d-5db4-a888-952d0f2399fd,0554616f-7c0f-505b-9935-e48b4f3d5f79,product,605027f9-8c6a-5d9a-80f7-9d3d42930f12,shortage,false,,inventory_history
677bc686-3d0b-5a49-9697-dfdfd924d817,0554616f-7c0f-505b-9935-e48b4f3d5f79,product,605027f9-8c6a-5d9a-80f7-9d3d42930f12,shortage,false,,inventory_history
770646ba-bf4e-5979-83d5-2852dbf522a7,0554616f-7c0f-505b-9935-e48b4f3d5f79,product,605027f9-8c6a-5d9a-80f7-9d3d42930f12,shortage,false,,inventory_history
dcd639e1-df7d-569c-8cc6-de6580c55bfa,0554616f-7c0f-505b-9935-e48b4f3d5f79,product,a68ed02d-80a0-5ebb-a79e-1ef7c4187de5,shortage,false,,inventory_history
dafc42be-1702-51b7-8ca5-1d9862e16e10,0554616f-7c0f-505b-9935-e48b4f3d5f79,product,a68ed02d-80a0-5ebb-a79e-1ef7c4187de5,shortage,false,,inventory_history
a61e7fc1-1370-5a2b-9965-c8366d4edbe2,0554616f-7c0f-505b-9935-e48b4f3d5f79,product,a32d3b40-78a1-5f18-8b90-4dd8cd4ea27b,shortage,false,,inventory_history
1ffff40c-2247-51ec-8d4c-20b286a2144c,0554616f-7c0f-505b-9935-e48b4f3d5f79,product,a32d3b40-78a1-5f18-8b90-4dd8cd4ea27b,shortage,false,,inventory_history
bfb24c1e-83ce-5415-b58e-e45bc6becd4d,0554616f-7c0f-505b-9935-e48b4f3d5f79,product,eb65b5fa-c2cb-589b-9049-2b6c7bf4d22d,shortage,false,,inventory_history
89a889e5-cc44-556d-8727-0d8b19852fce,0554616f-7c0f-505b-9935-e48b4f3d5f79,product,eb65b5fa-c2cb-589b-9049-2b6c7bf4d22d,shortage,false,,inventory_history
00aa0491-d7e3-5278-9e1f-ffb483f50a78,0554616f-7c0f-505b-9935-e48b4f3d5f79,product,474da520-6891-5d9b-ad56-dbc5e963bb3f,shortage,false,,inventory_history
fad520ed-2b61-5a82-a8b5-14b2788cf1c1,0554616f-7c0f-505b-9935-e48b4f3d5f79,product,474da520-6891-5d9b-ad56-dbc5e963bb3f,shortage,false,,inventory_history
35ea94cc-aba8-52dd-acac-86845e6d1a62,0554616f-7c0f-505b-9935-e48b4f3d5f79,product,474da520-6891-5d9b-ad56-dbc5e963bb3f,shortage,false,,inventory_history
2fc365bb-427c-5154-821c-11cd69800fc8,0554616f-7c0f-505b-9935-e48b4f3d5f79,product,2c21421b-d3c2-55c3-8144-0c1f6b3e4f6a,shortage,false,,inventory_history
3e6658fb-ce1e-54a3-b7ef-7be977d804de,0554616f-7c0f-505b-9935-e48b4f3d5f79,product,2c21421b-d3c2-55c3-8144-0c1f6b3e4f6a,shortage,false,,inventory_history
e78df838-0e57-5221-a963-3ed2348c204c,0554616f-7c0f-505b-9935-e48b4f3d5f79,supplier,afa15ef0-34ab-58ff-ad47-8060502e5f84,impact,false,,shipment_status_history
525f240d-1ca7-5d68-a7f0-c1afad723985,0554616f-7c0f-505b-9935-e48b4f3d5f79,supplier,b3288dd6-e3cd-5ec3-a951-39986285505b,impact,false,,shipment_status_history
32e72374-7456-567f-a4cf-d3fad5d3ce1e,0554616f-7c0f-505b-9935-e48b4f3d5f79,supplier,bed19e03-5ade-5692-8a4e-81fb3e8f965d,impact,false,,shipment_status_history
5165bf46-1096-5053-ab6b-6a18faac48a6,0554616f-7c0f-505b-9935-e48b4f3d5f79,supplier,3dffa708-7186-5ce1-9e9c-96972e56f8bf,impact,false,,shipment_status_history
8d499562-f3bd-5b30-beeb-e89e4cb9be80,0554616f-7c0f-505b-9935-e48b4f3d5f79,supplier,d6589668-bf03-550c-93d5-57ece0241efc,impact,false,,shipment_status_history
687812f0-016f-57d9-87f3-9d211e657cd6,0554616f-7c0f-505b-9935-e48b4f3d5f79,supplier,9981b718-1ab2-586a-ac86-82ab2f6f445c,impact,false,,shipment_status_history
abe9fd0d-2b1e-57aa-976f-ed9ca444bfb7,0554616f-7c0f-505b-9935-e48b4f3d5f79,supplier,9df2da2e-507c-507e-b146-3af5cb0eb852,impact,false,,shipment_status_history
fdcbda5a-4fc5-5cc0-9b4a-f2f3f95ab1a6,0554616f-7c0f-505b-9935-e48b4f3d5f79,supplier,224ca423-2c12-5113-bbd1-50eab06cf470,impact,false,,shipment_status_history
bbf6c10f-1775-5884-9017-c34d1192839b,0554616f-7c0f-505b-9935-e48b4f3d5f79,supplier,960f8f6e-5384-5c35-bfda-77ba61e7822e,impact,true,,shipment_status_history
3d9412b1-47d2-5d85-97ec-74510c460ab0,0554616f-7c0f-505b-9935-e48b4f3d5f79,supplier,8c61a3ad-eb5d-59bc-9d10-16ddbfa7f8b0,impact,false,,shipment_status_history
b23c03d5-30cc-576f-8365-d746607b9d30,0554616f-7c0f-505b-9935-e48b4f3d5f79,supplier,ea344b5b-a6fa-5c52-a82d-6aca1e325dfd,impact,false,,shipment_status_history
06ef992f-2b9b-5fc6-989f-9107f6441b08,0554616f-7c0f-505b-9935-e48b4f3d5f79,supplier,a204cedc-9bbc-5113-b524-27b81d9b9e2d,impact,false,,shipment_status_history
9cbc5411-0c8e-5da3-a4fc-1255a9b64f9b,0554616f-7c0f-505b-9935-e48b4f3d5f79,supplier,c809308b-6bd0-5e7f-8fed-63aa0be429db,impact,false,,shipment_status_history
51b69e93-0446-5818-a45c-701bae648985,0554616f-7c0f-505b-9935-e48b4f3d5f79,supplier,b518e4a1-8b14-5e0f-a7c6-0b6631fe0a5a,impact,true,,shipment_status_history
5aeb44f4-c253-560d-a3d6-bd2f0013cf66,0554616f-7c0f-505b-9935-e48b4f3d5f79,supplier,43b32e98-5a29-5473-b8a5-4357668f5f74,impact,false,,shipment_status_history
03e7287b-8836-5465-95ae-32b33cea85d4,0554616f-7c0f-505b-9935-e48b4f3d5f79,supplier,8f1f2a54-a01e-54a1-9234-72cb24fac6ff,impact,false,,shipment_status_history
e84f6fbf-6953-524d-ba06-3432a514bfcc,0554616f-7c0f-505b-9935-e48b4f3d5f79,supplier,48e2fe7c-35ad-5935-824d-697bfa8226f3,impact,false,,shipment_status_history
7c57a7c2-614a-5977-b2de-7e089deaa886,0554616f-7c0f-505b-9935-e48b4f3d5f79,supplier,f94dbc7c-8aca-554e-ad3f-4e1fa92c88e7,impact,false,,shipment_status_history
1bdd5a05-7260-5857-83c5-9a6f0038efb6,0554616f-7c0f-505b-9935-e48b4f3d5f79,supplier,f478ae52-7c2a-5617-95bb-5f296860910f,impact,false,,shipment_status_history
9c3425f2-0661-515c-934f-b0e3da1581b4,0554616f-7c0f-505b-9935-e48b4f3d5f79,supplier,80102db8-d5d3-5b2c-9e54-5b4fbebca6eb,impact,false,,shipment_status_history
3aa86c39-40e6-5dc9-91a8-f56eab3b55b1,0554616f-7c0f-505b-9935-e48b4f3d5f79,supplier,c27afee2-997d-5290-a74e-2530422664f5,impact,false,,shipment_status_history
3b7e309a-1173-5dec-abd4-ae410f00e5c3,0554616f-7c0f-505b-9935-e48b4f3d5f79,supplier,7126e422-addd-5f29-b3f2-b752caf2e66c,impact,false,,shipment_status_history
498fc104-5a0a-5372-87e1-25a3e35bf793,0554616f-7c0f-505b-9935-e48b4f3d5f79,supplier,7910ac44-1e40-56bb-9ab8-d9ba56ac335c,impact,false,,shipment_status_history
3e3bb2c8-945f-5ecb-a380-640c9ec0d637,0554616f-7c0f-505b-9935-e48b4f3d5f79,supplier,b9aec7bd-f7f9-55cb-b673-5177ddff5e0d,impact,false,,shipment_status_history
d6b97302-3600-5761-9f7a-f78179426630,0554616f-7c0f-505b-9935-e48b4f3d5f79,supplier,b0a44c22-e899-52ff-98a1-85dc4e254380,impact,false,,shipment_status_history
f8ab4031-dee8-56b2-b5d2-436578c5609c,0554616f-7c0f-505b-9935-e48b4f3d5f79,supplier,eee4f3d5-a93a-5cf2-85cd-907416aee337,impact,false,,shipment_status_history
7f7760f3-704a-5dab-b43b-8398b98fb215,0554616f-7c0f-505b-9935-e48b4f3d5f79,supplier,ce3f1829-b358-52a7-bd0e-9eb3d2d95666,impact,false,,shipment_status_history
84f07f6c-3fc2-5fcf-bc7a-9e23a159c6c5,0554616f-7c0f-505b-9935-e48b4f3d5f79,supplier,1cf67535-10cf-5364-a9c7-5b0562d7a6d6,impact,false,,shipment_status_history
0337b7ea-e5e0-5a4f-9610-c75764fbab9d,0554616f-7c0f-505b-9935-e48b4f3d5f79,supplier,b1482d47-285e-53ab-995d-cc9a8165b52c,impact,false,,shipment_status_history
45f5971f-8609-500d-a738-e1c5d1ea6809,0554616f-7c0f-505b-9935-e48b4f3d5f79,supplier,d48fc4d1-ee5a-5d55-92e3-efa651af5e0b,impact,false,,shipment_status_history
82f67b4b-e7e2-5eae-b9d1-10d1f954aaa9,0554616f-7c0f-505b-9935-e48b4f3d5f79,supplier,7cff550d-7458-54fe-906b-849912e2bac5,impact,false,,shipment_status_history
acf25c43-4029-52ac-b085-da1673f9ba83,0554616f-7c0f-505b-9935-e48b4f3d5f79,supplier,3a67adbf-5513-5a16-82f1-1ee2075f84a5,impact,false,,shipment_status_history
ea3eb5e0-ea36-5a09-9cab-c49e2563034c,0554616f-7c0f-505b-9935-e48b4f3d5f79,supplier,1439fed7-3f86-5a06-ae10-6169b01a836b,impact,false,,shipment_status_history
67c2327c-fdad-5741-ba1a-8516380b1154,0554616f-7c0f-505b-9935-e48b4f3d5f79,supplier,6bfe9d03-1d68-5349-a2e7-d2c71322d817,impact,false,,shipment_status_history
474c6ea7-530c-5b6d-9ddb-78a20212c7da,0554616f-7c0f-505b-9935-e48b4f3d5f79,supplier,bda40a80-19c9-5fe0-b729-308b0f59ad25,impact,false,,shipment_status_history
c2329520-7d5b-571a-93ee-b42e6c2ad105,0554616f-7c0f-505b-9935-e48b4f3d5f79,supplier,4140807d-c496-53ae-8f87-15c93cde916b,impact,false,,shipment_status_history
9c6cc407-201d-5127-adfa-d754e42f9805,0554616f-7c0f-505b-9935-e48b4f3d5f79,supplier,6e1d922d-415a-53d0-97d8-f4767299c10e,impact,false,,shipment_status_history
ef6aae16-bf5d-5e01-be4f-989f27685957,0554616f-7c0f-505b-9935-e48b4f3d5f79,supplier,f0aa8198-c2d3-59dc-b748-7bbb43f72614,impact,true,,shipment_status_history
d08ecbec-f56e-5210-abab-5f3767958d09,0554616f-7c0f-505b-9935-e48b4f3d5f79,supplier,9ecc4544-0aaa-5d4b-a20b-19b8dce2c71c,impact,false,,shipment_status_history
7e90a63f-f389-513d-8c5c-c3d830c3fb82,0554616f-7c0f-505b-9935-e48b4f3d5f79,supplier,d56202a0-5ac9-5000-bdef-df809a781522,impact,false,,shipment_status_history
bf05f38e-4670-53f9-a64b-10eaffca176f,0554616f-7c0f-505b-9935-e48b4f3d5f79,supplier,43b5c255-48c1-5b61-ab8b-8bc95266bb1f,impact,false,,shipment_status_history
f0c22c8e-d572-5dab-a872-1fee1aa275d3,0554616f-7c0f-505b-9935-e48b4f3d5f79,supplier,feeb172c-57c6-5067-97db-54ddf632027a,impact,false,,shipment_status_history
3281b4aa-b21e-5a20-8037-b3bfcbe964c4,0554616f-7c0f-505b-9935-e48b4f3d5f79,supplier,15a4b7b5-0940-5f38-887a-51e62e07c4cf,impact,false,,shipment_status_history
9a860e54-03d0-5fb6-bad6-d68a4215559e,0554616f-7c0f-505b-9935-e48b4f3d5f79,supplier,ea95a540-f662-5975-8a79-88352e65c9c4,impact,false,,shipment_status_history
2861f0e9-a6a8-51bc-8d5f-f6053d003b23,0554616f-7c0f-505b-9935-e48b4f3d5f79,supplier,09b007da-c3cd-5c90-912c-64f13e0cb7eb,impact,false,,shipment_status_history
8a29f746-0112-5de3-8bf0-6f0aa00bb6b7,0554616f-7c0f-505b-9935-e48b4f3d5f79,supplier,035f03a2-0aa4-54ab-b965-ffe92a15c554,impact,false,,shipment_status_history
ebc9407e-88c5-5557-8c8b-e5858e25063a,0554616f-7c0f-505b-9935-e48b4f3d5f79,supplier,a080f3ab-6ea0-59f4-b082-807399acde92,impact,false,,shipment_status_history
019b4fa8-ef49-5e67-be2e-89ffc8637ce4,0554616f-7c0f-505b-9935-e48b4f3d5f79,supplier,962efb96-78cf-56c2-9668-d0081024f66b,impact,false,,shipment_status_history
43cb499a-142a-511f-abb0-44b1fe4ae619,0554616f-7c0f-505b-9935-e48b4f3d5f79,supplier,d21da0bc-d1b2-5971-a037-be72ab2d0b0f,impact,false,,shipment_status_history
6404c6d8-3612-5768-9245-35b7b64b1e8e,0554616f-7c0f-505b-9935-e48b4f3d5f79,supplier,6e4b4b02-c6c9-56a6-899b-544e87e288d9,impact,false,,shipment_status_history
162db5c2-a894-50c8-9a94-39c8e31a604a,751bfdea-ef72-5e6e-a54a-e6a7c4492175,shipment,b69aafa6-5c1a-5a1e-9b81-7e4e552e9802,delay,false,,shipment_status_history
35add0d1-2e39-5b07-a375-7a868b8bbceb,751bfdea-ef72-5e6e-a54a-e6a7c4492175,shipment,2c029560-8284-5355-95c1-1d8d8f86794b,delay,true,2024-11-02 00:54:45+00,shipment_status_history
a18ac093-d4a0-59eb-a9d1-951d7f520b3f,751bfdea-ef72-5e6e-a54a-e6a7c4492175,shipment,3a78095f-ffc4-5054-8e62-4907481ea1a6,delay,true,2024-11-04 18:14:41+00,shipment_status_history
6a2f43f6-66de-59fa-97ea-e03b8e948833,751bfdea-ef72-5e6e-a54a-e6a7c4492175,shipment,dcbc0363-c88c-5cf0-99f7-4bd78096f98c,delay,false,,shipment_status_history
d25bd62c-a09a-52f6-97ac-0549c9da8b38,751bfdea-ef72-5e6e-a54a-e6a7c4492175,shipment,98e2318d-10c7-5ad8-90a0-a40c303e6c15,delay,false,,shipment_status_history
211c45c1-f9ab-5feb-878c-3e716e740048,751bfdea-ef72-5e6e-a54a-e6a7c4492175,shipment,fab5d684-dd20-55f1-b0da-ad76787840fb,delay,false,,shipment_status_history
2614620e-a420-5c93-8548-2bf22b6820f9,751bfdea-ef72-5e6e-a54a-e6a7c4492175,shipment,cb42aa87-3e05-5681-810b-7a85727beb0d,delay,false,,shipment_status_history
10415e76-9db8-5595-815e-259ed4b3e077,751bfdea-ef72-5e6e-a54a-e6a7c4492175,shipment,c4bf59bb-ca18-5b29-a65d-b4c0a65f0190,delay,false,,shipment_status_history
bd2d64e6-3272-51d4-8630-cdc1eed50c12,751bfdea-ef72-5e6e-a54a-e6a7c4492175,shipment,c8052cf8-e5df-53dd-8a02-9e2cb97aa6f8,delay,true,2024-11-03 05:21:03+00,shipment_status_history
030239bf-98b6-5ff9-822e-fdc4a44c6315,751bfdea-ef72-5e6e-a54a-e6a7c4492175,shipment,a645e651-1a66-5904-83fd-5347389cbaaf,delay,false,,shipment_status_history
3a919ea5-29e2-5f90-b131-0f4dbe959b40,751bfdea-ef72-5e6e-a54a-e6a7c4492175,shipment,58392ec4-150a-5e70-85df-57aeed7f40f9,delay,false,,shipment_status_history
38e9bd71-5577-573c-bf2d-f76a85cfaa6a,751bfdea-ef72-5e6e-a54a-e6a7c4492175,shipment,d1bf7978-1850-583a-acac-6790b6c07ea8,delay,false,,shipment_status_history
7a2cbf53-4eef-5bbd-98bd-063434c1f413,751bfdea-ef72-5e6e-a54a-e6a7c4492175,shipment,d2a3e1d6-8b33-5bf7-8855-e5233df39198,delay,true,2024-11-06 00:54:39+00,shipment_status_history
e4d11d48-cc52-5ee9-b04c-cd2174d47d7c,751bfdea-ef72-5e6e-a54a-e6a7c4492175,shipment,d790b380-b890-595b-9b7b-496763f9cc7b,delay,false,,shipment_status_history
366c256b-c20a-5f3e-9778-a7c9657ea494,751bfdea-ef72-5e6e-a54a-e6a7c4492175,shipment,a6dcb6f7-b1e4-5365-834c-c6be2a6a61d2,delay,false,,shipment_status_history
e849d359-11c9-5fe1-92b8-9846eb1b3963,751bfdea-ef72-5e6e-a54a-e6a7c4492175,shipment,89389a66-7fb5-5749-b413-c44a929c4864,delay,true,2024-11-05 03:13:56+00,shipment_status_history
f20b1f0f-0bb9-57a1-aaf4-9c514c2d2ef3,751bfdea-ef72-5e6e-a54a-e6a7c4492175,shipment,abff1bfc-9ec1-5028-a80c-a2f7b2845592,delay,false,,shipment_status_history
cfda722f-01a2-5a91-ab1a-71c991f1d972,751bfdea-ef72-5e6e-a54a-e6a7c4492175,shipment,df1076d9-98d1-5e2a-825c-4264b6f008da,delay,true,2024-11-01 10:38:57+00,shipment_status_history
5a4362c0-7794-519b-b6e8-c09c5b23b0b4,751bfdea-ef72-5e6e-a54a-e6a7c4492175,shipment,2e2e2210-7941-535a-a743-02a60dedd8f4,delay,true,2024-11-01 09:20:08+00,shipment_status_history
91ac4778-d2f7-54f8-acad-a1bbbdde8a47,751bfdea-ef72-5e6e-a54a-e6a7c4492175,shipment,63e23f92-d7cc-5255-8941-6109525a97ec,delay,false,,shipment_status_history
36d6def9-adf9-599f-9d5e-97a730896a31,751bfdea-ef72-5e6e-a54a-e6a7c4492175,shipment,daf98124-da0f-5396-944f-36ad8000c5e6,delay,false,,shipment_status_history
45621b16-e139-599b-b9d5-679eb9d0aaa5,751bfdea-ef72-5e6e-a54a-e6a7c4492175,shipment,39353d92-f58d-5382-a979-c69e6abb0713,delay,false,,shipment_status_history
c00481f0-2cdb-5370-a959-d9a00fc64ee9,751bfdea-ef72-5e6e-a54a-e6a7c4492175,shipment,4caff299-48bf-5295-a571-0b81e1086ab9,delay,false,,shipment_status_history
6af88c59-e74a-529b-b6fe-ec9efe160888,751bfdea-ef72-5e6e-a54a-e6a7c4492175,shipment,69c3a799-9699-53b3-ad9a-c3720fe73c0d,delay,false,,shipment_status_history
7722e022-75e0-5554-b8a2-ad66d0a70c49,751bfdea-ef72-5e6e-a54a-e6a7c4492175,shipment,ca7c42e4-5c46-5542-a71d-9c1a18c8349d,delay,false,,shipment_status_history
6409d2b4-1a7b-599a-b39f-1a20039531d2,751bfdea-ef72-5e6e-a54a-e6a7c4492175,shipment,b8add1b0-74dd-5d8e-870e-0ea9ba112160,delay,true,2024-11-07 03:57:00+00,shipment_status_history
e6ac765e-614c-54de-9fed-642d1fb63edf,751bfdea-ef72-5e6e-a54a-e6a7c4492175,shipment,c62e0446-6490-58b2-aa0d-0d4818a35aa4,delay,false,,shipment_status_history
fefd80e0-172d-5826-a35d-5667bb9201d0,751bfdea-ef72-5e6e-a54a-e6a7c4492175,shipment,500ccbdb-7c63-5f40-9735-8d2e5f7f45dc,delay,false,,shipment_status_history
aacb601d-2bde-536d-a3a4-1c3c8fc5009b,751bfdea-ef72-5e6e-a54a-e6a7c4492175,shipment,4c06793e-00ba-5596-adf2-59901087fc9f,delay,true,2024-11-08 14:17:18+00,shipment_status_history
7e4c5654-d348-571e-bef7-68bd0fbc6a41,751bfdea-ef72-5e6e-a54a-e6a7c4492175,shipment,a4eec5e0-9ff8-550b-80de-248f018ba00a,delay,false,,shipment_status_history
7a1fb53f-a596-5d3c-8fb0-bb0d09d42554,751bfdea-ef72-5e6e-a54a-e6a7c4492175,shipment,d9a5a0aa-2dfa-5a1f-af2e-8a05d488b274,delay,false,,shipment_status_history
d9138f34-4db3-5a2b-9b1d-4cd509da743d,751bfdea-ef72-5e6e-a54a-e6a7c4492175,shipment,e0d880c7-9bca-516c-b55a-c54ea6069531,delay,false,,shipment_status_history
a61f8977-6e09-5eb5-901e-19fd8dfedbe3,751bfdea-ef72-5e6e-a54a-e6a7c4492175,shipment,601b37ff-d2c2-51d1-a842-155e57bc9db4,delay,false,,shipment_status_history
a520e11c-9cf3-57f7-b88d-31a88cd16f91,751bfdea-ef72-5e6e-a54a-e6a7c4492175,shipment,00875d58-990c-59f0-8ccd-e24585a399da,delay,false,,shipment_status_history
9b703fa3-4ef0-5667-9578-dd479b598dcc,751bfdea-ef72-5e6e-a54a-e6a7c4492175,shipment,90153bdc-e9ef-5c0c-a364-b96ae8dea6ee,delay,false,,shipment_status_history
db7295d4-623f-5ff8-b217-802d33b0cfdd,751bfdea-ef72-5e6e-a54a-e6a7c4492175,shipment,8ebbd27e-d5fc-5921-a09e-19ace58c76e5,delay,false,,shipment_status_history
c4a9ed8d-66e0-55c7-b0b1-bc37de0c5e64,751bfdea-ef72-5e6e-a54a-e6a7c4492175,shipment,2d41cd85-1ac1-55ca-87b3-aeffb3228321,delay,false,,shipment_status_history
a2309fcf-376e-5322-8f56-f7b3142b103b,751bfdea-ef72-5e6e-a54a-e6a7c4492175,shipment,6f89ac50-70cb-5227-b7af-8ba190532bf1,delay,false,,shipment_status_history
71c1651d-db15-56b6-87e8-c6dc09b6e96a,751bfdea-ef72-5e6e-a54a-e6a7c4492175,shipment,7d5cd7ee-5b59-513b-90de-f1a65ce15313,delay,false,,shipment_status_history
a6c85a01-766f-53a3-805f-49a5a6324582,751bfdea-ef72-5e6e-a54a-e6a7c4492175,shipment,58c2114f-3bca-56e0-9285-f465403d8019,delay,false,,shipment_status_history
51b40dfb-c1b9-5ad2-bf0e-690b98eb85f3,751bfdea-ef72-5e6e-a54a-e6a7c4492175,shipment,580e4cf9-be35-581d-8502-c5d2e965738a,delay,false,,shipment_status_history
41f62976-9e3e-5ebd-abbf-ac771fa65628,751bfdea-ef72-5e6e-a54a-e6a7c4492175,shipment,82490ee6-9bf1-5d44-ab13-58fc2d9009b4,delay,false,,shipment_status_history
f147ec02-0b22-56ac-b4ff-3620ed81addc,751bfdea-ef72-5e6e-a54a-e6a7c4492175,shipment,62c344bd-8ea5-52f9-b090-6f26e1cc807e,delay,false,,shipment_status_history
fb734128-e1fa-5798-81b0-d1673ff2b07c,751bfdea-ef72-5e6e-a54a-e6a7c4492175,shipment,e55a5bcc-2e4d-5058-b63c-62c4f11eb18b,delay,false,,shipment_status_history
338ae1d2-ca2d-5074-920b-2fc4997e8d75,751bfdea-ef72-5e6e-a54a-e6a7c4492175,shipment,9b269607-acf1-5c82-ae38-8e11dac9e867,delay,false,,shipment_status_history
dd963834-1ca0-5aa4-8946-d1b1b7815fed,751bfdea-ef72-5e6e-a54a-e6a7c4492175,shipment,d9267489-11c3-58ad-9784-3f511e137223,delay,false,,shipment_status_history
7e153d4d-79eb-52db-af69-1f58d9e1183b,751bfdea-ef72-5e6e-a54a-e6a7c4492175,shipment,0d4834cd-9172-55ce-888d-65c93bb2e0a0,delay,false,,shipment_status_history
a054903e-2b9f-5c2c-af19-102119831a93,751bfdea-ef72-5e6e-a54a-e6a7c4492175,shipment,f9b6ee02-3b3a-55ef-b755-b0aded179443,delay,false,,shipment_status_history
a9bd30ce-2ce4-5df8-98e0-297ed1add194,751bfdea-ef72-5e6e-a54a-e6a7c4492175,shipment,b3712e8d-140e-56ad-8c5f-31023b6a9bc4,delay,false,,shipment_status_history
1c715cda-8b3f-5389-882e-25212fe4cc68,751bfdea-ef72-5e6e-a54a-e6a7c4492175,shipment,28e62b69-6d4e-5bc0-8eda-25562179ba73,delay,true,2024-11-11 18:17:53+00,shipment_status_history
b8c8673e-65e6-54df-9033-7a7c9d9732e2,751bfdea-ef72-5e6e-a54a-e6a7c4492175,shipment,06ce9e3b-b972-5c71-ab3b-a55906795f6d,delay,false,,shipment_status_history
cbefabee-bf54-581e-b464-a4f1e9a51ec3,751bfdea-ef72-5e6e-a54a-e6a7c4492175,shipment,e78d9d04-19c2-5cc7-899f-a26f3481d819,delay,false,,shipment_status_history
69aae14b-5172-5936-a624-7f9373824397,751bfdea-ef72-5e6e-a54a-e6a7c4492175,shipment,05bc0308-58ce-56df-b7c7-5091316209d8,delay,false,,shipment_status_history
078836af-38bb-5ae8-9493-b23def4ff3b2,751bfdea-ef72-5e6e-a54a-e6a7c4492175,shipment,4b7a8992-99f0-57f0-a8c6-d8e16484c6d1,delay,false,,shipment_status_history
2e98ef36-2f83-53af-9666-6be0397f3bd6,751bfdea-ef72-5e6e-a54a-e6a7c4492175,shipment,0e5cbb99-92b2-5e40-be5b-dea811f081b6,delay,true,2024-11-02 18:09:10+00,shipment_status_history
a9b93b7c-e7a9-5216-8014-4e0754c0034f,751bfdea-ef72-5e6e-a54a-e6a7c4492175,shipment,cbd7cef9-7e4f-511c-b283-0bfe35ccf618,delay,false,,shipment_status_history
190e6652-e323-56b6-ba81-e9b7fdd884e1,751bfdea-ef72-5e6e-a54a-e6a7c4492175,shipment,c003125d-75f6-5861-88ac-41167131da7f,delay,false,,shipment_status_history
33e962f1-8887-5749-b1e8-78a6095a644e,751bfdea-ef72-5e6e-a54a-e6a7c4492175,shipment,6d051106-701e-5433-8646-83662e918295,delay,false,,shipment_status_history
84dc29ae-f5dd-5c51-aebd-3b7a9b99498e,751bfdea-ef72-5e6e-a54a-e6a7c4492175,shipment,70c6bd52-8a3f-5488-b368-d59643d75a6f,delay,false,,shipment_status_history
28c668db-a905-5a4a-88b5-ede42571e3b1,751bfdea-ef72-5e6e-a54a-e6a7c4492175,shipment,9cb149ef-3d4a-57d0-8778-07f76efeee8c,delay,true,2024-11-03 19:29:10+00,shipment_status_history
2d82a3b2-be8f-582c-977c-1fa366253908,751bfdea-ef72-5e6e-a54a-e6a7c4492175,shipment,b1d3aea5-5b92-534b-b8d9-736086a74d12,delay,false,,shipment_status_history
5d7e8816-3404-57ce-bf4f-582ab78c8be2,751bfdea-ef72-5e6e-a54a-e6a7c4492175,shipment,7a494fd3-d476-5e03-94fc-c636c1cf82d8,delay,false,,shipment_status_history
24e17078-96c4-564d-bd13-e52b06791894,751bfdea-ef72-5e6e-a54a-e6a7c4492175,shipment,06a6c0c5-f741-502f-a155-e3e40749340b,delay,false,,shipment_status_history
3e04e649-e67d-5542-b7ec-bd5b72134387,751bfdea-ef72-5e6e-a54a-e6a7c4492175,shipment,37ea601d-6cd2-56e1-a6fb-2757dd56ec97,delay,false,,shipment_status_history
bcf70534-f275-5286-8859-4b72c65c05a2,751bfdea-ef72-5e6e-a54a-e6a7c4492175,shipment,5aba7f67-8884-5080-9d87-3e80d55ee2f9,delay,false,,shipment_status_history
187ed55f-cee1-5a4b-a15e-91d3809de033,751bfdea-ef72-5e6e-a54a-e6a7c4492175,shipment,3cf258cb-b76a-54d7-8ec9-4dc9a823beb1,delay,true,2024-11-08 20:37:49+00,shipment_status_history
bb22529d-7a40-58c7-ad94-f76e1401ea24,751bfdea-ef72-5e6e-a54a-e6a7c4492175,shipment,4e24860d-4496-5330-af19-de3eed59e7c7,delay,false,,shipment_status_history
13ee7527-5da0-500c-bf6f-c3108071ef11,751bfdea-ef72-5e6e-a54a-e6a7c4492175,shipment,c7eb5897-4b28-5674-8c39-f7719a9263cc,delay,false,,shipment_status_history
c93e0a70-da0a-5a4e-a41b-a5c180403dc4,751bfdea-ef72-5e6e-a54a-e6a7c4492175,shipment,ec320f19-516d-563a-a764-c63e222e49b6,delay,false,,shipment_status_history
fa2e129c-4e1c-5a93-972e-77a24b96b0b6,751bfdea-ef72-5e6e-a54a-e6a7c4492175,shipment,087f5364-1c70-5ffa-bdf8-12f661ef098c,delay,false,,shipment_status_history
3af494df-0e85-5796-988c-c68a0bdc5d72,751bfdea-ef72-5e6e-a54a-e6a7c4492175,shipment,92ac0f3f-939c-5f51-ad3b-549faf807fbc,delay,false,,shipment_status_history
ee2d8615-3643-5e8c-af24-ac62703c76d0,751bfdea-ef72-5e6e-a54a-e6a7c4492175,shipment,fa4bc3f5-8a99-528c-bf65-84cc88c4aa0e,delay,false,,shipment_status_history
45f79a13-d336-5f60-b56d-41618c0a715d,751bfdea-ef72-5e6e-a54a-e6a7c4492175,shipment,926049a8-d95c-57e9-a008-bec333d71162,delay,false,,shipment_status_history
cbda1b59-f942-504a-886e-c3928cbf6858,751bfdea-ef72-5e6e-a54a-e6a7c4492175,shipment,52ec7f6a-47e3-5150-a775-9639f9f3b4ca,delay,false,,shipment_status_history
0e358770-04aa-519f-9051-91720ff42556,751bfdea-ef72-5e6e-a54a-e6a7c4492175,shipment,eb3c5d7d-49db-57c6-9b1c-fb3b8d055a64,delay,false,,shipment_status_history
96c350a4-ee00-5364-a986-53452d223cd0,751bfdea-ef72-5e6e-a54a-e6a7c4492175,shipment,c80ad25e-c509-5a3f-a12f-eda903ecbe41,delay,false,,shipment_status_history
6d313475-c809-546a-b488-af980f8c8796,751bfdea-ef72-5e6e-a54a-e6a7c4492175,shipment,64192724-99dc-5ac1-9579-6079710f9db5,delay,false,,shipment_status_history
ccfe5678-4aae-503b-a3ce-a5c9f79291ad,751bfdea-ef72-5e6e-a54a-e6a7c4492175,shipment,9da24c22-ad84-5aef-b494-451a3e026710,delay,false,,shipment_status_history
383760f9-02dd-5a3f-adfa-2ced77436790,751bfdea-ef72-5e6e-a54a-e6a7c4492175,shipment,5c2601ba-84e4-59d9-8932-37a014824b89,delay,false,,shipment_status_history
4479c857-736a-5c1f-ae0b-ffda3a81a3e8,751bfdea-ef72-5e6e-a54a-e6a7c4492175,shipment,42f54958-7082-5391-ac41-469fa9634584,delay,false,,shipment_status_history
28d32937-4b2a-5e89-9794-4686ef2eb082,751bfdea-ef72-5e6e-a54a-e6a7c4492175,shipment,e174bd95-a4b5-5435-841d-5c4c34dd45a4,delay,false,,shipment_status_history
e3fc403b-2950-5d2c-bc50-d53afbfc6eb1,751bfdea-ef72-5e6e-a54a-e6a7c4492175,shipment,249b42d7-06d4-5574-ba36-2a00104c9512,delay,false,,shipment_status_history
a1725275-e1e8-504c-9144-d07e2378e859,751bfdea-ef72-5e6e-a54a-e6a7c4492175,shipment,55945b62-1f32-543c-8997-6cc0a964dea9,delay,false,,shipment_status_history
af15a727-718c-586f-a610-5f9b993eef73,751bfdea-ef72-5e6e-a54a-e6a7c4492175,shipment,6fa9fcf2-9f96-5f4b-9a91-fd1ec99c3ebe,delay,false,,shipment_status_history
2afdca6e-23ec-5470-b6fd-419f40cdabbe,751bfdea-ef72-5e6e-a54a-e6a7c4492175,shipment,49fd4580-4e9f-5d6b-96d3-d71a2602a836,delay,false,,shipment_status_history
d11874f8-e4b2-541d-b61a-f4bfb5e16b45,751bfdea-ef72-5e6e-a54a-e6a7c4492175,shipment,093d451b-67e0-5c66-b30f-5d2ad9743c39,delay,false,,shipment_status_history
812b3c34-bb08-5b8c-96b3-4b5b5a8128f7,751bfdea-ef72-5e6e-a54a-e6a7c4492175,shipment,3e13e501-1356-5d95-8f4b-ecef23c9941b,delay,false,,shipment_status_history
022b820a-c532-56da-a81c-9aeab7e25f8a,751bfdea-ef72-5e6e-a54a-e6a7c4492175,shipment,9a0ed486-b850-54b7-a13e-76883871cac9,delay,false,,shipment_status_history
c4e3a25d-8316-5c7f-b522-32618f5ecfc8,751bfdea-ef72-5e6e-a54a-e6a7c4492175,shipment,5039e53f-781c-5a05-83e4-5c0c4f81fc79,delay,false,,shipment_status_history
9769b1f4-be75-59ef-b6a1-2bfd92ac64f9,751bfdea-ef72-5e6e-a54a-e6a7c4492175,product,c0f44500-e1d1-59e0-b53b-e0e98b24a7cf,shortage,false,,inventory_history
7b124728-8a3c-5f27-a8c2-1fd1bfeaa78b,751bfdea-ef72-5e6e-a54a-e6a7c4492175,product,c0f44500-e1d1-59e0-b53b-e0e98b24a7cf,shortage,false,,inventory_history
1ab68231-1108-54c0-a1ce-481fe3ea21c1,751bfdea-ef72-5e6e-a54a-e6a7c4492175,product,dfaf50bf-7ed8-5e30-b115-e55c44d8e0c1,shortage,false,,inventory_history
1794c1bb-6838-5db5-bc3f-217a43dcec21,751bfdea-ef72-5e6e-a54a-e6a7c4492175,product,dfaf50bf-7ed8-5e30-b115-e55c44d8e0c1,shortage,false,,inventory_history
44c1e65b-a676-5549-ad26-62c1db6a604c,751bfdea-ef72-5e6e-a54a-e6a7c4492175,product,5abd18e8-de32-5af1-b593-d3190e9164a5,shortage,true,2024-11-11 14:00:00+00,inventory_history
53347f93-aa34-5c46-8b30-d256142fcccb,751bfdea-ef72-5e6e-a54a-e6a7c4492175,product,5abd18e8-de32-5af1-b593-d3190e9164a5,shortage,false,,inventory_history
63308fbb-b719-5756-a794-bc533bf8bc1c,751bfdea-ef72-5e6e-a54a-e6a7c4492175,product,98f9ed1d-3d10-5a68-a387-66981e9dde59,shortage,false,,inventory_history
6da92b29-c173-550c-be39-e99d07043cad,751bfdea-ef72-5e6e-a54a-e6a7c4492175,product,98f9ed1d-3d10-5a68-a387-66981e9dde59,shortage,true,2024-11-04 14:00:00+00,inventory_history
a77fc988-a868-55c4-9f1a-a30e953e8fd8,751bfdea-ef72-5e6e-a54a-e6a7c4492175,product,b8b98483-157a-5ddb-81bf-f65f95613caa,shortage,false,,inventory_history
bbaaab92-f363-5477-952f-e647a89bcb35,751bfdea-ef72-5e6e-a54a-e6a7c4492175,product,b8b98483-157a-5ddb-81bf-f65f95613caa,shortage,true,2024-11-11 14:00:00+00,inventory_history
1802f9a0-911b-579f-be73-b1e6f958520a,751bfdea-ef72-5e6e-a54a-e6a7c4492175,product,b8b98483-157a-5ddb-81bf-f65f95613caa,shortage,false,,inventory_history
5966a619-6ec1-52ac-bb40-b01426b03780,751bfdea-ef72-5e6e-a54a-e6a7c4492175,product,ebdcc5e9-63c3-5a52-9521-f031c6154feb,shortage,false,,inventory_history
0c0d84e8-2fa0-52c2-bd94-0e6173540649,751bfdea-ef72-5e6e-a54a-e6a7c4492175,product,ebdcc5e9-63c3-5a52-9521-f031c6154feb,shortage,false,,inventory_history
5c6f745d-4612-5bd8-a131-ff326ecf6b45,751bfdea-ef72-5e6e-a54a-e6a7c4492175,product,6e22d3ea-9fc0-56fa-a367-352e633df40c,shortage,true,2024-11-04 14:00:00+00,inventory_history
993f4f6f-9f1c-5cb3-bbb8-905e1e6624ff,751bfdea-ef72-5e6e-a54a-e6a7c4492175,product,6e22d3ea-9fc0-56fa-a367-352e633df40c,shortage,false,,inventory_history
de014ae8-f828-528e-90f4-ba7f4bab211b,751bfdea-ef72-5e6e-a54a-e6a7c4492175,product,0f7722fa-332a-5a19-922d-1d9cab8dda65,shortage,false,,inventory_history
2bba53e0-767b-5120-9097-c8dedf841eb4,751bfdea-ef72-5e6e-a54a-e6a7c4492175,product,0f7722fa-332a-5a19-922d-1d9cab8dda65,shortage,false,,inventory_history
d77a3085-0358-519e-be9b-616ea7386dff,751bfdea-ef72-5e6e-a54a-e6a7c4492175,product,e3a10959-a74e-5cdd-bd80-3c24836fb062,shortage,false,,inventory_history
65d9e930-0c93-553c-aebd-b9a2ec224eaa,751bfdea-ef72-5e6e-a54a-e6a7c4492175,product,e3a10959-a74e-5cdd-bd80-3c24836fb062,shortage,false,,inventory_history
61e87115-19c5-5cfa-a2c3-76e79ebe7e3e,751bfdea-ef72-5e6e-a54a-e6a7c4492175,product,e3a10959-a74e-5cdd-bd80-3c24836fb062,shortage,false,,inventory_history
a3b9a084-c58b-5de4-b983-f5cbb9e78863,751bfdea-ef72-5e6e-a54a-e6a7c4492175,product,6852d7e8-9827-5aa7-a439-140e7dac645a,shortage,false,,inventory_history
1a3e03b8-f916-5bc2-94f2-d8718f9700dc,751bfdea-ef72-5e6e-a54a-e6a7c4492175,product,6852d7e8-9827-5aa7-a439-140e7dac645a,shortage,false,,inventory_history
bbf799c3-43db-5485-8c09-d7ae87388032,751bfdea-ef72-5e6e-a54a-e6a7c4492175,product,6852d7e8-9827-5aa7-a439-140e7dac645a,shortage,false,,inventory_history
11dc94b5-18d1-5f1f-acd5-60f29a4de551,751bfdea-ef72-5e6e-a54a-e6a7c4492175,product,5b72fcba-23c2-5ea7-9dc2-b32eca367733,shortage,false,,inventory_history
89e7cb34-47b2-5a7c-8ceb-edbe589e3c32,751bfdea-ef72-5e6e-a54a-e6a7c4492175,product,5b72fcba-23c2-5ea7-9dc2-b32eca367733,shortage,true,2024-11-04 14:00:00+00,inventory_history
29837db0-fdb5-5662-9bb1-467aacc89171,751bfdea-ef72-5e6e-a54a-e6a7c4492175,product,c914dcac-18fe-5928-87c0-80e93bb776c2,shortage,true,2024-11-11 14:00:00+00,inventory_history
84ee5ed0-dc89-5cbb-af93-4056cdd52f82,751bfdea-ef72-5e6e-a54a-e6a7c4492175,product,c914dcac-18fe-5928-87c0-80e93bb776c2,shortage,false,,inventory_history
cd9a7aa1-fa4f-5ab8-b416-f1825d32cc7f,751bfdea-ef72-5e6e-a54a-e6a7c4492175,product,d6481438-ce10-5e85-8b0a-fbc48dcd19e7,shortage,false,,inventory_history
0f3466bd-f012-5f16-a938-b7974cd2b9b7,751bfdea-ef72-5e6e-a54a-e6a7c4492175,product,d6481438-ce10-5e85-8b0a-fbc48dcd19e7,shortage,false,,inventory_history
b363dcdd-5850-55f0-a4c0-d0bd90b5510a,751bfdea-ef72-5e6e-a54a-e6a7c4492175,product,015ee94d-a0dc-5a3a-96b4-4318093cd0c8,shortage,true,2024-11-11 14:00:00+00,inventory_history
3ada2b3c-9c75-5fc5-959b-9ef11ef0de05,751bfdea-ef72-5e6e-a54a-e6a7c4492175,product,015ee94d-a0dc-5a3a-96b4-4318093cd0c8,shortage,true,2024-11-04 14:00:00+00,inventory_history
5178fdfd-8f8b-5023-bdf4-5fbacca27565,751bfdea-ef72-5e6e-a54a-e6a7c4492175,product,a4acb526-e0ea-590e-9293-ff9e90059c15,shortage,false,,inventory_history
4ce3fa49-506d-5ad0-9e93-5d76b4dd5e22,751bfdea-ef72-5e6e-a54a-e6a7c4492175,product,a4acb526-e0ea-590e-9293-ff9e90059c15,shortage,false,,inventory_history
5cfbb03e-468c-542b-be08-f04e0cc0ca46,751bfdea-ef72-5e6e-a54a-e6a7c4492175,product,3ba63656-6a91-5254-8fd9-1b6d20dced02,shortage,false,,inventory_history
3595a3de-e2f6-538b-94a0-a959a31f14e0,751bfdea-ef72-5e6e-a54a-e6a7c4492175,product,3ba63656-6a91-5254-8fd9-1b6d20dced02,shortage,false,,inventory_history
2105faa8-963c-57dd-b16b-5d83bbb1cf5c,751bfdea-ef72-5e6e-a54a-e6a7c4492175,product,3ba63656-6a91-5254-8fd9-1b6d20dced02,shortage,false,,inventory_history
77f24f33-9939-559f-b3d1-979312205325,751bfdea-ef72-5e6e-a54a-e6a7c4492175,product,3f7c929e-b070-5624-afcb-413255a3e8b7,shortage,false,,inventory_history
c639d512-7509-5774-b063-b3b44c48588b,751bfdea-ef72-5e6e-a54a-e6a7c4492175,product,3f7c929e-b070-5624-afcb-413255a3e8b7,shortage,true,2024-11-04 14:00:00+00,inventory_history
68b2ebcd-9782-56ff-a872-821180e76445,751bfdea-ef72-5e6e-a54a-e6a7c4492175,product,fc7fc417-cce4-5f70-a6f1-8ce7a0edf5e9,shortage,false,,inventory_history
2bb644cd-256d-5cc6-9e86-39c70fead130,751bfdea-ef72-5e6e-a54a-e6a7c4492175,product,fc7fc417-cce4-5f70-a6f1-8ce7a0edf5e9,shortage,false,,inventory_history
9f72b3a6-2eab-5453-9bb6-4e7594788f36,751bfdea-ef72-5e6e-a54a-e6a7c4492175,product,87bd34d0-75d8-568d-abd0-77f535fdb719,shortage,false,,inventory_history
8dae67eb-a370-5dfa-9e4c-eaae214b7d2b,751bfdea-ef72-5e6e-a54a-e6a7c4492175,product,87bd34d0-75d8-568d-abd0-77f535fdb719,shortage,false,,inventory_history
68b5b31f-9012-59ae-b92d-bfd14867bccf,751bfdea-ef72-5e6e-a54a-e6a7c4492175,product,87bd34d0-75d8-568d-abd0-77f535fdb719,shortage,false,,inventory_history
ea22874a-641d-5897-a902-3208732247c0,751bfdea-ef72-5e6e-a54a-e6a7c4492175,product,12d2e257-18af-5ea5-9b8e-109e869b4b9e,shortage,false,,inventory_history
c1f1f2d0-d88e-530a-bc60-80f4b18f54bb,751bfdea-ef72-5e6e-a54a-e6a7c4492175,product,12d2e257-18af-5ea5-9b8e-109e869b4b9e,shortage,false,,inventory_history
1c3b21c8-b6c0-5809-9758-3c5fea3b5f90,751bfdea-ef72-5e6e-a54a-e6a7c4492175,product,12d2e257-18af-5ea5-9b8e-109e869b4b9e,shortage,false,,inventory_history
399655ae-d88d-52e4-b812-e5a963315b62,751bfdea-ef72-5e6e-a54a-e6a7c4492175,product,7139ebf2-1aff-593d-9366-22949a04fd61,shortage,true,2024-11-11 14:00:00+00,inventory_history
9e8b8c08-2e7f-5e57-8a9f-f57b5ef176eb,751bfdea-ef72-5e6e-a54a-e6a7c4492175,product,7139ebf2-1aff-593d-9366-22949a04fd61,shortage,false,,inventory_history
127cf129-6f23-5258-9d8b-d2b67d1f5f25,751bfdea-ef72-5e6e-a54a-e6a7c4492175,product,7139ebf2-1aff-593d-9366-22949a04fd61,shortage,false,,inventory_history
5bc826a1-d1ed-5421-bb51-49b95a543658,751bfdea-ef72-5e6e-a54a-e6a7c4492175,product,48b59f70-e096-547d-97be-0afd9e0ef1f4,shortage,false,,inventory_history
29669d61-c004-5792-9440-ea3ab341425b,751bfdea-ef72-5e6e-a54a-e6a7c4492175,product,48b59f70-e096-547d-97be-0afd9e0ef1f4,shortage,false,,inventory_history
9425e9eb-84ab-5e9c-9e1f-cb4987da93aa,751bfdea-ef72-5e6e-a54a-e6a7c4492175,product,c7c80e8e-2456-5c4b-97cb-5d6b8aea9e11,shortage,true,2024-11-04 14:00:00+00,inventory_history
50af085d-13a5-52ff-be4b-5390eb8ec6c2,751bfdea-ef72-5e6e-a54a-e6a7c4492175,product,c7c80e8e-2456-5c4b-97cb-5d6b8aea9e11,shortage,false,,inventory_history
ab933a5b-4edd-54c5-b462-98a9df3aa75b,751bfdea-ef72-5e6e-a54a-e6a7c4492175,product,c7c80e8e-2456-5c4b-97cb-5d6b8aea9e11,shortage,false,,inventory_history
e0dd4bde-1da2-5ebe-afd7-1eeaa02c435d,751bfdea-ef72-5e6e-a54a-e6a7c4492175,product,8243c793-3801-5a72-86e5-9ab29d8d498d,shortage,false,,inventory_history
a2a25d02-3d28-5a67-a634-27f29228ec03,751bfdea-ef72-5e6e-a54a-e6a7c4492175,product,8243c793-3801-5a72-86e5-9ab29d8d498d,shortage,false,,inventory_history
85b854fe-75d5-59a6-934c-c6c62ed1a8c2,751bfdea-ef72-5e6e-a54a-e6a7c4492175,product,8243c793-3801-5a72-86e5-9ab29d8d498d,shortage,false,,inventory_history
3050b92d-faa6-574f-a345-d6e091b549fd,751bfdea-ef72-5e6e-a54a-e6a7c4492175,product,5e2cc5fc-7d5b-5bba-ad99-4412ab325860,shortage,false,,inventory_history
4abf698c-956b-5cbb-b737-4b05afc871c8,751bfdea-ef72-5e6e-a54a-e6a7c4492175,product,5e2cc5fc-7d5b-5bba-ad99-4412ab325860,shortage,true,2024-11-04 14:00:00+00,inventory_history
c98030b2-bc7d-50ae-b595-cc7c524a41e0,751bfdea-ef72-5e6e-a54a-e6a7c4492175,product,ce143825-d54b-50ec-92fe-c61fdb5ae610,shortage,false,,inventory_history
976029df-e00f-5dc2-8cf2-760b1925d1a4,751bfdea-ef72-5e6e-a54a-e6a7c4492175,product,ce143825-d54b-50ec-92fe-c61fdb5ae610,shortage,false,,inventory_history
39728efd-ed35-54a9-a5ce-8cffcd0a4469,751bfdea-ef72-5e6e-a54a-e6a7c4492175,product,ce143825-d54b-50ec-92fe-c61fdb5ae610,shortage,false,,inventory_history
3ae32125-c051-5139-8d78-8fd98ed17345,751bfdea-ef72-5e6e-a54a-e6a7c4492175,product,22326882-02d4-5cec-806a-1e1016a55411,shortage,false,,inventory_history
c338bd56-3f8b-5d06-a998-0ef48b8deabb,751bfdea-ef72-5e6e-a54a-e6a7c4492175,product,22326882-02d4-5cec-806a-1e1016a55411,shortage,false,,inventory_history
f0e6afc3-d976-5ec7-a899-0751432b530e,751bfdea-ef72-5e6e-a54a-e6a7c4492175,product,5f832cdc-1407-55fc-8fd5-76ca28247722,shortage,false,,inventory_history
6e744461-2cae-5039-aeca-521f3b6ee582,751bfdea-ef72-5e6e-a54a-e6a7c4492175,product,5f832cdc-1407-55fc-8fd5-76ca28247722,shortage,false,,inventory_history
6e425ec7-1f36-53e1-82b1-a81c2bcaf7f2,751bfdea-ef72-5e6e-a54a-e6a7c4492175,product,5f832cdc-1407-55fc-8fd5-76ca28247722,shortage,false,,inventory_history
dd672284-818c-5573-bf8e-12482701df37,751bfdea-ef72-5e6e-a54a-e6a7c4492175,product,f3d43083-cf37-52fb-bc02-bff47203b7c9,shortage,false,,inventory_history
ead3c1b2-d08a-53ac-bd3f-fbcc721f3c98,751bfdea-ef72-5e6e-a54a-e6a7c4492175,product,f3d43083-cf37-52fb-bc02-bff47203b7c9,shortage,true,2024-11-04 14:00:00+00,inventory_history
67f53362-6543-5a3f-8a43-a59c9a136a14,751bfdea-ef72-5e6e-a54a-e6a7c4492175,product,f3d43083-cf37-52fb-bc02-bff47203b7c9,shortage,false,,inventory_history
a39be4f9-ab91-5fc1-9e5e-046e1354a7b8,751bfdea-ef72-5e6e-a54a-e6a7c4492175,product,d02cf696-fbfe-56b7-8ff3-89608483ee25,shortage,false,,inventory_history
ebe314c6-d807-5ef1-bb9b-a3cf33cf2482,751bfdea-ef72-5e6e-a54a-e6a7c4492175,product,d02cf696-fbfe-56b7-8ff3-89608483ee25,shortage,false,,inventory_history
696488ae-0000-5306-a455-191c9697d4c3,751bfdea-ef72-5e6e-a54a-e6a7c4492175,product,8191a9f6-2263-53f2-a6a6-4c31e81e996e,shortage,false,,inventory_history
6e8d6e76-b0de-57df-b014-0781cd339511,751bfdea-ef72-5e6e-a54a-e6a7c4492175,product,8191a9f6-2263-53f2-a6a6-4c31e81e996e,shortage,false,,inventory_history
24d43ab7-7868-54c1-8617-a5c548ac6efb,751bfdea-ef72-5e6e-a54a-e6a7c4492175,product,8191a9f6-2263-53f2-a6a6-4c31e81e996e,shortage,false,,inventory_history
ee471a9f-3694-5020-92aa-0fd98313e6ff,751bfdea-ef72-5e6e-a54a-e6a7c4492175,product,9b88c78b-34e7-51c0-8f51-940e61379648,shortage,true,2024-11-04 14:00:00+00,inventory_history
38558409-2e7c-55ed-be37-17d4dfa67833,751bfdea-ef72-5e6e-a54a-e6a7c4492175,product,9b88c78b-34e7-51c0-8f51-940e61379648,shortage,false,,inventory_history
ad54eed7-37de-5c53-8a6a-d92f54dac571,751bfdea-ef72-5e6e-a54a-e6a7c4492175,product,9b88c78b-34e7-51c0-8f51-940e61379648,shortage,true,2024-11-11 14:00:00+00,inventory_history
74a5d39e-7bbb-5b6c-b95c-49a818a57ab0,751bfdea-ef72-5e6e-a54a-e6a7c4492175,product,d6e9c7be-33cb-5851-ab77-08e587828108,shortage,false,,inventory_history
ed2308a0-4dfc-545e-82f3-c568b546d205,751bfdea-ef72-5e6e-a54a-e6a7c4492175,product,d6e9c7be-33cb-5851-ab77-08e587828108,shortage,false,,inventory_history
21f3832d-08fb-5027-a97f-385eb221f096,751bfdea-ef72-5e6e-a54a-e6a7c4492175,product,f3c9e6db-5001-5325-b688-27d1d3fc04c1,shortage,false,,inventory_history
99183e2d-b242-508a-99b9-69591291cdab,751bfdea-ef72-5e6e-a54a-e6a7c4492175,product,f3c9e6db-5001-5325-b688-27d1d3fc04c1,shortage,false,,inventory_history
9c750450-1ae4-5b81-8f41-bc5842f916ad,751bfdea-ef72-5e6e-a54a-e6a7c4492175,product,f3c9e6db-5001-5325-b688-27d1d3fc04c1,shortage,false,,inventory_history
9b64c64e-ae3a-588a-8313-456b8ade1923,751bfdea-ef72-5e6e-a54a-e6a7c4492175,product,63b368d3-a702-5229-a0eb-00c0e02acf2c,shortage,false,,inventory_history
04752401-645b-5211-9dd7-f26336a957e5,751bfdea-ef72-5e6e-a54a-e6a7c4492175,product,63b368d3-a702-5229-a0eb-00c0e02acf2c,shortage,false,,inventory_history
6062cdbf-23b2-50bb-8ad2-c3fb6685f241,751bfdea-ef72-5e6e-a54a-e6a7c4492175,product,a32a21a2-1fde-52e6-a745-494a810ef82b,shortage,false,,inventory_history
1a673d3f-df15-5891-84a1-ad28a3cf9dc0,751bfdea-ef72-5e6e-a54a-e6a7c4492175,product,a32a21a2-1fde-52e6-a745-494a810ef82b,shortage,false,,inventory_history
2298821f-5747-5281-94e3-eb3112740d8e,751bfdea-ef72-5e6e-a54a-e6a7c4492175,product,637d71e2-55cf-575a-87f5-1bcee0d0072a,shortage,false,,inventory_history
45060a49-9a7a-5d19-ad4a-8eded1d1e2c2,751bfdea-ef72-5e6e-a54a-e6a7c4492175,product,637d71e2-55cf-575a-87f5-1bcee0d0072a,shortage,true,2024-11-04 14:00:00+00,inventory_history
b32e3f71-e1db-589a-a3b1-9a7f951421c7,751bfdea-ef72-5e6e-a54a-e6a7c4492175,product,43239255-9abf-522a-a0ca-d242c13539cf,shortage,true,2024-11-04 14:00:00+00,inventory_history
c96d340b-19f5-576f-bc69-ecd89ab69269,751bfdea-ef72-5e6e-a54a-e6a7c4492175,product,43239255-9abf-522a-a0ca-d242c13539cf,shortage,false,,inventory_history
7111ec60-5861-55df-a386-9b5b4c3023d1,751bfdea-ef72-5e6e-a54a-e6a7c4492175,product,43239255-9abf-522a-a0ca-d242c13539cf,shortage,false,,inventory_history
367cbac8-470c-57de-8281-8513277fa129,751bfdea-ef72-5e6e-a54a-e6a7c4492175,product,6a379419-7f07-55f2-a7a1-c92bb24d1f27,shortage,true,2024-11-11 14:00:00+00,inventory_history
65a069d6-fd44-53b2-a998-f23d94c43303,751bfdea-ef72-5e6e-a54a-e6a7c4492175,product,6a379419-7f07-55f2-a7a1-c92bb24d1f27,shortage,true,2024-11-04 14:00:00+00,inventory_history
b82ddedc-db6a-5286-be8c-2c5cd30e87ee,751bfdea-ef72-5e6e-a54a-e6a7c4492175,product,6a379419-7f07-55f2-a7a1-c92bb24d1f27,shortage,false,,inventory_history
5fc119dc-e065-578a-9a33-8bb516b6afd7,751bfdea-ef72-5e6e-a54a-e6a7c4492175,product,dbfbb0d5-1eb8-59dd-bad5-834d7a45a348,shortage,false,,inventory_history
284f2d34-af50-5f9f-8aad-cdcedb4eb603,751bfdea-ef72-5e6e-a54a-e6a7c4492175,product,dbfbb0d5-1eb8-59dd-bad5-834d7a45a348,shortage,false,,inventory_history
aa877f68-757e-5bb7-89b8-4d80cd11e209,751bfdea-ef72-5e6e-a54a-e6a7c4492175,product,dbfbb0d5-1eb8-59dd-bad5-834d7a45a348,shortage,true,2024-11-04 14:00:00+00,inventory_history
0df7984a-25e7-5460-87b2-79bc725d73c6,751bfdea-ef72-5e6e-a54a-e6a7c4492175,product,76ce6f91-8d47-5bfd-a8a9-b086d8728beb,shortage,false,,inventory_history
cbac7836-4779-53d0-b973-e74bf658ed00,751bfdea-ef72-5e6e-a54a-e6a7c4492175,product,76ce6f91-8d47-5bfd-a8a9-b086d8728beb,shortage,false,,inventory_history
a90d0243-0d22-529d-8337-d56b0e7ecdba,751bfdea-ef72-5e6e-a54a-e6a7c4492175,product,4ccb08b0-f9e0-5e25-89e3-bea409b0d0cb,shortage,false,,inventory_history
4ffd00bc-f0ad-5e67-992f-9ee8b7de6af9,751bfdea-ef72-5e6e-a54a-e6a7c4492175,product,4ccb08b0-f9e0-5e25-89e3-bea409b0d0cb,shortage,false,,inventory_history
467759f6-7fd9-53d6-ac38-5ae6d1ff9a4e,751bfdea-ef72-5e6e-a54a-e6a7c4492175,product,4ccb08b0-f9e0-5e25-89e3-bea409b0d0cb,shortage,false,,inventory_history
bb88e6d9-4323-5da6-b0c8-2bc0c7576333,751bfdea-ef72-5e6e-a54a-e6a7c4492175,product,7698a25a-a051-53c9-ae74-597da202ffca,shortage,true,2024-11-04 14:00:00+00,inventory_history
38c765dd-34a5-5e47-8622-8ff707776fc5,751bfdea-ef72-5e6e-a54a-e6a7c4492175,product,7698a25a-a051-53c9-ae74-597da202ffca,shortage,false,,inventory_history
64b0308e-c606-5f72-abc6-548c87069bd2,751bfdea-ef72-5e6e-a54a-e6a7c4492175,product,721d117c-620d-5f92-b800-3e89864cc8d3,shortage,false,,inventory_history
ee272933-3997-5416-9f9f-d7f32d430e16,751bfdea-ef72-5e6e-a54a-e6a7c4492175,product,721d117c-620d-5f92-b800-3e89864cc8d3,shortage,false,,inventory_history
24d9839a-3353-5346-bf0e-3515d6818266,751bfdea-ef72-5e6e-a54a-e6a7c4492175,product,721d117c-620d-5f92-b800-3e89864cc8d3,shortage,false,,inventory_history
141327ca-488b-5588-9d76-f9b4e67754c3,751bfdea-ef72-5e6e-a54a-e6a7c4492175,product,571424b7-2fc1-5ceb-8982-7426cc703fff,shortage,false,,inventory_history
8978e435-55d4-5dd7-b7f0-70fa913abd57,751bfdea-ef72-5e6e-a54a-e6a7c4492175,product,571424b7-2fc1-5ceb-8982-7426cc703fff,shortage,false,,inventory_history
52986e01-a292-550d-9ea3-25b3bc7f4725,751bfdea-ef72-5e6e-a54a-e6a7c4492175,product,9096801a-a6fd-5ca3-a667-34759b5adb9e,shortage,false,,inventory_history
e53ec2dc-8280-5427-9f77-ddcc8bf9020b,751bfdea-ef72-5e6e-a54a-e6a7c4492175,product,9096801a-a6fd-5ca3-a667-34759b5adb9e,shortage,false,,inventory_history
3ff1abc3-53c4-50f5-9072-7d778b5f852a,751bfdea-ef72-5e6e-a54a-e6a7c4492175,product,1b8e1d0e-392d-5e23-854a-832f0d6ac35d,shortage,false,,inventory_history
b64aa5c3-9a2f-56d3-8228-ffc9e097807b,751bfdea-ef72-5e6e-a54a-e6a7c4492175,product,1b8e1d0e-392d-5e23-854a-832f0d6ac35d,shortage,false,,inventory_history
39f4ecde-7a8b-5389-a88b-484b55c85284,751bfdea-ef72-5e6e-a54a-e6a7c4492175,product,1b8e1d0e-392d-5e23-854a-832f0d6ac35d,shortage,false,,inventory_history
53640e44-c938-565e-85df-a6620d8a7b2a,751bfdea-ef72-5e6e-a54a-e6a7c4492175,product,8110e190-2a4b-579b-be2c-511de85ab755,shortage,false,,inventory_history
bec5091d-4f0d-582b-a153-4fbe1d31f04c,751bfdea-ef72-5e6e-a54a-e6a7c4492175,product,8110e190-2a4b-579b-be2c-511de85ab755,shortage,false,,inventory_history
47a078c9-96c5-53cb-a28a-7c4e867524ca,751bfdea-ef72-5e6e-a54a-e6a7c4492175,product,ab9d2edf-ae6c-55be-beec-404b29edda19,shortage,false,,inventory_history
decc33d1-12e1-53b1-9369-ffe7f751551a,751bfdea-ef72-5e6e-a54a-e6a7c4492175,product,ab9d2edf-ae6c-55be-beec-404b29edda19,shortage,false,,inventory_history
80af29fb-2c1c-567b-b0d9-c9d903e9e192,751bfdea-ef72-5e6e-a54a-e6a7c4492175,product,ab9d2edf-ae6c-55be-beec-404b29edda19,shortage,false,,inventory_history
5ab6c481-06ce-5e36-8af7-c68cebb31aed,751bfdea-ef72-5e6e-a54a-e6a7c4492175,product,85ee2954-52d3-5ec2-8fea-0575175559ac,shortage,false,,inventory_history
70e78ec5-41cc-545d-9e01-e765a858985b,751bfdea-ef72-5e6e-a54a-e6a7c4492175,product,85ee2954-52d3-5ec2-8fea-0575175559ac,shortage,false,,inventory_history
37c1adef-01a9-544e-8e76-0c02b5bb9b08,751bfdea-ef72-5e6e-a54a-e6a7c4492175,product,85ee2954-52d3-5ec2-8fea-0575175559ac,shortage,false,,inventory_history
ef9e5d56-5c67-5943-bf9d-631da344c745,751bfdea-ef72-5e6e-a54a-e6a7c4492175,product,f40bf37b-20d6-5349-82b6-18cbd1f10e83,shortage,false,,inventory_history
e2591e41-3ca3-5ef1-9f55-389a0d7a4ced,751bfdea-ef72-5e6e-a54a-e6a7c4492175,product,f40bf37b-20d6-5349-82b6-18cbd1f10e83,shortage,false,,inventory_history
1dbdc689-fb1f-5096-acaf-b18f63ef8d75,751bfdea-ef72-5e6e-a54a-e6a7c4492175,product,f40bf37b-20d6-5349-82b6-18cbd1f10e83,shortage,false,,inventory_history
725cb5aa-4965-5371-9853-d4d489307154,751bfdea-ef72-5e6e-a54a-e6a7c4492175,product,263e995b-8be3-5198-adb6-aa81c41bf770,shortage,false,,inventory_history
01923a9e-13b2-5021-9ed8-6b9aa846def8,751bfdea-ef72-5e6e-a54a-e6a7c4492175,product,263e995b-8be3-5198-adb6-aa81c41bf770,shortage,false,,inventory_history
c3141416-3e58-5491-8754-b9f18d0b533e,751bfdea-ef72-5e6e-a54a-e6a7c4492175,product,03daeeea-7468-535a-a03a-78f80e9f433f,shortage,false,,inventory_history
eaf61421-234f-59cd-a466-0d4e44f3503f,751bfdea-ef72-5e6e-a54a-e6a7c4492175,product,03daeeea-7468-535a-a03a-78f80e9f433f,shortage,false,,inventory_history
6f78b3cf-c9c1-556f-b436-c261e2a7909a,751bfdea-ef72-5e6e-a54a-e6a7c4492175,product,72067051-48fc-5737-a00c-93c490bd0b34,shortage,true,2024-11-11 14:00:00+00,inventory_history
7aa6b09d-1b70-5de4-9e71-2f6e330a5bb9,751bfdea-ef72-5e6e-a54a-e6a7c4492175,product,72067051-48fc-5737-a00c-93c490bd0b34,shortage,false,,inventory_history
f7194cdb-3370-5723-8d62-901b0ca47cb0,751bfdea-ef72-5e6e-a54a-e6a7c4492175,product,72067051-48fc-5737-a00c-93c490bd0b34,shortage,false,,inventory_history
e6f4190d-5ac0-5b9b-bc7e-e3b248aed998,751bfdea-ef72-5e6e-a54a-e6a7c4492175,product,73148ed3-fbe9-5571-a16d-34fb5520390e,shortage,false,,inventory_history
09ba17ed-6cdb-5403-bea0-2f067037efab,751bfdea-ef72-5e6e-a54a-e6a7c4492175,product,73148ed3-fbe9-5571-a16d-34fb5520390e,shortage,false,,inventory_history
c75c0e37-416f-51e3-ab81-9bd5fabdd969,751bfdea-ef72-5e6e-a54a-e6a7c4492175,product,515f77ef-9c32-5e75-81c3-2b3795c000f2,shortage,false,,inventory_history
3cd5edd4-15f0-5f16-ba7e-0d28c1c81e69,751bfdea-ef72-5e6e-a54a-e6a7c4492175,product,515f77ef-9c32-5e75-81c3-2b3795c000f2,shortage,false,,inventory_history
fc6a607d-3e9b-5dbb-adc8-a55653ac841f,751bfdea-ef72-5e6e-a54a-e6a7c4492175,product,bcd21179-c89f-5095-808a-e72f06c0841d,shortage,false,,inventory_history
4c247211-5eb4-5b7b-9887-f38773e1e0bc,751bfdea-ef72-5e6e-a54a-e6a7c4492175,product,bcd21179-c89f-5095-808a-e72f06c0841d,shortage,false,,inventory_history
6b60a8bc-07cb-59f1-a3c5-11d85287ce7a,751bfdea-ef72-5e6e-a54a-e6a7c4492175,product,df03a7e9-20ca-5987-a644-76566671155b,shortage,false,,inventory_history
68c2bce2-926b-5d31-93b5-e57de464422d,751bfdea-ef72-5e6e-a54a-e6a7c4492175,product,df03a7e9-20ca-5987-a644-76566671155b,shortage,false,,inventory_history
e9b6880b-9612-5ecf-bb79-bf5acc14de08,751bfdea-ef72-5e6e-a54a-e6a7c4492175,product,df03a7e9-20ca-5987-a644-76566671155b,shortage,false,,inventory_history
e8c7a857-db1e-548f-aaa7-b43da16be88e,751bfdea-ef72-5e6e-a54a-e6a7c4492175,product,49690aee-94fa-525b-b5ce-92feaf54b957,shortage,false,,inventory_history
d00d4be7-1e3f-5497-937d-e218b7b24777,751bfdea-ef72-5e6e-a54a-e6a7c4492175,product,49690aee-94fa-525b-b5ce-92feaf54b957,shortage,false,,inventory_history
a4116a91-9758-5fbe-a2dd-dbca1577f688,751bfdea-ef72-5e6e-a54a-e6a7c4492175,product,ef9ef5f5-f4f4-5cf3-8420-397a6fcbf152,shortage,false,,inventory_history
da7c7b77-f9ab-5263-8af4-e9e48271ba28,751bfdea-ef72-5e6e-a54a-e6a7c4492175,product,ef9ef5f5-f4f4-5cf3-8420-397a6fcbf152,shortage,false,,inventory_history
44063078-7acc-53e6-85ff-1534d971c8ed,751bfdea-ef72-5e6e-a54a-e6a7c4492175,product,70b50d29-9125-53dc-a829-c961b011e429,shortage,false,,inventory_history
4f815337-5bbf-5f2c-b7ab-386bfd69116a,751bfdea-ef72-5e6e-a54a-e6a7c4492175,product,70b50d29-9125-53dc-a829-c961b011e429,shortage,false,,inventory_history
54904d6d-6d74-583d-8e52-f9b706aa9672,751bfdea-ef72-5e6e-a54a-e6a7c4492175,product,70b50d29-9125-53dc-a829-c961b011e429,shortage,false,,inventory_history
df0842ee-6596-5ec0-a4a0-0ca5438be69d,751bfdea-ef72-5e6e-a54a-e6a7c4492175,product,cf40a232-f9b9-5adf-afb6-0a981f2ffcf7,shortage,true,2024-11-11 14:00:00+00,inventory_history
95f0b079-f510-5235-9260-8b1eb6e2a903,751bfdea-ef72-5e6e-a54a-e6a7c4492175,product,cf40a232-f9b9-5adf-afb6-0a981f2ffcf7,shortage,false,,inventory_history
a0ebd8c2-51ca-58b7-a6a6-05ffdfe99875,751bfdea-ef72-5e6e-a54a-e6a7c4492175,product,cf40a232-f9b9-5adf-afb6-0a981f2ffcf7,shortage,false,,inventory_history
b4555ef6-79bf-56e4-a853-add81352bcac,751bfdea-ef72-5e6e-a54a-e6a7c4492175,product,047edcf5-114c-5342-b495-232fc4aaf6fe,shortage,false,,inventory_history
dad1a694-da4f-57d7-b1f6-6834e41e1e0f,751bfdea-ef72-5e6e-a54a-e6a7c4492175,product,047edcf5-114c-5342-b495-232fc4aaf6fe,shortage,false,,inventory_history
d29a9423-a5ef-50f0-a9ce-b2ca4f40fcb5,751bfdea-ef72-5e6e-a54a-e6a7c4492175,product,047edcf5-114c-5342-b495-232fc4aaf6fe,shortage,false,,inventory_history
c2f2e8bd-00bf-5a04-97aa-d2ed130f513f,751bfdea-ef72-5e6e-a54a-e6a7c4492175,product,093be7d5-f016-5f2c-b71d-4dce4b0e9514,shortage,true,2024-11-04 14:00:00+00,inventory_history
8938f519-dbf4-5557-95e3-4a7a77a4f90d,751bfdea-ef72-5e6e-a54a-e6a7c4492175,product,093be7d5-f016-5f2c-b71d-4dce4b0e9514,shortage,true,2024-11-04 14:00:00+00,inventory_history
1f0b56f0-c1d5-5ddb-803a-a8d608372897,751bfdea-ef72-5e6e-a54a-e6a7c4492175,product,093be7d5-f016-5f2c-b71d-4dce4b0e9514,shortage,false,,inventory_history
9e1f20b3-dbd3-546e-bec2-8ee582451a9d,751bfdea-ef72-5e6e-a54a-e6a7c4492175,product,cf629a09-093e-5b99-8bf4-da2438fa51c4,shortage,false,,inventory_history
fd684544-c4fb-5f29-860e-31438d68e2ca,751bfdea-ef72-5e6e-a54a-e6a7c4492175,product,cf629a09-093e-5b99-8bf4-da2438fa51c4,shortage,false,,inventory_history
be28b1cf-89dc-5692-a558-e93f48df4af9,751bfdea-ef72-5e6e-a54a-e6a7c4492175,product,5bfb3415-c6ae-5fa3-a84b-8a98a543ab9a,shortage,false,,inventory_history
7fcc48cb-481d-5a00-b79f-3ff27adbc686,751bfdea-ef72-5e6e-a54a-e6a7c4492175,product,5bfb3415-c6ae-5fa3-a84b-8a98a543ab9a,shortage,false,,inventory_history
f6d51c1f-57a8-5ef8-a65f-cd71b1ba9343,751bfdea-ef72-5e6e-a54a-e6a7c4492175,product,c388846e-4e3c-5d57-b61f-ed13c7edc4da,shortage,false,,inventory_history
34ff7989-5f05-5932-b8de-fc9540c403c1,751bfdea-ef72-5e6e-a54a-e6a7c4492175,product,c388846e-4e3c-5d57-b61f-ed13c7edc4da,shortage,false,,inventory_history
4c2c5caf-714a-55f1-9b32-b05cd6e3c156,751bfdea-ef72-5e6e-a54a-e6a7c4492175,product,6feb3ffe-e89f-55ab-81d5-d9b136a73c27,shortage,false,,inventory_history
42ece6ec-178b-5ef3-9df5-933bcc9475a5,751bfdea-ef72-5e6e-a54a-e6a7c4492175,product,6feb3ffe-e89f-55ab-81d5-d9b136a73c27,shortage,false,,inventory_history
c28bae36-64f5-5e2e-ba59-6419a10108ea,751bfdea-ef72-5e6e-a54a-e6a7c4492175,product,e7c66ad7-b5d3-5271-9438-d4741c6f9cbc,shortage,false,,inventory_history
aa5d68df-2294-5b79-99c3-d3dbb3b39d1c,751bfdea-ef72-5e6e-a54a-e6a7c4492175,product,e7c66ad7-b5d3-5271-9438-d4741c6f9cbc,shortage,false,,inventory_history
69fe906c-d51f-5c3c-9e9b-531d71814f15,751bfdea-ef72-5e6e-a54a-e6a7c4492175,product,e7c66ad7-b5d3-5271-9438-d4741c6f9cbc,shortage,true,2024-11-04 14:00:00+00,inventory_history
9bfed768-70f1-53db-9af5-ff501ec05c5e,751bfdea-ef72-5e6e-a54a-e6a7c4492175,product,5e41eef3-c306-5dd1-ab8c-d305ebc7c2d5,shortage,false,,inventory_history
910b2334-797f-5ffd-a159-2aa0ab126c55,751bfdea-ef72-5e6e-a54a-e6a7c4492175,product,5e41eef3-c306-5dd1-ab8c-d305ebc7c2d5,shortage,false,,inventory_history
b22e9014-ebab-53a4-957e-f2d0ae988318,751bfdea-ef72-5e6e-a54a-e6a7c4492175,product,4bb3265f-5fd8-5ee9-b01b-7ca5808bca6b,shortage,false,,inventory_history
85b612d0-2d17-5164-9f45-6b91e1f8d319,751bfdea-ef72-5e6e-a54a-e6a7c4492175,product,4bb3265f-5fd8-5ee9-b01b-7ca5808bca6b,shortage,false,,inventory_history
3ff6e205-3a24-5949-a04e-6c91dc4e1145,751bfdea-ef72-5e6e-a54a-e6a7c4492175,product,ae16db22-a7d1-5cd3-8409-669d957eb80d,shortage,true,2024-11-04 14:00:00+00,inventory_history
9320abc3-eee1-5f7d-9381-129ca97bd5a4,751bfdea-ef72-5e6e-a54a-e6a7c4492175,product,ae16db22-a7d1-5cd3-8409-669d957eb80d,shortage,false,,inventory_history
90a47691-4b46-5b6e-a681-42d5d432a957,751bfdea-ef72-5e6e-a54a-e6a7c4492175,product,950c0334-92d4-54ec-b05b-35e20983883c,shortage,true,2024-11-11 14:00:00+00,inventory_history
04fbe86e-7dda-565b-9525-05a9268d7160,751bfdea-ef72-5e6e-a54a-e6a7c4492175,product,950c0334-92d4-54ec-b05b-35e20983883c,shortage,false,,inventory_history
c7aca647-0118-595f-9895-d5914a49afde,751bfdea-ef72-5e6e-a54a-e6a7c4492175,product,950c0334-92d4-54ec-b05b-35e20983883c,shortage,false,,inventory_history
5d3ee514-72ec-5245-abec-e7d5eecf6ab9,751bfdea-ef72-5e6e-a54a-e6a7c4492175,product,59115f56-acf8-50f7-9dfd-c99816aa2172,shortage,false,,inventory_history
518a393b-4fc2-5c70-90bd-95b7c5355575,751bfdea-ef72-5e6e-a54a-e6a7c4492175,product,59115f56-acf8-50f7-9dfd-c99816aa2172,shortage,false,,inventory_history
13172612-a2ed-5866-a735-1b5b53798720,751bfdea-ef72-5e6e-a54a-e6a7c4492175,product,605027f9-8c6a-5d9a-80f7-9d3d42930f12,shortage,false,,inventory_history
30e36475-58ec-52be-9466-11a362a8c754,751bfdea-ef72-5e6e-a54a-e6a7c4492175,product,605027f9-8c6a-5d9a-80f7-9d3d42930f12,shortage,false,,inventory_history
2561d68e-0c0b-5483-b025-4d43ad96bb23,751bfdea-ef72-5e6e-a54a-e6a7c4492175,product,605027f9-8c6a-5d9a-80f7-9d3d42930f12,shortage,false,,inventory_history
a43155bf-9a16-5fac-be88-a2eef943949c,751bfdea-ef72-5e6e-a54a-e6a7c4492175,product,a68ed02d-80a0-5ebb-a79e-1ef7c4187de5,shortage,false,,inventory_history
3919ea8f-a231-5eb1-bf36-31b49a51c840,751bfdea-ef72-5e6e-a54a-e6a7c4492175,product,a68ed02d-80a0-5ebb-a79e-1ef7c4187de5,shortage,false,,inventory_history
2d274f1c-db2c-513a-8c7b-0d421f7884e8,751bfdea-ef72-5e6e-a54a-e6a7c4492175,product,a32d3b40-78a1-5f18-8b90-4dd8cd4ea27b,shortage,false,,inventory_history
b4108231-5ea2-59a6-a11e-cd0aee6ea0d2,751bfdea-ef72-5e6e-a54a-e6a7c4492175,product,a32d3b40-78a1-5f18-8b90-4dd8cd4ea27b,shortage,false,,inventory_history
12390572-2719-535b-b6f5-ed95b03065e2,751bfdea-ef72-5e6e-a54a-e6a7c4492175,product,eb65b5fa-c2cb-589b-9049-2b6c7bf4d22d,shortage,false,,inventory_history
7b1fa18f-709e-591d-8c37-0421b9d198f0,751bfdea-ef72-5e6e-a54a-e6a7c4492175,product,eb65b5fa-c2cb-589b-9049-2b6c7bf4d22d,shortage,false,,inventory_history
16c5c034-4ca3-5489-b5a0-277f8c03fcc8,751bfdea-ef72-5e6e-a54a-e6a7c4492175,product,474da520-6891-5d9b-ad56-dbc5e963bb3f,shortage,false,,inventory_history
1b52ce40-952e-5df4-ad15-8b80738ea300,751bfdea-ef72-5e6e-a54a-e6a7c4492175,product,474da520-6891-5d9b-ad56-dbc5e963bb3f,shortage,true,2024-11-04 14:00:00+00,inventory_history
46a9b264-43c1-5241-a7b0-0b29ed43fbb6,751bfdea-ef72-5e6e-a54a-e6a7c4492175,product,474da520-6891-5d9b-ad56-dbc5e963bb3f,shortage,false,,inventory_history
c821d1a3-005f-5139-ad5b-466fbb2ce96d,751bfdea-ef72-5e6e-a54a-e6a7c4492175,product,2c21421b-d3c2-55c3-8144-0c1f6b3e4f6a,shortage,true,2024-11-04 14:00:00+00,inventory_history
4dacbd0c-dc00-5bda-8d3a-1fad0f0869f0,751bfdea-ef72-5e6e-a54a-e6a7c4492175,product,2c21421b-d3c2-55c3-8144-0c1f6b3e4f6a,shortage,false,,inventory_history
75a9ffa6-4f9f-504c-b549-4e1263178690,751bfdea-ef72-5e6e-a54a-e6a7c4492175,supplier,afa15ef0-34ab-58ff-ad47-8060502e5f84,impact,false,,shipment_status_history
95f15676-b21e-5676-b35b-4439a25da12a,751bfdea-ef72-5e6e-a54a-e6a7c4492175,supplier,b3288dd6-e3cd-5ec3-a951-39986285505b,impact,false,,shipment_status_history
ed01f33e-122a-51b5-b2d5-c0fb078100f0,751bfdea-ef72-5e6e-a54a-e6a7c4492175,supplier,bed19e03-5ade-5692-8a4e-81fb3e8f965d,impact,false,,shipment_status_history
471d397b-436d-5fb3-b617-dab1abc58a2b,751bfdea-ef72-5e6e-a54a-e6a7c4492175,supplier,3dffa708-7186-5ce1-9e9c-96972e56f8bf,impact,false,,shipment_status_history
3fc18fab-363c-5337-9ad8-ad53aef9d5de,751bfdea-ef72-5e6e-a54a-e6a7c4492175,supplier,d6589668-bf03-550c-93d5-57ece0241efc,impact,false,,shipment_status_history
162917c2-299c-5a64-b36d-2f696a87a63d,751bfdea-ef72-5e6e-a54a-e6a7c4492175,supplier,9981b718-1ab2-586a-ac86-82ab2f6f445c,impact,false,,shipment_status_history
557a3b93-dd4c-5ae9-b6e6-4627090d6a25,751bfdea-ef72-5e6e-a54a-e6a7c4492175,supplier,9df2da2e-507c-507e-b146-3af5cb0eb852,impact,false,,shipment_status_history
5d38636c-adc1-5148-8396-9fcf64c6c046,751bfdea-ef72-5e6e-a54a-e6a7c4492175,supplier,224ca423-2c12-5113-bbd1-50eab06cf470,impact,false,,shipment_status_history
6b56b9d2-8574-51a5-b251-9b27158ee3be,751bfdea-ef72-5e6e-a54a-e6a7c4492175,supplier,960f8f6e-5384-5c35-bfda-77ba61e7822e,impact,true,,shipment_status_history
58b94906-0987-58ab-8605-e21c27a377cf,751bfdea-ef72-5e6e-a54a-e6a7c4492175,supplier,8c61a3ad-eb5d-59bc-9d10-16ddbfa7f8b0,impact,false,,shipment_status_history
af3846cb-adb1-5c7e-8c5a-c68822ea70f9,751bfdea-ef72-5e6e-a54a-e6a7c4492175,supplier,ea344b5b-a6fa-5c52-a82d-6aca1e325dfd,impact,false,,shipment_status_history
71d59c4c-df8e-5b9e-9227-e2a677dc2210,751bfdea-ef72-5e6e-a54a-e6a7c4492175,supplier,a204cedc-9bbc-5113-b524-27b81d9b9e2d,impact,false,,shipment_status_history
a7bacc69-5ba3-5b3e-91da-0277953bcee4,751bfdea-ef72-5e6e-a54a-e6a7c4492175,supplier,c809308b-6bd0-5e7f-8fed-63aa0be429db,impact,false,,shipment_status_history
fe77803a-30de-5c85-9aa1-783993d6364e,751bfdea-ef72-5e6e-a54a-e6a7c4492175,supplier,b518e4a1-8b14-5e0f-a7c6-0b6631fe0a5a,impact,false,,shipment_status_history
9dc62c9e-6fbd-5914-a0b2-3481bd7d651d,751bfdea-ef72-5e6e-a54a-e6a7c4492175,supplier,43b32e98-5a29-5473-b8a5-4357668f5f74,impact,false,,shipment_status_history
60b3ef99-fd66-56e6-9489-3b96e1c025f6,751bfdea-ef72-5e6e-a54a-e6a7c4492175,supplier,8f1f2a54-a01e-54a1-9234-72cb24fac6ff,impact,false,,shipment_status_history
0cf3a1cd-8fa0-5a7c-826a-7dc541801312,751bfdea-ef72-5e6e-a54a-e6a7c4492175,supplier,48e2fe7c-35ad-5935-824d-697bfa8226f3,impact,false,,shipment_status_history
6f38eec6-8f30-5ef0-9479-68af039e45fc,751bfdea-ef72-5e6e-a54a-e6a7c4492175,supplier,f94dbc7c-8aca-554e-ad3f-4e1fa92c88e7,impact,false,,shipment_status_history
c9f8d281-8adf-5a7b-8390-4b6126dd0054,751bfdea-ef72-5e6e-a54a-e6a7c4492175,supplier,f478ae52-7c2a-5617-95bb-5f296860910f,impact,false,,shipment_status_history
f8fa6e37-c2ae-56ab-a5c2-3a8921e1090b,751bfdea-ef72-5e6e-a54a-e6a7c4492175,supplier,80102db8-d5d3-5b2c-9e54-5b4fbebca6eb,impact,true,,shipment_status_history
dca80dce-1696-5736-aebe-c52fe64c1e00,751bfdea-ef72-5e6e-a54a-e6a7c4492175,supplier,c27afee2-997d-5290-a74e-2530422664f5,impact,false,,shipment_status_history
71a54150-e899-5c23-92af-4c73e9dde6bb,751bfdea-ef72-5e6e-a54a-e6a7c4492175,supplier,7126e422-addd-5f29-b3f2-b752caf2e66c,impact,false,,shipment_status_history
12470ebc-4882-5010-9367-f41917e66666,751bfdea-ef72-5e6e-a54a-e6a7c4492175,supplier,7910ac44-1e40-56bb-9ab8-d9ba56ac335c,impact,false,,shipment_status_history
8c3229ed-aca7-5c26-bcd4-9bdd09110ace,751bfdea-ef72-5e6e-a54a-e6a7c4492175,supplier,b9aec7bd-f7f9-55cb-b673-5177ddff5e0d,impact,false,,shipment_status_history
2892b509-dd7e-59b5-a7c0-98660c05b16f,751bfdea-ef72-5e6e-a54a-e6a7c4492175,supplier,b0a44c22-e899-52ff-98a1-85dc4e254380,impact,false,,shipment_status_history
9c6c10d5-53f6-5240-a74a-f1802ecdeb40,751bfdea-ef72-5e6e-a54a-e6a7c4492175,supplier,eee4f3d5-a93a-5cf2-85cd-907416aee337,impact,false,,shipment_status_history
1e69df47-a86c-595c-8594-48d5c2de1262,751bfdea-ef72-5e6e-a54a-e6a7c4492175,supplier,ce3f1829-b358-52a7-bd0e-9eb3d2d95666,impact,false,,shipment_status_history
c3377797-f6f8-5227-8af1-32518602b422,751bfdea-ef72-5e6e-a54a-e6a7c4492175,supplier,1cf67535-10cf-5364-a9c7-5b0562d7a6d6,impact,false,,shipment_status_history
284f4342-9069-53c4-9eab-37a8102bef3a,751bfdea-ef72-5e6e-a54a-e6a7c4492175,supplier,b1482d47-285e-53ab-995d-cc9a8165b52c,impact,false,,shipment_status_history
36a27629-d2e2-5e29-a7a0-2b6c5cbde291,751bfdea-ef72-5e6e-a54a-e6a7c4492175,supplier,d48fc4d1-ee5a-5d55-92e3-efa651af5e0b,impact,false,,shipment_status_history
3a809318-8da8-599d-aa07-7467151bdef3,751bfdea-ef72-5e6e-a54a-e6a7c4492175,supplier,7cff550d-7458-54fe-906b-849912e2bac5,impact,false,,shipment_status_history
d98a27b9-94eb-5f2b-9020-410087d74b51,751bfdea-ef72-5e6e-a54a-e6a7c4492175,supplier,3a67adbf-5513-5a16-82f1-1ee2075f84a5,impact,false,,shipment_status_history
ade739a9-bda6-56fb-97bf-aabbfe769b67,751bfdea-ef72-5e6e-a54a-e6a7c4492175,supplier,1439fed7-3f86-5a06-ae10-6169b01a836b,impact,false,,shipment_status_history
92dcde5a-7980-5c38-befa-5f66917038ad,751bfdea-ef72-5e6e-a54a-e6a7c4492175,supplier,6bfe9d03-1d68-5349-a2e7-d2c71322d817,impact,false,,shipment_status_history
34850e68-3bfd-5535-85d7-b8ae58a52622,751bfdea-ef72-5e6e-a54a-e6a7c4492175,supplier,bda40a80-19c9-5fe0-b729-308b0f59ad25,impact,false,,shipment_status_history
09d72b0f-45cd-5525-bda1-a54a15e17817,751bfdea-ef72-5e6e-a54a-e6a7c4492175,supplier,4140807d-c496-53ae-8f87-15c93cde916b,impact,false,,shipment_status_history
366f2528-f481-56a7-89e9-97d3541ee293,751bfdea-ef72-5e6e-a54a-e6a7c4492175,supplier,6e1d922d-415a-53d0-97d8-f4767299c10e,impact,false,,shipment_status_history
fc00b52f-6bc0-53cb-844c-cc9afd99f4ab,751bfdea-ef72-5e6e-a54a-e6a7c4492175,supplier,f0aa8198-c2d3-59dc-b748-7bbb43f72614,impact,false,,shipment_status_history
c37dd328-e861-5bb6-9fe0-414c6e489d50,751bfdea-ef72-5e6e-a54a-e6a7c4492175,supplier,9ecc4544-0aaa-5d4b-a20b-19b8dce2c71c,impact,false,,shipment_status_history
69525af4-5eed-5a7d-992c-9b27f3b2fd62,751bfdea-ef72-5e6e-a54a-e6a7c4492175,supplier,d56202a0-5ac9-5000-bdef-df809a781522,impact,false,,shipment_status_history
d1b4bc41-83b4-54b2-84c4-f4c41e367390,751bfdea-ef72-5e6e-a54a-e6a7c4492175,supplier,43b5c255-48c1-5b61-ab8b-8bc95266bb1f,impact,false,,shipment_status_history
62f736e9-56d8-59ec-bdf1-0eea413b2a60,751bfdea-ef72-5e6e-a54a-e6a7c4492175,supplier,feeb172c-57c6-5067-97db-54ddf632027a,impact,false,,shipment_status_history
0e87f226-a14a-593d-9ec5-6d76f012a818,751bfdea-ef72-5e6e-a54a-e6a7c4492175,supplier,15a4b7b5-0940-5f38-887a-51e62e07c4cf,impact,false,,shipment_status_history
99c0b731-4579-5cf8-9ff3-4812413cf423,751bfdea-ef72-5e6e-a54a-e6a7c4492175,supplier,ea95a540-f662-5975-8a79-88352e65c9c4,impact,false,,shipment_status_history
7bce6b27-4359-5ddb-8e1a-68743dfecaf4,751bfdea-ef72-5e6e-a54a-e6a7c4492175,supplier,09b007da-c3cd-5c90-912c-64f13e0cb7eb,impact,false,,shipment_status_history
b94d304a-1027-555c-95bd-7efbf7e455d6,751bfdea-ef72-5e6e-a54a-e6a7c4492175,supplier,035f03a2-0aa4-54ab-b965-ffe92a15c554,impact,true,,shipment_status_history
7478cce0-751b-5aa9-ad33-71c6eb88eeba,751bfdea-ef72-5e6e-a54a-e6a7c4492175,supplier,a080f3ab-6ea0-59f4-b082-807399acde92,impact,false,,shipment_status_history
596f6bf3-126d-5ef3-8e3a-be350eb2473f,751bfdea-ef72-5e6e-a54a-e6a7c4492175,supplier,962efb96-78cf-56c2-9668-d0081024f66b,impact,false,,shipment_status_history
6f570751-1c60-5f20-8cc9-5ac9d4b981d9,751bfdea-ef72-5e6e-a54a-e6a7c4492175,supplier,d21da0bc-d1b2-5971-a037-be72ab2d0b0f,impact,false,,shipment_status_history
c8a96768-d3bb-5b89-baaa-89e3ad63122a,751bfdea-ef72-5e6e-a54a-e6a7c4492175,supplier,6e4b4b02-c6c9-56a6-899b-544e87e288d9,impact,false,,shipment_status_history
2e46268e-83f9-5aa8-a7da-7c3d910c690d,c45621d2-36f0-5f31-bd69-0e8a6c1bdc81,shipment,713693e5-8566-5c8e-b8cd-a4e94cf678d3,delay,true,2024-12-06 06:47:07+00,shipment_status_history
521ae8a7-ef00-577e-9efb-2ae1448e697a,c45621d2-36f0-5f31-bd69-0e8a6c1bdc81,shipment,d3480ae5-3958-5c2a-a881-031401290b07,delay,true,2024-12-03 20:02:27+00,shipment_status_history
51691190-9451-5d42-a2df-72b5cf42b7be,c45621d2-36f0-5f31-bd69-0e8a6c1bdc81,shipment,1be0828f-1237-5dc1-bde8-5d8b92546e00,delay,false,,shipment_status_history
bd82c86e-84af-58a7-a07c-4947dd56e3a4,c45621d2-36f0-5f31-bd69-0e8a6c1bdc81,shipment,6fd15e67-124e-5e71-af61-254df588b823,delay,false,,shipment_status_history
cebdd341-c40e-5a63-a6b4-19986a53aa70,c45621d2-36f0-5f31-bd69-0e8a6c1bdc81,shipment,10bf0e4a-bd35-51ca-925d-bf00a73630a9,delay,false,,shipment_status_history
5bded24d-2c2e-52f4-897f-5e2b9a2429e5,c45621d2-36f0-5f31-bd69-0e8a6c1bdc81,shipment,ff1e9f71-de12-51b6-bcdd-e76a4adb4624,delay,false,,shipment_status_history
e07d90eb-a692-5121-a002-25f940cfabc0,c45621d2-36f0-5f31-bd69-0e8a6c1bdc81,shipment,0936f7c4-cffa-5216-b488-879d48629ea4,delay,false,,shipment_status_history
aead8467-7f5e-533e-a93c-5f4f1a7267ea,c45621d2-36f0-5f31-bd69-0e8a6c1bdc81,shipment,e5397198-b103-58e2-83e4-26153ead310e,delay,false,,shipment_status_history
68f1dd58-5628-5f3a-b08f-8ea5f5fa3c3a,c45621d2-36f0-5f31-bd69-0e8a6c1bdc81,shipment,7d49f1e5-4ac2-5bae-9bb3-73e2be8fe9c3,delay,false,,shipment_status_history
9a72396a-cfda-5919-bee7-7b3c7fb80612,c45621d2-36f0-5f31-bd69-0e8a6c1bdc81,shipment,3195aacd-7e94-54d1-b8e4-ca2715f0b840,delay,false,,shipment_status_history
ee2b5135-6b6e-5333-a9ed-7e822eea1176,c45621d2-36f0-5f31-bd69-0e8a6c1bdc81,shipment,351d5b77-c73e-5ad2-81d2-b58ef93c875c,delay,false,,shipment_status_history
204a4fff-756a-56e1-8fa3-a402532675a9,c45621d2-36f0-5f31-bd69-0e8a6c1bdc81,shipment,3f9255f7-1f26-5316-b77b-43a1d9fb3f4d,delay,false,,shipment_status_history
8f09f094-d1ac-5a09-99e1-b8ed74974c38,c45621d2-36f0-5f31-bd69-0e8a6c1bdc81,shipment,f834128f-6ed5-5cb0-990a-cc4b4a4d7d91,delay,false,,shipment_status_history
28da69ae-7ee5-524b-85c0-fb8f8223d6f4,c45621d2-36f0-5f31-bd69-0e8a6c1bdc81,shipment,65196e52-df4b-58b7-ab1d-051562864a0c,delay,false,,shipment_status_history
c4873c70-c853-5c1c-a58b-a75cd6a915af,c45621d2-36f0-5f31-bd69-0e8a6c1bdc81,shipment,1c085f40-9e56-5211-bf81-59dd238a041e,delay,false,,shipment_status_history
15149730-a09e-57ff-b90e-fee24dc243a6,c45621d2-36f0-5f31-bd69-0e8a6c1bdc81,shipment,f239e896-921f-5bed-8682-3d2c38ae8d01,delay,false,,shipment_status_history
767b8965-56a4-51da-85bb-745e92931e0c,c45621d2-36f0-5f31-bd69-0e8a6c1bdc81,shipment,d5d57518-64ac-5f2b-a2d8-e8bee366351f,delay,false,,shipment_status_history
e64fb979-42be-507b-8749-6395400276dc,c45621d2-36f0-5f31-bd69-0e8a6c1bdc81,shipment,b588bbe6-db52-5344-ba6e-1a5a012f4f28,delay,false,,shipment_status_history
0af9819b-20d0-5985-b653-615dc3aa2adf,c45621d2-36f0-5f31-bd69-0e8a6c1bdc81,shipment,57369a41-9c41-5a58-99b1-a502366b2321,delay,false,,shipment_status_history
04405415-609b-51a6-b8fc-81c8519616a7,c45621d2-36f0-5f31-bd69-0e8a6c1bdc81,shipment,cc63d7ef-5d23-5d72-96af-60bef7a91f4f,delay,false,,shipment_status_history
0df6e988-db86-5e45-a26c-3dcba9a60260,c45621d2-36f0-5f31-bd69-0e8a6c1bdc81,shipment,eb8c600b-e819-5f5a-826d-1f42fed317fe,delay,true,2024-12-01 20:21:17+00,shipment_status_history
cd895862-f60d-5346-95f6-f72df75f6f59,c45621d2-36f0-5f31-bd69-0e8a6c1bdc81,shipment,481b6bb8-6626-5e10-ad18-eda7403e6be3,delay,false,,shipment_status_history
3fb61ac2-19f8-50d3-8455-965f8bdd4998,c45621d2-36f0-5f31-bd69-0e8a6c1bdc81,shipment,06a6c0c5-f741-502f-a155-e3e40749340b,delay,false,,shipment_status_history
b0aba11f-5a53-598e-9546-0dd4a2e653ee,c45621d2-36f0-5f31-bd69-0e8a6c1bdc81,shipment,d76202c2-96b0-5172-b7fb-e51ea645188a,delay,false,,shipment_status_history
98a07326-80b1-5e1e-b42b-de37de4be97a,c45621d2-36f0-5f31-bd69-0e8a6c1bdc81,shipment,60a22d09-f175-5029-bffd-de47822ac8f0,delay,true,2024-12-01 21:43:45+00,shipment_status_history
bb1230d9-cd16-5eaf-854a-f4257b334050,c45621d2-36f0-5f31-bd69-0e8a6c1bdc81,shipment,8aeae1e8-5420-5456-8127-a8817df9721f,delay,false,,shipment_status_history
c6e5235b-3c73-5c1f-b406-1530ecb76ca7,c45621d2-36f0-5f31-bd69-0e8a6c1bdc81,shipment,b53ddbe6-62b8-5a71-90eb-db4337411d4c,delay,false,,shipment_status_history
30f5f0af-ab06-55f3-a110-a39e71d92af1,c45621d2-36f0-5f31-bd69-0e8a6c1bdc81,shipment,3647e63f-5042-51f5-bf05-7eb0f869d89c,delay,false,,shipment_status_history
46a43ae9-e3f8-5b4a-b294-fc6b60306bdf,c45621d2-36f0-5f31-bd69-0e8a6c1bdc81,shipment,573a8493-48e9-5c85-a95e-9bee5fcc7783,delay,false,,shipment_status_history
8a12dbed-a066-50e2-9bf8-742294b858d7,c45621d2-36f0-5f31-bd69-0e8a6c1bdc81,shipment,dc017880-4d0d-5e72-af34-1692c8f070d3,delay,false,,shipment_status_history
a25fb87f-0543-5004-b7f2-94ed118ad901,c45621d2-36f0-5f31-bd69-0e8a6c1bdc81,shipment,d3880466-21a5-53b3-ab3b-066c55182ffb,delay,false,,shipment_status_history
8362e8f0-b2db-5d33-886b-eb4aee35787b,c45621d2-36f0-5f31-bd69-0e8a6c1bdc81,shipment,ca52d128-111a-542f-932a-9a6ec38cf1f7,delay,false,,shipment_status_history
6ebfce16-9c9f-5ced-ab88-cf434d778b65,c45621d2-36f0-5f31-bd69-0e8a6c1bdc81,shipment,3317e8a9-2b1e-5a8d-bef7-7a43cc8c7044,delay,false,,shipment_status_history
f9dddd12-aa11-5079-b687-b418fcb8db61,c45621d2-36f0-5f31-bd69-0e8a6c1bdc81,shipment,1674d8cf-2def-5638-ba65-47d24f8226d9,delay,false,,shipment_status_history
ccdce1a3-4317-5e9c-b8aa-0828aab67b67,c45621d2-36f0-5f31-bd69-0e8a6c1bdc81,shipment,42fa39cd-2738-5024-a12b-f12490d78f3b,delay,false,,shipment_status_history
e689a842-4899-5eae-9326-c4bf7c21d851,c45621d2-36f0-5f31-bd69-0e8a6c1bdc81,shipment,7126c768-f71c-5e72-83d3-7c5e3b512281,delay,false,,shipment_status_history
44f1392e-b418-5df9-b71d-95fcd4e3a3d0,c45621d2-36f0-5f31-bd69-0e8a6c1bdc81,shipment,087c5f28-124a-595f-bd2c-bba590a6ee25,delay,false,,shipment_status_history
df83a3b3-d4b6-50de-92c4-104a389d3878,c45621d2-36f0-5f31-bd69-0e8a6c1bdc81,shipment,509fbbbd-0c55-5329-8bc0-8de1c10c561c,delay,false,,shipment_status_history
99b396f6-790f-50ec-8e48-2c1fff92165c,c45621d2-36f0-5f31-bd69-0e8a6c1bdc81,shipment,c22bd5e6-a90f-540b-b94a-856a5875f2a3,delay,false,,shipment_status_history
efdbb300-2382-55db-b960-c5a64e7fd857,c45621d2-36f0-5f31-bd69-0e8a6c1bdc81,shipment,21d8ccb6-7125-51e5-9891-5fdea7c0d3cc,delay,false,,shipment_status_history
bb034670-3c3d-56ac-b48a-1a679a8e77aa,c45621d2-36f0-5f31-bd69-0e8a6c1bdc81,shipment,2f85392e-2242-56de-947d-b714fdc1bc03,delay,false,,shipment_status_history
4044a629-0990-5306-8c33-288c371fbeb2,c45621d2-36f0-5f31-bd69-0e8a6c1bdc81,shipment,52568bb6-27c4-505e-b39b-c528069028ab,delay,false,,shipment_status_history
1759731c-e0f8-573a-a55a-f17d569386eb,c45621d2-36f0-5f31-bd69-0e8a6c1bdc81,shipment,8d65461f-2cd8-5a34-98fd-5fb6090df055,delay,false,,shipment_status_history
1a4bcdad-bf41-5235-8a7d-b552cad320ee,c45621d2-36f0-5f31-bd69-0e8a6c1bdc81,shipment,d17a86f1-719c-59c2-b3c0-f84b6a2eeec9,delay,false,,shipment_status_history
511ad7a1-2565-51ac-9c9f-b340d8049b45,c45621d2-36f0-5f31-bd69-0e8a6c1bdc81,shipment,9f5ab6b9-6ccb-58ae-b434-d5ee94482694,delay,false,,shipment_status_history
e3814a0e-674a-54f7-a216-63fe8c17ff15,c45621d2-36f0-5f31-bd69-0e8a6c1bdc81,shipment,eb7320d0-d9bf-55c3-9a47-8c47cf728f86,delay,false,,shipment_status_history
fc72aeea-11af-5114-9a97-1bad340a8d16,c45621d2-36f0-5f31-bd69-0e8a6c1bdc81,shipment,ae79ddd4-3dd7-5ee9-96ad-a221adff221b,delay,false,,shipment_status_history
f836b203-58db-5c23-83d2-7ca7124b6b16,c45621d2-36f0-5f31-bd69-0e8a6c1bdc81,shipment,2e310adc-959d-5d80-9ef9-754676affe1a,delay,false,,shipment_status_history
60f0bc42-4218-58c9-b6a9-9fe2d9467bd3,c45621d2-36f0-5f31-bd69-0e8a6c1bdc81,shipment,56f41fe4-8c3e-5873-ade6-caa51db02f5f,delay,false,,shipment_status_history
9de5c577-0794-5df5-9765-4f5b73fe4995,c45621d2-36f0-5f31-bd69-0e8a6c1bdc81,shipment,2d951305-c363-54d0-8cd3-afefccfb07f5,delay,false,,shipment_status_history
8e8565a9-e826-5974-bfbe-c8228951ffc6,c45621d2-36f0-5f31-bd69-0e8a6c1bdc81,shipment,3c3d9f8f-4853-59ff-a8e4-eed4c17c2fa1,delay,false,,shipment_status_history
15061c6b-1c7c-5d46-a71d-90c972755edb,c45621d2-36f0-5f31-bd69-0e8a6c1bdc81,shipment,dc31e8b2-5442-5de3-bd14-089b247ebdc2,delay,false,,shipment_status_history
4669aa38-6b59-5f95-8db0-fb3deafc7a8b,c45621d2-36f0-5f31-bd69-0e8a6c1bdc81,shipment,beb05651-5605-5853-aa3d-672dee42e9f0,delay,false,,shipment_status_history
ad8ff338-249a-53f8-8da0-141535939932,c45621d2-36f0-5f31-bd69-0e8a6c1bdc81,product,c0f44500-e1d1-59e0-b53b-e0e98b24a7cf,shortage,false,,inventory_history
dd1d8cd6-8999-59e4-bb8e-b25144b7fdd0,c45621d2-36f0-5f31-bd69-0e8a6c1bdc81,product,c0f44500-e1d1-59e0-b53b-e0e98b24a7cf,shortage,false,,inventory_history
1c5d34a6-e625-57cf-8322-bed756fdab3d,c45621d2-36f0-5f31-bd69-0e8a6c1bdc81,product,dfaf50bf-7ed8-5e30-b115-e55c44d8e0c1,shortage,false,,inventory_history
2cb165a6-132f-5957-affa-212208d26170,c45621d2-36f0-5f31-bd69-0e8a6c1bdc81,product,dfaf50bf-7ed8-5e30-b115-e55c44d8e0c1,shortage,false,,inventory_history
25a5632c-b60a-5458-af06-95b18d3b2912,c45621d2-36f0-5f31-bd69-0e8a6c1bdc81,product,5abd18e8-de32-5af1-b593-d3190e9164a5,shortage,false,,inventory_history
45503381-67d3-589b-a7dc-0d8474367700,c45621d2-36f0-5f31-bd69-0e8a6c1bdc81,product,5abd18e8-de32-5af1-b593-d3190e9164a5,shortage,false,,inventory_history
1df05345-6026-51c9-9e06-db2deb5afeac,c45621d2-36f0-5f31-bd69-0e8a6c1bdc81,product,98f9ed1d-3d10-5a68-a387-66981e9dde59,shortage,false,,inventory_history
007fb026-e79d-5fca-9f66-83ba28f8bed5,c45621d2-36f0-5f31-bd69-0e8a6c1bdc81,product,98f9ed1d-3d10-5a68-a387-66981e9dde59,shortage,false,,inventory_history
5661aec7-b54e-5d9e-b227-89ee41df45e2,c45621d2-36f0-5f31-bd69-0e8a6c1bdc81,product,b8b98483-157a-5ddb-81bf-f65f95613caa,shortage,true,2024-12-09 14:00:00+00,inventory_history
7d6c7e1b-2d8f-573c-aa7a-1276dd8d6499,c45621d2-36f0-5f31-bd69-0e8a6c1bdc81,product,b8b98483-157a-5ddb-81bf-f65f95613caa,shortage,false,,inventory_history
ca2e4a23-5a25-5b41-963a-d01b7ca1fe9d,c45621d2-36f0-5f31-bd69-0e8a6c1bdc81,product,b8b98483-157a-5ddb-81bf-f65f95613caa,shortage,false,,inventory_history
2db6fba1-5f3e-52b1-9f3d-9adc87d5512a,c45621d2-36f0-5f31-bd69-0e8a6c1bdc81,product,ebdcc5e9-63c3-5a52-9521-f031c6154feb,shortage,false,,inventory_history
ca23d348-c2c7-5835-a098-d4979880f35b,c45621d2-36f0-5f31-bd69-0e8a6c1bdc81,product,ebdcc5e9-63c3-5a52-9521-f031c6154feb,shortage,false,,inventory_history
a616c8fb-8791-5735-9bfd-01f2c0fb5aae,c45621d2-36f0-5f31-bd69-0e8a6c1bdc81,product,6e22d3ea-9fc0-56fa-a367-352e633df40c,shortage,false,,inventory_history
2089db56-0018-5c3a-8dcf-adff2adc76a1,c45621d2-36f0-5f31-bd69-0e8a6c1bdc81,product,6e22d3ea-9fc0-56fa-a367-352e633df40c,shortage,false,,inventory_history
abf7fa13-0d0a-55f9-bc6c-2d61bd96e976,c45621d2-36f0-5f31-bd69-0e8a6c1bdc81,product,0f7722fa-332a-5a19-922d-1d9cab8dda65,shortage,false,,inventory_history
90880595-1077-5061-a7e7-d66aceb374e9,c45621d2-36f0-5f31-bd69-0e8a6c1bdc81,product,0f7722fa-332a-5a19-922d-1d9cab8dda65,shortage,false,,inventory_history
868f477f-860e-5afa-9d9b-0f3dd568d569,c45621d2-36f0-5f31-bd69-0e8a6c1bdc81,product,e3a10959-a74e-5cdd-bd80-3c24836fb062,shortage,false,,inventory_history
1e9431f8-807b-599d-831a-36702943ef18,c45621d2-36f0-5f31-bd69-0e8a6c1bdc81,product,e3a10959-a74e-5cdd-bd80-3c24836fb062,shortage,false,,inventory_history
67783e43-765f-5aac-8c3b-cec669b90bae,c45621d2-36f0-5f31-bd69-0e8a6c1bdc81,product,e3a10959-a74e-5cdd-bd80-3c24836fb062,shortage,false,,inventory_history
cfbc6040-c382-5d34-b795-5ad50c551b26,c45621d2-36f0-5f31-bd69-0e8a6c1bdc81,product,6852d7e8-9827-5aa7-a439-140e7dac645a,shortage,false,,inventory_history
1da0db48-37b6-5440-ba01-33d122e37d3c,c45621d2-36f0-5f31-bd69-0e8a6c1bdc81,product,6852d7e8-9827-5aa7-a439-140e7dac645a,shortage,false,,inventory_history
f1c7525f-61d1-5289-8517-004dd265f7e3,c45621d2-36f0-5f31-bd69-0e8a6c1bdc81,product,6852d7e8-9827-5aa7-a439-140e7dac645a,shortage,false,,inventory_history
c1a52fec-b20d-5366-820f-7df0a768d006,c45621d2-36f0-5f31-bd69-0e8a6c1bdc81,product,5b72fcba-23c2-5ea7-9dc2-b32eca367733,shortage,false,,inventory_history
b2b81a57-09f7-5ee8-a93c-c7b93357ab00,c45621d2-36f0-5f31-bd69-0e8a6c1bdc81,product,5b72fcba-23c2-5ea7-9dc2-b32eca367733,shortage,false,,inventory_history
9976100c-e8ce-5c06-a9a4-887dc0d1373a,c45621d2-36f0-5f31-bd69-0e8a6c1bdc81,product,c914dcac-18fe-5928-87c0-80e93bb776c2,shortage,false,,inventory_history
20152ad4-48dc-59a0-91d4-523f2c93d9b0,c45621d2-36f0-5f31-bd69-0e8a6c1bdc81,product,c914dcac-18fe-5928-87c0-80e93bb776c2,shortage,false,,inventory_history
1337dd68-4878-5c08-b225-7aa966e0a253,c45621d2-36f0-5f31-bd69-0e8a6c1bdc81,product,d6481438-ce10-5e85-8b0a-fbc48dcd19e7,shortage,false,,inventory_history
fdc6d9c6-d2a5-50e8-95d3-d7d9d191e84c,c45621d2-36f0-5f31-bd69-0e8a6c1bdc81,product,d6481438-ce10-5e85-8b0a-fbc48dcd19e7,shortage,false,,inventory_history
2513685f-4269-5008-a962-29560ce3c5e3,c45621d2-36f0-5f31-bd69-0e8a6c1bdc81,product,015ee94d-a0dc-5a3a-96b4-4318093cd0c8,shortage,false,,inventory_history
b098d1bb-2e03-5d19-94a0-308a897fcd4c,c45621d2-36f0-5f31-bd69-0e8a6c1bdc81,product,015ee94d-a0dc-5a3a-96b4-4318093cd0c8,shortage,false,,inventory_history
0e76bf6a-d2bf-55a5-91db-b5042a6c2b4d,c45621d2-36f0-5f31-bd69-0e8a6c1bdc81,product,a4acb526-e0ea-590e-9293-ff9e90059c15,shortage,false,,inventory_history
94894b1c-ca97-5472-b83f-9ba7ba4156dc,c45621d2-36f0-5f31-bd69-0e8a6c1bdc81,product,a4acb526-e0ea-590e-9293-ff9e90059c15,shortage,false,,inventory_history
86f6ac26-8023-5a30-92d2-c97a91139a7d,c45621d2-36f0-5f31-bd69-0e8a6c1bdc81,product,3ba63656-6a91-5254-8fd9-1b6d20dced02,shortage,false,,inventory_history
ef343cf1-830a-5a0e-ba0e-32fdb5ef0a0e,c45621d2-36f0-5f31-bd69-0e8a6c1bdc81,product,3ba63656-6a91-5254-8fd9-1b6d20dced02,shortage,false,,inventory_history
58b4a4ac-a610-5b5e-86b6-fbc7f128c2cb,c45621d2-36f0-5f31-bd69-0e8a6c1bdc81,product,3ba63656-6a91-5254-8fd9-1b6d20dced02,shortage,false,,inventory_history
14d6ceeb-315b-5382-b138-6e231101a3f4,c45621d2-36f0-5f31-bd69-0e8a6c1bdc81,product,3f7c929e-b070-5624-afcb-413255a3e8b7,shortage,false,,inventory_history
b22baf2c-dd59-52c1-90d8-36b7442a5084,c45621d2-36f0-5f31-bd69-0e8a6c1bdc81,product,3f7c929e-b070-5624-afcb-413255a3e8b7,shortage,true,2024-12-02 14:00:00+00,inventory_history
1ffbe76c-bce8-5500-aae1-189793a5d4c1,c45621d2-36f0-5f31-bd69-0e8a6c1bdc81,product,fc7fc417-cce4-5f70-a6f1-8ce7a0edf5e9,shortage,false,,inventory_history
e6520622-2d61-5773-b274-27a167cbbcd5,c45621d2-36f0-5f31-bd69-0e8a6c1bdc81,product,fc7fc417-cce4-5f70-a6f1-8ce7a0edf5e9,shortage,false,,inventory_history
9af725ee-aae6-5d8c-ac82-fc524ada283d,c45621d2-36f0-5f31-bd69-0e8a6c1bdc81,product,87bd34d0-75d8-568d-abd0-77f535fdb719,shortage,true,2024-12-09 14:00:00+00,inventory_history
d271df7e-bdd3-580d-a4f7-73a424581651,c45621d2-36f0-5f31-bd69-0e8a6c1bdc81,product,87bd34d0-75d8-568d-abd0-77f535fdb719,shortage,false,,inventory_history
dd9fd749-4fed-58ed-9e57-e3ddf75e1083,c45621d2-36f0-5f31-bd69-0e8a6c1bdc81,product,87bd34d0-75d8-568d-abd0-77f535fdb719,shortage,false,,inventory_history
11fd5266-d694-58e9-bd29-30f214e7c5f4,c45621d2-36f0-5f31-bd69-0e8a6c1bdc81,product,12d2e257-18af-5ea5-9b8e-109e869b4b9e,shortage,false,,inventory_history
016b4c4a-a2d5-59a3-8c50-4e7d2531f8cc,c45621d2-36f0-5f31-bd69-0e8a6c1bdc81,product,12d2e257-18af-5ea5-9b8e-109e869b4b9e,shortage,false,,inventory_history
0c596646-7a80-5a7d-bf68-b3c5b8510601,c45621d2-36f0-5f31-bd69-0e8a6c1bdc81,product,12d2e257-18af-5ea5-9b8e-109e869b4b9e,shortage,false,,inventory_history
1d7ea05a-92c1-59e0-ae8a-7d8dd5e59419,c45621d2-36f0-5f31-bd69-0e8a6c1bdc81,product,7139ebf2-1aff-593d-9366-22949a04fd61,shortage,false,,inventory_history
a0da58a9-d9b2-56b2-85f9-cb7a65137c8e,c45621d2-36f0-5f31-bd69-0e8a6c1bdc81,product,7139ebf2-1aff-593d-9366-22949a04fd61,shortage,false,,inventory_history
164ab327-435e-56e0-ae53-6650e5ee52f8,c45621d2-36f0-5f31-bd69-0e8a6c1bdc81,product,7139ebf2-1aff-593d-9366-22949a04fd61,shortage,false,,inventory_history
51f3124e-5b78-5117-b3fd-d72c9db80c88,c45621d2-36f0-5f31-bd69-0e8a6c1bdc81,product,48b59f70-e096-547d-97be-0afd9e0ef1f4,shortage,false,,inventory_history
bf547232-0d48-5570-8d19-b076c1d0f54a,c45621d2-36f0-5f31-bd69-0e8a6c1bdc81,product,48b59f70-e096-547d-97be-0afd9e0ef1f4,shortage,true,2024-12-02 14:00:00+00,inventory_history
77ac0d68-e83a-5bd4-9ac7-825771c71a60,c45621d2-36f0-5f31-bd69-0e8a6c1bdc81,product,c7c80e8e-2456-5c4b-97cb-5d6b8aea9e11,shortage,false,,inventory_history
7d026bce-a2d0-51a0-8d01-352c42352f51,c45621d2-36f0-5f31-bd69-0e8a6c1bdc81,product,c7c80e8e-2456-5c4b-97cb-5d6b8aea9e11,shortage,false,,inventory_history
afb8b228-970f-5cee-abf3-949085c31063,c45621d2-36f0-5f31-bd69-0e8a6c1bdc81,product,c7c80e8e-2456-5c4b-97cb-5d6b8aea9e11,shortage,false,,inventory_history
6729ed87-6543-5252-890d-6004e54b73b8,c45621d2-36f0-5f31-bd69-0e8a6c1bdc81,product,8243c793-3801-5a72-86e5-9ab29d8d498d,shortage,false,,inventory_history
bc17d8da-a13a-5641-911c-0047094441a8,c45621d2-36f0-5f31-bd69-0e8a6c1bdc81,product,8243c793-3801-5a72-86e5-9ab29d8d498d,shortage,false,,inventory_history
593d7b98-4e3a-5eed-8cb0-50e2331a081d,c45621d2-36f0-5f31-bd69-0e8a6c1bdc81,product,8243c793-3801-5a72-86e5-9ab29d8d498d,shortage,false,,inventory_history
ea16c924-b2f9-531d-97c2-aeb3bf6be125,c45621d2-36f0-5f31-bd69-0e8a6c1bdc81,product,5e2cc5fc-7d5b-5bba-ad99-4412ab325860,shortage,false,,inventory_history
f56ff376-602a-5dad-b86e-a4d4bf297af7,c45621d2-36f0-5f31-bd69-0e8a6c1bdc81,product,5e2cc5fc-7d5b-5bba-ad99-4412ab325860,shortage,false,,inventory_history
ffea3cf5-3dc2-55ce-9cd7-9b8a2636516a,c45621d2-36f0-5f31-bd69-0e8a6c1bdc81,product,ce143825-d54b-50ec-92fe-c61fdb5ae610,shortage,false,,inventory_history
632d5856-43bf-5823-99de-3b5eb16aea4d,c45621d2-36f0-5f31-bd69-0e8a6c1bdc81,product,ce143825-d54b-50ec-92fe-c61fdb5ae610,shortage,false,,inventory_history
db8570ea-c4c2-59a9-98e1-4900a86322ac,c45621d2-36f0-5f31-bd69-0e8a6c1bdc81,product,ce143825-d54b-50ec-92fe-c61fdb5ae610,shortage,false,,inventory_history
609d5b86-567a-53f1-8bd4-5170064d9098,c45621d2-36f0-5f31-bd69-0e8a6c1bdc81,product,22326882-02d4-5cec-806a-1e1016a55411,shortage,false,,inventory_history
4742fb6d-6f81-5322-ad59-27048674ba08,c45621d2-36f0-5f31-bd69-0e8a6c1bdc81,product,22326882-02d4-5cec-806a-1e1016a55411,shortage,false,,inventory_history
05057743-29be-59fd-a41e-9192b712cd53,c45621d2-36f0-5f31-bd69-0e8a6c1bdc81,product,5f832cdc-1407-55fc-8fd5-76ca28247722,shortage,true,2024-12-02 14:00:00+00,inventory_history
14ba74ab-5611-58ce-84ca-c11aadff6bdc,c45621d2-36f0-5f31-bd69-0e8a6c1bdc81,product,5f832cdc-1407-55fc-8fd5-76ca28247722,shortage,false,,inventory_history
a925d5c6-44d0-5b3f-a014-338e112a04f7,c45621d2-36f0-5f31-bd69-0e8a6c1bdc81,product,5f832cdc-1407-55fc-8fd5-76ca28247722,shortage,false,,inventory_history
73466be4-6d74-5442-a38a-672569726f34,c45621d2-36f0-5f31-bd69-0e8a6c1bdc81,product,f3d43083-cf37-52fb-bc02-bff47203b7c9,shortage,false,,inventory_history
aeed999e-5a28-5015-9867-92ca6c007f2b,c45621d2-36f0-5f31-bd69-0e8a6c1bdc81,product,f3d43083-cf37-52fb-bc02-bff47203b7c9,shortage,false,,inventory_history
7829497d-dd79-52d0-9840-9845e3da2b2c,c45621d2-36f0-5f31-bd69-0e8a6c1bdc81,product,f3d43083-cf37-52fb-bc02-bff47203b7c9,shortage,false,,inventory_history
948e5dad-5f30-5e22-8106-38c64b0efd5d,c45621d2-36f0-5f31-bd69-0e8a6c1bdc81,product,d02cf696-fbfe-56b7-8ff3-89608483ee25,shortage,false,,inventory_history
468f013e-903b-52bd-bd9e-04bda175890a,c45621d2-36f0-5f31-bd69-0e8a6c1bdc81,product,d02cf696-fbfe-56b7-8ff3-89608483ee25,shortage,false,,inventory_history
0d375863-03b3-5ee5-921a-3b12797e6421,c45621d2-36f0-5f31-bd69-0e8a6c1bdc81,product,8191a9f6-2263-53f2-a6a6-4c31e81e996e,shortage,false,,inventory_history
4bbc1834-a590-5351-8eb9-0364c923bd58,c45621d2-36f0-5f31-bd69-0e8a6c1bdc81,product,8191a9f6-2263-53f2-a6a6-4c31e81e996e,shortage,false,,inventory_history
3e7fb428-ce1d-5281-9bd3-3db602557083,c45621d2-36f0-5f31-bd69-0e8a6c1bdc81,product,8191a9f6-2263-53f2-a6a6-4c31e81e996e,shortage,false,,inventory_history
54db2645-ffc3-5719-a144-7f3e29bf9e9d,c45621d2-36f0-5f31-bd69-0e8a6c1bdc81,product,9b88c78b-34e7-51c0-8f51-940e61379648,shortage,false,,inventory_history
195b0715-d022-5f14-8f85-bdfe4f187c3d,c45621d2-36f0-5f31-bd69-0e8a6c1bdc81,product,9b88c78b-34e7-51c0-8f51-940e61379648,shortage,false,,inventory_history
a347d959-12ad-5546-b5b5-c081a0f94bd0,c45621d2-36f0-5f31-bd69-0e8a6c1bdc81,product,9b88c78b-34e7-51c0-8f51-940e61379648,shortage,false,,inventory_history
81521394-20e2-527c-8aec-f90b431222ee,c45621d2-36f0-5f31-bd69-0e8a6c1bdc81,product,d6e9c7be-33cb-5851-ab77-08e587828108,shortage,false,,inventory_history
b706aa9b-4f24-5f1d-bebb-e4cedce2ce95,c45621d2-36f0-5f31-bd69-0e8a6c1bdc81,product,d6e9c7be-33cb-5851-ab77-08e587828108,shortage,false,,inventory_history
ffa8657d-def4-5588-b9a9-16bf87737032,c45621d2-36f0-5f31-bd69-0e8a6c1bdc81,product,f3c9e6db-5001-5325-b688-27d1d3fc04c1,shortage,false,,inventory_history
de269c0a-2fca-5294-a99d-d30200627d6a,c45621d2-36f0-5f31-bd69-0e8a6c1bdc81,product,f3c9e6db-5001-5325-b688-27d1d3fc04c1,shortage,false,,inventory_history
a76faf4c-449b-5f21-ad2b-e0f8e836654e,c45621d2-36f0-5f31-bd69-0e8a6c1bdc81,product,f3c9e6db-5001-5325-b688-27d1d3fc04c1,shortage,false,,inventory_history
a430908d-da24-5c1d-88e5-365f58f4c2d9,c45621d2-36f0-5f31-bd69-0e8a6c1bdc81,product,63b368d3-a702-5229-a0eb-00c0e02acf2c,shortage,false,,inventory_history
bae83264-0f17-5dd2-b4fa-d9449e0ca7f6,c45621d2-36f0-5f31-bd69-0e8a6c1bdc81,product,63b368d3-a702-5229-a0eb-00c0e02acf2c,shortage,false,,inventory_history
db483da5-e6a3-53e3-8924-d9deaa438c8d,c45621d2-36f0-5f31-bd69-0e8a6c1bdc81,product,a32a21a2-1fde-52e6-a745-494a810ef82b,shortage,false,,inventory_history
f8bb1060-df92-5828-9cca-2bde5ba604ed,c45621d2-36f0-5f31-bd69-0e8a6c1bdc81,product,a32a21a2-1fde-52e6-a745-494a810ef82b,shortage,false,,inventory_history
ea8bf902-64ff-5ef2-a470-4bdda418b71d,c45621d2-36f0-5f31-bd69-0e8a6c1bdc81,product,637d71e2-55cf-575a-87f5-1bcee0d0072a,shortage,false,,inventory_history
8c0f3769-5df4-5359-9ffd-38f4674a977a,c45621d2-36f0-5f31-bd69-0e8a6c1bdc81,product,637d71e2-55cf-575a-87f5-1bcee0d0072a,shortage,false,,inventory_history
9e8c5e96-2f8d-5751-a0a7-8b5ef35b78e6,c45621d2-36f0-5f31-bd69-0e8a6c1bdc81,product,43239255-9abf-522a-a0ca-d242c13539cf,shortage,false,,inventory_history
5a1fdf95-106c-5bda-b951-af4256272992,c45621d2-36f0-5f31-bd69-0e8a6c1bdc81,product,43239255-9abf-522a-a0ca-d242c13539cf,shortage,false,,inventory_history
fe3488ea-bf6f-5606-98f8-44825484c578,c45621d2-36f0-5f31-bd69-0e8a6c1bdc81,product,43239255-9abf-522a-a0ca-d242c13539cf,shortage,false,,inventory_history
a707262f-9fea-59bd-8826-289d3f4f9ff1,c45621d2-36f0-5f31-bd69-0e8a6c1bdc81,product,6a379419-7f07-55f2-a7a1-c92bb24d1f27,shortage,false,,inventory_history
8e4fca17-77fa-5d97-9171-54e9716052db,c45621d2-36f0-5f31-bd69-0e8a6c1bdc81,product,6a379419-7f07-55f2-a7a1-c92bb24d1f27,shortage,false,,inventory_history
ec013510-fd1b-57db-812b-d6398ae2af81,c45621d2-36f0-5f31-bd69-0e8a6c1bdc81,product,6a379419-7f07-55f2-a7a1-c92bb24d1f27,shortage,false,,inventory_history
53f1f2db-31ef-572a-a7f7-0717b8192a3e,c45621d2-36f0-5f31-bd69-0e8a6c1bdc81,product,dbfbb0d5-1eb8-59dd-bad5-834d7a45a348,shortage,false,,inventory_history
6d8dbfb4-0827-5cd2-bac9-ebd9d587a52a,c45621d2-36f0-5f31-bd69-0e8a6c1bdc81,product,dbfbb0d5-1eb8-59dd-bad5-834d7a45a348,shortage,false,,inventory_history
f8c4ef22-2603-5f67-8636-28cd1e8b13c6,c45621d2-36f0-5f31-bd69-0e8a6c1bdc81,product,dbfbb0d5-1eb8-59dd-bad5-834d7a45a348,shortage,false,,inventory_history
908cc782-7015-5c6f-9584-cf7c8f8b93fa,c45621d2-36f0-5f31-bd69-0e8a6c1bdc81,product,76ce6f91-8d47-5bfd-a8a9-b086d8728beb,shortage,false,,inventory_history
70fc21b6-689f-5563-9943-b7b9f5dc0172,c45621d2-36f0-5f31-bd69-0e8a6c1bdc81,product,76ce6f91-8d47-5bfd-a8a9-b086d8728beb,shortage,false,,inventory_history
74924ace-d994-5ab0-af97-6ea580b5130d,c45621d2-36f0-5f31-bd69-0e8a6c1bdc81,product,4ccb08b0-f9e0-5e25-89e3-bea409b0d0cb,shortage,false,,inventory_history
74353b3d-1d68-5cd2-aff1-845bcfd9c0da,c45621d2-36f0-5f31-bd69-0e8a6c1bdc81,product,4ccb08b0-f9e0-5e25-89e3-bea409b0d0cb,shortage,false,,inventory_history
53724e2f-bd5a-509d-bd96-832b175a60f9,c45621d2-36f0-5f31-bd69-0e8a6c1bdc81,product,4ccb08b0-f9e0-5e25-89e3-bea409b0d0cb,shortage,false,,inventory_history
0155bc65-3e55-5eb3-b7db-d05f0f192d2d,c45621d2-36f0-5f31-bd69-0e8a6c1bdc81,product,7698a25a-a051-53c9-ae74-597da202ffca,shortage,false,,inventory_history
aa47cf2f-74ac-5252-95dc-8226b2cdc76b,c45621d2-36f0-5f31-bd69-0e8a6c1bdc81,product,7698a25a-a051-53c9-ae74-597da202ffca,shortage,false,,inventory_history
c2946835-1ec6-5c48-adb0-5ee387cf6445,c45621d2-36f0-5f31-bd69-0e8a6c1bdc81,product,721d117c-620d-5f92-b800-3e89864cc8d3,shortage,false,,inventory_history
fd4e34f4-fd26-587d-9479-4a33baf5a2e1,c45621d2-36f0-5f31-bd69-0e8a6c1bdc81,product,721d117c-620d-5f92-b800-3e89864cc8d3,shortage,false,,inventory_history
e3127f8e-869b-5f09-aee5-6f8f9b6e2c96,c45621d2-36f0-5f31-bd69-0e8a6c1bdc81,product,721d117c-620d-5f92-b800-3e89864cc8d3,shortage,false,,inventory_history
5b2c3104-b623-5b5a-9f53-0f5e2f7c8971,c45621d2-36f0-5f31-bd69-0e8a6c1bdc81,product,571424b7-2fc1-5ceb-8982-7426cc703fff,shortage,false,,inventory_history
757656d2-868d-58ca-a5a2-849061195e0c,c45621d2-36f0-5f31-bd69-0e8a6c1bdc81,product,571424b7-2fc1-5ceb-8982-7426cc703fff,shortage,false,,inventory_history
4d7ce724-10fc-5966-96a2-611c9867f507,c45621d2-36f0-5f31-bd69-0e8a6c1bdc81,product,9096801a-a6fd-5ca3-a667-34759b5adb9e,shortage,false,,inventory_history
a7194a29-7480-58f5-b5ef-21e8d5d63fb3,c45621d2-36f0-5f31-bd69-0e8a6c1bdc81,product,9096801a-a6fd-5ca3-a667-34759b5adb9e,shortage,false,,inventory_history
8fcb9d25-c1a1-593a-b843-c5532e7ba811,c45621d2-36f0-5f31-bd69-0e8a6c1bdc81,product,1b8e1d0e-392d-5e23-854a-832f0d6ac35d,shortage,false,,inventory_history
04001a2c-ce8c-5a7e-8609-68dda39ba4a2,c45621d2-36f0-5f31-bd69-0e8a6c1bdc81,product,1b8e1d0e-392d-5e23-854a-832f0d6ac35d,shortage,false,,inventory_history
080c45fe-5b92-57fa-ab19-833fddc74da1,c45621d2-36f0-5f31-bd69-0e8a6c1bdc81,product,1b8e1d0e-392d-5e23-854a-832f0d6ac35d,shortage,false,,inventory_history
4a57e858-595f-547b-be4b-f470fded55f2,c45621d2-36f0-5f31-bd69-0e8a6c1bdc81,product,8110e190-2a4b-579b-be2c-511de85ab755,shortage,false,,inventory_history
f819d016-6d32-5bd5-912a-78123f2920d6,c45621d2-36f0-5f31-bd69-0e8a6c1bdc81,product,8110e190-2a4b-579b-be2c-511de85ab755,shortage,false,,inventory_history
fff618c1-267d-57ea-aab1-3b40a4c944db,c45621d2-36f0-5f31-bd69-0e8a6c1bdc81,product,ab9d2edf-ae6c-55be-beec-404b29edda19,shortage,false,,inventory_history
4c425e66-3e9e-5068-9065-4f24fb945d73,c45621d2-36f0-5f31-bd69-0e8a6c1bdc81,product,ab9d2edf-ae6c-55be-beec-404b29edda19,shortage,false,,inventory_history
5b00afee-0941-5f70-9334-20b3ef1ae376,c45621d2-36f0-5f31-bd69-0e8a6c1bdc81,product,ab9d2edf-ae6c-55be-beec-404b29edda19,shortage,false,,inventory_history
281d147a-1066-54d9-af78-3996284f652d,c45621d2-36f0-5f31-bd69-0e8a6c1bdc81,product,85ee2954-52d3-5ec2-8fea-0575175559ac,shortage,false,,inventory_history
ee91f397-d09f-5b48-834e-ed797a7a2ed1,c45621d2-36f0-5f31-bd69-0e8a6c1bdc81,product,85ee2954-52d3-5ec2-8fea-0575175559ac,shortage,false,,inventory_history
1c223b8f-dc2e-58bb-8c2c-b6b88e8e8f72,c45621d2-36f0-5f31-bd69-0e8a6c1bdc81,product,85ee2954-52d3-5ec2-8fea-0575175559ac,shortage,false,,inventory_history
072c3cb8-4712-5604-b51b-a94e140345be,c45621d2-36f0-5f31-bd69-0e8a6c1bdc81,product,f40bf37b-20d6-5349-82b6-18cbd1f10e83,shortage,false,,inventory_history
c5d212d2-8d36-576e-a9d2-ed54c84b49b4,c45621d2-36f0-5f31-bd69-0e8a6c1bdc81,product,f40bf37b-20d6-5349-82b6-18cbd1f10e83,shortage,false,,inventory_history
b4c1a99a-50b9-5aae-bb8f-0bb76560326a,c45621d2-36f0-5f31-bd69-0e8a6c1bdc81,product,f40bf37b-20d6-5349-82b6-18cbd1f10e83,shortage,false,,inventory_history
d31ca7ff-447d-5236-bc45-fb1e6df6eaa9,c45621d2-36f0-5f31-bd69-0e8a6c1bdc81,product,263e995b-8be3-5198-adb6-aa81c41bf770,shortage,false,,inventory_history
82ae5105-5313-518c-adf2-bebf0b2f06ca,c45621d2-36f0-5f31-bd69-0e8a6c1bdc81,product,263e995b-8be3-5198-adb6-aa81c41bf770,shortage,false,,inventory_history
c4d8b4e7-a9c6-57a7-a683-7dea0c128d06,c45621d2-36f0-5f31-bd69-0e8a6c1bdc81,product,03daeeea-7468-535a-a03a-78f80e9f433f,shortage,false,,inventory_history
d4343332-8e3b-5202-ad53-eff873f108ca,c45621d2-36f0-5f31-bd69-0e8a6c1bdc81,product,03daeeea-7468-535a-a03a-78f80e9f433f,shortage,false,,inventory_history
a47bfb2e-faa2-5e20-9922-3e25ab49880e,c45621d2-36f0-5f31-bd69-0e8a6c1bdc81,product,72067051-48fc-5737-a00c-93c490bd0b34,shortage,false,,inventory_history
90696785-c056-5d06-b490-d5627206ad3f,c45621d2-36f0-5f31-bd69-0e8a6c1bdc81,product,72067051-48fc-5737-a00c-93c490bd0b34,shortage,false,,inventory_history
b5568bd3-66c2-5c4c-96ff-0ee5ebbcd342,c45621d2-36f0-5f31-bd69-0e8a6c1bdc81,product,72067051-48fc-5737-a00c-93c490bd0b34,shortage,true,2024-12-02 14:00:00+00,inventory_history
d7f83a8b-ad6d-5322-b31e-0366a05257db,c45621d2-36f0-5f31-bd69-0e8a6c1bdc81,product,73148ed3-fbe9-5571-a16d-34fb5520390e,shortage,false,,inventory_history
3f35eaa2-ab09-5766-97b8-eda1784876e8,c45621d2-36f0-5f31-bd69-0e8a6c1bdc81,product,73148ed3-fbe9-5571-a16d-34fb5520390e,shortage,false,,inventory_history
94cb948b-6dda-5efd-a3ef-43d1ea600647,c45621d2-36f0-5f31-bd69-0e8a6c1bdc81,product,515f77ef-9c32-5e75-81c3-2b3795c000f2,shortage,false,,inventory_history
660942e9-8199-5142-b310-3e30c963d3d9,c45621d2-36f0-5f31-bd69-0e8a6c1bdc81,product,515f77ef-9c32-5e75-81c3-2b3795c000f2,shortage,false,,inventory_history
ccb82e75-25d0-5a57-84c7-0c6502e843c3,c45621d2-36f0-5f31-bd69-0e8a6c1bdc81,product,bcd21179-c89f-5095-808a-e72f06c0841d,shortage,false,,inventory_history
1dc73985-62a7-568b-a3ca-7bdfed2aeae6,c45621d2-36f0-5f31-bd69-0e8a6c1bdc81,product,bcd21179-c89f-5095-808a-e72f06c0841d,shortage,false,,inventory_history
e802237b-da3a-5f2c-ae18-1929ff101eef,c45621d2-36f0-5f31-bd69-0e8a6c1bdc81,product,df03a7e9-20ca-5987-a644-76566671155b,shortage,false,,inventory_history
97a198c9-5838-5efc-9444-15de9c357c1f,c45621d2-36f0-5f31-bd69-0e8a6c1bdc81,product,df03a7e9-20ca-5987-a644-76566671155b,shortage,false,,inventory_history
8b0b67c4-5fd0-58e7-9705-f6428b3c5cd8,c45621d2-36f0-5f31-bd69-0e8a6c1bdc81,product,df03a7e9-20ca-5987-a644-76566671155b,shortage,false,,inventory_history
aa1ac9dc-d760-5a68-bb53-56747c36e567,c45621d2-36f0-5f31-bd69-0e8a6c1bdc81,product,49690aee-94fa-525b-b5ce-92feaf54b957,shortage,false,,inventory_history
3243d16a-373d-57f7-b5c8-d4fed78778b0,c45621d2-36f0-5f31-bd69-0e8a6c1bdc81,product,49690aee-94fa-525b-b5ce-92feaf54b957,shortage,false,,inventory_history
83db50d9-ca82-5942-b6a3-2da36649bcc3,c45621d2-36f0-5f31-bd69-0e8a6c1bdc81,product,ef9ef5f5-f4f4-5cf3-8420-397a6fcbf152,shortage,false,,inventory_history
f5e12646-4d7e-59e8-9b90-3406b247f324,c45621d2-36f0-5f31-bd69-0e8a6c1bdc81,product,ef9ef5f5-f4f4-5cf3-8420-397a6fcbf152,shortage,false,,inventory_history
f1ecf2df-07cd-5f14-aef9-05a07f380a44,c45621d2-36f0-5f31-bd69-0e8a6c1bdc81,product,70b50d29-9125-53dc-a829-c961b011e429,shortage,false,,inventory_history
e9701383-e0b9-5a67-9763-2078df1838aa,c45621d2-36f0-5f31-bd69-0e8a6c1bdc81,product,70b50d29-9125-53dc-a829-c961b011e429,shortage,false,,inventory_history
5dee5b50-940f-52ae-ae54-ef171a4a60f1,c45621d2-36f0-5f31-bd69-0e8a6c1bdc81,product,70b50d29-9125-53dc-a829-c961b011e429,shortage,false,,inventory_history
6a001e9f-7951-586a-94da-77f66b11acf6,c45621d2-36f0-5f31-bd69-0e8a6c1bdc81,product,cf40a232-f9b9-5adf-afb6-0a981f2ffcf7,shortage,false,,inventory_history
5bedb709-e314-5162-974a-0f6175d1fa97,c45621d2-36f0-5f31-bd69-0e8a6c1bdc81,product,cf40a232-f9b9-5adf-afb6-0a981f2ffcf7,shortage,false,,inventory_history
5ef5ecec-5f11-5314-a18a-7053d521f214,c45621d2-36f0-5f31-bd69-0e8a6c1bdc81,product,cf40a232-f9b9-5adf-afb6-0a981f2ffcf7,shortage,false,,inventory_history
9764a69a-b957-55ce-b4c4-82c778a9ddb1,c45621d2-36f0-5f31-bd69-0e8a6c1bdc81,product,047edcf5-114c-5342-b495-232fc4aaf6fe,shortage,false,,inventory_history
8ade83fd-4b76-54f2-9bf5-cdf9a73e2857,c45621d2-36f0-5f31-bd69-0e8a6c1bdc81,product,047edcf5-114c-5342-b495-232fc4aaf6fe,shortage,false,,inventory_history
1e21d625-47c5-564d-bb8f-35cc445f6628,c45621d2-36f0-5f31-bd69-0e8a6c1bdc81,product,047edcf5-114c-5342-b495-232fc4aaf6fe,shortage,false,,inventory_history
71b546ca-080b-5448-b0b1-74d8468a737e,c45621d2-36f0-5f31-bd69-0e8a6c1bdc81,product,093be7d5-f016-5f2c-b71d-4dce4b0e9514,shortage,false,,inventory_history
020b53a9-5711-5ca2-9840-c242ed4af30e,c45621d2-36f0-5f31-bd69-0e8a6c1bdc81,product,093be7d5-f016-5f2c-b71d-4dce4b0e9514,shortage,false,,inventory_history
84fb2b3a-47bf-549e-b65c-ccf7faed9356,c45621d2-36f0-5f31-bd69-0e8a6c1bdc81,product,093be7d5-f016-5f2c-b71d-4dce4b0e9514,shortage,false,,inventory_history
1086180a-9671-56aa-a95a-e580e654b5bf,c45621d2-36f0-5f31-bd69-0e8a6c1bdc81,product,cf629a09-093e-5b99-8bf4-da2438fa51c4,shortage,false,,inventory_history
bdf0b8c9-3040-50db-9527-7c0c99dcffa8,c45621d2-36f0-5f31-bd69-0e8a6c1bdc81,product,cf629a09-093e-5b99-8bf4-da2438fa51c4,shortage,false,,inventory_history
2e54c876-dc16-5a70-8cbc-e0bb70008887,c45621d2-36f0-5f31-bd69-0e8a6c1bdc81,product,5bfb3415-c6ae-5fa3-a84b-8a98a543ab9a,shortage,false,,inventory_history
a1301f22-8906-59f4-b14c-4b7640c8c5ca,c45621d2-36f0-5f31-bd69-0e8a6c1bdc81,product,5bfb3415-c6ae-5fa3-a84b-8a98a543ab9a,shortage,false,,inventory_history
ca0a89c9-dde3-5149-8341-27b1057c597b,c45621d2-36f0-5f31-bd69-0e8a6c1bdc81,product,c388846e-4e3c-5d57-b61f-ed13c7edc4da,shortage,false,,inventory_history
de283426-35c7-592b-bf06-6f5a7efce2ac,c45621d2-36f0-5f31-bd69-0e8a6c1bdc81,product,c388846e-4e3c-5d57-b61f-ed13c7edc4da,shortage,false,,inventory_history
ca6d331c-bfe1-5cf5-ad74-d65b10f5d57e,c45621d2-36f0-5f31-bd69-0e8a6c1bdc81,product,6feb3ffe-e89f-55ab-81d5-d9b136a73c27,shortage,false,,inventory_history
057e20c4-0c8b-571c-820a-90e81a9ee89e,c45621d2-36f0-5f31-bd69-0e8a6c1bdc81,product,6feb3ffe-e89f-55ab-81d5-d9b136a73c27,shortage,false,,inventory_history
8fc530d3-a7ee-5ac5-b428-9b9fcef69218,c45621d2-36f0-5f31-bd69-0e8a6c1bdc81,product,e7c66ad7-b5d3-5271-9438-d4741c6f9cbc,shortage,false,,inventory_history
2adfbf13-81fa-54de-abbc-7e4d31938b47,c45621d2-36f0-5f31-bd69-0e8a6c1bdc81,product,e7c66ad7-b5d3-5271-9438-d4741c6f9cbc,shortage,false,,inventory_history
bcabca03-a077-5b1c-8784-94ddd15d64de,c45621d2-36f0-5f31-bd69-0e8a6c1bdc81,product,e7c66ad7-b5d3-5271-9438-d4741c6f9cbc,shortage,false,,inventory_history
7265c5c5-8811-5ed0-adb0-c6ccc7ed4ca7,c45621d2-36f0-5f31-bd69-0e8a6c1bdc81,product,5e41eef3-c306-5dd1-ab8c-d305ebc7c2d5,shortage,false,,inventory_history
75012c5f-0ab3-5e1b-8450-840061c9deaa,c45621d2-36f0-5f31-bd69-0e8a6c1bdc81,product,5e41eef3-c306-5dd1-ab8c-d305ebc7c2d5,shortage,false,,inventory_history
25c0289c-ee42-5367-8d12-3f56d24892f1,c45621d2-36f0-5f31-bd69-0e8a6c1bdc81,product,4bb3265f-5fd8-5ee9-b01b-7ca5808bca6b,shortage,false,,inventory_history
06c6efc7-85b5-5b3d-9564-43c054c55d50,c45621d2-36f0-5f31-bd69-0e8a6c1bdc81,product,4bb3265f-5fd8-5ee9-b01b-7ca5808bca6b,shortage,false,,inventory_history
0679e492-bffe-5115-b3cd-84cf7a28b490,c45621d2-36f0-5f31-bd69-0e8a6c1bdc81,product,ae16db22-a7d1-5cd3-8409-669d957eb80d,shortage,false,,inventory_history
dafa2e34-e918-570f-a978-6fd49b2fb5a8,c45621d2-36f0-5f31-bd69-0e8a6c1bdc81,product,ae16db22-a7d1-5cd3-8409-669d957eb80d,shortage,false,,inventory_history
45b76f6c-d36f-58e0-a7c0-3cbf5741ff76,c45621d2-36f0-5f31-bd69-0e8a6c1bdc81,product,950c0334-92d4-54ec-b05b-35e20983883c,shortage,false,,inventory_history
02e97457-54e1-5c19-96d7-82b75b8f6a91,c45621d2-36f0-5f31-bd69-0e8a6c1bdc81,product,950c0334-92d4-54ec-b05b-35e20983883c,shortage,false,,inventory_history
2adc95fb-0802-527b-9b3a-9f4f515af0cc,c45621d2-36f0-5f31-bd69-0e8a6c1bdc81,product,950c0334-92d4-54ec-b05b-35e20983883c,shortage,true,2024-12-02 14:00:00+00,inventory_history
65a96709-fabc-5270-bead-60cd84087d67,c45621d2-36f0-5f31-bd69-0e8a6c1bdc81,product,59115f56-acf8-50f7-9dfd-c99816aa2172,shortage,false,,inventory_history
170b4d7b-c420-57c8-863a-aa914e58efbf,c45621d2-36f0-5f31-bd69-0e8a6c1bdc81,product,59115f56-acf8-50f7-9dfd-c99816aa2172,shortage,false,,inventory_history
e08ae8cb-7945-5a06-92ec-325dee49e1c5,c45621d2-36f0-5f31-bd69-0e8a6c1bdc81,product,605027f9-8c6a-5d9a-80f7-9d3d42930f12,shortage,false,,inventory_history
0f7dac44-3121-555b-9b71-c4e4ce9e0e84,c45621d2-36f0-5f31-bd69-0e8a6c1bdc81,product,605027f9-8c6a-5d9a-80f7-9d3d42930f12,shortage,false,,inventory_history
c317463e-f7fc-5b25-bfbd-c2928c0dd3ed,c45621d2-36f0-5f31-bd69-0e8a6c1bdc81,product,605027f9-8c6a-5d9a-80f7-9d3d42930f12,shortage,false,,inventory_history
68b64beb-040c-5b41-baae-f78386b033d8,c45621d2-36f0-5f31-bd69-0e8a6c1bdc81,product,a68ed02d-80a0-5ebb-a79e-1ef7c4187de5,shortage,false,,inventory_history
997be608-a48e-562a-b82b-62235bfd1d5e,c45621d2-36f0-5f31-bd69-0e8a6c1bdc81,product,a68ed02d-80a0-5ebb-a79e-1ef7c4187de5,shortage,false,,inventory_history
c9d95179-5158-5676-b3a7-f0d56e37411a,c45621d2-36f0-5f31-bd69-0e8a6c1bdc81,product,a32d3b40-78a1-5f18-8b90-4dd8cd4ea27b,shortage,false,,inventory_history
f7e89566-b567-5eb1-aa64-1a8468777a4b,c45621d2-36f0-5f31-bd69-0e8a6c1bdc81,product,a32d3b40-78a1-5f18-8b90-4dd8cd4ea27b,shortage,false,,inventory_history
c737994b-4765-5694-8202-270e61928db3,c45621d2-36f0-5f31-bd69-0e8a6c1bdc81,product,eb65b5fa-c2cb-589b-9049-2b6c7bf4d22d,shortage,false,,inventory_history
7cbe82d9-9571-5c86-81c7-1710f1a677cf,c45621d2-36f0-5f31-bd69-0e8a6c1bdc81,product,eb65b5fa-c2cb-589b-9049-2b6c7bf4d22d,shortage,false,,inventory_history
362493be-6b85-5b1e-90be-d31cd0746b27,c45621d2-36f0-5f31-bd69-0e8a6c1bdc81,product,474da520-6891-5d9b-ad56-dbc5e963bb3f,shortage,false,,inventory_history
74255a87-d6c2-5182-a812-2be39b8c02d1,c45621d2-36f0-5f31-bd69-0e8a6c1bdc81,product,474da520-6891-5d9b-ad56-dbc5e963bb3f,shortage,false,,inventory_history
97828ab7-7775-5030-84c9-81efcd2aae8c,c45621d2-36f0-5f31-bd69-0e8a6c1bdc81,product,474da520-6891-5d9b-ad56-dbc5e963bb3f,shortage,false,,inventory_history
ccd49083-fc32-516b-80b1-51efb0bdc7dc,c45621d2-36f0-5f31-bd69-0e8a6c1bdc81,product,2c21421b-d3c2-55c3-8144-0c1f6b3e4f6a,shortage,false,,inventory_history
1c30f786-a221-5a51-9d83-dad4d0a7ccc9,c45621d2-36f0-5f31-bd69-0e8a6c1bdc81,product,2c21421b-d3c2-55c3-8144-0c1f6b3e4f6a,shortage,false,,inventory_history
7ee83c8f-c969-5f83-b2af-6f6af3328da5,c45621d2-36f0-5f31-bd69-0e8a6c1bdc81,supplier,afa15ef0-34ab-58ff-ad47-8060502e5f84,impact,false,,shipment_status_history
7b3175fd-1473-51eb-9cd2-25e52fa88240,c45621d2-36f0-5f31-bd69-0e8a6c1bdc81,supplier,b3288dd6-e3cd-5ec3-a951-39986285505b,impact,false,,shipment_status_history
5e4f4373-7177-5d95-8dd4-92c28f432732,c45621d2-36f0-5f31-bd69-0e8a6c1bdc81,supplier,bed19e03-5ade-5692-8a4e-81fb3e8f965d,impact,false,,shipment_status_history
9d193b5f-d776-5e73-bfcf-0101ddf6ba8f,c45621d2-36f0-5f31-bd69-0e8a6c1bdc81,supplier,3dffa708-7186-5ce1-9e9c-96972e56f8bf,impact,false,,shipment_status_history
3c3ba2e0-6162-5fec-a8ee-d9ce21a2ac8d,c45621d2-36f0-5f31-bd69-0e8a6c1bdc81,supplier,d6589668-bf03-550c-93d5-57ece0241efc,impact,false,,shipment_status_history
0ad2f3c0-979a-55ed-8536-0684e785c3c3,c45621d2-36f0-5f31-bd69-0e8a6c1bdc81,supplier,9981b718-1ab2-586a-ac86-82ab2f6f445c,impact,false,,shipment_status_history
61dada8c-2021-5465-9ca6-2af0d48e9726,c45621d2-36f0-5f31-bd69-0e8a6c1bdc81,supplier,9df2da2e-507c-507e-b146-3af5cb0eb852,impact,false,,shipment_status_history
d3e6f167-a7a8-5457-bc8a-1f7758aa1a00,c45621d2-36f0-5f31-bd69-0e8a6c1bdc81,supplier,224ca423-2c12-5113-bbd1-50eab06cf470,impact,false,,shipment_status_history
fab9e786-495c-5d17-8719-46f3811b456d,c45621d2-36f0-5f31-bd69-0e8a6c1bdc81,supplier,960f8f6e-5384-5c35-bfda-77ba61e7822e,impact,false,,shipment_status_history
faa6d69b-65ae-573a-baf9-b08db9032e82,c45621d2-36f0-5f31-bd69-0e8a6c1bdc81,supplier,8c61a3ad-eb5d-59bc-9d10-16ddbfa7f8b0,impact,false,,shipment_status_history
52cb6047-2ef9-5917-8744-9a971ba87ebf,c45621d2-36f0-5f31-bd69-0e8a6c1bdc81,supplier,ea344b5b-a6fa-5c52-a82d-6aca1e325dfd,impact,false,,shipment_status_history
a4de952d-be15-5d37-95ac-18db9caa2a39,c45621d2-36f0-5f31-bd69-0e8a6c1bdc81,supplier,a204cedc-9bbc-5113-b524-27b81d9b9e2d,impact,false,,shipment_status_history
8eb8dcec-5826-5ee0-9457-1151fb9b5801,c45621d2-36f0-5f31-bd69-0e8a6c1bdc81,supplier,c809308b-6bd0-5e7f-8fed-63aa0be429db,impact,false,,shipment_status_history
24420ab4-16ae-51b8-8d37-191b067ae5ad,c45621d2-36f0-5f31-bd69-0e8a6c1bdc81,supplier,b518e4a1-8b14-5e0f-a7c6-0b6631fe0a5a,impact,true,,shipment_status_history
16350c17-0657-5f52-a033-56075c01b656,c45621d2-36f0-5f31-bd69-0e8a6c1bdc81,supplier,43b32e98-5a29-5473-b8a5-4357668f5f74,impact,false,,shipment_status_history
47cbe7ec-38d7-5304-b990-f0c802730f9e,c45621d2-36f0-5f31-bd69-0e8a6c1bdc81,supplier,8f1f2a54-a01e-54a1-9234-72cb24fac6ff,impact,false,,shipment_status_history
f66e23ca-d45d-564d-87de-f8c008412ec8,c45621d2-36f0-5f31-bd69-0e8a6c1bdc81,supplier,48e2fe7c-35ad-5935-824d-697bfa8226f3,impact,false,,shipment_status_history
5e63ed21-73ac-5622-88c6-a003a3e6ab46,c45621d2-36f0-5f31-bd69-0e8a6c1bdc81,supplier,f94dbc7c-8aca-554e-ad3f-4e1fa92c88e7,impact,false,,shipment_status_history
2c13160b-d303-53a4-b0a5-c638311ac379,c45621d2-36f0-5f31-bd69-0e8a6c1bdc81,supplier,f478ae52-7c2a-5617-95bb-5f296860910f,impact,false,,shipment_status_history
0038a4b1-aaa7-5744-9fed-06262557086b,c45621d2-36f0-5f31-bd69-0e8a6c1bdc81,supplier,80102db8-d5d3-5b2c-9e54-5b4fbebca6eb,impact,false,,shipment_status_history
7d42ce9d-ab87-5959-8c6c-77395082e551,c45621d2-36f0-5f31-bd69-0e8a6c1bdc81,supplier,c27afee2-997d-5290-a74e-2530422664f5,impact,false,,shipment_status_history
cb90e54a-f614-5045-a2c0-b2459fcf4f23,c45621d2-36f0-5f31-bd69-0e8a6c1bdc81,supplier,7126e422-addd-5f29-b3f2-b752caf2e66c,impact,false,,shipment_status_history
2a7dcc26-4dae-5831-afc3-519a3b9b4f3f,c45621d2-36f0-5f31-bd69-0e8a6c1bdc81,supplier,7910ac44-1e40-56bb-9ab8-d9ba56ac335c,impact,false,,shipment_status_history
814c0c6a-2e10-5529-9349-e96637ee4a9d,c45621d2-36f0-5f31-bd69-0e8a6c1bdc81,supplier,b9aec7bd-f7f9-55cb-b673-5177ddff5e0d,impact,false,,shipment_status_history
1a911b75-5dcd-5ab8-a531-f3dfdf982e2c,c45621d2-36f0-5f31-bd69-0e8a6c1bdc81,supplier,b0a44c22-e899-52ff-98a1-85dc4e254380,impact,false,,shipment_status_history
bd2c3837-1c83-5a4a-bee5-5bf82e1a1d68,c45621d2-36f0-5f31-bd69-0e8a6c1bdc81,supplier,eee4f3d5-a93a-5cf2-85cd-907416aee337,impact,false,,shipment_status_history
73bf402e-0c84-5586-91f4-adf96e9ad618,c45621d2-36f0-5f31-bd69-0e8a6c1bdc81,supplier,ce3f1829-b358-52a7-bd0e-9eb3d2d95666,impact,false,,shipment_status_history
d7c13131-00cf-5b37-a3fb-467e9037fb2c,c45621d2-36f0-5f31-bd69-0e8a6c1bdc81,supplier,1cf67535-10cf-5364-a9c7-5b0562d7a6d6,impact,false,,shipment_status_history
2c46a564-cdb9-52ec-8a7c-591e927446a1,c45621d2-36f0-5f31-bd69-0e8a6c1bdc81,supplier,b1482d47-285e-53ab-995d-cc9a8165b52c,impact,false,,shipment_status_history
ba09a8fc-322f-5207-8ee8-d86cca507e06,c45621d2-36f0-5f31-bd69-0e8a6c1bdc81,supplier,d48fc4d1-ee5a-5d55-92e3-efa651af5e0b,impact,false,,shipment_status_history
3f336968-0e32-57e7-a62b-5ce00e6b3337,c45621d2-36f0-5f31-bd69-0e8a6c1bdc81,supplier,7cff550d-7458-54fe-906b-849912e2bac5,impact,false,,shipment_status_history
5da956b2-9fe2-5159-8e6a-5e7f31a150df,c45621d2-36f0-5f31-bd69-0e8a6c1bdc81,supplier,3a67adbf-5513-5a16-82f1-1ee2075f84a5,impact,false,,shipment_status_history
3d7ed512-ce26-5921-b5a5-5685d1ea3739,c45621d2-36f0-5f31-bd69-0e8a6c1bdc81,supplier,1439fed7-3f86-5a06-ae10-6169b01a836b,impact,false,,shipment_status_history
1be22695-0e46-5a83-9f09-35eaf9b8c5dc,c45621d2-36f0-5f31-bd69-0e8a6c1bdc81,supplier,6bfe9d03-1d68-5349-a2e7-d2c71322d817,impact,false,,shipment_status_history
b28fdc42-1975-521b-a6db-df39b8bb3c79,c45621d2-36f0-5f31-bd69-0e8a6c1bdc81,supplier,bda40a80-19c9-5fe0-b729-308b0f59ad25,impact,false,,shipment_status_history
1f15cdb0-f360-5322-af43-64e2df1acb83,c45621d2-36f0-5f31-bd69-0e8a6c1bdc81,supplier,4140807d-c496-53ae-8f87-15c93cde916b,impact,false,,shipment_status_history
3d8d272f-ac18-545d-909b-ba40bd9a98cb,c45621d2-36f0-5f31-bd69-0e8a6c1bdc81,supplier,6e1d922d-415a-53d0-97d8-f4767299c10e,impact,false,,shipment_status_history
840c84fe-d32f-5319-a806-150adf53a2c3,c45621d2-36f0-5f31-bd69-0e8a6c1bdc81,supplier,f0aa8198-c2d3-59dc-b748-7bbb43f72614,impact,false,,shipment_status_history
faadb0d6-dcb2-507c-aef1-7b59c62682d4,c45621d2-36f0-5f31-bd69-0e8a6c1bdc81,supplier,9ecc4544-0aaa-5d4b-a20b-19b8dce2c71c,impact,false,,shipment_status_history
ba5822de-5de0-5c15-8b4f-0599d69c03a8,c45621d2-36f0-5f31-bd69-0e8a6c1bdc81,supplier,d56202a0-5ac9-5000-bdef-df809a781522,impact,false,,shipment_status_history
3055758d-7073-5961-bf60-b405e7bf0445,c45621d2-36f0-5f31-bd69-0e8a6c1bdc81,supplier,43b5c255-48c1-5b61-ab8b-8bc95266bb1f,impact,false,,shipment_status_history
152c5136-3094-5cf3-a011-988ab6e6fa72,c45621d2-36f0-5f31-bd69-0e8a6c1bdc81,supplier,feeb172c-57c6-5067-97db-54ddf632027a,impact,false,,shipment_status_history
b6dfb0a2-31aa-5d79-a65c-4c4c7c6062b9,c45621d2-36f0-5f31-bd69-0e8a6c1bdc81,supplier,15a4b7b5-0940-5f38-887a-51e62e07c4cf,impact,false,,shipment_status_history
a11981f4-7236-5938-88b1-736cf4521361,c45621d2-36f0-5f31-bd69-0e8a6c1bdc81,supplier,ea95a540-f662-5975-8a79-88352e65c9c4,impact,false,,shipment_status_history
cb234bc9-1ff1-5bdd-a271-5f79cda4ea12,c45621d2-36f0-5f31-bd69-0e8a6c1bdc81,supplier,09b007da-c3cd-5c90-912c-64f13e0cb7eb,impact,false,,shipment_status_history
de645ed6-6d93-5fe9-a274-1788d1214473,c45621d2-36f0-5f31-bd69-0e8a6c1bdc81,supplier,035f03a2-0aa4-54ab-b965-ffe92a15c554,impact,false,,shipment_status_history
74362256-7fca-59f9-b571-e7c41de84263,c45621d2-36f0-5f31-bd69-0e8a6c1bdc81,supplier,a080f3ab-6ea0-59f4-b082-807399acde92,impact,false,,shipment_status_history
eac68201-bc5d-50fe-8964-952f078da16f,c45621d2-36f0-5f31-bd69-0e8a6c1bdc81,supplier,962efb96-78cf-56c2-9668-d0081024f66b,impact,false,,shipment_status_history
48a4ed8e-e2d0-5139-9787-dcad27a3957f,c45621d2-36f0-5f31-bd69-0e8a6c1bdc81,supplier,d21da0bc-d1b2-5971-a037-be72ab2d0b0f,impact,false,,shipment_status_history
78a6613e-bfe8-5494-ace7-92dd36221505,c45621d2-36f0-5f31-bd69-0e8a6c1bdc81,supplier,6e4b4b02-c6c9-56a6-899b-544e87e288d9,impact,false,,shipment_status_history
